m,w,area,a,b,k,u,v,rule,physical_flips
1,1,1,0,1,1,0,0,232,1
1,1,1,1,0,1,0,0,232,1
1,2,2,0,1,1,-1,0,192,1
1,2,2,0,2,1,-1,0,192,1
1,2,2,1,0,1,-1,0,252,1
1,2,2,1,3,1,-1,0,252,1
1,2,2,2,0,1,-1,0,252,1
1,2,2,2,3,1,-1,0,252,1
1,2,2,3,1,1,-1,0,192,1
1,2,2,3,2,1,-1,0,192,1
1,2,2,0,3,1,0,0,204,2
1,2,2,3,0,1,0,0,204,2
1,2,2,0,1,1,1,0,136,1
1,2,2,0,2,1,1,0,136,1
1,2,2,1,0,1,1,0,238,1
1,2,2,1,3,1,1,0,238,1
1,2,2,2,0,1,1,0,238,1
1,2,2,2,3,1,1,0,238,1
1,2,2,3,1,1,1,0,136,1
1,2,2,3,2,1,1,0,136,1
1,2,2,0,3,2,-2,0,240,2
1,2,2,3,0,2,-2,0,240,2
1,2,2,0,1,2,0,0,128,1
1,2,2,0,2,2,0,0,128,1
1,2,2,0,3,2,0,0,204,2
1,2,2,1,0,2,0,0,254,1
1,2,2,1,3,2,0,0,254,1
1,2,2,2,0,2,0,0,254,1
1,2,2,2,3,2,0,0,254,1
1,2,2,3,0,2,0,0,204,2
1,2,2,3,1,2,0,0,128,1
1,2,2,3,2,2,0,0,128,1
1,2,2,0,3,2,2,0,170,2
1,2,2,3,0,2,2,0,170,2
1,2,2,0,3,3,-2,0,240,2
1,2,2,3,0,3,-2,0,240,2
1,2,2,0,3,3,0,0,204,2
1,2,2,3,0,3,0,0,204,2
1,2,2,0,3,3,2,0,170,2
1,2,2,3,0,3,2,0,170,2
1,3,3,0,1,1,-1,0,0,1
1,3,3,0,2,1,-1,0,0,1
1,3,3,0,4,1,-1,0,0,1
1,3,3,1,0,1,-1,0,255,1
1,3,3,2,0,1,-1,0,255,1
1,3,3,3,7,1,-1,0,255,1
1,3,3,4,0,1,-1,0,255,1
1,3,3,5,7,1,-1,0,255,1
1,3,3,6,7,1,-1,0,255,1
1,3,3,7,3,1,-1,0,0,1
1,3,3,7,5,1,-1,0,0,1
1,3,3,7,6,1,-1,0,0,1
1,3,3,0,1,1,0,0,0,1
1,3,3,0,2,1,0,0,0,1
1,3,3,0,4,1,0,0,0,1
1,3,3,0,7,1,0,0,204,3
1,3,3,1,0,1,0,0,255,1
1,3,3,2,0,1,0,0,255,1
1,3,3,3,7,1,0,0,255,1
1,3,3,4,0,1,0,0,255,1
1,3,3,5,7,1,0,0,255,1
1,3,3,6,7,1,0,0,255,1
1,3,3,7,0,1,0,0,204,3
1,3,3,7,3,1,0,0,0,1
1,3,3,7,5,1,0,0,0,1
1,3,3,7,6,1,0,0,0,1
1,3,3,0,1,1,1,0,0,1
1,3,3,0,2,1,1,0,0,1
1,3,3,0,4,1,1,0,0,1
1,3,3,1,0,1,1,0,255,1
1,3,3,2,0,1,1,0,255,1
1,3,3,3,7,1,1,0,255,1
1,3,3,4,0,1,1,0,255,1
1,3,3,5,7,1,1,0,255,1
1,3,3,6,7,1,1,0,255,1
1,3,3,7,3,1,1,0,0,1
1,3,3,7,5,1,1,0,0,1
1,3,3,7,6,1,1,0,0,1
1,3,3,0,1,2,-2,0,0,1
1,3,3,0,2,2,-2,0,0,1
1,3,3,0,4,2,-2,0,0,1
1,3,3,1,0,2,-2,0,255,1
1,3,3,2,0,2,-2,0,255,1
1,3,3,3,7,2,-2,0,255,1
1,3,3,4,0,2,-2,0,255,1
1,3,3,5,7,2,-2,0,255,1
1,3,3,6,7,2,-2,0,255,1
1,3,3,7,3,2,-2,0,0,1
1,3,3,7,5,2,-2,0,0,1
1,3,3,7,6,2,-2,0,0,1
1,3,3,0,1,2,-1,0,0,1
1,3,3,0,2,2,-1,0,0,1
1,3,3,0,4,2,-1,0,0,1
1,3,3,1,0,2,-1,0,255,1
1,3,3,2,0,2,-1,0,255,1
1,3,3,3,7,2,-1,0,255,1
1,3,3,4,0,2,-1,0,255,1
1,3,3,5,7,2,-1,0,255,1
1,3,3,6,7,2,-1,0,255,1
1,3,3,7,3,2,-1,0,0,1
1,3,3,7,5,2,-1,0,0,1
1,3,3,7,6,2,-1,0,0,1
1,3,3,0,1,2,0,0,0,1
1,3,3,0,2,2,0,0,0,1
1,3,3,0,4,2,0,0,0,1
1,3,3,0,7,2,0,0,204,3
1,3,3,1,0,2,0,0,255,1
1,3,3,2,0,2,0,0,255,1
1,3,3,3,7,2,0,0,255,1
1,3,3,4,0,2,0,0,255,1
1,3,3,5,7,2,0,0,255,1
1,3,3,6,7,2,0,0,255,1
1,3,3,7,0,2,0,0,204,3
1,3,3,7,3,2,0,0,0,1
1,3,3,7,5,2,0,0,0,1
1,3,3,7,6,2,0,0,0,1
1,3,3,0,1,2,1,0,0,1
1,3,3,0,2,2,1,0,0,1
1,3,3,0,4,2,1,0,0,1
1,3,3,1,0,2,1,0,255,1
1,3,3,2,0,2,1,0,255,1
1,3,3,3,7,2,1,0,255,1
1,3,3,4,0,2,1,0,255,1
1,3,3,5,7,2,1,0,255,1
1,3,3,6,7,2,1,0,255,1
1,3,3,7,3,2,1,0,0,1
1,3,3,7,5,2,1,0,0,1
1,3,3,7,6,2,1,0,0,1
1,3,3,0,1,2,2,0,0,1
1,3,3,0,2,2,2,0,0,1
1,3,3,0,4,2,2,0,0,1
1,3,3,1,0,2,2,0,255,1
1,3,3,2,0,2,2,0,255,1
1,3,3,3,7,2,2,0,255,1
1,3,3,4,0,2,2,0,255,1
1,3,3,5,7,2,2,0,255,1
1,3,3,6,7,2,2,0,255,1
1,3,3,7,3,2,2,0,0,1
1,3,3,7,5,2,2,0,0,1
1,3,3,7,6,2,2,0,0,1
1,3,3,0,1,3,-3,0,0,1
1,3,3,0,2,3,-3,0,0,1
1,3,3,0,4,3,-3,0,0,1
1,3,3,0,7,3,-3,0,240,3
1,3,3,1,0,3,-3,0,255,1
1,3,3,2,0,3,-3,0,255,1
1,3,3,3,7,3,-3,0,255,1
1,3,3,4,0,3,-3,0,255,1
1,3,3,5,7,3,-3,0,255,1
1,3,3,6,7,3,-3,0,255,1
1,3,3,7,0,3,-3,0,240,3
1,3,3,7,3,3,-3,0,0,1
1,3,3,7,5,3,-3,0,0,1
1,3,3,7,6,3,-3,0,0,1
1,3,3,0,1,3,-2,0,0,1
1,3,3,0,2,3,-2,0,0,1
1,3,3,0,4,3,-2,0,0,1
1,3,3,1,0,3,-2,0,255,1
1,3,3,2,0,3,-2,0,255,1
1,3,3,3,7,3,-2,0,255,1
1,3,3,4,0,3,-2,0,255,1
1,3,3,5,7,3,-2,0,255,1
1,3,3,6,7,3,-2,0,255,1
1,3,3,7,3,3,-2,0,0,1
1,3,3,7,5,3,-2,0,0,1
1,3,3,7,6,3,-2,0,0,1
1,3,3,0,1,3,-1,0,0,1
1,3,3,0,2,3,-1,0,0,1
1,3,3,0,4,3,-1,0,0,1
1,3,3,1,0,3,-1,0,255,1
1,3,3,2,0,3,-1,0,255,1
1,3,3,3,7,3,-1,0,255,1
1,3,3,4,0,3,-1,0,255,1
1,3,3,5,7,3,-1,0,255,1
1,3,3,6,7,3,-1,0,255,1
1,3,3,7,3,3,-1,0,0,1
1,3,3,7,5,3,-1,0,0,1
1,3,3,7,6,3,-1,0,0,1
1,3,3,0,1,3,0,0,0,1
1,3,3,0,2,3,0,0,0,1
1,3,3,0,4,3,0,0,0,1
1,3,3,0,7,3,0,0,204,3
1,3,3,1,0,3,0,0,255,1
1,3,3,2,0,3,0,0,255,1
1,3,3,3,7,3,0,0,255,1
1,3,3,4,0,3,0,0,255,1
1,3,3,5,7,3,0,0,255,1
1,3,3,6,7,3,0,0,255,1
1,3,3,7,0,3,0,0,204,3
1,3,3,7,3,3,0,0,0,1
1,3,3,7,5,3,0,0,0,1
1,3,3,7,6,3,0,0,0,1
1,3,3,0,1,3,1,0,0,1
1,3,3,0,2,3,1,0,0,1
1,3,3,0,4,3,1,0,0,1
1,3,3,1,0,3,1,0,255,1
1,3,3,2,0,3,1,0,255,1
1,3,3,3,7,3,1,0,255,1
1,3,3,4,0,3,1,0,255,1
1,3,3,5,7,3,1,0,255,1
1,3,3,6,7,3,1,0,255,1
1,3,3,7,3,3,1,0,0,1
1,3,3,7,5,3,1,0,0,1
1,3,3,7,6,3,1,0,0,1
1,3,3,0,1,3,2,0,0,1
1,3,3,0,2,3,2,0,0,1
1,3,3,0,4,3,2,0,0,1
1,3,3,1,0,3,2,0,255,1
1,3,3,2,0,3,2,0,255,1
1,3,3,3,7,3,2,0,255,1
1,3,3,4,0,3,2,0,255,1
1,3,3,5,7,3,2,0,255,1
1,3,3,6,7,3,2,0,255,1
1,3,3,7,3,3,2,0,0,1
1,3,3,7,5,3,2,0,0,1
1,3,3,7,6,3,2,0,0,1
1,3,3,0,1,3,3,0,0,1
1,3,3,0,2,3,3,0,0,1
1,3,3,0,4,3,3,0,0,1
1,3,3,0,7,3,3,0,170,3
1,3,3,1,0,3,3,0,255,1
1,3,3,2,0,3,3,0,255,1
1,3,3,3,7,3,3,0,255,1
1,3,3,4,0,3,3,0,255,1
1,3,3,5,7,3,3,0,255,1
1,3,3,6,7,3,3,0,255,1
1,3,3,7,0,3,3,0,170,3
1,3,3,7,3,3,3,0,0,1
1,3,3,7,5,3,3,0,0,1
1,3,3,7,6,3,3,0,0,1
1,4,4,0,1,1,-1,0,0,1
1,4,4,0,2,1,-1,0,0,1
1,4,4,0,4,1,-1,0,0,1
1,4,4,0,8,1,-1,0,0,1
1,4,4,1,0,1,-1,0,255,1
1,4,4,2,0,1,-1,0,255,1
1,4,4,4,0,1,-1,0,255,1
1,4,4,7,15,1,-1,0,255,1
1,4,4,8,0,1,-1,0,255,1
1,4,4,11,15,1,-1,0,255,1
1,4,4,13,15,1,-1,0,255,1
1,4,4,14,15,1,-1,0,255,1
1,4,4,15,7,1,-1,0,0,1
1,4,4,15,11,1,-1,0,0,1
1,4,4,15,13,1,-1,0,0,1
1,4,4,15,14,1,-1,0,0,1
1,4,4,0,1,1,0,0,0,1
1,4,4,0,2,1,0,0,0,1
1,4,4,0,3,1,0,0,204,2
1,4,4,0,4,1,0,0,0,1
1,4,4,0,6,1,0,0,204,2
1,4,4,0,8,1,0,0,0,1
1,4,4,0,12,1,0,0,204,2
1,4,4,0,15,1,0,0,204,4
1,4,4,1,0,1,0,0,255,1
1,4,4,2,0,1,0,0,255,1
1,4,4,3,0,1,0,0,204,2
1,4,4,3,12,1,0,0,204,4
1,4,4,3,15,1,0,0,204,2
1,4,4,4,0,1,0,0,255,1
1,4,4,6,0,1,0,0,204,2
1,4,4,7,15,1,0,0,255,1
1,4,4,8,0,1,0,0,255,1
1,4,4,9,15,1,0,0,204,2
1,4,4,11,15,1,0,0,255,1
1,4,4,12,0,1,0,0,204,2
1,4,4,12,3,1,0,0,204,4
1,4,4,12,15,1,0,0,204,2
1,4,4,13,15,1,0,0,255,1
1,4,4,14,15,1,0,0,255,1
1,4,4,15,0,1,0,0,204,4
1,4,4,15,3,1,0,0,204,2
1,4,4,15,7,1,0,0,0,1
1,4,4,15,9,1,0,0,204,2
1,4,4,15,11,1,0,0,0,1
1,4,4,15,12,1,0,0,204,2
1,4,4,15,13,1,0,0,0,1
1,4,4,15,14,1,0,0,0,1
1,4,4,0,1,1,1,0,0,1
1,4,4,0,2,1,1,0,0,1
1,4,4,0,4,1,1,0,0,1
1,4,4,0,8,1,1,0,0,1
1,4,4,1,0,1,1,0,255,1
1,4,4,2,0,1,1,0,255,1
1,4,4,4,0,1,1,0,255,1
1,4,4,7,15,1,1,0,255,1
1,4,4,8,0,1,1,0,255,1
1,4,4,11,15,1,1,0,255,1
1,4,4,13,15,1,1,0,255,1
1,4,4,14,15,1,1,0,255,1
1,4,4,15,7,1,1,0,0,1
1,4,4,15,11,1,1,0,0,1
1,4,4,15,13,1,1,0,0,1
1,4,4,15,14,1,1,0,0,1
1,4,4,0,1,2,-2,0,0,1
1,4,4,0,2,2,-2,0,0,1
1,4,4,0,4,2,-2,0,0,1
1,4,4,0,5,2,-2,0,192,2
1,4,4,0,8,2,-2,0,0,1
1,4,4,0,10,2,-2,0,192,2
1,4,4,1,0,2,-2,0,255,1
1,4,4,2,0,2,-2,0,255,1
1,4,4,4,0,2,-2,0,255,1
1,4,4,5,0,2,-2,0,252,2
1,4,4,5,15,2,-2,0,252,2
1,4,4,7,15,2,-2,0,255,1
1,4,4,8,0,2,-2,0,255,1
1,4,4,10,0,2,-2,0,252,2
1,4,4,10,15,2,-2,0,252,2
1,4,4,11,15,2,-2,0,255,1
1,4,4,13,15,2,-2,0,255,1
1,4,4,14,15,2,-2,0,255,1
1,4,4,15,5,2,-2,0,192,2
1,4,4,15,7,2,-2,0,0,1
1,4,4,15,10,2,-2,0,192,2
1,4,4,15,11,2,-2,0,0,1
1,4,4,15,13,2,-2,0,0,1
1,4,4,15,14,2,-2,0,0,1
1,4,4,0,1,2,-1,0,0,1
1,4,4,0,2,2,-1,0,0,1
1,4,4,0,4,2,-1,0,0,1
1,4,4,0,8,2,-1,0,0,1
1,4,4,1,0,2,-1,0,255,1
1,4,4,2,0,2,-1,0,255,1
1,4,4,4,0,2,-1,0,255,1
1,4,4,7,15,2,-1,0,255,1
1,4,4,8,0,2,-1,0,255,1
1,4,4,11,15,2,-1,0,255,1
1,4,4,13,15,2,-1,0,255,1
1,4,4,14,15,2,-1,0,255,1
1,4,4,15,7,2,-1,0,0,1
1,4,4,15,11,2,-1,0,0,1
1,4,4,15,13,2,-1,0,0,1
1,4,4,15,14,2,-1,0,0,1
1,4,4,0,1,2,0,0,0,1
1,4,4,0,2,2,0,0,0,1
1,4,4,0,3,2,0,0,204,2
1,4,4,0,4,2,0,0,0,1
1,4,4,0,6,2,0,0,204,2
1,4,4,0,8,2,0,0,0,1
1,4,4,0,12,2,0,0,204,2
1,4,4,0,15,2,0,0,204,4
1,4,4,1,0,2,0,0,255,1
1,4,4,2,0,2,0,0,255,1
1,4,4,3,0,2,0,0,204,2
1,4,4,3,12,2,0,0,204,4
1,4,4,3,15,2,0,0,204,2
1,4,4,4,0,2,0,0,255,1
1,4,4,6,0,2,0,0,204,2
1,4,4,7,15,2,0,0,255,1
1,4,4,8,0,2,0,0,255,1
1,4,4,9,15,2,0,0,204,2
1,4,4,11,15,2,0,0,255,1
1,4,4,12,0,2,0,0,204,2
1,4,4,12,3,2,0,0,204,4
1,4,4,12,15,2,0,0,204,2
1,4,4,13,15,2,0,0,255,1
1,4,4,14,15,2,0,0,255,1
1,4,4,15,0,2,0,0,204,4
1,4,4,15,3,2,0,0,204,2
1,4,4,15,7,2,0,0,0,1
1,4,4,15,9,2,0,0,204,2
1,4,4,15,11,2,0,0,0,1
1,4,4,15,12,2,0,0,204,2
1,4,4,15,13,2,0,0,0,1
1,4,4,15,14,2,0,0,0,1
1,4,4,0,1,2,1,0,0,1
1,4,4,0,2,2,1,0,0,1
1,4,4,0,4,2,1,0,0,1
1,4,4,0,8,2,1,0,0,1
1,4,4,1,0,2,1,0,255,1
1,4,4,2,0,2,1,0,255,1
1,4,4,4,0,2,1,0,255,1
1,4,4,7,15,2,1,0,255,1
1,4,4,8,0,2,1,0,255,1
1,4,4,11,15,2,1,0,255,1
1,4,4,13,15,2,1,0,255,1
1,4,4,14,15,2,1,0,255,1
1,4,4,15,7,2,1,0,0,1
1,4,4,15,11,2,1,0,0,1
1,4,4,15,13,2,1,0,0,1
1,4,4,15,14,2,1,0,0,1
1,4,4,0,1,2,2,0,0,1
1,4,4,0,2,2,2,0,0,1
1,4,4,0,4,2,2,0,0,1
1,4,4,0,5,2,2,0,136,2
1,4,4,0,8,2,2,0,0,1
1,4,4,0,10,2,2,0,136,2
1,4,4,1,0,2,2,0,255,1
1,4,4,2,0,2,2,0,255,1
1,4,4,4,0,2,2,0,255,1
1,4,4,5,0,2,2,0,238,2
1,4,4,5,15,2,2,0,238,2
1,4,4,7,15,2,2,0,255,1
1,4,4,8,0,2,2,0,255,1
1,4,4,10,0,2,2,0,238,2
1,4,4,10,15,2,2,0,238,2
1,4,4,11,15,2,2,0,255,1
1,4,4,13,15,2,2,0,255,1
1,4,4,14,15,2,2,0,255,1
1,4,4,15,5,2,2,0,136,2
1,4,4,15,7,2,2,0,0,1
1,4,4,15,10,2,2,0,136,2
1,4,4,15,11,2,2,0,0,1
1,4,4,15,13,2,2,0,0,1
1,4,4,15,14,2,2,0,0,1
1,4,4,0,1,3,-3,0,0,1
1,4,4,0,2,3,-3,0,0,1
1,4,4,0,4,3,-3,0,0,1
1,4,4,0,8,3,-3,0,0,1
1,4,4,1,0,3,-3,0,255,1
1,4,4,2,0,3,-3,0,255,1
1,4,4,4,0,3,-3,0,255,1
1,4,4,7,15,3,-3,0,255,1
1,4,4,8,0,3,-3,0,255,1
1,4,4,11,15,3,-3,0,255,1
1,4,4,13,15,3,-3,0,255,1
1,4,4,14,15,3,-3,0,255,1
1,4,4,15,7,3,-3,0,0,1
1,4,4,15,11,3,-3,0,0,1
1,4,4,15,13,3,-3,0,0,1
1,4,4,15,14,3,-3,0,0,1
1,4,4,0,1,3,-2,0,0,1
1,4,4,0,2,3,-2,0,0,1
1,4,4,0,4,3,-2,0,0,1
1,4,4,0,8,3,-2,0,0,1
1,4,4,1,0,3,-2,0,255,1
1,4,4,2,0,3,-2,0,255,1
1,4,4,4,0,3,-2,0,255,1
1,4,4,7,15,3,-2,0,255,1
1,4,4,8,0,3,-2,0,255,1
1,4,4,11,15,3,-2,0,255,1
1,4,4,13,15,3,-2,0,255,1
1,4,4,14,15,3,-2,0,255,1
1,4,4,15,7,3,-2,0,0,1
1,4,4,15,11,3,-2,0,0,1
1,4,4,15,13,3,-2,0,0,1
1,4,4,15,14,3,-2,0,0,1
1,4,4,0,1,3,-1,0,0,1
1,4,4,0,2,3,-1,0,0,1
1,4,4,0,4,3,-1,0,0,1
1,4,4,0,8,3,-1,0,0,1
1,4,4,1,0,3,-1,0,255,1
1,4,4,2,0,3,-1,0,255,1
1,4,4,4,0,3,-1,0,255,1
1,4,4,7,15,3,-1,0,255,1
1,4,4,8,0,3,-1,0,255,1
1,4,4,11,15,3,-1,0,255,1
1,4,4,13,15,3,-1,0,255,1
1,4,4,14,15,3,-1,0,255,1
1,4,4,15,7,3,-1,0,0,1
1,4,4,15,11,3,-1,0,0,1
1,4,4,15,13,3,-1,0,0,1
1,4,4,15,14,3,-1,0,0,1
1,4,4,0,1,3,0,0,0,1
1,4,4,0,2,3,0,0,0,1
1,4,4,0,3,3,0,0,204,2
1,4,4,0,4,3,0,0,0,1
1,4,4,0,6,3,0,0,204,2
1,4,4,0,8,3,0,0,0,1
1,4,4,0,12,3,0,0,204,2
1,4,4,0,15,3,0,0,204,4
1,4,4,1,0,3,0,0,255,1
1,4,4,2,0,3,0,0,255,1
1,4,4,3,0,3,0,0,204,2
1,4,4,3,12,3,0,0,204,4
1,4,4,3,15,3,0,0,204,2
1,4,4,4,0,3,0,0,255,1
1,4,4,6,0,3,0,0,204,2
1,4,4,7,15,3,0,0,255,1
1,4,4,8,0,3,0,0,255,1
1,4,4,9,15,3,0,0,204,2
1,4,4,11,15,3,0,0,255,1
1,4,4,12,0,3,0,0,204,2
1,4,4,12,3,3,0,0,204,4
1,4,4,12,15,3,0,0,204,2
1,4,4,13,15,3,0,0,255,1
1,4,4,14,15,3,0,0,255,1
1,4,4,15,0,3,0,0,204,4
1,4,4,15,3,3,0,0,204,2
1,4,4,15,7,3,0,0,0,1
1,4,4,15,9,3,0,0,204,2
1,4,4,15,11,3,0,0,0,1
1,4,4,15,12,3,0,0,204,2
1,4,4,15,13,3,0,0,0,1
1,4,4,15,14,3,0,0,0,1
1,4,4,0,1,3,1,0,0,1
1,4,4,0,2,3,1,0,0,1
1,4,4,0,4,3,1,0,0,1
1,4,4,0,8,3,1,0,0,1
1,4,4,1,0,3,1,0,255,1
1,4,4,2,0,3,1,0,255,1
1,4,4,4,0,3,1,0,255,1
1,4,4,7,15,3,1,0,255,1
1,4,4,8,0,3,1,0,255,1
1,4,4,11,15,3,1,0,255,1
1,4,4,13,15,3,1,0,255,1
1,4,4,14,15,3,1,0,255,1
1,4,4,15,7,3,1,0,0,1
1,4,4,15,11,3,1,0,0,1
1,4,4,15,13,3,1,0,0,1
1,4,4,15,14,3,1,0,0,1
1,4,4,0,1,3,2,0,0,1
1,4,4,0,2,3,2,0,0,1
1,4,4,0,4,3,2,0,0,1
1,4,4,0,8,3,2,0,0,1
1,4,4,1,0,3,2,0,255,1
1,4,4,2,0,3,2,0,255,1
1,4,4,4,0,3,2,0,255,1
1,4,4,7,15,3,2,0,255,1
1,4,4,8,0,3,2,0,255,1
1,4,4,11,15,3,2,0,255,1
1,4,4,13,15,3,2,0,255,1
1,4,4,14,15,3,2,0,255,1
1,4,4,15,7,3,2,0,0,1
1,4,4,15,11,3,2,0,0,1
1,4,4,15,13,3,2,0,0,1
1,4,4,15,14,3,2,0,0,1
1,4,4,0,1,3,3,0,0,1
1,4,4,0,2,3,3,0,0,1
1,4,4,0,4,3,3,0,0,1
1,4,4,0,8,3,3,0,0,1
1,4,4,1,0,3,3,0,255,1
1,4,4,2,0,3,3,0,255,1
1,4,4,4,0,3,3,0,255,1
1,4,4,7,15,3,3,0,255,1
1,4,4,8,0,3,3,0,255,1
1,4,4,11,15,3,3,0,255,1
1,4,4,13,15,3,3,0,255,1
1,4,4,14,15,3,3,0,255,1
1,4,4,15,7,3,3,0,0,1
1,4,4,15,11,3,3,0,0,1
1,4,4,15,13,3,3,0,0,1
1,4,4,15,14,3,3,0,0,1
1,5,5,0,1,1,-1,0,0,1
1,5,5,0,2,1,-1,0,0,1
1,5,5,0,4,1,-1,0,0,1
1,5,5,0,8,1,-1,0,0,1
1,5,5,0,16,1,-1,0,0,1
1,5,5,1,0,1,-1,0,255,1
1,5,5,2,0,1,-1,0,255,1
1,5,5,4,0,1,-1,0,255,1
1,5,5,8,0,1,-1,0,255,1
1,5,5,15,31,1,-1,0,255,1
1,5,5,16,0,1,-1,0,255,1
1,5,5,23,31,1,-1,0,255,1
1,5,5,27,31,1,-1,0,255,1
1,5,5,29,31,1,-1,0,255,1
1,5,5,30,31,1,-1,0,255,1
1,5,5,31,15,1,-1,0,0,1
1,5,5,31,23,1,-1,0,0,1
1,5,5,31,27,1,-1,0,0,1
1,5,5,31,29,1,-1,0,0,1
1,5,5,31,30,1,-1,0,0,1
1,5,5,0,1,1,0,0,0,1
1,5,5,0,2,1,0,0,0,1
1,5,5,0,3,1,0,0,204,2
1,5,5,0,4,1,0,0,0,1
1,5,5,0,6,1,0,0,204,2
1,5,5,0,7,1,0,0,204,3
1,5,5,0,8,1,0,0,0,1
1,5,5,0,12,1,0,0,204,2
1,5,5,0,14,1,0,0,204,3
1,5,5,0,16,1,0,0,0,1
1,5,5,0,24,1,0,0,204,2
1,5,5,0,28,1,0,0,204,3
1,5,5,0,31,1,0,0,204,5
1,5,5,1,0,1,0,0,255,1
1,5,5,2,0,1,0,0,255,1
1,5,5,3,0,1,0,0,204,2
1,5,5,3,6,1,0,0,204,2
1,5,5,3,7,1,0,0,204,1
1,5,5,3,19,1,0,0,204,1
1,5,5,3,24,1,0,0,204,4
1,5,5,3,28,1,0,0,204,5
1,5,5,3,31,1,0,0,204,3
1,5,5,4,0,1,0,0,255,1
1,5,5,6,0,1,0,0,204,2
1,5,5,6,3,1,0,0,204,2
1,5,5,6,7,1,0,0,204,1
1,5,5,6,12,1,0,0,204,2
1,5,5,6,14,1,0,0,204,1
1,5,5,7,0,1,0,0,204,3
1,5,5,7,3,1,0,0,204,1
1,5,5,7,6,1,0,0,204,1
1,5,5,7,19,1,0,0,204,2
1,5,5,7,24,1,0,0,204,5
1,5,5,7,28,1,0,0,204,4
1,5,5,7,31,1,0,0,204,2
1,5,5,8,0,1,0,0,255,1
1,5,5,12,0,1,0,0,204,2
1,5,5,12,6,1,0,0,204,2
1,5,5,12,14,1,0,0,204,1
1,5,5,12,24,1,0,0,204,2
1,5,5,12,28,1,0,0,204,1
1,5,5,14,0,1,0,0,204,3
1,5,5,14,6,1,0,0,204,1
1,5,5,14,12,1,0,0,204,1
1,5,5,15,31,1,0,0,255,1
1,5,5,16,0,1,0,0,255,1
1,5,5,17,19,1,0,0,204,1
1,5,5,17,25,1,0,0,204,1
1,5,5,17,31,1,0,0,204,3
1,5,5,19,3,1,0,0,204,1
1,5,5,19,7,1,0,0,204,2
1,5,5,19,17,1,0,0,204,1
1,5,5,19,25,1,0,0,204,2
1,5,5,19,31,1,0,0,204,2
1,5,5,23,31,1,0,0,255,1
1,5,5,24,0,1,0,0,204,2
1,5,5,24,3,1,0,0,204,4
1,5,5,24,7,1,0,0,204,5
1,5,5,24,12,1,0,0,204,2
1,5,5,24,25,1,0,0,204,1
1,5,5,24,28,1,0,0,204,1
1,5,5,24,31,1,0,0,204,3
1,5,5,25,17,1,0,0,204,1
1,5,5,25,19,1,0,0,204,2
1,5,5,25,24,1,0,0,204,1
1,5,5,25,28,1,0,0,204,2
1,5,5,25,31,1,0,0,204,2
1,5,5,27,31,1,0,0,255,1
1,5,5,28,0,1,0,0,204,3
1,5,5,28,3,1,0,0,204,5
1,5,5,28,7,1,0,0,204,4
1,5,5,28,12,1,0,0,204,1
1,5,5,28,24,1,0,0,204,1
1,5,5,28,25,1,0,0,204,2
1,5,5,28,31,1,0,0,204,2
1,5,5,29,31,1,0,0,255,1
1,5,5,30,31,1,0,0,255,1
1,5,5,31,0,1,0,0,204,5
1,5,5,31,3,1,0,0,204,3
1,5,5,31,7,1,0,0,204,2
1,5,5,31,15,1,0,0,0,1
1,5,5,31,17,1,0,0,204,3
1,5,5,31,19,1,0,0,204,2
1,5,5,31,23,1,0,0,0,1
1,5,5,31,24,1,0,0,204,3
1,5,5,31,25,1,0,0,204,2
1,5,5,31,27,1,0,0,0,1
1,5,5,31,28,1,0,0,204,2
1,5,5,31,29,1,0,0,0,1
1,5,5,31,30,1,0,0,0,1
1,5,5,0,1,1,1,0,0,1
1,5,5,0,2,1,1,0,0,1
1,5,5,0,4,1,1,0,0,1
1,5,5,0,8,1,1,0,0,1
1,5,5,0,16,1,1,0,0,1
1,5,5,1,0,1,1,0,255,1
1,5,5,2,0,1,1,0,255,1
1,5,5,4,0,1,1,0,255,1
1,5,5,8,0,1,1,0,255,1
1,5,5,15,31,1,1,0,255,1
1,5,5,16,0,1,1,0,255,1
1,5,5,23,31,1,1,0,255,1
1,5,5,27,31,1,1,0,255,1
1,5,5,29,31,1,1,0,255,1
1,5,5,30,31,1,1,0,255,1
1,5,5,31,15,1,1,0,0,1
1,5,5,31,23,1,1,0,0,1
1,5,5,31,27,1,1,0,0,1
1,5,5,31,29,1,1,0,0,1
1,5,5,31,30,1,1,0,0,1
1,5,5,0,1,2,-2,0,0,1
1,5,5,0,2,2,-2,0,0,1
1,5,5,0,4,2,-2,0,0,1
1,5,5,0,5,2,-2,0,0,2
1,5,5,0,8,2,-2,0,0,1
1,5,5,0,9,2,-2,0,0,2
1,5,5,0,10,2,-2,0,0,2
1,5,5,0,16,2,-2,0,0,1
1,5,5,0,18,2,-2,0,0,2
1,5,5,0,20,2,-2,0,0,2
1,5,5,1,0,2,-2,0,255,1
1,5,5,2,0,2,-2,0,255,1
1,5,5,4,0,2,-2,0,255,1
1,5,5,5,0,2,-2,0,255,2
1,5,5,8,0,2,-2,0,255,1
1,5,5,9,0,2,-2,0,255,2
1,5,5,10,0,2,-2,0,255,2
1,5,5,11,31,2,-2,0,255,2
1,5,5,13,31,2,-2,0,255,2
1,5,5,15,31,2,-2,0,255,1
1,5,5,16,0,2,-2,0,255,1
1,5,5,18,0,2,-2,0,255,2
1,5,5,20,0,2,-2,0,255,2
1,5,5,21,31,2,-2,0,255,2
1,5,5,22,31,2,-2,0,255,2
1,5,5,23,31,2,-2,0,255,1
1,5,5,26,31,2,-2,0,255,2
1,5,5,27,31,2,-2,0,255,1
1,5,5,29,31,2,-2,0,255,1
1,5,5,30,31,2,-2,0,255,1
1,5,5,31,11,2,-2,0,0,2
1,5,5,31,13,2,-2,0,0,2
1,5,5,31,15,2,-2,0,0,1
1,5,5,31,21,2,-2,0,0,2
1,5,5,31,22,2,-2,0,0,2
1,5,5,31,23,2,-2,0,0,1
1,5,5,31,26,2,-2,0,0,2
1,5,5,31,27,2,-2,0,0,1
1,5,5,31,29,2,-2,0,0,1
1,5,5,31,30,2,-2,0,0,1
1,5,5,0,1,2,-1,0,0,1
1,5,5,0,2,2,-1,0,0,1
1,5,5,0,4,2,-1,0,0,1
1,5,5,0,5,2,-1,0,0,2
1,5,5,0,8,2,-1,0,0,1
1,5,5,0,9,2,-1,0,0,2
1,5,5,0,10,2,-1,0,0,2
1,5,5,0,16,2,-1,0,0,1
1,5,5,0,18,2,-1,0,0,2
1,5,5,0,20,2,-1,0,0,2
1,5,5,1,0,2,-1,0,255,1
1,5,5,2,0,2,-1,0,255,1
1,5,5,4,0,2,-1,0,255,1
1,5,5,5,0,2,-1,0,255,2
1,5,5,8,0,2,-1,0,255,1
1,5,5,9,0,2,-1,0,255,2
1,5,5,10,0,2,-1,0,255,2
1,5,5,11,31,2,-1,0,255,2
1,5,5,13,31,2,-1,0,255,2
1,5,5,15,31,2,-1,0,255,1
1,5,5,16,0,2,-1,0,255,1
1,5,5,18,0,2,-1,0,255,2
1,5,5,20,0,2,-1,0,255,2
1,5,5,21,31,2,-1,0,255,2
1,5,5,22,31,2,-1,0,255,2
1,5,5,23,31,2,-1,0,255,1
1,5,5,26,31,2,-1,0,255,2
1,5,5,27,31,2,-1,0,255,1
1,5,5,29,31,2,-1,0,255,1
1,5,5,30,31,2,-1,0,255,1
1,5,5,31,11,2,-1,0,0,2
1,5,5,31,13,2,-1,0,0,2
1,5,5,31,15,2,-1,0,0,1
1,5,5,31,21,2,-1,0,0,2
1,5,5,31,22,2,-1,0,0,2
1,5,5,31,23,2,-1,0,0,1
1,5,5,31,26,2,-1,0,0,2
1,5,5,31,27,2,-1,0,0,1
1,5,5,31,29,2,-1,0,0,1
1,5,5,31,30,2,-1,0,0,1
1,5,5,0,1,2,0,0,0,1
1,5,5,0,2,2,0,0,0,1
1,5,5,0,3,2,0,0,204,2
1,5,5,0,4,2,0,0,0,1
1,5,5,0,5,2,0,0,0,2
1,5,5,0,6,2,0,0,204,2
1,5,5,0,7,2,0,0,204,3
1,5,5,0,8,2,0,0,0,1
1,5,5,0,9,2,0,0,0,2
1,5,5,0,10,2,0,0,0,2
1,5,5,0,12,2,0,0,204,2
1,5,5,0,14,2,0,0,204,3
1,5,5,0,16,2,0,0,0,1
1,5,5,0,18,2,0,0,0,2
1,5,5,0,20,2,0,0,0,2
1,5,5,0,24,2,0,0,204,2
1,5,5,0,28,2,0,0,204,3
1,5,5,0,31,2,0,0,204,5
1,5,5,1,0,2,0,0,255,1
1,5,5,2,0,2,0,0,255,1
1,5,5,3,0,2,0,0,204,2
1,5,5,3,6,2,0,0,204,2
1,5,5,3,7,2,0,0,204,1
1,5,5,3,19,2,0,0,204,1
1,5,5,3,24,2,0,0,204,4
1,5,5,3,28,2,0,0,204,5
1,5,5,3,31,2,0,0,204,3
1,5,5,4,0,2,0,0,255,1
1,5,5,5,0,2,0,0,255,2
1,5,5,6,0,2,0,0,204,2
1,5,5,6,3,2,0,0,204,2
1,5,5,6,7,2,0,0,204,1
1,5,5,6,12,2,0,0,204,2
1,5,5,6,14,2,0,0,204,1
1,5,5,7,0,2,0,0,204,3
1,5,5,7,3,2,0,0,204,1
1,5,5,7,6,2,0,0,204,1
1,5,5,7,19,2,0,0,204,2
1,5,5,7,24,2,0,0,204,5
1,5,5,7,28,2,0,0,204,4
1,5,5,7,31,2,0,0,204,2
1,5,5,8,0,2,0,0,255,1
1,5,5,9,0,2,0,0,255,2
1,5,5,10,0,2,0,0,255,2
1,5,5,11,31,2,0,0,255,2
1,5,5,12,0,2,0,0,204,2
1,5,5,12,6,2,0,0,204,2
1,5,5,12,14,2,0,0,204,1
1,5,5,12,24,2,0,0,204,2
1,5,5,12,28,2,0,0,204,1
1,5,5,13,31,2,0,0,255,2
1,5,5,14,0,2,0,0,204,3
1,5,5,14,6,2,0,0,204,1
1,5,5,14,12,2,0,0,204,1
1,5,5,15,31,2,0,0,255,1
1,5,5,16,0,2,0,0,255,1
1,5,5,17,19,2,0,0,204,1
1,5,5,17,25,2,0,0,204,1
1,5,5,17,31,2,0,0,204,3
1,5,5,18,0,2,0,0,255,2
1,5,5,19,3,2,0,0,204,1
1,5,5,19,7,2,0,0,204,2
1,5,5,19,17,2,0,0,204,1
1,5,5,19,25,2,0,0,204,2
1,5,5,19,31,2,0,0,204,2
1,5,5,20,0,2,0,0,255,2
1,5,5,21,31,2,0,0,255,2
1,5,5,22,31,2,0,0,255,2
1,5,5,23,31,2,0,0,255,1
1,5,5,24,0,2,0,0,204,2
1,5,5,24,3,2,0,0,204,4
1,5,5,24,7,2,0,0,204,5
1,5,5,24,12,2,0,0,204,2
1,5,5,24,25,2,0,0,204,1
1,5,5,24,28,2,0,0,204,1
1,5,5,24,31,2,0,0,204,3
1,5,5,25,17,2,0,0,204,1
1,5,5,25,19,2,0,0,204,2
1,5,5,25,24,2,0,0,204,1
1,5,5,25,28,2,0,0,204,2
1,5,5,25,31,2,0,0,204,2
1,5,5,26,31,2,0,0,255,2
1,5,5,27,31,2,0,0,255,1
1,5,5,28,0,2,0,0,204,3
1,5,5,28,3,2,0,0,204,5
1,5,5,28,7,2,0,0,204,4
1,5,5,28,12,2,0,0,204,1
1,5,5,28,24,2,0,0,204,1
1,5,5,28,25,2,0,0,204,2
1,5,5,28,31,2,0,0,204,2
1,5,5,29,31,2,0,0,255,1
1,5,5,30,31,2,0,0,255,1
1,5,5,31,0,2,0,0,204,5
1,5,5,31,3,2,0,0,204,3
1,5,5,31,7,2,0,0,204,2
1,5,5,31,11,2,0,0,0,2
1,5,5,31,13,2,0,0,0,2
1,5,5,31,15,2,0,0,0,1
1,5,5,31,17,2,0,0,204,3
1,5,5,31,19,2,0,0,204,2
1,5,5,31,21,2,0,0,0,2
1,5,5,31,22,2,0,0,0,2
1,5,5,31,23,2,0,0,0,1
1,5,5,31,24,2,0,0,204,3
1,5,5,31,25,2,0,0,204,2
1,5,5,31,26,2,0,0,0,2
1,5,5,31,27,2,0,0,0,1
1,5,5,31,28,2,0,0,204,2
1,5,5,31,29,2,0,0,0,1
1,5,5,31,30,2,0,0,0,1
1,5,5,0,1,2,1,0,0,1
1,5,5,0,2,2,1,0,0,1
1,5,5,0,4,2,1,0,0,1
1,5,5,0,5,2,1,0,0,2
1,5,5,0,8,2,1,0,0,1
1,5,5,0,9,2,1,0,0,2
1,5,5,0,10,2,1,0,0,2
1,5,5,0,16,2,1,0,0,1
1,5,5,0,18,2,1,0,0,2
1,5,5,0,20,2,1,0,0,2
1,5,5,1,0,2,1,0,255,1
1,5,5,2,0,2,1,0,255,1
1,5,5,4,0,2,1,0,255,1
1,5,5,5,0,2,1,0,255,2
1,5,5,8,0,2,1,0,255,1
1,5,5,9,0,2,1,0,255,2
1,5,5,10,0,2,1,0,255,2
1,5,5,11,31,2,1,0,255,2
1,5,5,13,31,2,1,0,255,2
1,5,5,15,31,2,1,0,255,1
1,5,5,16,0,2,1,0,255,1
1,5,5,18,0,2,1,0,255,2
1,5,5,20,0,2,1,0,255,2
1,5,5,21,31,2,1,0,255,2
1,5,5,22,31,2,1,0,255,2
1,5,5,23,31,2,1,0,255,1
1,5,5,26,31,2,1,0,255,2
1,5,5,27,31,2,1,0,255,1
1,5,5,29,31,2,1,0,255,1
1,5,5,30,31,2,1,0,255,1
1,5,5,31,11,2,1,0,0,2
1,5,5,31,13,2,1,0,0,2
1,5,5,31,15,2,1,0,0,1
1,5,5,31,21,2,1,0,0,2
1,5,5,31,22,2,1,0,0,2
1,5,5,31,23,2,1,0,0,1
1,5,5,31,26,2,1,0,0,2
1,5,5,31,27,2,1,0,0,1
1,5,5,31,29,2,1,0,0,1
1,5,5,31,30,2,1,0,0,1
1,5,5,0,1,2,2,0,0,1
1,5,5,0,2,2,2,0,0,1
1,5,5,0,4,2,2,0,0,1
1,5,5,0,5,2,2,0,0,2
1,5,5,0,8,2,2,0,0,1
1,5,5,0,9,2,2,0,0,2
1,5,5,0,10,2,2,0,0,2
1,5,5,0,16,2,2,0,0,1
1,5,5,0,18,2,2,0,0,2
1,5,5,0,20,2,2,0,0,2
1,5,5,1,0,2,2,0,255,1
1,5,5,2,0,2,2,0,255,1
1,5,5,4,0,2,2,0,255,1
1,5,5,5,0,2,2,0,255,2
1,5,5,8,0,2,2,0,255,1
1,5,5,9,0,2,2,0,255,2
1,5,5,10,0,2,2,0,255,2
1,5,5,11,31,2,2,0,255,2
1,5,5,13,31,2,2,0,255,2
1,5,5,15,31,2,2,0,255,1
1,5,5,16,0,2,2,0,255,1
1,5,5,18,0,2,2,0,255,2
1,5,5,20,0,2,2,0,255,2
1,5,5,21,31,2,2,0,255,2
1,5,5,22,31,2,2,0,255,2
1,5,5,23,31,2,2,0,255,1
1,5,5,26,31,2,2,0,255,2
1,5,5,27,31,2,2,0,255,1
1,5,5,29,31,2,2,0,255,1
1,5,5,30,31,2,2,0,255,1
1,5,5,31,11,2,2,0,0,2
1,5,5,31,13,2,2,0,0,2
1,5,5,31,15,2,2,0,0,1
1,5,5,31,21,2,2,0,0,2
1,5,5,31,22,2,2,0,0,2
1,5,5,31,23,2,2,0,0,1
1,5,5,31,26,2,2,0,0,2
1,5,5,31,27,2,2,0,0,1
1,5,5,31,29,2,2,0,0,1
1,5,5,31,30,2,2,0,0,1
1,5,5,0,1,3,-3,0,0,1
1,5,5,0,2,3,-3,0,0,1
1,5,5,0,4,3,-3,0,0,1
1,5,5,0,5,3,-3,0,0,2
1,5,5,0,8,3,-3,0,0,1
1,5,5,0,9,3,-3,0,0,2
1,5,5,0,10,3,-3,0,0,2
1,5,5,0,16,3,-3,0,0,1
1,5,5,0,18,3,-3,0,0,2
1,5,5,0,20,3,-3,0,0,2
1,5,5,1,0,3,-3,0,255,1
1,5,5,2,0,3,-3,0,255,1
1,5,5,4,0,3,-3,0,255,1
1,5,5,5,0,3,-3,0,255,2
1,5,5,8,0,3,-3,0,255,1
1,5,5,9,0,3,-3,0,255,2
1,5,5,10,0,3,-3,0,255,2
1,5,5,11,31,3,-3,0,255,2
1,5,5,13,31,3,-3,0,255,2
1,5,5,15,31,3,-3,0,255,1
1,5,5,16,0,3,-3,0,255,1
1,5,5,18,0,3,-3,0,255,2
1,5,5,20,0,3,-3,0,255,2
1,5,5,21,31,3,-3,0,255,2
1,5,5,22,31,3,-3,0,255,2
1,5,5,23,31,3,-3,0,255,1
1,5,5,26,31,3,-3,0,255,2
1,5,5,27,31,3,-3,0,255,1
1,5,5,29,31,3,-3,0,255,1
1,5,5,30,31,3,-3,0,255,1
1,5,5,31,11,3,-3,0,0,2
1,5,5,31,13,3,-3,0,0,2
1,5,5,31,15,3,-3,0,0,1
1,5,5,31,21,3,-3,0,0,2
1,5,5,31,22,3,-3,0,0,2
1,5,5,31,23,3,-3,0,0,1
1,5,5,31,26,3,-3,0,0,2
1,5,5,31,27,3,-3,0,0,1
1,5,5,31,29,3,-3,0,0,1
1,5,5,31,30,3,-3,0,0,1
1,5,5,0,1,3,-2,0,0,1
1,5,5,0,2,3,-2,0,0,1
1,5,5,0,4,3,-2,0,0,1
1,5,5,0,5,3,-2,0,0,2
1,5,5,0,8,3,-2,0,0,1
1,5,5,0,9,3,-2,0,0,2
1,5,5,0,10,3,-2,0,0,2
1,5,5,0,16,3,-2,0,0,1
1,5,5,0,18,3,-2,0,0,2
1,5,5,0,20,3,-2,0,0,2
1,5,5,1,0,3,-2,0,255,1
1,5,5,2,0,3,-2,0,255,1
1,5,5,4,0,3,-2,0,255,1
1,5,5,5,0,3,-2,0,255,2
1,5,5,8,0,3,-2,0,255,1
1,5,5,9,0,3,-2,0,255,2
1,5,5,10,0,3,-2,0,255,2
1,5,5,11,31,3,-2,0,255,2
1,5,5,13,31,3,-2,0,255,2
1,5,5,15,31,3,-2,0,255,1
1,5,5,16,0,3,-2,0,255,1
1,5,5,18,0,3,-2,0,255,2
1,5,5,20,0,3,-2,0,255,2
1,5,5,21,31,3,-2,0,255,2
1,5,5,22,31,3,-2,0,255,2
1,5,5,23,31,3,-2,0,255,1
1,5,5,26,31,3,-2,0,255,2
1,5,5,27,31,3,-2,0,255,1
1,5,5,29,31,3,-2,0,255,1
1,5,5,30,31,3,-2,0,255,1
1,5,5,31,11,3,-2,0,0,2
1,5,5,31,13,3,-2,0,0,2
1,5,5,31,15,3,-2,0,0,1
1,5,5,31,21,3,-2,0,0,2
1,5,5,31,22,3,-2,0,0,2
1,5,5,31,23,3,-2,0,0,1
1,5,5,31,26,3,-2,0,0,2
1,5,5,31,27,3,-2,0,0,1
1,5,5,31,29,3,-2,0,0,1
1,5,5,31,30,3,-2,0,0,1
1,5,5,0,1,3,-1,0,0,1
1,5,5,0,2,3,-1,0,0,1
1,5,5,0,4,3,-1,0,0,1
1,5,5,0,5,3,-1,0,0,2
1,5,5,0,8,3,-1,0,0,1
1,5,5,0,9,3,-1,0,0,2
1,5,5,0,10,3,-1,0,0,2
1,5,5,0,16,3,-1,0,0,1
1,5,5,0,18,3,-1,0,0,2
1,5,5,0,20,3,-1,0,0,2
1,5,5,1,0,3,-1,0,255,1
1,5,5,2,0,3,-1,0,255,1
1,5,5,4,0,3,-1,0,255,1
1,5,5,5,0,3,-1,0,255,2
1,5,5,8,0,3,-1,0,255,1
1,5,5,9,0,3,-1,0,255,2
1,5,5,10,0,3,-1,0,255,2
1,5,5,11,31,3,-1,0,255,2
1,5,5,13,31,3,-1,0,255,2
1,5,5,15,31,3,-1,0,255,1
1,5,5,16,0,3,-1,0,255,1
1,5,5,18,0,3,-1,0,255,2
1,5,5,20,0,3,-1,0,255,2
1,5,5,21,31,3,-1,0,255,2
1,5,5,22,31,3,-1,0,255,2
1,5,5,23,31,3,-1,0,255,1
1,5,5,26,31,3,-1,0,255,2
1,5,5,27,31,3,-1,0,255,1
1,5,5,29,31,3,-1,0,255,1
1,5,5,30,31,3,-1,0,255,1
1,5,5,31,11,3,-1,0,0,2
1,5,5,31,13,3,-1,0,0,2
1,5,5,31,15,3,-1,0,0,1
1,5,5,31,21,3,-1,0,0,2
1,5,5,31,22,3,-1,0,0,2
1,5,5,31,23,3,-1,0,0,1
1,5,5,31,26,3,-1,0,0,2
1,5,5,31,27,3,-1,0,0,1
1,5,5,31,29,3,-1,0,0,1
1,5,5,31,30,3,-1,0,0,1
1,5,5,0,1,3,0,0,0,1
1,5,5,0,2,3,0,0,0,1
1,5,5,0,3,3,0,0,204,2
1,5,5,0,4,3,0,0,0,1
1,5,5,0,5,3,0,0,0,2
1,5,5,0,6,3,0,0,204,2
1,5,5,0,7,3,0,0,204,3
1,5,5,0,8,3,0,0,0,1
1,5,5,0,9,3,0,0,0,2
1,5,5,0,10,3,0,0,0,2
1,5,5,0,12,3,0,0,204,2
1,5,5,0,14,3,0,0,204,3
1,5,5,0,16,3,0,0,0,1
1,5,5,0,18,3,0,0,0,2
1,5,5,0,20,3,0,0,0,2
1,5,5,0,24,3,0,0,204,2
1,5,5,0,28,3,0,0,204,3
1,5,5,0,31,3,0,0,204,5
1,5,5,1,0,3,0,0,255,1
1,5,5,2,0,3,0,0,255,1
1,5,5,3,0,3,0,0,204,2
1,5,5,3,6,3,0,0,204,2
1,5,5,3,7,3,0,0,204,1
1,5,5,3,19,3,0,0,204,1
1,5,5,3,24,3,0,0,204,4
1,5,5,3,28,3,0,0,204,5
1,5,5,3,31,3,0,0,204,3
1,5,5,4,0,3,0,0,255,1
1,5,5,5,0,3,0,0,255,2
1,5,5,6,0,3,0,0,204,2
1,5,5,6,3,3,0,0,204,2
1,5,5,6,7,3,0,0,204,1
1,5,5,6,12,3,0,0,204,2
1,5,5,6,14,3,0,0,204,1
1,5,5,7,0,3,0,0,204,3
1,5,5,7,3,3,0,0,204,1
1,5,5,7,6,3,0,0,204,1
1,5,5,7,19,3,0,0,204,2
1,5,5,7,24,3,0,0,204,5
1,5,5,7,28,3,0,0,204,4
1,5,5,7,31,3,0,0,204,2
1,5,5,8,0,3,0,0,255,1
1,5,5,9,0,3,0,0,255,2
1,5,5,10,0,3,0,0,255,2
1,5,5,11,31,3,0,0,255,2
1,5,5,12,0,3,0,0,204,2
1,5,5,12,6,3,0,0,204,2
1,5,5,12,14,3,0,0,204,1
1,5,5,12,24,3,0,0,204,2
1,5,5,12,28,3,0,0,204,1
1,5,5,13,31,3,0,0,255,2
1,5,5,14,0,3,0,0,204,3
1,5,5,14,6,3,0,0,204,1
1,5,5,14,12,3,0,0,204,1
1,5,5,15,31,3,0,0,255,1
1,5,5,16,0,3,0,0,255,1
1,5,5,17,19,3,0,0,204,1
1,5,5,17,25,3,0,0,204,1
1,5,5,17,31,3,0,0,204,3
1,5,5,18,0,3,0,0,255,2
1,5,5,19,3,3,0,0,204,1
1,5,5,19,7,3,0,0,204,2
1,5,5,19,17,3,0,0,204,1
1,5,5,19,25,3,0,0,204,2
1,5,5,19,31,3,0,0,204,2
1,5,5,20,0,3,0,0,255,2
1,5,5,21,31,3,0,0,255,2
1,5,5,22,31,3,0,0,255,2
1,5,5,23,31,3,0,0,255,1
1,5,5,24,0,3,0,0,204,2
1,5,5,24,3,3,0,0,204,4
1,5,5,24,7,3,0,0,204,5
1,5,5,24,12,3,0,0,204,2
1,5,5,24,25,3,0,0,204,1
1,5,5,24,28,3,0,0,204,1
1,5,5,24,31,3,0,0,204,3
1,5,5,25,17,3,0,0,204,1
1,5,5,25,19,3,0,0,204,2
1,5,5,25,24,3,0,0,204,1
1,5,5,25,28,3,0,0,204,2
1,5,5,25,31,3,0,0,204,2
1,5,5,26,31,3,0,0,255,2
1,5,5,27,31,3,0,0,255,1
1,5,5,28,0,3,0,0,204,3
1,5,5,28,3,3,0,0,204,5
1,5,5,28,7,3,0,0,204,4
1,5,5,28,12,3,0,0,204,1
1,5,5,28,24,3,0,0,204,1
1,5,5,28,25,3,0,0,204,2
1,5,5,28,31,3,0,0,204,2
1,5,5,29,31,3,0,0,255,1
1,5,5,30,31,3,0,0,255,1
1,5,5,31,0,3,0,0,204,5
1,5,5,31,3,3,0,0,204,3
1,5,5,31,7,3,0,0,204,2
1,5,5,31,11,3,0,0,0,2
1,5,5,31,13,3,0,0,0,2
1,5,5,31,15,3,0,0,0,1
1,5,5,31,17,3,0,0,204,3
1,5,5,31,19,3,0,0,204,2
1,5,5,31,21,3,0,0,0,2
1,5,5,31,22,3,0,0,0,2
1,5,5,31,23,3,0,0,0,1
1,5,5,31,24,3,0,0,204,3
1,5,5,31,25,3,0,0,204,2
1,5,5,31,26,3,0,0,0,2
1,5,5,31,27,3,0,0,0,1
1,5,5,31,28,3,0,0,204,2
1,5,5,31,29,3,0,0,0,1
1,5,5,31,30,3,0,0,0,1
1,5,5,0,1,3,1,0,0,1
1,5,5,0,2,3,1,0,0,1
1,5,5,0,4,3,1,0,0,1
1,5,5,0,5,3,1,0,0,2
1,5,5,0,8,3,1,0,0,1
1,5,5,0,9,3,1,0,0,2
1,5,5,0,10,3,1,0,0,2
1,5,5,0,16,3,1,0,0,1
1,5,5,0,18,3,1,0,0,2
1,5,5,0,20,3,1,0,0,2
1,5,5,1,0,3,1,0,255,1
1,5,5,2,0,3,1,0,255,1
1,5,5,4,0,3,1,0,255,1
1,5,5,5,0,3,1,0,255,2
1,5,5,8,0,3,1,0,255,1
1,5,5,9,0,3,1,0,255,2
1,5,5,10,0,3,1,0,255,2
1,5,5,11,31,3,1,0,255,2
1,5,5,13,31,3,1,0,255,2
1,5,5,15,31,3,1,0,255,1
1,5,5,16,0,3,1,0,255,1
1,5,5,18,0,3,1,0,255,2
1,5,5,20,0,3,1,0,255,2
1,5,5,21,31,3,1,0,255,2
1,5,5,22,31,3,1,0,255,2
1,5,5,23,31,3,1,0,255,1
1,5,5,26,31,3,1,0,255,2
1,5,5,27,31,3,1,0,255,1
1,5,5,29,31,3,1,0,255,1
1,5,5,30,31,3,1,0,255,1
1,5,5,31,11,3,1,0,0,2
1,5,5,31,13,3,1,0,0,2
1,5,5,31,15,3,1,0,0,1
1,5,5,31,21,3,1,0,0,2
1,5,5,31,22,3,1,0,0,2
1,5,5,31,23,3,1,0,0,1
1,5,5,31,26,3,1,0,0,2
1,5,5,31,27,3,1,0,0,1
1,5,5,31,29,3,1,0,0,1
1,5,5,31,30,3,1,0,0,1
1,5,5,0,1,3,2,0,0,1
1,5,5,0,2,3,2,0,0,1
1,5,5,0,4,3,2,0,0,1
1,5,5,0,5,3,2,0,0,2
1,5,5,0,8,3,2,0,0,1
1,5,5,0,9,3,2,0,0,2
1,5,5,0,10,3,2,0,0,2
1,5,5,0,16,3,2,0,0,1
1,5,5,0,18,3,2,0,0,2
1,5,5,0,20,3,2,0,0,2
1,5,5,1,0,3,2,0,255,1
1,5,5,2,0,3,2,0,255,1
1,5,5,4,0,3,2,0,255,1
1,5,5,5,0,3,2,0,255,2
1,5,5,8,0,3,2,0,255,1
1,5,5,9,0,3,2,0,255,2
1,5,5,10,0,3,2,0,255,2
1,5,5,11,31,3,2,0,255,2
1,5,5,13,31,3,2,0,255,2
1,5,5,15,31,3,2,0,255,1
1,5,5,16,0,3,2,0,255,1
1,5,5,18,0,3,2,0,255,2
1,5,5,20,0,3,2,0,255,2
1,5,5,21,31,3,2,0,255,2
1,5,5,22,31,3,2,0,255,2
1,5,5,23,31,3,2,0,255,1
1,5,5,26,31,3,2,0,255,2
1,5,5,27,31,3,2,0,255,1
1,5,5,29,31,3,2,0,255,1
1,5,5,30,31,3,2,0,255,1
1,5,5,31,11,3,2,0,0,2
1,5,5,31,13,3,2,0,0,2
1,5,5,31,15,3,2,0,0,1
1,5,5,31,21,3,2,0,0,2
1,5,5,31,22,3,2,0,0,2
1,5,5,31,23,3,2,0,0,1
1,5,5,31,26,3,2,0,0,2
1,5,5,31,27,3,2,0,0,1
1,5,5,31,29,3,2,0,0,1
1,5,5,31,30,3,2,0,0,1
1,5,5,0,1,3,3,0,0,1
1,5,5,0,2,3,3,0,0,1
1,5,5,0,4,3,3,0,0,1
1,5,5,0,5,3,3,0,0,2
1,5,5,0,8,3,3,0,0,1
1,5,5,0,9,3,3,0,0,2
1,5,5,0,10,3,3,0,0,2
1,5,5,0,16,3,3,0,0,1
1,5,5,0,18,3,3,0,0,2
1,5,5,0,20,3,3,0,0,2
1,5,5,1,0,3,3,0,255,1
1,5,5,2,0,3,3,0,255,1
1,5,5,4,0,3,3,0,255,1
1,5,5,5,0,3,3,0,255,2
1,5,5,8,0,3,3,0,255,1
1,5,5,9,0,3,3,0,255,2
1,5,5,10,0,3,3,0,255,2
1,5,5,11,31,3,3,0,255,2
1,5,5,13,31,3,3,0,255,2
1,5,5,15,31,3,3,0,255,1
1,5,5,16,0,3,3,0,255,1
1,5,5,18,0,3,3,0,255,2
1,5,5,20,0,3,3,0,255,2
1,5,5,21,31,3,3,0,255,2
1,5,5,22,31,3,3,0,255,2
1,5,5,23,31,3,3,0,255,1
1,5,5,26,31,3,3,0,255,2
1,5,5,27,31,3,3,0,255,1
1,5,5,29,31,3,3,0,255,1
1,5,5,30,31,3,3,0,255,1
1,5,5,31,11,3,3,0,0,2
1,5,5,31,13,3,3,0,0,2
1,5,5,31,15,3,3,0,0,1
1,5,5,31,21,3,3,0,0,2
1,5,5,31,22,3,3,0,0,2
1,5,5,31,23,3,3,0,0,1
1,5,5,31,26,3,3,0,0,2
1,5,5,31,27,3,3,0,0,1
1,5,5,31,29,3,3,0,0,1
1,5,5,31,30,3,3,0,0,1
1,6,6,0,1,1,-1,0,0,1
1,6,6,0,2,1,-1,0,0,1
1,6,6,0,4,1,-1,0,0,1
1,6,6,0,8,1,-1,0,0,1
1,6,6,0,9,1,-1,0,0,2
1,6,6,0,16,1,-1,0,0,1
1,6,6,0,18,1,-1,0,0,2
1,6,6,0,32,1,-1,0,0,1
1,6,6,0,36,1,-1,0,0,2
1,6,6,1,0,1,-1,0,255,1
1,6,6,2,0,1,-1,0,255,1
1,6,6,4,0,1,-1,0,255,1
1,6,6,8,0,1,-1,0,255,1
1,6,6,9,0,1,-1,0,255,2
1,6,6,16,0,1,-1,0,255,1
1,6,6,18,0,1,-1,0,255,2
1,6,6,27,63,1,-1,0,255,2
1,6,6,31,63,1,-1,0,255,1
1,6,6,32,0,1,-1,0,255,1
1,6,6,36,0,1,-1,0,255,2
1,6,6,45,63,1,-1,0,255,2
1,6,6,47,63,1,-1,0,255,1
1,6,6,54,63,1,-1,0,255,2
1,6,6,55,63,1,-1,0,255,1
1,6,6,59,63,1,-1,0,255,1
1,6,6,61,63,1,-1,0,255,1
1,6,6,62,63,1,-1,0,255,1
1,6,6,63,27,1,-1,0,0,2
1,6,6,63,31,1,-1,0,0,1
1,6,6,63,45,1,-1,0,0,2
1,6,6,63,47,1,-1,0,0,1
1,6,6,63,54,1,-1,0,0,2
1,6,6,63,55,1,-1,0,0,1
1,6,6,63,59,1,-1,0,0,1
1,6,6,63,61,1,-1,0,0,1
1,6,6,63,62,1,-1,0,0,1
1,6,6,0,1,1,0,0,0,1
1,6,6,0,2,1,0,0,0,1
1,6,6,0,3,1,0,0,204,2
1,6,6,0,4,1,0,0,0,1
1,6,6,0,6,1,0,0,204,2
1,6,6,0,7,1,0,0,204,3
1,6,6,0,8,1,0,0,0,1
1,6,6,0,9,1,0,0,0,2
1,6,6,0,12,1,0,0,204,2
1,6,6,0,14,1,0,0,204,3
1,6,6,0,15,1,0,0,204,4
1,6,6,0,16,1,0,0,0,1
1,6,6,0,18,1,0,0,0,2
1,6,6,0,24,1,0,0,204,2
1,6,6,0,28,1,0,0,204,3
1,6,6,0,30,1,0,0,204,4
1,6,6,0,32,1,0,0,0,1
1,6,6,0,36,1,0,0,0,2
1,6,6,0,48,1,0,0,204,2
1,6,6,0,51,1,0,0,204,4
1,6,6,0,56,1,0,0,204,3
1,6,6,0,60,1,0,0,204,4
1,6,6,0,63,1,0,0,204,6
1,6,6,1,0,1,0,0,255,1
1,6,6,2,0,1,0,0,255,1
1,6,6,3,0,1,0,0,204,2
1,6,6,3,6,1,0,0,204,2
1,6,6,3,7,1,0,0,204,1
1,6,6,3,12,1,0,0,204,4
1,6,6,3,14,1,0,0,204,3
1,6,6,3,15,1,0,0,204,2
1,6,6,3,35,1,0,0,204,1
1,6,6,3,39,1,0,0,204,2
1,6,6,3,48,1,0,0,204,4
1,6,6,3,51,1,0,0,204,2
1,6,6,3,56,1,0,0,204,5
1,6,6,3,60,1,0,0,204,6
1,6,6,3,63,1,0,0,204,4
1,6,6,4,0,1,0,0,255,1
1,6,6,6,0,1,0,0,204,2
1,6,6,6,3,1,0,0,204,2
1,6,6,6,7,1,0,0,204,1
1,6,6,6,12,1,0,0,204,2
1,6,6,6,14,1,0,0,204,1
1,6,6,6,15,1,0,0,204,2
1,6,6,6,24,1,0,0,204,4
1,6,6,6,28,1,0,0,204,3
1,6,6,6,30,1,0,0,204,2
1,6,6,7,0,1,0,0,204,3
1,6,6,7,3,1,0,0,204,1
1,6,6,7,6,1,0,0,204,1
1,6,6,7,11,1,0,0,0,2
1,6,6,7,12,1,0,0,204,3
1,6,6,7,14,1,0,0,204,2
1,6,6,7,15,1,0,0,204,1
1,6,6,7,35,1,0,0,204,2
1,6,6,7,39,1,0,0,204,1
1,6,6,7,48,1,0,0,204,5
1,6,6,7,51,1,0,0,204,3
1,6,6,7,56,1,0,0,204,6
1,6,6,7,60,1,0,0,204,5
1,6,6,7,63,1,0,0,204,3
1,6,6,8,0,1,0,0,255,1
1,6,6,9,0,1,0,0,255,2
1,6,6,11,7,1,0,0,255,2
1,6,6,12,0,1,0,0,204,2
1,6,6,12,3,1,0,0,204,4
1,6,6,12,6,1,0,0,204,2
1,6,6,12,7,1,0,0,204,3
1,6,6,12,14,1,0,0,204,1
1,6,6,12,15,1,0,0,204,2
1,6,6,12,24,1,0,0,204,2
1,6,6,12,28,1,0,0,204,1
1,6,6,12,30,1,0,0,204,2
1,6,6,12,48,1,0,0,204,4
1,6,6,12,51,1,0,0,204,6
1,6,6,12,56,1,0,0,204,3
1,6,6,12,60,1,0,0,204,2
1,6,6,12,63,1,0,0,204,4
1,6,6,13,14,1,0,0,255,2
1,6,6,14,0,1,0,0,204,3
1,6,6,14,3,1,0,0,204,3
1,6,6,14,6,1,0,0,204,1
1,6,6,14,7,1,0,0,204,2
1,6,6,14,12,1,0,0,204,1
1,6,6,14,13,1,0,0,0,2
1,6,6,14,15,1,0,0,204,1
1,6,6,14,22,1,0,0,0,2
1,6,6,14,24,1,0,0,204,3
1,6,6,14,28,1,0,0,204,2
1,6,6,14,30,1,0,0,204,1
1,6,6,15,0,1,0,0,204,4
1,6,6,15,3,1,0,0,204,2
1,6,6,15,6,1,0,0,204,2
1,6,6,15,7,1,0,0,204,1
1,6,6,15,12,1,0,0,204,2
1,6,6,15,14,1,0,0,204,1
1,6,6,15,35,1,0,0,204,3
1,6,6,15,39,1,0,0,204,2
1,6,6,15,48,1,0,0,204,6
1,6,6,15,51,1,0,0,204,4
1,6,6,15,56,1,0,0,204,5
1,6,6,15,60,1,0,0,204,4
1,6,6,15,63,1,0,0,204,2
1,6,6,16,0,1,0,0,255,1
1,6,6,18,0,1,0,0,255,2
1,6,6,19,35,1,0,0,255,2
1,6,6,22,14,1,0,0,255,2
1,6,6,24,0,1,0,0,204,2
1,6,6,24,6,1,0,0,204,4
1,6,6,24,12,1,0,0,204,2
1,6,6,24,14,1,0,0,204,3
1,6,6,24,28,1,0,0,204,1
1,6,6,24,30,1,0,0,204,2
1,6,6,24,48,1,0,0,204,2
1,6,6,24,56,1,0,0,204,1
1,6,6,24,60,1,0,0,204,2
1,6,6,26,28,1,0,0,255,2
1,6,6,27,63,1,0,0,255,2
1,6,6,28,0,1,0,0,204,3
1,6,6,28,6,1,0,0,204,3
1,6,6,28,12,1,0,0,204,1
1,6,6,28,14,1,0,0,204,2
1,6,6,28,24,1,0,0,204,1
1,6,6,28,26,1,0,0,0,2
1,6,6,28,30,1,0,0,204,1
1,6,6,28,44,1,0,0,0,2
1,6,6,28,48,1,0,0,204,3
1,6,6,28,56,1,0,0,204,2
1,6,6,28,60,1,0,0,204,1
1,6,6,30,0,1,0,0,204,4
1,6,6,30,6,1,0,0,204,2
1,6,6,30,12,1,0,0,204,2
1,6,6,30,14,1,0,0,204,1
1,6,6,30,24,1,0,0,204,2
1,6,6,30,28,1,0,0,204,1
1,6,6,31,63,1,0,0,255,1
1,6,6,32,0,1,0,0,255,1
1,6,6,33,35,1,0,0,204,1
1,6,6,33,39,1,0,0,204,2
1,6,6,33,49,1,0,0,204,1
1,6,6,33,51,1,0,0,204,2
1,6,6,33,57,1,0,0,204,2
1,6,6,33,63,1,0,0,204,4
1,6,6,35,3,1,0,0,204,1
1,6,6,35,7,1,0,0,204,2
1,6,6,35,15,1,0,0,204,3
1,6,6,35,19,1,0,0,0,2
1,6,6,35,33,1,0,0,204,1
1,6,6,35,37,1,0,0,0,2
1,6,6,35,39,1,0,0,204,1
1,6,6,35,49,1,0,0,204,2
1,6,6,35,51,1,0,0,204,1
1,6,6,35,57,1,0,0,204,3
1,6,6,35,63,1,0,0,204,3
1,6,6,36,0,1,0,0,255,2
1,6,6,37,35,1,0,0,255,2
1,6,6,39,3,1,0,0,204,2
1,6,6,39,7,1,0,0,204,1
1,6,6,39,15,1,0,0,204,2
1,6,6,39,33,1,0,0,204,2
1,6,6,39,35,1,0,0,204,1
1,6,6,39,49,1,0,0,204,3
1,6,6,39,51,1,0,0,204,2
1,6,6,39,57,1,0,0,204,4
1,6,6,39,63,1,0,0,204,2
1,6,6,41,49,1,0,0,255,2
1,6,6,44,28,1,0,0,255,2
1,6,6,45,63,1,0,0,255,2
1,6,6,47,63,1,0,0,255,1
1,6,6,48,0,1,0,0,204,2
1,6,6,48,3,1,0,0,204,4
1,6,6,48,7,1,0,0,204,5
1,6,6,48,12,1,0,0,204,4
1,6,6,48,15,1,0,0,204,6
1,6,6,48,24,1,0,0,204,2
1,6,6,48,28,1,0,0,204,3
1,6,6,48,49,1,0,0,204,1
1,6,6,48,51,1,0,0,204,2
1,6,6,48,56,1,0,0,204,1
1,6,6,48,57,1,0,0,204,2
1,6,6,48,60,1,0,0,204,2
1,6,6,48,63,1,0,0,204,4
1,6,6,49,33,1,0,0,204,1
1,6,6,49,35,1,0,0,204,2
1,6,6,49,39,1,0,0,204,3
1,6,6,49,41,1,0,0,0,2
1,6,6,49,48,1,0,0,204,1
1,6,6,49,50,1,0,0,0,2
1,6,6,49,51,1,0,0,204,1
1,6,6,49,56,1,0,0,204,2
1,6,6,49,57,1,0,0,204,1
1,6,6,49,60,1,0,0,204,3
1,6,6,49,63,1,0,0,204,3
1,6,6,50,49,1,0,0,255,2
1,6,6,51,0,1,0,0,204,4
1,6,6,51,3,1,0,0,204,2
1,6,6,51,7,1,0,0,204,3
1,6,6,51,12,1,0,0,204,6
1,6,6,51,15,1,0,0,204,4
1,6,6,51,33,1,0,0,204,2
1,6,6,51,35,1,0,0,204,1
1,6,6,51,39,1,0,0,204,2
1,6,6,51,48,1,0,0,204,2
1,6,6,51,49,1,0,0,204,1
1,6,6,51,56,1,0,0,204,3
1,6,6,51,57,1,0,0,204,2
1,6,6,51,60,1,0,0,204,4
1,6,6,51,63,1,0,0,204,2
1,6,6,52,56,1,0,0,255,2
1,6,6,54,63,1,0,0,255,2
1,6,6,55,63,1,0,0,255,1
1,6,6,56,0,1,0,0,204,3
1,6,6,56,3,1,0,0,204,5
1,6,6,56,7,1,0,0,204,6
1,6,6,56,12,1,0,0,204,3
1,6,6,56,15,1,0,0,204,5
1,6,6,56,24,1,0,0,204,1
1,6,6,56,28,1,0,0,204,2
1,6,6,56,48,1,0,0,204,1
1,6,6,56,49,1,0,0,204,2
1,6,6,56,51,1,0,0,204,3
1,6,6,56,52,1,0,0,0,2
1,6,6,56,57,1,0,0,204,1
1,6,6,56,60,1,0,0,204,1
1,6,6,56,63,1,0,0,204,3
1,6,6,57,33,1,0,0,204,2
1,6,6,57,35,1,0,0,204,3
1,6,6,57,39,1,0,0,204,4
1,6,6,57,48,1,0,0,204,2
1,6,6,57,49,1,0,0,204,1
1,6,6,57,51,1,0,0,204,2
1,6,6,57,56,1,0,0,204,1
1,6,6,57,60,1,0,0,204,2
1,6,6,57,63,1,0,0,204,2
1,6,6,59,63,1,0,0,255,1
1,6,6,60,0,1,0,0,204,4
1,6,6,60,3,1,0,0,204,6
1,6,6,60,7,1,0,0,204,5
1,6,6,60,12,1,0,0,204,2
1,6,6,60,15,1,0,0,204,4
1,6,6,60,24,1,0,0,204,2
1,6,6,60,28,1,0,0,204,1
1,6,6,60,48,1,0,0,204,2
1,6,6,60,49,1,0,0,204,3
1,6,6,60,51,1,0,0,204,4
1,6,6,60,56,1,0,0,204,1
1,6,6,60,57,1,0,0,204,2
1,6,6,60,63,1,0,0,204,2
1,6,6,61,63,1,0,0,255,1
1,6,6,62,63,1,0,0,255,1
1,6,6,63,0,1,0,0,204,6
1,6,6,63,3,1,0,0,204,4
1,6,6,63,7,1,0,0,204,3
1,6,6,63,12,1,0,0,204,4
1,6,6,63,15,1,0,0,204,2
1,6,6,63,27,1,0,0,0,2
1,6,6,63,31,1,0,0,0,1
1,6,6,63,33,1,0,0,204,4
1,6,6,63,35,1,0,0,204,3
1,6,6,63,39,1,0,0,204,2
1,6,6,63,45,1,0,0,0,2
1,6,6,63,47,1,0,0,0,1
1,6,6,63,48,1,0,0,204,4
1,6,6,63,49,1,0,0,204,3
1,6,6,63,51,1,0,0,204,2
1,6,6,63,54,1,0,0,0,2
1,6,6,63,55,1,0,0,0,1
1,6,6,63,56,1,0,0,204,3
1,6,6,63,57,1,0,0,204,2
1,6,6,63,59,1,0,0,0,1
1,6,6,63,60,1,0,0,204,2
1,6,6,63,61,1,0,0,0,1
1,6,6,63,62,1,0,0,0,1
1,6,6,0,1,1,1,0,0,1
1,6,6,0,2,1,1,0,0,1
1,6,6,0,4,1,1,0,0,1
1,6,6,0,8,1,1,0,0,1
1,6,6,0,9,1,1,0,0,2
1,6,6,0,16,1,1,0,0,1
1,6,6,0,18,1,1,0,0,2
1,6,6,0,32,1,1,0,0,1
1,6,6,0,36,1,1,0,0,2
1,6,6,1,0,1,1,0,255,1
1,6,6,2,0,1,1,0,255,1
1,6,6,4,0,1,1,0,255,1
1,6,6,8,0,1,1,0,255,1
1,6,6,9,0,1,1,0,255,2
1,6,6,16,0,1,1,0,255,1
1,6,6,18,0,1,1,0,255,2
1,6,6,27,63,1,1,0,255,2
1,6,6,31,63,1,1,0,255,1
1,6,6,32,0,1,1,0,255,1
1,6,6,36,0,1,1,0,255,2
1,6,6,45,63,1,1,0,255,2
1,6,6,47,63,1,1,0,255,1
1,6,6,54,63,1,1,0,255,2
1,6,6,55,63,1,1,0,255,1
1,6,6,59,63,1,1,0,255,1
1,6,6,61,63,1,1,0,255,1
1,6,6,62,63,1,1,0,255,1
1,6,6,63,27,1,1,0,0,2
1,6,6,63,31,1,1,0,0,1
1,6,6,63,45,1,1,0,0,2
1,6,6,63,47,1,1,0,0,1
1,6,6,63,54,1,1,0,0,2
1,6,6,63,55,1,1,0,0,1
1,6,6,63,59,1,1,0,0,1
1,6,6,63,61,1,1,0,0,1
1,6,6,63,62,1,1,0,0,1
1,6,6,0,1,2,-2,0,0,1
1,6,6,0,2,2,-2,0,0,1
1,6,6,0,4,2,-2,0,0,1
1,6,6,0,5,2,-2,0,0,2
1,6,6,0,8,2,-2,0,0,1
1,6,6,0,9,2,-2,0,0,2
1,6,6,0,10,2,-2,0,0,2
1,6,6,0,16,2,-2,0,0,1
1,6,6,0,17,2,-2,0,0,2
1,6,6,0,18,2,-2,0,0,2
1,6,6,0,20,2,-2,0,0,2
1,6,6,0,32,2,-2,0,0,1
1,6,6,0,34,2,-2,0,0,2
1,6,6,0,36,2,-2,0,0,2
1,6,6,0,40,2,-2,0,0,2
1,6,6,1,0,2,-2,0,255,1
1,6,6,2,0,2,-2,0,255,1
1,6,6,4,0,2,-2,0,255,1
1,6,6,5,0,2,-2,0,255,2
1,6,6,8,0,2,-2,0,255,1
1,6,6,9,0,2,-2,0,255,2
1,6,6,10,0,2,-2,0,255,2
1,6,6,16,0,2,-2,0,255,1
1,6,6,17,0,2,-2,0,255,2
1,6,6,18,0,2,-2,0,255,2
1,6,6,20,0,2,-2,0,255,2
1,6,6,23,63,2,-2,0,255,2
1,6,6,27,63,2,-2,0,255,2
1,6,6,29,63,2,-2,0,255,2
1,6,6,31,63,2,-2,0,255,1
1,6,6,32,0,2,-2,0,255,1
1,6,6,34,0,2,-2,0,255,2
1,6,6,36,0,2,-2,0,255,2
1,6,6,40,0,2,-2,0,255,2
1,6,6,43,63,2,-2,0,255,2
1,6,6,45,63,2,-2,0,255,2
1,6,6,46,63,2,-2,0,255,2
1,6,6,47,63,2,-2,0,255,1
1,6,6,53,63,2,-2,0,255,2
1,6,6,54,63,2,-2,0,255,2
1,6,6,55,63,2,-2,0,255,1
1,6,6,58,63,2,-2,0,255,2
1,6,6,59,63,2,-2,0,255,1
1,6,6,61,63,2,-2,0,255,1
1,6,6,62,63,2,-2,0,255,1
1,6,6,63,23,2,-2,0,0,2
1,6,6,63,27,2,-2,0,0,2
1,6,6,63,29,2,-2,0,0,2
1,6,6,63,31,2,-2,0,0,1
1,6,6,63,43,2,-2,0,0,2
1,6,6,63,45,2,-2,0,0,2
1,6,6,63,46,2,-2,0,0,2
1,6,6,63,47,2,-2,0,0,1
1,6,6,63,53,2,-2,0,0,2
1,6,6,63,54,2,-2,0,0,2
1,6,6,63,55,2,-2,0,0,1
1,6,6,63,58,2,-2,0,0,2
1,6,6,63,59,2,-2,0,0,1
1,6,6,63,61,2,-2,0,0,1
1,6,6,63,62,2,-2,0,0,1
1,6,6,0,1,2,-1,0,0,1
1,6,6,0,2,2,-1,0,0,1
1,6,6,0,4,2,-1,0,0,1
1,6,6,0,5,2,-1,0,0,2
1,6,6,0,8,2,-1,0,0,1
1,6,6,0,9,2,-1,0,0,2
1,6,6,0,10,2,-1,0,0,2
1,6,6,0,16,2,-1,0,0,1
1,6,6,0,17,2,-1,0,0,2
1,6,6,0,18,2,-1,0,0,2
1,6,6,0,20,2,-1,0,0,2
1,6,6,0,32,2,-1,0,0,1
1,6,6,0,34,2,-1,0,0,2
1,6,6,0,36,2,-1,0,0,2
1,6,6,0,40,2,-1,0,0,2
1,6,6,1,0,2,-1,0,255,1
1,6,6,2,0,2,-1,0,255,1
1,6,6,4,0,2,-1,0,255,1
1,6,6,5,0,2,-1,0,255,2
1,6,6,8,0,2,-1,0,255,1
1,6,6,9,0,2,-1,0,255,2
1,6,6,10,0,2,-1,0,255,2
1,6,6,16,0,2,-1,0,255,1
1,6,6,17,0,2,-1,0,255,2
1,6,6,18,0,2,-1,0,255,2
1,6,6,20,0,2,-1,0,255,2
1,6,6,23,63,2,-1,0,255,2
1,6,6,27,63,2,-1,0,255,2
1,6,6,29,63,2,-1,0,255,2
1,6,6,31,63,2,-1,0,255,1
1,6,6,32,0,2,-1,0,255,1
1,6,6,34,0,2,-1,0,255,2
1,6,6,36,0,2,-1,0,255,2
1,6,6,40,0,2,-1,0,255,2
1,6,6,43,63,2,-1,0,255,2
1,6,6,45,63,2,-1,0,255,2
1,6,6,46,63,2,-1,0,255,2
1,6,6,47,63,2,-1,0,255,1
1,6,6,53,63,2,-1,0,255,2
1,6,6,54,63,2,-1,0,255,2
1,6,6,55,63,2,-1,0,255,1
1,6,6,58,63,2,-1,0,255,2
1,6,6,59,63,2,-1,0,255,1
1,6,6,61,63,2,-1,0,255,1
1,6,6,62,63,2,-1,0,255,1
1,6,6,63,23,2,-1,0,0,2
1,6,6,63,27,2,-1,0,0,2
1,6,6,63,29,2,-1,0,0,2
1,6,6,63,31,2,-1,0,0,1
1,6,6,63,43,2,-1,0,0,2
1,6,6,63,45,2,-1,0,0,2
1,6,6,63,46,2,-1,0,0,2
1,6,6,63,47,2,-1,0,0,1
1,6,6,63,53,2,-1,0,0,2
1,6,6,63,54,2,-1,0,0,2
1,6,6,63,55,2,-1,0,0,1
1,6,6,63,58,2,-1,0,0,2
1,6,6,63,59,2,-1,0,0,1
1,6,6,63,61,2,-1,0,0,1
1,6,6,63,62,2,-1,0,0,1
1,6,6,0,1,2,0,0,0,1
1,6,6,0,2,2,0,0,0,1
1,6,6,0,3,2,0,0,204,2
1,6,6,0,4,2,0,0,0,1
1,6,6,0,5,2,0,0,0,2
1,6,6,0,6,2,0,0,204,2
1,6,6,0,7,2,0,0,204,3
1,6,6,0,8,2,0,0,0,1
1,6,6,0,9,2,0,0,0,2
1,6,6,0,10,2,0,0,0,2
1,6,6,0,12,2,0,0,204,2
1,6,6,0,14,2,0,0,204,3
1,6,6,0,15,2,0,0,204,4
1,6,6,0,16,2,0,0,0,1
1,6,6,0,17,2,0,0,0,2
1,6,6,0,18,2,0,0,0,2
1,6,6,0,20,2,0,0,0,2
1,6,6,0,24,2,0,0,204,2
1,6,6,0,28,2,0,0,204,3
1,6,6,0,30,2,0,0,204,4
1,6,6,0,32,2,0,0,0,1
1,6,6,0,34,2,0,0,0,2
1,6,6,0,36,2,0,0,0,2
1,6,6,0,40,2,0,0,0,2
1,6,6,0,48,2,0,0,204,2
1,6,6,0,51,2,0,0,204,4
1,6,6,0,56,2,0,0,204,3
1,6,6,0,60,2,0,0,204,4
1,6,6,0,63,2,0,0,204,6
1,6,6,1,0,2,0,0,255,1
1,6,6,2,0,2,0,0,255,1
1,6,6,3,0,2,0,0,204,2
1,6,6,3,6,2,0,0,204,2
1,6,6,3,7,2,0,0,204,1
1,6,6,3,12,2,0,0,204,4
1,6,6,3,14,2,0,0,204,3
1,6,6,3,15,2,0,0,204,2
1,6,6,3,35,2,0,0,204,1
1,6,6,3,39,2,0,0,204,2
1,6,6,3,48,2,0,0,204,4
1,6,6,3,51,2,0,0,204,2
1,6,6,3,56,2,0,0,204,5
1,6,6,3,60,2,0,0,204,6
1,6,6,3,63,2,0,0,204,4
1,6,6,4,0,2,0,0,255,1
1,6,6,5,0,2,0,0,255,2
1,6,6,6,0,2,0,0,204,2
1,6,6,6,3,2,0,0,204,2
1,6,6,6,7,2,0,0,204,1
1,6,6,6,12,2,0,0,204,2
1,6,6,6,14,2,0,0,204,1
1,6,6,6,15,2,0,0,204,2
1,6,6,6,24,2,0,0,204,4
1,6,6,6,28,2,0,0,204,3
1,6,6,6,30,2,0,0,204,2
1,6,6,7,0,2,0,0,204,3
1,6,6,7,3,2,0,0,204,1
1,6,6,7,6,2,0,0,204,1
1,6,6,7,11,2,0,0,0,2
1,6,6,7,12,2,0,0,204,3
1,6,6,7,14,2,0,0,204,2
1,6,6,7,15,2,0,0,204,1
1,6,6,7,35,2,0,0,204,2
1,6,6,7,39,2,0,0,204,1
1,6,6,7,48,2,0,0,204,5
1,6,6,7,51,2,0,0,204,3
1,6,6,7,56,2,0,0,204,6
1,6,6,7,60,2,0,0,204,5
1,6,6,7,63,2,0,0,204,3
1,6,6,8,0,2,0,0,255,1
1,6,6,9,0,2,0,0,255,2
1,6,6,10,0,2,0,0,255,2
1,6,6,11,7,2,0,0,255,2
1,6,6,12,0,2,0,0,204,2
1,6,6,12,3,2,0,0,204,4
1,6,6,12,6,2,0,0,204,2
1,6,6,12,7,2,0,0,204,3
1,6,6,12,14,2,0,0,204,1
1,6,6,12,15,2,0,0,204,2
1,6,6,12,24,2,0,0,204,2
1,6,6,12,28,2,0,0,204,1
1,6,6,12,30,2,0,0,204,2
1,6,6,12,48,2,0,0,204,4
1,6,6,12,51,2,0,0,204,6
1,6,6,12,56,2,0,0,204,3
1,6,6,12,60,2,0,0,204,2
1,6,6,12,63,2,0,0,204,4
1,6,6,13,14,2,0,0,255,2
1,6,6,14,0,2,0,0,204,3
1,6,6,14,3,2,0,0,204,3
1,6,6,14,6,2,0,0,204,1
1,6,6,14,7,2,0,0,204,2
1,6,6,14,12,2,0,0,204,1
1,6,6,14,13,2,0,0,0,2
1,6,6,14,15,2,0,0,204,1
1,6,6,14,22,2,0,0,0,2
1,6,6,14,24,2,0,0,204,3
1,6,6,14,28,2,0,0,204,2
1,6,6,14,30,2,0,0,204,1
1,6,6,15,0,2,0,0,204,4
1,6,6,15,3,2,0,0,204,2
1,6,6,15,6,2,0,0,204,2
1,6,6,15,7,2,0,0,204,1
1,6,6,15,12,2,0,0,204,2
1,6,6,15,14,2,0,0,204,1
1,6,6,15,35,2,0,0,204,3
1,6,6,15,39,2,0,0,204,2
1,6,6,15,48,2,0,0,204,6
1,6,6,15,51,2,0,0,204,4
1,6,6,15,56,2,0,0,204,5
1,6,6,15,60,2,0,0,204,4
1,6,6,15,63,2,0,0,204,2
1,6,6,16,0,2,0,0,255,1
1,6,6,17,0,2,0,0,255,2
1,6,6,18,0,2,0,0,255,2
1,6,6,19,35,2,0,0,255,2
1,6,6,20,0,2,0,0,255,2
1,6,6,22,14,2,0,0,255,2
1,6,6,23,63,2,0,0,255,2
1,6,6,24,0,2,0,0,204,2
1,6,6,24,6,2,0,0,204,4
1,6,6,24,12,2,0,0,204,2
1,6,6,24,14,2,0,0,204,3
1,6,6,24,28,2,0,0,204,1
1,6,6,24,30,2,0,0,204,2
1,6,6,24,48,2,0,0,204,2
1,6,6,24,56,2,0,0,204,1
1,6,6,24,60,2,0,0,204,2
1,6,6,26,28,2,0,0,255,2
1,6,6,27,63,2,0,0,255,2
1,6,6,28,0,2,0,0,204,3
1,6,6,28,6,2,0,0,204,3
1,6,6,28,12,2,0,0,204,1
1,6,6,28,14,2,0,0,204,2
1,6,6,28,24,2,0,0,204,1
1,6,6,28,26,2,0,0,0,2
1,6,6,28,30,2,0,0,204,1
1,6,6,28,44,2,0,0,0,2
1,6,6,28,48,2,0,0,204,3
1,6,6,28,56,2,0,0,204,2
1,6,6,28,60,2,0,0,204,1
1,6,6,29,63,2,0,0,255,2
1,6,6,30,0,2,0,0,204,4
1,6,6,30,6,2,0,0,204,2
1,6,6,30,12,2,0,0,204,2
1,6,6,30,14,2,0,0,204,1
1,6,6,30,24,2,0,0,204,2
1,6,6,30,28,2,0,0,204,1
1,6,6,31,63,2,0,0,255,1
1,6,6,32,0,2,0,0,255,1
1,6,6,33,35,2,0,0,204,1
1,6,6,33,39,2,0,0,204,2
1,6,6,33,49,2,0,0,204,1
1,6,6,33,51,2,0,0,204,2
1,6,6,33,57,2,0,0,204,2
1,6,6,33,63,2,0,0,204,4
1,6,6,34,0,2,0,0,255,2
1,6,6,35,3,2,0,0,204,1
1,6,6,35,7,2,0,0,204,2
1,6,6,35,15,2,0,0,204,3
1,6,6,35,19,2,0,0,0,2
1,6,6,35,33,2,0,0,204,1
1,6,6,35,37,2,0,0,0,2
1,6,6,35,39,2,0,0,204,1
1,6,6,35,49,2,0,0,204,2
1,6,6,35,51,2,0,0,204,1
1,6,6,35,57,2,0,0,204,3
1,6,6,35,63,2,0,0,204,3
1,6,6,36,0,2,0,0,255,2
1,6,6,37,35,2,0,0,255,2
1,6,6,39,3,2,0,0,204,2
1,6,6,39,7,2,0,0,204,1
1,6,6,39,15,2,0,0,204,2
1,6,6,39,33,2,0,0,204,2
1,6,6,39,35,2,0,0,204,1
1,6,6,39,49,2,0,0,204,3
1,6,6,39,51,2,0,0,204,2
1,6,6,39,57,2,0,0,204,4
1,6,6,39,63,2,0,0,204,2
1,6,6,40,0,2,0,0,255,2
1,6,6,41,49,2,0,0,255,2
1,6,6,43,63,2,0,0,255,2
1,6,6,44,28,2,0,0,255,2
1,6,6,45,63,2,0,0,255,2
1,6,6,46,63,2,0,0,255,2
1,6,6,47,63,2,0,0,255,1
1,6,6,48,0,2,0,0,204,2
1,6,6,48,3,2,0,0,204,4
1,6,6,48,7,2,0,0,204,5
1,6,6,48,12,2,0,0,204,4
1,6,6,48,15,2,0,0,204,6
1,6,6,48,24,2,0,0,204,2
1,6,6,48,28,2,0,0,204,3
1,6,6,48,49,2,0,0,204,1
1,6,6,48,51,2,0,0,204,2
1,6,6,48,56,2,0,0,204,1
1,6,6,48,57,2,0,0,204,2
1,6,6,48,60,2,0,0,204,2
1,6,6,48,63,2,0,0,204,4
1,6,6,49,33,2,0,0,204,1
1,6,6,49,35,2,0,0,204,2
1,6,6,49,39,2,0,0,204,3
1,6,6,49,41,2,0,0,0,2
1,6,6,49,48,2,0,0,204,1
1,6,6,49,50,2,0,0,0,2
1,6,6,49,51,2,0,0,204,1
1,6,6,49,56,2,0,0,204,2
1,6,6,49,57,2,0,0,204,1
1,6,6,49,60,2,0,0,204,3
1,6,6,49,63,2,0,0,204,3
1,6,6,50,49,2,0,0,255,2
1,6,6,51,0,2,0,0,204,4
1,6,6,51,3,2,0,0,204,2
1,6,6,51,7,2,0,0,204,3
1,6,6,51,12,2,0,0,204,6
1,6,6,51,15,2,0,0,204,4
1,6,6,51,33,2,0,0,204,2
1,6,6,51,35,2,0,0,204,1
1,6,6,51,39,2,0,0,204,2
1,6,6,51,48,2,0,0,204,2
1,6,6,51,49,2,0,0,204,1
1,6,6,51,56,2,0,0,204,3
1,6,6,51,57,2,0,0,204,2
1,6,6,51,60,2,0,0,204,4
1,6,6,51,63,2,0,0,204,2
1,6,6,52,56,2,0,0,255,2
1,6,6,53,63,2,0,0,255,2
1,6,6,54,63,2,0,0,255,2
1,6,6,55,63,2,0,0,255,1
1,6,6,56,0,2,0,0,204,3
1,6,6,56,3,2,0,0,204,5
1,6,6,56,7,2,0,0,204,6
1,6,6,56,12,2,0,0,204,3
1,6,6,56,15,2,0,0,204,5
1,6,6,56,24,2,0,0,204,1
1,6,6,56,28,2,0,0,204,2
1,6,6,56,48,2,0,0,204,1
1,6,6,56,49,2,0,0,204,2
1,6,6,56,51,2,0,0,204,3
1,6,6,56,52,2,0,0,0,2
1,6,6,56,57,2,0,0,204,1
1,6,6,56,60,2,0,0,204,1
1,6,6,56,63,2,0,0,204,3
1,6,6,57,33,2,0,0,204,2
1,6,6,57,35,2,0,0,204,3
1,6,6,57,39,2,0,0,204,4
1,6,6,57,48,2,0,0,204,2
1,6,6,57,49,2,0,0,204,1
1,6,6,57,51,2,0,0,204,2
1,6,6,57,56,2,0,0,204,1
1,6,6,57,60,2,0,0,204,2
1,6,6,57,63,2,0,0,204,2
1,6,6,58,63,2,0,0,255,2
1,6,6,59,63,2,0,0,255,1
1,6,6,60,0,2,0,0,204,4
1,6,6,60,3,2,0,0,204,6
1,6,6,60,7,2,0,0,204,5
1,6,6,60,12,2,0,0,204,2
1,6,6,60,15,2,0,0,204,4
1,6,6,60,24,2,0,0,204,2
1,6,6,60,28,2,0,0,204,1
1,6,6,60,48,2,0,0,204,2
1,6,6,60,49,2,0,0,204,3
1,6,6,60,51,2,0,0,204,4
1,6,6,60,56,2,0,0,204,1
1,6,6,60,57,2,0,0,204,2
1,6,6,60,63,2,0,0,204,2
1,6,6,61,63,2,0,0,255,1
1,6,6,62,63,2,0,0,255,1
1,6,6,63,0,2,0,0,204,6
1,6,6,63,3,2,0,0,204,4
1,6,6,63,7,2,0,0,204,3
1,6,6,63,12,2,0,0,204,4
1,6,6,63,15,2,0,0,204,2
1,6,6,63,23,2,0,0,0,2
1,6,6,63,27,2,0,0,0,2
1,6,6,63,29,2,0,0,0,2
1,6,6,63,31,2,0,0,0,1
1,6,6,63,33,2,0,0,204,4
1,6,6,63,35,2,0,0,204,3
1,6,6,63,39,2,0,0,204,2
1,6,6,63,43,2,0,0,0,2
1,6,6,63,45,2,0,0,0,2
1,6,6,63,46,2,0,0,0,2
1,6,6,63,47,2,0,0,0,1
1,6,6,63,48,2,0,0,204,4
1,6,6,63,49,2,0,0,204,3
1,6,6,63,51,2,0,0,204,2
1,6,6,63,53,2,0,0,0,2
1,6,6,63,54,2,0,0,0,2
1,6,6,63,55,2,0,0,0,1
1,6,6,63,56,2,0,0,204,3
1,6,6,63,57,2,0,0,204,2
1,6,6,63,58,2,0,0,0,2
1,6,6,63,59,2,0,0,0,1
1,6,6,63,60,2,0,0,204,2
1,6,6,63,61,2,0,0,0,1
1,6,6,63,62,2,0,0,0,1
1,6,6,0,1,2,1,0,0,1
1,6,6,0,2,2,1,0,0,1
1,6,6,0,4,2,1,0,0,1
1,6,6,0,5,2,1,0,0,2
1,6,6,0,8,2,1,0,0,1
1,6,6,0,9,2,1,0,0,2
1,6,6,0,10,2,1,0,0,2
1,6,6,0,16,2,1,0,0,1
1,6,6,0,17,2,1,0,0,2
1,6,6,0,18,2,1,0,0,2
1,6,6,0,20,2,1,0,0,2
1,6,6,0,32,2,1,0,0,1
1,6,6,0,34,2,1,0,0,2
1,6,6,0,36,2,1,0,0,2
1,6,6,0,40,2,1,0,0,2
1,6,6,1,0,2,1,0,255,1
1,6,6,2,0,2,1,0,255,1
1,6,6,4,0,2,1,0,255,1
1,6,6,5,0,2,1,0,255,2
1,6,6,8,0,2,1,0,255,1
1,6,6,9,0,2,1,0,255,2
1,6,6,10,0,2,1,0,255,2
1,6,6,16,0,2,1,0,255,1
1,6,6,17,0,2,1,0,255,2
1,6,6,18,0,2,1,0,255,2
1,6,6,20,0,2,1,0,255,2
1,6,6,23,63,2,1,0,255,2
1,6,6,27,63,2,1,0,255,2
1,6,6,29,63,2,1,0,255,2
1,6,6,31,63,2,1,0,255,1
1,6,6,32,0,2,1,0,255,1
1,6,6,34,0,2,1,0,255,2
1,6,6,36,0,2,1,0,255,2
1,6,6,40,0,2,1,0,255,2
1,6,6,43,63,2,1,0,255,2
1,6,6,45,63,2,1,0,255,2
1,6,6,46,63,2,1,0,255,2
1,6,6,47,63,2,1,0,255,1
1,6,6,53,63,2,1,0,255,2
1,6,6,54,63,2,1,0,255,2
1,6,6,55,63,2,1,0,255,1
1,6,6,58,63,2,1,0,255,2
1,6,6,59,63,2,1,0,255,1
1,6,6,61,63,2,1,0,255,1
1,6,6,62,63,2,1,0,255,1
1,6,6,63,23,2,1,0,0,2
1,6,6,63,27,2,1,0,0,2
1,6,6,63,29,2,1,0,0,2
1,6,6,63,31,2,1,0,0,1
1,6,6,63,43,2,1,0,0,2
1,6,6,63,45,2,1,0,0,2
1,6,6,63,46,2,1,0,0,2
1,6,6,63,47,2,1,0,0,1
1,6,6,63,53,2,1,0,0,2
1,6,6,63,54,2,1,0,0,2
1,6,6,63,55,2,1,0,0,1
1,6,6,63,58,2,1,0,0,2
1,6,6,63,59,2,1,0,0,1
1,6,6,63,61,2,1,0,0,1
1,6,6,63,62,2,1,0,0,1
1,6,6,0,1,2,2,0,0,1
1,6,6,0,2,2,2,0,0,1
1,6,6,0,4,2,2,0,0,1
1,6,6,0,5,2,2,0,0,2
1,6,6,0,8,2,2,0,0,1
1,6,6,0,9,2,2,0,0,2
1,6,6,0,10,2,2,0,0,2
1,6,6,0,16,2,2,0,0,1
1,6,6,0,17,2,2,0,0,2
1,6,6,0,18,2,2,0,0,2
1,6,6,0,20,2,2,0,0,2
1,6,6,0,32,2,2,0,0,1
1,6,6,0,34,2,2,0,0,2
1,6,6,0,36,2,2,0,0,2
1,6,6,0,40,2,2,0,0,2
1,6,6,1,0,2,2,0,255,1
1,6,6,2,0,2,2,0,255,1
1,6,6,4,0,2,2,0,255,1
1,6,6,5,0,2,2,0,255,2
1,6,6,8,0,2,2,0,255,1
1,6,6,9,0,2,2,0,255,2
1,6,6,10,0,2,2,0,255,2
1,6,6,16,0,2,2,0,255,1
1,6,6,17,0,2,2,0,255,2
1,6,6,18,0,2,2,0,255,2
1,6,6,20,0,2,2,0,255,2
1,6,6,23,63,2,2,0,255,2
1,6,6,27,63,2,2,0,255,2
1,6,6,29,63,2,2,0,255,2
1,6,6,31,63,2,2,0,255,1
1,6,6,32,0,2,2,0,255,1
1,6,6,34,0,2,2,0,255,2
1,6,6,36,0,2,2,0,255,2
1,6,6,40,0,2,2,0,255,2
1,6,6,43,63,2,2,0,255,2
1,6,6,45,63,2,2,0,255,2
1,6,6,46,63,2,2,0,255,2
1,6,6,47,63,2,2,0,255,1
1,6,6,53,63,2,2,0,255,2
1,6,6,54,63,2,2,0,255,2
1,6,6,55,63,2,2,0,255,1
1,6,6,58,63,2,2,0,255,2
1,6,6,59,63,2,2,0,255,1
1,6,6,61,63,2,2,0,255,1
1,6,6,62,63,2,2,0,255,1
1,6,6,63,23,2,2,0,0,2
1,6,6,63,27,2,2,0,0,2
1,6,6,63,29,2,2,0,0,2
1,6,6,63,31,2,2,0,0,1
1,6,6,63,43,2,2,0,0,2
1,6,6,63,45,2,2,0,0,2
1,6,6,63,46,2,2,0,0,2
1,6,6,63,47,2,2,0,0,1
1,6,6,63,53,2,2,0,0,2
1,6,6,63,54,2,2,0,0,2
1,6,6,63,55,2,2,0,0,1
1,6,6,63,58,2,2,0,0,2
1,6,6,63,59,2,2,0,0,1
1,6,6,63,61,2,2,0,0,1
1,6,6,63,62,2,2,0,0,1
1,6,6,0,1,3,-3,0,0,1
1,6,6,0,2,3,-3,0,0,1
1,6,6,0,4,3,-3,0,0,1
1,6,6,0,5,3,-3,0,0,2
1,6,6,0,8,3,-3,0,0,1
1,6,6,0,9,3,-3,0,0,2
1,6,6,0,10,3,-3,0,0,2
1,6,6,0,16,3,-3,0,0,1
1,6,6,0,17,3,-3,0,0,2
1,6,6,0,18,3,-3,0,0,2
1,6,6,0,20,3,-3,0,0,2
1,6,6,0,21,3,-3,0,192,3
1,6,6,0,32,3,-3,0,0,1
1,6,6,0,34,3,-3,0,0,2
1,6,6,0,36,3,-3,0,0,2
1,6,6,0,40,3,-3,0,0,2
1,6,6,0,42,3,-3,0,192,3
1,6,6,1,0,3,-3,0,255,1
1,6,6,2,0,3,-3,0,255,1
1,6,6,4,0,3,-3,0,255,1
1,6,6,5,0,3,-3,0,255,2
1,6,6,8,0,3,-3,0,255,1
1,6,6,9,0,3,-3,0,255,2
1,6,6,10,0,3,-3,0,255,2
1,6,6,16,0,3,-3,0,255,1
1,6,6,17,0,3,-3,0,255,2
1,6,6,18,0,3,-3,0,255,2
1,6,6,20,0,3,-3,0,255,2
1,6,6,21,0,3,-3,0,252,3
1,6,6,21,63,3,-3,0,252,3
1,6,6,23,63,3,-3,0,255,2
1,6,6,27,63,3,-3,0,255,2
1,6,6,29,63,3,-3,0,255,2
1,6,6,31,63,3,-3,0,255,1
1,6,6,32,0,3,-3,0,255,1
1,6,6,34,0,3,-3,0,255,2
1,6,6,36,0,3,-3,0,255,2
1,6,6,40,0,3,-3,0,255,2
1,6,6,42,0,3,-3,0,252,3
1,6,6,42,63,3,-3,0,252,3
1,6,6,43,63,3,-3,0,255,2
1,6,6,45,63,3,-3,0,255,2
1,6,6,46,63,3,-3,0,255,2
1,6,6,47,63,3,-3,0,255,1
1,6,6,53,63,3,-3,0,255,2
1,6,6,54,63,3,-3,0,255,2
1,6,6,55,63,3,-3,0,255,1
1,6,6,58,63,3,-3,0,255,2
1,6,6,59,63,3,-3,0,255,1
1,6,6,61,63,3,-3,0,255,1
1,6,6,62,63,3,-3,0,255,1
1,6,6,63,21,3,-3,0,192,3
1,6,6,63,23,3,-3,0,0,2
1,6,6,63,27,3,-3,0,0,2
1,6,6,63,29,3,-3,0,0,2
1,6,6,63,31,3,-3,0,0,1
1,6,6,63,42,3,-3,0,192,3
1,6,6,63,43,3,-3,0,0,2
1,6,6,63,45,3,-3,0,0,2
1,6,6,63,46,3,-3,0,0,2
1,6,6,63,47,3,-3,0,0,1
1,6,6,63,53,3,-3,0,0,2
1,6,6,63,54,3,-3,0,0,2
1,6,6,63,55,3,-3,0,0,1
1,6,6,63,58,3,-3,0,0,2
1,6,6,63,59,3,-3,0,0,1
1,6,6,63,61,3,-3,0,0,1
1,6,6,63,62,3,-3,0,0,1
1,6,6,0,1,3,-2,0,0,1
1,6,6,0,2,3,-2,0,0,1
1,6,6,0,4,3,-2,0,0,1
1,6,6,0,5,3,-2,0,0,2
1,6,6,0,8,3,-2,0,0,1
1,6,6,0,9,3,-2,0,0,2
1,6,6,0,10,3,-2,0,0,2
1,6,6,0,16,3,-2,0,0,1
1,6,6,0,17,3,-2,0,0,2
1,6,6,0,18,3,-2,0,0,2
1,6,6,0,20,3,-2,0,0,2
1,6,6,0,32,3,-2,0,0,1
1,6,6,0,34,3,-2,0,0,2
1,6,6,0,36,3,-2,0,0,2
1,6,6,0,40,3,-2,0,0,2
1,6,6,1,0,3,-2,0,255,1
1,6,6,2,0,3,-2,0,255,1
1,6,6,4,0,3,-2,0,255,1
1,6,6,5,0,3,-2,0,255,2
1,6,6,8,0,3,-2,0,255,1
1,6,6,9,0,3,-2,0,255,2
1,6,6,10,0,3,-2,0,255,2
1,6,6,16,0,3,-2,0,255,1
1,6,6,17,0,3,-2,0,255,2
1,6,6,18,0,3,-2,0,255,2
1,6,6,20,0,3,-2,0,255,2
1,6,6,23,63,3,-2,0,255,2
1,6,6,27,63,3,-2,0,255,2
1,6,6,29,63,3,-2,0,255,2
1,6,6,31,63,3,-2,0,255,1
1,6,6,32,0,3,-2,0,255,1
1,6,6,34,0,3,-2,0,255,2
1,6,6,36,0,3,-2,0,255,2
1,6,6,40,0,3,-2,0,255,2
1,6,6,43,63,3,-2,0,255,2
1,6,6,45,63,3,-2,0,255,2
1,6,6,46,63,3,-2,0,255,2
1,6,6,47,63,3,-2,0,255,1
1,6,6,53,63,3,-2,0,255,2
1,6,6,54,63,3,-2,0,255,2
1,6,6,55,63,3,-2,0,255,1
1,6,6,58,63,3,-2,0,255,2
1,6,6,59,63,3,-2,0,255,1
1,6,6,61,63,3,-2,0,255,1
1,6,6,62,63,3,-2,0,255,1
1,6,6,63,23,3,-2,0,0,2
1,6,6,63,27,3,-2,0,0,2
1,6,6,63,29,3,-2,0,0,2
1,6,6,63,31,3,-2,0,0,1
1,6,6,63,43,3,-2,0,0,2
1,6,6,63,45,3,-2,0,0,2
1,6,6,63,46,3,-2,0,0,2
1,6,6,63,47,3,-2,0,0,1
1,6,6,63,53,3,-2,0,0,2
1,6,6,63,54,3,-2,0,0,2
1,6,6,63,55,3,-2,0,0,1
1,6,6,63,58,3,-2,0,0,2
1,6,6,63,59,3,-2,0,0,1
1,6,6,63,61,3,-2,0,0,1
1,6,6,63,62,3,-2,0,0,1
1,6,6,0,1,3,-1,0,0,1
1,6,6,0,2,3,-1,0,0,1
1,6,6,0,4,3,-1,0,0,1
1,6,6,0,5,3,-1,0,0,2
1,6,6,0,8,3,-1,0,0,1
1,6,6,0,9,3,-1,0,0,2
1,6,6,0,10,3,-1,0,0,2
1,6,6,0,16,3,-1,0,0,1
1,6,6,0,17,3,-1,0,0,2
1,6,6,0,18,3,-1,0,0,2
1,6,6,0,20,3,-1,0,0,2
1,6,6,0,32,3,-1,0,0,1
1,6,6,0,34,3,-1,0,0,2
1,6,6,0,36,3,-1,0,0,2
1,6,6,0,40,3,-1,0,0,2
1,6,6,1,0,3,-1,0,255,1
1,6,6,2,0,3,-1,0,255,1
1,6,6,4,0,3,-1,0,255,1
1,6,6,5,0,3,-1,0,255,2
1,6,6,8,0,3,-1,0,255,1
1,6,6,9,0,3,-1,0,255,2
1,6,6,10,0,3,-1,0,255,2
1,6,6,16,0,3,-1,0,255,1
1,6,6,17,0,3,-1,0,255,2
1,6,6,18,0,3,-1,0,255,2
1,6,6,20,0,3,-1,0,255,2
1,6,6,23,63,3,-1,0,255,2
1,6,6,27,63,3,-1,0,255,2
1,6,6,29,63,3,-1,0,255,2
1,6,6,31,63,3,-1,0,255,1
1,6,6,32,0,3,-1,0,255,1
1,6,6,34,0,3,-1,0,255,2
1,6,6,36,0,3,-1,0,255,2
1,6,6,40,0,3,-1,0,255,2
1,6,6,43,63,3,-1,0,255,2
1,6,6,45,63,3,-1,0,255,2
1,6,6,46,63,3,-1,0,255,2
1,6,6,47,63,3,-1,0,255,1
1,6,6,53,63,3,-1,0,255,2
1,6,6,54,63,3,-1,0,255,2
1,6,6,55,63,3,-1,0,255,1
1,6,6,58,63,3,-1,0,255,2
1,6,6,59,63,3,-1,0,255,1
1,6,6,61,63,3,-1,0,255,1
1,6,6,62,63,3,-1,0,255,1
1,6,6,63,23,3,-1,0,0,2
1,6,6,63,27,3,-1,0,0,2
1,6,6,63,29,3,-1,0,0,2
1,6,6,63,31,3,-1,0,0,1
1,6,6,63,43,3,-1,0,0,2
1,6,6,63,45,3,-1,0,0,2
1,6,6,63,46,3,-1,0,0,2
1,6,6,63,47,3,-1,0,0,1
1,6,6,63,53,3,-1,0,0,2
1,6,6,63,54,3,-1,0,0,2
1,6,6,63,55,3,-1,0,0,1
1,6,6,63,58,3,-1,0,0,2
1,6,6,63,59,3,-1,0,0,1
1,6,6,63,61,3,-1,0,0,1
1,6,6,63,62,3,-1,0,0,1
1,6,6,0,1,3,0,0,0,1
1,6,6,0,2,3,0,0,0,1
1,6,6,0,3,3,0,0,204,2
1,6,6,0,4,3,0,0,0,1
1,6,6,0,5,3,0,0,0,2
1,6,6,0,6,3,0,0,204,2
1,6,6,0,7,3,0,0,204,3
1,6,6,0,8,3,0,0,0,1
1,6,6,0,9,3,0,0,0,2
1,6,6,0,10,3,0,0,0,2
1,6,6,0,12,3,0,0,204,2
1,6,6,0,14,3,0,0,204,3
1,6,6,0,15,3,0,0,204,4
1,6,6,0,16,3,0,0,0,1
1,6,6,0,17,3,0,0,0,2
1,6,6,0,18,3,0,0,0,2
1,6,6,0,20,3,0,0,0,2
1,6,6,0,24,3,0,0,204,2
1,6,6,0,28,3,0,0,204,3
1,6,6,0,30,3,0,0,204,4
1,6,6,0,32,3,0,0,0,1
1,6,6,0,34,3,0,0,0,2
1,6,6,0,36,3,0,0,0,2
1,6,6,0,40,3,0,0,0,2
1,6,6,0,48,3,0,0,204,2
1,6,6,0,51,3,0,0,204,4
1,6,6,0,56,3,0,0,204,3
1,6,6,0,60,3,0,0,204,4
1,6,6,0,63,3,0,0,204,6
1,6,6,1,0,3,0,0,255,1
1,6,6,2,0,3,0,0,255,1
1,6,6,3,0,3,0,0,204,2
1,6,6,3,6,3,0,0,204,2
1,6,6,3,7,3,0,0,204,1
1,6,6,3,12,3,0,0,204,4
1,6,6,3,14,3,0,0,204,3
1,6,6,3,15,3,0,0,204,2
1,6,6,3,35,3,0,0,204,1
1,6,6,3,39,3,0,0,204,2
1,6,6,3,48,3,0,0,204,4
1,6,6,3,51,3,0,0,204,2
1,6,6,3,56,3,0,0,204,5
1,6,6,3,60,3,0,0,204,6
1,6,6,3,63,3,0,0,204,4
1,6,6,4,0,3,0,0,255,1
1,6,6,5,0,3,0,0,255,2
1,6,6,6,0,3,0,0,204,2
1,6,6,6,3,3,0,0,204,2
1,6,6,6,7,3,0,0,204,1
1,6,6,6,12,3,0,0,204,2
1,6,6,6,14,3,0,0,204,1
1,6,6,6,15,3,0,0,204,2
1,6,6,6,24,3,0,0,204,4
1,6,6,6,28,3,0,0,204,3
1,6,6,6,30,3,0,0,204,2
1,6,6,7,0,3,0,0,204,3
1,6,6,7,3,3,0,0,204,1
1,6,6,7,6,3,0,0,204,1
1,6,6,7,11,3,0,0,0,2
1,6,6,7,12,3,0,0,204,3
1,6,6,7,14,3,0,0,204,2
1,6,6,7,15,3,0,0,204,1
1,6,6,7,35,3,0,0,204,2
1,6,6,7,39,3,0,0,204,1
1,6,6,7,48,3,0,0,204,5
1,6,6,7,51,3,0,0,204,3
1,6,6,7,56,3,0,0,204,6
1,6,6,7,60,3,0,0,204,5
1,6,6,7,63,3,0,0,204,3
1,6,6,8,0,3,0,0,255,1
1,6,6,9,0,3,0,0,255,2
1,6,6,10,0,3,0,0,255,2
1,6,6,11,7,3,0,0,255,2
1,6,6,12,0,3,0,0,204,2
1,6,6,12,3,3,0,0,204,4
1,6,6,12,6,3,0,0,204,2
1,6,6,12,7,3,0,0,204,3
1,6,6,12,14,3,0,0,204,1
1,6,6,12,15,3,0,0,204,2
1,6,6,12,24,3,0,0,204,2
1,6,6,12,28,3,0,0,204,1
1,6,6,12,30,3,0,0,204,2
1,6,6,12,48,3,0,0,204,4
1,6,6,12,51,3,0,0,204,6
1,6,6,12,56,3,0,0,204,3
1,6,6,12,60,3,0,0,204,2
1,6,6,12,63,3,0,0,204,4
1,6,6,13,14,3,0,0,255,2
1,6,6,14,0,3,0,0,204,3
1,6,6,14,3,3,0,0,204,3
1,6,6,14,6,3,0,0,204,1
1,6,6,14,7,3,0,0,204,2
1,6,6,14,12,3,0,0,204,1
1,6,6,14,13,3,0,0,0,2
1,6,6,14,15,3,0,0,204,1
1,6,6,14,22,3,0,0,0,2
1,6,6,14,24,3,0,0,204,3
1,6,6,14,28,3,0,0,204,2
1,6,6,14,30,3,0,0,204,1
1,6,6,15,0,3,0,0,204,4
1,6,6,15,3,3,0,0,204,2
1,6,6,15,6,3,0,0,204,2
1,6,6,15,7,3,0,0,204,1
1,6,6,15,12,3,0,0,204,2
1,6,6,15,14,3,0,0,204,1
1,6,6,15,35,3,0,0,204,3
1,6,6,15,39,3,0,0,204,2
1,6,6,15,48,3,0,0,204,6
1,6,6,15,51,3,0,0,204,4
1,6,6,15,56,3,0,0,204,5
1,6,6,15,60,3,0,0,204,4
1,6,6,15,63,3,0,0,204,2
1,6,6,16,0,3,0,0,255,1
1,6,6,17,0,3,0,0,255,2
1,6,6,18,0,3,0,0,255,2
1,6,6,19,35,3,0,0,255,2
1,6,6,20,0,3,0,0,255,2
1,6,6,22,14,3,0,0,255,2
1,6,6,23,63,3,0,0,255,2
1,6,6,24,0,3,0,0,204,2
1,6,6,24,6,3,0,0,204,4
1,6,6,24,12,3,0,0,204,2
1,6,6,24,14,3,0,0,204,3
1,6,6,24,28,3,0,0,204,1
1,6,6,24,30,3,0,0,204,2
1,6,6,24,48,3,0,0,204,2
1,6,6,24,56,3,0,0,204,1
1,6,6,24,60,3,0,0,204,2
1,6,6,26,28,3,0,0,255,2
1,6,6,27,63,3,0,0,255,2
1,6,6,28,0,3,0,0,204,3
1,6,6,28,6,3,0,0,204,3
1,6,6,28,12,3,0,0,204,1
1,6,6,28,14,3,0,0,204,2
1,6,6,28,24,3,0,0,204,1
1,6,6,28,26,3,0,0,0,2
1,6,6,28,30,3,0,0,204,1
1,6,6,28,44,3,0,0,0,2
1,6,6,28,48,3,0,0,204,3
1,6,6,28,56,3,0,0,204,2
1,6,6,28,60,3,0,0,204,1
1,6,6,29,63,3,0,0,255,2
1,6,6,30,0,3,0,0,204,4
1,6,6,30,6,3,0,0,204,2
1,6,6,30,12,3,0,0,204,2
1,6,6,30,14,3,0,0,204,1
1,6,6,30,24,3,0,0,204,2
1,6,6,30,28,3,0,0,204,1
1,6,6,31,63,3,0,0,255,1
1,6,6,32,0,3,0,0,255,1
1,6,6,33,35,3,0,0,204,1
1,6,6,33,39,3,0,0,204,2
1,6,6,33,49,3,0,0,204,1
1,6,6,33,51,3,0,0,204,2
1,6,6,33,57,3,0,0,204,2
1,6,6,33,63,3,0,0,204,4
1,6,6,34,0,3,0,0,255,2
1,6,6,35,3,3,0,0,204,1
1,6,6,35,7,3,0,0,204,2
1,6,6,35,15,3,0,0,204,3
1,6,6,35,19,3,0,0,0,2
1,6,6,35,33,3,0,0,204,1
1,6,6,35,37,3,0,0,0,2
1,6,6,35,39,3,0,0,204,1
1,6,6,35,49,3,0,0,204,2
1,6,6,35,51,3,0,0,204,1
1,6,6,35,57,3,0,0,204,3
1,6,6,35,63,3,0,0,204,3
1,6,6,36,0,3,0,0,255,2
1,6,6,37,35,3,0,0,255,2
1,6,6,39,3,3,0,0,204,2
1,6,6,39,7,3,0,0,204,1
1,6,6,39,15,3,0,0,204,2
1,6,6,39,33,3,0,0,204,2
1,6,6,39,35,3,0,0,204,1
1,6,6,39,49,3,0,0,204,3
1,6,6,39,51,3,0,0,204,2
1,6,6,39,57,3,0,0,204,4
1,6,6,39,63,3,0,0,204,2
1,6,6,40,0,3,0,0,255,2
1,6,6,41,49,3,0,0,255,2
1,6,6,43,63,3,0,0,255,2
1,6,6,44,28,3,0,0,255,2
1,6,6,45,63,3,0,0,255,2
1,6,6,46,63,3,0,0,255,2
1,6,6,47,63,3,0,0,255,1
1,6,6,48,0,3,0,0,204,2
1,6,6,48,3,3,0,0,204,4
1,6,6,48,7,3,0,0,204,5
1,6,6,48,12,3,0,0,204,4
1,6,6,48,15,3,0,0,204,6
1,6,6,48,24,3,0,0,204,2
1,6,6,48,28,3,0,0,204,3
1,6,6,48,49,3,0,0,204,1
1,6,6,48,51,3,0,0,204,2
1,6,6,48,56,3,0,0,204,1
1,6,6,48,57,3,0,0,204,2
1,6,6,48,60,3,0,0,204,2
1,6,6,48,63,3,0,0,204,4
1,6,6,49,33,3,0,0,204,1
1,6,6,49,35,3,0,0,204,2
1,6,6,49,39,3,0,0,204,3
1,6,6,49,41,3,0,0,0,2
1,6,6,49,48,3,0,0,204,1
1,6,6,49,50,3,0,0,0,2
1,6,6,49,51,3,0,0,204,1
1,6,6,49,56,3,0,0,204,2
1,6,6,49,57,3,0,0,204,1
1,6,6,49,60,3,0,0,204,3
1,6,6,49,63,3,0,0,204,3
1,6,6,50,49,3,0,0,255,2
1,6,6,51,0,3,0,0,204,4
1,6,6,51,3,3,0,0,204,2
1,6,6,51,7,3,0,0,204,3
1,6,6,51,12,3,0,0,204,6
1,6,6,51,15,3,0,0,204,4
1,6,6,51,33,3,0,0,204,2
1,6,6,51,35,3,0,0,204,1
1,6,6,51,39,3,0,0,204,2
1,6,6,51,48,3,0,0,204,2
1,6,6,51,49,3,0,0,204,1
1,6,6,51,56,3,0,0,204,3
1,6,6,51,57,3,0,0,204,2
1,6,6,51,60,3,0,0,204,4
1,6,6,51,63,3,0,0,204,2
1,6,6,52,56,3,0,0,255,2
1,6,6,53,63,3,0,0,255,2
1,6,6,54,63,3,0,0,255,2
1,6,6,55,63,3,0,0,255,1
1,6,6,56,0,3,0,0,204,3
1,6,6,56,3,3,0,0,204,5
1,6,6,56,7,3,0,0,204,6
1,6,6,56,12,3,0,0,204,3
1,6,6,56,15,3,0,0,204,5
1,6,6,56,24,3,0,0,204,1
1,6,6,56,28,3,0,0,204,2
1,6,6,56,48,3,0,0,204,1
1,6,6,56,49,3,0,0,204,2
1,6,6,56,51,3,0,0,204,3
1,6,6,56,52,3,0,0,0,2
1,6,6,56,57,3,0,0,204,1
1,6,6,56,60,3,0,0,204,1
1,6,6,56,63,3,0,0,204,3
1,6,6,57,33,3,0,0,204,2
1,6,6,57,35,3,0,0,204,3
1,6,6,57,39,3,0,0,204,4
1,6,6,57,48,3,0,0,204,2
1,6,6,57,49,3,0,0,204,1
1,6,6,57,51,3,0,0,204,2
1,6,6,57,56,3,0,0,204,1
1,6,6,57,60,3,0,0,204,2
1,6,6,57,63,3,0,0,204,2
1,6,6,58,63,3,0,0,255,2
1,6,6,59,63,3,0,0,255,1
1,6,6,60,0,3,0,0,204,4
1,6,6,60,3,3,0,0,204,6
1,6,6,60,7,3,0,0,204,5
1,6,6,60,12,3,0,0,204,2
1,6,6,60,15,3,0,0,204,4
1,6,6,60,24,3,0,0,204,2
1,6,6,60,28,3,0,0,204,1
1,6,6,60,48,3,0,0,204,2
1,6,6,60,49,3,0,0,204,3
1,6,6,60,51,3,0,0,204,4
1,6,6,60,56,3,0,0,204,1
1,6,6,60,57,3,0,0,204,2
1,6,6,60,63,3,0,0,204,2
1,6,6,61,63,3,0,0,255,1
1,6,6,62,63,3,0,0,255,1
1,6,6,63,0,3,0,0,204,6
1,6,6,63,3,3,0,0,204,4
1,6,6,63,7,3,0,0,204,3
1,6,6,63,12,3,0,0,204,4
1,6,6,63,15,3,0,0,204,2
1,6,6,63,23,3,0,0,0,2
1,6,6,63,27,3,0,0,0,2
1,6,6,63,29,3,0,0,0,2
1,6,6,63,31,3,0,0,0,1
1,6,6,63,33,3,0,0,204,4
1,6,6,63,35,3,0,0,204,3
1,6,6,63,39,3,0,0,204,2
1,6,6,63,43,3,0,0,0,2
1,6,6,63,45,3,0,0,0,2
1,6,6,63,46,3,0,0,0,2
1,6,6,63,47,3,0,0,0,1
1,6,6,63,48,3,0,0,204,4
1,6,6,63,49,3,0,0,204,3
1,6,6,63,51,3,0,0,204,2
1,6,6,63,53,3,0,0,0,2
1,6,6,63,54,3,0,0,0,2
1,6,6,63,55,3,0,0,0,1
1,6,6,63,56,3,0,0,204,3
1,6,6,63,57,3,0,0,204,2
1,6,6,63,58,3,0,0,0,2
1,6,6,63,59,3,0,0,0,1
1,6,6,63,60,3,0,0,204,2
1,6,6,63,61,3,0,0,0,1
1,6,6,63,62,3,0,0,0,1
1,6,6,0,1,3,1,0,0,1
1,6,6,0,2,3,1,0,0,1
1,6,6,0,4,3,1,0,0,1
1,6,6,0,5,3,1,0,0,2
1,6,6,0,8,3,1,0,0,1
1,6,6,0,9,3,1,0,0,2
1,6,6,0,10,3,1,0,0,2
1,6,6,0,16,3,1,0,0,1
1,6,6,0,17,3,1,0,0,2
1,6,6,0,18,3,1,0,0,2
1,6,6,0,20,3,1,0,0,2
1,6,6,0,32,3,1,0,0,1
1,6,6,0,34,3,1,0,0,2
1,6,6,0,36,3,1,0,0,2
1,6,6,0,40,3,1,0,0,2
1,6,6,1,0,3,1,0,255,1
1,6,6,2,0,3,1,0,255,1
1,6,6,4,0,3,1,0,255,1
1,6,6,5,0,3,1,0,255,2
1,6,6,8,0,3,1,0,255,1
1,6,6,9,0,3,1,0,255,2
1,6,6,10,0,3,1,0,255,2
1,6,6,16,0,3,1,0,255,1
1,6,6,17,0,3,1,0,255,2
1,6,6,18,0,3,1,0,255,2
1,6,6,20,0,3,1,0,255,2
1,6,6,23,63,3,1,0,255,2
1,6,6,27,63,3,1,0,255,2
1,6,6,29,63,3,1,0,255,2
1,6,6,31,63,3,1,0,255,1
1,6,6,32,0,3,1,0,255,1
1,6,6,34,0,3,1,0,255,2
1,6,6,36,0,3,1,0,255,2
1,6,6,40,0,3,1,0,255,2
1,6,6,43,63,3,1,0,255,2
1,6,6,45,63,3,1,0,255,2
1,6,6,46,63,3,1,0,255,2
1,6,6,47,63,3,1,0,255,1
1,6,6,53,63,3,1,0,255,2
1,6,6,54,63,3,1,0,255,2
1,6,6,55,63,3,1,0,255,1
1,6,6,58,63,3,1,0,255,2
1,6,6,59,63,3,1,0,255,1
1,6,6,61,63,3,1,0,255,1
1,6,6,62,63,3,1,0,255,1
1,6,6,63,23,3,1,0,0,2
1,6,6,63,27,3,1,0,0,2
1,6,6,63,29,3,1,0,0,2
1,6,6,63,31,3,1,0,0,1
1,6,6,63,43,3,1,0,0,2
1,6,6,63,45,3,1,0,0,2
1,6,6,63,46,3,1,0,0,2
1,6,6,63,47,3,1,0,0,1
1,6,6,63,53,3,1,0,0,2
1,6,6,63,54,3,1,0,0,2
1,6,6,63,55,3,1,0,0,1
1,6,6,63,58,3,1,0,0,2
1,6,6,63,59,3,1,0,0,1
1,6,6,63,61,3,1,0,0,1
1,6,6,63,62,3,1,0,0,1
1,6,6,0,1,3,2,0,0,1
1,6,6,0,2,3,2,0,0,1
1,6,6,0,4,3,2,0,0,1
1,6,6,0,5,3,2,0,0,2
1,6,6,0,8,3,2,0,0,1
1,6,6,0,9,3,2,0,0,2
1,6,6,0,10,3,2,0,0,2
1,6,6,0,16,3,2,0,0,1
1,6,6,0,17,3,2,0,0,2
1,6,6,0,18,3,2,0,0,2
1,6,6,0,20,3,2,0,0,2
1,6,6,0,32,3,2,0,0,1
1,6,6,0,34,3,2,0,0,2
1,6,6,0,36,3,2,0,0,2
1,6,6,0,40,3,2,0,0,2
1,6,6,1,0,3,2,0,255,1
1,6,6,2,0,3,2,0,255,1
1,6,6,4,0,3,2,0,255,1
1,6,6,5,0,3,2,0,255,2
1,6,6,8,0,3,2,0,255,1
1,6,6,9,0,3,2,0,255,2
1,6,6,10,0,3,2,0,255,2
1,6,6,16,0,3,2,0,255,1
1,6,6,17,0,3,2,0,255,2
1,6,6,18,0,3,2,0,255,2
1,6,6,20,0,3,2,0,255,2
1,6,6,23,63,3,2,0,255,2
1,6,6,27,63,3,2,0,255,2
1,6,6,29,63,3,2,0,255,2
1,6,6,31,63,3,2,0,255,1
1,6,6,32,0,3,2,0,255,1
1,6,6,34,0,3,2,0,255,2
1,6,6,36,0,3,2,0,255,2
1,6,6,40,0,3,2,0,255,2
1,6,6,43,63,3,2,0,255,2
1,6,6,45,63,3,2,0,255,2
1,6,6,46,63,3,2,0,255,2
1,6,6,47,63,3,2,0,255,1
1,6,6,53,63,3,2,0,255,2
1,6,6,54,63,3,2,0,255,2
1,6,6,55,63,3,2,0,255,1
1,6,6,58,63,3,2,0,255,2
1,6,6,59,63,3,2,0,255,1
1,6,6,61,63,3,2,0,255,1
1,6,6,62,63,3,2,0,255,1
1,6,6,63,23,3,2,0,0,2
1,6,6,63,27,3,2,0,0,2
1,6,6,63,29,3,2,0,0,2
1,6,6,63,31,3,2,0,0,1
1,6,6,63,43,3,2,0,0,2
1,6,6,63,45,3,2,0,0,2
1,6,6,63,46,3,2,0,0,2
1,6,6,63,47,3,2,0,0,1
1,6,6,63,53,3,2,0,0,2
1,6,6,63,54,3,2,0,0,2
1,6,6,63,55,3,2,0,0,1
1,6,6,63,58,3,2,0,0,2
1,6,6,63,59,3,2,0,0,1
1,6,6,63,61,3,2,0,0,1
1,6,6,63,62,3,2,0,0,1
1,6,6,0,1,3,3,0,0,1
1,6,6,0,2,3,3,0,0,1
1,6,6,0,4,3,3,0,0,1
1,6,6,0,5,3,3,0,0,2
1,6,6,0,8,3,3,0,0,1
1,6,6,0,9,3,3,0,0,2
1,6,6,0,10,3,3,0,0,2
1,6,6,0,16,3,3,0,0,1
1,6,6,0,17,3,3,0,0,2
1,6,6,0,18,3,3,0,0,2
1,6,6,0,20,3,3,0,0,2
1,6,6,0,21,3,3,0,136,3
1,6,6,0,32,3,3,0,0,1
1,6,6,0,34,3,3,0,0,2
1,6,6,0,36,3,3,0,0,2
1,6,6,0,40,3,3,0,0,2
1,6,6,0,42,3,3,0,136,3
1,6,6,1,0,3,3,0,255,1
1,6,6,2,0,3,3,0,255,1
1,6,6,4,0,3,3,0,255,1
1,6,6,5,0,3,3,0,255,2
1,6,6,8,0,3,3,0,255,1
1,6,6,9,0,3,3,0,255,2
1,6,6,10,0,3,3,0,255,2
1,6,6,16,0,3,3,0,255,1
1,6,6,17,0,3,3,0,255,2
1,6,6,18,0,3,3,0,255,2
1,6,6,20,0,3,3,0,255,2
1,6,6,21,0,3,3,0,238,3
1,6,6,21,63,3,3,0,238,3
1,6,6,23,63,3,3,0,255,2
1,6,6,27,63,3,3,0,255,2
1,6,6,29,63,3,3,0,255,2
1,6,6,31,63,3,3,0,255,1
1,6,6,32,0,3,3,0,255,1
1,6,6,34,0,3,3,0,255,2
1,6,6,36,0,3,3,0,255,2
1,6,6,40,0,3,3,0,255,2
1,6,6,42,0,3,3,0,238,3
1,6,6,42,63,3,3,0,238,3
1,6,6,43,63,3,3,0,255,2
1,6,6,45,63,3,3,0,255,2
1,6,6,46,63,3,3,0,255,2
1,6,6,47,63,3,3,0,255,1
1,6,6,53,63,3,3,0,255,2
1,6,6,54,63,3,3,0,255,2
1,6,6,55,63,3,3,0,255,1
1,6,6,58,63,3,3,0,255,2
1,6,6,59,63,3,3,0,255,1
1,6,6,61,63,3,3,0,255,1
1,6,6,62,63,3,3,0,255,1
1,6,6,63,21,3,3,0,136,3
1,6,6,63,23,3,3,0,0,2
1,6,6,63,27,3,3,0,0,2
1,6,6,63,29,3,3,0,0,2
1,6,6,63,31,3,3,0,0,1
1,6,6,63,42,3,3,0,136,3
1,6,6,63,43,3,3,0,0,2
1,6,6,63,45,3,3,0,0,2
1,6,6,63,46,3,3,0,0,2
1,6,6,63,47,3,3,0,0,1
1,6,6,63,53,3,3,0,0,2
1,6,6,63,54,3,3,0,0,2
1,6,6,63,55,3,3,0,0,1
1,6,6,63,58,3,3,0,0,2
1,6,6,63,59,3,3,0,0,1
1,6,6,63,61,3,3,0,0,1
1,6,6,63,62,3,3,0,0,1
2,1,2,1,3,1,-1,-1,204,1
2,1,2,2,3,1,-1,-1,204,1
2,1,2,3,1,1,-1,-1,204,1
2,1,2,3,2,1,-1,-1,204,1
2,1,2,0,1,1,0,-1,240,1
2,1,2,0,2,1,0,-1,240,1
2,1,2,0,3,1,0,-1,232,2
2,1,2,1,0,1,0,-1,240,1
2,1,2,1,2,1,0,-1,232,2
2,1,2,1,3,1,0,-1,170,1
2,1,2,2,0,1,0,-1,240,1
2,1,2,2,1,1,0,-1,232,2
2,1,2,2,3,1,0,-1,170,1
2,1,2,3,0,1,0,-1,232,2
2,1,2,3,1,1,0,-1,170,1
2,1,2,3,2,1,0,-1,170,1
2,1,2,0,3,1,0,0,232,2
2,1,2,1,2,1,0,0,23,2
2,1,2,2,1,1,0,0,23,2
2,1,2,3,0,1,0,0,232,2
2,1,2,0,1,1,1,-1,204,1
2,1,2,0,2,1,1,-1,204,1
2,1,2,1,0,1,1,-1,204,1
2,1,2,2,0,1,1,-1,204,1
2,1,2,1,3,2,-2,0,204,1
2,1,2,2,3,2,-2,0,204,1
2,1,2,3,1,2,-2,0,204,1
2,1,2,3,2,2,-2,0,204,1
2,1,2,1,3,2,-1,0,170,1
2,1,2,2,3,2,-1,0,170,1
2,1,2,3,1,2,-1,0,170,1
2,1,2,3,2,2,-1,0,170,1
2,1,2,0,1,2,1,0,240,1
2,1,2,0,2,2,1,0,240,1
2,1,2,1,0,2,1,0,240,1
2,1,2,2,0,2,1,0,240,1
2,1,2,0,1,2,2,0,204,1
2,1,2,0,2,2,2,0,204,1
2,1,2,1,0,2,2,0,204,1
2,1,2,2,0,2,2,0,204,1
2,1,2,1,3,3,-3,-1,204,1
2,1,2,2,3,3,-3,-1,204,1
2,1,2,3,1,3,-3,-1,204,1
2,1,2,3,2,3,-3,-1,204,1
2,1,2,1,3,3,-2,-1,170,1
2,1,2,2,3,3,-2,-1,170,1
2,1,2,3,1,3,-2,-1,170,1
2,1,2,3,2,3,-2,-1,170,1
2,1,2,0,1,3,2,-1,240,1
2,1,2,0,2,3,2,-1,240,1
2,1,2,1,0,3,2,-1,240,1
2,1,2,2,0,3,2,-1,240,1
2,1,2,0,1,3,3,-1,204,1
2,1,2,0,2,3,3,-1,204,1
2,1,2,1,0,3,3,-1,204,1
2,1,2,2,0,3,3,-1,204,1
2,2,4,0,1,1,-1,-1,240,1
2,2,4,0,2,1,-1,-1,240,1
2,2,4,0,3,1,-1,-1,240,2
2,2,4,0,4,1,-1,-1,240,1
2,2,4,0,5,1,-1,-1,192,2
2,2,4,0,8,1,-1,-1,240,1
2,2,4,0,10,1,-1,-1,192,2
2,2,4,0,12,1,-1,-1,240,2
2,2,4,1,0,1,-1,-1,240,1
2,2,4,1,2,1,-1,-1,240,2
2,2,4,1,3,1,-1,-1,240,1
2,2,4,2,0,1,-1,-1,240,1
2,2,4,2,1,1,-1,-1,240,2
2,2,4,2,3,1,-1,-1,240,1
2,2,4,3,0,1,-1,-1,240,2
2,2,4,3,1,1,-1,-1,240,1
2,2,4,3,2,1,-1,-1,240,1
2,2,4,3,6,1,-1,-1,192,2
2,2,4,3,7,1,-1,-1,204,1
2,2,4,3,9,1,-1,-1,192,2
2,2,4,3,11,1,-1,-1,204,1
2,2,4,3,15,1,-1,-1,204,2
2,2,4,4,0,1,-1,-1,240,1
2,2,4,4,8,1,-1,-1,240,2
2,2,4,4,12,1,-1,-1,240,1
2,2,4,5,0,1,-1,-1,252,2
2,2,4,5,15,1,-1,-1,252,2
2,2,4,6,3,1,-1,-1,252,2
2,2,4,6,12,1,-1,-1,252,2
2,2,4,7,3,1,-1,-1,204,1
2,2,4,7,11,1,-1,-1,204,2
2,2,4,7,15,1,-1,-1,204,1
2,2,4,8,0,1,-1,-1,240,1
2,2,4,8,4,1,-1,-1,240,2
2,2,4,0,5,1,-1,0,192,2
2,2,4,0,10,1,-1,0,192,2
2,2,4,5,0,1,-1,0,252,2
2,2,4,5,15,1,-1,0,252,2
2,2,4,8,12,1,-1,-1,240,1
2,2,4,9,3,1,-1,-1,252,2
2,2,4,9,12,1,-1,-1,252,2
2,2,4,10,0,1,-1,-1,252,2
2,2,4,10,15,1,-1,-1,252,2
2,2,4,11,3,1,-1,-1,204,1
2,2,4,11,7,1,-1,-1,204,2
2,2,4,11,15,1,-1,-1,204,1
2,2,4,12,0,1,-1,-1,240,2
2,2,4,12,4,1,-1,-1,240,1
2,2,4,12,6,1,-1,-1,192,2
2,2,4,12,8,1,-1,-1,240,1
2,2,4,12,9,1,-1,-1,192,2
2,2,4,12,13,1,-1,-1,204,1
2,2,4,12,14,1,-1,-1,204,1
2,2,4,12,15,1,-1,-1,204,2
2,2,4,13,12,1,-1,-1,204,1
2,2,4,13,14,1,-1,-1,204,2
2,2,4,13,15,1,-1,-1,204,1
2,2,4,14,12,1,-1,-1,204,1
2,2,4,14,13,1,-1,-1,204,2
2,2,4,14,15,1,-1,-1,204,1
2,2,4,15,3,1,-1,-1,204,2
2,2,4,15,5,1,-1,-1,192,2
2,2,4,15,7,1,-1,-1,204,1
2,2,4,15,10,1,-1,-1,192,2
2,2,4,15,11,1,-1,-1,204,1
2,2,4,15,12,1,-1,-1,204,2
2,2,4,15,13,1,-1,-1,204,1
2,2,4,15,14,1,-1,-1,204,1
2,2,4,10,0,1,-1,0,252,2
2,2,4,10,15,1,-1,0,252,2
2,2,4,15,5,1,-1,0,192,2
2,2,4,15,10,1,-1,0,192,2
2,2,4,0,15,1,0,-1,204,4
2,2,4,3,12,1,0,-1,204,4
2,2,4,0,15,1,0,0,204,4
2,2,4,3,12,1,0,0,51,4
2,2,4,12,3,1,0,-1,204,4
2,2,4,15,0,1,0,-1,204,4
2,2,4,12,3,1,0,0,51,4
2,2,4,15,0,1,0,0,204,4
2,2,4,0,1,1,1,-1,204,1
2,2,4,0,2,1,1,-1,204,1
2,2,4,0,3,1,1,-1,204,2
2,2,4,0,4,1,1,-1,204,1
2,2,4,0,5,1,1,-1,136,2
2,2,4,0,8,1,1,-1,204,1
2,2,4,0,10,1,1,-1,136,2
2,2,4,0,12,1,1,-1,204,2
2,2,4,1,0,1,1,-1,204,1
2,2,4,1,2,1,1,-1,204,2
2,2,4,1,3,1,1,-1,204,1
2,2,4,2,0,1,1,-1,204,1
2,2,4,2,1,1,1,-1,204,2
2,2,4,2,3,1,1,-1,204,1
2,2,4,3,0,1,1,-1,204,2
2,2,4,3,1,1,1,-1,204,1
2,2,4,3,2,1,1,-1,204,1
2,2,4,3,6,1,1,-1,136,2
2,2,4,3,7,1,1,-1,170,1
2,2,4,3,9,1,1,-1,136,2
2,2,4,3,11,1,1,-1,170,1
2,2,4,3,15,1,1,-1,170,2
2,2,4,4,0,1,1,-1,204,1
2,2,4,4,8,1,1,-1,204,2
2,2,4,4,12,1,1,-1,204,1
2,2,4,5,0,1,1,-1,238,2
2,2,4,5,15,1,1,-1,238,2
2,2,4,6,3,1,1,-1,238,2
2,2,4,6,12,1,1,-1,238,2
2,2,4,7,3,1,1,-1,170,1
2,2,4,7,11,1,1,-1,170,2
2,2,4,7,15,1,1,-1,170,1
2,2,4,8,0,1,1,-1,204,1
2,2,4,8,4,1,1,-1,204,2
2,2,4,0,5,1,1,0,136,2
2,2,4,0,10,1,1,0,136,2
2,2,4,5,0,1,1,0,238,2
2,2,4,5,15,1,1,0,238,2
2,2,4,8,12,1,1,-1,204,1
2,2,4,9,3,1,1,-1,238,2
2,2,4,9,12,1,1,-1,238,2
2,2,4,10,0,1,1,-1,238,2
2,2,4,10,15,1,1,-1,238,2
2,2,4,11,3,1,1,-1,170,1
2,2,4,11,7,1,1,-1,170,2
2,2,4,11,15,1,1,-1,170,1
2,2,4,12,0,1,1,-1,204,2
2,2,4,12,4,1,1,-1,204,1
2,2,4,12,6,1,1,-1,136,2
2,2,4,12,8,1,1,-1,204,1
2,2,4,12,9,1,1,-1,136,2
2,2,4,12,13,1,1,-1,170,1
2,2,4,12,14,1,1,-1,170,1
2,2,4,12,15,1,1,-1,170,2
2,2,4,13,12,1,1,-1,170,1
2,2,4,13,14,1,1,-1,170,2
2,2,4,13,15,1,1,-1,170,1
2,2,4,14,12,1,1,-1,170,1
2,2,4,14,13,1,1,-1,170,2
2,2,4,14,15,1,1,-1,170,1
2,2,4,15,3,1,1,-1,170,2
2,2,4,15,5,1,1,-1,136,2
2,2,4,15,7,1,1,-1,170,1
2,2,4,15,10,1,1,-1,136,2
2,2,4,15,11,1,1,-1,170,1
2,2,4,15,12,1,1,-1,170,2
2,2,4,15,13,1,1,-1,170,1
2,2,4,15,14,1,1,-1,170,1
2,2,4,10,0,1,1,0,238,2
2,2,4,10,15,1,1,0,238,2
2,2,4,15,5,1,1,0,136,2
2,2,4,15,10,1,1,0,136,2
2,2,4,0,15,2,-2,-1,240,4
2,2,4,3,12,2,-2,-1,15,4
2,2,4,0,15,2,-2,0,240,4
2,2,4,3,7,2,-2,0,204,1
2,2,4,3,11,2,-2,0,204,1
2,2,4,3,12,2,-2,0,240,4
2,2,4,3,15,2,-2,0,204,2
2,2,4,7,3,2,-2,0,204,1
2,2,4,7,11,2,-2,0,204,2
2,2,4,7,15,2,-2,0,204,1
2,2,4,12,3,2,-2,-1,15,4
2,2,4,15,0,2,-2,-1,240,4
2,2,4,11,3,2,-2,0,204,1
2,2,4,11,7,2,-2,0,204,2
2,2,4,11,15,2,-2,0,204,1
2,2,4,12,3,2,-2,0,240,4
2,2,4,12,13,2,-2,0,204,1
2,2,4,12,14,2,-2,0,204,1
2,2,4,12,15,2,-2,0,204,2
2,2,4,13,12,2,-2,0,204,1
2,2,4,13,14,2,-2,0,204,2
2,2,4,13,15,2,-2,0,204,1
2,2,4,14,12,2,-2,0,204,1
2,2,4,14,13,2,-2,0,204,2
2,2,4,14,15,2,-2,0,204,1
2,2,4,15,0,2,-2,0,240,4
2,2,4,15,3,2,-2,0,204,2
2,2,4,15,7,2,-2,0,204,1
2,2,4,15,11,2,-2,0,204,1
2,2,4,15,12,2,-2,0,204,2
2,2,4,15,13,2,-2,0,204,1
2,2,4,15,14,2,-2,0,204,1
2,2,4,0,5,2,0,-1,128,2
2,2,4,0,10,2,0,-1,128,2
2,2,4,0,15,2,0,-1,204,4
2,2,4,3,12,2,0,-1,51,4
2,2,4,5,0,2,0,-1,254,2
2,2,4,5,15,2,0,-1,254,2
2,2,4,0,1,2,0,0,240,1
2,2,4,0,2,2,0,0,240,1
2,2,4,0,3,2,0,0,240,2
2,2,4,0,4,2,0,0,240,1
2,2,4,0,5,2,0,0,128,2
2,2,4,0,8,2,0,0,240,1
2,2,4,0,10,2,0,0,128,2
2,2,4,0,12,2,0,0,240,2
2,2,4,0,15,2,0,0,204,4
2,2,4,1,0,2,0,0,240,1
2,2,4,1,2,2,0,0,240,2
2,2,4,1,3,2,0,0,240,1
2,2,4,2,0,2,0,0,240,1
2,2,4,2,1,2,0,0,240,2
2,2,4,2,3,2,0,0,240,1
2,2,4,3,0,2,0,0,240,2
2,2,4,3,1,2,0,0,240,1
2,2,4,3,2,2,0,0,240,1
2,2,4,3,6,2,0,0,128,2
2,2,4,3,7,2,0,0,170,1
2,2,4,3,9,2,0,0,128,2
2,2,4,3,11,2,0,0,170,1
2,2,4,3,12,2,0,0,204,4
2,2,4,3,15,2,0,0,170,2
2,2,4,4,0,2,0,0,240,1
2,2,4,4,8,2,0,0,240,2
2,2,4,4,12,2,0,0,240,1
2,2,4,5,0,2,0,0,254,2
2,2,4,5,15,2,0,0,254,2
2,2,4,6,3,2,0,0,254,2
2,2,4,6,12,2,0,0,254,2
2,2,4,7,3,2,0,0,170,1
2,2,4,7,11,2,0,0,170,2
2,2,4,7,15,2,0,0,170,1
2,2,4,8,0,2,0,0,240,1
2,2,4,8,4,2,0,0,240,2
2,2,4,10,0,2,0,-1,254,2
2,2,4,10,15,2,0,-1,254,2
2,2,4,12,3,2,0,-1,51,4
2,2,4,15,0,2,0,-1,204,4
2,2,4,15,5,2,0,-1,128,2
2,2,4,15,10,2,0,-1,128,2
2,2,4,8,12,2,0,0,240,1
2,2,4,9,3,2,0,0,254,2
2,2,4,9,12,2,0,0,254,2
2,2,4,10,0,2,0,0,254,2
2,2,4,10,15,2,0,0,254,2
2,2,4,11,3,2,0,0,170,1
2,2,4,11,7,2,0,0,170,2
2,2,4,11,15,2,0,0,170,1
2,2,4,12,0,2,0,0,240,2
2,2,4,12,3,2,0,0,204,4
2,2,4,12,4,2,0,0,240,1
2,2,4,12,6,2,0,0,128,2
2,2,4,12,8,2,0,0,240,1
2,2,4,12,9,2,0,0,128,2
2,2,4,12,13,2,0,0,170,1
2,2,4,12,14,2,0,0,170,1
2,2,4,12,15,2,0,0,170,2
2,2,4,13,12,2,0,0,170,1
2,2,4,13,14,2,0,0,170,2
2,2,4,13,15,2,0,0,170,1
2,2,4,14,12,2,0,0,170,1
2,2,4,14,13,2,0,0,170,2
2,2,4,14,15,2,0,0,170,1
2,2,4,15,0,2,0,0,204,4
2,2,4,15,3,2,0,0,170,2
2,2,4,15,5,2,0,0,128,2
2,2,4,15,7,2,0,0,170,1
2,2,4,15,10,2,0,0,128,2
2,2,4,15,11,2,0,0,170,1
2,2,4,15,12,2,0,0,170,2
2,2,4,15,13,2,0,0,170,1
2,2,4,15,14,2,0,0,170,1
2,2,4,0,15,2,2,-1,170,4
2,2,4,3,12,2,2,-1,85,4
2,2,4,0,1,2,2,0,204,1
2,2,4,0,2,2,2,0,204,1
2,2,4,0,3,2,2,0,204,2
2,2,4,0,4,2,2,0,204,1
2,2,4,0,8,2,2,0,204,1
2,2,4,0,12,2,2,0,204,2
2,2,4,0,15,2,2,0,170,4
2,2,4,1,0,2,2,0,204,1
2,2,4,1,2,2,2,0,204,2
2,2,4,1,3,2,2,0,204,1
2,2,4,2,0,2,2,0,204,1
2,2,4,2,1,2,2,0,204,2
2,2,4,2,3,2,2,0,204,1
2,2,4,3,0,2,2,0,204,2
2,2,4,3,1,2,2,0,204,1
2,2,4,3,2,2,2,0,204,1
2,2,4,3,12,2,2,0,170,4
2,2,4,4,0,2,2,0,204,1
2,2,4,4,8,2,2,0,204,2
2,2,4,4,12,2,2,0,204,1
2,2,4,8,0,2,2,0,204,1
2,2,4,8,4,2,2,0,204,2
2,2,4,12,3,2,2,-1,85,4
2,2,4,15,0,2,2,-1,170,4
2,2,4,8,12,2,2,0,204,1
2,2,4,12,0,2,2,0,204,2
2,2,4,12,3,2,2,0,170,4
2,2,4,12,4,2,2,0,204,1
2,2,4,12,8,2,2,0,204,1
2,2,4,15,0,2,2,0,170,4
2,2,4,3,7,3,-3,-1,204,1
2,2,4,3,11,3,-3,-1,204,1
2,2,4,3,15,3,-3,-1,204,2
2,2,4,7,3,3,-3,-1,204,1
2,2,4,7,11,3,-3,-1,204,2
2,2,4,7,15,3,-3,-1,204,1
2,2,4,11,3,3,-3,-1,204,1
2,2,4,11,7,3,-3,-1,204,2
2,2,4,11,15,3,-3,-1,204,1
2,2,4,12,13,3,-3,-1,204,1
2,2,4,12,14,3,-3,-1,204,1
2,2,4,12,15,3,-3,-1,204,2
2,2,4,13,12,3,-3,-1,204,1
2,2,4,13,14,3,-3,-1,204,2
2,2,4,13,15,3,-3,-1,204,1
2,2,4,14,12,3,-3,-1,204,1
2,2,4,14,13,3,-3,-1,204,2
2,2,4,14,15,3,-3,-1,204,1
2,2,4,15,3,3,-3,-1,204,2
2,2,4,15,7,3,-3,-1,204,1
2,2,4,15,11,3,-3,-1,204,1
2,2,4,15,12,3,-3,-1,204,2
2,2,4,15,13,3,-3,-1,204,1
2,2,4,15,14,3,-3,-1,204,1
2,2,4,0,15,3,-2,-1,240,4
2,2,4,3,12,3,-2,-1,240,4
2,2,4,0,15,3,-2,0,240,4
2,2,4,3,12,3,-2,0,15,4
2,2,4,12,3,3,-2,-1,240,4
2,2,4,15,0,3,-2,-1,240,4
2,2,4,12,3,3,-2,0,15,4
2,2,4,15,0,3,-2,0,240,4
2,2,4,3,7,3,-1,-1,170,1
2,2,4,3,11,3,-1,-1,170,1
2,2,4,3,15,3,-1,-1,170,2
2,2,4,7,3,3,-1,-1,170,1
2,2,4,7,11,3,-1,-1,170,2
2,2,4,7,15,3,-1,-1,170,1
2,2,4,11,3,3,-1,-1,170,1
2,2,4,11,7,3,-1,-1,170,2
2,2,4,11,15,3,-1,-1,170,1
2,2,4,12,13,3,-1,-1,170,1
2,2,4,12,14,3,-1,-1,170,1
2,2,4,12,15,3,-1,-1,170,2
2,2,4,13,12,3,-1,-1,170,1
2,2,4,13,14,3,-1,-1,170,2
2,2,4,13,15,3,-1,-1,170,1
2,2,4,14,12,3,-1,-1,170,1
2,2,4,14,13,3,-1,-1,170,2
2,2,4,14,15,3,-1,-1,170,1
2,2,4,15,3,3,-1,-1,170,2
2,2,4,15,7,3,-1,-1,170,1
2,2,4,15,11,3,-1,-1,170,1
2,2,4,15,12,3,-1,-1,170,2
2,2,4,15,13,3,-1,-1,170,1
2,2,4,15,14,3,-1,-1,170,1
2,2,4,0,15,3,0,-1,204,4
2,2,4,3,12,3,0,-1,204,4
2,2,4,0,15,3,0,0,204,4
2,2,4,3,12,3,0,0,51,4
2,2,4,12,3,3,0,-1,204,4
2,2,4,15,0,3,0,-1,204,4
2,2,4,12,3,3,0,0,51,4
2,2,4,15,0,3,0,0,204,4
2,2,4,0,1,3,1,-1,240,1
2,2,4,0,2,3,1,-1,240,1
2,2,4,0,3,3,1,-1,240,2
2,2,4,0,4,3,1,-1,240,1
2,2,4,0,8,3,1,-1,240,1
2,2,4,0,12,3,1,-1,240,2
2,2,4,1,0,3,1,-1,240,1
2,2,4,1,2,3,1,-1,240,2
2,2,4,1,3,3,1,-1,240,1
2,2,4,2,0,3,1,-1,240,1
2,2,4,2,1,3,1,-1,240,2
2,2,4,2,3,3,1,-1,240,1
2,2,4,3,0,3,1,-1,240,2
2,2,4,3,1,3,1,-1,240,1
2,2,4,3,2,3,1,-1,240,1
2,2,4,4,0,3,1,-1,240,1
2,2,4,4,8,3,1,-1,240,2
2,2,4,4,12,3,1,-1,240,1
2,2,4,8,0,3,1,-1,240,1
2,2,4,8,4,3,1,-1,240,2
2,2,4,8,12,3,1,-1,240,1
2,2,4,12,0,3,1,-1,240,2
2,2,4,12,4,3,1,-1,240,1
2,2,4,12,8,3,1,-1,240,1
2,2,4,0,15,3,2,-1,170,4
2,2,4,3,12,3,2,-1,170,4
2,2,4,0,15,3,2,0,170,4
2,2,4,3,12,3,2,0,85,4
2,2,4,12,3,3,2,-1,170,4
2,2,4,15,0,3,2,-1,170,4
2,2,4,12,3,3,2,0,85,4
2,2,4,15,0,3,2,0,170,4
2,2,4,0,1,3,3,-1,204,1
2,2,4,0,2,3,3,-1,204,1
2,2,4,0,3,3,3,-1,204,2
2,2,4,0,4,3,3,-1,204,1
2,2,4,0,8,3,3,-1,204,1
2,2,4,0,12,3,3,-1,204,2
2,2,4,1,0,3,3,-1,204,1
2,2,4,1,2,3,3,-1,204,2
2,2,4,1,3,3,3,-1,204,1
2,2,4,2,0,3,3,-1,204,1
2,2,4,2,1,3,3,-1,204,2
2,2,4,2,3,3,3,-1,204,1
2,2,4,3,0,3,3,-1,204,2
2,2,4,3,1,3,3,-1,204,1
2,2,4,3,2,3,3,-1,204,1
2,2,4,4,0,3,3,-1,204,1
2,2,4,4,8,3,3,-1,204,2
2,2,4,4,12,3,3,-1,204,1
2,2,4,8,0,3,3,-1,204,1
2,2,4,8,4,3,3,-1,204,2
2,2,4,8,12,3,3,-1,204,1
2,2,4,12,0,3,3,-1,204,2
2,2,4,12,4,3,3,-1,204,1
2,2,4,12,8,3,3,-1,204,1
2,3,6,0,9,1,-1,-1,0,2
2,3,6,0,18,1,-1,-1,0,2
2,3,6,0,36,1,-1,-1,0,2
2,3,6,0,9,1,-1,0,0,2
2,3,6,0,18,1,-1,0,0,2
2,3,6,0,36,1,-1,0,0,2
2,3,6,7,14,1,-1,-1,0,2
2,3,6,7,15,1,-1,-1,204,1
2,3,6,7,21,1,-1,-1,0,2
2,3,6,7,23,1,-1,-1,204,1
2,3,6,7,31,1,-1,-1,204,2
2,3,6,7,35,1,-1,-1,0,2
2,3,6,7,39,1,-1,-1,204,1
2,3,6,7,47,1,-1,-1,204,2
2,3,6,7,55,1,-1,-1,204,2
2,3,6,7,63,1,-1,-1,204,3
2,3,6,9,0,1,-1,-1,255,2
2,3,6,9,0,1,-1,0,255,2
2,3,6,14,7,1,-1,-1,255,2
2,3,6,15,7,1,-1,-1,204,1
2,3,6,15,23,1,-1,-1,204,2
2,3,6,15,31,1,-1,-1,204,1
2,3,6,15,39,1,-1,-1,204,2
2,3,6,15,47,1,-1,-1,204,1
2,3,6,15,55,1,-1,-1,204,3
2,3,6,15,63,1,-1,-1,204,2
2,3,6,18,0,1,-1,-1,255,2
2,3,6,18,0,1,-1,0,255,2
2,3,6,21,7,1,-1,-1,255,2
2,3,6,23,7,1,-1,-1,204,1
2,3,6,23,15,1,-1,-1,204,2
2,3,6,23,31,1,-1,-1,204,1
2,3,6,23,39,1,-1,-1,204,2
2,3,6,23,47,1,-1,-1,204,3
2,3,6,23,55,1,-1,-1,204,1
2,3,6,23,63,1,-1,-1,204,2
2,3,6,27,63,1,-1,-1,255,2
2,3,6,27,63,1,-1,0,255,2
2,3,6,28,56,1,-1,-1,255,2
2,3,6,31,7,1,-1,-1,204,2
2,3,6,31,15,1,-1,-1,204,1
2,3,6,31,23,1,-1,-1,204,1
2,3,6,31,39,1,-1,-1,204,3
2,3,6,31,47,1,-1,-1,204,2
2,3,6,31,55,1,-1,-1,204,2
2,3,6,31,59,1,-1,-1,204,2
2,3,6,31,63,1,-1,-1,204,1
2,3,6,31,59,1,-1,0,51,2
2,3,6,35,7,1,-1,-1,255,2
2,3,6,36,0,1,-1,-1,255,2
2,3,6,36,0,1,-1,0,255,2
2,3,6,39,7,1,-1,-1,204,1
2,3,6,39,15,1,-1,-1,204,2
2,3,6,39,23,1,-1,-1,204,2
2,3,6,39,31,1,-1,-1,204,3
2,3,6,39,47,1,-1,-1,204,1
2,3,6,39,55,1,-1,-1,204,1
2,3,6,39,63,1,-1,-1,204,2
2,3,6,42,56,1,-1,-1,255,2
2,3,6,45,63,1,-1,-1,255,2
2,3,6,45,63,1,-1,0,255,2
2,3,6,47,7,1,-1,-1,204,2
2,3,6,47,15,1,-1,-1,204,1
2,3,6,47,23,1,-1,-1,204,3
2,3,6,47,31,1,-1,-1,204,2
2,3,6,47,39,1,-1,-1,204,1
2,3,6,47,55,1,-1,-1,204,2
2,3,6,47,61,1,-1,-1,204,2
2,3,6,47,63,1,-1,-1,204,1
2,3,6,47,61,1,-1,0,51,2
2,3,6,49,56,1,-1,-1,255,2
2,3,6,54,63,1,-1,-1,255,2
2,3,6,55,7,1,-1,-1,204,2
2,3,6,55,15,1,-1,-1,204,3
2,3,6,55,23,1,-1,-1,204,1
2,3,6,55,31,1,-1,-1,204,2
2,3,6,55,39,1,-1,-1,204,1
2,3,6,55,47,1,-1,-1,204,2
2,3,6,55,62,1,-1,-1,204,2
2,3,6,55,63,1,-1,-1,204,1
2,3,6,56,28,1,-1,-1,0,2
2,3,6,56,42,1,-1,-1,0,2
2,3,6,56,49,1,-1,-1,0,2
2,3,6,54,63,1,-1,0,255,2
2,3,6,55,62,1,-1,0,51,2
2,3,6,56,57,1,-1,-1,204,1
2,3,6,56,58,1,-1,-1,204,1
2,3,6,56,59,1,-1,-1,204,2
2,3,6,56,60,1,-1,-1,204,1
2,3,6,56,61,1,-1,-1,204,2
2,3,6,56,62,1,-1,-1,204,2
2,3,6,56,63,1,-1,-1,204,3
2,3,6,57,56,1,-1,-1,204,1
2,3,6,57,58,1,-1,-1,204,2
2,3,6,57,59,1,-1,-1,204,1
2,3,6,57,60,1,-1,-1,204,2
2,3,6,57,61,1,-1,-1,204,1
2,3,6,57,62,1,-1,-1,204,3
2,3,6,57,63,1,-1,-1,204,2
2,3,6,58,56,1,-1,-1,204,1
2,3,6,58,57,1,-1,-1,204,2
2,3,6,58,59,1,-1,-1,204,1
2,3,6,58,60,1,-1,-1,204,2
2,3,6,58,61,1,-1,-1,204,3
2,3,6,58,62,1,-1,-1,204,1
2,3,6,58,63,1,-1,-1,204,2
2,3,6,59,31,1,-1,-1,204,2
2,3,6,59,56,1,-1,-1,204,2
2,3,6,59,57,1,-1,-1,204,1
2,3,6,59,58,1,-1,-1,204,1
2,3,6,59,60,1,-1,-1,204,3
2,3,6,59,61,1,-1,-1,204,2
2,3,6,59,62,1,-1,-1,204,2
2,3,6,59,63,1,-1,-1,204,1
2,3,6,60,56,1,-1,-1,204,1
2,3,6,60,57,1,-1,-1,204,2
2,3,6,60,58,1,-1,-1,204,2
2,3,6,60,59,1,-1,-1,204,3
2,3,6,59,31,1,-1,0,51,2
2,3,6,60,61,1,-1,-1,204,1
2,3,6,60,62,1,-1,-1,204,1
2,3,6,60,63,1,-1,-1,204,2
2,3,6,61,47,1,-1,-1,204,2
2,3,6,61,56,1,-1,-1,204,2
2,3,6,61,57,1,-1,-1,204,1
2,3,6,61,58,1,-1,-1,204,3
2,3,6,61,59,1,-1,-1,204,2
2,3,6,61,60,1,-1,-1,204,1
2,3,6,61,62,1,-1,-1,204,2
2,3,6,61,63,1,-1,-1,204,1
2,3,6,62,55,1,-1,-1,204,2
2,3,6,62,56,1,-1,-1,204,2
2,3,6,62,57,1,-1,-1,204,3
2,3,6,62,58,1,-1,-1,204,1
2,3,6,62,59,1,-1,-1,204,2
2,3,6,62,60,1,-1,-1,204,1
2,3,6,62,61,1,-1,-1,204,2
2,3,6,61,47,1,-1,0,51,2
2,3,6,62,55,1,-1,0,51,2
2,3,6,62,63,1,-1,-1,204,1
2,3,6,63,7,1,-1,-1,204,3
2,3,6,63,15,1,-1,-1,204,2
2,3,6,63,23,1,-1,-1,204,2
2,3,6,63,27,1,-1,-1,0,2
2,3,6,63,31,1,-1,-1,204,1
2,3,6,63,39,1,-1,-1,204,2
2,3,6,63,45,1,-1,-1,0,2
2,3,6,63,47,1,-1,-1,204,1
2,3,6,63,54,1,-1,-1,0,2
2,3,6,63,55,1,-1,-1,204,1
2,3,6,63,56,1,-1,-1,204,3
2,3,6,63,57,1,-1,-1,204,2
2,3,6,63,58,1,-1,-1,204,2
2,3,6,63,59,1,-1,-1,204,1
2,3,6,63,60,1,-1,-1,204,2
2,3,6,63,61,1,-1,-1,204,1
2,3,6,63,62,1,-1,-1,204,1
2,3,6,63,27,1,-1,0,0,2
2,3,6,63,45,1,-1,0,0,2
2,3,6,63,54,1,-1,0,0,2
2,3,6,0,9,1,0,-1,0,2
2,3,6,0,18,1,0,-1,0,2
2,3,6,0,19,1,0,-1,204,3
2,3,6,0,26,1,0,-1,204,3
2,3,6,0,36,1,0,-1,0,2
2,3,6,0,38,1,0,-1,204,3
2,3,6,0,52,1,0,-1,204,3
2,3,6,0,63,1,0,-1,204,6
2,3,6,0,9,1,0,0,0,2
2,3,6,0,18,1,0,0,0,2
2,3,6,0,36,1,0,0,0,2
2,3,6,0,63,1,0,0,204,6
2,3,6,7,14,1,0,-1,0,2
2,3,6,7,21,1,0,-1,0,2
2,3,6,7,35,1,0,-1,0,2
2,3,6,7,52,1,0,-1,204,4
2,3,6,7,56,1,0,-1,204,6
2,3,6,7,56,1,0,0,51,6
2,3,6,9,0,1,0,-1,255,2
2,3,6,9,0,1,0,0,255,2
2,3,6,10,26,1,0,-1,255,1
2,3,6,12,13,1,0,-1,255,1
2,3,6,13,12,1,0,-1,0,1
2,3,6,13,29,1,0,-1,0,1
2,3,6,13,41,1,0,-1,204,2
2,3,6,13,63,1,0,-1,204,3
2,3,6,14,7,1,0,-1,255,2
2,3,6,13,41,1,0,0,51,2
2,3,6,17,19,1,0,-1,255,1
2,3,6,18,0,1,0,-1,255,2
2,3,6,18,0,1,0,0,255,2
2,3,6,19,0,1,0,-1,204,3
2,3,6,19,17,1,0,-1,0,1
2,3,6,19,26,1,0,-1,204,2
2,3,6,19,51,1,0,-1,0,1
2,3,6,19,26,1,0,0,51,2
2,3,6,20,52,1,0,-1,255,1
2,3,6,21,7,1,0,-1,255,2
2,3,6,26,0,1,0,-1,204,3
2,3,6,26,10,1,0,-1,0,1
2,3,6,26,19,1,0,-1,204,2
2,3,6,26,19,1,0,0,51,2
2,3,6,26,30,1,0,-1,0,1
2,3,6,27,63,1,0,-1,255,2
2,3,6,27,63,1,0,0,255,2
2,3,6,28,56,1,0,-1,255,2
2,3,6,29,13,1,0,-1,255,1
2,3,6,30,26,1,0,-1,255,1
2,3,6,33,41,1,0,-1,255,1
2,3,6,34,38,1,0,-1,255,1
2,3,6,35,7,1,0,-1,255,2
2,3,6,36,0,1,0,-1,255,2
2,3,6,36,0,1,0,0,255,2
2,3,6,38,0,1,0,-1,204,3
2,3,6,38,34,1,0,-1,0,1
2,3,6,38,46,1,0,-1,0,1
2,3,6,38,52,1,0,-1,204,2
2,3,6,38,56,1,0,-1,204,4
2,3,6,38,63,1,0,-1,204,3
2,3,6,38,52,1,0,0,51,2
2,3,6,41,13,1,0,-1,204,2
2,3,6,41,33,1,0,-1,0,1
2,3,6,41,43,1,0,-1,0,1
2,3,6,41,63,1,0,-1,204,3
2,3,6,41,13,1,0,0,51,2
2,3,6,42,56,1,0,-1,255,2
2,3,6,43,41,1,0,-1,255,1
2,3,6,45,63,1,0,-1,255,2
2,3,6,46,38,1,0,-1,255,1
2,3,6,45,63,1,0,0,255,2
2,3,6,49,56,1,0,-1,255,2
2,3,6,51,19,1,0,-1,255,1
2,3,6,52,0,1,0,-1,204,3
2,3,6,52,7,1,0,-1,204,4
2,3,6,52,20,1,0,-1,0,1
2,3,6,52,38,1,0,-1,204,2
2,3,6,52,38,1,0,0,51,2
2,3,6,52,53,1,0,-1,0,1
2,3,6,52,63,1,0,-1,204,3
2,3,6,53,52,1,0,-1,255,1
2,3,6,54,63,1,0,-1,255,2
2,3,6,56,7,1,0,-1,204,6
2,3,6,56,28,1,0,-1,0,2
2,3,6,56,38,1,0,-1,204,4
2,3,6,56,42,1,0,-1,0,2
2,3,6,56,49,1,0,-1,0,2
2,3,6,54,63,1,0,0,255,2
2,3,6,56,7,1,0,0,51,6
2,3,6,63,0,1,0,-1,204,6
2,3,6,63,13,1,0,-1,204,3
2,3,6,63,27,1,0,-1,0,2
2,3,6,63,38,1,0,-1,204,3
2,3,6,63,41,1,0,-1,204,3
2,3,6,63,45,1,0,-1,0,2
2,3,6,63,52,1,0,-1,204,3
2,3,6,63,54,1,0,-1,0,2
2,3,6,63,0,1,0,0,204,6
2,3,6,63,27,1,0,0,0,2
2,3,6,63,45,1,0,0,0,2
2,3,6,63,54,1,0,0,0,2
2,3,6,0,1,1,1,-1,204,1
2,3,6,0,2,1,1,-1,204,1
2,3,6,0,3,1,1,-1,204,2
2,3,6,0,4,1,1,-1,204,1
2,3,6,0,5,1,1,-1,204,2
2,3,6,0,6,1,1,-1,204,2
2,3,6,0,7,1,1,-1,204,3
2,3,6,0,8,1,1,-1,204,1
2,3,6,0,9,1,1,-1,0,2
2,3,6,0,16,1,1,-1,204,1
2,3,6,0,18,1,1,-1,0,2
2,3,6,0,24,1,1,-1,204,2
2,3,6,0,32,1,1,-1,204,1
2,3,6,0,36,1,1,-1,0,2
2,3,6,0,40,1,1,-1,204,2
2,3,6,0,48,1,1,-1,204,2
2,3,6,0,56,1,1,-1,204,3
2,3,6,1,0,1,1,-1,204,1
2,3,6,1,2,1,1,-1,204,2
2,3,6,1,3,1,1,-1,204,1
2,3,6,1,4,1,1,-1,204,2
2,3,6,1,5,1,1,-1,204,1
2,3,6,1,6,1,1,-1,204,3
2,3,6,1,7,1,1,-1,204,2
2,3,6,1,8,1,1,-1,204,2
2,3,6,2,0,1,1,-1,204,1
2,3,6,2,1,1,1,-1,204,2
2,3,6,0,9,1,1,0,0,2
2,3,6,0,18,1,1,0,0,2
2,3,6,0,36,1,1,0,0,2
2,3,6,1,8,1,1,0,51,2
2,3,6,2,3,1,1,-1,204,1
2,3,6,2,4,1,1,-1,204,2
2,3,6,2,5,1,1,-1,204,3
2,3,6,2,6,1,1,-1,204,1
2,3,6,2,7,1,1,-1,204,2
2,3,6,2,16,1,1,-1,204,2
2,3,6,3,0,1,1,-1,204,2
2,3,6,3,1,1,1,-1,204,1
2,3,6,3,2,1,1,-1,204,1
2,3,6,3,4,1,1,-1,204,3
2,3,6,3,5,1,1,-1,204,2
2,3,6,3,6,1,1,-1,204,2
2,3,6,3,7,1,1,-1,204,1
2,3,6,4,0,1,1,-1,204,1
2,3,6,4,1,1,1,-1,204,2
2,3,6,4,2,1,1,-1,204,2
2,3,6,4,3,1,1,-1,204,3
2,3,6,2,16,1,1,0,51,2
2,3,6,4,5,1,1,-1,204,1
2,3,6,4,6,1,1,-1,204,1
2,3,6,4,7,1,1,-1,204,2
2,3,6,4,32,1,1,-1,204,2
2,3,6,5,0,1,1,-1,204,2
2,3,6,5,1,1,1,-1,204,1
2,3,6,5,2,1,1,-1,204,3
2,3,6,5,3,1,1,-1,204,2
2,3,6,5,4,1,1,-1,204,1
2,3,6,5,6,1,1,-1,204,2
2,3,6,5,7,1,1,-1,204,1
2,3,6,6,0,1,1,-1,204,2
2,3,6,6,1,1,1,-1,204,3
2,3,6,6,2,1,1,-1,204,1
2,3,6,6,3,1,1,-1,204,2
2,3,6,6,4,1,1,-1,204,1
2,3,6,6,5,1,1,-1,204,2
2,3,6,4,32,1,1,0,51,2
2,3,6,6,7,1,1,-1,204,1
2,3,6,7,0,1,1,-1,204,3
2,3,6,7,1,1,1,-1,204,2
2,3,6,7,2,1,1,-1,204,2
2,3,6,7,3,1,1,-1,204,1
2,3,6,7,4,1,1,-1,204,2
2,3,6,7,5,1,1,-1,204,1
2,3,6,7,6,1,1,-1,204,1
2,3,6,7,14,1,1,-1,0,2
2,3,6,7,21,1,1,-1,0,2
2,3,6,7,35,1,1,-1,0,2
2,3,6,8,0,1,1,-1,204,1
2,3,6,8,1,1,1,-1,204,2
2,3,6,8,1,1,1,0,51,2
2,3,6,8,16,1,1,-1,204,2
2,3,6,8,24,1,1,-1,204,1
2,3,6,8,32,1,1,-1,204,2
2,3,6,8,40,1,1,-1,204,1
2,3,6,8,48,1,1,-1,204,3
2,3,6,8,56,1,1,-1,204,2
2,3,6,9,0,1,1,-1,255,2
2,3,6,9,0,1,1,0,255,2
2,3,6,14,7,1,1,-1,255,2
2,3,6,16,0,1,1,-1,204,1
2,3,6,16,2,1,1,-1,204,2
2,3,6,16,8,1,1,-1,204,2
2,3,6,16,2,1,1,0,51,2
2,3,6,16,24,1,1,-1,204,1
2,3,6,16,32,1,1,-1,204,2
2,3,6,16,40,1,1,-1,204,3
2,3,6,16,48,1,1,-1,204,1
2,3,6,16,56,1,1,-1,204,2
2,3,6,18,0,1,1,-1,255,2
2,3,6,18,0,1,1,0,255,2
2,3,6,21,7,1,1,-1,255,2
2,3,6,24,0,1,1,-1,204,2
2,3,6,24,8,1,1,-1,204,1
2,3,6,24,16,1,1,-1,204,1
2,3,6,24,32,1,1,-1,204,3
2,3,6,24,40,1,1,-1,204,2
2,3,6,24,48,1,1,-1,204,2
2,3,6,24,56,1,1,-1,204,1
2,3,6,27,63,1,1,-1,255,2
2,3,6,27,63,1,1,0,255,2
2,3,6,28,56,1,1,-1,255,2
2,3,6,32,0,1,1,-1,204,1
2,3,6,32,4,1,1,-1,204,2
2,3,6,32,8,1,1,-1,204,2
2,3,6,32,16,1,1,-1,204,2
2,3,6,32,24,1,1,-1,204,3
2,3,6,32,4,1,1,0,51,2
2,3,6,32,40,1,1,-1,204,1
2,3,6,32,48,1,1,-1,204,1
2,3,6,32,56,1,1,-1,204,2
2,3,6,35,7,1,1,-1,255,2
2,3,6,36,0,1,1,-1,255,2
2,3,6,36,0,1,1,0,255,2
2,3,6,40,0,1,1,-1,204,2
2,3,6,40,8,1,1,-1,204,1
2,3,6,40,16,1,1,-1,204,3
2,3,6,40,24,1,1,-1,204,2
2,3,6,40,32,1,1,-1,204,1
2,3,6,40,48,1,1,-1,204,2
2,3,6,40,56,1,1,-1,204,1
2,3,6,42,56,1,1,-1,255,2
2,3,6,45,63,1,1,-1,255,2
2,3,6,45,63,1,1,0,255,2
2,3,6,48,0,1,1,-1,204,2
2,3,6,48,8,1,1,-1,204,3
2,3,6,48,16,1,1,-1,204,1
2,3,6,48,24,1,1,-1,204,2
2,3,6,48,32,1,1,-1,204,1
2,3,6,48,40,1,1,-1,204,2
2,3,6,48,56,1,1,-1,204,1
2,3,6,49,56,1,1,-1,255,2
2,3,6,54,63,1,1,-1,255,2
2,3,6,56,0,1,1,-1,204,3
2,3,6,56,8,1,1,-1,204,2
2,3,6,56,16,1,1,-1,204,2
2,3,6,56,24,1,1,-1,204,1
2,3,6,56,28,1,1,-1,0,2
2,3,6,56,32,1,1,-1,204,2
2,3,6,56,40,1,1,-1,204,1
2,3,6,56,42,1,1,-1,0,2
2,3,6,56,48,1,1,-1,204,1
2,3,6,56,49,1,1,-1,0,2
2,3,6,54,63,1,1,0,255,2
2,3,6,63,27,1,1,-1,0,2
2,3,6,63,45,1,1,-1,0,2
2,3,6,63,54,1,1,-1,0,2
2,3,6,63,27,1,1,0,0,2
2,3,6,63,45,1,1,0,0,2
2,3,6,63,54,1,1,0,0,2
2,3,6,0,9,2,-2,-1,0,2
2,3,6,0,18,2,-2,-1,0,2
2,3,6,0,36,2,-2,-1,0,2
2,3,6,0,9,2,-2,0,0,2
2,3,6,0,18,2,-2,0,0,2
2,3,6,0,36,2,-2,0,0,2
2,3,6,7,14,2,-2,0,0,2
2,3,6,7,15,2,-2,0,204,1
2,3,6,7,21,2,-2,0,0,2
2,3,6,7,23,2,-2,0,204,1
2,3,6,7,31,2,-2,0,204,2
2,3,6,7,35,2,-2,0,0,2
2,3,6,7,39,2,-2,0,204,1
2,3,6,7,47,2,-2,0,204,2
2,3,6,7,55,2,-2,0,204,2
2,3,6,7,63,2,-2,0,204,3
2,3,6,9,0,2,-2,-1,255,2
2,3,6,9,0,2,-2,0,255,2
2,3,6,14,7,2,-2,0,255,2
2,3,6,15,7,2,-2,0,204,1
2,3,6,15,23,2,-2,0,204,2
2,3,6,15,31,2,-2,0,204,1
2,3,6,15,39,2,-2,0,204,2
2,3,6,15,47,2,-2,0,204,1
2,3,6,15,55,2,-2,0,204,3
2,3,6,15,63,2,-2,0,204,2
2,3,6,18,0,2,-2,-1,255,2
2,3,6,18,0,2,-2,0,255,2
2,3,6,21,7,2,-2,0,255,2
2,3,6,23,7,2,-2,0,204,1
2,3,6,23,15,2,-2,0,204,2
2,3,6,23,31,2,-2,0,204,1
2,3,6,23,39,2,-2,0,204,2
2,3,6,23,47,2,-2,0,204,3
2,3,6,23,55,2,-2,0,204,1
2,3,6,23,63,2,-2,0,204,2
2,3,6,27,63,2,-2,-1,255,2
2,3,6,27,63,2,-2,0,255,2
2,3,6,28,56,2,-2,0,255,2
2,3,6,31,59,2,-2,-1,51,2
2,3,6,31,7,2,-2,0,204,2
2,3,6,31,15,2,-2,0,204,1
2,3,6,31,23,2,-2,0,204,1
2,3,6,31,39,2,-2,0,204,3
2,3,6,31,47,2,-2,0,204,2
2,3,6,31,55,2,-2,0,204,2
2,3,6,31,59,2,-2,0,204,2
2,3,6,31,63,2,-2,0,204,1
2,3,6,36,0,2,-2,-1,255,2
2,3,6,35,7,2,-2,0,255,2
2,3,6,36,0,2,-2,0,255,2
2,3,6,39,7,2,-2,0,204,1
2,3,6,39,15,2,-2,0,204,2
2,3,6,39,23,2,-2,0,204,2
2,3,6,39,31,2,-2,0,204,3
2,3,6,39,47,2,-2,0,204,1
2,3,6,39,55,2,-2,0,204,1
2,3,6,39,63,2,-2,0,204,2
2,3,6,42,56,2,-2,0,255,2
2,3,6,45,63,2,-2,-1,255,2
2,3,6,45,63,2,-2,0,255,2
2,3,6,47,61,2,-2,-1,51,2
2,3,6,47,7,2,-2,0,204,2
2,3,6,47,15,2,-2,0,204,1
2,3,6,47,23,2,-2,0,204,3
2,3,6,47,31,2,-2,0,204,2
2,3,6,47,39,2,-2,0,204,1
2,3,6,47,55,2,-2,0,204,2
2,3,6,47,61,2,-2,0,204,2
2,3,6,47,63,2,-2,0,204,1
2,3,6,49,56,2,-2,0,255,2
2,3,6,54,63,2,-2,-1,255,2
2,3,6,55,62,2,-2,-1,51,2
2,3,6,54,63,2,-2,0,255,2
2,3,6,55,7,2,-2,0,204,2
2,3,6,55,15,2,-2,0,204,3
2,3,6,55,23,2,-2,0,204,1
2,3,6,55,31,2,-2,0,204,2
2,3,6,55,39,2,-2,0,204,1
2,3,6,55,47,2,-2,0,204,2
2,3,6,55,62,2,-2,0,204,2
2,3,6,55,63,2,-2,0,204,1
2,3,6,56,28,2,-2,0,0,2
2,3,6,56,42,2,-2,0,0,2
2,3,6,56,49,2,-2,0,0,2
2,3,6,56,57,2,-2,0,204,1
2,3,6,56,58,2,-2,0,204,1
2,3,6,56,59,2,-2,0,204,2
2,3,6,56,60,2,-2,0,204,1
2,3,6,56,61,2,-2,0,204,2
2,3,6,56,62,2,-2,0,204,2
2,3,6,56,63,2,-2,0,204,3
2,3,6,57,56,2,-2,0,204,1
2,3,6,57,58,2,-2,0,204,2
2,3,6,57,59,2,-2,0,204,1
2,3,6,57,60,2,-2,0,204,2
2,3,6,57,61,2,-2,0,204,1
2,3,6,57,62,2,-2,0,204,3
2,3,6,57,63,2,-2,0,204,2
2,3,6,58,56,2,-2,0,204,1
2,3,6,58,57,2,-2,0,204,2
2,3,6,59,31,2,-2,-1,51,2
2,3,6,58,59,2,-2,0,204,1
2,3,6,58,60,2,-2,0,204,2
2,3,6,58,61,2,-2,0,204,3
2,3,6,58,62,2,-2,0,204,1
2,3,6,58,63,2,-2,0,204,2
2,3,6,59,31,2,-2,0,204,2
2,3,6,59,56,2,-2,0,204,2
2,3,6,59,57,2,-2,0,204,1
2,3,6,59,58,2,-2,0,204,1
2,3,6,59,60,2,-2,0,204,3
2,3,6,59,61,2,-2,0,204,2
2,3,6,59,62,2,-2,0,204,2
2,3,6,59,63,2,-2,0,204,1
2,3,6,60,56,2,-2,0,204,1
2,3,6,60,57,2,-2,0,204,2
2,3,6,60,58,2,-2,0,204,2
2,3,6,60,59,2,-2,0,204,3
2,3,6,61,47,2,-2,-1,51,2
2,3,6,62,55,2,-2,-1,51,2
2,3,6,60,61,2,-2,0,204,1
2,3,6,60,62,2,-2,0,204,1
2,3,6,60,63,2,-2,0,204,2
2,3,6,61,47,2,-2,0,204,2
2,3,6,61,56,2,-2,0,204,2
2,3,6,61,57,2,-2,0,204,1
2,3,6,61,58,2,-2,0,204,3
2,3,6,61,59,2,-2,0,204,2
2,3,6,61,60,2,-2,0,204,1
2,3,6,61,62,2,-2,0,204,2
2,3,6,61,63,2,-2,0,204,1
2,3,6,62,55,2,-2,0,204,2
2,3,6,62,56,2,-2,0,204,2
2,3,6,62,57,2,-2,0,204,3
2,3,6,62,58,2,-2,0,204,1
2,3,6,62,59,2,-2,0,204,2
2,3,6,62,60,2,-2,0,204,1
2,3,6,62,61,2,-2,0,204,2
2,3,6,63,27,2,-2,-1,0,2
2,3,6,63,45,2,-2,-1,0,2
2,3,6,63,54,2,-2,-1,0,2
2,3,6,62,63,2,-2,0,204,1
2,3,6,63,7,2,-2,0,204,3
2,3,6,63,15,2,-2,0,204,2
2,3,6,63,23,2,-2,0,204,2
2,3,6,63,27,2,-2,0,0,2
2,3,6,63,31,2,-2,0,204,1
2,3,6,63,39,2,-2,0,204,2
2,3,6,63,45,2,-2,0,0,2
2,3,6,63,47,2,-2,0,204,1
2,3,6,63,54,2,-2,0,0,2
2,3,6,63,55,2,-2,0,204,1
2,3,6,63,56,2,-2,0,204,3
2,3,6,63,57,2,-2,0,204,2
2,3,6,63,58,2,-2,0,204,2
2,3,6,63,59,2,-2,0,204,1
2,3,6,63,60,2,-2,0,204,2
2,3,6,63,61,2,-2,0,204,1
2,3,6,63,62,2,-2,0,204,1
2,3,6,0,9,2,-1,-1,0,2
2,3,6,0,18,2,-1,-1,0,2
2,3,6,0,36,2,-1,-1,0,2
2,3,6,1,8,2,-1,-1,15,2
2,3,6,0,1,2,-1,0,240,1
2,3,6,0,2,2,-1,0,240,1
2,3,6,0,3,2,-1,0,240,2
2,3,6,0,4,2,-1,0,240,1
2,3,6,0,5,2,-1,0,240,2
2,3,6,0,6,2,-1,0,240,2
2,3,6,0,7,2,-1,0,240,3
2,3,6,0,8,2,-1,0,240,1
2,3,6,0,9,2,-1,0,0,2
2,3,6,0,16,2,-1,0,240,1
2,3,6,0,18,2,-1,0,0,2
2,3,6,0,24,2,-1,0,240,2
2,3,6,0,32,2,-1,0,240,1
2,3,6,0,36,2,-1,0,0,2
2,3,6,0,40,2,-1,0,240,2
2,3,6,0,48,2,-1,0,240,2
2,3,6,0,56,2,-1,0,240,3
2,3,6,1,0,2,-1,0,240,1
2,3,6,1,2,2,-1,0,240,2
2,3,6,1,3,2,-1,0,240,1
2,3,6,1,4,2,-1,0,240,2
2,3,6,1,5,2,-1,0,240,1
2,3,6,1,6,2,-1,0,240,3
2,3,6,1,7,2,-1,0,240,2
2,3,6,1,8,2,-1,0,240,2
2,3,6,2,0,2,-1,0,240,1
2,3,6,2,1,2,-1,0,240,2
2,3,6,2,16,2,-1,-1,15,2
2,3,6,2,3,2,-1,0,240,1
2,3,6,2,4,2,-1,0,240,2
2,3,6,2,5,2,-1,0,240,3
2,3,6,2,6,2,-1,0,240,1
2,3,6,2,7,2,-1,0,240,2
2,3,6,2,16,2,-1,0,240,2
2,3,6,3,0,2,-1,0,240,2
2,3,6,3,1,2,-1,0,240,1
2,3,6,3,2,2,-1,0,240,1
2,3,6,3,4,2,-1,0,240,3
2,3,6,3,5,2,-1,0,240,2
2,3,6,3,6,2,-1,0,240,2
2,3,6,3,7,2,-1,0,240,1
2,3,6,4,0,2,-1,0,240,1
2,3,6,4,1,2,-1,0,240,2
2,3,6,4,2,2,-1,0,240,2
2,3,6,4,3,2,-1,0,240,3
2,3,6,4,32,2,-1,-1,15,2
2,3,6,4,5,2,-1,0,240,1
2,3,6,4,6,2,-1,0,240,1
2,3,6,4,7,2,-1,0,240,2
2,3,6,4,32,2,-1,0,240,2
2,3,6,5,0,2,-1,0,240,2
2,3,6,5,1,2,-1,0,240,1
2,3,6,5,2,2,-1,0,240,3
2,3,6,5,3,2,-1,0,240,2
2,3,6,5,4,2,-1,0,240,1
2,3,6,5,6,2,-1,0,240,2
2,3,6,5,7,2,-1,0,240,1
2,3,6,6,0,2,-1,0,240,2
2,3,6,6,1,2,-1,0,240,3
2,3,6,6,2,2,-1,0,240,1
2,3,6,6,3,2,-1,0,240,2
2,3,6,6,4,2,-1,0,240,1
2,3,6,6,5,2,-1,0,240,2
2,3,6,8,1,2,-1,-1,15,2
2,3,6,6,7,2,-1,0,240,1
2,3,6,7,0,2,-1,0,240,3
2,3,6,7,1,2,-1,0,240,2
2,3,6,7,2,2,-1,0,240,2
2,3,6,7,3,2,-1,0,240,1
2,3,6,7,4,2,-1,0,240,2
2,3,6,7,5,2,-1,0,240,1
2,3,6,7,6,2,-1,0,240,1
2,3,6,7,14,2,-1,0,0,2
2,3,6,7,21,2,-1,0,0,2
2,3,6,7,35,2,-1,0,0,2
2,3,6,8,0,2,-1,0,240,1
2,3,6,8,1,2,-1,0,240,2
2,3,6,9,0,2,-1,-1,255,2
2,3,6,8,16,2,-1,0,240,2
2,3,6,8,24,2,-1,0,240,1
2,3,6,8,32,2,-1,0,240,2
2,3,6,8,40,2,-1,0,240,1
2,3,6,8,48,2,-1,0,240,3
2,3,6,8,56,2,-1,0,240,2
2,3,6,9,0,2,-1,0,255,2
2,3,6,14,7,2,-1,0,255,2
2,3,6,16,2,2,-1,-1,15,2
2,3,6,16,0,2,-1,0,240,1
2,3,6,16,2,2,-1,0,240,2
2,3,6,16,8,2,-1,0,240,2
2,3,6,18,0,2,-1,-1,255,2
2,3,6,16,24,2,-1,0,240,1
2,3,6,16,32,2,-1,0,240,2
2,3,6,16,40,2,-1,0,240,3
2,3,6,16,48,2,-1,0,240,1
2,3,6,16,56,2,-1,0,240,2
2,3,6,18,0,2,-1,0,255,2
2,3,6,21,7,2,-1,0,255,2
2,3,6,24,0,2,-1,0,240,2
2,3,6,24,8,2,-1,0,240,1
2,3,6,24,16,2,-1,0,240,1
2,3,6,24,32,2,-1,0,240,3
2,3,6,24,40,2,-1,0,240,2
2,3,6,24,48,2,-1,0,240,2
2,3,6,24,56,2,-1,0,240,1
2,3,6,27,63,2,-1,-1,255,2
2,3,6,27,63,2,-1,0,255,2
2,3,6,28,56,2,-1,0,255,2
2,3,6,32,4,2,-1,-1,15,2
2,3,6,32,0,2,-1,0,240,1
2,3,6,32,4,2,-1,0,240,2
2,3,6,32,8,2,-1,0,240,2
2,3,6,32,16,2,-1,0,240,2
2,3,6,32,24,2,-1,0,240,3
2,3,6,32,40,2,-1,0,240,1
2,3,6,32,48,2,-1,0,240,1
2,3,6,32,56,2,-1,0,240,2
2,3,6,36,0,2,-1,-1,255,2
2,3,6,35,7,2,-1,0,255,2
2,3,6,36,0,2,-1,0,255,2
2,3,6,40,0,2,-1,0,240,2
2,3,6,40,8,2,-1,0,240,1
2,3,6,40,16,2,-1,0,240,3
2,3,6,40,24,2,-1,0,240,2
2,3,6,40,32,2,-1,0,240,1
2,3,6,40,48,2,-1,0,240,2
2,3,6,40,56,2,-1,0,240,1
2,3,6,42,56,2,-1,0,255,2
2,3,6,45,63,2,-1,-1,255,2
2,3,6,45,63,2,-1,0,255,2
2,3,6,48,0,2,-1,0,240,2
2,3,6,48,8,2,-1,0,240,3
2,3,6,48,16,2,-1,0,240,1
2,3,6,48,24,2,-1,0,240,2
2,3,6,48,32,2,-1,0,240,1
2,3,6,48,40,2,-1,0,240,2
2,3,6,48,56,2,-1,0,240,1
2,3,6,49,56,2,-1,0,255,2
2,3,6,54,63,2,-1,-1,255,2
2,3,6,54,63,2,-1,0,255,2
2,3,6,56,0,2,-1,0,240,3
2,3,6,56,8,2,-1,0,240,2
2,3,6,56,16,2,-1,0,240,2
2,3,6,56,24,2,-1,0,240,1
2,3,6,56,28,2,-1,0,0,2
2,3,6,56,32,2,-1,0,240,2
2,3,6,56,40,2,-1,0,240,1
2,3,6,56,42,2,-1,0,0,2
2,3,6,56,48,2,-1,0,240,1
2,3,6,56,49,2,-1,0,0,2
2,3,6,63,27,2,-1,-1,0,2
2,3,6,63,45,2,-1,-1,0,2
2,3,6,63,54,2,-1,-1,0,2
2,3,6,63,27,2,-1,0,0,2
2,3,6,63,45,2,-1,0,0,2
2,3,6,63,54,2,-1,0,0,2
2,3,6,0,9,2,0,-1,0,2
2,3,6,0,18,2,0,-1,0,2
2,3,6,0,36,2,0,-1,0,2
2,3,6,0,63,2,0,-1,204,6
2,3,6,0,9,2,0,0,0,2
2,3,6,0,18,2,0,0,0,2
2,3,6,0,19,2,0,0,204,3
2,3,6,0,26,2,0,0,204,3
2,3,6,0,36,2,0,0,0,2
2,3,6,0,38,2,0,0,204,3
2,3,6,0,52,2,0,0,204,3
2,3,6,0,63,2,0,0,204,6
2,3,6,7,56,2,0,-1,51,6
2,3,6,7,14,2,0,0,0,2
2,3,6,7,21,2,0,0,0,2
2,3,6,7,35,2,0,0,0,2
2,3,6,7,52,2,0,0,204,4
2,3,6,7,56,2,0,0,204,6
2,3,6,9,0,2,0,-1,255,2
2,3,6,9,0,2,0,0,255,2
2,3,6,10,26,2,0,0,255,1
2,3,6,13,41,2,0,-1,51,2
2,3,6,12,13,2,0,0,255,1
2,3,6,13,12,2,0,0,0,1
2,3,6,13,29,2,0,0,0,1
2,3,6,13,41,2,0,0,204,2
2,3,6,13,63,2,0,0,204,3
2,3,6,14,7,2,0,0,255,2
2,3,6,18,0,2,0,-1,255,2
2,3,6,17,19,2,0,0,255,1
2,3,6,18,0,2,0,0,255,2
2,3,6,19,26,2,0,-1,51,2
2,3,6,19,0,2,0,0,204,3
2,3,6,19,17,2,0,0,0,1
2,3,6,19,26,2,0,0,204,2
2,3,6,19,51,2,0,0,0,1
2,3,6,20,52,2,0,0,255,1
2,3,6,21,7,2,0,0,255,2
2,3,6,26,19,2,0,-1,51,2
2,3,6,26,0,2,0,0,204,3
2,3,6,26,10,2,0,0,0,1
2,3,6,26,19,2,0,0,204,2
2,3,6,27,63,2,0,-1,255,2
2,3,6,26,30,2,0,0,0,1
2,3,6,27,63,2,0,0,255,2
2,3,6,28,56,2,0,0,255,2
2,3,6,29,13,2,0,0,255,1
2,3,6,30,26,2,0,0,255,1
2,3,6,33,41,2,0,0,255,1
2,3,6,36,0,2,0,-1,255,2
2,3,6,34,38,2,0,0,255,1
2,3,6,35,7,2,0,0,255,2
2,3,6,36,0,2,0,0,255,2
2,3,6,38,0,2,0,0,204,3
2,3,6,38,34,2,0,0,0,1
2,3,6,38,52,2,0,-1,51,2
2,3,6,38,46,2,0,0,0,1
2,3,6,38,52,2,0,0,204,2
2,3,6,38,56,2,0,0,204,4
2,3,6,38,63,2,0,0,204,3
2,3,6,41,13,2,0,-1,51,2
2,3,6,41,13,2,0,0,204,2
2,3,6,41,33,2,0,0,0,1
2,3,6,41,43,2,0,0,0,1
2,3,6,41,63,2,0,0,204,3
2,3,6,42,56,2,0,0,255,2
2,3,6,43,41,2,0,0,255,1
2,3,6,45,63,2,0,-1,255,2
2,3,6,45,63,2,0,0,255,2
2,3,6,46,38,2,0,0,255,1
2,3,6,49,56,2,0,0,255,2
2,3,6,52,38,2,0,-1,51,2
2,3,6,51,19,2,0,0,255,1
2,3,6,52,0,2,0,0,204,3
2,3,6,52,7,2,0,0,204,4
2,3,6,52,20,2,0,0,0,1
2,3,6,52,38,2,0,0,204,2
2,3,6,52,53,2,0,0,0,1
2,3,6,52,63,2,0,0,204,3
2,3,6,53,52,2,0,0,255,1
2,3,6,54,63,2,0,-1,255,2
2,3,6,56,7,2,0,-1,51,6
2,3,6,54,63,2,0,0,255,2
2,3,6,56,7,2,0,0,204,6
2,3,6,56,28,2,0,0,0,2
2,3,6,56,38,2,0,0,204,4
2,3,6,56,42,2,0,0,0,2
2,3,6,56,49,2,0,0,0,2
2,3,6,63,0,2,0,-1,204,6
2,3,6,63,27,2,0,-1,0,2
2,3,6,63,45,2,0,-1,0,2
2,3,6,63,54,2,0,-1,0,2
2,3,6,63,0,2,0,0,204,6
2,3,6,63,13,2,0,0,204,3
2,3,6,63,27,2,0,0,0,2
2,3,6,63,38,2,0,0,204,3
2,3,6,63,41,2,0,0,204,3
2,3,6,63,45,2,0,0,0,2
2,3,6,63,52,2,0,0,204,3
2,3,6,63,54,2,0,0,0,2
2,3,6,0,9,2,1,-1,0,2
2,3,6,0,18,2,1,-1,0,2
2,3,6,0,36,2,1,-1,0,2
2,3,6,0,9,2,1,0,0,2
2,3,6,0,18,2,1,0,0,2
2,3,6,0,36,2,1,0,0,2
2,3,6,7,14,2,1,0,0,2
2,3,6,7,15,2,1,0,170,1
2,3,6,7,21,2,1,0,0,2
2,3,6,7,23,2,1,0,170,1
2,3,6,7,31,2,1,0,170,2
2,3,6,7,35,2,1,0,0,2
2,3,6,7,39,2,1,0,170,1
2,3,6,7,47,2,1,0,170,2
2,3,6,7,55,2,1,0,170,2
2,3,6,7,63,2,1,0,170,3
2,3,6,9,0,2,1,-1,255,2
2,3,6,9,0,2,1,0,255,2
2,3,6,14,7,2,1,0,255,2
2,3,6,15,7,2,1,0,170,1
2,3,6,15,23,2,1,0,170,2
2,3,6,15,31,2,1,0,170,1
2,3,6,15,39,2,1,0,170,2
2,3,6,15,47,2,1,0,170,1
2,3,6,15,55,2,1,0,170,3
2,3,6,15,63,2,1,0,170,2
2,3,6,18,0,2,1,-1,255,2
2,3,6,18,0,2,1,0,255,2
2,3,6,21,7,2,1,0,255,2
2,3,6,23,7,2,1,0,170,1
2,3,6,23,15,2,1,0,170,2
2,3,6,23,31,2,1,0,170,1
2,3,6,23,39,2,1,0,170,2
2,3,6,23,47,2,1,0,170,3
2,3,6,23,55,2,1,0,170,1
2,3,6,23,63,2,1,0,170,2
2,3,6,27,63,2,1,-1,255,2
2,3,6,27,63,2,1,0,255,2
2,3,6,28,56,2,1,0,255,2
2,3,6,31,59,2,1,-1,85,2
2,3,6,31,7,2,1,0,170,2
2,3,6,31,15,2,1,0,170,1
2,3,6,31,23,2,1,0,170,1
2,3,6,31,39,2,1,0,170,3
2,3,6,31,47,2,1,0,170,2
2,3,6,31,55,2,1,0,170,2
2,3,6,31,59,2,1,0,170,2
2,3,6,31,63,2,1,0,170,1
2,3,6,36,0,2,1,-1,255,2
2,3,6,35,7,2,1,0,255,2
2,3,6,36,0,2,1,0,255,2
2,3,6,39,7,2,1,0,170,1
2,3,6,39,15,2,1,0,170,2
2,3,6,39,23,2,1,0,170,2
2,3,6,39,31,2,1,0,170,3
2,3,6,39,47,2,1,0,170,1
2,3,6,39,55,2,1,0,170,1
2,3,6,39,63,2,1,0,170,2
2,3,6,42,56,2,1,0,255,2
2,3,6,45,63,2,1,-1,255,2
2,3,6,45,63,2,1,0,255,2
2,3,6,47,61,2,1,-1,85,2
2,3,6,47,7,2,1,0,170,2
2,3,6,47,15,2,1,0,170,1
2,3,6,47,23,2,1,0,170,3
2,3,6,47,31,2,1,0,170,2
2,3,6,47,39,2,1,0,170,1
2,3,6,47,55,2,1,0,170,2
2,3,6,47,61,2,1,0,170,2
2,3,6,47,63,2,1,0,170,1
2,3,6,49,56,2,1,0,255,2
2,3,6,54,63,2,1,-1,255,2
2,3,6,55,62,2,1,-1,85,2
2,3,6,54,63,2,1,0,255,2
2,3,6,55,7,2,1,0,170,2
2,3,6,55,15,2,1,0,170,3
2,3,6,55,23,2,1,0,170,1
2,3,6,55,31,2,1,0,170,2
2,3,6,55,39,2,1,0,170,1
2,3,6,55,47,2,1,0,170,2
2,3,6,55,62,2,1,0,170,2
2,3,6,55,63,2,1,0,170,1
2,3,6,56,28,2,1,0,0,2
2,3,6,56,42,2,1,0,0,2
2,3,6,56,49,2,1,0,0,2
2,3,6,56,57,2,1,0,170,1
2,3,6,56,58,2,1,0,170,1
2,3,6,56,59,2,1,0,170,2
2,3,6,56,60,2,1,0,170,1
2,3,6,56,61,2,1,0,170,2
2,3,6,56,62,2,1,0,170,2
2,3,6,56,63,2,1,0,170,3
2,3,6,57,56,2,1,0,170,1
2,3,6,57,58,2,1,0,170,2
2,3,6,57,59,2,1,0,170,1
2,3,6,57,60,2,1,0,170,2
2,3,6,57,61,2,1,0,170,1
2,3,6,57,62,2,1,0,170,3
2,3,6,57,63,2,1,0,170,2
2,3,6,58,56,2,1,0,170,1
2,3,6,58,57,2,1,0,170,2
2,3,6,59,31,2,1,-1,85,2
2,3,6,58,59,2,1,0,170,1
2,3,6,58,60,2,1,0,170,2
2,3,6,58,61,2,1,0,170,3
2,3,6,58,62,2,1,0,170,1
2,3,6,58,63,2,1,0,170,2
2,3,6,59,31,2,1,0,170,2
2,3,6,59,56,2,1,0,170,2
2,3,6,59,57,2,1,0,170,1
2,3,6,59,58,2,1,0,170,1
2,3,6,59,60,2,1,0,170,3
2,3,6,59,61,2,1,0,170,2
2,3,6,59,62,2,1,0,170,2
2,3,6,59,63,2,1,0,170,1
2,3,6,60,56,2,1,0,170,1
2,3,6,60,57,2,1,0,170,2
2,3,6,60,58,2,1,0,170,2
2,3,6,60,59,2,1,0,170,3
2,3,6,61,47,2,1,-1,85,2
2,3,6,62,55,2,1,-1,85,2
2,3,6,60,61,2,1,0,170,1
2,3,6,60,62,2,1,0,170,1
2,3,6,60,63,2,1,0,170,2
2,3,6,61,47,2,1,0,170,2
2,3,6,61,56,2,1,0,170,2
2,3,6,61,57,2,1,0,170,1
2,3,6,61,58,2,1,0,170,3
2,3,6,61,59,2,1,0,170,2
2,3,6,61,60,2,1,0,170,1
2,3,6,61,62,2,1,0,170,2
2,3,6,61,63,2,1,0,170,1
2,3,6,62,55,2,1,0,170,2
2,3,6,62,56,2,1,0,170,2
2,3,6,62,57,2,1,0,170,3
2,3,6,62,58,2,1,0,170,1
2,3,6,62,59,2,1,0,170,2
2,3,6,62,60,2,1,0,170,1
2,3,6,62,61,2,1,0,170,2
2,3,6,63,27,2,1,-1,0,2
2,3,6,63,45,2,1,-1,0,2
2,3,6,63,54,2,1,-1,0,2
2,3,6,62,63,2,1,0,170,1
2,3,6,63,7,2,1,0,170,3
2,3,6,63,15,2,1,0,170,2
2,3,6,63,23,2,1,0,170,2
2,3,6,63,27,2,1,0,0,2
2,3,6,63,31,2,1,0,170,1
2,3,6,63,39,2,1,0,170,2
2,3,6,63,45,2,1,0,0,2
2,3,6,63,47,2,1,0,170,1
2,3,6,63,54,2,1,0,0,2
2,3,6,63,55,2,1,0,170,1
2,3,6,63,56,2,1,0,170,3
2,3,6,63,57,2,1,0,170,2
2,3,6,63,58,2,1,0,170,2
2,3,6,63,59,2,1,0,170,1
2,3,6,63,60,2,1,0,170,2
2,3,6,63,61,2,1,0,170,1
2,3,6,63,62,2,1,0,170,1
2,3,6,0,9,2,2,-1,0,2
2,3,6,0,18,2,2,-1,0,2
2,3,6,0,36,2,2,-1,0,2
2,3,6,1,8,2,2,-1,51,2
2,3,6,0,1,2,2,0,204,1
2,3,6,0,2,2,2,0,204,1
2,3,6,0,3,2,2,0,204,2
2,3,6,0,4,2,2,0,204,1
2,3,6,0,5,2,2,0,204,2
2,3,6,0,6,2,2,0,204,2
2,3,6,0,7,2,2,0,204,3
2,3,6,0,8,2,2,0,204,1
2,3,6,0,9,2,2,0,0,2
2,3,6,0,16,2,2,0,204,1
2,3,6,0,18,2,2,0,0,2
2,3,6,0,24,2,2,0,204,2
2,3,6,0,32,2,2,0,204,1
2,3,6,0,36,2,2,0,0,2
2,3,6,0,40,2,2,0,204,2
2,3,6,0,48,2,2,0,204,2
2,3,6,0,56,2,2,0,204,3
2,3,6,1,0,2,2,0,204,1
2,3,6,1,2,2,2,0,204,2
2,3,6,1,3,2,2,0,204,1
2,3,6,1,4,2,2,0,204,2
2,3,6,1,5,2,2,0,204,1
2,3,6,1,6,2,2,0,204,3
2,3,6,1,7,2,2,0,204,2
2,3,6,1,8,2,2,0,204,2
2,3,6,2,0,2,2,0,204,1
2,3,6,2,1,2,2,0,204,2
2,3,6,2,16,2,2,-1,51,2
2,3,6,2,3,2,2,0,204,1
2,3,6,2,4,2,2,0,204,2
2,3,6,2,5,2,2,0,204,3
2,3,6,2,6,2,2,0,204,1
2,3,6,2,7,2,2,0,204,2
2,3,6,2,16,2,2,0,204,2
2,3,6,3,0,2,2,0,204,2
2,3,6,3,1,2,2,0,204,1
2,3,6,3,2,2,2,0,204,1
2,3,6,3,4,2,2,0,204,3
2,3,6,3,5,2,2,0,204,2
2,3,6,3,6,2,2,0,204,2
2,3,6,3,7,2,2,0,204,1
2,3,6,4,0,2,2,0,204,1
2,3,6,4,1,2,2,0,204,2
2,3,6,4,2,2,2,0,204,2
2,3,6,4,3,2,2,0,204,3
2,3,6,4,32,2,2,-1,51,2
2,3,6,4,5,2,2,0,204,1
2,3,6,4,6,2,2,0,204,1
2,3,6,4,7,2,2,0,204,2
2,3,6,4,32,2,2,0,204,2
2,3,6,5,0,2,2,0,204,2
2,3,6,5,1,2,2,0,204,1
2,3,6,5,2,2,2,0,204,3
2,3,6,5,3,2,2,0,204,2
2,3,6,5,4,2,2,0,204,1
2,3,6,5,6,2,2,0,204,2
2,3,6,5,7,2,2,0,204,1
2,3,6,6,0,2,2,0,204,2
2,3,6,6,1,2,2,0,204,3
2,3,6,6,2,2,2,0,204,1
2,3,6,6,3,2,2,0,204,2
2,3,6,6,4,2,2,0,204,1
2,3,6,6,5,2,2,0,204,2
2,3,6,8,1,2,2,-1,51,2
2,3,6,6,7,2,2,0,204,1
2,3,6,7,0,2,2,0,204,3
2,3,6,7,1,2,2,0,204,2
2,3,6,7,2,2,2,0,204,2
2,3,6,7,3,2,2,0,204,1
2,3,6,7,4,2,2,0,204,2
2,3,6,7,5,2,2,0,204,1
2,3,6,7,6,2,2,0,204,1
2,3,6,7,14,2,2,0,0,2
2,3,6,7,21,2,2,0,0,2
2,3,6,7,35,2,2,0,0,2
2,3,6,8,0,2,2,0,204,1
2,3,6,8,1,2,2,0,204,2
2,3,6,9,0,2,2,-1,255,2
2,3,6,8,16,2,2,0,204,2
2,3,6,8,24,2,2,0,204,1
2,3,6,8,32,2,2,0,204,2
2,3,6,8,40,2,2,0,204,1
2,3,6,8,48,2,2,0,204,3
2,3,6,8,56,2,2,0,204,2
2,3,6,9,0,2,2,0,255,2
2,3,6,14,7,2,2,0,255,2
2,3,6,16,2,2,2,-1,51,2
2,3,6,16,0,2,2,0,204,1
2,3,6,16,2,2,2,0,204,2
2,3,6,16,8,2,2,0,204,2
2,3,6,18,0,2,2,-1,255,2
2,3,6,16,24,2,2,0,204,1
2,3,6,16,32,2,2,0,204,2
2,3,6,16,40,2,2,0,204,3
2,3,6,16,48,2,2,0,204,1
2,3,6,16,56,2,2,0,204,2
2,3,6,18,0,2,2,0,255,2
2,3,6,21,7,2,2,0,255,2
2,3,6,24,0,2,2,0,204,2
2,3,6,24,8,2,2,0,204,1
2,3,6,24,16,2,2,0,204,1
2,3,6,24,32,2,2,0,204,3
2,3,6,24,40,2,2,0,204,2
2,3,6,24,48,2,2,0,204,2
2,3,6,24,56,2,2,0,204,1
2,3,6,27,63,2,2,-1,255,2
2,3,6,27,63,2,2,0,255,2
2,3,6,28,56,2,2,0,255,2
2,3,6,32,4,2,2,-1,51,2
2,3,6,32,0,2,2,0,204,1
2,3,6,32,4,2,2,0,204,2
2,3,6,32,8,2,2,0,204,2
2,3,6,32,16,2,2,0,204,2
2,3,6,32,24,2,2,0,204,3
2,3,6,32,40,2,2,0,204,1
2,3,6,32,48,2,2,0,204,1
2,3,6,32,56,2,2,0,204,2
2,3,6,36,0,2,2,-1,255,2
2,3,6,35,7,2,2,0,255,2
2,3,6,36,0,2,2,0,255,2
2,3,6,40,0,2,2,0,204,2
2,3,6,40,8,2,2,0,204,1
2,3,6,40,16,2,2,0,204,3
2,3,6,40,24,2,2,0,204,2
2,3,6,40,32,2,2,0,204,1
2,3,6,40,48,2,2,0,204,2
2,3,6,40,56,2,2,0,204,1
2,3,6,42,56,2,2,0,255,2
2,3,6,45,63,2,2,-1,255,2
2,3,6,45,63,2,2,0,255,2
2,3,6,48,0,2,2,0,204,2
2,3,6,48,8,2,2,0,204,3
2,3,6,48,16,2,2,0,204,1
2,3,6,48,24,2,2,0,204,2
2,3,6,48,32,2,2,0,204,1
2,3,6,48,40,2,2,0,204,2
2,3,6,48,56,2,2,0,204,1
2,3,6,49,56,2,2,0,255,2
2,3,6,54,63,2,2,-1,255,2
2,3,6,54,63,2,2,0,255,2
2,3,6,56,0,2,2,0,204,3
2,3,6,56,8,2,2,0,204,2
2,3,6,56,16,2,2,0,204,2
2,3,6,56,24,2,2,0,204,1
2,3,6,56,28,2,2,0,0,2
2,3,6,56,32,2,2,0,204,2
2,3,6,56,40,2,2,0,204,1
2,3,6,56,42,2,2,0,0,2
2,3,6,56,48,2,2,0,204,1
2,3,6,56,49,2,2,0,0,2
2,3,6,63,27,2,2,-1,0,2
2,3,6,63,45,2,2,-1,0,2
2,3,6,63,54,2,2,-1,0,2
2,3,6,63,27,2,2,0,0,2
2,3,6,63,45,2,2,0,0,2
2,3,6,63,54,2,2,0,0,2
2,3,6,0,9,3,-3,-1,0,2
2,3,6,0,18,3,-3,-1,0,2
2,3,6,0,19,3,-3,-1,240,3
2,3,6,0,26,3,-3,-1,240,3
2,3,6,0,36,3,-3,-1,0,2
2,3,6,0,38,3,-3,-1,240,3
2,3,6,0,52,3,-3,-1,240,3
2,3,6,0,63,3,-3,-1,240,6
2,3,6,0,9,3,-3,0,0,2
2,3,6,0,18,3,-3,0,0,2
2,3,6,0,36,3,-3,0,0,2
2,3,6,0,63,3,-3,0,240,6
2,3,6,7,14,3,-3,-1,0,2
2,3,6,7,15,3,-3,-1,204,1
2,3,6,7,21,3,-3,-1,0,2
2,3,6,7,23,3,-3,-1,204,1
2,3,6,7,31,3,-3,-1,204,2
2,3,6,7,35,3,-3,-1,0,2
2,3,6,7,39,3,-3,-1,204,1
2,3,6,7,47,3,-3,-1,204,2
2,3,6,7,52,3,-3,-1,240,4
2,3,6,7,55,3,-3,-1,204,2
2,3,6,7,56,3,-3,-1,240,6
2,3,6,7,63,3,-3,-1,204,3
2,3,6,7,56,3,-3,0,15,6
2,3,6,9,0,3,-3,-1,255,2
2,3,6,9,0,3,-3,0,255,2
2,3,6,10,26,3,-3,-1,255,1
2,3,6,12,13,3,-3,-1,255,1
2,3,6,13,12,3,-3,-1,0,1
2,3,6,13,29,3,-3,-1,0,1
2,3,6,13,41,3,-3,-1,240,2
2,3,6,13,63,3,-3,-1,240,3
2,3,6,14,7,3,-3,-1,255,2
2,3,6,13,41,3,-3,0,15,2
2,3,6,15,7,3,-3,-1,204,1
2,3,6,15,23,3,-3,-1,204,2
2,3,6,15,31,3,-3,-1,204,1
2,3,6,15,39,3,-3,-1,204,2
2,3,6,15,47,3,-3,-1,204,1
2,3,6,15,55,3,-3,-1,204,3
2,3,6,15,63,3,-3,-1,204,2
2,3,6,17,19,3,-3,-1,255,1
2,3,6,18,0,3,-3,-1,255,2
2,3,6,18,0,3,-3,0,255,2
2,3,6,19,0,3,-3,-1,240,3
2,3,6,19,17,3,-3,-1,0,1
2,3,6,19,26,3,-3,-1,240,2
2,3,6,19,51,3,-3,-1,0,1
2,3,6,19,26,3,-3,0,15,2
2,3,6,20,52,3,-3,-1,255,1
2,3,6,21,7,3,-3,-1,255,2
2,3,6,23,7,3,-3,-1,204,1
2,3,6,23,15,3,-3,-1,204,2
2,3,6,23,31,3,-3,-1,204,1
2,3,6,23,39,3,-3,-1,204,2
2,3,6,23,47,3,-3,-1,204,3
2,3,6,23,55,3,-3,-1,204,1
2,3,6,23,63,3,-3,-1,204,2
2,3,6,26,0,3,-3,-1,240,3
2,3,6,26,10,3,-3,-1,0,1
2,3,6,26,19,3,-3,-1,240,2
2,3,6,26,19,3,-3,0,15,2
2,3,6,26,30,3,-3,-1,0,1
2,3,6,27,63,3,-3,-1,255,2
2,3,6,27,63,3,-3,0,255,2
2,3,6,28,56,3,-3,-1,255,2
2,3,6,29,13,3,-3,-1,255,1
2,3,6,30,26,3,-3,-1,255,1
2,3,6,31,7,3,-3,-1,204,2
2,3,6,31,15,3,-3,-1,204,1
2,3,6,31,23,3,-3,-1,204,1
2,3,6,31,39,3,-3,-1,204,3
2,3,6,31,47,3,-3,-1,204,2
2,3,6,31,55,3,-3,-1,204,2
2,3,6,31,59,3,-3,-1,204,2
2,3,6,31,63,3,-3,-1,204,1
2,3,6,31,59,3,-3,0,51,2
2,3,6,33,41,3,-3,-1,255,1
2,3,6,34,38,3,-3,-1,255,1
2,3,6,35,7,3,-3,-1,255,2
2,3,6,36,0,3,-3,-1,255,2
2,3,6,36,0,3,-3,0,255,2
2,3,6,38,0,3,-3,-1,240,3
2,3,6,38,34,3,-3,-1,0,1
2,3,6,38,46,3,-3,-1,0,1
2,3,6,38,52,3,-3,-1,240,2
2,3,6,38,56,3,-3,-1,240,4
2,3,6,38,63,3,-3,-1,240,3
2,3,6,39,7,3,-3,-1,204,1
2,3,6,39,15,3,-3,-1,204,2
2,3,6,39,23,3,-3,-1,204,2
2,3,6,39,31,3,-3,-1,204,3
2,3,6,39,47,3,-3,-1,204,1
2,3,6,39,55,3,-3,-1,204,1
2,3,6,39,63,3,-3,-1,204,2
2,3,6,38,52,3,-3,0,15,2
2,3,6,41,13,3,-3,-1,240,2
2,3,6,41,33,3,-3,-1,0,1
2,3,6,41,43,3,-3,-1,0,1
2,3,6,41,63,3,-3,-1,240,3
2,3,6,41,13,3,-3,0,15,2
2,3,6,42,56,3,-3,-1,255,2
2,3,6,43,41,3,-3,-1,255,1
2,3,6,45,63,3,-3,-1,255,2
2,3,6,46,38,3,-3,-1,255,1
2,3,6,45,63,3,-3,0,255,2
2,3,6,47,7,3,-3,-1,204,2
2,3,6,47,15,3,-3,-1,204,1
2,3,6,47,23,3,-3,-1,204,3
2,3,6,47,31,3,-3,-1,204,2
2,3,6,47,39,3,-3,-1,204,1
2,3,6,47,55,3,-3,-1,204,2
2,3,6,47,61,3,-3,-1,204,2
2,3,6,47,63,3,-3,-1,204,1
2,3,6,47,61,3,-3,0,51,2
2,3,6,49,56,3,-3,-1,255,2
2,3,6,51,19,3,-3,-1,255,1
2,3,6,52,0,3,-3,-1,240,3
2,3,6,52,7,3,-3,-1,240,4
2,3,6,52,20,3,-3,-1,0,1
2,3,6,52,38,3,-3,-1,240,2
2,3,6,52,38,3,-3,0,15,2
2,3,6,52,53,3,-3,-1,0,1
2,3,6,52,63,3,-3,-1,240,3
2,3,6,53,52,3,-3,-1,255,1
2,3,6,54,63,3,-3,-1,255,2
2,3,6,55,7,3,-3,-1,204,2
2,3,6,55,15,3,-3,-1,204,3
2,3,6,55,23,3,-3,-1,204,1
2,3,6,55,31,3,-3,-1,204,2
2,3,6,55,39,3,-3,-1,204,1
2,3,6,55,47,3,-3,-1,204,2
2,3,6,55,62,3,-3,-1,204,2
2,3,6,55,63,3,-3,-1,204,1
2,3,6,56,7,3,-3,-1,240,6
2,3,6,56,28,3,-3,-1,0,2
2,3,6,56,38,3,-3,-1,240,4
2,3,6,56,42,3,-3,-1,0,2
2,3,6,56,49,3,-3,-1,0,2
2,3,6,54,63,3,-3,0,255,2
2,3,6,55,62,3,-3,0,51,2
2,3,6,56,7,3,-3,0,15,6
2,3,6,56,57,3,-3,-1,204,1
2,3,6,56,58,3,-3,-1,204,1
2,3,6,56,59,3,-3,-1,204,2
2,3,6,56,60,3,-3,-1,204,1
2,3,6,56,61,3,-3,-1,204,2
2,3,6,56,62,3,-3,-1,204,2
2,3,6,56,63,3,-3,-1,204,3
2,3,6,57,56,3,-3,-1,204,1
2,3,6,57,58,3,-3,-1,204,2
2,3,6,57,59,3,-3,-1,204,1
2,3,6,57,60,3,-3,-1,204,2
2,3,6,57,61,3,-3,-1,204,1
2,3,6,57,62,3,-3,-1,204,3
2,3,6,57,63,3,-3,-1,204,2
2,3,6,58,56,3,-3,-1,204,1
2,3,6,58,57,3,-3,-1,204,2
2,3,6,58,59,3,-3,-1,204,1
2,3,6,58,60,3,-3,-1,204,2
2,3,6,58,61,3,-3,-1,204,3
2,3,6,58,62,3,-3,-1,204,1
2,3,6,58,63,3,-3,-1,204,2
2,3,6,59,31,3,-3,-1,204,2
2,3,6,59,56,3,-3,-1,204,2
2,3,6,59,57,3,-3,-1,204,1
2,3,6,59,58,3,-3,-1,204,1
2,3,6,59,60,3,-3,-1,204,3
2,3,6,59,61,3,-3,-1,204,2
2,3,6,59,62,3,-3,-1,204,2
2,3,6,59,63,3,-3,-1,204,1
2,3,6,60,56,3,-3,-1,204,1
2,3,6,60,57,3,-3,-1,204,2
2,3,6,60,58,3,-3,-1,204,2
2,3,6,60,59,3,-3,-1,204,3
2,3,6,59,31,3,-3,0,51,2
2,3,6,60,61,3,-3,-1,204,1
2,3,6,60,62,3,-3,-1,204,1
2,3,6,60,63,3,-3,-1,204,2
2,3,6,61,47,3,-3,-1,204,2
2,3,6,61,56,3,-3,-1,204,2
2,3,6,61,57,3,-3,-1,204,1
2,3,6,61,58,3,-3,-1,204,3
2,3,6,61,59,3,-3,-1,204,2
2,3,6,61,60,3,-3,-1,204,1
2,3,6,61,62,3,-3,-1,204,2
2,3,6,61,63,3,-3,-1,204,1
2,3,6,62,55,3,-3,-1,204,2
2,3,6,62,56,3,-3,-1,204,2
2,3,6,62,57,3,-3,-1,204,3
2,3,6,62,58,3,-3,-1,204,1
2,3,6,62,59,3,-3,-1,204,2
2,3,6,62,60,3,-3,-1,204,1
2,3,6,62,61,3,-3,-1,204,2
2,3,6,61,47,3,-3,0,51,2
2,3,6,62,55,3,-3,0,51,2
2,3,6,62,63,3,-3,-1,204,1
2,3,6,63,0,3,-3,-1,240,6
2,3,6,63,7,3,-3,-1,204,3
2,3,6,63,13,3,-3,-1,240,3
2,3,6,63,15,3,-3,-1,204,2
2,3,6,63,23,3,-3,-1,204,2
2,3,6,63,27,3,-3,-1,0,2
2,3,6,63,31,3,-3,-1,204,1
2,3,6,63,38,3,-3,-1,240,3
2,3,6,63,39,3,-3,-1,204,2
2,3,6,63,41,3,-3,-1,240,3
2,3,6,63,45,3,-3,-1,0,2
2,3,6,63,47,3,-3,-1,204,1
2,3,6,63,52,3,-3,-1,240,3
2,3,6,63,54,3,-3,-1,0,2
2,3,6,63,55,3,-3,-1,204,1
2,3,6,63,56,3,-3,-1,204,3
2,3,6,63,57,3,-3,-1,204,2
2,3,6,63,58,3,-3,-1,204,2
2,3,6,63,59,3,-3,-1,204,1
2,3,6,63,60,3,-3,-1,204,2
2,3,6,63,61,3,-3,-1,204,1
2,3,6,63,62,3,-3,-1,204,1
2,3,6,63,0,3,-3,0,240,6
2,3,6,63,27,3,-3,0,0,2
2,3,6,63,45,3,-3,0,0,2
2,3,6,63,54,3,-3,0,0,2
2,3,6,0,9,3,-2,-1,0,2
2,3,6,0,18,3,-2,-1,0,2
2,3,6,0,36,3,-2,-1,0,2
2,3,6,0,9,3,-2,0,0,2
2,3,6,0,18,3,-2,0,0,2
2,3,6,0,36,3,-2,0,0,2
2,3,6,7,14,3,-2,-1,0,2
2,3,6,7,21,3,-2,-1,0,2
2,3,6,7,35,3,-2,-1,0,2
2,3,6,9,0,3,-2,-1,255,2
2,3,6,9,0,3,-2,0,255,2
2,3,6,14,7,3,-2,-1,255,2
2,3,6,18,0,3,-2,-1,255,2
2,3,6,18,0,3,-2,0,255,2
2,3,6,21,7,3,-2,-1,255,2
2,3,6,27,63,3,-2,-1,255,2
2,3,6,27,63,3,-2,0,255,2
2,3,6,28,56,3,-2,-1,255,2
2,3,6,35,7,3,-2,-1,255,2
2,3,6,36,0,3,-2,-1,255,2
2,3,6,36,0,3,-2,0,255,2
2,3,6,42,56,3,-2,-1,255,2
2,3,6,45,63,3,-2,-1,255,2
2,3,6,45,63,3,-2,0,255,2
2,3,6,49,56,3,-2,-1,255,2
2,3,6,54,63,3,-2,-1,255,2
2,3,6,56,28,3,-2,-1,0,2
2,3,6,56,42,3,-2,-1,0,2
2,3,6,56,49,3,-2,-1,0,2
2,3,6,54,63,3,-2,0,255,2
2,3,6,63,27,3,-2,-1,0,2
2,3,6,63,45,3,-2,-1,0,2
2,3,6,63,54,3,-2,-1,0,2
2,3,6,63,27,3,-2,0,0,2
2,3,6,63,45,3,-2,0,0,2
2,3,6,63,54,3,-2,0,0,2
2,3,6,0,9,3,-1,-1,0,2
2,3,6,0,18,3,-1,-1,0,2
2,3,6,0,36,3,-1,-1,0,2
2,3,6,0,9,3,-1,0,0,2
2,3,6,0,18,3,-1,0,0,2
2,3,6,0,36,3,-1,0,0,2
2,3,6,7,14,3,-1,-1,0,2
2,3,6,7,21,3,-1,-1,0,2
2,3,6,7,35,3,-1,-1,0,2
2,3,6,9,0,3,-1,-1,255,2
2,3,6,9,0,3,-1,0,255,2
2,3,6,14,7,3,-1,-1,255,2
2,3,6,18,0,3,-1,-1,255,2
2,3,6,18,0,3,-1,0,255,2
2,3,6,21,7,3,-1,-1,255,2
2,3,6,27,63,3,-1,-1,255,2
2,3,6,27,63,3,-1,0,255,2
2,3,6,28,56,3,-1,-1,255,2
2,3,6,35,7,3,-1,-1,255,2
2,3,6,36,0,3,-1,-1,255,2
2,3,6,36,0,3,-1,0,255,2
2,3,6,42,56,3,-1,-1,255,2
2,3,6,45,63,3,-1,-1,255,2
2,3,6,45,63,3,-1,0,255,2
2,3,6,49,56,3,-1,-1,255,2
2,3,6,54,63,3,-1,-1,255,2
2,3,6,56,28,3,-1,-1,0,2
2,3,6,56,42,3,-1,-1,0,2
2,3,6,56,49,3,-1,-1,0,2
2,3,6,54,63,3,-1,0,255,2
2,3,6,63,27,3,-1,-1,0,2
2,3,6,63,45,3,-1,-1,0,2
2,3,6,63,54,3,-1,-1,0,2
2,3,6,63,27,3,-1,0,0,2
2,3,6,63,45,3,-1,0,0,2
2,3,6,63,54,3,-1,0,0,2
2,3,6,0,1,3,0,-1,240,1
2,3,6,0,2,3,0,-1,240,1
2,3,6,0,3,3,0,-1,240,2
2,3,6,0,4,3,0,-1,240,1
2,3,6,0,5,3,0,-1,240,2
2,3,6,0,6,3,0,-1,240,2
2,3,6,0,7,3,0,-1,240,3
2,3,6,0,8,3,0,-1,240,1
2,3,6,0,9,3,0,-1,0,2
2,3,6,0,16,3,0,-1,240,1
2,3,6,0,18,3,0,-1,0,2
2,3,6,0,19,3,0,-1,204,3
2,3,6,0,24,3,0,-1,240,2
2,3,6,0,26,3,0,-1,204,3
2,3,6,0,32,3,0,-1,240,1
2,3,6,0,36,3,0,-1,0,2
2,3,6,0,38,3,0,-1,204,3
2,3,6,0,40,3,0,-1,240,2
2,3,6,0,48,3,0,-1,240,2
2,3,6,0,52,3,0,-1,204,3
2,3,6,0,56,3,0,-1,240,3
2,3,6,0,63,3,0,-1,204,6
2,3,6,1,0,3,0,-1,240,1
2,3,6,1,2,3,0,-1,240,2
2,3,6,1,3,3,0,-1,240,1
2,3,6,1,4,3,0,-1,240,2
2,3,6,1,5,3,0,-1,240,1
2,3,6,1,6,3,0,-1,240,3
2,3,6,1,7,3,0,-1,240,2
2,3,6,1,8,3,0,-1,240,2
2,3,6,2,0,3,0,-1,240,1
2,3,6,2,1,3,0,-1,240,2
2,3,6,0,9,3,0,0,0,2
2,3,6,0,18,3,0,0,0,2
2,3,6,0,36,3,0,0,0,2
2,3,6,0,63,3,0,0,204,6
2,3,6,1,8,3,0,0,15,2
2,3,6,2,3,3,0,-1,240,1
2,3,6,2,4,3,0,-1,240,2
2,3,6,2,5,3,0,-1,240,3
2,3,6,2,6,3,0,-1,240,1
2,3,6,2,7,3,0,-1,240,2
2,3,6,2,16,3,0,-1,240,2
2,3,6,3,0,3,0,-1,240,2
2,3,6,3,1,3,0,-1,240,1
2,3,6,3,2,3,0,-1,240,1
2,3,6,3,4,3,0,-1,240,3
2,3,6,3,5,3,0,-1,240,2
2,3,6,3,6,3,0,-1,240,2
2,3,6,3,7,3,0,-1,240,1
2,3,6,4,0,3,0,-1,240,1
2,3,6,4,1,3,0,-1,240,2
2,3,6,4,2,3,0,-1,240,2
2,3,6,4,3,3,0,-1,240,3
2,3,6,2,16,3,0,0,15,2
2,3,6,4,5,3,0,-1,240,1
2,3,6,4,6,3,0,-1,240,1
2,3,6,4,7,3,0,-1,240,2
2,3,6,4,32,3,0,-1,240,2
2,3,6,5,0,3,0,-1,240,2
2,3,6,5,1,3,0,-1,240,1
2,3,6,5,2,3,0,-1,240,3
2,3,6,5,3,3,0,-1,240,2
2,3,6,5,4,3,0,-1,240,1
2,3,6,5,6,3,0,-1,240,2
2,3,6,5,7,3,0,-1,240,1
2,3,6,6,0,3,0,-1,240,2
2,3,6,6,1,3,0,-1,240,3
2,3,6,6,2,3,0,-1,240,1
2,3,6,6,3,3,0,-1,240,2
2,3,6,6,4,3,0,-1,240,1
2,3,6,6,5,3,0,-1,240,2
2,3,6,4,32,3,0,0,15,2
2,3,6,6,7,3,0,-1,240,1
2,3,6,7,0,3,0,-1,240,3
2,3,6,7,1,3,0,-1,240,2
2,3,6,7,2,3,0,-1,240,2
2,3,6,7,3,3,0,-1,240,1
2,3,6,7,4,3,0,-1,240,2
2,3,6,7,5,3,0,-1,240,1
2,3,6,7,6,3,0,-1,240,1
2,3,6,7,14,3,0,-1,0,2
2,3,6,7,15,3,0,-1,170,1
2,3,6,7,21,3,0,-1,0,2
2,3,6,7,23,3,0,-1,170,1
2,3,6,7,31,3,0,-1,170,2
2,3,6,7,35,3,0,-1,0,2
2,3,6,7,39,3,0,-1,170,1
2,3,6,7,47,3,0,-1,170,2
2,3,6,7,52,3,0,-1,204,4
2,3,6,7,55,3,0,-1,170,2
2,3,6,7,56,3,0,-1,204,6
2,3,6,7,63,3,0,-1,170,3
2,3,6,8,0,3,0,-1,240,1
2,3,6,8,1,3,0,-1,240,2
2,3,6,7,56,3,0,0,51,6
2,3,6,8,1,3,0,0,15,2
2,3,6,8,16,3,0,-1,240,2
2,3,6,8,24,3,0,-1,240,1
2,3,6,8,32,3,0,-1,240,2
2,3,6,8,40,3,0,-1,240,1
2,3,6,8,48,3,0,-1,240,3
2,3,6,8,56,3,0,-1,240,2
2,3,6,9,0,3,0,-1,255,2
2,3,6,9,0,3,0,0,255,2
2,3,6,10,26,3,0,-1,255,1
2,3,6,12,13,3,0,-1,255,1
2,3,6,13,12,3,0,-1,0,1
2,3,6,13,29,3,0,-1,0,1
2,3,6,13,41,3,0,-1,204,2
2,3,6,13,63,3,0,-1,204,3
2,3,6,14,7,3,0,-1,255,2
2,3,6,13,41,3,0,0,51,2
2,3,6,15,7,3,0,-1,170,1
2,3,6,15,23,3,0,-1,170,2
2,3,6,15,31,3,0,-1,170,1
2,3,6,15,39,3,0,-1,170,2
2,3,6,15,47,3,0,-1,170,1
2,3,6,15,55,3,0,-1,170,3
2,3,6,15,63,3,0,-1,170,2
2,3,6,16,0,3,0,-1,240,1
2,3,6,16,2,3,0,-1,240,2
2,3,6,16,8,3,0,-1,240,2
2,3,6,16,2,3,0,0,15,2
2,3,6,16,24,3,0,-1,240,1
2,3,6,16,32,3,0,-1,240,2
2,3,6,16,40,3,0,-1,240,3
2,3,6,16,48,3,0,-1,240,1
2,3,6,16,56,3,0,-1,240,2
2,3,6,17,19,3,0,-1,255,1
2,3,6,18,0,3,0,-1,255,2
2,3,6,18,0,3,0,0,255,2
2,3,6,19,0,3,0,-1,204,3
2,3,6,19,17,3,0,-1,0,1
2,3,6,19,26,3,0,-1,204,2
2,3,6,19,51,3,0,-1,0,1
2,3,6,19,26,3,0,0,51,2
2,3,6,20,52,3,0,-1,255,1
2,3,6,21,7,3,0,-1,255,2
2,3,6,23,7,3,0,-1,170,1
2,3,6,23,15,3,0,-1,170,2
2,3,6,23,31,3,0,-1,170,1
2,3,6,23,39,3,0,-1,170,2
2,3,6,23,47,3,0,-1,170,3
2,3,6,23,55,3,0,-1,170,1
2,3,6,23,63,3,0,-1,170,2
2,3,6,24,0,3,0,-1,240,2
2,3,6,24,8,3,0,-1,240,1
2,3,6,24,16,3,0,-1,240,1
2,3,6,24,32,3,0,-1,240,3
2,3,6,24,40,3,0,-1,240,2
2,3,6,24,48,3,0,-1,240,2
2,3,6,24,56,3,0,-1,240,1
2,3,6,26,0,3,0,-1,204,3
2,3,6,26,10,3,0,-1,0,1
2,3,6,26,19,3,0,-1,204,2
2,3,6,26,19,3,0,0,51,2
2,3,6,26,30,3,0,-1,0,1
2,3,6,27,63,3,0,-1,255,2
2,3,6,27,63,3,0,0,255,2
2,3,6,28,56,3,0,-1,255,2
2,3,6,29,13,3,0,-1,255,1
2,3,6,30,26,3,0,-1,255,1
2,3,6,31,7,3,0,-1,170,2
2,3,6,31,15,3,0,-1,170,1
2,3,6,31,23,3,0,-1,170,1
2,3,6,31,39,3,0,-1,170,3
2,3,6,31,47,3,0,-1,170,2
2,3,6,31,55,3,0,-1,170,2
2,3,6,31,59,3,0,-1,170,2
2,3,6,31,63,3,0,-1,170,1
2,3,6,32,0,3,0,-1,240,1
2,3,6,32,4,3,0,-1,240,2
2,3,6,32,8,3,0,-1,240,2
2,3,6,32,16,3,0,-1,240,2
2,3,6,32,24,3,0,-1,240,3
2,3,6,31,59,3,0,0,85,2
2,3,6,32,4,3,0,0,15,2
2,3,6,32,40,3,0,-1,240,1
2,3,6,32,48,3,0,-1,240,1
2,3,6,32,56,3,0,-1,240,2
2,3,6,33,41,3,0,-1,255,1
2,3,6,34,38,3,0,-1,255,1
2,3,6,35,7,3,0,-1,255,2
2,3,6,36,0,3,0,-1,255,2
2,3,6,36,0,3,0,0,255,2
2,3,6,38,0,3,0,-1,204,3
2,3,6,38,34,3,0,-1,0,1
2,3,6,38,46,3,0,-1,0,1
2,3,6,38,52,3,0,-1,204,2
2,3,6,38,56,3,0,-1,204,4
2,3,6,38,63,3,0,-1,204,3
2,3,6,39,7,3,0,-1,170,1
2,3,6,39,15,3,0,-1,170,2
2,3,6,39,23,3,0,-1,170,2
2,3,6,39,31,3,0,-1,170,3
2,3,6,39,47,3,0,-1,170,1
2,3,6,39,55,3,0,-1,170,1
2,3,6,39,63,3,0,-1,170,2
2,3,6,40,0,3,0,-1,240,2
2,3,6,40,8,3,0,-1,240,1
2,3,6,40,16,3,0,-1,240,3
2,3,6,40,24,3,0,-1,240,2
2,3,6,40,32,3,0,-1,240,1
2,3,6,38,52,3,0,0,51,2
2,3,6,40,48,3,0,-1,240,2
2,3,6,40,56,3,0,-1,240,1
2,3,6,41,13,3,0,-1,204,2
2,3,6,41,33,3,0,-1,0,1
2,3,6,41,43,3,0,-1,0,1
2,3,6,41,63,3,0,-1,204,3
2,3,6,41,13,3,0,0,51,2
2,3,6,42,56,3,0,-1,255,2
2,3,6,43,41,3,0,-1,255,1
2,3,6,45,63,3,0,-1,255,2
2,3,6,46,38,3,0,-1,255,1
2,3,6,45,63,3,0,0,255,2
2,3,6,47,7,3,0,-1,170,2
2,3,6,47,15,3,0,-1,170,1
2,3,6,47,23,3,0,-1,170,3
2,3,6,47,31,3,0,-1,170,2
2,3,6,47,39,3,0,-1,170,1
2,3,6,47,55,3,0,-1,170,2
2,3,6,47,61,3,0,-1,170,2
2,3,6,47,63,3,0,-1,170,1
2,3,6,48,0,3,0,-1,240,2
2,3,6,48,8,3,0,-1,240,3
2,3,6,48,16,3,0,-1,240,1
2,3,6,48,24,3,0,-1,240,2
2,3,6,48,32,3,0,-1,240,1
2,3,6,48,40,3,0,-1,240,2
2,3,6,47,61,3,0,0,85,2
2,3,6,48,56,3,0,-1,240,1
2,3,6,49,56,3,0,-1,255,2
2,3,6,51,19,3,0,-1,255,1
2,3,6,52,0,3,0,-1,204,3
2,3,6,52,7,3,0,-1,204,4
2,3,6,52,20,3,0,-1,0,1
2,3,6,52,38,3,0,-1,204,2
2,3,6,52,38,3,0,0,51,2
2,3,6,52,53,3,0,-1,0,1
2,3,6,52,63,3,0,-1,204,3
2,3,6,53,52,3,0,-1,255,1
2,3,6,54,63,3,0,-1,255,2
2,3,6,55,7,3,0,-1,170,2
2,3,6,55,15,3,0,-1,170,3
2,3,6,55,23,3,0,-1,170,1
2,3,6,55,31,3,0,-1,170,2
2,3,6,55,39,3,0,-1,170,1
2,3,6,55,47,3,0,-1,170,2
2,3,6,55,62,3,0,-1,170,2
2,3,6,55,63,3,0,-1,170,1
2,3,6,56,0,3,0,-1,240,3
2,3,6,56,7,3,0,-1,204,6
2,3,6,56,8,3,0,-1,240,2
2,3,6,56,16,3,0,-1,240,2
2,3,6,56,24,3,0,-1,240,1
2,3,6,56,28,3,0,-1,0,2
2,3,6,56,32,3,0,-1,240,2
2,3,6,56,38,3,0,-1,204,4
2,3,6,56,40,3,0,-1,240,1
2,3,6,56,42,3,0,-1,0,2
2,3,6,56,48,3,0,-1,240,1
2,3,6,56,49,3,0,-1,0,2
2,3,6,54,63,3,0,0,255,2
2,3,6,55,62,3,0,0,85,2
2,3,6,56,7,3,0,0,51,6
2,3,6,56,57,3,0,-1,170,1
2,3,6,56,58,3,0,-1,170,1
2,3,6,56,59,3,0,-1,170,2
2,3,6,56,60,3,0,-1,170,1
2,3,6,56,61,3,0,-1,170,2
2,3,6,56,62,3,0,-1,170,2
2,3,6,56,63,3,0,-1,170,3
2,3,6,57,56,3,0,-1,170,1
2,3,6,57,58,3,0,-1,170,2
2,3,6,57,59,3,0,-1,170,1
2,3,6,57,60,3,0,-1,170,2
2,3,6,57,61,3,0,-1,170,1
2,3,6,57,62,3,0,-1,170,3
2,3,6,57,63,3,0,-1,170,2
2,3,6,58,56,3,0,-1,170,1
2,3,6,58,57,3,0,-1,170,2
2,3,6,58,59,3,0,-1,170,1
2,3,6,58,60,3,0,-1,170,2
2,3,6,58,61,3,0,-1,170,3
2,3,6,58,62,3,0,-1,170,1
2,3,6,58,63,3,0,-1,170,2
2,3,6,59,31,3,0,-1,170,2
2,3,6,59,56,3,0,-1,170,2
2,3,6,59,57,3,0,-1,170,1
2,3,6,59,58,3,0,-1,170,1
2,3,6,59,60,3,0,-1,170,3
2,3,6,59,61,3,0,-1,170,2
2,3,6,59,62,3,0,-1,170,2
2,3,6,59,63,3,0,-1,170,1
2,3,6,60,56,3,0,-1,170,1
2,3,6,60,57,3,0,-1,170,2
2,3,6,60,58,3,0,-1,170,2
2,3,6,60,59,3,0,-1,170,3
2,3,6,59,31,3,0,0,85,2
2,3,6,60,61,3,0,-1,170,1
2,3,6,60,62,3,0,-1,170,1
2,3,6,60,63,3,0,-1,170,2
2,3,6,61,47,3,0,-1,170,2
2,3,6,61,56,3,0,-1,170,2
2,3,6,61,57,3,0,-1,170,1
2,3,6,61,58,3,0,-1,170,3
2,3,6,61,59,3,0,-1,170,2
2,3,6,61,60,3,0,-1,170,1
2,3,6,61,62,3,0,-1,170,2
2,3,6,61,63,3,0,-1,170,1
2,3,6,62,55,3,0,-1,170,2
2,3,6,62,56,3,0,-1,170,2
2,3,6,62,57,3,0,-1,170,3
2,3,6,62,58,3,0,-1,170,1
2,3,6,62,59,3,0,-1,170,2
2,3,6,62,60,3,0,-1,170,1
2,3,6,62,61,3,0,-1,170,2
2,3,6,61,47,3,0,0,85,2
2,3,6,62,55,3,0,0,85,2
2,3,6,62,63,3,0,-1,170,1
2,3,6,63,0,3,0,-1,204,6
2,3,6,63,7,3,0,-1,170,3
2,3,6,63,13,3,0,-1,204,3
2,3,6,63,15,3,0,-1,170,2
2,3,6,63,23,3,0,-1,170,2
2,3,6,63,27,3,0,-1,0,2
2,3,6,63,31,3,0,-1,170,1
2,3,6,63,38,3,0,-1,204,3
2,3,6,63,39,3,0,-1,170,2
2,3,6,63,41,3,0,-1,204,3
2,3,6,63,45,3,0,-1,0,2
2,3,6,63,47,3,0,-1,170,1
2,3,6,63,52,3,0,-1,204,3
2,3,6,63,54,3,0,-1,0,2
2,3,6,63,55,3,0,-1,170,1
2,3,6,63,56,3,0,-1,170,3
2,3,6,63,57,3,0,-1,170,2
2,3,6,63,58,3,0,-1,170,2
2,3,6,63,59,3,0,-1,170,1
2,3,6,63,60,3,0,-1,170,2
2,3,6,63,61,3,0,-1,170,1
2,3,6,63,62,3,0,-1,170,1
2,3,6,63,0,3,0,0,204,6
2,3,6,63,27,3,0,0,0,2
2,3,6,63,45,3,0,0,0,2
2,3,6,63,54,3,0,0,0,2
2,3,6,0,9,3,1,-1,0,2
2,3,6,0,18,3,1,-1,0,2
2,3,6,0,36,3,1,-1,0,2
2,3,6,0,9,3,1,0,0,2
2,3,6,0,18,3,1,0,0,2
2,3,6,0,36,3,1,0,0,2
2,3,6,7,14,3,1,-1,0,2
2,3,6,7,21,3,1,-1,0,2
2,3,6,7,35,3,1,-1,0,2
2,3,6,9,0,3,1,-1,255,2
2,3,6,9,0,3,1,0,255,2
2,3,6,14,7,3,1,-1,255,2
2,3,6,18,0,3,1,-1,255,2
2,3,6,18,0,3,1,0,255,2
2,3,6,21,7,3,1,-1,255,2
2,3,6,27,63,3,1,-1,255,2
2,3,6,27,63,3,1,0,255,2
2,3,6,28,56,3,1,-1,255,2
2,3,6,35,7,3,1,-1,255,2
2,3,6,36,0,3,1,-1,255,2
2,3,6,36,0,3,1,0,255,2
2,3,6,42,56,3,1,-1,255,2
2,3,6,45,63,3,1,-1,255,2
2,3,6,45,63,3,1,0,255,2
2,3,6,49,56,3,1,-1,255,2
2,3,6,54,63,3,1,-1,255,2
2,3,6,56,28,3,1,-1,0,2
2,3,6,56,42,3,1,-1,0,2
2,3,6,56,49,3,1,-1,0,2
2,3,6,54,63,3,1,0,255,2
2,3,6,63,27,3,1,-1,0,2
2,3,6,63,45,3,1,-1,0,2
2,3,6,63,54,3,1,-1,0,2
2,3,6,63,27,3,1,0,0,2
2,3,6,63,45,3,1,0,0,2
2,3,6,63,54,3,1,0,0,2
2,3,6,0,9,3,2,-1,0,2
2,3,6,0,18,3,2,-1,0,2
2,3,6,0,36,3,2,-1,0,2
2,3,6,0,9,3,2,0,0,2
2,3,6,0,18,3,2,0,0,2
2,3,6,0,36,3,2,0,0,2
2,3,6,7,14,3,2,-1,0,2
2,3,6,7,21,3,2,-1,0,2
2,3,6,7,35,3,2,-1,0,2
2,3,6,9,0,3,2,-1,255,2
2,3,6,9,0,3,2,0,255,2
2,3,6,14,7,3,2,-1,255,2
2,3,6,18,0,3,2,-1,255,2
2,3,6,18,0,3,2,0,255,2
2,3,6,21,7,3,2,-1,255,2
2,3,6,27,63,3,2,-1,255,2
2,3,6,27,63,3,2,0,255,2
2,3,6,28,56,3,2,-1,255,2
2,3,6,35,7,3,2,-1,255,2
2,3,6,36,0,3,2,-1,255,2
2,3,6,36,0,3,2,0,255,2
2,3,6,42,56,3,2,-1,255,2
2,3,6,45,63,3,2,-1,255,2
2,3,6,45,63,3,2,0,255,2
2,3,6,49,56,3,2,-1,255,2
2,3,6,54,63,3,2,-1,255,2
2,3,6,56,28,3,2,-1,0,2
2,3,6,56,42,3,2,-1,0,2
2,3,6,56,49,3,2,-1,0,2
2,3,6,54,63,3,2,0,255,2
2,3,6,63,27,3,2,-1,0,2
2,3,6,63,45,3,2,-1,0,2
2,3,6,63,54,3,2,-1,0,2
2,3,6,63,27,3,2,0,0,2
2,3,6,63,45,3,2,0,0,2
2,3,6,63,54,3,2,0,0,2
2,3,6,0,1,3,3,-1,204,1
2,3,6,0,2,3,3,-1,204,1
2,3,6,0,3,3,3,-1,204,2
2,3,6,0,4,3,3,-1,204,1
2,3,6,0,5,3,3,-1,204,2
2,3,6,0,6,3,3,-1,204,2
2,3,6,0,7,3,3,-1,204,3
2,3,6,0,8,3,3,-1,204,1
2,3,6,0,9,3,3,-1,0,2
2,3,6,0,16,3,3,-1,204,1
2,3,6,0,18,3,3,-1,0,2
2,3,6,0,19,3,3,-1,170,3
2,3,6,0,24,3,3,-1,204,2
2,3,6,0,26,3,3,-1,170,3
2,3,6,0,32,3,3,-1,204,1
2,3,6,0,36,3,3,-1,0,2
2,3,6,0,38,3,3,-1,170,3
2,3,6,0,40,3,3,-1,204,2
2,3,6,0,48,3,3,-1,204,2
2,3,6,0,52,3,3,-1,170,3
2,3,6,0,56,3,3,-1,204,3
2,3,6,0,63,3,3,-1,170,6
2,3,6,1,0,3,3,-1,204,1
2,3,6,1,2,3,3,-1,204,2
2,3,6,1,3,3,3,-1,204,1
2,3,6,1,4,3,3,-1,204,2
2,3,6,1,5,3,3,-1,204,1
2,3,6,1,6,3,3,-1,204,3
2,3,6,1,7,3,3,-1,204,2
2,3,6,1,8,3,3,-1,204,2
2,3,6,2,0,3,3,-1,204,1
2,3,6,2,1,3,3,-1,204,2
2,3,6,0,9,3,3,0,0,2
2,3,6,0,18,3,3,0,0,2
2,3,6,0,36,3,3,0,0,2
2,3,6,0,63,3,3,0,170,6
2,3,6,1,8,3,3,0,51,2
2,3,6,2,3,3,3,-1,204,1
2,3,6,2,4,3,3,-1,204,2
2,3,6,2,5,3,3,-1,204,3
2,3,6,2,6,3,3,-1,204,1
2,3,6,2,7,3,3,-1,204,2
2,3,6,2,16,3,3,-1,204,2
2,3,6,3,0,3,3,-1,204,2
2,3,6,3,1,3,3,-1,204,1
2,3,6,3,2,3,3,-1,204,1
2,3,6,3,4,3,3,-1,204,3
2,3,6,3,5,3,3,-1,204,2
2,3,6,3,6,3,3,-1,204,2
2,3,6,3,7,3,3,-1,204,1
2,3,6,4,0,3,3,-1,204,1
2,3,6,4,1,3,3,-1,204,2
2,3,6,4,2,3,3,-1,204,2
2,3,6,4,3,3,3,-1,204,3
2,3,6,2,16,3,3,0,51,2
2,3,6,4,5,3,3,-1,204,1
2,3,6,4,6,3,3,-1,204,1
2,3,6,4,7,3,3,-1,204,2
2,3,6,4,32,3,3,-1,204,2
2,3,6,5,0,3,3,-1,204,2
2,3,6,5,1,3,3,-1,204,1
2,3,6,5,2,3,3,-1,204,3
2,3,6,5,3,3,3,-1,204,2
2,3,6,5,4,3,3,-1,204,1
2,3,6,5,6,3,3,-1,204,2
2,3,6,5,7,3,3,-1,204,1
2,3,6,6,0,3,3,-1,204,2
2,3,6,6,1,3,3,-1,204,3
2,3,6,6,2,3,3,-1,204,1
2,3,6,6,3,3,3,-1,204,2
2,3,6,6,4,3,3,-1,204,1
2,3,6,6,5,3,3,-1,204,2
2,3,6,4,32,3,3,0,51,2
2,3,6,6,7,3,3,-1,204,1
2,3,6,7,0,3,3,-1,204,3
2,3,6,7,1,3,3,-1,204,2
2,3,6,7,2,3,3,-1,204,2
2,3,6,7,3,3,3,-1,204,1
2,3,6,7,4,3,3,-1,204,2
2,3,6,7,5,3,3,-1,204,1
2,3,6,7,6,3,3,-1,204,1
2,3,6,7,14,3,3,-1,0,2
2,3,6,7,21,3,3,-1,0,2
2,3,6,7,35,3,3,-1,0,2
2,3,6,7,52,3,3,-1,170,4
2,3,6,7,56,3,3,-1,170,6
2,3,6,8,0,3,3,-1,204,1
2,3,6,8,1,3,3,-1,204,2
2,3,6,7,56,3,3,0,85,6
2,3,6,8,1,3,3,0,51,2
2,3,6,8,16,3,3,-1,204,2
2,3,6,8,24,3,3,-1,204,1
2,3,6,8,32,3,3,-1,204,2
2,3,6,8,40,3,3,-1,204,1
2,3,6,8,48,3,3,-1,204,3
2,3,6,8,56,3,3,-1,204,2
2,3,6,9,0,3,3,-1,255,2
2,3,6,9,0,3,3,0,255,2
2,3,6,10,26,3,3,-1,255,1
2,3,6,12,13,3,3,-1,255,1
2,3,6,13,12,3,3,-1,0,1
2,3,6,13,29,3,3,-1,0,1
2,3,6,13,41,3,3,-1,170,2
2,3,6,13,63,3,3,-1,170,3
2,3,6,14,7,3,3,-1,255,2
2,3,6,13,41,3,3,0,85,2
2,3,6,16,0,3,3,-1,204,1
2,3,6,16,2,3,3,-1,204,2
2,3,6,16,8,3,3,-1,204,2
2,3,6,16,2,3,3,0,51,2
2,3,6,16,24,3,3,-1,204,1
2,3,6,16,32,3,3,-1,204,2
2,3,6,16,40,3,3,-1,204,3
2,3,6,16,48,3,3,-1,204,1
2,3,6,16,56,3,3,-1,204,2
2,3,6,17,19,3,3,-1,255,1
2,3,6,18,0,3,3,-1,255,2
2,3,6,18,0,3,3,0,255,2
2,3,6,19,0,3,3,-1,170,3
2,3,6,19,17,3,3,-1,0,1
2,3,6,19,26,3,3,-1,170,2
2,3,6,19,51,3,3,-1,0,1
2,3,6,19,26,3,3,0,85,2
2,3,6,20,52,3,3,-1,255,1
2,3,6,21,7,3,3,-1,255,2
2,3,6,24,0,3,3,-1,204,2
2,3,6,24,8,3,3,-1,204,1
2,3,6,24,16,3,3,-1,204,1
2,3,6,24,32,3,3,-1,204,3
2,3,6,24,40,3,3,-1,204,2
2,3,6,24,48,3,3,-1,204,2
2,3,6,24,56,3,3,-1,204,1
2,3,6,26,0,3,3,-1,170,3
2,3,6,26,10,3,3,-1,0,1
2,3,6,26,19,3,3,-1,170,2
2,3,6,26,19,3,3,0,85,2
2,3,6,26,30,3,3,-1,0,1
2,3,6,27,63,3,3,-1,255,2
2,3,6,27,63,3,3,0,255,2
2,3,6,28,56,3,3,-1,255,2
2,3,6,29,13,3,3,-1,255,1
2,3,6,30,26,3,3,-1,255,1
2,3,6,32,0,3,3,-1,204,1
2,3,6,32,4,3,3,-1,204,2
2,3,6,32,8,3,3,-1,204,2
2,3,6,32,16,3,3,-1,204,2
2,3,6,32,24,3,3,-1,204,3
2,3,6,32,4,3,3,0,51,2
2,3,6,32,40,3,3,-1,204,1
2,3,6,32,48,3,3,-1,204,1
2,3,6,32,56,3,3,-1,204,2
2,3,6,33,41,3,3,-1,255,1
2,3,6,34,38,3,3,-1,255,1
2,3,6,35,7,3,3,-1,255,2
2,3,6,36,0,3,3,-1,255,2
2,3,6,36,0,3,3,0,255,2
2,3,6,38,0,3,3,-1,170,3
2,3,6,38,34,3,3,-1,0,1
2,3,6,38,46,3,3,-1,0,1
2,3,6,38,52,3,3,-1,170,2
2,3,6,38,56,3,3,-1,170,4
2,3,6,38,63,3,3,-1,170,3
2,3,6,40,0,3,3,-1,204,2
2,3,6,40,8,3,3,-1,204,1
2,3,6,40,16,3,3,-1,204,3
2,3,6,40,24,3,3,-1,204,2
2,3,6,40,32,3,3,-1,204,1
2,3,6,38,52,3,3,0,85,2
2,3,6,40,48,3,3,-1,204,2
2,3,6,40,56,3,3,-1,204,1
2,3,6,41,13,3,3,-1,170,2
2,3,6,41,33,3,3,-1,0,1
2,3,6,41,43,3,3,-1,0,1
2,3,6,41,63,3,3,-1,170,3
2,3,6,41,13,3,3,0,85,2
2,3,6,42,56,3,3,-1,255,2
2,3,6,43,41,3,3,-1,255,1
2,3,6,45,63,3,3,-1,255,2
2,3,6,46,38,3,3,-1,255,1
2,3,6,45,63,3,3,0,255,2
2,3,6,48,0,3,3,-1,204,2
2,3,6,48,8,3,3,-1,204,3
2,3,6,48,16,3,3,-1,204,1
2,3,6,48,24,3,3,-1,204,2
2,3,6,48,32,3,3,-1,204,1
2,3,6,48,40,3,3,-1,204,2
2,3,6,48,56,3,3,-1,204,1
2,3,6,49,56,3,3,-1,255,2
2,3,6,51,19,3,3,-1,255,1
2,3,6,52,0,3,3,-1,170,3
2,3,6,52,7,3,3,-1,170,4
2,3,6,52,20,3,3,-1,0,1
2,3,6,52,38,3,3,-1,170,2
2,3,6,52,38,3,3,0,85,2
2,3,6,52,53,3,3,-1,0,1
2,3,6,52,63,3,3,-1,170,3
2,3,6,53,52,3,3,-1,255,1
2,3,6,54,63,3,3,-1,255,2
2,3,6,56,0,3,3,-1,204,3
2,3,6,56,7,3,3,-1,170,6
2,3,6,56,8,3,3,-1,204,2
2,3,6,56,16,3,3,-1,204,2
2,3,6,56,24,3,3,-1,204,1
2,3,6,56,28,3,3,-1,0,2
2,3,6,56,32,3,3,-1,204,2
2,3,6,56,38,3,3,-1,170,4
2,3,6,56,40,3,3,-1,204,1
2,3,6,56,42,3,3,-1,0,2
2,3,6,56,48,3,3,-1,204,1
2,3,6,56,49,3,3,-1,0,2
2,3,6,54,63,3,3,0,255,2
2,3,6,56,7,3,3,0,85,6
2,3,6,63,0,3,3,-1,170,6
2,3,6,63,13,3,3,-1,170,3
2,3,6,63,27,3,3,-1,0,2
2,3,6,63,38,3,3,-1,170,3
2,3,6,63,41,3,3,-1,170,3
2,3,6,63,45,3,3,-1,0,2
2,3,6,63,52,3,3,-1,170,3
2,3,6,63,54,3,3,-1,0,2
2,3,6,63,0,3,3,0,170,6
2,3,6,63,27,3,3,0,0,2
2,3,6,63,45,3,3,0,0,2
2,3,6,63,54,3,3,0,0,2
3,1,3,3,7,1,-1,-1,204,1
3,1,3,5,7,1,-1,-1,204,1
3,1,3,6,7,1,-1,-1,204,1
3,1,3,7,3,1,-1,-1,204,1
3,1,3,7,5,1,-1,-1,204,1
3,1,3,7,6,1,-1,-1,204,1
3,1,3,0,7,1,0,-1,232,3
3,1,3,3,7,1,0,-1,170,1
3,1,3,5,7,1,0,-1,170,1
3,1,3,6,7,1,0,-1,170,1
3,1,3,7,0,1,0,-1,232,3
3,1,3,7,3,1,0,-1,170,1
3,1,3,7,5,1,0,-1,170,1
3,1,3,7,6,1,0,-1,170,1
3,1,3,0,7,1,0,0,232,3
3,1,3,7,0,1,0,0,232,3
3,1,3,0,1,1,0,1,240,1
3,1,3,0,2,1,0,1,240,1
3,1,3,0,4,1,0,1,240,1
3,1,3,0,7,1,0,1,232,3
3,1,3,1,0,1,0,1,240,1
3,1,3,2,0,1,0,1,240,1
3,1,3,4,0,1,0,1,240,1
3,1,3,7,0,1,0,1,232,3
3,1,3,0,1,1,1,1,204,1
3,1,3,0,2,1,1,1,204,1
3,1,3,0,4,1,1,1,204,1
3,1,3,1,0,1,1,1,204,1
3,1,3,2,0,1,1,1,204,1
3,1,3,4,0,1,1,1,204,1
3,1,3,3,7,2,-2,1,204,1
3,1,3,5,7,2,-2,1,204,1
3,1,3,6,7,2,-2,1,204,1
3,1,3,7,3,2,-2,1,204,1
3,1,3,7,5,2,-2,1,204,1
3,1,3,7,6,2,-2,1,204,1
3,1,3,3,7,2,-1,1,170,1
3,1,3,5,7,2,-1,1,170,1
3,1,3,6,7,2,-1,1,170,1
3,1,3,7,3,2,-1,1,170,1
3,1,3,7,5,2,-1,1,170,1
3,1,3,7,6,2,-1,1,170,1
3,1,3,0,1,2,1,-1,240,1
3,1,3,0,2,2,1,-1,240,1
3,1,3,0,4,2,1,-1,240,1
3,1,3,1,0,2,1,-1,240,1
3,1,3,2,0,2,1,-1,240,1
3,1,3,4,0,2,1,-1,240,1
3,1,3,0,1,2,2,-1,204,1
3,1,3,0,2,2,2,-1,204,1
3,1,3,0,4,2,2,-1,204,1
3,1,3,1,0,2,2,-1,204,1
3,1,3,2,0,2,2,-1,204,1
3,1,3,4,0,2,2,-1,204,1
3,1,3,3,7,3,-3,0,204,1
3,1,3,5,7,3,-3,0,204,1
3,1,3,6,7,3,-3,0,204,1
3,1,3,7,3,3,-3,0,204,1
3,1,3,7,5,3,-3,0,204,1
3,1,3,7,6,3,-3,0,204,1
3,1,3,3,7,3,-2,0,170,1
3,1,3,5,7,3,-2,0,170,1
3,1,3,6,7,3,-2,0,170,1
3,1,3,7,3,3,-2,0,170,1
3,1,3,7,5,3,-2,0,170,1
3,1,3,7,6,3,-2,0,170,1
3,1,3,0,1,3,2,0,240,1
3,1,3,0,2,3,2,0,240,1
3,1,3,0,4,3,2,0,240,1
3,1,3,1,0,3,2,0,240,1
3,1,3,2,0,3,2,0,240,1
3,1,3,4,0,3,2,0,240,1
3,1,3,0,1,3,3,0,204,1
3,1,3,0,2,3,3,0,204,1
3,1,3,0,4,3,3,0,204,1
3,1,3,1,0,3,3,0,204,1
3,1,3,2,0,3,3,0,204,1
3,1,3,4,0,3,3,0,204,1
3,2,6,0,21,1,-1,-1,192,3
3,2,6,0,42,1,-1,-1,192,3
3,2,6,0,21,1,-1,0,192,3
3,2,6,0,42,1,-1,0,192,3
3,2,6,0,1,1,-1,1,240,1
3,2,6,0,2,1,-1,1,240,1
3,2,6,0,3,1,-1,1,240,2
3,2,6,0,4,1,-1,1,240,1
3,2,6,0,8,1,-1,1,240,1
3,2,6,0,12,1,-1,1,240,2
3,2,6,0,16,1,-1,1,240,1
3,2,6,0,21,1,-1,1,192,3
3,2,6,0,32,1,-1,1,240,1
3,2,6,0,42,1,-1,1,192,3
3,2,6,0,48,1,-1,1,240,2
3,2,6,1,0,1,-1,1,240,1
3,2,6,1,2,1,-1,1,240,2
3,2,6,1,3,1,-1,1,240,1
3,2,6,1,17,1,-1,1,204,1
3,2,6,2,0,1,-1,1,240,1
3,2,6,2,1,1,-1,1,240,2
3,2,6,2,3,1,-1,1,240,1
3,2,6,2,34,1,-1,1,204,1
3,2,6,3,0,1,-1,1,240,2
3,2,6,3,1,1,-1,1,240,1
3,2,6,3,2,1,-1,1,240,1
3,2,6,4,0,1,-1,1,240,1
3,2,6,4,5,1,-1,1,204,1
3,2,6,4,8,1,-1,1,240,2
3,2,6,4,12,1,-1,1,240,1
3,2,6,5,4,1,-1,1,204,1
3,2,6,8,0,1,-1,1,240,1
3,2,6,8,4,1,-1,1,240,2
3,2,6,8,10,1,-1,1,204,1
3,2,6,8,12,1,-1,1,240,1
3,2,6,10,8,1,-1,1,204,1
3,2,6,11,42,1,-1,0,195,2
3,2,6,12,0,1,-1,1,240,2
3,2,6,12,4,1,-1,1,240,1
3,2,6,12,8,1,-1,1,240,1
3,2,6,15,31,1,-1,-1,204,1
3,2,6,15,47,1,-1,-1,204,1
3,2,6,15,63,1,-1,-1,204,2
3,2,6,16,0,1,-1,1,240,1
3,2,6,16,20,1,-1,1,204,1
3,2,6,16,32,1,-1,1,240,2
3,2,6,16,48,1,-1,1,240,1
3,2,6,17,1,1,-1,1,204,1
3,2,6,20,16,1,-1,1,204,1
3,2,6,21,0,1,-1,-1,252,3
3,2,6,21,63,1,-1,-1,252,3
3,2,6,21,0,1,-1,0,252,3
3,2,6,21,63,1,-1,0,252,3
3,2,6,21,0,1,-1,1,252,3
3,2,6,21,63,1,-1,1,252,3
3,2,6,23,55,1,-1,-1,240,1
3,2,6,29,31,1,-1,-1,240,1
3,2,6,31,15,1,-1,-1,204,1
3,2,6,31,29,1,-1,-1,240,1
3,2,6,31,47,1,-1,-1,204,2
3,2,6,31,63,1,-1,-1,204,1
3,2,6,32,0,1,-1,1,240,1
3,2,6,32,16,1,-1,1,240,2
3,2,6,32,40,1,-1,1,204,1
3,2,6,32,48,1,-1,1,240,1
3,2,6,34,2,1,-1,1,204,1
3,2,6,40,32,1,-1,1,204,1
3,2,6,42,0,1,-1,-1,252,3
3,2,6,42,0,1,-1,0,252,3
3,2,6,42,11,1,-1,0,60,2
3,2,6,42,0,1,-1,1,252,3
3,2,6,42,63,1,-1,-1,252,3
3,2,6,43,59,1,-1,-1,240,1
3,2,6,42,44,1,-1,0,60,2
3,2,6,42,50,1,-1,0,60,2
3,2,6,42,63,1,-1,0,252,3
3,2,6,44,42,1,-1,0,195,2
3,2,6,42,63,1,-1,1,252,3
3,2,6,46,47,1,-1,-1,240,1
3,2,6,47,15,1,-1,-1,204,1
3,2,6,47,31,1,-1,-1,204,2
3,2,6,47,46,1,-1,-1,240,1
3,2,6,47,63,1,-1,-1,204,1
3,2,6,48,0,1,-1,1,240,2
3,2,6,48,16,1,-1,1,240,1
3,2,6,48,32,1,-1,1,240,1
3,2,6,50,42,1,-1,0,195,2
3,2,6,51,55,1,-1,-1,204,1
3,2,6,51,59,1,-1,-1,204,1
3,2,6,51,63,1,-1,-1,204,2
3,2,6,53,61,1,-1,-1,240,1
3,2,6,55,23,1,-1,-1,240,1
3,2,6,55,51,1,-1,-1,204,1
3,2,6,55,59,1,-1,-1,204,2
3,2,6,55,63,1,-1,-1,204,1
3,2,6,58,62,1,-1,-1,240,1
3,2,6,59,43,1,-1,-1,240,1
3,2,6,59,51,1,-1,-1,204,1
3,2,6,59,55,1,-1,-1,204,2
3,2,6,59,63,1,-1,-1,204,1
3,2,6,60,61,1,-1,-1,204,1
3,2,6,60,62,1,-1,-1,204,1
3,2,6,60,63,1,-1,-1,204,2
3,2,6,61,53,1,-1,-1,240,1
3,2,6,61,60,1,-1,-1,204,1
3,2,6,61,62,1,-1,-1,204,2
3,2,6,61,63,1,-1,-1,204,1
3,2,6,62,58,1,-1,-1,240,1
3,2,6,62,60,1,-1,-1,204,1
3,2,6,62,61,1,-1,-1,204,2
3,2,6,62,63,1,-1,-1,204,1
3,2,6,63,15,1,-1,-1,204,2
3,2,6,63,21,1,-1,-1,192,3
3,2,6,63,31,1,-1,-1,204,1
3,2,6,63,42,1,-1,-1,192,3
3,2,6,63,47,1,-1,-1,204,1
3,2,6,63,51,1,-1,-1,204,2
3,2,6,63,55,1,-1,-1,204,1
3,2,6,63,59,1,-1,-1,204,1
3,2,6,63,60,1,-1,-1,204,2
3,2,6,63,61,1,-1,-1,204,1
3,2,6,63,62,1,-1,-1,204,1
3,2,6,63,21,1,-1,0,192,3
3,2,6,63,42,1,-1,0,192,3
3,2,6,63,21,1,-1,1,192,3
3,2,6,63,42,1,-1,1,192,3
3,2,6,0,63,1,0,-1,204,6
3,2,6,0,63,1,0,0,204,6
3,2,6,0,63,1,0,1,204,6
3,2,6,63,0,1,0,-1,204,6
3,2,6,63,0,1,0,0,204,6
3,2,6,63,0,1,0,1,204,6
3,2,6,0,21,1,1,-1,136,3
3,2,6,0,42,1,1,-1,136,3
3,2,6,0,21,1,1,0,136,3
3,2,6,0,42,1,1,0,136,3
3,2,6,0,1,1,1,1,204,1
3,2,6,0,2,1,1,1,204,1
3,2,6,0,3,1,1,1,204,2
3,2,6,0,4,1,1,1,204,1
3,2,6,0,8,1,1,1,204,1
3,2,6,0,12,1,1,1,204,2
3,2,6,0,16,1,1,1,204,1
3,2,6,0,21,1,1,1,136,3
3,2,6,0,32,1,1,1,204,1
3,2,6,0,42,1,1,1,136,3
3,2,6,0,48,1,1,1,204,2
3,2,6,1,0,1,1,1,204,1
3,2,6,1,2,1,1,1,204,2
3,2,6,1,3,1,1,1,204,1
3,2,6,1,17,1,1,1,170,1
3,2,6,2,0,1,1,1,204,1
3,2,6,2,1,1,1,1,204,2
3,2,6,2,3,1,1,1,204,1
3,2,6,2,34,1,1,1,170,1
3,2,6,3,0,1,1,1,204,2
3,2,6,3,1,1,1,1,204,1
3,2,6,3,2,1,1,1,204,1
3,2,6,4,0,1,1,1,204,1
3,2,6,4,5,1,1,1,170,1
3,2,6,4,8,1,1,1,204,2
3,2,6,4,12,1,1,1,204,1
3,2,6,5,4,1,1,1,170,1
3,2,6,8,0,1,1,1,204,1
3,2,6,8,4,1,1,1,204,2
3,2,6,8,10,1,1,1,170,1
3,2,6,8,12,1,1,1,204,1
3,2,6,10,8,1,1,1,170,1
3,2,6,11,42,1,1,0,153,2
3,2,6,12,0,1,1,1,204,2
3,2,6,12,4,1,1,1,204,1
3,2,6,12,8,1,1,1,204,1
3,2,6,15,31,1,1,-1,170,1
3,2,6,15,47,1,1,-1,170,1
3,2,6,15,63,1,1,-1,170,2
3,2,6,16,0,1,1,1,204,1
3,2,6,16,20,1,1,1,170,1
3,2,6,16,32,1,1,1,204,2
3,2,6,16,48,1,1,1,204,1
3,2,6,17,1,1,1,1,170,1
3,2,6,20,16,1,1,1,170,1
3,2,6,21,0,1,1,-1,238,3
3,2,6,21,63,1,1,-1,238,3
3,2,6,21,0,1,1,0,238,3
3,2,6,21,63,1,1,0,238,3
3,2,6,21,0,1,1,1,238,3
3,2,6,21,63,1,1,1,238,3
3,2,6,23,55,1,1,-1,204,1
3,2,6,29,31,1,1,-1,204,1
3,2,6,31,15,1,1,-1,170,1
3,2,6,31,29,1,1,-1,204,1
3,2,6,31,47,1,1,-1,170,2
3,2,6,31,63,1,1,-1,170,1
3,2,6,32,0,1,1,1,204,1
3,2,6,32,16,1,1,1,204,2
3,2,6,32,40,1,1,1,170,1
3,2,6,32,48,1,1,1,204,1
3,2,6,34,2,1,1,1,170,1
3,2,6,40,32,1,1,1,170,1
3,2,6,42,0,1,1,-1,238,3
3,2,6,42,0,1,1,0,238,3
3,2,6,42,11,1,1,0,102,2
3,2,6,42,0,1,1,1,238,3
3,2,6,42,63,1,1,-1,238,3
3,2,6,43,59,1,1,-1,204,1
3,2,6,42,44,1,1,0,102,2
3,2,6,42,50,1,1,0,102,2
3,2,6,42,63,1,1,0,238,3
3,2,6,44,42,1,1,0,153,2
3,2,6,42,63,1,1,1,238,3
3,2,6,46,47,1,1,-1,204,1
3,2,6,47,15,1,1,-1,170,1
3,2,6,47,31,1,1,-1,170,2
3,2,6,47,46,1,1,-1,204,1
3,2,6,47,63,1,1,-1,170,1
3,2,6,48,0,1,1,1,204,2
3,2,6,48,16,1,1,1,204,1
3,2,6,48,32,1,1,1,204,1
3,2,6,50,42,1,1,0,153,2
3,2,6,51,55,1,1,-1,170,1
3,2,6,51,59,1,1,-1,170,1
3,2,6,51,63,1,1,-1,170,2
3,2,6,53,61,1,1,-1,204,1
3,2,6,55,23,1,1,-1,204,1
3,2,6,55,51,1,1,-1,170,1
3,2,6,55,59,1,1,-1,170,2
3,2,6,55,63,1,1,-1,170,1
3,2,6,58,62,1,1,-1,204,1
3,2,6,59,43,1,1,-1,204,1
3,2,6,59,51,1,1,-1,170,1
3,2,6,59,55,1,1,-1,170,2
3,2,6,59,63,1,1,-1,170,1
3,2,6,60,61,1,1,-1,170,1
3,2,6,60,62,1,1,-1,170,1
3,2,6,60,63,1,1,-1,170,2
3,2,6,61,53,1,1,-1,204,1
3,2,6,61,60,1,1,-1,170,1
3,2,6,61,62,1,1,-1,170,2
3,2,6,61,63,1,1,-1,170,1
3,2,6,62,58,1,1,-1,204,1
3,2,6,62,60,1,1,-1,170,1
3,2,6,62,61,1,1,-1,170,2
3,2,6,62,63,1,1,-1,170,1
3,2,6,63,15,1,1,-1,170,2
3,2,6,63,21,1,1,-1,136,3
3,2,6,63,31,1,1,-1,170,1
3,2,6,63,42,1,1,-1,136,3
3,2,6,63,47,1,1,-1,170,1
3,2,6,63,51,1,1,-1,170,2
3,2,6,63,55,1,1,-1,170,1
3,2,6,63,59,1,1,-1,170,1
3,2,6,63,60,1,1,-1,170,2
3,2,6,63,61,1,1,-1,170,1
3,2,6,63,62,1,1,-1,170,1
3,2,6,63,21,1,1,0,136,3
3,2,6,63,42,1,1,0,136,3
3,2,6,63,21,1,1,1,136,3
3,2,6,63,42,1,1,1,136,3
3,2,6,0,63,2,-2,-1,240,6
3,2,6,1,17,2,-2,-1,204,1
3,2,6,0,63,2,-2,0,240,6
3,2,6,0,63,2,-2,1,240,6
3,2,6,2,34,2,-2,-1,204,1
3,2,6,4,5,2,-2,-1,204,1
3,2,6,5,4,2,-2,-1,204,1
3,2,6,8,10,2,-2,-1,204,1
3,2,6,10,8,2,-2,-1,204,1
3,2,6,15,31,2,-2,1,204,1
3,2,6,15,47,2,-2,1,204,1
3,2,6,15,63,2,-2,1,204,2
3,2,6,16,20,2,-2,-1,204,1
3,2,6,17,1,2,-2,-1,204,1
3,2,6,20,16,2,-2,-1,204,1
3,2,6,31,15,2,-2,1,204,1
3,2,6,31,47,2,-2,1,204,2
3,2,6,31,63,2,-2,1,204,1
3,2,6,32,40,2,-2,-1,204,1
3,2,6,34,2,2,-2,-1,204,1
3,2,6,40,32,2,-2,-1,204,1
3,2,6,47,15,2,-2,1,204,1
3,2,6,47,31,2,-2,1,204,2
3,2,6,47,63,2,-2,1,204,1
3,2,6,51,55,2,-2,1,204,1
3,2,6,51,59,2,-2,1,204,1
3,2,6,51,63,2,-2,1,204,2
3,2,6,55,51,2,-2,1,204,1
3,2,6,55,59,2,-2,1,204,2
3,2,6,55,63,2,-2,1,204,1
3,2,6,59,51,2,-2,1,204,1
3,2,6,59,55,2,-2,1,204,2
3,2,6,59,63,2,-2,1,204,1
3,2,6,60,61,2,-2,1,204,1
3,2,6,60,62,2,-2,1,204,1
3,2,6,60,63,2,-2,1,204,2
3,2,6,61,60,2,-2,1,204,1
3,2,6,61,62,2,-2,1,204,2
3,2,6,61,63,2,-2,1,204,1
3,2,6,62,60,2,-2,1,204,1
3,2,6,62,61,2,-2,1,204,2
3,2,6,63,0,2,-2,-1,240,6
3,2,6,63,0,2,-2,0,240,6
3,2,6,62,63,2,-2,1,204,1
3,2,6,63,0,2,-2,1,240,6
3,2,6,63,15,2,-2,1,204,2
3,2,6,63,31,2,-2,1,204,1
3,2,6,63,47,2,-2,1,204,1
3,2,6,63,51,2,-2,1,204,2
3,2,6,63,55,2,-2,1,204,1
3,2,6,63,59,2,-2,1,204,1
3,2,6,63,60,2,-2,1,204,2
3,2,6,63,61,2,-2,1,204,1
3,2,6,63,62,2,-2,1,204,1
3,2,6,0,1,2,0,-1,240,1
3,2,6,0,2,2,0,-1,240,1
3,2,6,0,3,2,0,-1,240,2
3,2,6,0,4,2,0,-1,240,1
3,2,6,0,8,2,0,-1,240,1
3,2,6,0,12,2,0,-1,240,2
3,2,6,0,16,2,0,-1,240,1
3,2,6,0,21,2,0,-1,128,3
3,2,6,0,32,2,0,-1,240,1
3,2,6,0,42,2,0,-1,128,3
3,2,6,0,48,2,0,-1,240,2
3,2,6,0,63,2,0,-1,204,6
3,2,6,1,0,2,0,-1,240,1
3,2,6,1,2,2,0,-1,240,2
3,2,6,1,3,2,0,-1,240,1
3,2,6,1,17,2,0,-1,170,1
3,2,6,2,0,2,0,-1,240,1
3,2,6,2,1,2,0,-1,240,2
3,2,6,0,21,2,0,0,128,3
3,2,6,0,42,2,0,0,128,3
3,2,6,0,63,2,0,0,204,6
3,2,6,0,21,2,0,1,128,3
3,2,6,0,42,2,0,1,128,3
3,2,6,0,63,2,0,1,204,6
3,2,6,2,3,2,0,-1,240,1
3,2,6,2,34,2,0,-1,170,1
3,2,6,3,0,2,0,-1,240,2
3,2,6,3,1,2,0,-1,240,1
3,2,6,3,2,2,0,-1,240,1
3,2,6,4,0,2,0,-1,240,1
3,2,6,4,5,2,0,-1,170,1
3,2,6,4,8,2,0,-1,240,2
3,2,6,4,12,2,0,-1,240,1
3,2,6,5,4,2,0,-1,170,1
3,2,6,8,0,2,0,-1,240,1
3,2,6,8,4,2,0,-1,240,2
3,2,6,8,10,2,0,-1,170,1
3,2,6,8,12,2,0,-1,240,1
3,2,6,10,8,2,0,-1,170,1
3,2,6,12,0,2,0,-1,240,2
3,2,6,12,4,2,0,-1,240,1
3,2,6,12,8,2,0,-1,240,1
3,2,6,11,42,2,0,0,165,2
3,2,6,16,0,2,0,-1,240,1
3,2,6,15,31,2,0,1,170,1
3,2,6,15,47,2,0,1,170,1
3,2,6,15,63,2,0,1,170,2
3,2,6,16,20,2,0,-1,170,1
3,2,6,16,32,2,0,-1,240,2
3,2,6,16,48,2,0,-1,240,1
3,2,6,17,1,2,0,-1,170,1
3,2,6,20,16,2,0,-1,170,1
3,2,6,21,0,2,0,-1,254,3
3,2,6,21,63,2,0,-1,254,3
3,2,6,21,0,2,0,0,254,3
3,2,6,21,63,2,0,0,254,3
3,2,6,21,0,2,0,1,254,3
3,2,6,21,63,2,0,1,254,3
3,2,6,23,55,2,0,1,240,1
3,2,6,29,31,2,0,1,240,1
3,2,6,32,0,2,0,-1,240,1
3,2,6,32,16,2,0,-1,240,2
3,2,6,31,15,2,0,1,170,1
3,2,6,31,29,2,0,1,240,1
3,2,6,31,47,2,0,1,170,2
3,2,6,31,63,2,0,1,170,1
3,2,6,32,40,2,0,-1,170,1
3,2,6,32,48,2,0,-1,240,1
3,2,6,34,2,2,0,-1,170,1
3,2,6,40,32,2,0,-1,170,1
3,2,6,42,0,2,0,-1,254,3
3,2,6,42,0,2,0,0,254,3
3,2,6,42,11,2,0,0,90,2
3,2,6,42,0,2,0,1,254,3
3,2,6,42,63,2,0,-1,254,3
3,2,6,42,44,2,0,0,90,2
3,2,6,42,50,2,0,0,90,2
3,2,6,42,63,2,0,0,254,3
3,2,6,44,42,2,0,0,165,2
3,2,6,42,63,2,0,1,254,3
3,2,6,43,59,2,0,1,240,1
3,2,6,48,0,2,0,-1,240,2
3,2,6,48,16,2,0,-1,240,1
3,2,6,48,32,2,0,-1,240,1
3,2,6,46,47,2,0,1,240,1
3,2,6,47,15,2,0,1,170,1
3,2,6,47,31,2,0,1,170,2
3,2,6,47,46,2,0,1,240,1
3,2,6,47,63,2,0,1,170,1
3,2,6,50,42,2,0,0,165,2
3,2,6,51,55,2,0,1,170,1
3,2,6,51,59,2,0,1,170,1
3,2,6,51,63,2,0,1,170,2
3,2,6,53,61,2,0,1,240,1
3,2,6,55,23,2,0,1,240,1
3,2,6,55,51,2,0,1,170,1
3,2,6,55,59,2,0,1,170,2
3,2,6,55,63,2,0,1,170,1
3,2,6,58,62,2,0,1,240,1
3,2,6,59,43,2,0,1,240,1
3,2,6,59,51,2,0,1,170,1
3,2,6,59,55,2,0,1,170,2
3,2,6,59,63,2,0,1,170,1
3,2,6,60,61,2,0,1,170,1
3,2,6,60,62,2,0,1,170,1
3,2,6,60,63,2,0,1,170,2
3,2,6,61,53,2,0,1,240,1
3,2,6,61,60,2,0,1,170,1
3,2,6,61,62,2,0,1,170,2
3,2,6,61,63,2,0,1,170,1
3,2,6,62,58,2,0,1,240,1
3,2,6,62,60,2,0,1,170,1
3,2,6,62,61,2,0,1,170,2
3,2,6,63,0,2,0,-1,204,6
3,2,6,63,21,2,0,-1,128,3
3,2,6,63,42,2,0,-1,128,3
3,2,6,63,0,2,0,0,204,6
3,2,6,63,21,2,0,0,128,3
3,2,6,63,42,2,0,0,128,3
3,2,6,62,63,2,0,1,170,1
3,2,6,63,0,2,0,1,204,6
3,2,6,63,15,2,0,1,170,2
3,2,6,63,21,2,0,1,128,3
3,2,6,63,31,2,0,1,170,1
3,2,6,63,42,2,0,1,128,3
3,2,6,63,47,2,0,1,170,1
3,2,6,63,51,2,0,1,170,2
3,2,6,63,55,2,0,1,170,1
3,2,6,63,59,2,0,1,170,1
3,2,6,63,60,2,0,1,170,2
3,2,6,63,61,2,0,1,170,1
3,2,6,63,62,2,0,1,170,1
3,2,6,0,1,2,2,-1,204,1
3,2,6,0,2,2,2,-1,204,1
3,2,6,0,3,2,2,-1,204,2
3,2,6,0,4,2,2,-1,204,1
3,2,6,0,8,2,2,-1,204,1
3,2,6,0,12,2,2,-1,204,2
3,2,6,0,16,2,2,-1,204,1
3,2,6,0,32,2,2,-1,204,1
3,2,6,0,48,2,2,-1,204,2
3,2,6,0,63,2,2,-1,170,6
3,2,6,1,0,2,2,-1,204,1
3,2,6,1,2,2,2,-1,204,2
3,2,6,1,3,2,2,-1,204,1
3,2,6,2,0,2,2,-1,204,1
3,2,6,2,1,2,2,-1,204,2
3,2,6,0,63,2,2,0,170,6
3,2,6,0,63,2,2,1,170,6
3,2,6,2,3,2,2,-1,204,1
3,2,6,3,0,2,2,-1,204,2
3,2,6,3,1,2,2,-1,204,1
3,2,6,3,2,2,2,-1,204,1
3,2,6,4,0,2,2,-1,204,1
3,2,6,4,8,2,2,-1,204,2
3,2,6,4,12,2,2,-1,204,1
3,2,6,8,0,2,2,-1,204,1
3,2,6,8,4,2,2,-1,204,2
3,2,6,8,12,2,2,-1,204,1
3,2,6,12,0,2,2,-1,204,2
3,2,6,12,4,2,2,-1,204,1
3,2,6,12,8,2,2,-1,204,1
3,2,6,16,0,2,2,-1,204,1
3,2,6,16,32,2,2,-1,204,2
3,2,6,16,48,2,2,-1,204,1
3,2,6,23,55,2,2,1,204,1
3,2,6,29,31,2,2,1,204,1
3,2,6,32,0,2,2,-1,204,1
3,2,6,32,16,2,2,-1,204,2
3,2,6,31,29,2,2,1,204,1
3,2,6,32,48,2,2,-1,204,1
3,2,6,43,59,2,2,1,204,1
3,2,6,48,0,2,2,-1,204,2
3,2,6,48,16,2,2,-1,204,1
3,2,6,48,32,2,2,-1,204,1
3,2,6,46,47,2,2,1,204,1
3,2,6,47,46,2,2,1,204,1
3,2,6,53,61,2,2,1,204,1
3,2,6,55,23,2,2,1,204,1
3,2,6,58,62,2,2,1,204,1
3,2,6,59,43,2,2,1,204,1
3,2,6,61,53,2,2,1,204,1
3,2,6,62,58,2,2,1,204,1
3,2,6,63,0,2,2,-1,170,6
3,2,6,63,0,2,2,0,170,6
3,2,6,63,0,2,2,1,170,6
3,2,6,1,17,3,-3,0,204,1
3,2,6,2,34,3,-3,0,204,1
3,2,6,4,5,3,-3,0,204,1
3,2,6,5,4,3,-3,0,204,1
3,2,6,8,10,3,-3,0,204,1
3,2,6,10,8,3,-3,0,204,1
3,2,6,15,31,3,-3,0,204,1
3,2,6,15,47,3,-3,0,204,1
3,2,6,15,63,3,-3,0,204,2
3,2,6,16,20,3,-3,0,204,1
3,2,6,17,1,3,-3,0,204,1
3,2,6,20,16,3,-3,0,204,1
3,2,6,31,15,3,-3,0,204,1
3,2,6,31,47,3,-3,0,204,2
3,2,6,31,63,3,-3,0,204,1
3,2,6,32,40,3,-3,0,204,1
3,2,6,34,2,3,-3,0,204,1
3,2,6,40,32,3,-3,0,204,1
3,2,6,47,15,3,-3,0,204,1
3,2,6,47,31,3,-3,0,204,2
3,2,6,47,63,3,-3,0,204,1
3,2,6,51,55,3,-3,0,204,1
3,2,6,51,59,3,-3,0,204,1
3,2,6,51,63,3,-3,0,204,2
3,2,6,55,51,3,-3,0,204,1
3,2,6,55,59,3,-3,0,204,2
3,2,6,55,63,3,-3,0,204,1
3,2,6,59,51,3,-3,0,204,1
3,2,6,59,55,3,-3,0,204,2
3,2,6,59,63,3,-3,0,204,1
3,2,6,60,61,3,-3,0,204,1
3,2,6,60,62,3,-3,0,204,1
3,2,6,60,63,3,-3,0,204,2
3,2,6,61,60,3,-3,0,204,1
3,2,6,61,62,3,-3,0,204,2
3,2,6,61,63,3,-3,0,204,1
3,2,6,62,60,3,-3,0,204,1
3,2,6,62,61,3,-3,0,204,2
3,2,6,62,63,3,-3,0,204,1
3,2,6,63,15,3,-3,0,204,2
3,2,6,63,31,3,-3,0,204,1
3,2,6,63,47,3,-3,0,204,1
3,2,6,63,51,3,-3,0,204,2
3,2,6,63,55,3,-3,0,204,1
3,2,6,63,59,3,-3,0,204,1
3,2,6,63,60,3,-3,0,204,2
3,2,6,63,61,3,-3,0,204,1
3,2,6,63,62,3,-3,0,204,1
3,2,6,0,63,3,-2,-1,240,6
3,2,6,0,63,3,-2,0,240,6
3,2,6,0,63,3,-2,1,240,6
3,2,6,63,0,3,-2,-1,240,6
3,2,6,63,0,3,-2,0,240,6
3,2,6,63,0,3,-2,1,240,6
3,2,6,1,17,3,-1,0,170,1
3,2,6,2,34,3,-1,0,170,1
3,2,6,4,5,3,-1,0,170,1
3,2,6,5,4,3,-1,0,170,1
3,2,6,8,10,3,-1,0,170,1
3,2,6,10,8,3,-1,0,170,1
3,2,6,15,31,3,-1,0,170,1
3,2,6,15,47,3,-1,0,170,1
3,2,6,15,63,3,-1,0,170,2
3,2,6,16,20,3,-1,0,170,1
3,2,6,17,1,3,-1,0,170,1
3,2,6,20,16,3,-1,0,170,1
3,2,6,31,15,3,-1,0,170,1
3,2,6,31,47,3,-1,0,170,2
3,2,6,31,63,3,-1,0,170,1
3,2,6,32,40,3,-1,0,170,1
3,2,6,34,2,3,-1,0,170,1
3,2,6,40,32,3,-1,0,170,1
3,2,6,47,15,3,-1,0,170,1
3,2,6,47,31,3,-1,0,170,2
3,2,6,47,63,3,-1,0,170,1
3,2,6,51,55,3,-1,0,170,1
3,2,6,51,59,3,-1,0,170,1
3,2,6,51,63,3,-1,0,170,2
3,2,6,55,51,3,-1,0,170,1
3,2,6,55,59,3,-1,0,170,2
3,2,6,55,63,3,-1,0,170,1
3,2,6,59,51,3,-1,0,170,1
3,2,6,59,55,3,-1,0,170,2
3,2,6,59,63,3,-1,0,170,1
3,2,6,60,61,3,-1,0,170,1
3,2,6,60,62,3,-1,0,170,1
3,2,6,60,63,3,-1,0,170,2
3,2,6,61,60,3,-1,0,170,1
3,2,6,61,62,3,-1,0,170,2
3,2,6,61,63,3,-1,0,170,1
3,2,6,62,60,3,-1,0,170,1
3,2,6,62,61,3,-1,0,170,2
3,2,6,62,63,3,-1,0,170,1
3,2,6,63,15,3,-1,0,170,2
3,2,6,63,31,3,-1,0,170,1
3,2,6,63,47,3,-1,0,170,1
3,2,6,63,51,3,-1,0,170,2
3,2,6,63,55,3,-1,0,170,1
3,2,6,63,59,3,-1,0,170,1
3,2,6,63,60,3,-1,0,170,2
3,2,6,63,61,3,-1,0,170,1
3,2,6,63,62,3,-1,0,170,1
3,2,6,0,63,3,0,-1,204,6
3,2,6,0,63,3,0,0,204,6
3,2,6,0,63,3,0,1,204,6
3,2,6,63,0,3,0,-1,204,6
3,2,6,63,0,3,0,0,204,6
3,2,6,63,0,3,0,1,204,6
3,2,6,0,1,3,1,0,240,1
3,2,6,0,2,3,1,0,240,1
3,2,6,0,3,3,1,0,240,2
3,2,6,0,4,3,1,0,240,1
3,2,6,0,8,3,1,0,240,1
3,2,6,0,12,3,1,0,240,2
3,2,6,0,16,3,1,0,240,1
3,2,6,0,32,3,1,0,240,1
3,2,6,0,48,3,1,0,240,2
3,2,6,1,0,3,1,0,240,1
3,2,6,1,2,3,1,0,240,2
3,2,6,1,3,3,1,0,240,1
3,2,6,2,0,3,1,0,240,1
3,2,6,2,1,3,1,0,240,2
3,2,6,2,3,3,1,0,240,1
3,2,6,3,0,3,1,0,240,2
3,2,6,3,1,3,1,0,240,1
3,2,6,3,2,3,1,0,240,1
3,2,6,4,0,3,1,0,240,1
3,2,6,4,8,3,1,0,240,2
3,2,6,4,12,3,1,0,240,1
3,2,6,8,0,3,1,0,240,1
3,2,6,8,4,3,1,0,240,2
3,2,6,8,12,3,1,0,240,1
3,2,6,12,0,3,1,0,240,2
3,2,6,12,4,3,1,0,240,1
3,2,6,12,8,3,1,0,240,1
3,2,6,16,0,3,1,0,240,1
3,2,6,16,32,3,1,0,240,2
3,2,6,16,48,3,1,0,240,1
3,2,6,23,55,3,1,0,240,1
3,2,6,29,31,3,1,0,240,1
3,2,6,31,29,3,1,0,240,1
3,2,6,32,0,3,1,0,240,1
3,2,6,32,16,3,1,0,240,2
3,2,6,32,48,3,1,0,240,1
3,2,6,43,59,3,1,0,240,1
3,2,6,46,47,3,1,0,240,1
3,2,6,47,46,3,1,0,240,1
3,2,6,48,0,3,1,0,240,2
3,2,6,48,16,3,1,0,240,1
3,2,6,48,32,3,1,0,240,1
3,2,6,53,61,3,1,0,240,1
3,2,6,55,23,3,1,0,240,1
3,2,6,58,62,3,1,0,240,1
3,2,6,59,43,3,1,0,240,1
3,2,6,61,53,3,1,0,240,1
3,2,6,62,58,3,1,0,240,1
3,2,6,0,63,3,2,-1,170,6
3,2,6,0,63,3,2,0,170,6
3,2,6,0,63,3,2,1,170,6
3,2,6,63,0,3,2,-1,170,6
3,2,6,63,0,3,2,0,170,6
3,2,6,63,0,3,2,1,170,6
3,2,6,0,1,3,3,0,204,1
3,2,6,0,2,3,3,0,204,1
3,2,6,0,3,3,3,0,204,2
3,2,6,0,4,3,3,0,204,1
3,2,6,0,8,3,3,0,204,1
3,2,6,0,12,3,3,0,204,2
3,2,6,0,16,3,3,0,204,1
3,2,6,0,32,3,3,0,204,1
3,2,6,0,48,3,3,0,204,2
3,2,6,1,0,3,3,0,204,1
3,2,6,1,2,3,3,0,204,2
3,2,6,1,3,3,3,0,204,1
3,2,6,2,0,3,3,0,204,1
3,2,6,2,1,3,3,0,204,2
3,2,6,2,3,3,3,0,204,1
3,2,6,3,0,3,3,0,204,2
3,2,6,3,1,3,3,0,204,1
3,2,6,3,2,3,3,0,204,1
3,2,6,4,0,3,3,0,204,1
3,2,6,4,8,3,3,0,204,2
3,2,6,4,12,3,3,0,204,1
3,2,6,8,0,3,3,0,204,1
3,2,6,8,4,3,3,0,204,2
3,2,6,8,12,3,3,0,204,1
3,2,6,12,0,3,3,0,204,2
3,2,6,12,4,3,3,0,204,1
3,2,6,12,8,3,3,0,204,1
3,2,6,16,0,3,3,0,204,1
3,2,6,16,32,3,3,0,204,2
3,2,6,16,48,3,3,0,204,1
3,2,6,23,55,3,3,0,204,1
3,2,6,29,31,3,3,0,204,1
3,2,6,31,29,3,3,0,204,1
3,2,6,32,0,3,3,0,204,1
3,2,6,32,16,3,3,0,204,2
3,2,6,32,48,3,3,0,204,1
3,2,6,43,59,3,3,0,204,1
3,2,6,46,47,3,3,0,204,1
3,2,6,47,46,3,3,0,204,1
3,2,6,48,0,3,3,0,204,2
3,2,6,48,16,3,3,0,204,1
3,2,6,48,32,3,3,0,204,1
3,2,6,53,61,3,3,0,204,1
3,2,6,55,23,3,3,0,204,1
3,2,6,58,62,3,3,0,204,1
3,2,6,59,43,3,3,0,204,1
3,2,6,61,53,3,3,0,204,1
3,2,6,62,58,3,3,0,204,1
4,1,4,5,7,1,-1,-1,204,1
4,1,4,5,13,1,-1,-1,204,1
4,1,4,5,15,1,-1,-1,204,2
4,1,4,7,5,1,-1,-1,204,1
4,1,4,7,13,1,-1,-1,204,2
4,1,4,7,15,1,-1,-1,204,1
4,1,4,5,15,1,-1,1,204,2
4,1,4,7,13,1,-1,1,51,2
4,1,4,10,11,1,-1,-1,204,1
4,1,4,10,14,1,-1,-1,204,1
4,1,4,10,15,1,-1,-1,204,2
4,1,4,11,10,1,-1,-1,204,1
4,1,4,11,14,1,-1,-1,204,2
4,1,4,11,15,1,-1,-1,204,1
4,1,4,13,5,1,-1,-1,204,1
4,1,4,13,7,1,-1,-1,204,2
4,1,4,13,15,1,-1,-1,204,1
4,1,4,14,10,1,-1,-1,204,1
4,1,4,14,11,1,-1,-1,204,2
4,1,4,14,15,1,-1,-1,204,1
4,1,4,15,5,1,-1,-1,204,2
4,1,4,15,7,1,-1,-1,204,1
4,1,4,15,10,1,-1,-1,204,2
4,1,4,15,11,1,-1,-1,204,1
4,1,4,15,13,1,-1,-1,204,1
4,1,4,15,14,1,-1,-1,204,1
4,1,4,10,15,1,-1,1,204,2
4,1,4,11,14,1,-1,1,51,2
4,1,4,13,7,1,-1,1,51,2
4,1,4,14,11,1,-1,1,51,2
4,1,4,15,5,1,-1,1,204,2
4,1,4,15,10,1,-1,1,204,2
4,1,4,0,5,1,0,-1,240,2
4,1,4,0,10,1,0,-1,240,2
4,1,4,0,15,1,0,-1,232,4
4,1,4,1,4,1,0,-1,15,2
4,1,4,2,8,1,0,-1,15,2
4,1,4,4,1,1,0,-1,15,2
4,1,4,5,0,1,0,-1,240,2
4,1,4,5,7,1,0,-1,170,1
4,1,4,5,10,1,0,-1,232,4
4,1,4,5,13,1,0,-1,170,1
4,1,4,5,15,1,0,-1,170,2
4,1,4,7,5,1,0,-1,170,1
4,1,4,7,13,1,0,-1,170,2
4,1,4,7,15,1,0,-1,170,1
4,1,4,8,2,1,0,-1,15,2
4,1,4,0,15,1,0,0,232,4
4,1,4,5,10,1,0,0,23,4
4,1,4,0,1,1,0,1,240,1
4,1,4,0,2,1,0,1,240,1
4,1,4,0,4,1,0,1,240,1
4,1,4,0,5,1,0,1,240,2
4,1,4,0,8,1,0,1,240,1
4,1,4,0,10,1,0,1,240,2
4,1,4,0,15,1,0,1,232,4
4,1,4,1,0,1,0,1,240,1
4,1,4,1,4,1,0,1,240,2
4,1,4,1,5,1,0,1,240,1
4,1,4,2,0,1,0,1,240,1
4,1,4,2,8,1,0,1,240,2
4,1,4,2,10,1,0,1,240,1
4,1,4,4,0,1,0,1,240,1
4,1,4,4,1,1,0,1,240,2
4,1,4,4,5,1,0,1,240,1
4,1,4,5,0,1,0,1,240,2
4,1,4,5,1,1,0,1,240,1
4,1,4,5,4,1,0,1,240,1
4,1,4,5,10,1,0,1,232,4
4,1,4,5,15,1,0,1,170,2
4,1,4,7,13,1,0,1,85,2
4,1,4,8,0,1,0,1,240,1
4,1,4,8,2,1,0,1,240,2
4,1,4,10,0,1,0,-1,240,2
4,1,4,10,5,1,0,-1,232,4
4,1,4,10,11,1,0,-1,170,1
4,1,4,10,14,1,0,-1,170,1
4,1,4,10,15,1,0,-1,170,2
4,1,4,11,10,1,0,-1,170,1
4,1,4,11,14,1,0,-1,170,2
4,1,4,11,15,1,0,-1,170,1
4,1,4,13,5,1,0,-1,170,1
4,1,4,13,7,1,0,-1,170,2
4,1,4,13,15,1,0,-1,170,1
4,1,4,14,10,1,0,-1,170,1
4,1,4,14,11,1,0,-1,170,2
4,1,4,14,15,1,0,-1,170,1
4,1,4,15,0,1,0,-1,232,4
4,1,4,15,5,1,0,-1,170,2
4,1,4,15,7,1,0,-1,170,1
4,1,4,15,10,1,0,-1,170,2
4,1,4,15,11,1,0,-1,170,1
4,1,4,15,13,1,0,-1,170,1
4,1,4,15,14,1,0,-1,170,1
4,1,4,10,5,1,0,0,23,4
4,1,4,15,0,1,0,0,232,4
4,1,4,8,10,1,0,1,240,1
4,1,4,10,0,1,0,1,240,2
4,1,4,10,2,1,0,1,240,1
4,1,4,10,5,1,0,1,232,4
4,1,4,10,8,1,0,1,240,1
4,1,4,10,15,1,0,1,170,2
4,1,4,11,14,1,0,1,85,2
4,1,4,13,7,1,0,1,85,2
4,1,4,14,11,1,0,1,85,2
4,1,4,15,0,1,0,1,232,4
4,1,4,15,5,1,0,1,170,2
4,1,4,15,10,1,0,1,170,2
4,1,4,0,5,1,1,-1,204,2
4,1,4,0,10,1,1,-1,204,2
4,1,4,1,4,1,1,-1,51,2
4,1,4,2,8,1,1,-1,51,2
4,1,4,4,1,1,1,-1,51,2
4,1,4,5,0,1,1,-1,204,2
4,1,4,8,2,1,1,-1,51,2
4,1,4,0,1,1,1,1,204,1
4,1,4,0,2,1,1,1,204,1
4,1,4,0,4,1,1,1,204,1
4,1,4,0,5,1,1,1,204,2
4,1,4,0,8,1,1,1,204,1
4,1,4,0,10,1,1,1,204,2
4,1,4,1,0,1,1,1,204,1
4,1,4,1,4,1,1,1,204,2
4,1,4,1,5,1,1,1,204,1
4,1,4,2,0,1,1,1,204,1
4,1,4,2,8,1,1,1,204,2
4,1,4,2,10,1,1,1,204,1
4,1,4,4,0,1,1,1,204,1
4,1,4,4,1,1,1,1,204,2
4,1,4,4,5,1,1,1,204,1
4,1,4,5,0,1,1,1,204,2
4,1,4,5,1,1,1,1,204,1
4,1,4,5,4,1,1,1,204,1
4,1,4,8,0,1,1,1,204,1
4,1,4,8,2,1,1,1,204,2
4,1,4,10,0,1,1,-1,204,2
4,1,4,8,10,1,1,1,204,1
4,1,4,10,0,1,1,1,204,2
4,1,4,10,2,1,1,1,204,1
4,1,4,10,8,1,1,1,204,1
4,1,4,5,7,2,-2,-2,204,1
4,1,4,5,13,2,-2,-2,204,1
4,1,4,5,15,2,-2,-2,204,2
4,1,4,7,5,2,-2,-2,204,1
4,1,4,7,13,2,-2,-2,204,2
4,1,4,7,15,2,-2,-2,204,1
4,1,4,5,15,2,-2,0,204,2
4,1,4,7,13,2,-2,0,51,2
4,1,4,10,11,2,-2,-2,204,1
4,1,4,10,14,2,-2,-2,204,1
4,1,4,10,15,2,-2,-2,204,2
4,1,4,11,10,2,-2,-2,204,1
4,1,4,11,14,2,-2,-2,204,2
4,1,4,11,15,2,-2,-2,204,1
4,1,4,13,5,2,-2,-2,204,1
4,1,4,13,7,2,-2,-2,204,2
4,1,4,13,15,2,-2,-2,204,1
4,1,4,14,10,2,-2,-2,204,1
4,1,4,14,11,2,-2,-2,204,2
4,1,4,14,15,2,-2,-2,204,1
4,1,4,15,5,2,-2,-2,204,2
4,1,4,15,7,2,-2,-2,204,1
4,1,4,15,10,2,-2,-2,204,2
4,1,4,15,11,2,-2,-2,204,1
4,1,4,15,13,2,-2,-2,204,1
4,1,4,15,14,2,-2,-2,204,1
4,1,4,10,15,2,-2,0,204,2
4,1,4,11,14,2,-2,0,51,2
4,1,4,13,7,2,-2,0,51,2
4,1,4,14,11,2,-2,0,51,2
4,1,4,15,5,2,-2,0,204,2
4,1,4,15,10,2,-2,0,204,2
4,1,4,5,7,2,-1,-2,170,1
4,1,4,5,13,2,-1,-2,170,1
4,1,4,5,15,2,-1,-2,170,2
4,1,4,7,5,2,-1,-2,170,1
4,1,4,7,13,2,-1,-2,170,2
4,1,4,7,15,2,-1,-2,170,1
4,1,4,5,15,2,-1,0,170,2
4,1,4,7,13,2,-1,0,85,2
4,1,4,10,11,2,-1,-2,170,1
4,1,4,10,14,2,-1,-2,170,1
4,1,4,10,15,2,-1,-2,170,2
4,1,4,11,10,2,-1,-2,170,1
4,1,4,11,14,2,-1,-2,170,2
4,1,4,11,15,2,-1,-2,170,1
4,1,4,13,5,2,-1,-2,170,1
4,1,4,13,7,2,-1,-2,170,2
4,1,4,13,15,2,-1,-2,170,1
4,1,4,14,10,2,-1,-2,170,1
4,1,4,14,11,2,-1,-2,170,2
4,1,4,14,15,2,-1,-2,170,1
4,1,4,15,5,2,-1,-2,170,2
4,1,4,15,7,2,-1,-2,170,1
4,1,4,15,10,2,-1,-2,170,2
4,1,4,15,11,2,-1,-2,170,1
4,1,4,15,13,2,-1,-2,170,1
4,1,4,15,14,2,-1,-2,170,1
4,1,4,10,15,2,-1,0,170,2
4,1,4,11,14,2,-1,0,85,2
4,1,4,13,7,2,-1,0,85,2
4,1,4,14,11,2,-1,0,85,2
4,1,4,15,5,2,-1,0,170,2
4,1,4,15,10,2,-1,0,170,2
4,1,4,0,1,2,1,-2,240,1
4,1,4,0,2,2,1,-2,240,1
4,1,4,0,4,2,1,-2,240,1
4,1,4,0,5,2,1,-2,240,2
4,1,4,0,8,2,1,-2,240,1
4,1,4,0,10,2,1,-2,240,2
4,1,4,1,0,2,1,-2,240,1
4,1,4,1,4,2,1,-2,240,2
4,1,4,1,5,2,1,-2,240,1
4,1,4,2,0,2,1,-2,240,1
4,1,4,2,8,2,1,-2,240,2
4,1,4,2,10,2,1,-2,240,1
4,1,4,4,0,2,1,-2,240,1
4,1,4,4,1,2,1,-2,240,2
4,1,4,4,5,2,1,-2,240,1
4,1,4,5,0,2,1,-2,240,2
4,1,4,5,1,2,1,-2,240,1
4,1,4,5,4,2,1,-2,240,1
4,1,4,8,0,2,1,-2,240,1
4,1,4,8,2,2,1,-2,240,2
4,1,4,0,5,2,1,0,240,2
4,1,4,0,10,2,1,0,240,2
4,1,4,1,4,2,1,0,15,2
4,1,4,2,8,2,1,0,15,2
4,1,4,4,1,2,1,0,15,2
4,1,4,5,0,2,1,0,240,2
4,1,4,8,2,2,1,0,15,2
4,1,4,8,10,2,1,-2,240,1
4,1,4,10,0,2,1,-2,240,2
4,1,4,10,2,2,1,-2,240,1
4,1,4,10,8,2,1,-2,240,1
4,1,4,10,0,2,1,0,240,2
4,1,4,0,1,2,2,-2,204,1
4,1,4,0,2,2,2,-2,204,1
4,1,4,0,4,2,2,-2,204,1
4,1,4,0,5,2,2,-2,204,2
4,1,4,0,8,2,2,-2,204,1
4,1,4,0,10,2,2,-2,204,2
4,1,4,1,0,2,2,-2,204,1
4,1,4,1,4,2,2,-2,204,2
4,1,4,1,5,2,2,-2,204,1
4,1,4,2,0,2,2,-2,204,1
4,1,4,2,8,2,2,-2,204,2
4,1,4,2,10,2,2,-2,204,1
4,1,4,4,0,2,2,-2,204,1
4,1,4,4,1,2,2,-2,204,2
4,1,4,4,5,2,2,-2,204,1
4,1,4,5,0,2,2,-2,204,2
4,1,4,5,1,2,2,-2,204,1
4,1,4,5,4,2,2,-2,204,1
4,1,4,8,0,2,2,-2,204,1
4,1,4,8,2,2,2,-2,204,2
4,1,4,0,5,2,2,0,204,2
4,1,4,0,10,2,2,0,204,2
4,1,4,1,4,2,2,0,51,2
4,1,4,2,8,2,2,0,51,2
4,1,4,4,1,2,2,0,51,2
4,1,4,5,0,2,2,0,204,2
4,1,4,8,2,2,2,0,51,2
4,1,4,8,10,2,2,-2,204,1
4,1,4,10,0,2,2,-2,204,2
4,1,4,10,2,2,2,-2,204,1
4,1,4,10,8,2,2,-2,204,1
4,1,4,10,0,2,2,0,204,2
4,1,4,5,15,3,-3,-1,204,2
4,1,4,7,13,3,-3,-1,51,2
4,1,4,5,7,3,-3,1,204,1
4,1,4,5,13,3,-3,1,204,1
4,1,4,5,15,3,-3,1,204,2
4,1,4,7,5,3,-3,1,204,1
4,1,4,7,13,3,-3,1,204,2
4,1,4,7,15,3,-3,1,204,1
4,1,4,10,15,3,-3,-1,204,2
4,1,4,11,14,3,-3,-1,51,2
4,1,4,13,7,3,-3,-1,51,2
4,1,4,14,11,3,-3,-1,51,2
4,1,4,15,5,3,-3,-1,204,2
4,1,4,15,10,3,-3,-1,204,2
4,1,4,10,11,3,-3,1,204,1
4,1,4,10,14,3,-3,1,204,1
4,1,4,10,15,3,-3,1,204,2
4,1,4,11,10,3,-3,1,204,1
4,1,4,11,14,3,-3,1,204,2
4,1,4,11,15,3,-3,1,204,1
4,1,4,13,5,3,-3,1,204,1
4,1,4,13,7,3,-3,1,204,2
4,1,4,13,15,3,-3,1,204,1
4,1,4,14,10,3,-3,1,204,1
4,1,4,14,11,3,-3,1,204,2
4,1,4,14,15,3,-3,1,204,1
4,1,4,15,5,3,-3,1,204,2
4,1,4,15,7,3,-3,1,204,1
4,1,4,15,10,3,-3,1,204,2
4,1,4,15,11,3,-3,1,204,1
4,1,4,15,13,3,-3,1,204,1
4,1,4,15,14,3,-3,1,204,1
4,1,4,5,15,3,-2,-1,170,2
4,1,4,7,13,3,-2,-1,85,2
4,1,4,5,7,3,-2,1,170,1
4,1,4,5,13,3,-2,1,170,1
4,1,4,5,15,3,-2,1,170,2
4,1,4,7,5,3,-2,1,170,1
4,1,4,7,13,3,-2,1,170,2
4,1,4,7,15,3,-2,1,170,1
4,1,4,10,15,3,-2,-1,170,2
4,1,4,11,14,3,-2,-1,85,2
4,1,4,13,7,3,-2,-1,85,2
4,1,4,14,11,3,-2,-1,85,2
4,1,4,15,5,3,-2,-1,170,2
4,1,4,15,10,3,-2,-1,170,2
4,1,4,10,11,3,-2,1,170,1
4,1,4,10,14,3,-2,1,170,1
4,1,4,10,15,3,-2,1,170,2
4,1,4,11,10,3,-2,1,170,1
4,1,4,11,14,3,-2,1,170,2
4,1,4,11,15,3,-2,1,170,1
4,1,4,13,5,3,-2,1,170,1
4,1,4,13,7,3,-2,1,170,2
4,1,4,13,15,3,-2,1,170,1
4,1,4,14,10,3,-2,1,170,1
4,1,4,14,11,3,-2,1,170,2
4,1,4,14,15,3,-2,1,170,1
4,1,4,15,5,3,-2,1,170,2
4,1,4,15,7,3,-2,1,170,1
4,1,4,15,10,3,-2,1,170,2
4,1,4,15,11,3,-2,1,170,1
4,1,4,15,13,3,-2,1,170,1
4,1,4,15,14,3,-2,1,170,1
4,1,4,0,1,3,2,-1,240,1
4,1,4,0,2,3,2,-1,240,1
4,1,4,0,4,3,2,-1,240,1
4,1,4,0,5,3,2,-1,240,2
4,1,4,0,8,3,2,-1,240,1
4,1,4,0,10,3,2,-1,240,2
4,1,4,1,0,3,2,-1,240,1
4,1,4,1,4,3,2,-1,240,2
4,1,4,1,5,3,2,-1,240,1
4,1,4,2,0,3,2,-1,240,1
4,1,4,2,8,3,2,-1,240,2
4,1,4,2,10,3,2,-1,240,1
4,1,4,4,0,3,2,-1,240,1
4,1,4,4,1,3,2,-1,240,2
4,1,4,4,5,3,2,-1,240,1
4,1,4,5,0,3,2,-1,240,2
4,1,4,5,1,3,2,-1,240,1
4,1,4,5,4,3,2,-1,240,1
4,1,4,8,0,3,2,-1,240,1
4,1,4,8,2,3,2,-1,240,2
4,1,4,0,5,3,2,1,240,2
4,1,4,0,10,3,2,1,240,2
4,1,4,1,4,3,2,1,15,2
4,1,4,2,8,3,2,1,15,2
4,1,4,4,1,3,2,1,15,2
4,1,4,5,0,3,2,1,240,2
4,1,4,8,2,3,2,1,15,2
4,1,4,8,10,3,2,-1,240,1
4,1,4,10,0,3,2,-1,240,2
4,1,4,10,2,3,2,-1,240,1
4,1,4,10,8,3,2,-1,240,1
4,1,4,10,0,3,2,1,240,2
4,1,4,0,1,3,3,-1,204,1
4,1,4,0,2,3,3,-1,204,1
4,1,4,0,4,3,3,-1,204,1
4,1,4,0,5,3,3,-1,204,2
4,1,4,0,8,3,3,-1,204,1
4,1,4,0,10,3,3,-1,204,2
4,1,4,1,0,3,3,-1,204,1
4,1,4,1,4,3,3,-1,204,2
4,1,4,1,5,3,3,-1,204,1
4,1,4,2,0,3,3,-1,204,1
4,1,4,2,8,3,3,-1,204,2
4,1,4,2,10,3,3,-1,204,1
4,1,4,4,0,3,3,-1,204,1
4,1,4,4,1,3,3,-1,204,2
4,1,4,4,5,3,3,-1,204,1
4,1,4,5,0,3,3,-1,204,2
4,1,4,5,1,3,3,-1,204,1
4,1,4,5,4,3,3,-1,204,1
4,1,4,8,0,3,3,-1,204,1
4,1,4,8,2,3,3,-1,204,2
4,1,4,0,5,3,3,1,204,2
4,1,4,0,10,3,3,1,204,2
4,1,4,1,4,3,3,1,51,2
4,1,4,2,8,3,3,1,51,2
4,1,4,4,1,3,3,1,51,2
4,1,4,5,0,3,3,1,204,2
4,1,4,8,2,3,3,1,51,2
4,1,4,8,10,3,3,-1,204,1
4,1,4,10,0,3,3,-1,204,2
4,1,4,10,2,3,3,-1,204,1
4,1,4,10,8,3,3,-1,204,1
4,1,4,10,0,3,3,1,204,2
5,1,5,11,15,1,-1,-1,204,1
5,1,5,11,27,1,-1,-1,204,1
5,1,5,11,31,1,-1,-1,204,2
5,1,5,13,15,1,-1,-1,204,1
5,1,5,13,29,1,-1,-1,204,1
5,1,5,13,31,1,-1,-1,204,2
5,1,5,15,11,1,-1,-1,204,1
5,1,5,15,13,1,-1,-1,204,1
5,1,5,15,27,1,-1,-1,204,2
5,1,5,15,29,1,-1,-1,204,2
5,1,5,15,31,1,-1,-1,204,1
5,1,5,21,23,1,-1,-1,204,1
5,1,5,21,29,1,-1,-1,204,1
5,1,5,21,31,1,-1,-1,204,2
5,1,5,22,23,1,-1,-1,204,1
5,1,5,22,30,1,-1,-1,204,1
5,1,5,22,31,1,-1,-1,204,2
5,1,5,23,21,1,-1,-1,204,1
5,1,5,23,22,1,-1,-1,204,1
5,1,5,23,29,1,-1,-1,204,2
5,1,5,23,30,1,-1,-1,204,2
5,1,5,23,31,1,-1,-1,204,1
5,1,5,26,27,1,-1,-1,204,1
5,1,5,26,30,1,-1,-1,204,1
5,1,5,26,31,1,-1,-1,204,2
5,1,5,27,11,1,-1,-1,204,1
5,1,5,27,15,1,-1,-1,204,2
5,1,5,27,26,1,-1,-1,204,1
5,1,5,27,30,1,-1,-1,204,2
5,1,5,27,31,1,-1,-1,204,1
5,1,5,29,13,1,-1,-1,204,1
5,1,5,29,15,1,-1,-1,204,2
5,1,5,29,21,1,-1,-1,204,1
5,1,5,29,23,1,-1,-1,204,2
5,1,5,29,31,1,-1,-1,204,1
5,1,5,30,22,1,-1,-1,204,1
5,1,5,30,23,1,-1,-1,204,2
5,1,5,30,26,1,-1,-1,204,1
5,1,5,30,27,1,-1,-1,204,2
5,1,5,30,31,1,-1,-1,204,1
5,1,5,31,11,1,-1,-1,204,2
5,1,5,31,13,1,-1,-1,204,2
5,1,5,31,15,1,-1,-1,204,1
5,1,5,31,21,1,-1,-1,204,2
5,1,5,31,22,1,-1,-1,204,2
5,1,5,31,23,1,-1,-1,204,1
5,1,5,31,26,1,-1,-1,204,2
5,1,5,31,27,1,-1,-1,204,1
5,1,5,31,29,1,-1,-1,204,1
5,1,5,31,30,1,-1,-1,204,1
5,1,5,0,31,1,0,-1,232,5
5,1,5,0,31,1,0,0,232,5
5,1,5,0,1,1,0,1,240,1
5,1,5,0,2,1,0,1,240,1
5,1,5,0,4,1,0,1,240,1
5,1,5,0,5,1,0,1,240,2
5,1,5,0,8,1,0,1,240,1
5,1,5,0,9,1,0,1,240,2
5,1,5,0,10,1,0,1,240,2
5,1,5,0,16,1,0,1,240,1
5,1,5,0,18,1,0,1,240,2
5,1,5,0,20,1,0,1,240,2
5,1,5,0,31,1,0,1,232,5
5,1,5,1,0,1,0,1,240,1
5,1,5,1,4,1,0,1,240,2
5,1,5,1,5,1,0,1,240,1
5,1,5,1,8,1,0,1,240,2
5,1,5,1,9,1,0,1,240,1
5,1,5,2,0,1,0,1,240,1
5,1,5,2,8,1,0,1,240,2
5,1,5,2,10,1,0,1,240,1
5,1,5,2,16,1,0,1,240,2
5,1,5,2,18,1,0,1,240,1
5,1,5,4,0,1,0,1,240,1
5,1,5,4,1,1,0,1,240,2
5,1,5,4,5,1,0,1,240,1
5,1,5,4,16,1,0,1,240,2
5,1,5,4,20,1,0,1,240,1
5,1,5,5,0,1,0,1,240,2
5,1,5,5,1,1,0,1,240,1
5,1,5,5,4,1,0,1,240,1
5,1,5,8,0,1,0,1,240,1
5,1,5,8,1,1,0,1,240,2
5,1,5,8,2,1,0,1,240,2
5,1,5,11,15,1,0,-1,170,1
5,1,5,11,27,1,0,-1,170,1
5,1,5,11,31,1,0,-1,170,2
5,1,5,8,9,1,0,1,240,1
5,1,5,8,10,1,0,1,240,1
5,1,5,9,0,1,0,1,240,2
5,1,5,9,1,1,0,1,240,1
5,1,5,9,8,1,0,1,240,1
5,1,5,10,0,1,0,1,240,2
5,1,5,10,2,1,0,1,240,1
5,1,5,10,8,1,0,1,240,1
5,1,5,13,15,1,0,-1,170,1
5,1,5,13,29,1,0,-1,170,1
5,1,5,13,31,1,0,-1,170,2
5,1,5,15,11,1,0,-1,170,1
5,1,5,15,13,1,0,-1,170,1
5,1,5,15,27,1,0,-1,170,2
5,1,5,15,29,1,0,-1,170,2
5,1,5,15,31,1,0,-1,170,1
5,1,5,16,0,1,0,1,240,1
5,1,5,16,2,1,0,1,240,2
5,1,5,16,4,1,0,1,240,2
5,1,5,16,18,1,0,1,240,1
5,1,5,16,20,1,0,1,240,1
5,1,5,18,0,1,0,1,240,2
5,1,5,18,2,1,0,1,240,1
5,1,5,18,16,1,0,1,240,1
5,1,5,20,0,1,0,1,240,2
5,1,5,20,4,1,0,1,240,1
5,1,5,20,16,1,0,1,240,1
5,1,5,21,23,1,0,-1,170,1
5,1,5,21,29,1,0,-1,170,1
5,1,5,21,31,1,0,-1,170,2
5,1,5,22,23,1,0,-1,170,1
5,1,5,22,30,1,0,-1,170,1
5,1,5,22,31,1,0,-1,170,2
5,1,5,23,21,1,0,-1,170,1
5,1,5,23,22,1,0,-1,170,1
5,1,5,23,29,1,0,-1,170,2
5,1,5,23,30,1,0,-1,170,2
5,1,5,23,31,1,0,-1,170,1
5,1,5,26,27,1,0,-1,170,1
5,1,5,26,30,1,0,-1,170,1
5,1,5,26,31,1,0,-1,170,2
5,1,5,27,11,1,0,-1,170,1
5,1,5,27,15,1,0,-1,170,2
5,1,5,27,26,1,0,-1,170,1
5,1,5,27,30,1,0,-1,170,2
5,1,5,27,31,1,0,-1,170,1
5,1,5,29,13,1,0,-1,170,1
5,1,5,29,15,1,0,-1,170,2
5,1,5,29,21,1,0,-1,170,1
5,1,5,29,23,1,0,-1,170,2
5,1,5,29,31,1,0,-1,170,1
5,1,5,30,22,1,0,-1,170,1
5,1,5,30,23,1,0,-1,170,2
5,1,5,30,26,1,0,-1,170,1
5,1,5,30,27,1,0,-1,170,2
5,1,5,30,31,1,0,-1,170,1
5,1,5,31,0,1,0,-1,232,5
5,1,5,31,11,1,0,-1,170,2
5,1,5,31,13,1,0,-1,170,2
5,1,5,31,15,1,0,-1,170,1
5,1,5,31,21,1,0,-1,170,2
5,1,5,31,22,1,0,-1,170,2
5,1,5,31,23,1,0,-1,170,1
5,1,5,31,26,1,0,-1,170,2
5,1,5,31,27,1,0,-1,170,1
5,1,5,31,29,1,0,-1,170,1
5,1,5,31,30,1,0,-1,170,1
5,1,5,31,0,1,0,0,232,5
5,1,5,31,0,1,0,1,232,5
5,1,5,0,1,1,1,1,204,1
5,1,5,0,2,1,1,1,204,1
5,1,5,0,4,1,1,1,204,1
5,1,5,0,5,1,1,1,204,2
5,1,5,0,8,1,1,1,204,1
5,1,5,0,9,1,1,1,204,2
5,1,5,0,10,1,1,1,204,2
5,1,5,0,16,1,1,1,204,1
5,1,5,0,18,1,1,1,204,2
5,1,5,0,20,1,1,1,204,2
5,1,5,1,0,1,1,1,204,1
5,1,5,1,4,1,1,1,204,2
5,1,5,1,5,1,1,1,204,1
5,1,5,1,8,1,1,1,204,2
5,1,5,1,9,1,1,1,204,1
5,1,5,2,0,1,1,1,204,1
5,1,5,2,8,1,1,1,204,2
5,1,5,2,10,1,1,1,204,1
5,1,5,2,16,1,1,1,204,2
5,1,5,2,18,1,1,1,204,1
5,1,5,4,0,1,1,1,204,1
5,1,5,4,1,1,1,1,204,2
5,1,5,4,5,1,1,1,204,1
5,1,5,4,16,1,1,1,204,2
5,1,5,4,20,1,1,1,204,1
5,1,5,5,0,1,1,1,204,2
5,1,5,5,1,1,1,1,204,1
5,1,5,5,4,1,1,1,204,1
5,1,5,8,0,1,1,1,204,1
5,1,5,8,1,1,1,1,204,2
5,1,5,8,2,1,1,1,204,2
5,1,5,8,9,1,1,1,204,1
5,1,5,8,10,1,1,1,204,1
5,1,5,9,0,1,1,1,204,2
5,1,5,9,1,1,1,1,204,1
5,1,5,9,8,1,1,1,204,1
5,1,5,10,0,1,1,1,204,2
5,1,5,10,2,1,1,1,204,1
5,1,5,10,8,1,1,1,204,1
5,1,5,16,0,1,1,1,204,1
5,1,5,16,2,1,1,1,204,2
5,1,5,16,4,1,1,1,204,2
5,1,5,16,18,1,1,1,204,1
5,1,5,16,20,1,1,1,204,1
5,1,5,18,0,1,1,1,204,2
5,1,5,18,2,1,1,1,204,1
5,1,5,18,16,1,1,1,204,1
5,1,5,20,0,1,1,1,204,2
5,1,5,20,4,1,1,1,204,1
5,1,5,20,16,1,1,1,204,1
5,1,5,11,15,2,-2,-2,204,1
5,1,5,11,27,2,-2,-2,204,1
5,1,5,11,31,2,-2,-2,204,2
5,1,5,13,15,2,-2,-2,204,1
5,1,5,13,29,2,-2,-2,204,1
5,1,5,13,31,2,-2,-2,204,2
5,1,5,15,11,2,-2,-2,204,1
5,1,5,15,13,2,-2,-2,204,1
5,1,5,15,27,2,-2,-2,204,2
5,1,5,15,29,2,-2,-2,204,2
5,1,5,15,31,2,-2,-2,204,1
5,1,5,21,23,2,-2,-2,204,1
5,1,5,21,29,2,-2,-2,204,1
5,1,5,21,31,2,-2,-2,204,2
5,1,5,22,23,2,-2,-2,204,1
5,1,5,22,30,2,-2,-2,204,1
5,1,5,22,31,2,-2,-2,204,2
5,1,5,23,21,2,-2,-2,204,1
5,1,5,23,22,2,-2,-2,204,1
5,1,5,23,29,2,-2,-2,204,2
5,1,5,23,30,2,-2,-2,204,2
5,1,5,23,31,2,-2,-2,204,1
5,1,5,26,27,2,-2,-2,204,1
5,1,5,26,30,2,-2,-2,204,1
5,1,5,26,31,2,-2,-2,204,2
5,1,5,27,11,2,-2,-2,204,1
5,1,5,27,15,2,-2,-2,204,2
5,1,5,27,26,2,-2,-2,204,1
5,1,5,27,30,2,-2,-2,204,2
5,1,5,27,31,2,-2,-2,204,1
5,1,5,29,13,2,-2,-2,204,1
5,1,5,29,15,2,-2,-2,204,2
5,1,5,29,21,2,-2,-2,204,1
5,1,5,29,23,2,-2,-2,204,2
5,1,5,29,31,2,-2,-2,204,1
5,1,5,30,22,2,-2,-2,204,1
5,1,5,30,23,2,-2,-2,204,2
5,1,5,30,26,2,-2,-2,204,1
5,1,5,30,27,2,-2,-2,204,2
5,1,5,30,31,2,-2,-2,204,1
5,1,5,31,11,2,-2,-2,204,2
5,1,5,31,13,2,-2,-2,204,2
5,1,5,31,15,2,-2,-2,204,1
5,1,5,31,21,2,-2,-2,204,2
5,1,5,31,22,2,-2,-2,204,2
5,1,5,31,23,2,-2,-2,204,1
5,1,5,31,26,2,-2,-2,204,2
5,1,5,31,27,2,-2,-2,204,1
5,1,5,31,29,2,-2,-2,204,1
5,1,5,31,30,2,-2,-2,204,1
5,1,5,11,15,2,-1,-2,170,1
5,1,5,11,27,2,-1,-2,170,1
5,1,5,11,31,2,-1,-2,170,2
5,1,5,13,15,2,-1,-2,170,1
5,1,5,13,29,2,-1,-2,170,1
5,1,5,13,31,2,-1,-2,170,2
5,1,5,15,11,2,-1,-2,170,1
5,1,5,15,13,2,-1,-2,170,1
5,1,5,15,27,2,-1,-2,170,2
5,1,5,15,29,2,-1,-2,170,2
5,1,5,15,31,2,-1,-2,170,1
5,1,5,21,23,2,-1,-2,170,1
5,1,5,21,29,2,-1,-2,170,1
5,1,5,21,31,2,-1,-2,170,2
5,1,5,22,23,2,-1,-2,170,1
5,1,5,22,30,2,-1,-2,170,1
5,1,5,22,31,2,-1,-2,170,2
5,1,5,23,21,2,-1,-2,170,1
5,1,5,23,22,2,-1,-2,170,1
5,1,5,23,29,2,-1,-2,170,2
5,1,5,23,30,2,-1,-2,170,2
5,1,5,23,31,2,-1,-2,170,1
5,1,5,26,27,2,-1,-2,170,1
5,1,5,26,30,2,-1,-2,170,1
5,1,5,26,31,2,-1,-2,170,2
5,1,5,27,11,2,-1,-2,170,1
5,1,5,27,15,2,-1,-2,170,2
5,1,5,27,26,2,-1,-2,170,1
5,1,5,27,30,2,-1,-2,170,2
5,1,5,27,31,2,-1,-2,170,1
5,1,5,29,13,2,-1,-2,170,1
5,1,5,29,15,2,-1,-2,170,2
5,1,5,29,21,2,-1,-2,170,1
5,1,5,29,23,2,-1,-2,170,2
5,1,5,29,31,2,-1,-2,170,1
5,1,5,30,22,2,-1,-2,170,1
5,1,5,30,23,2,-1,-2,170,2
5,1,5,30,26,2,-1,-2,170,1
5,1,5,30,27,2,-1,-2,170,2
5,1,5,30,31,2,-1,-2,170,1
5,1,5,31,11,2,-1,-2,170,2
5,1,5,31,13,2,-1,-2,170,2
5,1,5,31,15,2,-1,-2,170,1
5,1,5,31,21,2,-1,-2,170,2
5,1,5,31,22,2,-1,-2,170,2
5,1,5,31,23,2,-1,-2,170,1
5,1,5,31,26,2,-1,-2,170,2
5,1,5,31,27,2,-1,-2,170,1
5,1,5,31,29,2,-1,-2,170,1
5,1,5,31,30,2,-1,-2,170,1
5,1,5,0,1,2,1,2,240,1
5,1,5,0,2,2,1,2,240,1
5,1,5,0,4,2,1,2,240,1
5,1,5,0,5,2,1,2,240,2
5,1,5,0,8,2,1,2,240,1
5,1,5,0,9,2,1,2,240,2
5,1,5,0,10,2,1,2,240,2
5,1,5,0,16,2,1,2,240,1
5,1,5,0,18,2,1,2,240,2
5,1,5,0,20,2,1,2,240,2
5,1,5,1,0,2,1,2,240,1
5,1,5,1,4,2,1,2,240,2
5,1,5,1,5,2,1,2,240,1
5,1,5,1,8,2,1,2,240,2
5,1,5,1,9,2,1,2,240,1
5,1,5,2,0,2,1,2,240,1
5,1,5,2,8,2,1,2,240,2
5,1,5,2,10,2,1,2,240,1
5,1,5,2,16,2,1,2,240,2
5,1,5,2,18,2,1,2,240,1
5,1,5,4,0,2,1,2,240,1
5,1,5,4,1,2,1,2,240,2
5,1,5,4,5,2,1,2,240,1
5,1,5,4,16,2,1,2,240,2
5,1,5,4,20,2,1,2,240,1
5,1,5,5,0,2,1,2,240,2
5,1,5,5,1,2,1,2,240,1
5,1,5,5,4,2,1,2,240,1
5,1,5,8,0,2,1,2,240,1
5,1,5,8,1,2,1,2,240,2
5,1,5,8,2,2,1,2,240,2
5,1,5,8,9,2,1,2,240,1
5,1,5,8,10,2,1,2,240,1
5,1,5,9,0,2,1,2,240,2
5,1,5,9,1,2,1,2,240,1
5,1,5,9,8,2,1,2,240,1
5,1,5,10,0,2,1,2,240,2
5,1,5,10,2,2,1,2,240,1
5,1,5,10,8,2,1,2,240,1
5,1,5,16,0,2,1,2,240,1
5,1,5,16,2,2,1,2,240,2
5,1,5,16,4,2,1,2,240,2
5,1,5,16,18,2,1,2,240,1
5,1,5,16,20,2,1,2,240,1
5,1,5,18,0,2,1,2,240,2
5,1,5,18,2,2,1,2,240,1
5,1,5,18,16,2,1,2,240,1
5,1,5,20,0,2,1,2,240,2
5,1,5,20,4,2,1,2,240,1
5,1,5,20,16,2,1,2,240,1
5,1,5,0,1,2,2,2,204,1
5,1,5,0,2,2,2,2,204,1
5,1,5,0,4,2,2,2,204,1
5,1,5,0,5,2,2,2,204,2
5,1,5,0,8,2,2,2,204,1
5,1,5,0,9,2,2,2,204,2
5,1,5,0,10,2,2,2,204,2
5,1,5,0,16,2,2,2,204,1
5,1,5,0,18,2,2,2,204,2
5,1,5,0,20,2,2,2,204,2
5,1,5,1,0,2,2,2,204,1
5,1,5,1,4,2,2,2,204,2
5,1,5,1,5,2,2,2,204,1
5,1,5,1,8,2,2,2,204,2
5,1,5,1,9,2,2,2,204,1
5,1,5,2,0,2,2,2,204,1
5,1,5,2,8,2,2,2,204,2
5,1,5,2,10,2,2,2,204,1
5,1,5,2,16,2,2,2,204,2
5,1,5,2,18,2,2,2,204,1
5,1,5,4,0,2,2,2,204,1
5,1,5,4,1,2,2,2,204,2
5,1,5,4,5,2,2,2,204,1
5,1,5,4,16,2,2,2,204,2
5,1,5,4,20,2,2,2,204,1
5,1,5,5,0,2,2,2,204,2
5,1,5,5,1,2,2,2,204,1
5,1,5,5,4,2,2,2,204,1
5,1,5,8,0,2,2,2,204,1
5,1,5,8,1,2,2,2,204,2
5,1,5,8,2,2,2,2,204,2
5,1,5,8,9,2,2,2,204,1
5,1,5,8,10,2,2,2,204,1
5,1,5,9,0,2,2,2,204,2
5,1,5,9,1,2,2,2,204,1
5,1,5,9,8,2,2,2,204,1
5,1,5,10,0,2,2,2,204,2
5,1,5,10,2,2,2,2,204,1
5,1,5,10,8,2,2,2,204,1
5,1,5,16,0,2,2,2,204,1
5,1,5,16,2,2,2,2,204,2
5,1,5,16,4,2,2,2,204,2
5,1,5,16,18,2,2,2,204,1
5,1,5,16,20,2,2,2,204,1
5,1,5,18,0,2,2,2,204,2
5,1,5,18,2,2,2,2,204,1
5,1,5,18,16,2,2,2,204,1
5,1,5,20,0,2,2,2,204,2
5,1,5,20,4,2,2,2,204,1
5,1,5,20,16,2,2,2,204,1
5,1,5,11,15,3,-3,2,204,1
5,1,5,11,27,3,-3,2,204,1
5,1,5,11,31,3,-3,2,204,2
5,1,5,13,15,3,-3,2,204,1
5,1,5,13,29,3,-3,2,204,1
5,1,5,13,31,3,-3,2,204,2
5,1,5,15,11,3,-3,2,204,1
5,1,5,15,13,3,-3,2,204,1
5,1,5,15,27,3,-3,2,204,2
5,1,5,15,29,3,-3,2,204,2
5,1,5,15,31,3,-3,2,204,1
5,1,5,21,23,3,-3,2,204,1
5,1,5,21,29,3,-3,2,204,1
5,1,5,21,31,3,-3,2,204,2
5,1,5,22,23,3,-3,2,204,1
5,1,5,22,30,3,-3,2,204,1
5,1,5,22,31,3,-3,2,204,2
5,1,5,23,21,3,-3,2,204,1
5,1,5,23,22,3,-3,2,204,1
5,1,5,23,29,3,-3,2,204,2
5,1,5,23,30,3,-3,2,204,2
5,1,5,23,31,3,-3,2,204,1
5,1,5,26,27,3,-3,2,204,1
5,1,5,26,30,3,-3,2,204,1
5,1,5,26,31,3,-3,2,204,2
5,1,5,27,11,3,-3,2,204,1
5,1,5,27,15,3,-3,2,204,2
5,1,5,27,26,3,-3,2,204,1
5,1,5,27,30,3,-3,2,204,2
5,1,5,27,31,3,-3,2,204,1
5,1,5,29,13,3,-3,2,204,1
5,1,5,29,15,3,-3,2,204,2
5,1,5,29,21,3,-3,2,204,1
5,1,5,29,23,3,-3,2,204,2
5,1,5,29,31,3,-3,2,204,1
5,1,5,30,22,3,-3,2,204,1
5,1,5,30,23,3,-3,2,204,2
5,1,5,30,26,3,-3,2,204,1
5,1,5,30,27,3,-3,2,204,2
5,1,5,30,31,3,-3,2,204,1
5,1,5,31,11,3,-3,2,204,2
5,1,5,31,13,3,-3,2,204,2
5,1,5,31,15,3,-3,2,204,1
5,1,5,31,21,3,-3,2,204,2
5,1,5,31,22,3,-3,2,204,2
5,1,5,31,23,3,-3,2,204,1
5,1,5,31,26,3,-3,2,204,2
5,1,5,31,27,3,-3,2,204,1
5,1,5,31,29,3,-3,2,204,1
5,1,5,31,30,3,-3,2,204,1
5,1,5,11,15,3,-2,2,170,1
5,1,5,11,27,3,-2,2,170,1
5,1,5,11,31,3,-2,2,170,2
5,1,5,13,15,3,-2,2,170,1
5,1,5,13,29,3,-2,2,170,1
5,1,5,13,31,3,-2,2,170,2
5,1,5,15,11,3,-2,2,170,1
5,1,5,15,13,3,-2,2,170,1
5,1,5,15,27,3,-2,2,170,2
5,1,5,15,29,3,-2,2,170,2
5,1,5,15,31,3,-2,2,170,1
5,1,5,21,23,3,-2,2,170,1
5,1,5,21,29,3,-2,2,170,1
5,1,5,21,31,3,-2,2,170,2
5,1,5,22,23,3,-2,2,170,1
5,1,5,22,30,3,-2,2,170,1
5,1,5,22,31,3,-2,2,170,2
5,1,5,23,21,3,-2,2,170,1
5,1,5,23,22,3,-2,2,170,1
5,1,5,23,29,3,-2,2,170,2
5,1,5,23,30,3,-2,2,170,2
5,1,5,23,31,3,-2,2,170,1
5,1,5,26,27,3,-2,2,170,1
5,1,5,26,30,3,-2,2,170,1
5,1,5,26,31,3,-2,2,170,2
5,1,5,27,11,3,-2,2,170,1
5,1,5,27,15,3,-2,2,170,2
5,1,5,27,26,3,-2,2,170,1
5,1,5,27,30,3,-2,2,170,2
5,1,5,27,31,3,-2,2,170,1
5,1,5,29,13,3,-2,2,170,1
5,1,5,29,15,3,-2,2,170,2
5,1,5,29,21,3,-2,2,170,1
5,1,5,29,23,3,-2,2,170,2
5,1,5,29,31,3,-2,2,170,1
5,1,5,30,22,3,-2,2,170,1
5,1,5,30,23,3,-2,2,170,2
5,1,5,30,26,3,-2,2,170,1
5,1,5,30,27,3,-2,2,170,2
5,1,5,30,31,3,-2,2,170,1
5,1,5,31,11,3,-2,2,170,2
5,1,5,31,13,3,-2,2,170,2
5,1,5,31,15,3,-2,2,170,1
5,1,5,31,21,3,-2,2,170,2
5,1,5,31,22,3,-2,2,170,2
5,1,5,31,23,3,-2,2,170,1
5,1,5,31,26,3,-2,2,170,2
5,1,5,31,27,3,-2,2,170,1
5,1,5,31,29,3,-2,2,170,1
5,1,5,31,30,3,-2,2,170,1
5,1,5,0,1,3,2,-2,240,1
5,1,5,0,2,3,2,-2,240,1
5,1,5,0,4,3,2,-2,240,1
5,1,5,0,5,3,2,-2,240,2
5,1,5,0,8,3,2,-2,240,1
5,1,5,0,9,3,2,-2,240,2
5,1,5,0,10,3,2,-2,240,2
5,1,5,0,16,3,2,-2,240,1
5,1,5,0,18,3,2,-2,240,2
5,1,5,0,20,3,2,-2,240,2
5,1,5,1,0,3,2,-2,240,1
5,1,5,1,4,3,2,-2,240,2
5,1,5,1,5,3,2,-2,240,1
5,1,5,1,8,3,2,-2,240,2
5,1,5,1,9,3,2,-2,240,1
5,1,5,2,0,3,2,-2,240,1
5,1,5,2,8,3,2,-2,240,2
5,1,5,2,10,3,2,-2,240,1
5,1,5,2,16,3,2,-2,240,2
5,1,5,2,18,3,2,-2,240,1
5,1,5,4,0,3,2,-2,240,1
5,1,5,4,1,3,2,-2,240,2
5,1,5,4,5,3,2,-2,240,1
5,1,5,4,16,3,2,-2,240,2
5,1,5,4,20,3,2,-2,240,1
5,1,5,5,0,3,2,-2,240,2
5,1,5,5,1,3,2,-2,240,1
5,1,5,5,4,3,2,-2,240,1
5,1,5,8,0,3,2,-2,240,1
5,1,5,8,1,3,2,-2,240,2
5,1,5,8,2,3,2,-2,240,2
5,1,5,8,9,3,2,-2,240,1
5,1,5,8,10,3,2,-2,240,1
5,1,5,9,0,3,2,-2,240,2
5,1,5,9,1,3,2,-2,240,1
5,1,5,9,8,3,2,-2,240,1
5,1,5,10,0,3,2,-2,240,2
5,1,5,10,2,3,2,-2,240,1
5,1,5,10,8,3,2,-2,240,1
5,1,5,16,0,3,2,-2,240,1
5,1,5,16,2,3,2,-2,240,2
5,1,5,16,4,3,2,-2,240,2
5,1,5,16,18,3,2,-2,240,1
5,1,5,16,20,3,2,-2,240,1
5,1,5,18,0,3,2,-2,240,2
5,1,5,18,2,3,2,-2,240,1
5,1,5,18,16,3,2,-2,240,1
5,1,5,20,0,3,2,-2,240,2
5,1,5,20,4,3,2,-2,240,1
5,1,5,20,16,3,2,-2,240,1
5,1,5,0,1,3,3,-2,204,1
5,1,5,0,2,3,3,-2,204,1
5,1,5,0,4,3,3,-2,204,1
5,1,5,0,5,3,3,-2,204,2
5,1,5,0,8,3,3,-2,204,1
5,1,5,0,9,3,3,-2,204,2
5,1,5,0,10,3,3,-2,204,2
5,1,5,0,16,3,3,-2,204,1
5,1,5,0,18,3,3,-2,204,2
5,1,5,0,20,3,3,-2,204,2
5,1,5,1,0,3,3,-2,204,1
5,1,5,1,4,3,3,-2,204,2
5,1,5,1,5,3,3,-2,204,1
5,1,5,1,8,3,3,-2,204,2
5,1,5,1,9,3,3,-2,204,1
5,1,5,2,0,3,3,-2,204,1
5,1,5,2,8,3,3,-2,204,2
5,1,5,2,10,3,3,-2,204,1
5,1,5,2,16,3,3,-2,204,2
5,1,5,2,18,3,3,-2,204,1
5,1,5,4,0,3,3,-2,204,1
5,1,5,4,1,3,3,-2,204,2
5,1,5,4,5,3,3,-2,204,1
5,1,5,4,16,3,3,-2,204,2
5,1,5,4,20,3,3,-2,204,1
5,1,5,5,0,3,3,-2,204,2
5,1,5,5,1,3,3,-2,204,1
5,1,5,5,4,3,3,-2,204,1
5,1,5,8,0,3,3,-2,204,1
5,1,5,8,1,3,3,-2,204,2
5,1,5,8,2,3,3,-2,204,2
5,1,5,8,9,3,3,-2,204,1
5,1,5,8,10,3,3,-2,204,1
5,1,5,9,0,3,3,-2,204,2
5,1,5,9,1,3,3,-2,204,1
5,1,5,9,8,3,3,-2,204,1
5,1,5,10,0,3,3,-2,204,2
5,1,5,10,2,3,3,-2,204,1
5,1,5,10,8,3,3,-2,204,1
5,1,5,16,0,3,3,-2,204,1
5,1,5,16,2,3,3,-2,204,2
5,1,5,16,4,3,3,-2,204,2
5,1,5,16,18,3,3,-2,204,1
5,1,5,16,20,3,3,-2,204,1
5,1,5,18,0,3,3,-2,204,2
5,1,5,18,2,3,3,-2,204,1
5,1,5,18,16,3,3,-2,204,1
5,1,5,20,0,3,3,-2,204,2
5,1,5,20,4,3,3,-2,204,1
5,1,5,20,16,3,3,-2,204,1
6,1,6,21,23,1,-1,-1,204,1
6,1,6,21,29,1,-1,-1,204,1
6,1,6,21,31,1,-1,-1,204,2
6,1,6,21,53,1,-1,-1,204,1
6,1,6,21,55,1,-1,-1,204,2
6,1,6,21,61,1,-1,-1,204,2
6,1,6,21,63,1,-1,-1,204,3
6,1,6,21,63,1,-1,1,204,3
6,1,6,23,21,1,-1,-1,204,1
6,1,6,23,29,1,-1,-1,204,2
6,1,6,23,31,1,-1,-1,204,1
6,1,6,23,53,1,-1,-1,204,2
6,1,6,23,55,1,-1,-1,204,1
6,1,6,23,61,1,-1,-1,204,3
6,1,6,23,63,1,-1,-1,204,2
6,1,6,27,31,1,-1,-1,204,1
6,1,6,27,59,1,-1,-1,204,1
6,1,6,27,63,1,-1,-1,204,2
6,1,6,29,21,1,-1,-1,204,1
6,1,6,29,23,1,-1,-1,204,2
6,1,6,29,31,1,-1,-1,204,1
6,1,6,29,53,1,-1,-1,204,2
6,1,6,29,55,1,-1,-1,204,3
6,1,6,29,61,1,-1,-1,204,1
6,1,6,29,63,1,-1,-1,204,2
6,1,6,31,21,1,-1,-1,204,2
6,1,6,31,23,1,-1,-1,204,1
6,1,6,31,27,1,-1,-1,204,1
6,1,6,31,29,1,-1,-1,204,1
6,1,6,31,53,1,-1,-1,204,3
6,1,6,31,55,1,-1,-1,204,2
6,1,6,31,59,1,-1,-1,204,2
6,1,6,31,61,1,-1,-1,204,2
6,1,6,31,63,1,-1,-1,204,1
6,1,6,42,43,1,-1,-1,204,1
6,1,6,42,46,1,-1,-1,204,1
6,1,6,42,47,1,-1,-1,204,2
6,1,6,42,58,1,-1,-1,204,1
6,1,6,42,59,1,-1,-1,204,2
6,1,6,42,62,1,-1,-1,204,2
6,1,6,42,63,1,-1,-1,204,3
6,1,6,43,42,1,-1,-1,204,1
6,1,6,43,46,1,-1,-1,204,2
6,1,6,43,47,1,-1,-1,204,1
6,1,6,43,58,1,-1,-1,204,2
6,1,6,43,59,1,-1,-1,204,1
6,1,6,43,62,1,-1,-1,204,3
6,1,6,43,63,1,-1,-1,204,2
6,1,6,42,63,1,-1,1,204,3
6,1,6,45,47,1,-1,-1,204,1
6,1,6,45,61,1,-1,-1,204,1
6,1,6,45,63,1,-1,-1,204,2
6,1,6,46,42,1,-1,-1,204,1
6,1,6,46,43,1,-1,-1,204,2
6,1,6,46,47,1,-1,-1,204,1
6,1,6,46,58,1,-1,-1,204,2
6,1,6,46,59,1,-1,-1,204,3
6,1,6,46,62,1,-1,-1,204,1
6,1,6,46,63,1,-1,-1,204,2
6,1,6,47,42,1,-1,-1,204,2
6,1,6,47,43,1,-1,-1,204,1
6,1,6,47,45,1,-1,-1,204,1
6,1,6,47,46,1,-1,-1,204,1
6,1,6,47,58,1,-1,-1,204,3
6,1,6,47,59,1,-1,-1,204,2
6,1,6,47,61,1,-1,-1,204,2
6,1,6,47,62,1,-1,-1,204,2
6,1,6,47,63,1,-1,-1,204,1
6,1,6,53,21,1,-1,-1,204,1
6,1,6,53,23,1,-1,-1,204,2
6,1,6,53,29,1,-1,-1,204,2
6,1,6,53,31,1,-1,-1,204,3
6,1,6,53,55,1,-1,-1,204,1
6,1,6,53,61,1,-1,-1,204,1
6,1,6,53,63,1,-1,-1,204,2
6,1,6,54,55,1,-1,-1,204,1
6,1,6,54,62,1,-1,-1,204,1
6,1,6,54,63,1,-1,-1,204,2
6,1,6,55,21,1,-1,-1,204,2
6,1,6,55,23,1,-1,-1,204,1
6,1,6,55,29,1,-1,-1,204,3
6,1,6,55,31,1,-1,-1,204,2
6,1,6,55,53,1,-1,-1,204,1
6,1,6,55,54,1,-1,-1,204,1
6,1,6,55,61,1,-1,-1,204,2
6,1,6,55,62,1,-1,-1,204,2
6,1,6,55,63,1,-1,-1,204,1
6,1,6,58,42,1,-1,-1,204,1
6,1,6,58,43,1,-1,-1,204,2
6,1,6,58,46,1,-1,-1,204,2
6,1,6,58,47,1,-1,-1,204,3
6,1,6,58,59,1,-1,-1,204,1
6,1,6,58,62,1,-1,-1,204,1
6,1,6,58,63,1,-1,-1,204,2
6,1,6,59,27,1,-1,-1,204,1
6,1,6,59,31,1,-1,-1,204,2
6,1,6,59,42,1,-1,-1,204,2
6,1,6,59,43,1,-1,-1,204,1
6,1,6,59,46,1,-1,-1,204,3
6,1,6,59,47,1,-1,-1,204,2
6,1,6,59,58,1,-1,-1,204,1
6,1,6,59,62,1,-1,-1,204,2
6,1,6,59,63,1,-1,-1,204,1
6,1,6,61,21,1,-1,-1,204,2
6,1,6,61,23,1,-1,-1,204,3
6,1,6,61,29,1,-1,-1,204,1
6,1,6,61,31,1,-1,-1,204,2
6,1,6,61,45,1,-1,-1,204,1
6,1,6,61,47,1,-1,-1,204,2
6,1,6,61,53,1,-1,-1,204,1
6,1,6,61,55,1,-1,-1,204,2
6,1,6,61,63,1,-1,-1,204,1
6,1,6,62,42,1,-1,-1,204,2
6,1,6,62,43,1,-1,-1,204,3
6,1,6,62,46,1,-1,-1,204,1
6,1,6,62,47,1,-1,-1,204,2
6,1,6,62,54,1,-1,-1,204,1
6,1,6,62,55,1,-1,-1,204,2
6,1,6,62,58,1,-1,-1,204,1
6,1,6,62,59,1,-1,-1,204,2
6,1,6,62,63,1,-1,-1,204,1
6,1,6,63,21,1,-1,-1,204,3
6,1,6,63,23,1,-1,-1,204,2
6,1,6,63,27,1,-1,-1,204,2
6,1,6,63,29,1,-1,-1,204,2
6,1,6,63,31,1,-1,-1,204,1
6,1,6,63,42,1,-1,-1,204,3
6,1,6,63,43,1,-1,-1,204,2
6,1,6,63,45,1,-1,-1,204,2
6,1,6,63,46,1,-1,-1,204,2
6,1,6,63,47,1,-1,-1,204,1
6,1,6,63,53,1,-1,-1,204,2
6,1,6,63,54,1,-1,-1,204,2
6,1,6,63,55,1,-1,-1,204,1
6,1,6,63,58,1,-1,-1,204,2
6,1,6,63,59,1,-1,-1,204,1
6,1,6,63,61,1,-1,-1,204,1
6,1,6,63,62,1,-1,-1,204,1
6,1,6,63,21,1,-1,1,204,3
6,1,6,63,42,1,-1,1,204,3
6,1,6,0,21,1,0,-1,240,3
6,1,6,0,42,1,0,-1,240,3
6,1,6,0,63,1,0,-1,232,6
6,1,6,0,63,1,0,0,232,6
6,1,6,0,1,1,0,1,240,1
6,1,6,0,2,1,0,1,240,1
6,1,6,0,4,1,0,1,240,1
6,1,6,0,5,1,0,1,240,2
6,1,6,0,8,1,0,1,240,1
6,1,6,0,9,1,0,1,240,2
6,1,6,0,10,1,0,1,240,2
6,1,6,0,16,1,0,1,240,1
6,1,6,0,17,1,0,1,240,2
6,1,6,0,18,1,0,1,240,2
6,1,6,0,20,1,0,1,240,2
6,1,6,0,21,1,0,1,240,3
6,1,6,0,32,1,0,1,240,1
6,1,6,0,34,1,0,1,240,2
6,1,6,0,36,1,0,1,240,2
6,1,6,0,40,1,0,1,240,2
6,1,6,0,42,1,0,1,240,3
6,1,6,0,63,1,0,1,232,6
6,1,6,1,0,1,0,1,240,1
6,1,6,1,4,1,0,1,240,2
6,1,6,1,5,1,0,1,240,1
6,1,6,1,8,1,0,1,240,2
6,1,6,1,9,1,0,1,240,1
6,1,6,1,16,1,0,1,240,2
6,1,6,1,17,1,0,1,240,1
6,1,6,1,20,1,0,1,240,3
6,1,6,1,21,1,0,1,240,2
6,1,6,2,0,1,0,1,240,1
6,1,6,2,8,1,0,1,240,2
6,1,6,2,10,1,0,1,240,1
6,1,6,2,16,1,0,1,240,2
6,1,6,2,18,1,0,1,240,1
6,1,6,2,32,1,0,1,240,2
6,1,6,2,34,1,0,1,240,1
6,1,6,2,40,1,0,1,240,3
6,1,6,2,42,1,0,1,240,2
6,1,6,4,0,1,0,1,240,1
6,1,6,4,1,1,0,1,240,2
6,1,6,4,5,1,0,1,240,1
6,1,6,4,16,1,0,1,240,2
6,1,6,4,17,1,0,1,240,3
6,1,6,4,20,1,0,1,240,1
6,1,6,4,21,1,0,1,240,2
6,1,6,4,32,1,0,1,240,2
6,1,6,4,36,1,0,1,240,1
6,1,6,5,0,1,0,1,240,2
6,1,6,5,1,1,0,1,240,1
6,1,6,5,4,1,0,1,240,1
6,1,6,5,16,1,0,1,240,3
6,1,6,5,17,1,0,1,240,2
6,1,6,5,20,1,0,1,240,2
6,1,6,5,21,1,0,1,240,1
6,1,6,8,0,1,0,1,240,1
6,1,6,8,1,1,0,1,240,2
6,1,6,8,2,1,0,1,240,2
6,1,6,8,9,1,0,1,240,1
6,1,6,8,10,1,0,1,240,1
6,1,6,8,32,1,0,1,240,2
6,1,6,8,34,1,0,1,240,3
6,1,6,8,40,1,0,1,240,1
6,1,6,8,42,1,0,1,240,2
6,1,6,9,0,1,0,1,240,2
6,1,6,9,1,1,0,1,240,1
6,1,6,9,8,1,0,1,240,1
6,1,6,10,0,1,0,1,240,2
6,1,6,10,2,1,0,1,240,1
6,1,6,10,8,1,0,1,240,1
6,1,6,10,32,1,0,1,240,3
6,1,6,10,34,1,0,1,240,2
6,1,6,10,40,1,0,1,240,2
6,1,6,10,42,1,0,1,240,1
6,1,6,16,0,1,0,1,240,1
6,1,6,16,1,1,0,1,240,2
6,1,6,16,2,1,0,1,240,2
6,1,6,16,4,1,0,1,240,2
6,1,6,16,5,1,0,1,240,3
6,1,6,16,17,1,0,1,240,1
6,1,6,16,18,1,0,1,240,1
6,1,6,16,20,1,0,1,240,1
6,1,6,16,21,1,0,1,240,2
6,1,6,17,0,1,0,1,240,2
6,1,6,17,1,1,0,1,240,1
6,1,6,17,4,1,0,1,240,3
6,1,6,17,5,1,0,1,240,2
6,1,6,17,16,1,0,1,240,1
6,1,6,17,20,1,0,1,240,2
6,1,6,17,21,1,0,1,240,1
6,1,6,18,0,1,0,1,240,2
6,1,6,18,2,1,0,1,240,1
6,1,6,18,16,1,0,1,240,1
6,1,6,20,0,1,0,1,240,2
6,1,6,20,1,1,0,1,240,3
6,1,6,20,4,1,0,1,240,1
6,1,6,20,5,1,0,1,240,2
6,1,6,20,16,1,0,1,240,1
6,1,6,20,17,1,0,1,240,2
6,1,6,21,0,1,0,-1,240,3
6,1,6,21,23,1,0,-1,170,1
6,1,6,21,29,1,0,-1,170,1
6,1,6,21,31,1,0,-1,170,2
6,1,6,21,42,1,0,-1,232,6
6,1,6,21,53,1,0,-1,170,1
6,1,6,21,55,1,0,-1,170,2
6,1,6,21,61,1,0,-1,170,2
6,1,6,21,63,1,0,-1,170,3
6,1,6,21,42,1,0,0,23,6
6,1,6,20,21,1,0,1,240,1
6,1,6,21,0,1,0,1,240,3
6,1,6,21,1,1,0,1,240,2
6,1,6,21,4,1,0,1,240,2
6,1,6,21,5,1,0,1,240,1
6,1,6,21,16,1,0,1,240,2
6,1,6,21,17,1,0,1,240,1
6,1,6,21,20,1,0,1,240,1
6,1,6,21,42,1,0,1,232,6
6,1,6,21,63,1,0,1,170,3
6,1,6,23,21,1,0,-1,170,1
6,1,6,23,29,1,0,-1,170,2
6,1,6,23,31,1,0,-1,170,1
6,1,6,23,53,1,0,-1,170,2
6,1,6,23,55,1,0,-1,170,1
6,1,6,23,61,1,0,-1,170,3
6,1,6,23,63,1,0,-1,170,2
6,1,6,27,31,1,0,-1,170,1
6,1,6,27,59,1,0,-1,170,1
6,1,6,27,63,1,0,-1,170,2
6,1,6,29,21,1,0,-1,170,1
6,1,6,29,23,1,0,-1,170,2
6,1,6,29,31,1,0,-1,170,1
6,1,6,29,53,1,0,-1,170,2
6,1,6,29,55,1,0,-1,170,3
6,1,6,29,61,1,0,-1,170,1
6,1,6,29,63,1,0,-1,170,2
6,1,6,31,21,1,0,-1,170,2
6,1,6,31,23,1,0,-1,170,1
6,1,6,31,27,1,0,-1,170,1
6,1,6,31,29,1,0,-1,170,1
6,1,6,31,53,1,0,-1,170,3
6,1,6,31,55,1,0,-1,170,2
6,1,6,31,59,1,0,-1,170,2
6,1,6,31,61,1,0,-1,170,2
6,1,6,31,63,1,0,-1,170,1
6,1,6,32,0,1,0,1,240,1
6,1,6,32,2,1,0,1,240,2
6,1,6,32,4,1,0,1,240,2
6,1,6,32,8,1,0,1,240,2
6,1,6,32,10,1,0,1,240,3
6,1,6,32,34,1,0,1,240,1
6,1,6,32,36,1,0,1,240,1
6,1,6,32,40,1,0,1,240,1
6,1,6,32,42,1,0,1,240,2
6,1,6,34,0,1,0,1,240,2
6,1,6,34,2,1,0,1,240,1
6,1,6,34,8,1,0,1,240,3
6,1,6,34,10,1,0,1,240,2
6,1,6,34,32,1,0,1,240,1
6,1,6,34,40,1,0,1,240,2
6,1,6,34,42,1,0,1,240,1
6,1,6,36,0,1,0,1,240,2
6,1,6,36,4,1,0,1,240,1
6,1,6,36,32,1,0,1,240,1
6,1,6,40,0,1,0,1,240,2
6,1,6,40,2,1,0,1,240,3
6,1,6,40,8,1,0,1,240,1
6,1,6,40,10,1,0,1,240,2
6,1,6,40,32,1,0,1,240,1
6,1,6,40,34,1,0,1,240,2
6,1,6,42,0,1,0,-1,240,3
6,1,6,42,21,1,0,-1,232,6
6,1,6,42,21,1,0,0,23,6
6,1,6,40,42,1,0,1,240,1
6,1,6,42,0,1,0,1,240,3
6,1,6,42,2,1,0,1,240,2
6,1,6,42,8,1,0,1,240,2
6,1,6,42,10,1,0,1,240,1
6,1,6,42,21,1,0,1,232,6
6,1,6,42,32,1,0,1,240,2
6,1,6,42,34,1,0,1,240,1
6,1,6,42,40,1,0,1,240,1
6,1,6,42,43,1,0,-1,170,1
6,1,6,42,46,1,0,-1,170,1
6,1,6,42,47,1,0,-1,170,2
6,1,6,42,58,1,0,-1,170,1
6,1,6,42,59,1,0,-1,170,2
6,1,6,42,62,1,0,-1,170,2
6,1,6,42,63,1,0,-1,170,3
6,1,6,43,42,1,0,-1,170,1
6,1,6,43,46,1,0,-1,170,2
6,1,6,43,47,1,0,-1,170,1
6,1,6,43,58,1,0,-1,170,2
6,1,6,43,59,1,0,-1,170,1
6,1,6,43,62,1,0,-1,170,3
6,1,6,43,63,1,0,-1,170,2
6,1,6,42,63,1,0,1,170,3
6,1,6,45,47,1,0,-1,170,1
6,1,6,45,61,1,0,-1,170,1
6,1,6,45,63,1,0,-1,170,2
6,1,6,46,42,1,0,-1,170,1
6,1,6,46,43,1,0,-1,170,2
6,1,6,46,47,1,0,-1,170,1
6,1,6,46,58,1,0,-1,170,2
6,1,6,46,59,1,0,-1,170,3
6,1,6,46,62,1,0,-1,170,1
6,1,6,46,63,1,0,-1,170,2
6,1,6,47,42,1,0,-1,170,2
6,1,6,47,43,1,0,-1,170,1
6,1,6,47,45,1,0,-1,170,1
6,1,6,47,46,1,0,-1,170,1
6,1,6,47,58,1,0,-1,170,3
6,1,6,47,59,1,0,-1,170,2
6,1,6,47,61,1,0,-1,170,2
6,1,6,47,62,1,0,-1,170,2
6,1,6,47,63,1,0,-1,170,1
6,1,6,53,21,1,0,-1,170,1
6,1,6,53,23,1,0,-1,170,2
6,1,6,53,29,1,0,-1,170,2
6,1,6,53,31,1,0,-1,170,3
6,1,6,53,55,1,0,-1,170,1
6,1,6,53,61,1,0,-1,170,1
6,1,6,53,63,1,0,-1,170,2
6,1,6,54,55,1,0,-1,170,1
6,1,6,54,62,1,0,-1,170,1
6,1,6,54,63,1,0,-1,170,2
6,1,6,55,21,1,0,-1,170,2
6,1,6,55,23,1,0,-1,170,1
6,1,6,55,29,1,0,-1,170,3
6,1,6,55,31,1,0,-1,170,2
6,1,6,55,53,1,0,-1,170,1
6,1,6,55,54,1,0,-1,170,1
6,1,6,55,61,1,0,-1,170,2
6,1,6,55,62,1,0,-1,170,2
6,1,6,55,63,1,0,-1,170,1
6,1,6,58,42,1,0,-1,170,1
6,1,6,58,43,1,0,-1,170,2
6,1,6,58,46,1,0,-1,170,2
6,1,6,58,47,1,0,-1,170,3
6,1,6,58,59,1,0,-1,170,1
6,1,6,58,62,1,0,-1,170,1
6,1,6,58,63,1,0,-1,170,2
6,1,6,59,27,1,0,-1,170,1
6,1,6,59,31,1,0,-1,170,2
6,1,6,59,42,1,0,-1,170,2
6,1,6,59,43,1,0,-1,170,1
6,1,6,59,46,1,0,-1,170,3
6,1,6,59,47,1,0,-1,170,2
6,1,6,59,58,1,0,-1,170,1
6,1,6,59,62,1,0,-1,170,2
6,1,6,59,63,1,0,-1,170,1
6,1,6,61,21,1,0,-1,170,2
6,1,6,61,23,1,0,-1,170,3
6,1,6,61,29,1,0,-1,170,1
6,1,6,61,31,1,0,-1,170,2
6,1,6,61,45,1,0,-1,170,1
6,1,6,61,47,1,0,-1,170,2
6,1,6,61,53,1,0,-1,170,1
6,1,6,61,55,1,0,-1,170,2
6,1,6,61,63,1,0,-1,170,1
6,1,6,62,42,1,0,-1,170,2
6,1,6,62,43,1,0,-1,170,3
6,1,6,62,46,1,0,-1,170,1
6,1,6,62,47,1,0,-1,170,2
6,1,6,62,54,1,0,-1,170,1
6,1,6,62,55,1,0,-1,170,2
6,1,6,62,58,1,0,-1,170,1
6,1,6,62,59,1,0,-1,170,2
6,1,6,62,63,1,0,-1,170,1
6,1,6,63,0,1,0,-1,232,6
6,1,6,63,21,1,0,-1,170,3
6,1,6,63,23,1,0,-1,170,2
6,1,6,63,27,1,0,-1,170,2
6,1,6,63,29,1,0,-1,170,2
6,1,6,63,31,1,0,-1,170,1
6,1,6,63,42,1,0,-1,170,3
6,1,6,63,43,1,0,-1,170,2
6,1,6,63,45,1,0,-1,170,2
6,1,6,63,46,1,0,-1,170,2
6,1,6,63,47,1,0,-1,170,1
6,1,6,63,53,1,0,-1,170,2
6,1,6,63,54,1,0,-1,170,2
6,1,6,63,55,1,0,-1,170,1
6,1,6,63,58,1,0,-1,170,2
6,1,6,63,59,1,0,-1,170,1
6,1,6,63,61,1,0,-1,170,1
6,1,6,63,62,1,0,-1,170,1
6,1,6,63,0,1,0,0,232,6
6,1,6,63,0,1,0,1,232,6
6,1,6,63,21,1,0,1,170,3
6,1,6,63,42,1,0,1,170,3
6,1,6,0,21,1,1,-1,204,3
6,1,6,0,42,1,1,-1,204,3
6,1,6,0,1,1,1,1,204,1
6,1,6,0,2,1,1,1,204,1
6,1,6,0,4,1,1,1,204,1
6,1,6,0,5,1,1,1,204,2
6,1,6,0,8,1,1,1,204,1
6,1,6,0,9,1,1,1,204,2
6,1,6,0,10,1,1,1,204,2
6,1,6,0,16,1,1,1,204,1
6,1,6,0,17,1,1,1,204,2
6,1,6,0,18,1,1,1,204,2
6,1,6,0,20,1,1,1,204,2
6,1,6,0,21,1,1,1,204,3
6,1,6,0,32,1,1,1,204,1
6,1,6,0,34,1,1,1,204,2
6,1,6,0,36,1,1,1,204,2
6,1,6,0,40,1,1,1,204,2
6,1,6,0,42,1,1,1,204,3
6,1,6,1,0,1,1,1,204,1
6,1,6,1,4,1,1,1,204,2
6,1,6,1,5,1,1,1,204,1
6,1,6,1,8,1,1,1,204,2
6,1,6,1,9,1,1,1,204,1
6,1,6,1,16,1,1,1,204,2
6,1,6,1,17,1,1,1,204,1
6,1,6,1,20,1,1,1,204,3
6,1,6,1,21,1,1,1,204,2
6,1,6,2,0,1,1,1,204,1
6,1,6,2,8,1,1,1,204,2
6,1,6,2,10,1,1,1,204,1
6,1,6,2,16,1,1,1,204,2
6,1,6,2,18,1,1,1,204,1
6,1,6,2,32,1,1,1,204,2
6,1,6,2,34,1,1,1,204,1
6,1,6,2,40,1,1,1,204,3
6,1,6,2,42,1,1,1,204,2
6,1,6,4,0,1,1,1,204,1
6,1,6,4,1,1,1,1,204,2
6,1,6,4,5,1,1,1,204,1
6,1,6,4,16,1,1,1,204,2
6,1,6,4,17,1,1,1,204,3
6,1,6,4,20,1,1,1,204,1
6,1,6,4,21,1,1,1,204,2
6,1,6,4,32,1,1,1,204,2
6,1,6,4,36,1,1,1,204,1
6,1,6,5,0,1,1,1,204,2
6,1,6,5,1,1,1,1,204,1
6,1,6,5,4,1,1,1,204,1
6,1,6,5,16,1,1,1,204,3
6,1,6,5,17,1,1,1,204,2
6,1,6,5,20,1,1,1,204,2
6,1,6,5,21,1,1,1,204,1
6,1,6,8,0,1,1,1,204,1
6,1,6,8,1,1,1,1,204,2
6,1,6,8,2,1,1,1,204,2
6,1,6,8,9,1,1,1,204,1
6,1,6,8,10,1,1,1,204,1
6,1,6,8,32,1,1,1,204,2
6,1,6,8,34,1,1,1,204,3
6,1,6,8,40,1,1,1,204,1
6,1,6,8,42,1,1,1,204,2
6,1,6,9,0,1,1,1,204,2
6,1,6,9,1,1,1,1,204,1
6,1,6,9,8,1,1,1,204,1
6,1,6,10,0,1,1,1,204,2
6,1,6,10,2,1,1,1,204,1
6,1,6,10,8,1,1,1,204,1
6,1,6,10,32,1,1,1,204,3
6,1,6,10,34,1,1,1,204,2
6,1,6,10,40,1,1,1,204,2
6,1,6,10,42,1,1,1,204,1
6,1,6,16,0,1,1,1,204,1
6,1,6,16,1,1,1,1,204,2
6,1,6,16,2,1,1,1,204,2
6,1,6,16,4,1,1,1,204,2
6,1,6,16,5,1,1,1,204,3
6,1,6,16,17,1,1,1,204,1
6,1,6,16,18,1,1,1,204,1
6,1,6,16,20,1,1,1,204,1
6,1,6,16,21,1,1,1,204,2
6,1,6,17,0,1,1,1,204,2
6,1,6,17,1,1,1,1,204,1
6,1,6,17,4,1,1,1,204,3
6,1,6,17,5,1,1,1,204,2
6,1,6,17,16,1,1,1,204,1
6,1,6,17,20,1,1,1,204,2
6,1,6,17,21,1,1,1,204,1
6,1,6,18,0,1,1,1,204,2
6,1,6,18,2,1,1,1,204,1
6,1,6,18,16,1,1,1,204,1
6,1,6,20,0,1,1,1,204,2
6,1,6,20,1,1,1,1,204,3
6,1,6,20,4,1,1,1,204,1
6,1,6,20,5,1,1,1,204,2
6,1,6,20,16,1,1,1,204,1
6,1,6,20,17,1,1,1,204,2
6,1,6,21,0,1,1,-1,204,3
6,1,6,20,21,1,1,1,204,1
6,1,6,21,0,1,1,1,204,3
6,1,6,21,1,1,1,1,204,2
6,1,6,21,4,1,1,1,204,2
6,1,6,21,5,1,1,1,204,1
6,1,6,21,16,1,1,1,204,2
6,1,6,21,17,1,1,1,204,1
6,1,6,21,20,1,1,1,204,1
6,1,6,32,0,1,1,1,204,1
6,1,6,32,2,1,1,1,204,2
6,1,6,32,4,1,1,1,204,2
6,1,6,32,8,1,1,1,204,2
6,1,6,32,10,1,1,1,204,3
6,1,6,32,34,1,1,1,204,1
6,1,6,32,36,1,1,1,204,1
6,1,6,32,40,1,1,1,204,1
6,1,6,32,42,1,1,1,204,2
6,1,6,34,0,1,1,1,204,2
6,1,6,34,2,1,1,1,204,1
6,1,6,34,8,1,1,1,204,3
6,1,6,34,10,1,1,1,204,2
6,1,6,34,32,1,1,1,204,1
6,1,6,34,40,1,1,1,204,2
6,1,6,34,42,1,1,1,204,1
6,1,6,36,0,1,1,1,204,2
6,1,6,36,4,1,1,1,204,1
6,1,6,36,32,1,1,1,204,1
6,1,6,40,0,1,1,1,204,2
6,1,6,40,2,1,1,1,204,3
6,1,6,40,8,1,1,1,204,1
6,1,6,40,10,1,1,1,204,2
6,1,6,40,32,1,1,1,204,1
6,1,6,40,34,1,1,1,204,2
6,1,6,42,0,1,1,-1,204,3
6,1,6,40,42,1,1,1,204,1
6,1,6,42,0,1,1,1,204,3
6,1,6,42,2,1,1,1,204,2
6,1,6,42,8,1,1,1,204,2
6,1,6,42,10,1,1,1,204,1
6,1,6,42,32,1,1,1,204,2
6,1,6,42,34,1,1,1,204,1
6,1,6,42,40,1,1,1,204,1
6,1,6,21,23,2,-2,-2,204,1
6,1,6,21,29,2,-2,-2,204,1
6,1,6,21,31,2,-2,-2,204,2
6,1,6,21,53,2,-2,-2,204,1
6,1,6,21,55,2,-2,-2,204,2
6,1,6,21,61,2,-2,-2,204,2
6,1,6,21,63,2,-2,-2,204,3
6,1,6,21,63,2,-2,0,204,3
6,1,6,21,63,2,-2,2,204,3
6,1,6,23,21,2,-2,-2,204,1
6,1,6,23,29,2,-2,-2,204,2
6,1,6,23,31,2,-2,-2,204,1
6,1,6,23,53,2,-2,-2,204,2
6,1,6,23,55,2,-2,-2,204,1
6,1,6,23,61,2,-2,-2,204,3
6,1,6,23,63,2,-2,-2,204,2
6,1,6,27,31,2,-2,-2,204,1
6,1,6,27,59,2,-2,-2,204,1
6,1,6,27,63,2,-2,-2,204,2
6,1,6,27,63,2,-2,1,204,2
6,1,6,29,21,2,-2,-2,204,1
6,1,6,29,23,2,-2,-2,204,2
6,1,6,29,31,2,-2,-2,204,1
6,1,6,29,53,2,-2,-2,204,2
6,1,6,29,55,2,-2,-2,204,3
6,1,6,29,61,2,-2,-2,204,1
6,1,6,29,63,2,-2,-2,204,2
6,1,6,31,21,2,-2,-2,204,2
6,1,6,31,23,2,-2,-2,204,1
6,1,6,31,27,2,-2,-2,204,1
6,1,6,31,29,2,-2,-2,204,1
6,1,6,31,53,2,-2,-2,204,3
6,1,6,31,55,2,-2,-2,204,2
6,1,6,31,59,2,-2,-2,204,2
6,1,6,31,61,2,-2,-2,204,2
6,1,6,31,63,2,-2,-2,204,1
6,1,6,31,59,2,-2,1,51,2
6,1,6,42,43,2,-2,-2,204,1
6,1,6,42,46,2,-2,-2,204,1
6,1,6,42,47,2,-2,-2,204,2
6,1,6,42,58,2,-2,-2,204,1
6,1,6,42,59,2,-2,-2,204,2
6,1,6,42,62,2,-2,-2,204,2
6,1,6,42,63,2,-2,-2,204,3
6,1,6,43,42,2,-2,-2,204,1
6,1,6,43,46,2,-2,-2,204,2
6,1,6,43,47,2,-2,-2,204,1
6,1,6,43,58,2,-2,-2,204,2
6,1,6,43,59,2,-2,-2,204,1
6,1,6,43,62,2,-2,-2,204,3
6,1,6,43,63,2,-2,-2,204,2
6,1,6,42,63,2,-2,0,204,3
6,1,6,42,63,2,-2,2,204,3
6,1,6,45,47,2,-2,-2,204,1
6,1,6,45,61,2,-2,-2,204,1
6,1,6,45,63,2,-2,-2,204,2
6,1,6,46,42,2,-2,-2,204,1
6,1,6,46,43,2,-2,-2,204,2
6,1,6,45,63,2,-2,1,204,2
6,1,6,46,47,2,-2,-2,204,1
6,1,6,46,58,2,-2,-2,204,2
6,1,6,46,59,2,-2,-2,204,3
6,1,6,46,62,2,-2,-2,204,1
6,1,6,46,63,2,-2,-2,204,2
6,1,6,47,42,2,-2,-2,204,2
6,1,6,47,43,2,-2,-2,204,1
6,1,6,47,45,2,-2,-2,204,1
6,1,6,47,46,2,-2,-2,204,1
6,1,6,47,58,2,-2,-2,204,3
6,1,6,47,59,2,-2,-2,204,2
6,1,6,47,61,2,-2,-2,204,2
6,1,6,47,62,2,-2,-2,204,2
6,1,6,47,63,2,-2,-2,204,1
6,1,6,47,61,2,-2,1,51,2
6,1,6,53,21,2,-2,-2,204,1
6,1,6,53,23,2,-2,-2,204,2
6,1,6,53,29,2,-2,-2,204,2
6,1,6,53,31,2,-2,-2,204,3
6,1,6,53,55,2,-2,-2,204,1
6,1,6,53,61,2,-2,-2,204,1
6,1,6,53,63,2,-2,-2,204,2
6,1,6,54,55,2,-2,-2,204,1
6,1,6,54,62,2,-2,-2,204,1
6,1,6,54,63,2,-2,-2,204,2
6,1,6,55,21,2,-2,-2,204,2
6,1,6,55,23,2,-2,-2,204,1
6,1,6,55,29,2,-2,-2,204,3
6,1,6,55,31,2,-2,-2,204,2
6,1,6,55,53,2,-2,-2,204,1
6,1,6,55,54,2,-2,-2,204,1
6,1,6,55,61,2,-2,-2,204,2
6,1,6,55,62,2,-2,-2,204,2
6,1,6,55,63,2,-2,-2,204,1
6,1,6,54,63,2,-2,1,204,2
6,1,6,55,62,2,-2,1,51,2
6,1,6,58,42,2,-2,-2,204,1
6,1,6,58,43,2,-2,-2,204,2
6,1,6,58,46,2,-2,-2,204,2
6,1,6,58,47,2,-2,-2,204,3
6,1,6,58,59,2,-2,-2,204,1
6,1,6,58,62,2,-2,-2,204,1
6,1,6,58,63,2,-2,-2,204,2
6,1,6,59,27,2,-2,-2,204,1
6,1,6,59,31,2,-2,-2,204,2
6,1,6,59,42,2,-2,-2,204,2
6,1,6,59,43,2,-2,-2,204,1
6,1,6,59,46,2,-2,-2,204,3
6,1,6,59,47,2,-2,-2,204,2
6,1,6,59,58,2,-2,-2,204,1
6,1,6,59,62,2,-2,-2,204,2
6,1,6,59,63,2,-2,-2,204,1
6,1,6,59,31,2,-2,1,51,2
6,1,6,61,21,2,-2,-2,204,2
6,1,6,61,23,2,-2,-2,204,3
6,1,6,61,29,2,-2,-2,204,1
6,1,6,61,31,2,-2,-2,204,2
6,1,6,61,45,2,-2,-2,204,1
6,1,6,61,47,2,-2,-2,204,2
6,1,6,61,53,2,-2,-2,204,1
6,1,6,61,55,2,-2,-2,204,2
6,1,6,61,63,2,-2,-2,204,1
6,1,6,62,42,2,-2,-2,204,2
6,1,6,62,43,2,-2,-2,204,3
6,1,6,62,46,2,-2,-2,204,1
6,1,6,62,47,2,-2,-2,204,2
6,1,6,62,54,2,-2,-2,204,1
6,1,6,62,55,2,-2,-2,204,2
6,1,6,62,58,2,-2,-2,204,1
6,1,6,62,59,2,-2,-2,204,2
6,1,6,61,47,2,-2,1,51,2
6,1,6,62,55,2,-2,1,51,2
6,1,6,62,63,2,-2,-2,204,1
6,1,6,63,21,2,-2,-2,204,3
6,1,6,63,23,2,-2,-2,204,2
6,1,6,63,27,2,-2,-2,204,2
6,1,6,63,29,2,-2,-2,204,2
6,1,6,63,31,2,-2,-2,204,1
6,1,6,63,42,2,-2,-2,204,3
6,1,6,63,43,2,-2,-2,204,2
6,1,6,63,45,2,-2,-2,204,2
6,1,6,63,46,2,-2,-2,204,2
6,1,6,63,47,2,-2,-2,204,1
6,1,6,63,53,2,-2,-2,204,2
6,1,6,63,54,2,-2,-2,204,2
6,1,6,63,55,2,-2,-2,204,1
6,1,6,63,58,2,-2,-2,204,2
6,1,6,63,59,2,-2,-2,204,1
6,1,6,63,61,2,-2,-2,204,1
6,1,6,63,62,2,-2,-2,204,1
6,1,6,63,21,2,-2,0,204,3
6,1,6,63,42,2,-2,0,204,3
6,1,6,63,27,2,-2,1,204,2
6,1,6,63,45,2,-2,1,204,2
6,1,6,63,54,2,-2,1,204,2
6,1,6,63,21,2,-2,2,204,3
6,1,6,63,42,2,-2,2,204,3
6,1,6,21,23,2,-1,-2,170,1
6,1,6,21,29,2,-1,-2,170,1
6,1,6,21,31,2,-1,-2,170,2
6,1,6,21,53,2,-1,-2,170,1
6,1,6,21,55,2,-1,-2,170,2
6,1,6,21,61,2,-1,-2,170,2
6,1,6,21,63,2,-1,-2,170,3
6,1,6,21,63,2,-1,0,170,3
6,1,6,21,63,2,-1,2,170,3
6,1,6,23,21,2,-1,-2,170,1
6,1,6,23,29,2,-1,-2,170,2
6,1,6,23,31,2,-1,-2,170,1
6,1,6,23,53,2,-1,-2,170,2
6,1,6,23,55,2,-1,-2,170,1
6,1,6,23,61,2,-1,-2,170,3
6,1,6,23,63,2,-1,-2,170,2
6,1,6,27,31,2,-1,-2,170,1
6,1,6,27,59,2,-1,-2,170,1
6,1,6,27,63,2,-1,-2,170,2
6,1,6,27,63,2,-1,1,170,2
6,1,6,29,21,2,-1,-2,170,1
6,1,6,29,23,2,-1,-2,170,2
6,1,6,29,31,2,-1,-2,170,1
6,1,6,29,53,2,-1,-2,170,2
6,1,6,29,55,2,-1,-2,170,3
6,1,6,29,61,2,-1,-2,170,1
6,1,6,29,63,2,-1,-2,170,2
6,1,6,31,21,2,-1,-2,170,2
6,1,6,31,23,2,-1,-2,170,1
6,1,6,31,27,2,-1,-2,170,1
6,1,6,31,29,2,-1,-2,170,1
6,1,6,31,53,2,-1,-2,170,3
6,1,6,31,55,2,-1,-2,170,2
6,1,6,31,59,2,-1,-2,170,2
6,1,6,31,61,2,-1,-2,170,2
6,1,6,31,63,2,-1,-2,170,1
6,1,6,31,59,2,-1,1,85,2
6,1,6,42,43,2,-1,-2,170,1
6,1,6,42,46,2,-1,-2,170,1
6,1,6,42,47,2,-1,-2,170,2
6,1,6,42,58,2,-1,-2,170,1
6,1,6,42,59,2,-1,-2,170,2
6,1,6,42,62,2,-1,-2,170,2
6,1,6,42,63,2,-1,-2,170,3
6,1,6,43,42,2,-1,-2,170,1
6,1,6,43,46,2,-1,-2,170,2
6,1,6,43,47,2,-1,-2,170,1
6,1,6,43,58,2,-1,-2,170,2
6,1,6,43,59,2,-1,-2,170,1
6,1,6,43,62,2,-1,-2,170,3
6,1,6,43,63,2,-1,-2,170,2
6,1,6,42,63,2,-1,0,170,3
6,1,6,42,63,2,-1,2,170,3
6,1,6,45,47,2,-1,-2,170,1
6,1,6,45,61,2,-1,-2,170,1
6,1,6,45,63,2,-1,-2,170,2
6,1,6,46,42,2,-1,-2,170,1
6,1,6,46,43,2,-1,-2,170,2
6,1,6,45,63,2,-1,1,170,2
6,1,6,46,47,2,-1,-2,170,1
6,1,6,46,58,2,-1,-2,170,2
6,1,6,46,59,2,-1,-2,170,3
6,1,6,46,62,2,-1,-2,170,1
6,1,6,46,63,2,-1,-2,170,2
6,1,6,47,42,2,-1,-2,170,2
6,1,6,47,43,2,-1,-2,170,1
6,1,6,47,45,2,-1,-2,170,1
6,1,6,47,46,2,-1,-2,170,1
6,1,6,47,58,2,-1,-2,170,3
6,1,6,47,59,2,-1,-2,170,2
6,1,6,47,61,2,-1,-2,170,2
6,1,6,47,62,2,-1,-2,170,2
6,1,6,47,63,2,-1,-2,170,1
6,1,6,47,61,2,-1,1,85,2
6,1,6,53,21,2,-1,-2,170,1
6,1,6,53,23,2,-1,-2,170,2
6,1,6,53,29,2,-1,-2,170,2
6,1,6,53,31,2,-1,-2,170,3
6,1,6,53,55,2,-1,-2,170,1
6,1,6,53,61,2,-1,-2,170,1
6,1,6,53,63,2,-1,-2,170,2
6,1,6,54,55,2,-1,-2,170,1
6,1,6,54,62,2,-1,-2,170,1
6,1,6,54,63,2,-1,-2,170,2
6,1,6,55,21,2,-1,-2,170,2
6,1,6,55,23,2,-1,-2,170,1
6,1,6,55,29,2,-1,-2,170,3
6,1,6,55,31,2,-1,-2,170,2
6,1,6,55,53,2,-1,-2,170,1
6,1,6,55,54,2,-1,-2,170,1
6,1,6,55,61,2,-1,-2,170,2
6,1,6,55,62,2,-1,-2,170,2
6,1,6,55,63,2,-1,-2,170,1
6,1,6,54,63,2,-1,1,170,2
6,1,6,55,62,2,-1,1,85,2
6,1,6,58,42,2,-1,-2,170,1
6,1,6,58,43,2,-1,-2,170,2
6,1,6,58,46,2,-1,-2,170,2
6,1,6,58,47,2,-1,-2,170,3
6,1,6,58,59,2,-1,-2,170,1
6,1,6,58,62,2,-1,-2,170,1
6,1,6,58,63,2,-1,-2,170,2
6,1,6,59,27,2,-1,-2,170,1
6,1,6,59,31,2,-1,-2,170,2
6,1,6,59,42,2,-1,-2,170,2
6,1,6,59,43,2,-1,-2,170,1
6,1,6,59,46,2,-1,-2,170,3
6,1,6,59,47,2,-1,-2,170,2
6,1,6,59,58,2,-1,-2,170,1
6,1,6,59,62,2,-1,-2,170,2
6,1,6,59,63,2,-1,-2,170,1
6,1,6,59,31,2,-1,1,85,2
6,1,6,61,21,2,-1,-2,170,2
6,1,6,61,23,2,-1,-2,170,3
6,1,6,61,29,2,-1,-2,170,1
6,1,6,61,31,2,-1,-2,170,2
6,1,6,61,45,2,-1,-2,170,1
6,1,6,61,47,2,-1,-2,170,2
6,1,6,61,53,2,-1,-2,170,1
6,1,6,61,55,2,-1,-2,170,2
6,1,6,61,63,2,-1,-2,170,1
6,1,6,62,42,2,-1,-2,170,2
6,1,6,62,43,2,-1,-2,170,3
6,1,6,62,46,2,-1,-2,170,1
6,1,6,62,47,2,-1,-2,170,2
6,1,6,62,54,2,-1,-2,170,1
6,1,6,62,55,2,-1,-2,170,2
6,1,6,62,58,2,-1,-2,170,1
6,1,6,62,59,2,-1,-2,170,2
6,1,6,61,47,2,-1,1,85,2
6,1,6,62,55,2,-1,1,85,2
6,1,6,62,63,2,-1,-2,170,1
6,1,6,63,21,2,-1,-2,170,3
6,1,6,63,23,2,-1,-2,170,2
6,1,6,63,27,2,-1,-2,170,2
6,1,6,63,29,2,-1,-2,170,2
6,1,6,63,31,2,-1,-2,170,1
6,1,6,63,42,2,-1,-2,170,3
6,1,6,63,43,2,-1,-2,170,2
6,1,6,63,45,2,-1,-2,170,2
6,1,6,63,46,2,-1,-2,170,2
6,1,6,63,47,2,-1,-2,170,1
6,1,6,63,53,2,-1,-2,170,2
6,1,6,63,54,2,-1,-2,170,2
6,1,6,63,55,2,-1,-2,170,1
6,1,6,63,58,2,-1,-2,170,2
6,1,6,63,59,2,-1,-2,170,1
6,1,6,63,61,2,-1,-2,170,1
6,1,6,63,62,2,-1,-2,170,1
6,1,6,63,21,2,-1,0,170,3
6,1,6,63,42,2,-1,0,170,3
6,1,6,63,27,2,-1,1,170,2
6,1,6,63,45,2,-1,1,170,2
6,1,6,63,54,2,-1,1,170,2
6,1,6,63,21,2,-1,2,170,3
6,1,6,63,42,2,-1,2,170,3
6,1,6,0,21,2,1,-2,240,3
6,1,6,0,42,2,1,-2,240,3
6,1,6,0,9,2,1,-1,240,2
6,1,6,0,18,2,1,-1,240,2
6,1,6,0,36,2,1,-1,240,2
6,1,6,1,8,2,1,-1,15,2
6,1,6,0,21,2,1,0,240,3
6,1,6,0,42,2,1,0,240,3
6,1,6,0,1,2,1,2,240,1
6,1,6,0,2,2,1,2,240,1
6,1,6,0,4,2,1,2,240,1
6,1,6,0,5,2,1,2,240,2
6,1,6,0,8,2,1,2,240,1
6,1,6,0,9,2,1,2,240,2
6,1,6,0,10,2,1,2,240,2
6,1,6,0,16,2,1,2,240,1
6,1,6,0,17,2,1,2,240,2
6,1,6,0,18,2,1,2,240,2
6,1,6,0,20,2,1,2,240,2
6,1,6,0,21,2,1,2,240,3
6,1,6,0,32,2,1,2,240,1
6,1,6,0,34,2,1,2,240,2
6,1,6,0,36,2,1,2,240,2
6,1,6,0,40,2,1,2,240,2
6,1,6,0,42,2,1,2,240,3
6,1,6,1,0,2,1,2,240,1
6,1,6,1,4,2,1,2,240,2
6,1,6,1,5,2,1,2,240,1
6,1,6,1,8,2,1,2,240,2
6,1,6,1,9,2,1,2,240,1
6,1,6,1,16,2,1,2,240,2
6,1,6,1,17,2,1,2,240,1
6,1,6,1,20,2,1,2,240,3
6,1,6,1,21,2,1,2,240,2
6,1,6,2,0,2,1,2,240,1
6,1,6,2,16,2,1,-1,15,2
6,1,6,2,8,2,1,2,240,2
6,1,6,2,10,2,1,2,240,1
6,1,6,2,16,2,1,2,240,2
6,1,6,2,18,2,1,2,240,1
6,1,6,2,32,2,1,2,240,2
6,1,6,2,34,2,1,2,240,1
6,1,6,2,40,2,1,2,240,3
6,1,6,2,42,2,1,2,240,2
6,1,6,4,0,2,1,2,240,1
6,1,6,4,1,2,1,2,240,2
6,1,6,4,32,2,1,-1,15,2
6,1,6,4,5,2,1,2,240,1
6,1,6,4,16,2,1,2,240,2
6,1,6,4,17,2,1,2,240,3
6,1,6,4,20,2,1,2,240,1
6,1,6,4,21,2,1,2,240,2
6,1,6,4,32,2,1,2,240,2
6,1,6,4,36,2,1,2,240,1
6,1,6,5,0,2,1,2,240,2
6,1,6,5,1,2,1,2,240,1
6,1,6,5,4,2,1,2,240,1
6,1,6,5,16,2,1,2,240,3
6,1,6,5,17,2,1,2,240,2
6,1,6,5,20,2,1,2,240,2
6,1,6,5,21,2,1,2,240,1
6,1,6,8,1,2,1,-1,15,2
6,1,6,8,0,2,1,2,240,1
6,1,6,8,1,2,1,2,240,2
6,1,6,8,2,2,1,2,240,2
6,1,6,9,0,2,1,-1,240,2
6,1,6,8,9,2,1,2,240,1
6,1,6,8,10,2,1,2,240,1
6,1,6,8,32,2,1,2,240,2
6,1,6,8,34,2,1,2,240,3
6,1,6,8,40,2,1,2,240,1
6,1,6,8,42,2,1,2,240,2
6,1,6,9,0,2,1,2,240,2
6,1,6,9,1,2,1,2,240,1
6,1,6,9,8,2,1,2,240,1
6,1,6,10,0,2,1,2,240,2
6,1,6,10,2,2,1,2,240,1
6,1,6,10,8,2,1,2,240,1
6,1,6,10,32,2,1,2,240,3
6,1,6,10,34,2,1,2,240,2
6,1,6,10,40,2,1,2,240,2
6,1,6,10,42,2,1,2,240,1
6,1,6,16,2,2,1,-1,15,2
6,1,6,16,0,2,1,2,240,1
6,1,6,16,1,2,1,2,240,2
6,1,6,16,2,2,1,2,240,2
6,1,6,16,4,2,1,2,240,2
6,1,6,16,5,2,1,2,240,3
6,1,6,18,0,2,1,-1,240,2
6,1,6,16,17,2,1,2,240,1
6,1,6,16,18,2,1,2,240,1
6,1,6,16,20,2,1,2,240,1
6,1,6,16,21,2,1,2,240,2
6,1,6,17,0,2,1,2,240,2
6,1,6,17,1,2,1,2,240,1
6,1,6,17,4,2,1,2,240,3
6,1,6,17,5,2,1,2,240,2
6,1,6,17,16,2,1,2,240,1
6,1,6,17,20,2,1,2,240,2
6,1,6,17,21,2,1,2,240,1
6,1,6,18,0,2,1,2,240,2
6,1,6,18,2,2,1,2,240,1
6,1,6,18,16,2,1,2,240,1
6,1,6,20,0,2,1,2,240,2
6,1,6,20,1,2,1,2,240,3
6,1,6,20,4,2,1,2,240,1
6,1,6,20,5,2,1,2,240,2
6,1,6,20,16,2,1,2,240,1
6,1,6,20,17,2,1,2,240,2
6,1,6,21,0,2,1,-2,240,3
6,1,6,21,0,2,1,0,240,3
6,1,6,20,21,2,1,2,240,1
6,1,6,21,0,2,1,2,240,3
6,1,6,21,1,2,1,2,240,2
6,1,6,21,4,2,1,2,240,2
6,1,6,21,5,2,1,2,240,1
6,1,6,21,16,2,1,2,240,2
6,1,6,21,17,2,1,2,240,1
6,1,6,21,20,2,1,2,240,1
6,1,6,32,4,2,1,-1,15,2
6,1,6,32,0,2,1,2,240,1
6,1,6,32,2,2,1,2,240,2
6,1,6,32,4,2,1,2,240,2
6,1,6,32,8,2,1,2,240,2
6,1,6,32,10,2,1,2,240,3
6,1,6,32,34,2,1,2,240,1
6,1,6,32,36,2,1,2,240,1
6,1,6,32,40,2,1,2,240,1
6,1,6,32,42,2,1,2,240,2
6,1,6,34,0,2,1,2,240,2
6,1,6,34,2,2,1,2,240,1
6,1,6,34,8,2,1,2,240,3
6,1,6,34,10,2,1,2,240,2
6,1,6,34,32,2,1,2,240,1
6,1,6,36,0,2,1,-1,240,2
6,1,6,34,40,2,1,2,240,2
6,1,6,34,42,2,1,2,240,1
6,1,6,36,0,2,1,2,240,2
6,1,6,36,4,2,1,2,240,1
6,1,6,36,32,2,1,2,240,1
6,1,6,40,0,2,1,2,240,2
6,1,6,40,2,2,1,2,240,3
6,1,6,40,8,2,1,2,240,1
6,1,6,40,10,2,1,2,240,2
6,1,6,40,32,2,1,2,240,1
6,1,6,40,34,2,1,2,240,2
6,1,6,42,0,2,1,-2,240,3
6,1,6,42,0,2,1,0,240,3
6,1,6,40,42,2,1,2,240,1
6,1,6,42,0,2,1,2,240,3
6,1,6,42,2,2,1,2,240,2
6,1,6,42,8,2,1,2,240,2
6,1,6,42,10,2,1,2,240,1
6,1,6,42,32,2,1,2,240,2
6,1,6,42,34,2,1,2,240,1
6,1,6,42,40,2,1,2,240,1
6,1,6,0,21,2,2,-2,204,3
6,1,6,0,42,2,2,-2,204,3
6,1,6,0,9,2,2,-1,204,2
6,1,6,0,18,2,2,-1,204,2
6,1,6,0,36,2,2,-1,204,2
6,1,6,1,8,2,2,-1,51,2
6,1,6,0,21,2,2,0,204,3
6,1,6,0,42,2,2,0,204,3
6,1,6,0,1,2,2,2,204,1
6,1,6,0,2,2,2,2,204,1
6,1,6,0,4,2,2,2,204,1
6,1,6,0,5,2,2,2,204,2
6,1,6,0,8,2,2,2,204,1
6,1,6,0,9,2,2,2,204,2
6,1,6,0,10,2,2,2,204,2
6,1,6,0,16,2,2,2,204,1
6,1,6,0,17,2,2,2,204,2
6,1,6,0,18,2,2,2,204,2
6,1,6,0,20,2,2,2,204,2
6,1,6,0,21,2,2,2,204,3
6,1,6,0,32,2,2,2,204,1
6,1,6,0,34,2,2,2,204,2
6,1,6,0,36,2,2,2,204,2
6,1,6,0,40,2,2,2,204,2
6,1,6,0,42,2,2,2,204,3
6,1,6,1,0,2,2,2,204,1
6,1,6,1,4,2,2,2,204,2
6,1,6,1,5,2,2,2,204,1
6,1,6,1,8,2,2,2,204,2
6,1,6,1,9,2,2,2,204,1
6,1,6,1,16,2,2,2,204,2
6,1,6,1,17,2,2,2,204,1
6,1,6,1,20,2,2,2,204,3
6,1,6,1,21,2,2,2,204,2
6,1,6,2,0,2,2,2,204,1
6,1,6,2,16,2,2,-1,51,2
6,1,6,2,8,2,2,2,204,2
6,1,6,2,10,2,2,2,204,1
6,1,6,2,16,2,2,2,204,2
6,1,6,2,18,2,2,2,204,1
6,1,6,2,32,2,2,2,204,2
6,1,6,2,34,2,2,2,204,1
6,1,6,2,40,2,2,2,204,3
6,1,6,2,42,2,2,2,204,2
6,1,6,4,0,2,2,2,204,1
6,1,6,4,1,2,2,2,204,2
6,1,6,4,32,2,2,-1,51,2
6,1,6,4,5,2,2,2,204,1
6,1,6,4,16,2,2,2,204,2
6,1,6,4,17,2,2,2,204,3
6,1,6,4,20,2,2,2,204,1
6,1,6,4,21,2,2,2,204,2
6,1,6,4,32,2,2,2,204,2
6,1,6,4,36,2,2,2,204,1
6,1,6,5,0,2,2,2,204,2
6,1,6,5,1,2,2,2,204,1
6,1,6,5,4,2,2,2,204,1
6,1,6,5,16,2,2,2,204,3
6,1,6,5,17,2,2,2,204,2
6,1,6,5,20,2,2,2,204,2
6,1,6,5,21,2,2,2,204,1
6,1,6,8,1,2,2,-1,51,2
6,1,6,8,0,2,2,2,204,1
6,1,6,8,1,2,2,2,204,2
6,1,6,8,2,2,2,2,204,2
6,1,6,9,0,2,2,-1,204,2
6,1,6,8,9,2,2,2,204,1
6,1,6,8,10,2,2,2,204,1
6,1,6,8,32,2,2,2,204,2
6,1,6,8,34,2,2,2,204,3
6,1,6,8,40,2,2,2,204,1
6,1,6,8,42,2,2,2,204,2
6,1,6,9,0,2,2,2,204,2
6,1,6,9,1,2,2,2,204,1
6,1,6,9,8,2,2,2,204,1
6,1,6,10,0,2,2,2,204,2
6,1,6,10,2,2,2,2,204,1
6,1,6,10,8,2,2,2,204,1
6,1,6,10,32,2,2,2,204,3
6,1,6,10,34,2,2,2,204,2
6,1,6,10,40,2,2,2,204,2
6,1,6,10,42,2,2,2,204,1
6,1,6,16,2,2,2,-1,51,2
6,1,6,16,0,2,2,2,204,1
6,1,6,16,1,2,2,2,204,2
6,1,6,16,2,2,2,2,204,2
6,1,6,16,4,2,2,2,204,2
6,1,6,16,5,2,2,2,204,3
6,1,6,18,0,2,2,-1,204,2
6,1,6,16,17,2,2,2,204,1
6,1,6,16,18,2,2,2,204,1
6,1,6,16,20,2,2,2,204,1
6,1,6,16,21,2,2,2,204,2
6,1,6,17,0,2,2,2,204,2
6,1,6,17,1,2,2,2,204,1
6,1,6,17,4,2,2,2,204,3
6,1,6,17,5,2,2,2,204,2
6,1,6,17,16,2,2,2,204,1
6,1,6,17,20,2,2,2,204,2
6,1,6,17,21,2,2,2,204,1
6,1,6,18,0,2,2,2,204,2
6,1,6,18,2,2,2,2,204,1
6,1,6,18,16,2,2,2,204,1
6,1,6,20,0,2,2,2,204,2
6,1,6,20,1,2,2,2,204,3
6,1,6,20,4,2,2,2,204,1
6,1,6,20,5,2,2,2,204,2
6,1,6,20,16,2,2,2,204,1
6,1,6,20,17,2,2,2,204,2
6,1,6,21,0,2,2,-2,204,3
6,1,6,21,0,2,2,0,204,3
6,1,6,20,21,2,2,2,204,1
6,1,6,21,0,2,2,2,204,3
6,1,6,21,1,2,2,2,204,2
6,1,6,21,4,2,2,2,204,2
6,1,6,21,5,2,2,2,204,1
6,1,6,21,16,2,2,2,204,2
6,1,6,21,17,2,2,2,204,1
6,1,6,21,20,2,2,2,204,1
6,1,6,32,4,2,2,-1,51,2
6,1,6,32,0,2,2,2,204,1
6,1,6,32,2,2,2,2,204,2
6,1,6,32,4,2,2,2,204,2
6,1,6,32,8,2,2,2,204,2
6,1,6,32,10,2,2,2,204,3
6,1,6,32,34,2,2,2,204,1
6,1,6,32,36,2,2,2,204,1
6,1,6,32,40,2,2,2,204,1
6,1,6,32,42,2,2,2,204,2
6,1,6,34,0,2,2,2,204,2
6,1,6,34,2,2,2,2,204,1
6,1,6,34,8,2,2,2,204,3
6,1,6,34,10,2,2,2,204,2
6,1,6,34,32,2,2,2,204,1
6,1,6,36,0,2,2,-1,204,2
6,1,6,34,40,2,2,2,204,2
6,1,6,34,42,2,2,2,204,1
6,1,6,36,0,2,2,2,204,2
6,1,6,36,4,2,2,2,204,1
6,1,6,36,32,2,2,2,204,1
6,1,6,40,0,2,2,2,204,2
6,1,6,40,2,2,2,2,204,3
6,1,6,40,8,2,2,2,204,1
6,1,6,40,10,2,2,2,204,2
6,1,6,40,32,2,2,2,204,1
6,1,6,40,34,2,2,2,204,2
6,1,6,42,0,2,2,-2,204,3
6,1,6,42,0,2,2,0,204,3
6,1,6,40,42,2,2,2,204,1
6,1,6,42,0,2,2,2,204,3
6,1,6,42,2,2,2,2,204,2
6,1,6,42,8,2,2,2,204,2
6,1,6,42,10,2,2,2,204,1
6,1,6,42,32,2,2,2,204,2
6,1,6,42,34,2,2,2,204,1
6,1,6,42,40,2,2,2,204,1
6,1,6,21,23,3,-3,-3,204,1
6,1,6,21,29,3,-3,-3,204,1
6,1,6,21,31,3,-3,-3,204,2
6,1,6,21,53,3,-3,-3,204,1
6,1,6,21,55,3,-3,-3,204,2
6,1,6,21,61,3,-3,-3,204,2
6,1,6,21,63,3,-3,-3,204,3
6,1,6,21,63,3,-3,-1,204,3
6,1,6,21,63,3,-3,1,204,3
6,1,6,23,21,3,-3,-3,204,1
6,1,6,23,29,3,-3,-3,204,2
6,1,6,23,31,3,-3,-3,204,1
6,1,6,23,53,3,-3,-3,204,2
6,1,6,23,55,3,-3,-3,204,1
6,1,6,23,61,3,-3,-3,204,3
6,1,6,23,63,3,-3,-3,204,2
6,1,6,27,31,3,-3,-3,204,1
6,1,6,27,59,3,-3,-3,204,1
6,1,6,27,63,3,-3,-3,204,2
6,1,6,27,63,3,-3,0,204,2
6,1,6,29,21,3,-3,-3,204,1
6,1,6,29,23,3,-3,-3,204,2
6,1,6,29,31,3,-3,-3,204,1
6,1,6,29,53,3,-3,-3,204,2
6,1,6,29,55,3,-3,-3,204,3
6,1,6,29,61,3,-3,-3,204,1
6,1,6,29,63,3,-3,-3,204,2
6,1,6,31,21,3,-3,-3,204,2
6,1,6,31,23,3,-3,-3,204,1
6,1,6,31,27,3,-3,-3,204,1
6,1,6,31,29,3,-3,-3,204,1
6,1,6,31,53,3,-3,-3,204,3
6,1,6,31,55,3,-3,-3,204,2
6,1,6,31,59,3,-3,-3,204,2
6,1,6,31,61,3,-3,-3,204,2
6,1,6,31,63,3,-3,-3,204,1
6,1,6,31,59,3,-3,0,51,2
6,1,6,42,43,3,-3,-3,204,1
6,1,6,42,46,3,-3,-3,204,1
6,1,6,42,47,3,-3,-3,204,2
6,1,6,42,58,3,-3,-3,204,1
6,1,6,42,59,3,-3,-3,204,2
6,1,6,42,62,3,-3,-3,204,2
6,1,6,42,63,3,-3,-3,204,3
6,1,6,43,42,3,-3,-3,204,1
6,1,6,43,46,3,-3,-3,204,2
6,1,6,43,47,3,-3,-3,204,1
6,1,6,43,58,3,-3,-3,204,2
6,1,6,43,59,3,-3,-3,204,1
6,1,6,43,62,3,-3,-3,204,3
6,1,6,43,63,3,-3,-3,204,2
6,1,6,42,63,3,-3,-1,204,3
6,1,6,42,63,3,-3,1,204,3
6,1,6,45,47,3,-3,-3,204,1
6,1,6,45,61,3,-3,-3,204,1
6,1,6,45,63,3,-3,-3,204,2
6,1,6,46,42,3,-3,-3,204,1
6,1,6,46,43,3,-3,-3,204,2
6,1,6,45,63,3,-3,0,204,2
6,1,6,46,47,3,-3,-3,204,1
6,1,6,46,58,3,-3,-3,204,2
6,1,6,46,59,3,-3,-3,204,3
6,1,6,46,62,3,-3,-3,204,1
6,1,6,46,63,3,-3,-3,204,2
6,1,6,47,42,3,-3,-3,204,2
6,1,6,47,43,3,-3,-3,204,1
6,1,6,47,45,3,-3,-3,204,1
6,1,6,47,46,3,-3,-3,204,1
6,1,6,47,58,3,-3,-3,204,3
6,1,6,47,59,3,-3,-3,204,2
6,1,6,47,61,3,-3,-3,204,2
6,1,6,47,62,3,-3,-3,204,2
6,1,6,47,63,3,-3,-3,204,1
6,1,6,47,61,3,-3,0,51,2
6,1,6,53,21,3,-3,-3,204,1
6,1,6,53,23,3,-3,-3,204,2
6,1,6,53,29,3,-3,-3,204,2
6,1,6,53,31,3,-3,-3,204,3
6,1,6,53,55,3,-3,-3,204,1
6,1,6,53,61,3,-3,-3,204,1
6,1,6,53,63,3,-3,-3,204,2
6,1,6,54,55,3,-3,-3,204,1
6,1,6,54,62,3,-3,-3,204,1
6,1,6,54,63,3,-3,-3,204,2
6,1,6,55,21,3,-3,-3,204,2
6,1,6,55,23,3,-3,-3,204,1
6,1,6,55,29,3,-3,-3,204,3
6,1,6,55,31,3,-3,-3,204,2
6,1,6,55,53,3,-3,-3,204,1
6,1,6,55,54,3,-3,-3,204,1
6,1,6,55,61,3,-3,-3,204,2
6,1,6,55,62,3,-3,-3,204,2
6,1,6,55,63,3,-3,-3,204,1
6,1,6,54,63,3,-3,0,204,2
6,1,6,55,62,3,-3,0,51,2
6,1,6,58,42,3,-3,-3,204,1
6,1,6,58,43,3,-3,-3,204,2
6,1,6,58,46,3,-3,-3,204,2
6,1,6,58,47,3,-3,-3,204,3
6,1,6,58,59,3,-3,-3,204,1
6,1,6,58,62,3,-3,-3,204,1
6,1,6,58,63,3,-3,-3,204,2
6,1,6,59,27,3,-3,-3,204,1
6,1,6,59,31,3,-3,-3,204,2
6,1,6,59,42,3,-3,-3,204,2
6,1,6,59,43,3,-3,-3,204,1
6,1,6,59,46,3,-3,-3,204,3
6,1,6,59,47,3,-3,-3,204,2
6,1,6,59,58,3,-3,-3,204,1
6,1,6,59,62,3,-3,-3,204,2
6,1,6,59,63,3,-3,-3,204,1
6,1,6,59,31,3,-3,0,51,2
6,1,6,61,21,3,-3,-3,204,2
6,1,6,61,23,3,-3,-3,204,3
6,1,6,61,29,3,-3,-3,204,1
6,1,6,61,31,3,-3,-3,204,2
6,1,6,61,45,3,-3,-3,204,1
6,1,6,61,47,3,-3,-3,204,2
6,1,6,61,53,3,-3,-3,204,1
6,1,6,61,55,3,-3,-3,204,2
6,1,6,61,63,3,-3,-3,204,1
6,1,6,62,42,3,-3,-3,204,2
6,1,6,62,43,3,-3,-3,204,3
6,1,6,62,46,3,-3,-3,204,1
6,1,6,62,47,3,-3,-3,204,2
6,1,6,62,54,3,-3,-3,204,1
6,1,6,62,55,3,-3,-3,204,2
6,1,6,62,58,3,-3,-3,204,1
6,1,6,62,59,3,-3,-3,204,2
6,1,6,61,47,3,-3,0,51,2
6,1,6,62,55,3,-3,0,51,2
6,1,6,62,63,3,-3,-3,204,1
6,1,6,63,21,3,-3,-3,204,3
6,1,6,63,23,3,-3,-3,204,2
6,1,6,63,27,3,-3,-3,204,2
6,1,6,63,29,3,-3,-3,204,2
6,1,6,63,31,3,-3,-3,204,1
6,1,6,63,42,3,-3,-3,204,3
6,1,6,63,43,3,-3,-3,204,2
6,1,6,63,45,3,-3,-3,204,2
6,1,6,63,46,3,-3,-3,204,2
6,1,6,63,47,3,-3,-3,204,1
6,1,6,63,53,3,-3,-3,204,2
6,1,6,63,54,3,-3,-3,204,2
6,1,6,63,55,3,-3,-3,204,1
6,1,6,63,58,3,-3,-3,204,2
6,1,6,63,59,3,-3,-3,204,1
6,1,6,63,61,3,-3,-3,204,1
6,1,6,63,62,3,-3,-3,204,1
6,1,6,63,21,3,-3,-1,204,3
6,1,6,63,42,3,-3,-1,204,3
6,1,6,63,27,3,-3,0,204,2
6,1,6,63,45,3,-3,0,204,2
6,1,6,63,54,3,-3,0,204,2
6,1,6,63,21,3,-3,1,204,3
6,1,6,63,42,3,-3,1,204,3
6,1,6,21,23,3,-2,-3,170,1
6,1,6,21,29,3,-2,-3,170,1
6,1,6,21,31,3,-2,-3,170,2
6,1,6,21,53,3,-2,-3,170,1
6,1,6,21,55,3,-2,-3,170,2
6,1,6,21,61,3,-2,-3,170,2
6,1,6,21,63,3,-2,-3,170,3
6,1,6,21,63,3,-2,-1,170,3
6,1,6,21,63,3,-2,1,170,3
6,1,6,23,21,3,-2,-3,170,1
6,1,6,23,29,3,-2,-3,170,2
6,1,6,23,31,3,-2,-3,170,1
6,1,6,23,53,3,-2,-3,170,2
6,1,6,23,55,3,-2,-3,170,1
6,1,6,23,61,3,-2,-3,170,3
6,1,6,23,63,3,-2,-3,170,2
6,1,6,27,31,3,-2,-3,170,1
6,1,6,27,59,3,-2,-3,170,1
6,1,6,27,63,3,-2,-3,170,2
6,1,6,27,63,3,-2,0,170,2
6,1,6,29,21,3,-2,-3,170,1
6,1,6,29,23,3,-2,-3,170,2
6,1,6,29,31,3,-2,-3,170,1
6,1,6,29,53,3,-2,-3,170,2
6,1,6,29,55,3,-2,-3,170,3
6,1,6,29,61,3,-2,-3,170,1
6,1,6,29,63,3,-2,-3,170,2
6,1,6,31,21,3,-2,-3,170,2
6,1,6,31,23,3,-2,-3,170,1
6,1,6,31,27,3,-2,-3,170,1
6,1,6,31,29,3,-2,-3,170,1
6,1,6,31,53,3,-2,-3,170,3
6,1,6,31,55,3,-2,-3,170,2
6,1,6,31,59,3,-2,-3,170,2
6,1,6,31,61,3,-2,-3,170,2
6,1,6,31,63,3,-2,-3,170,1
6,1,6,31,59,3,-2,0,85,2
6,1,6,42,43,3,-2,-3,170,1
6,1,6,42,46,3,-2,-3,170,1
6,1,6,42,47,3,-2,-3,170,2
6,1,6,42,58,3,-2,-3,170,1
6,1,6,42,59,3,-2,-3,170,2
6,1,6,42,62,3,-2,-3,170,2
6,1,6,42,63,3,-2,-3,170,3
6,1,6,43,42,3,-2,-3,170,1
6,1,6,43,46,3,-2,-3,170,2
6,1,6,43,47,3,-2,-3,170,1
6,1,6,43,58,3,-2,-3,170,2
6,1,6,43,59,3,-2,-3,170,1
6,1,6,43,62,3,-2,-3,170,3
6,1,6,43,63,3,-2,-3,170,2
6,1,6,42,63,3,-2,-1,170,3
6,1,6,42,63,3,-2,1,170,3
6,1,6,45,47,3,-2,-3,170,1
6,1,6,45,61,3,-2,-3,170,1
6,1,6,45,63,3,-2,-3,170,2
6,1,6,46,42,3,-2,-3,170,1
6,1,6,46,43,3,-2,-3,170,2
6,1,6,45,63,3,-2,0,170,2
6,1,6,46,47,3,-2,-3,170,1
6,1,6,46,58,3,-2,-3,170,2
6,1,6,46,59,3,-2,-3,170,3
6,1,6,46,62,3,-2,-3,170,1
6,1,6,46,63,3,-2,-3,170,2
6,1,6,47,42,3,-2,-3,170,2
6,1,6,47,43,3,-2,-3,170,1
6,1,6,47,45,3,-2,-3,170,1
6,1,6,47,46,3,-2,-3,170,1
6,1,6,47,58,3,-2,-3,170,3
6,1,6,47,59,3,-2,-3,170,2
6,1,6,47,61,3,-2,-3,170,2
6,1,6,47,62,3,-2,-3,170,2
6,1,6,47,63,3,-2,-3,170,1
6,1,6,47,61,3,-2,0,85,2
6,1,6,53,21,3,-2,-3,170,1
6,1,6,53,23,3,-2,-3,170,2
6,1,6,53,29,3,-2,-3,170,2
6,1,6,53,31,3,-2,-3,170,3
6,1,6,53,55,3,-2,-3,170,1
6,1,6,53,61,3,-2,-3,170,1
6,1,6,53,63,3,-2,-3,170,2
6,1,6,54,55,3,-2,-3,170,1
6,1,6,54,62,3,-2,-3,170,1
6,1,6,54,63,3,-2,-3,170,2
6,1,6,55,21,3,-2,-3,170,2
6,1,6,55,23,3,-2,-3,170,1
6,1,6,55,29,3,-2,-3,170,3
6,1,6,55,31,3,-2,-3,170,2
6,1,6,55,53,3,-2,-3,170,1
6,1,6,55,54,3,-2,-3,170,1
6,1,6,55,61,3,-2,-3,170,2
6,1,6,55,62,3,-2,-3,170,2
6,1,6,55,63,3,-2,-3,170,1
6,1,6,54,63,3,-2,0,170,2
6,1,6,55,62,3,-2,0,85,2
6,1,6,58,42,3,-2,-3,170,1
6,1,6,58,43,3,-2,-3,170,2
6,1,6,58,46,3,-2,-3,170,2
6,1,6,58,47,3,-2,-3,170,3
6,1,6,58,59,3,-2,-3,170,1
6,1,6,58,62,3,-2,-3,170,1
6,1,6,58,63,3,-2,-3,170,2
6,1,6,59,27,3,-2,-3,170,1
6,1,6,59,31,3,-2,-3,170,2
6,1,6,59,42,3,-2,-3,170,2
6,1,6,59,43,3,-2,-3,170,1
6,1,6,59,46,3,-2,-3,170,3
6,1,6,59,47,3,-2,-3,170,2
6,1,6,59,58,3,-2,-3,170,1
6,1,6,59,62,3,-2,-3,170,2
6,1,6,59,63,3,-2,-3,170,1
6,1,6,59,31,3,-2,0,85,2
6,1,6,61,21,3,-2,-3,170,2
6,1,6,61,23,3,-2,-3,170,3
6,1,6,61,29,3,-2,-3,170,1
6,1,6,61,31,3,-2,-3,170,2
6,1,6,61,45,3,-2,-3,170,1
6,1,6,61,47,3,-2,-3,170,2
6,1,6,61,53,3,-2,-3,170,1
6,1,6,61,55,3,-2,-3,170,2
6,1,6,61,63,3,-2,-3,170,1
6,1,6,62,42,3,-2,-3,170,2
6,1,6,62,43,3,-2,-3,170,3
6,1,6,62,46,3,-2,-3,170,1
6,1,6,62,47,3,-2,-3,170,2
6,1,6,62,54,3,-2,-3,170,1
6,1,6,62,55,3,-2,-3,170,2
6,1,6,62,58,3,-2,-3,170,1
6,1,6,62,59,3,-2,-3,170,2
6,1,6,61,47,3,-2,0,85,2
6,1,6,62,55,3,-2,0,85,2
6,1,6,62,63,3,-2,-3,170,1
6,1,6,63,21,3,-2,-3,170,3
6,1,6,63,23,3,-2,-3,170,2
6,1,6,63,27,3,-2,-3,170,2
6,1,6,63,29,3,-2,-3,170,2
6,1,6,63,31,3,-2,-3,170,1
6,1,6,63,42,3,-2,-3,170,3
6,1,6,63,43,3,-2,-3,170,2
6,1,6,63,45,3,-2,-3,170,2
6,1,6,63,46,3,-2,-3,170,2
6,1,6,63,47,3,-2,-3,170,1
6,1,6,63,53,3,-2,-3,170,2
6,1,6,63,54,3,-2,-3,170,2
6,1,6,63,55,3,-2,-3,170,1
6,1,6,63,58,3,-2,-3,170,2
6,1,6,63,59,3,-2,-3,170,1
6,1,6,63,61,3,-2,-3,170,1
6,1,6,63,62,3,-2,-3,170,1
6,1,6,63,21,3,-2,-1,170,3
6,1,6,63,42,3,-2,-1,170,3
6,1,6,63,27,3,-2,0,170,2
6,1,6,63,45,3,-2,0,170,2
6,1,6,63,54,3,-2,0,170,2
6,1,6,63,21,3,-2,1,170,3
6,1,6,63,42,3,-2,1,170,3
6,1,6,0,1,3,2,-3,240,1
6,1,6,0,2,3,2,-3,240,1
6,1,6,0,4,3,2,-3,240,1
6,1,6,0,5,3,2,-3,240,2
6,1,6,0,8,3,2,-3,240,1
6,1,6,0,9,3,2,-3,240,2
6,1,6,0,10,3,2,-3,240,2
6,1,6,0,16,3,2,-3,240,1
6,1,6,0,17,3,2,-3,240,2
6,1,6,0,18,3,2,-3,240,2
6,1,6,0,20,3,2,-3,240,2
6,1,6,0,21,3,2,-3,240,3
6,1,6,0,32,3,2,-3,240,1
6,1,6,0,34,3,2,-3,240,2
6,1,6,0,36,3,2,-3,240,2
6,1,6,0,40,3,2,-3,240,2
6,1,6,0,42,3,2,-3,240,3
6,1,6,1,0,3,2,-3,240,1
6,1,6,1,4,3,2,-3,240,2
6,1,6,1,5,3,2,-3,240,1
6,1,6,1,8,3,2,-3,240,2
6,1,6,1,9,3,2,-3,240,1
6,1,6,1,16,3,2,-3,240,2
6,1,6,1,17,3,2,-3,240,1
6,1,6,1,20,3,2,-3,240,3
6,1,6,1,21,3,2,-3,240,2
6,1,6,2,0,3,2,-3,240,1
6,1,6,0,21,3,2,-1,240,3
6,1,6,0,42,3,2,-1,240,3
6,1,6,0,9,3,2,0,240,2
6,1,6,0,18,3,2,0,240,2
6,1,6,0,36,3,2,0,240,2
6,1,6,1,8,3,2,0,15,2
6,1,6,0,21,3,2,1,240,3
6,1,6,0,42,3,2,1,240,3
6,1,6,2,8,3,2,-3,240,2
6,1,6,2,10,3,2,-3,240,1
6,1,6,2,16,3,2,-3,240,2
6,1,6,2,18,3,2,-3,240,1
6,1,6,2,32,3,2,-3,240,2
6,1,6,2,34,3,2,-3,240,1
6,1,6,2,40,3,2,-3,240,3
6,1,6,2,42,3,2,-3,240,2
6,1,6,4,0,3,2,-3,240,1
6,1,6,4,1,3,2,-3,240,2
6,1,6,2,16,3,2,0,15,2
6,1,6,4,5,3,2,-3,240,1
6,1,6,4,16,3,2,-3,240,2
6,1,6,4,17,3,2,-3,240,3
6,1,6,4,20,3,2,-3,240,1
6,1,6,4,21,3,2,-3,240,2
6,1,6,4,32,3,2,-3,240,2
6,1,6,4,36,3,2,-3,240,1
6,1,6,5,0,3,2,-3,240,2
6,1,6,5,1,3,2,-3,240,1
6,1,6,5,4,3,2,-3,240,1
6,1,6,5,16,3,2,-3,240,3
6,1,6,5,17,3,2,-3,240,2
6,1,6,5,20,3,2,-3,240,2
6,1,6,5,21,3,2,-3,240,1
6,1,6,4,32,3,2,0,15,2
6,1,6,8,0,3,2,-3,240,1
6,1,6,8,1,3,2,-3,240,2
6,1,6,8,2,3,2,-3,240,2
6,1,6,8,1,3,2,0,15,2
6,1,6,8,9,3,2,-3,240,1
6,1,6,8,10,3,2,-3,240,1
6,1,6,8,32,3,2,-3,240,2
6,1,6,8,34,3,2,-3,240,3
6,1,6,8,40,3,2,-3,240,1
6,1,6,8,42,3,2,-3,240,2
6,1,6,9,0,3,2,-3,240,2
6,1,6,9,1,3,2,-3,240,1
6,1,6,9,8,3,2,-3,240,1
6,1,6,10,0,3,2,-3,240,2
6,1,6,10,2,3,2,-3,240,1
6,1,6,10,8,3,2,-3,240,1
6,1,6,9,0,3,2,0,240,2
6,1,6,10,32,3,2,-3,240,3
6,1,6,10,34,3,2,-3,240,2
6,1,6,10,40,3,2,-3,240,2
6,1,6,10,42,3,2,-3,240,1
6,1,6,16,0,3,2,-3,240,1
6,1,6,16,1,3,2,-3,240,2
6,1,6,16,2,3,2,-3,240,2
6,1,6,16,4,3,2,-3,240,2
6,1,6,16,5,3,2,-3,240,3
6,1,6,16,2,3,2,0,15,2
6,1,6,16,17,3,2,-3,240,1
6,1,6,16,18,3,2,-3,240,1
6,1,6,16,20,3,2,-3,240,1
6,1,6,16,21,3,2,-3,240,2
6,1,6,17,0,3,2,-3,240,2
6,1,6,17,1,3,2,-3,240,1
6,1,6,17,4,3,2,-3,240,3
6,1,6,17,5,3,2,-3,240,2
6,1,6,17,16,3,2,-3,240,1
6,1,6,17,20,3,2,-3,240,2
6,1,6,17,21,3,2,-3,240,1
6,1,6,18,0,3,2,-3,240,2
6,1,6,18,2,3,2,-3,240,1
6,1,6,18,16,3,2,-3,240,1
6,1,6,18,0,3,2,0,240,2
6,1,6,20,0,3,2,-3,240,2
6,1,6,20,1,3,2,-3,240,3
6,1,6,20,4,3,2,-3,240,1
6,1,6,20,5,3,2,-3,240,2
6,1,6,20,16,3,2,-3,240,1
6,1,6,20,17,3,2,-3,240,2
6,1,6,20,21,3,2,-3,240,1
6,1,6,21,0,3,2,-3,240,3
6,1,6,21,1,3,2,-3,240,2
6,1,6,21,4,3,2,-3,240,2
6,1,6,21,5,3,2,-3,240,1
6,1,6,21,16,3,2,-3,240,2
6,1,6,21,17,3,2,-3,240,1
6,1,6,21,20,3,2,-3,240,1
6,1,6,21,0,3,2,-1,240,3
6,1,6,21,0,3,2,1,240,3
6,1,6,32,0,3,2,-3,240,1
6,1,6,32,2,3,2,-3,240,2
6,1,6,32,4,3,2,-3,240,2
6,1,6,32,8,3,2,-3,240,2
6,1,6,32,10,3,2,-3,240,3
6,1,6,32,4,3,2,0,15,2
6,1,6,32,34,3,2,-3,240,1
6,1,6,32,36,3,2,-3,240,1
6,1,6,32,40,3,2,-3,240,1
6,1,6,32,42,3,2,-3,240,2
6,1,6,34,0,3,2,-3,240,2
6,1,6,34,2,3,2,-3,240,1
6,1,6,34,8,3,2,-3,240,3
6,1,6,34,10,3,2,-3,240,2
6,1,6,34,32,3,2,-3,240,1
6,1,6,34,40,3,2,-3,240,2
6,1,6,34,42,3,2,-3,240,1
6,1,6,36,0,3,2,-3,240,2
6,1,6,36,4,3,2,-3,240,1
6,1,6,36,32,3,2,-3,240,1
6,1,6,36,0,3,2,0,240,2
6,1,6,40,0,3,2,-3,240,2
6,1,6,40,2,3,2,-3,240,3
6,1,6,40,8,3,2,-3,240,1
6,1,6,40,10,3,2,-3,240,2
6,1,6,40,32,3,2,-3,240,1
6,1,6,40,34,3,2,-3,240,2
6,1,6,40,42,3,2,-3,240,1
6,1,6,42,0,3,2,-3,240,3
6,1,6,42,2,3,2,-3,240,2
6,1,6,42,8,3,2,-3,240,2
6,1,6,42,10,3,2,-3,240,1
6,1,6,42,32,3,2,-3,240,2
6,1,6,42,34,3,2,-3,240,1
6,1,6,42,40,3,2,-3,240,1
6,1,6,42,0,3,2,-1,240,3
6,1,6,42,0,3,2,1,240,3
6,1,6,0,1,3,3,-3,204,1
6,1,6,0,2,3,3,-3,204,1
6,1,6,0,4,3,3,-3,204,1
6,1,6,0,5,3,3,-3,204,2
6,1,6,0,8,3,3,-3,204,1
6,1,6,0,9,3,3,-3,204,2
6,1,6,0,10,3,3,-3,204,2
6,1,6,0,16,3,3,-3,204,1
6,1,6,0,17,3,3,-3,204,2
6,1,6,0,18,3,3,-3,204,2
6,1,6,0,20,3,3,-3,204,2
6,1,6,0,21,3,3,-3,204,3
6,1,6,0,32,3,3,-3,204,1
6,1,6,0,34,3,3,-3,204,2
6,1,6,0,36,3,3,-3,204,2
6,1,6,0,40,3,3,-3,204,2
6,1,6,0,42,3,3,-3,204,3
6,1,6,1,0,3,3,-3,204,1
6,1,6,1,4,3,3,-3,204,2
6,1,6,1,5,3,3,-3,204,1
6,1,6,1,8,3,3,-3,204,2
6,1,6,1,9,3,3,-3,204,1
6,1,6,1,16,3,3,-3,204,2
6,1,6,1,17,3,3,-3,204,1
6,1,6,1,20,3,3,-3,204,3
6,1,6,1,21,3,3,-3,204,2
6,1,6,2,0,3,3,-3,204,1
6,1,6,0,21,3,3,-1,204,3
6,1,6,0,42,3,3,-1,204,3
6,1,6,0,9,3,3,0,204,2
6,1,6,0,18,3,3,0,204,2
6,1,6,0,36,3,3,0,204,2
6,1,6,1,8,3,3,0,51,2
6,1,6,0,21,3,3,1,204,3
6,1,6,0,42,3,3,1,204,3
6,1,6,2,8,3,3,-3,204,2
6,1,6,2,10,3,3,-3,204,1
6,1,6,2,16,3,3,-3,204,2
6,1,6,2,18,3,3,-3,204,1
6,1,6,2,32,3,3,-3,204,2
6,1,6,2,34,3,3,-3,204,1
6,1,6,2,40,3,3,-3,204,3
6,1,6,2,42,3,3,-3,204,2
6,1,6,4,0,3,3,-3,204,1
6,1,6,4,1,3,3,-3,204,2
6,1,6,2,16,3,3,0,51,2
6,1,6,4,5,3,3,-3,204,1
6,1,6,4,16,3,3,-3,204,2
6,1,6,4,17,3,3,-3,204,3
6,1,6,4,20,3,3,-3,204,1
6,1,6,4,21,3,3,-3,204,2
6,1,6,4,32,3,3,-3,204,2
6,1,6,4,36,3,3,-3,204,1
6,1,6,5,0,3,3,-3,204,2
6,1,6,5,1,3,3,-3,204,1
6,1,6,5,4,3,3,-3,204,1
6,1,6,5,16,3,3,-3,204,3
6,1,6,5,17,3,3,-3,204,2
6,1,6,5,20,3,3,-3,204,2
6,1,6,5,21,3,3,-3,204,1
6,1,6,4,32,3,3,0,51,2
6,1,6,8,0,3,3,-3,204,1
6,1,6,8,1,3,3,-3,204,2
6,1,6,8,2,3,3,-3,204,2
6,1,6,8,1,3,3,0,51,2
6,1,6,8,9,3,3,-3,204,1
6,1,6,8,10,3,3,-3,204,1
6,1,6,8,32,3,3,-3,204,2
6,1,6,8,34,3,3,-3,204,3
6,1,6,8,40,3,3,-3,204,1
6,1,6,8,42,3,3,-3,204,2
6,1,6,9,0,3,3,-3,204,2
6,1,6,9,1,3,3,-3,204,1
6,1,6,9,8,3,3,-3,204,1
6,1,6,10,0,3,3,-3,204,2
6,1,6,10,2,3,3,-3,204,1
6,1,6,10,8,3,3,-3,204,1
6,1,6,9,0,3,3,0,204,2
6,1,6,10,32,3,3,-3,204,3
6,1,6,10,34,3,3,-3,204,2
6,1,6,10,40,3,3,-3,204,2
6,1,6,10,42,3,3,-3,204,1
6,1,6,16,0,3,3,-3,204,1
6,1,6,16,1,3,3,-3,204,2
6,1,6,16,2,3,3,-3,204,2
6,1,6,16,4,3,3,-3,204,2
6,1,6,16,5,3,3,-3,204,3
6,1,6,16,2,3,3,0,51,2
6,1,6,16,17,3,3,-3,204,1
6,1,6,16,18,3,3,-3,204,1
6,1,6,16,20,3,3,-3,204,1
6,1,6,16,21,3,3,-3,204,2
6,1,6,17,0,3,3,-3,204,2
6,1,6,17,1,3,3,-3,204,1
6,1,6,17,4,3,3,-3,204,3
6,1,6,17,5,3,3,-3,204,2
6,1,6,17,16,3,3,-3,204,1
6,1,6,17,20,3,3,-3,204,2
6,1,6,17,21,3,3,-3,204,1
6,1,6,18,0,3,3,-3,204,2
6,1,6,18,2,3,3,-3,204,1
6,1,6,18,16,3,3,-3,204,1
6,1,6,18,0,3,3,0,204,2
6,1,6,20,0,3,3,-3,204,2
6,1,6,20,1,3,3,-3,204,3
6,1,6,20,4,3,3,-3,204,1
6,1,6,20,5,3,3,-3,204,2
6,1,6,20,16,3,3,-3,204,1
6,1,6,20,17,3,3,-3,204,2
6,1,6,20,21,3,3,-3,204,1
6,1,6,21,0,3,3,-3,204,3
6,1,6,21,1,3,3,-3,204,2
6,1,6,21,4,3,3,-3,204,2
6,1,6,21,5,3,3,-3,204,1
6,1,6,21,16,3,3,-3,204,2
6,1,6,21,17,3,3,-3,204,1
6,1,6,21,20,3,3,-3,204,1
6,1,6,21,0,3,3,-1,204,3
6,1,6,21,0,3,3,1,204,3
6,1,6,32,0,3,3,-3,204,1
6,1,6,32,2,3,3,-3,204,2
6,1,6,32,4,3,3,-3,204,2
6,1,6,32,8,3,3,-3,204,2
6,1,6,32,10,3,3,-3,204,3
6,1,6,32,4,3,3,0,51,2
6,1,6,32,34,3,3,-3,204,1
6,1,6,32,36,3,3,-3,204,1
6,1,6,32,40,3,3,-3,204,1
6,1,6,32,42,3,3,-3,204,2
6,1,6,34,0,3,3,-3,204,2
6,1,6,34,2,3,3,-3,204,1
6,1,6,34,8,3,3,-3,204,3
6,1,6,34,10,3,3,-3,204,2
6,1,6,34,32,3,3,-3,204,1
6,1,6,34,40,3,3,-3,204,2
6,1,6,34,42,3,3,-3,204,1
6,1,6,36,0,3,3,-3,204,2
6,1,6,36,4,3,3,-3,204,1
6,1,6,36,32,3,3,-3,204,1
6,1,6,36,0,3,3,0,204,2
6,1,6,40,0,3,3,-3,204,2
6,1,6,40,2,3,3,-3,204,3
6,1,6,40,8,3,3,-3,204,1
6,1,6,40,10,3,3,-3,204,2
6,1,6,40,32,3,3,-3,204,1
6,1,6,40,34,3,3,-3,204,2
6,1,6,40,42,3,3,-3,204,1
6,1,6,42,0,3,3,-3,204,3
6,1,6,42,2,3,3,-3,204,2
6,1,6,42,8,3,3,-3,204,2
6,1,6,42,10,3,3,-3,204,1
6,1,6,42,32,3,3,-3,204,2
6,1,6,42,34,3,3,-3,204,1
6,1,6,42,40,3,3,-3,204,1
6,1,6,42,0,3,3,-1,204,3
6,1,6,42,0,3,3,1,204,3
