m,a,b,k,primitive_m,physical_flips,rule,off_code,outer_conflicts,witness_input,witness_other,witness_output
1,0,1,1,1,1,232,0,0,-1,-1,-1
1,0,1,2,1,1,-1,0,4,11,10,1
1,0,1,3,1,1,-1,0,16,22,20,1
1,1,0,1,1,1,232,0,0,-1,-1,-1
1,1,0,2,1,1,-1,0,4,11,10,0
1,1,0,3,1,1,-1,0,16,22,20,0
2,0,1,1,2,1,-1,4,0,1,-1,2
2,0,1,2,2,1,-1,0,16,1,0,1
2,0,1,3,2,1,-1,64,0,1,-1,2
2,0,2,1,2,1,-1,4,0,1,-1,1
2,0,2,2,2,1,-1,0,16,1,0,2
2,0,2,3,2,1,-1,64,0,1,-1,1
2,0,3,1,1,2,232,0,0,-1,-1,-1
2,0,3,2,1,2,-1,0,4,11,10,3
2,0,3,3,1,2,-1,0,16,22,20,3
2,1,0,1,2,1,-1,4,0,0,-1,2
2,1,0,2,2,1,-1,0,16,1,0,0
2,1,0,3,2,1,-1,64,0,0,-1,2
2,1,2,1,2,2,23,0,0,-1,-1,-1
2,1,2,2,2,2,-1,0,4,11,10,2
2,1,2,3,2,2,-1,0,16,22,20,1
2,1,3,1,2,1,-1,4,0,0,-1,2
2,1,3,2,2,1,-1,0,16,16,0,3
2,1,3,3,2,1,-1,64,0,0,-1,2
2,2,0,1,2,1,-1,4,0,0,-1,1
2,2,0,2,2,1,-1,0,16,1,0,0
2,2,0,3,2,1,-1,64,0,0,-1,1
2,2,1,1,2,2,23,0,0,-1,-1,-1
2,2,1,2,2,2,-1,0,4,11,10,1
2,2,1,3,2,2,-1,0,16,22,20,2
2,2,3,1,2,1,-1,4,0,0,-1,1
2,2,3,2,2,1,-1,0,16,16,0,3
2,2,3,3,2,1,-1,64,0,0,-1,1
2,3,0,1,1,2,232,0,0,-1,-1,-1
2,3,0,2,1,2,-1,0,4,11,10,0
2,3,0,3,1,2,-1,0,16,22,20,0
2,3,1,1,2,1,-1,4,0,4,-1,2
2,3,1,2,2,1,-1,0,16,16,0,1
2,3,1,3,2,1,-1,64,0,64,-1,2
2,3,2,1,2,1,-1,4,0,4,-1,1
2,3,2,2,2,1,-1,0,16,16,0,2
2,3,2,3,2,1,-1,64,0,64,-1,1
3,0,1,1,3,1,-1,4,0,1,-1,2
3,0,1,2,3,1,-1,16,0,1,-1,4
3,0,1,3,3,1,-1,0,64,1,0,1
3,0,2,1,3,1,-1,4,0,1,-1,4
3,0,2,2,3,1,-1,16,0,1,-1,1
3,0,2,3,3,1,-1,0,64,1,0,2
3,0,3,1,3,2,-1,5,0,1,-1,4
3,0,3,2,3,2,-1,17,0,1,-1,1
3,0,3,3,3,2,-1,79,0,1,-1,2
3,0,4,1,3,1,-1,4,0,1,-1,1
3,0,4,2,3,1,-1,16,0,1,-1,2
3,0,4,3,3,1,-1,0,64,1,0,4
3,0,5,1,3,2,-1,5,0,1,-1,2
3,0,5,2,3,2,-1,17,0,1,-1,4
3,0,5,3,3,2,-1,79,0,1,-1,1
3,0,6,1,3,2,-1,5,0,1,-1,1
3,0,6,2,3,2,-1,17,0,1,-1,2
3,0,6,3,3,2,-1,79,0,1,-1,4
3,0,7,1,1,3,232,0,0,-1,-1,-1
3,0,7,2,1,3,-1,0,4,11,10,7
3,0,7,3,1,3,-1,0,16,22,20,7
3,1,0,1,3,1,-1,4,0,0,-1,2
3,1,0,2,3,1,-1,16,0,0,-1,4
3,1,0,3,3,1,-1,0,64,1,0,0
3,1,2,1,3,2,-1,6,0,1,-1,6
3,1,2,2,3,2,-1,24,0,0,-1,4
3,1,2,3,3,2,-1,93,0,1,-1,3
3,1,3,1,3,1,-1,6,0,0,-1,2
3,1,3,2,3,1,-1,24,0,0,-1,4
3,1,3,3,3,1,-1,98,0,2,-1,7
3,1,4,1,3,2,-1,6,0,0,-1,2
3,1,4,2,3,2,-1,24,0,1,-1,0
3,1,4,3,3,2,-1,93,0,1,-1,0
3,1,5,1,3,1,-1,8,0,0,-1,2
3,1,5,2,3,1,-1,24,0,0,-1,4
3,1,5,3,3,1,-1,96,0,2,-1,3
3,1,6,1,3,3,-1,8,0,0,-1,2
3,1,6,2,3,3,-1,28,0,0,-1,4
3,1,6,3,3,3,-1,78,0,2,-1,3
3,1,7,1,3,2,-1,5,0,0,-1,2
3,1,7,2,3,2,-1,17,0,0,-1,4
3,1,7,3,3,2,-1,79,0,2,-1,3
3,2,0,1,3,1,-1,4,0,0,-1,4
3,2,0,2,3,1,-1,16,0,0,-1,1
3,2,0,3,3,1,-1,0,64,1,0,0
3,2,1,1,3,2,-1,6,0,0,-1,4
3,2,1,2,3,2,-1,24,0,1,-1,0
3,2,1,3,3,2,-1,93,0,1,-1,0
3,2,3,1,3,1,-1,8,0,0,-1,4
3,2,3,2,3,1,-1,24,0,0,-1,1
3,2,3,3,3,1,-1,96,0,2,-1,6
3,2,4,1,3,2,-1,6,0,1,-1,5
3,2,4,2,3,2,-1,24,0,0,-1,1
3,2,4,3,3,2,-1,93,0,1,-1,6
3,2,5,1,3,3,-1,8,0,0,-1,4
3,2,5,2,3,3,-1,28,0,0,-1,1
3,2,5,3,3,3,-1,78,0,2,-1,6
3,2,6,1,3,1,-1,6,0,0,-1,4
3,2,6,2,3,1,-1,24,0,0,-1,1
3,2,6,3,3,1,-1,98,0,2,-1,7
3,2,7,1,3,2,-1,5,0,0,-1,4
3,2,7,2,3,2,-1,17,0,0,-1,1
3,2,7,3,3,2,-1,79,0,2,-1,6
3,3,0,1,3,2,-1,5,0,0,-1,5
3,3,0,2,3,2,-1,17,0,0,-1,6
3,3,0,3,3,2,-1,79,0,2,-1,2
3,3,1,1,3,1,-1,6,0,0,-1,5
3,3,1,2,3,1,-1,24,0,0,-1,6
3,3,1,3,3,1,-1,98,0,2,-1,2
3,3,2,1,3,1,-1,8,0,0,-1,5
3,3,2,2,3,1,-1,24,0,0,-1,6
3,3,2,3,3,1,-1,96,0,4,-1,1
3,3,4,1,3,3,-1,8,0,0,-1,5
3,3,4,2,3,3,-1,28,0,0,-1,6
3,3,4,3,3,3,-1,78,0,6,-1,2
3,3,5,1,3,2,-1,6,0,2,-1,7
3,3,5,2,3,2,-1,24,0,0,-1,6
3,3,5,3,3,2,-1,93,0,13,-1,7
3,3,6,1,3,2,-1,6,0,0,-1,5
3,3,6,2,3,2,-1,24,0,2,-1,4
3,3,6,3,3,2,-1,93,0,4,-1,1
3,3,7,1,3,1,-1,4,0,0,-1,5
3,3,7,2,3,1,-1,16,0,0,-1,6
3,3,7,3,3,1,-1,0,64,64,0,7
3,4,0,1,3,1,-1,4,0,0,-1,1
3,4,0,2,3,1,-1,16,0,0,-1,2
3,4,0,3,3,1,-1,0,64,1,0,0
3,4,1,1,3,2,-1,6,0,1,-1,3
3,4,1,2,3,2,-1,24,0,0,-1,2
3,4,1,3,3,2,-1,93,0,1,-1,5
3,4,2,1,3,2,-1,6,0,0,-1,1
3,4,2,2,3,2,-1,24,0,1,-1,0
3,4,2,3,3,2,-1,93,0,1,-1,0
3,4,3,1,3,3,-1,8,0,0,-1,1
3,4,3,2,3,3,-1,28,0,0,-1,2
3,4,3,3,3,3,-1,78,0,2,-1,5
3,4,5,1,3,1,-1,6,0,0,-1,1
3,4,5,2,3,1,-1,24,0,0,-1,2
3,4,5,3,3,1,-1,98,0,2,-1,7
3,4,6,1,3,1,-1,8,0,0,-1,1
3,4,6,2,3,1,-1,24,0,0,-1,2
3,4,6,3,3,1,-1,96,0,2,-1,5
3,4,7,1,3,2,-1,5,0,0,-1,1
3,4,7,2,3,2,-1,17,0,0,-1,2
3,4,7,3,3,2,-1,79,0,2,-1,5
3,5,0,1,3,2,-1,5,0,0,-1,6
3,5,0,2,3,2,-1,17,0,0,-1,3
3,5,0,3,3,2,-1,79,0,2,-1,1
3,5,1,1,3,1,-1,8,0,0,-1,6
3,5,1,2,3,1,-1,24,0,0,-1,3
3,5,1,3,3,1,-1,96,0,4,-1,4
3,5,2,1,3,3,-1,8,0,0,-1,6
3,5,2,2,3,3,-1,28,0,0,-1,3
3,5,2,3,3,3,-1,78,0,6,-1,1
3,5,3,1,3,2,-1,6,0,0,-1,6
3,5,3,2,3,2,-1,24,0,2,-1,2
3,5,3,3,3,2,-1,93,0,4,-1,4
3,5,4,1,3,1,-1,6,0,0,-1,6
3,5,4,2,3,1,-1,24,0,0,-1,3
3,5,4,3,3,1,-1,98,0,2,-1,1
3,5,6,1,3,2,-1,6,0,2,-1,7
3,5,6,2,3,2,-1,24,0,0,-1,3
3,5,6,3,3,2,-1,93,0,13,-1,7
3,5,7,1,3,1,-1,4,0,0,-1,6
3,5,7,2,3,1,-1,16,0,0,-1,3
3,5,7,3,3,1,-1,0,64,64,0,7
3,6,0,1,3,2,-1,5,0,0,-1,3
3,6,0,2,3,2,-1,17,0,0,-1,5
3,6,0,3,3,2,-1,79,0,2,-1,4
3,6,1,1,3,3,-1,8,0,0,-1,3
3,6,1,2,3,3,-1,28,0,0,-1,5
3,6,1,3,3,3,-1,78,0,6,-1,4
3,6,2,1,3,1,-1,6,0,0,-1,3
3,6,2,2,3,1,-1,24,0,0,-1,5
3,6,2,3,3,1,-1,98,0,2,-1,4
3,6,3,1,3,2,-1,6,0,2,-1,7
3,6,3,2,3,2,-1,24,0,0,-1,5
3,6,3,3,3,2,-1,93,0,13,-1,7
3,6,4,1,3,1,-1,8,0,0,-1,3
3,6,4,2,3,1,-1,24,0,0,-1,5
3,6,4,3,3,1,-1,96,0,4,-1,2
3,6,5,1,3,2,-1,6,0,0,-1,3
3,6,5,2,3,2,-1,24,0,2,-1,1
3,6,5,3,3,2,-1,93,0,4,-1,2
3,6,7,1,3,1,-1,4,0,0,-1,3
3,6,7,2,3,1,-1,16,0,0,-1,5
3,6,7,3,3,1,-1,0,64,64,0,7
3,7,0,1,1,3,232,0,0,-1,-1,-1
3,7,0,2,1,3,-1,0,4,11,10,0
3,7,0,3,1,3,-1,0,16,22,20,0
3,7,1,1,3,2,-1,5,0,3,-1,3
3,7,1,2,3,2,-1,17,0,11,-1,3
3,7,1,3,3,2,-1,79,0,22,-1,5
3,7,2,1,3,2,-1,5,0,3,-1,6
3,7,2,2,3,2,-1,17,0,11,-1,6
3,7,2,3,3,2,-1,79,0,22,-1,3
3,7,3,1,3,1,-1,4,0,4,-1,5
3,7,3,2,3,1,-1,16,0,16,-1,6
3,7,3,3,3,1,-1,0,64,64,0,3
3,7,4,1,3,2,-1,5,0,3,-1,5
3,7,4,2,3,2,-1,17,0,11,-1,5
3,7,4,3,3,2,-1,79,0,22,-1,6
3,7,5,1,3,1,-1,4,0,4,-1,6
3,7,5,2,3,1,-1,16,0,16,-1,3
3,7,5,3,3,1,-1,0,64,64,0,5
3,7,6,1,3,1,-1,4,0,4,-1,3
3,7,6,2,3,1,-1,16,0,16,-1,5
3,7,6,3,3,1,-1,0,64,64,0,6
4,0,1,1,4,1,-1,4,0,1,-1,2
4,0,1,2,4,1,-1,16,0,1,-1,4
4,0,1,3,4,1,-1,64,0,1,-1,8
4,0,2,1,4,1,-1,4,0,1,-1,4
4,0,2,2,4,1,-1,16,0,1,-1,8
4,0,2,3,4,1,-1,64,0,1,-1,1
4,0,3,1,4,2,-1,5,0,1,-1,4
4,0,3,2,4,2,-1,20,0,1,-1,8
4,0,3,3,4,2,-1,80,0,1,-1,1
4,0,4,1,4,1,-1,4,0,1,-1,8
4,0,4,2,4,1,-1,16,0,1,-1,1
4,0,4,3,4,1,-1,64,0,1,-1,2
4,0,5,1,2,2,-1,4,0,1,-1,10
4,0,5,2,2,2,-1,0,16,1,0,5
4,0,5,3,2,2,-1,64,0,1,-1,10
4,0,6,1,4,2,-1,5,0,1,-1,8
4,0,6,2,4,2,-1,20,0,1,-1,1
4,0,6,3,4,2,-1,80,0,1,-1,2
4,0,7,1,4,3,-1,5,0,1,-1,8
4,0,7,2,4,3,-1,20,0,1,-1,1
4,0,7,3,4,3,-1,92,0,1,-1,2
4,0,8,1,4,1,-1,4,0,1,-1,1
4,0,8,2,4,1,-1,16,0,1,-1,2
4,0,8,3,4,1,-1,64,0,1,-1,4
4,0,9,1,4,2,-1,5,0,1,-1,2
4,0,9,2,4,2,-1,20,0,1,-1,4
4,0,9,3,4,2,-1,80,0,1,-1,8
4,0,10,1,2,2,-1,4,0,1,-1,5
4,0,10,2,2,2,-1,0,16,1,0,10
4,0,10,3,2,2,-1,64,0,1,-1,5
4,0,11,1,4,3,-1,5,0,1,-1,4
4,0,11,2,4,3,-1,20,0,1,-1,8
4,0,11,3,4,3,-1,92,0,1,-1,1
4,0,12,1,4,2,-1,5,0,1,-1,1
4,0,12,2,4,2,-1,20,0,1,-1,2
4,0,12,3,4,2,-1,80,0,1,-1,4
4,0,13,1,4,3,-1,5,0,1,-1,2
4,0,13,2,4,3,-1,20,0,1,-1,4
4,0,13,3,4,3,-1,92,0,1,-1,8
4,0,14,1,4,3,-1,5,0,1,-1,1
4,0,14,2,4,3,-1,20,0,1,-1,2
4,0,14,3,4,3,-1,92,0,1,-1,4
4,0,15,1,1,4,232,0,0,-1,-1,-1
4,0,15,2,1,4,-1,0,4,11,10,15
4,0,15,3,1,4,-1,0,16,22,20,15
4,1,0,1,4,1,-1,4,0,0,-1,2
4,1,0,2,4,1,-1,16,0,0,-1,4
4,1,0,3,4,1,-1,64,0,0,-1,8
4,1,2,1,4,2,-1,6,0,1,-1,6
4,1,2,2,4,2,-1,30,0,0,-1,4
4,1,2,3,4,2,-1,102,0,0,-1,8
4,1,3,1,4,1,-1,6,0,0,-1,2
4,1,3,2,4,1,-1,31,0,0,-1,4
4,1,3,3,4,1,-1,121,0,0,-1,8
4,1,4,1,4,2,-1,8,0,0,-1,2
4,1,4,2,4,2,-1,0,16,1,0,1
4,1,4,3,4,2,-1,128,0,0,-1,8
4,1,5,1,4,1,-1,8,0,0,-1,2
4,1,5,2,4,1,-1,16,0,0,-1,4
4,1,5,3,4,1,-1,128,0,0,-1,8
4,1,6,1,4,3,-1,8,0,0,-1,2
4,1,6,2,4,3,-1,32,0,0,-1,4
4,1,6,3,4,3,-1,128,0,0,-1,8
4,1,7,1,4,2,-1,8,0,0,-1,2
4,1,7,2,4,2,-1,30,0,0,-1,4
4,1,7,3,4,2,-1,128,0,0,-1,8
4,1,8,1,4,2,-1,6,0,0,-1,2
4,1,8,2,4,2,-1,30,0,0,-1,4
4,1,8,3,4,2,-1,102,0,1,-1,0
4,1,9,1,4,1,-1,8,0,0,-1,2
4,1,9,2,4,1,-1,32,0,0,-1,4
4,1,9,3,4,1,-1,128,0,0,-1,8
4,1,10,1,4,3,-1,7,0,0,-1,2
4,1,10,2,4,3,-1,20,0,0,-1,4
4,1,10,3,4,3,-1,122,0,0,-1,8
4,1,11,1,4,2,-1,8,0,0,-1,2
4,1,11,2,4,2,-1,30,0,0,-1,4
4,1,11,3,4,2,-1,110,0,0,-1,8
4,1,12,1,4,3,-1,8,0,0,-1,2
4,1,12,2,4,3,-1,28,0,0,-1,4
4,1,12,3,4,3,-1,106,0,0,-1,8
4,1,13,1,4,2,-1,8,0,0,-1,2
4,1,13,2,4,2,-1,32,0,0,-1,4
4,1,13,3,4,2,-1,128,0,0,-1,8
4,1,14,1,4,4,-1,8,0,0,-1,2
4,1,14,2,4,4,-1,24,0,0,-1,4
4,1,14,3,4,4,-1,126,0,0,-1,8
4,1,15,1,4,3,-1,5,0,0,-1,2
4,1,15,2,4,3,-1,20,0,0,-1,4
4,1,15,3,4,3,-1,92,0,0,-1,8
4,2,0,1,4,1,-1,4,0,0,-1,4
4,2,0,2,4,1,-1,16,0,0,-1,8
4,2,0,3,4,1,-1,64,0,0,-1,1
4,2,1,1,4,2,-1,6,0,0,-1,4
4,2,1,2,4,2,-1,30,0,0,-1,8
4,2,1,3,4,2,-1,102,0,1,-1,0
4,2,3,1,4,1,-1,8,0,0,-1,4
4,2,3,2,4,1,-1,32,0,0,-1,8
4,2,3,3,4,1,-1,128,0,0,-1,1
4,2,4,1,4,2,-1,6,0,1,-1,12
4,2,4,2,4,2,-1,30,0,0,-1,8
4,2,4,3,4,2,-1,102,0,0,-1,1
4,2,5,1,4,3,-1,7,0,0,-1,4
4,2,5,2,4,3,-1,20,0,0,-1,8
4,2,5,3,4,3,-1,122,0,0,-1,1
4,2,6,1,4,1,-1,6,0,0,-1,4
4,2,6,2,4,1,-1,31,0,0,-1,8
4,2,6,3,4,1,-1,121,0,0,-1,1
4,2,7,1,4,2,-1,8,0,0,-1,4
4,2,7,2,4,2,-1,30,0,0,-1,8
4,2,7,3,4,2,-1,110,0,0,-1,1
4,2,8,1,4,2,-1,8,0,0,-1,4
4,2,8,2,4,2,-1,0,16,1,0,2
4,2,8,3,4,2,-1,128,0,0,-1,1
4,2,9,1,4,3,-1,8,0,0,-1,4
4,2,9,2,4,3,-1,28,0,0,-1,8
4,2,9,3,4,3,-1,106,0,0,-1,1
4,2,10,1,4,1,-1,8,0,0,-1,4
4,2,10,2,4,1,-1,16,0,0,-1,8
4,2,10,3,4,1,-1,128,0,0,-1,1
4,2,11,1,4,2,-1,8,0,0,-1,4
4,2,11,2,4,2,-1,32,0,0,-1,8
4,2,11,3,4,2,-1,128,0,0,-1,1
4,2,12,1,4,3,-1,8,0,0,-1,4
4,2,12,2,4,3,-1,32,0,0,-1,8
4,2,12,3,4,3,-1,128,0,0,-1,1
4,2,13,1,4,4,-1,8,0,0,-1,4
4,2,13,2,4,4,-1,24,0,0,-1,8
4,2,13,3,4,4,-1,126,0,0,-1,1
4,2,14,1,4,2,-1,8,0,0,-1,4
4,2,14,2,4,2,-1,30,0,0,-1,8
4,2,14,3,4,2,-1,128,0,0,-1,1
4,2,15,1,4,3,-1,5,0,0,-1,4
4,2,15,2,4,3,-1,20,0,0,-1,8
4,2,15,3,4,3,-1,92,0,0,-1,1
4,3,0,1,4,2,-1,5,0,0,-1,5
4,3,0,2,4,2,-1,20,0,0,-1,10
4,3,0,3,4,2,-1,80,0,0,-1,5
4,3,1,1,4,1,-1,6,0,0,-1,5
4,3,1,2,4,1,-1,31,0,0,-1,10
4,3,1,3,4,1,-1,121,0,0,-1,5
4,3,2,1,4,1,-1,8,0,0,-1,5
4,3,2,2,4,1,-1,32,0,0,-1,10
4,3,2,3,4,1,-1,128,0,0,-1,5
4,3,4,1,4,3,-1,8,0,0,-1,5
4,3,4,2,4,3,-1,28,0,0,-1,10
4,3,4,3,4,3,-1,106,0,0,-1,5
4,3,5,1,4,2,-1,6,0,1,-1,13
4,3,5,2,4,2,-1,25,0,0,-1,10
4,3,5,3,4,2,-1,107,0,4,-1,1
4,3,6,1,4,2,-1,8,0,0,-1,5
4,3,6,2,4,2,-1,30,0,0,-1,10
4,3,6,3,4,2,-1,124,0,0,-1,5
4,3,7,1,4,1,-1,6,0,0,-1,5
4,3,7,2,4,1,-1,31,0,0,-1,10
4,3,7,3,4,1,-1,121,0,0,-1,5
4,3,8,1,4,3,-1,8,0,0,-1,5
4,3,8,2,4,3,-1,32,0,0,-1,10
4,3,8,3,4,3,-1,128,0,0,-1,5
4,3,9,1,4,2,-1,8,0,0,-1,5
4,3,9,2,4,2,-1,30,0,0,-1,10
4,3,9,3,4,2,-1,124,0,0,-1,5
4,3,10,1,4,2,-1,8,0,0,-1,5
4,3,10,2,4,2,-1,7,0,2,-1,8
4,3,10,3,4,2,-1,127,0,0,-1,5
4,3,11,1,4,1,-1,8,0,0,-1,5
4,3,11,2,4,1,-1,32,0,0,-1,10
4,3,11,3,4,1,-1,128,0,0,-1,5
4,3,12,1,4,4,-1,8,0,0,-1,5
4,3,12,2,4,4,-1,32,0,0,-1,10
4,3,12,3,4,4,-1,128,0,0,-1,5
4,3,13,1,4,3,-1,8,0,0,-1,5
4,3,13,2,4,3,-1,28,0,0,-1,10
4,3,13,3,4,3,-1,106,0,0,-1,5
4,3,14,1,4,3,-1,8,0,0,-1,5
4,3,14,2,4,3,-1,32,0,0,-1,10
4,3,14,3,4,3,-1,128,0,0,-1,5
4,3,15,1,4,2,-1,5,0,0,-1,5
4,3,15,2,4,2,-1,20,0,0,-1,10
4,3,15,3,4,2,-1,80,0,0,-1,5
4,4,0,1,4,1,-1,4,0,0,-1,8
4,4,0,2,4,1,-1,16,0,0,-1,1
4,4,0,3,4,1,-1,64,0,0,-1,2
4,4,1,1,4,2,-1,8,0,0,-1,8
4,4,1,2,4,2,-1,0,16,1,0,4
4,4,1,3,4,2,-1,128,0,0,-1,2
4,4,2,1,4,2,-1,6,0,0,-1,8
4,4,2,2,4,2,-1,30,0,0,-1,1
4,4,2,3,4,2,-1,102,0,1,-1,0
4,4,3,1,4,3,-1,8,0,0,-1,8
4,4,3,2,4,3,-1,28,0,0,-1,1
4,4,3,3,4,3,-1,106,0,0,-1,2
4,4,5,1,4,1,-1,8,0,0,-1,8
4,4,5,2,4,1,-1,16,0,0,-1,1
4,4,5,3,4,1,-1,128,0,0,-1,2
4,4,6,1,4,1,-1,8,0,0,-1,8
4,4,6,2,4,1,-1,32,0,0,-1,1
4,4,6,3,4,1,-1,128,0,0,-1,2
4,4,7,1,4,2,-1,8,0,0,-1,8
4,4,7,2,4,2,-1,32,0,0,-1,1
4,4,7,3,4,2,-1,128,0,0,-1,2
4,4,8,1,4,2,-1,6,0,1,-1,9
4,4,8,2,4,2,-1,30,0,0,-1,1
4,4,8,3,4,2,-1,102,0,0,-1,2
4,4,9,1,4,3,-1,8,0,0,-1,8
4,4,9,2,4,3,-1,32,0,0,-1,1
4,4,9,3,4,3,-1,128,0,0,-1,2
4,4,10,1,4,3,-1,7,0,0,-1,8
4,4,10,2,4,3,-1,20,0,0,-1,1
4,4,10,3,4,3,-1,122,0,0,-1,2
4,4,11,1,4,4,-1,8,0,0,-1,8
4,4,11,2,4,4,-1,24,0,0,-1,1
4,4,11,3,4,4,-1,126,0,0,-1,2
4,4,12,1,4,1,-1,6,0,0,-1,8
4,4,12,2,4,1,-1,31,0,0,-1,1
4,4,12,3,4,1,-1,121,0,0,-1,2
4,4,13,1,4,2,-1,8,0,0,-1,8
4,4,13,2,4,2,-1,30,0,0,-1,1
4,4,13,3,4,2,-1,128,0,0,-1,2
4,4,14,1,4,2,-1,8,0,0,-1,8
4,4,14,2,4,2,-1,30,0,0,-1,1
4,4,14,3,4,2,-1,110,0,0,-1,2
4,4,15,1,4,3,-1,5,0,0,-1,8
4,4,15,2,4,3,-1,20,0,0,-1,1
4,4,15,3,4,3,-1,92,0,0,-1,2
4,5,0,1,2,2,-1,4,0,0,-1,10
4,5,0,2,2,2,-1,0,16,1,0,0
4,5,0,3,2,2,-1,64,0,0,-1,10
4,5,1,1,4,1,-1,8,0,0,-1,10
4,5,1,2,4,1,-1,16,0,1,-1,4
4,5,1,3,4,1,-1,128,0,0,-1,10
4,5,2,1,4,3,-1,7,0,0,-1,10
4,5,2,2,4,3,-1,20,0,1,-1,4
4,5,2,3,4,3,-1,122,0,0,-1,10
4,5,3,1,4,2,-1,6,0,0,-1,10
4,5,3,2,4,2,-1,25,0,1,-1,4
4,5,3,3,4,2,-1,107,0,0,-1,10
4,5,4,1,4,1,-1,8,0,0,-1,10
4,5,4,2,4,1,-1,16,0,1,-1,1
4,5,4,3,4,1,-1,128,0,0,-1,10
4,5,6,1,4,2,-1,8,0,0,-1,10
4,5,6,2,4,2,-1,7,0,5,-1,1
4,5,6,3,4,2,-1,127,0,0,-1,10
4,5,7,1,4,1,-1,8,0,0,-1,10
4,5,7,2,4,1,-1,16,0,16,-1,13
4,5,7,3,4,1,-1,128,0,0,-1,10
4,5,8,1,4,3,-1,7,0,0,-1,10
4,5,8,2,4,3,-1,20,0,1,-1,1
4,5,8,3,4,3,-1,122,0,0,-1,10
4,5,9,1,4,2,-1,8,0,0,-1,10
4,5,9,2,4,2,-1,7,0,5,-1,4
4,5,9,3,4,2,-1,127,0,0,-1,10
4,5,10,1,2,4,23,0,0,-1,-1,-1
4,5,10,2,2,4,-1,0,4,11,10,10
4,5,10,3,2,4,-1,0,16,22,20,5
4,5,11,1,4,3,-1,7,0,0,-1,10
4,5,11,2,4,3,-1,20,0,11,-1,2
4,5,11,3,4,3,-1,122,0,0,-1,10
4,5,12,1,4,2,-1,6,0,0,-1,10
4,5,12,2,4,2,-1,25,0,1,-1,1
4,5,12,3,4,2,-1,107,0,0,-1,10
4,5,13,1,4,1,-1,8,0,0,-1,10
4,5,13,2,4,1,-1,16,0,16,-1,7
4,5,13,3,4,1,-1,128,0,0,-1,10
4,5,14,1,4,3,-1,7,0,0,-1,10
4,5,14,2,4,3,-1,20,0,11,-1,8
4,5,14,3,4,3,-1,122,0,0,-1,10
4,5,15,1,2,2,-1,4,0,0,-1,10
4,5,15,2,2,2,-1,0,16,16,0,15
4,5,15,3,2,2,-1,64,0,0,-1,10
4,6,0,1,4,2,-1,5,0,0,-1,10
4,6,0,2,4,2,-1,20,0,0,-1,5
4,6,0,3,4,2,-1,80,0,0,-1,10
4,6,1,1,4,3,-1,8,0,0,-1,10
4,6,1,2,4,3,-1,32,0,0,-1,5
4,6,1,3,4,3,-1,128,0,0,-1,10
4,6,2,1,4,1,-1,6,0,0,-1,10
4,6,2,2,4,1,-1,31,0,0,-1,5
4,6,2,3,4,1,-1,121,0,0,-1,10
4,6,3,1,4,2,-1,8,0,0,-1,10
4,6,3,2,4,2,-1,30,0,0,-1,5
4,6,3,3,4,2,-1,124,0,0,-1,10
4,6,4,1,4,1,-1,8,0,0,-1,10
4,6,4,2,4,1,-1,32,0,0,-1,5
4,6,4,3,4,1,-1,128,0,0,-1,10
4,6,5,1,4,2,-1,8,0,0,-1,10
4,6,5,2,4,2,-1,7,0,2,-1,1
4,6,5,3,4,2,-1,127,0,0,-1,10
4,6,7,1,4,1,-1,8,0,0,-1,10
4,6,7,2,4,1,-1,32,0,0,-1,5
4,6,7,3,4,1,-1,128,0,0,-1,10
4,6,8,1,4,3,-1,8,0,0,-1,10
4,6,8,2,4,3,-1,28,0,0,-1,5
4,6,8,3,4,3,-1,106,0,0,-1,10
4,6,9,1,4,4,-1,8,0,0,-1,10
4,6,9,2,4,4,-1,32,0,0,-1,5
4,6,9,3,4,4,-1,128,0,0,-1,10
4,6,10,1,4,2,-1,6,0,1,-1,11
4,6,10,2,4,2,-1,25,0,0,-1,5
4,6,10,3,4,2,-1,107,0,4,-1,2
4,6,11,1,4,3,-1,8,0,0,-1,10
4,6,11,2,4,3,-1,28,0,0,-1,5
4,6,11,3,4,3,-1,106,0,0,-1,10
4,6,12,1,4,2,-1,8,0,0,-1,10
4,6,12,2,4,2,-1,30,0,0,-1,5
4,6,12,3,4,2,-1,124,0,0,-1,10
4,6,13,1,4,3,-1,8,0,0,-1,10
4,6,13,2,4,3,-1,32,0,0,-1,5
4,6,13,3,4,3,-1,128,0,0,-1,10
4,6,14,1,4,1,-1,6,0,0,-1,10
4,6,14,2,4,1,-1,31,0,0,-1,5
4,6,14,3,4,1,-1,121,0,0,-1,10
4,6,15,1,4,2,-1,5,0,0,-1,10
4,6,15,2,4,2,-1,20,0,0,-1,5
4,6,15,3,4,2,-1,80,0,0,-1,10
4,7,0,1,4,3,-1,5,0,0,-1,11
4,7,0,2,4,3,-1,20,0,0,-1,13
4,7,0,3,4,3,-1,92,0,0,-1,14
4,7,1,1,4,2,-1,8,0,0,-1,11
4,7,1,2,4,2,-1,30,0,0,-1,13
4,7,1,3,4,2,-1,128,0,0,-1,14
4,7,2,1,4,2,-1,8,0,0,-1,11
4,7,2,2,4,2,-1,30,0,0,-1,13
4,7,2,3,4,2,-1,110,0,0,-1,14
4,7,3,1,4,1,-1,6,0,0,-1,11
4,7,3,2,4,1,-1,31,0,0,-1,13
4,7,3,3,4,1,-1,121,0,0,-1,14
4,7,4,1,4,2,-1,8,0,0,-1,11
4,7,4,2,4,2,-1,32,0,0,-1,13
4,7,4,3,4,2,-1,128,0,0,-1,14
4,7,5,1,4,1,-1,8,0,0,-1,11
4,7,5,2,4,1,-1,16,0,0,-1,13
4,7,5,3,4,1,-1,128,0,0,-1,14
4,7,6,1,4,1,-1,8,0,0,-1,11
4,7,6,2,4,1,-1,32,0,0,-1,13
4,7,6,3,4,1,-1,128,0,0,-1,14
4,7,8,1,4,4,-1,8,0,0,-1,11
4,7,8,2,4,4,-1,24,0,0,-1,13
4,7,8,3,4,4,-1,126,0,0,-1,14
4,7,9,1,4,3,-1,8,0,0,-1,11
4,7,9,2,4,3,-1,32,0,0,-1,13
4,7,9,3,4,3,-1,128,0,0,-1,14
4,7,10,1,4,3,-1,7,0,0,-1,11
4,7,10,2,4,3,-1,20,0,0,-1,13
4,7,10,3,4,3,-1,122,0,0,-1,14
4,7,11,1,4,2,-1,6,0,2,-1,15
4,7,11,2,4,2,-1,30,0,0,-1,13
4,7,11,3,4,2,-1,102,0,0,-1,14
4,7,12,1,4,3,-1,8,0,0,-1,11
4,7,12,2,4,3,-1,28,0,0,-1,13
4,7,12,3,4,3,-1,106,0,0,-1,14
4,7,13,1,4,2,-1,8,0,0,-1,11
4,7,13,2,4,2,-1,0,16,16,0,7
4,7,13,3,4,2,-1,128,0,0,-1,14
4,7,14,1,4,2,-1,6,0,0,-1,11
4,7,14,2,4,2,-1,30,0,0,-1,13
4,7,14,3,4,2,-1,102,0,12,-1,10
4,7,15,1,4,1,-1,4,0,0,-1,11
4,7,15,2,4,1,-1,16,0,0,-1,13
4,7,15,3,4,1,-1,64,0,0,-1,14
4,8,0,1,4,1,-1,4,0,0,-1,1
4,8,0,2,4,1,-1,16,0,0,-1,2
4,8,0,3,4,1,-1,64,0,0,-1,4
4,8,1,1,4,2,-1,6,0,1,-1,3
4,8,1,2,4,2,-1,30,0,0,-1,2
4,8,1,3,4,2,-1,102,0,0,-1,4
4,8,2,1,4,2,-1,8,0,0,-1,1
4,8,2,2,4,2,-1,0,16,1,0,8
4,8,2,3,4,2,-1,128,0,0,-1,4
4,8,3,1,4,3,-1,8,0,0,-1,1
4,8,3,2,4,3,-1,32,0,0,-1,2
4,8,3,3,4,3,-1,128,0,0,-1,4
4,8,4,1,4,2,-1,6,0,0,-1,1
4,8,4,2,4,2,-1,30,0,0,-1,2
4,8,4,3,4,2,-1,102,0,1,-1,0
4,8,5,1,4,3,-1,7,0,0,-1,1
4,8,5,2,4,3,-1,20,0,0,-1,2
4,8,5,3,4,3,-1,122,0,0,-1,4
4,8,6,1,4,3,-1,8,0,0,-1,1
4,8,6,2,4,3,-1,28,0,0,-1,2
4,8,6,3,4,3,-1,106,0,0,-1,4
4,8,7,1,4,4,-1,8,0,0,-1,1
4,8,7,2,4,4,-1,24,0,0,-1,2
4,8,7,3,4,4,-1,126,0,0,-1,4
4,8,9,1,4,1,-1,6,0,0,-1,1
4,8,9,2,4,1,-1,31,0,0,-1,2
4,8,9,3,4,1,-1,121,0,0,-1,4
4,8,10,1,4,1,-1,8,0,0,-1,1
4,8,10,2,4,1,-1,16,0,0,-1,2
4,8,10,3,4,1,-1,128,0,0,-1,4
4,8,11,1,4,2,-1,8,0,0,-1,1
4,8,11,2,4,2,-1,30,0,0,-1,2
4,8,11,3,4,2,-1,128,0,0,-1,4
4,8,12,1,4,1,-1,8,0,0,-1,1
4,8,12,2,4,1,-1,32,0,0,-1,2
4,8,12,3,4,1,-1,128,0,0,-1,4
4,8,13,1,4,2,-1,8,0,0,-1,1
4,8,13,2,4,2,-1,30,0,0,-1,2
4,8,13,3,4,2,-1,110,0,0,-1,4
4,8,14,1,4,2,-1,8,0,0,-1,1
4,8,14,2,4,2,-1,32,0,0,-1,2
4,8,14,3,4,2,-1,128,0,0,-1,4
4,8,15,1,4,3,-1,5,0,0,-1,1
4,8,15,2,4,3,-1,20,0,0,-1,2
4,8,15,3,4,3,-1,92,0,0,-1,4
4,9,0,1,4,2,-1,5,0,0,-1,10
4,9,0,2,4,2,-1,20,0,0,-1,5
4,9,0,3,4,2,-1,80,0,0,-1,10
4,9,1,1,4,1,-1,8,0,0,-1,10
4,9,1,2,4,1,-1,32,0,0,-1,5
4,9,1,3,4,1,-1,128,0,0,-1,10
4,9,2,1,4,3,-1,8,0,0,-1,10
4,9,2,2,4,3,-1,28,0,0,-1,5
4,9,2,3,4,3,-1,106,0,0,-1,10
4,9,3,1,4,2,-1,8,0,0,-1,10
4,9,3,2,4,2,-1,30,0,0,-1,5
4,9,3,3,4,2,-1,124,0,0,-1,10
4,9,4,1,4,3,-1,8,0,0,-1,10
4,9,4,2,4,3,-1,32,0,0,-1,5
4,9,4,3,4,3,-1,128,0,0,-1,10
4,9,5,1,4,2,-1,8,0,0,-1,10
4,9,5,2,4,2,-1,7,0,2,-1,4
4,9,5,3,4,2,-1,127,0,0,-1,10
4,9,6,1,4,4,-1,8,0,0,-1,10
4,9,6,2,4,4,-1,32,0,0,-1,5
4,9,6,3,4,4,-1,128,0,0,-1,10
4,9,7,1,4,3,-1,8,0,0,-1,10
4,9,7,2,4,3,-1,32,0,0,-1,5
4,9,7,3,4,3,-1,128,0,0,-1,10
4,9,8,1,4,1,-1,6,0,0,-1,10
4,9,8,2,4,1,-1,31,0,0,-1,5
4,9,8,3,4,1,-1,121,0,0,-1,10
4,9,10,1,4,2,-1,6,0,1,-1,14
4,9,10,2,4,2,-1,25,0,0,-1,5
4,9,10,3,4,2,-1,107,0,4,-1,8
4,9,11,1,4,1,-1,6,0,0,-1,10
4,9,11,2,4,1,-1,31,0,0,-1,5
4,9,11,3,4,1,-1,121,0,0,-1,10
4,9,12,1,4,2,-1,8,0,0,-1,10
4,9,12,2,4,2,-1,30,0,0,-1,5
4,9,12,3,4,2,-1,124,0,0,-1,10
4,9,13,1,4,1,-1,8,0,0,-1,10
4,9,13,2,4,1,-1,32,0,0,-1,5
4,9,13,3,4,1,-1,128,0,0,-1,10
4,9,14,1,4,3,-1,8,0,0,-1,10
4,9,14,2,4,3,-1,28,0,0,-1,5
4,9,14,3,4,3,-1,106,0,0,-1,10
4,9,15,1,4,2,-1,5,0,0,-1,10
4,9,15,2,4,2,-1,20,0,0,-1,5
4,9,15,3,4,2,-1,80,0,0,-1,10
4,10,0,1,2,2,-1,4,0,0,-1,5
4,10,0,2,2,2,-1,0,16,1,0,0
4,10,0,3,2,2,-1,64,0,0,-1,5
4,10,1,1,4,3,-1,7,0,0,-1,5
4,10,1,2,4,3,-1,20,0,1,-1,2
4,10,1,3,4,3,-1,122,0,0,-1,5
4,10,2,1,4,1,-1,8,0,0,-1,5
4,10,2,2,4,1,-1,16,0,1,-1,8
4,10,2,3,4,1,-1,128,0,0,-1,5
4,10,3,1,4,2,-1,8,0,0,-1,5
4,10,3,2,4,2,-1,7,0,5,-1,8
4,10,3,3,4,2,-1,127,0,0,-1,5
4,10,4,1,4,3,-1,7,0,0,-1,5
4,10,4,2,4,3,-1,20,0,1,-1,8
4,10,4,3,4,3,-1,122,0,0,-1,5
4,10,5,1,2,4,23,0,0,-1,-1,-1
4,10,5,2,2,4,-1,0,4,11,10,5
4,10,5,3,2,4,-1,0,16,22,20,10
4,10,6,1,4,2,-1,6,0,0,-1,5
4,10,6,2,4,2,-1,25,0,1,-1,8
4,10,6,3,4,2,-1,107,0,0,-1,5
4,10,7,1,4,3,-1,7,0,0,-1,5
4,10,7,2,4,3,-1,20,0,11,-1,4
4,10,7,3,4,3,-1,122,0,0,-1,5
4,10,8,1,4,1,-1,8,0,0,-1,5
4,10,8,2,4,1,-1,16,0,1,-1,2
4,10,8,3,4,1,-1,128,0,0,-1,5
4,10,9,1,4,2,-1,6,0,0,-1,5
4,10,9,2,4,2,-1,25,0,1,-1,2
4,10,9,3,4,2,-1,107,0,0,-1,5
4,10,11,1,4,1,-1,8,0,0,-1,5
4,10,11,2,4,1,-1,16,0,16,-1,14
4,10,11,3,4,1,-1,128,0,0,-1,5
4,10,12,1,4,2,-1,8,0,0,-1,5
4,10,12,2,4,2,-1,7,0,5,-1,2
4,10,12,3,4,2,-1,127,0,0,-1,5
4,10,13,1,4,3,-1,7,0,0,-1,5
4,10,13,2,4,3,-1,20,0,11,-1,1
4,10,13,3,4,3,-1,122,0,0,-1,5
4,10,14,1,4,1,-1,8,0,0,-1,5
4,10,14,2,4,1,-1,16,0,16,-1,11
4,10,14,3,4,1,-1,128,0,0,-1,5
4,10,15,1,2,2,-1,4,0,0,-1,5
4,10,15,2,2,2,-1,0,16,16,0,15
4,10,15,3,2,2,-1,64,0,0,-1,5
4,11,0,1,4,3,-1,5,0,0,-1,13
4,11,0,2,4,3,-1,20,0,0,-1,14
4,11,0,3,4,3,-1,92,0,0,-1,7
4,11,1,1,4,2,-1,8,0,0,-1,13
4,11,1,2,4,2,-1,30,0,0,-1,14
4,11,1,3,4,2,-1,110,0,0,-1,7
4,11,2,1,4,2,-1,8,0,0,-1,13
4,11,2,2,4,2,-1,32,0,0,-1,14
4,11,2,3,4,2,-1,128,0,0,-1,7
4,11,3,1,4,1,-1,8,0,0,-1,13
4,11,3,2,4,1,-1,32,0,0,-1,14
4,11,3,3,4,1,-1,128,0,0,-1,7
4,11,4,1,4,4,-1,8,0,0,-1,13
4,11,4,2,4,4,-1,24,0,0,-1,14
4,11,4,3,4,4,-1,126,0,0,-1,7
4,11,5,1,4,3,-1,7,0,0,-1,13
4,11,5,2,4,3,-1,20,0,0,-1,14
4,11,5,3,4,3,-1,122,0,0,-1,7
4,11,6,1,4,3,-1,8,0,0,-1,13
4,11,6,2,4,3,-1,28,0,0,-1,14
4,11,6,3,4,3,-1,106,0,0,-1,7
4,11,7,1,4,2,-1,6,0,0,-1,13
4,11,7,2,4,2,-1,30,0,0,-1,14
4,11,7,3,4,2,-1,102,0,12,-1,5
4,11,8,1,4,2,-1,8,0,0,-1,13
4,11,8,2,4,2,-1,30,0,0,-1,14
4,11,8,3,4,2,-1,128,0,0,-1,7
4,11,9,1,4,1,-1,6,0,0,-1,13
4,11,9,2,4,1,-1,31,0,0,-1,14
4,11,9,3,4,1,-1,121,0,0,-1,7
4,11,10,1,4,1,-1,8,0,0,-1,13
4,11,10,2,4,1,-1,16,0,0,-1,14
4,11,10,3,4,1,-1,128,0,0,-1,7
4,11,12,1,4,3,-1,8,0,0,-1,13
4,11,12,2,4,3,-1,32,0,0,-1,14
4,11,12,3,4,3,-1,128,0,0,-1,7
4,11,13,1,4,2,-1,6,0,2,-1,15
4,11,13,2,4,2,-1,30,0,0,-1,14
4,11,13,3,4,2,-1,102,0,0,-1,7
4,11,14,1,4,2,-1,8,0,0,-1,13
4,11,14,2,4,2,-1,0,16,16,0,11
4,11,14,3,4,2,-1,128,0,0,-1,7
4,11,15,1,4,1,-1,4,0,0,-1,13
4,11,15,2,4,1,-1,16,0,0,-1,14
4,11,15,3,4,1,-1,64,0,0,-1,7
4,12,0,1,4,2,-1,5,0,0,-1,5
4,12,0,2,4,2,-1,20,0,0,-1,10
4,12,0,3,4,2,-1,80,0,0,-1,5
4,12,1,1,4,3,-1,8,0,0,-1,5
4,12,1,2,4,3,-1,28,0,0,-1,10
4,12,1,3,4,3,-1,106,0,0,-1,5
4,12,2,1,4,3,-1,8,0,0,-1,5
4,12,2,2,4,3,-1,32,0,0,-1,10
4,12,2,3,4,3,-1,128,0,0,-1,5
4,12,3,1,4,4,-1,8,0,0,-1,5
4,12,3,2,4,4,-1,32,0,0,-1,10
4,12,3,3,4,4,-1,128,0,0,-1,5
4,12,4,1,4,1,-1,6,0,0,-1,5
4,12,4,2,4,1,-1,31,0,0,-1,10
4,12,4,3,4,1,-1,121,0,0,-1,5
4,12,5,1,4,2,-1,6,0,1,-1,7
4,12,5,2,4,2,-1,25,0,0,-1,10
4,12,5,3,4,2,-1,107,0,4,-1,4
4,12,6,1,4,2,-1,8,0,0,-1,5
4,12,6,2,4,2,-1,30,0,0,-1,10
4,12,6,3,4,2,-1,124,0,0,-1,5
4,12,7,1,4,3,-1,8,0,0,-1,5
4,12,7,2,4,3,-1,28,0,0,-1,10
4,12,7,3,4,3,-1,106,0,0,-1,5
4,12,8,1,4,1,-1,8,0,0,-1,5
4,12,8,2,4,1,-1,32,0,0,-1,10
4,12,8,3,4,1,-1,128,0,0,-1,5
4,12,9,1,4,2,-1,8,0,0,-1,5
4,12,9,2,4,2,-1,30,0,0,-1,10
4,12,9,3,4,2,-1,124,0,0,-1,5
4,12,10,1,4,2,-1,8,0,0,-1,5
4,12,10,2,4,2,-1,7,0,2,-1,2
4,12,10,3,4,2,-1,127,0,0,-1,5
4,12,11,1,4,3,-1,8,0,0,-1,5
4,12,11,2,4,3,-1,32,0,0,-1,10
4,12,11,3,4,3,-1,128,0,0,-1,5
4,12,13,1,4,1,-1,6,0,0,-1,5
4,12,13,2,4,1,-1,31,0,0,-1,10
4,12,13,3,4,1,-1,121,0,0,-1,5
4,12,14,1,4,1,-1,8,0,0,-1,5
4,12,14,2,4,1,-1,32,0,0,-1,10
4,12,14,3,4,1,-1,128,0,0,-1,5
4,12,15,1,4,2,-1,5,0,0,-1,5
4,12,15,2,4,2,-1,20,0,0,-1,10
4,12,15,3,4,2,-1,80,0,0,-1,5
4,13,0,1,4,3,-1,5,0,0,-1,14
4,13,0,2,4,3,-1,20,0,0,-1,7
4,13,0,3,4,3,-1,92,0,0,-1,11
4,13,1,1,4,2,-1,8,0,0,-1,14
4,13,1,2,4,2,-1,32,0,0,-1,7
4,13,1,3,4,2,-1,128,0,0,-1,11
4,13,2,1,4,4,-1,8,0,0,-1,14
4,13,2,2,4,4,-1,24,0,0,-1,7
4,13,2,3,4,4,-1,126,0,0,-1,11
4,13,3,1,4,3,-1,8,0,0,-1,14
4,13,3,2,4,3,-1,28,0,0,-1,7
4,13,3,3,4,3,-1,106,0,0,-1,11
4,13,4,1,4,2,-1,8,0,0,-1,14
4,13,4,2,4,2,-1,30,0,0,-1,7
4,13,4,3,4,2,-1,128,0,0,-1,11
4,13,5,1,4,1,-1,8,0,0,-1,14
4,13,5,2,4,1,-1,16,0,0,-1,7
4,13,5,3,4,1,-1,128,0,0,-1,11
4,13,6,1,4,3,-1,8,0,0,-1,14
4,13,6,2,4,3,-1,32,0,0,-1,7
4,13,6,3,4,3,-1,128,0,0,-1,11
4,13,7,1,4,2,-1,8,0,0,-1,14
4,13,7,2,4,2,-1,0,16,16,0,13
4,13,7,3,4,2,-1,128,0,0,-1,11
4,13,8,1,4,2,-1,8,0,0,-1,14
4,13,8,2,4,2,-1,30,0,0,-1,7
4,13,8,3,4,2,-1,110,0,0,-1,11
4,13,9,1,4,1,-1,8,0,0,-1,14
4,13,9,2,4,1,-1,32,0,0,-1,7
4,13,9,3,4,1,-1,128,0,0,-1,11
4,13,10,1,4,3,-1,7,0,0,-1,14
4,13,10,2,4,3,-1,20,0,0,-1,7
4,13,10,3,4,3,-1,122,0,0,-1,11
4,13,11,1,4,2,-1,6,0,0,-1,14
4,13,11,2,4,2,-1,30,0,0,-1,7
4,13,11,3,4,2,-1,102,0,12,-1,10
4,13,12,1,4,1,-1,6,0,0,-1,14
4,13,12,2,4,1,-1,31,0,0,-1,7
4,13,12,3,4,1,-1,121,0,0,-1,11
4,13,14,1,4,2,-1,6,0,2,-1,15
4,13,14,2,4,2,-1,30,0,0,-1,7
4,13,14,3,4,2,-1,102,0,0,-1,11
4,13,15,1,4,1,-1,4,0,0,-1,14
4,13,15,2,4,1,-1,16,0,0,-1,7
4,13,15,3,4,1,-1,64,0,0,-1,11
4,14,0,1,4,3,-1,5,0,0,-1,7
4,14,0,2,4,3,-1,20,0,0,-1,11
4,14,0,3,4,3,-1,92,0,0,-1,13
4,14,1,1,4,4,-1,8,0,0,-1,7
4,14,1,2,4,4,-1,24,0,0,-1,11
4,14,1,3,4,4,-1,126,0,0,-1,13
4,14,2,1,4,2,-1,8,0,0,-1,7
4,14,2,2,4,2,-1,30,0,0,-1,11
4,14,2,3,4,2,-1,128,0,0,-1,13
4,14,3,1,4,3,-1,8,0,0,-1,7
4,14,3,2,4,3,-1,32,0,0,-1,11
4,14,3,3,4,3,-1,128,0,0,-1,13
4,14,4,1,4,2,-1,8,0,0,-1,7
4,14,4,2,4,2,-1,30,0,0,-1,11
4,14,4,3,4,2,-1,110,0,0,-1,13
4,14,5,1,4,3,-1,7,0,0,-1,7
4,14,5,2,4,3,-1,20,0,0,-1,11
4,14,5,3,4,3,-1,122,0,0,-1,13
4,14,6,1,4,1,-1,6,0,0,-1,7
4,14,6,2,4,1,-1,31,0,0,-1,11
4,14,6,3,4,1,-1,121,0,0,-1,13
4,14,7,1,4,2,-1,6,0,2,-1,15
4,14,7,2,4,2,-1,30,0,0,-1,11
4,14,7,3,4,2,-1,102,0,0,-1,13
4,14,8,1,4,2,-1,8,0,0,-1,7
4,14,8,2,4,2,-1,32,0,0,-1,11
4,14,8,3,4,2,-1,128,0,0,-1,13
4,14,9,1,4,3,-1,8,0,0,-1,7
4,14,9,2,4,3,-1,28,0,0,-1,11
4,14,9,3,4,3,-1,106,0,0,-1,13
4,14,10,1,4,1,-1,8,0,0,-1,7
4,14,10,2,4,1,-1,16,0,0,-1,11
4,14,10,3,4,1,-1,128,0,0,-1,13
4,14,11,1,4,2,-1,8,0,0,-1,7
4,14,11,2,4,2,-1,0,16,16,0,14
4,14,11,3,4,2,-1,128,0,0,-1,13
4,14,12,1,4,1,-1,8,0,0,-1,7
4,14,12,2,4,1,-1,32,0,0,-1,11
4,14,12,3,4,1,-1,128,0,0,-1,13
4,14,13,1,4,2,-1,6,0,0,-1,7
4,14,13,2,4,2,-1,30,0,0,-1,11
4,14,13,3,4,2,-1,102,0,12,-1,5
4,14,15,1,4,1,-1,4,0,0,-1,7
4,14,15,2,4,1,-1,16,0,0,-1,11
4,14,15,3,4,1,-1,64,0,0,-1,13
4,15,0,1,1,4,232,0,0,-1,-1,-1
4,15,0,2,1,4,-1,0,4,11,10,0
4,15,0,3,1,4,-1,0,16,22,20,0
4,15,1,1,4,3,-1,5,0,3,-1,3
4,15,1,2,4,3,-1,20,0,6,-1,7
4,15,1,3,4,3,-1,92,0,13,-1,11
4,15,2,1,4,3,-1,5,0,3,-1,6
4,15,2,2,4,3,-1,20,0,6,-1,14
4,15,2,3,4,3,-1,92,0,13,-1,7
4,15,3,1,4,2,-1,5,0,3,-1,7
4,15,3,2,4,2,-1,20,0,12,-1,11
4,15,3,3,4,2,-1,80,0,48,-1,13
4,15,4,1,4,3,-1,5,0,3,-1,12
4,15,4,2,4,3,-1,20,0,6,-1,13
4,15,4,3,4,3,-1,92,0,13,-1,14
4,15,5,1,2,2,-1,4,0,4,-1,10
4,15,5,2,2,2,-1,0,16,16,0,5
4,15,5,3,2,2,-1,64,0,64,-1,10
4,15,6,1,4,2,-1,5,0,3,-1,14
4,15,6,2,4,2,-1,20,0,12,-1,7
4,15,6,3,4,2,-1,80,0,48,-1,11
4,15,7,1,4,1,-1,4,0,4,-1,11
4,15,7,2,4,1,-1,16,0,16,-1,13
4,15,7,3,4,1,-1,64,0,64,-1,14
4,15,8,1,4,3,-1,5,0,3,-1,9
4,15,8,2,4,3,-1,20,0,6,-1,11
4,15,8,3,4,3,-1,92,0,13,-1,13
4,15,9,1,4,2,-1,5,0,3,-1,11
4,15,9,2,4,2,-1,20,0,12,-1,13
4,15,9,3,4,2,-1,80,0,48,-1,14
4,15,10,1,2,2,-1,4,0,4,-1,5
4,15,10,2,2,2,-1,0,16,16,0,10
4,15,10,3,2,2,-1,64,0,64,-1,5
4,15,11,1,4,1,-1,4,0,4,-1,13
4,15,11,2,4,1,-1,16,0,16,-1,14
4,15,11,3,4,1,-1,64,0,64,-1,7
4,15,12,1,4,2,-1,5,0,3,-1,13
4,15,12,2,4,2,-1,20,0,12,-1,14
4,15,12,3,4,2,-1,80,0,48,-1,7
4,15,13,1,4,1,-1,4,0,4,-1,14
4,15,13,2,4,1,-1,16,0,16,-1,7
4,15,13,3,4,1,-1,64,0,64,-1,11
4,15,14,1,4,1,-1,4,0,4,-1,7
4,15,14,2,4,1,-1,16,0,16,-1,11
4,15,14,3,4,1,-1,64,0,64,-1,13
5,0,1,1,5,1,-1,4,0,1,-1,2
5,0,1,2,5,1,-1,16,0,1,-1,4
5,0,1,3,5,1,-1,64,0,1,-1,8
5,0,2,1,5,1,-1,4,0,1,-1,4
5,0,2,2,5,1,-1,16,0,1,-1,8
5,0,2,3,5,1,-1,64,0,1,-1,16
5,0,3,1,5,2,-1,5,0,1,-1,4
5,0,3,2,5,2,-1,20,0,1,-1,8
5,0,3,3,5,2,-1,80,0,1,-1,16
5,0,4,1,5,1,-1,4,0,1,-1,8
5,0,4,2,5,1,-1,16,0,1,-1,16
5,0,4,3,5,1,-1,64,0,1,-1,1
5,0,5,1,5,2,-1,4,0,1,-1,10
5,0,5,2,5,2,-1,16,0,1,-1,20
5,0,5,3,5,2,-1,64,0,1,-1,9
5,0,6,1,5,2,-1,5,0,1,-1,8
5,0,6,2,5,2,-1,20,0,1,-1,16
5,0,6,3,5,2,-1,80,0,1,-1,1
5,0,7,1,5,3,-1,5,0,1,-1,8
5,0,7,2,5,3,-1,22,0,1,-1,16
5,0,7,3,5,3,-1,92,0,1,-1,1
5,0,8,1,5,1,-1,4,0,1,-1,16
5,0,8,2,5,1,-1,16,0,1,-1,1
5,0,8,3,5,1,-1,64,0,1,-1,2
5,0,9,1,5,2,-1,4,0,1,-1,18
5,0,9,2,5,2,-1,16,0,1,-1,5
5,0,9,3,5,2,-1,64,0,1,-1,10
5,0,10,1,5,2,-1,4,0,1,-1,20
5,0,10,2,5,2,-1,16,0,1,-1,9
5,0,10,3,5,2,-1,64,0,1,-1,18
5,0,11,1,5,3,-1,5,0,1,-1,20
5,0,11,2,5,3,-1,18,0,1,-1,9
5,0,11,3,5,3,-1,85,0,1,-1,18
5,0,12,1,5,2,-1,5,0,1,-1,16
5,0,12,2,5,2,-1,20,0,1,-1,1
5,0,12,3,5,2,-1,80,0,1,-1,2
5,0,13,1,5,3,-1,5,0,1,-1,18
5,0,13,2,5,3,-1,18,0,1,-1,5
5,0,13,3,5,3,-1,85,0,1,-1,10
5,0,14,1,5,3,-1,5,0,1,-1,16
5,0,14,2,5,3,-1,22,0,1,-1,1
5,0,14,3,5,3,-1,92,0,1,-1,2
5,0,15,1,5,4,-1,5,0,1,-1,16
5,0,15,2,5,4,-1,20,0,1,-1,1
5,0,15,3,5,4,-1,96,0,1,-1,2
5,0,16,1,5,1,-1,4,0,1,-1,1
5,0,16,2,5,1,-1,16,0,1,-1,2
5,0,16,3,5,1,-1,64,0,1,-1,4
5,0,17,1,5,2,-1,5,0,1,-1,2
5,0,17,2,5,2,-1,20,0,1,-1,4
5,0,17,3,5,2,-1,80,0,1,-1,8
5,0,18,1,5,2,-1,4,0,1,-1,5
5,0,18,2,5,2,-1,16,0,1,-1,10
5,0,18,3,5,2,-1,64,0,1,-1,20
5,0,19,1,5,3,-1,5,0,1,-1,4
5,0,19,2,5,3,-1,22,0,1,-1,8
5,0,19,3,5,3,-1,92,0,1,-1,16
5,0,20,1,5,2,-1,4,0,1,-1,9
5,0,20,2,5,2,-1,16,0,1,-1,18
5,0,20,3,5,2,-1,64,0,1,-1,5
5,0,21,1,5,3,-1,5,0,1,-1,10
5,0,21,2,5,3,-1,18,0,1,-1,20
5,0,21,3,5,3,-1,85,0,1,-1,9
5,0,22,1,5,3,-1,5,0,1,-1,9
5,0,22,2,5,3,-1,18,0,1,-1,18
5,0,22,3,5,3,-1,85,0,1,-1,5
5,0,23,1,5,4,-1,5,0,1,-1,8
5,0,23,2,5,4,-1,20,0,1,-1,16
5,0,23,3,5,4,-1,96,0,1,-1,1
5,0,24,1,5,2,-1,5,0,1,-1,1
5,0,24,2,5,2,-1,20,0,1,-1,2
5,0,24,3,5,2,-1,80,0,1,-1,4
5,0,25,1,5,3,-1,5,0,1,-1,2
5,0,25,2,5,3,-1,22,0,1,-1,4
5,0,25,3,5,3,-1,92,0,1,-1,8
5,0,26,1,5,3,-1,5,0,1,-1,5
5,0,26,2,5,3,-1,18,0,1,-1,10
5,0,26,3,5,3,-1,85,0,1,-1,20
5,0,27,1,5,4,-1,5,0,1,-1,4
5,0,27,2,5,4,-1,20,0,1,-1,8
5,0,27,3,5,4,-1,96,0,1,-1,16
5,0,28,1,5,3,-1,5,0,1,-1,1
5,0,28,2,5,3,-1,22,0,1,-1,2
5,0,28,3,5,3,-1,92,0,1,-1,4
5,0,29,1,5,4,-1,5,0,1,-1,2
5,0,29,2,5,4,-1,20,0,1,-1,4
5,0,29,3,5,4,-1,96,0,1,-1,8
5,0,30,1,5,4,-1,5,0,1,-1,1
5,0,30,2,5,4,-1,20,0,1,-1,2
5,0,30,3,5,4,-1,96,0,1,-1,4
5,0,31,1,1,5,232,0,0,-1,-1,-1
5,0,31,2,1,5,-1,0,4,11,10,31
5,0,31,3,1,5,-1,0,16,22,20,31
5,1,0,1,5,1,-1,4,0,0,-1,2
5,1,0,2,5,1,-1,16,0,0,-1,4
5,1,0,3,5,1,-1,64,0,0,-1,8
5,1,2,1,5,2,-1,6,0,1,-1,6
5,1,2,2,5,2,-1,30,0,0,-1,4
5,1,2,3,5,2,-1,128,0,0,-1,8
5,1,3,1,5,1,-1,6,0,0,-1,2
5,1,3,2,5,1,-1,31,0,0,-1,4
5,1,3,3,5,1,-1,124,0,0,-1,8
5,1,4,1,5,2,-1,8,0,0,-1,2
5,1,4,2,5,2,-1,16,0,1,-1,16
5,1,4,3,5,2,-1,64,0,0,-1,8
5,1,5,1,5,1,-1,8,0,0,-1,2
5,1,5,2,5,1,-1,32,0,0,-1,4
5,1,5,3,5,1,-1,128,0,0,-1,8
5,1,6,1,5,3,-1,8,0,0,-1,2
5,1,6,2,5,3,-1,32,0,0,-1,4
5,1,6,3,5,3,-1,124,0,0,-1,8
5,1,7,1,5,2,-1,8,0,0,-1,2
5,1,7,2,5,2,-1,32,0,0,-1,4
5,1,7,3,5,2,-1,121,0,0,-1,8
5,1,8,1,5,2,-1,8,0,0,-1,2
5,1,8,2,5,2,-1,16,0,0,-1,4
5,1,8,3,5,2,-1,64,0,1,-1,2
5,1,9,1,5,1,-1,8,0,0,-1,2
5,1,9,2,5,1,-1,32,0,0,-1,4
5,1,9,3,5,1,-1,128,0,0,-1,8
5,1,10,1,5,3,-1,8,0,0,-1,2
5,1,10,2,5,3,-1,29,0,0,-1,4
5,1,10,3,5,3,-1,126,0,0,-1,8
5,1,11,1,5,2,-1,7,0,0,-1,2
5,1,11,2,5,2,-1,27,0,0,-1,4
5,1,11,3,5,2,-1,127,0,0,-1,8
5,1,12,1,5,3,-1,8,0,0,-1,2
5,1,12,2,5,3,-1,28,0,0,-1,4
5,1,12,3,5,3,-1,128,0,0,-1,8
5,1,13,1,5,2,-1,8,0,0,-1,2
5,1,13,2,5,2,-1,29,0,0,-1,4
5,1,13,3,5,2,-1,128,0,0,-1,8
5,1,14,1,5,4,-1,8,0,0,-1,2
5,1,14,2,5,4,-1,32,0,0,-1,4
5,1,14,3,5,4,-1,128,0,0,-1,8
5,1,15,1,5,3,-1,8,0,0,-1,2
5,1,15,2,5,3,-1,30,0,0,-1,4
5,1,15,3,5,3,-1,124,0,0,-1,8
5,1,16,1,5,2,-1,6,0,0,-1,2
5,1,16,2,5,2,-1,30,0,0,-1,4
5,1,16,3,5,2,-1,128,0,0,-1,8
5,1,17,1,5,1,-1,8,0,0,-1,2
5,1,17,2,5,1,-1,32,0,0,-1,4
5,1,17,3,5,1,-1,128,0,0,-1,8
5,1,18,1,5,3,-1,7,0,0,-1,2
5,1,18,2,5,3,-1,31,0,0,-1,4
5,1,18,3,5,3,-1,128,0,0,-1,8
5,1,19,1,5,2,-1,8,0,0,-1,2
5,1,19,2,5,2,-1,30,0,0,-1,4
5,1,19,3,5,2,-1,125,0,0,-1,8
5,1,20,1,5,3,-1,8,0,0,-1,2
5,1,20,2,5,3,-1,32,0,0,-1,4
5,1,20,3,5,3,-1,109,0,0,-1,8
5,1,21,1,5,2,-1,8,0,0,-1,2
5,1,21,2,5,2,-1,30,0,0,-1,4
5,1,21,3,5,2,-1,128,0,0,-1,8
5,1,22,1,5,4,-1,8,0,0,-1,2
5,1,22,2,5,4,-1,30,0,0,-1,4
5,1,22,3,5,4,-1,128,0,0,-1,8
5,1,23,1,5,3,-1,8,0,0,-1,2
5,1,23,2,5,3,-1,32,0,0,-1,4
5,1,23,3,5,3,-1,124,0,0,-1,8
5,1,24,1,5,3,-1,8,0,0,-1,2
5,1,24,2,5,3,-1,29,0,0,-1,4
5,1,24,3,5,3,-1,119,0,0,-1,8
5,1,25,1,5,2,-1,8,0,0,-1,2
5,1,25,2,5,2,-1,32,0,0,-1,4
5,1,25,3,5,2,-1,128,0,0,-1,8
5,1,26,1,5,4,-1,8,0,0,-1,2
5,1,26,2,5,4,-1,28,0,0,-1,4
5,1,26,3,5,4,-1,122,0,0,-1,8
5,1,27,1,5,3,-1,8,0,0,-1,2
5,1,27,2,5,3,-1,32,0,0,-1,4
5,1,27,3,5,3,-1,122,0,0,-1,8
5,1,28,1,5,4,-1,8,0,0,-1,2
5,1,28,2,5,4,-1,30,0,0,-1,4
5,1,28,3,5,4,-1,122,0,0,-1,8
5,1,29,1,5,3,-1,8,0,0,-1,2
5,1,29,2,5,3,-1,32,0,0,-1,4
5,1,29,3,5,3,-1,128,0,0,-1,8
5,1,30,1,5,5,-1,8,0,0,-1,2
5,1,30,2,5,5,-1,24,0,0,-1,4
5,1,30,3,5,5,-1,128,0,0,-1,8
5,1,31,1,5,4,-1,5,0,0,-1,2
5,1,31,2,5,4,-1,20,0,0,-1,4
5,1,31,3,5,4,-1,96,0,0,-1,8
5,2,0,1,5,1,-1,4,0,0,-1,4
5,2,0,2,5,1,-1,16,0,0,-1,8
5,2,0,3,5,1,-1,64,0,0,-1,16
5,2,1,1,5,2,-1,6,0,0,-1,4
5,2,1,2,5,2,-1,30,0,0,-1,8
5,2,1,3,5,2,-1,128,0,0,-1,16
5,2,3,1,5,1,-1,8,0,0,-1,4
5,2,3,2,5,1,-1,32,0,0,-1,8
5,2,3,3,5,1,-1,128,0,0,-1,16
5,2,4,1,5,2,-1,6,0,1,-1,12
5,2,4,2,5,2,-1,30,0,0,-1,8
5,2,4,3,5,2,-1,128,0,0,-1,16
5,2,5,1,5,3,-1,7,0,0,-1,4
5,2,5,2,5,3,-1,31,0,0,-1,8
5,2,5,3,5,3,-1,128,0,0,-1,16
5,2,6,1,5,1,-1,6,0,0,-1,4
5,2,6,2,5,1,-1,31,0,0,-1,8
5,2,6,3,5,1,-1,124,0,0,-1,16
5,2,7,1,5,2,-1,8,0,0,-1,4
5,2,7,2,5,2,-1,30,0,0,-1,8
5,2,7,3,5,2,-1,125,0,0,-1,16
5,2,8,1,5,2,-1,8,0,0,-1,4
5,2,8,2,5,2,-1,16,0,1,-1,1
5,2,8,3,5,2,-1,64,0,0,-1,16
5,2,9,1,5,3,-1,8,0,0,-1,4
5,2,9,2,5,3,-1,32,0,0,-1,8
5,2,9,3,5,3,-1,109,0,0,-1,16
5,2,10,1,5,1,-1,8,0,0,-1,4
5,2,10,2,5,1,-1,32,0,0,-1,8
5,2,10,3,5,1,-1,128,0,0,-1,16
5,2,11,1,5,2,-1,8,0,0,-1,4
5,2,11,2,5,2,-1,30,0,0,-1,8
5,2,11,3,5,2,-1,128,0,0,-1,16
5,2,12,1,5,3,-1,8,0,0,-1,4
5,2,12,2,5,3,-1,32,0,0,-1,8
5,2,12,3,5,3,-1,124,0,0,-1,16
5,2,13,1,5,4,-1,8,0,0,-1,4
5,2,13,2,5,4,-1,30,0,0,-1,8
5,2,13,3,5,4,-1,128,0,0,-1,16
5,2,14,1,5,2,-1,8,0,0,-1,4
5,2,14,2,5,2,-1,32,0,0,-1,8
5,2,14,3,5,2,-1,121,0,0,-1,16
5,2,15,1,5,3,-1,8,0,0,-1,4
5,2,15,2,5,3,-1,32,0,0,-1,8
5,2,15,3,5,3,-1,124,0,0,-1,16
5,2,16,1,5,2,-1,8,0,0,-1,4
5,2,16,2,5,2,-1,16,0,0,-1,8
5,2,16,3,5,2,-1,64,0,1,-1,4
5,2,17,1,5,3,-1,8,0,0,-1,4
5,2,17,2,5,3,-1,29,0,0,-1,8
5,2,17,3,5,3,-1,119,0,0,-1,16
5,2,18,1,5,1,-1,8,0,0,-1,4
5,2,18,2,5,1,-1,32,0,0,-1,8
5,2,18,3,5,1,-1,128,0,0,-1,16
5,2,19,1,5,2,-1,8,0,0,-1,4
5,2,19,2,5,2,-1,32,0,0,-1,8
5,2,19,3,5,2,-1,128,0,0,-1,16
5,2,20,1,5,3,-1,8,0,0,-1,4
5,2,20,2,5,3,-1,29,0,0,-1,8
5,2,20,3,5,3,-1,126,0,0,-1,16
5,2,21,1,5,4,-1,8,0,0,-1,4
5,2,21,2,5,4,-1,28,0,0,-1,8
5,2,21,3,5,4,-1,122,0,0,-1,16
5,2,22,1,5,2,-1,7,0,0,-1,4
5,2,22,2,5,2,-1,27,0,0,-1,8
5,2,22,3,5,2,-1,127,0,0,-1,16
5,2,23,1,5,3,-1,8,0,0,-1,4
5,2,23,2,5,3,-1,32,0,0,-1,8
5,2,23,3,5,3,-1,122,0,0,-1,16
5,2,24,1,5,3,-1,8,0,0,-1,4
5,2,24,2,5,3,-1,28,0,0,-1,8
5,2,24,3,5,3,-1,128,0,0,-1,16
5,2,25,1,5,4,-1,8,0,0,-1,4
5,2,25,2,5,4,-1,30,0,0,-1,8
5,2,25,3,5,4,-1,122,0,0,-1,16
5,2,26,1,5,2,-1,8,0,0,-1,4
5,2,26,2,5,2,-1,29,0,0,-1,8
5,2,26,3,5,2,-1,128,0,0,-1,16
5,2,27,1,5,3,-1,8,0,0,-1,4
5,2,27,2,5,3,-1,32,0,0,-1,8
5,2,27,3,5,3,-1,128,0,0,-1,16
5,2,28,1,5,4,-1,8,0,0,-1,4
5,2,28,2,5,4,-1,32,0,0,-1,8
5,2,28,3,5,4,-1,128,0,0,-1,16
5,2,29,1,5,5,-1,8,0,0,-1,4
5,2,29,2,5,5,-1,24,0,0,-1,8
5,2,29,3,5,5,-1,128,0,0,-1,16
5,2,30,1,5,3,-1,8,0,0,-1,4
5,2,30,2,5,3,-1,30,0,0,-1,8
5,2,30,3,5,3,-1,124,0,0,-1,16
5,2,31,1,5,4,-1,5,0,0,-1,4
5,2,31,2,5,4,-1,20,0,0,-1,8
5,2,31,3,5,4,-1,96,0,0,-1,16
5,3,0,1,5,2,-1,5,0,0,-1,5
5,3,0,2,5,2,-1,20,0,0,-1,10
5,3,0,3,5,2,-1,80,0,0,-1,20
5,3,1,1,5,1,-1,6,0,0,-1,5
5,3,1,2,5,1,-1,31,0,0,-1,10
5,3,1,3,5,1,-1,124,0,0,-1,20
5,3,2,1,5,1,-1,8,0,0,-1,5
5,3,2,2,5,1,-1,32,0,0,-1,10
5,3,2,3,5,1,-1,128,0,0,-1,20
5,3,4,1,5,3,-1,8,0,0,-1,5
5,3,4,2,5,3,-1,29,0,0,-1,10
5,3,4,3,5,3,-1,119,0,0,-1,20
5,3,5,1,5,2,-1,6,0,1,-1,13
5,3,5,2,5,2,-1,29,0,0,-1,10
5,3,5,3,5,2,-1,127,0,0,-1,20
5,3,6,1,5,2,-1,8,0,0,-1,5
5,3,6,2,5,2,-1,30,0,0,-1,10
5,3,6,3,5,2,-1,126,0,0,-1,20
5,3,7,1,5,1,-1,6,0,0,-1,5
5,3,7,2,5,1,-1,28,0,0,-1,10
5,3,7,3,5,1,-1,124,0,0,-1,20
5,3,8,1,5,3,-1,8,0,0,-1,5
5,3,8,2,5,3,-1,28,0,0,-1,10
5,3,8,3,5,3,-1,128,0,0,-1,20
5,3,9,1,5,2,-1,8,0,0,-1,5
5,3,9,2,5,2,-1,31,0,0,-1,10
5,3,9,3,5,2,-1,127,0,0,-1,20
5,3,10,1,5,2,-1,8,0,0,-1,5
5,3,10,2,5,2,-1,20,0,2,-1,8
5,3,10,3,5,2,-1,128,0,0,-1,20
5,3,11,1,5,1,-1,8,0,0,-1,5
5,3,11,2,5,1,-1,32,0,0,-1,10
5,3,11,3,5,1,-1,128,0,0,-1,20
5,3,12,1,5,4,-1,8,0,0,-1,5
5,3,12,2,5,4,-1,32,0,0,-1,10
5,3,12,3,5,4,-1,128,0,0,-1,20
5,3,13,1,5,3,-1,7,0,0,-1,5
5,3,13,2,5,3,-1,32,0,0,-1,10
5,3,13,3,5,3,-1,124,0,0,-1,20
5,3,14,1,5,3,-1,8,0,0,-1,5
5,3,14,2,5,3,-1,32,0,0,-1,10
5,3,14,3,5,3,-1,126,0,0,-1,20
5,3,15,1,5,2,-1,8,0,0,-1,5
5,3,15,2,5,2,-1,32,0,0,-1,10
5,3,15,3,5,2,-1,121,0,0,-1,20
5,3,16,1,5,3,-1,8,0,0,-1,5
5,3,16,2,5,3,-1,32,0,0,-1,10
5,3,16,3,5,3,-1,124,0,0,-1,20
5,3,17,1,5,2,-1,8,0,0,-1,5
5,3,17,2,5,2,-1,30,0,0,-1,10
5,3,17,3,5,2,-1,126,0,0,-1,20
5,3,18,1,5,2,-1,8,0,0,-1,5
5,3,18,2,5,2,-1,32,0,0,-1,10
5,3,18,3,5,2,-1,128,0,0,-1,20
5,3,19,1,5,1,-1,8,0,0,-1,5
5,3,19,2,5,1,-1,32,0,0,-1,10
5,3,19,3,5,1,-1,128,0,0,-1,20
5,3,20,1,5,4,-1,8,0,0,-1,5
5,3,20,2,5,4,-1,32,0,0,-1,10
5,3,20,3,5,4,-1,112,0,1,-1,21
5,3,21,1,5,3,-1,8,0,0,-1,5
5,3,21,2,5,3,-1,29,0,0,-1,10
5,3,21,3,5,3,-1,122,0,0,-1,20
5,3,22,1,5,3,-1,7,0,0,-1,5
5,3,22,2,5,3,-1,29,0,0,-1,10
5,3,22,3,5,3,-1,127,0,0,-1,20
5,3,23,1,5,2,-1,8,0,0,-1,5
5,3,23,2,5,2,-1,30,0,0,-1,10
5,3,23,3,5,2,-1,125,0,0,-1,20
5,3,24,1,5,4,-1,8,0,0,-1,5
5,3,24,2,5,4,-1,32,0,0,-1,10
5,3,24,3,5,4,-1,128,0,0,-1,20
5,3,25,1,5,3,-1,8,0,0,-1,5
5,3,25,2,5,3,-1,32,0,0,-1,10
5,3,25,3,5,3,-1,128,0,0,-1,20
5,3,26,1,5,3,-1,8,0,0,-1,5
5,3,26,2,5,3,-1,28,0,0,-1,10
5,3,26,3,5,3,-1,128,0,0,-1,20
5,3,27,1,5,2,-1,8,0,0,-1,5
5,3,27,2,5,2,-1,32,0,0,-1,10
5,3,27,3,5,2,-1,128,0,0,-1,20
5,3,28,1,5,5,-1,8,0,0,-1,5
5,3,28,2,5,5,-1,32,0,0,-1,10
5,3,28,3,5,5,-1,124,0,0,-1,20
5,3,29,1,5,4,-1,8,0,0,-1,5
5,3,29,2,5,4,-1,30,0,0,-1,10
5,3,29,3,5,4,-1,122,0,0,-1,20
5,3,30,1,5,4,-1,8,0,0,-1,5
5,3,30,2,5,4,-1,32,0,0,-1,10
5,3,30,3,5,4,-1,128,0,0,-1,20
5,3,31,1,5,3,-1,5,0,0,-1,5
5,3,31,2,5,3,-1,22,0,0,-1,10
5,3,31,3,5,3,-1,92,0,0,-1,20
5,4,0,1,5,1,-1,4,0,0,-1,8
5,4,0,2,5,1,-1,16,0,0,-1,16
5,4,0,3,5,1,-1,64,0,0,-1,1
5,4,1,1,5,2,-1,8,0,0,-1,8
5,4,1,2,5,2,-1,16,0,0,-1,16
5,4,1,3,5,2,-1,64,0,1,-1,8
5,4,2,1,5,2,-1,6,0,0,-1,8
5,4,2,2,5,2,-1,30,0,0,-1,16
5,4,2,3,5,2,-1,128,0,0,-1,1
5,4,3,1,5,3,-1,8,0,0,-1,8
5,4,3,2,5,3,-1,29,0,0,-1,16
5,4,3,3,5,3,-1,119,0,0,-1,1
5,4,5,1,5,1,-1,8,0,0,-1,8
5,4,5,2,5,1,-1,32,0,0,-1,16
5,4,5,3,5,1,-1,128,0,0,-1,1
5,4,6,1,5,1,-1,8,0,0,-1,8
5,4,6,2,5,1,-1,32,0,0,-1,16
5,4,6,3,5,1,-1,128,0,0,-1,1
5,4,7,1,5,2,-1,8,0,0,-1,8
5,4,7,2,5,2,-1,32,0,0,-1,16
5,4,7,3,5,2,-1,128,0,0,-1,1
5,4,8,1,5,2,-1,6,0,1,-1,24
5,4,8,2,5,2,-1,30,0,0,-1,16
5,4,8,3,5,2,-1,128,0,0,-1,1
5,4,9,1,5,3,-1,8,0,0,-1,8
5,4,9,2,5,3,-1,29,0,0,-1,16
5,4,9,3,5,3,-1,126,0,0,-1,1
5,4,10,1,5,3,-1,7,0,0,-1,8
5,4,10,2,5,3,-1,31,0,0,-1,16
5,4,10,3,5,3,-1,128,0,0,-1,1
5,4,11,1,5,4,-1,8,0,0,-1,8
5,4,11,2,5,4,-1,28,0,0,-1,16
5,4,11,3,5,4,-1,122,0,0,-1,1
5,4,12,1,5,1,-1,6,0,0,-1,8
5,4,12,2,5,1,-1,31,0,0,-1,16
5,4,12,3,5,1,-1,124,0,0,-1,1
5,4,13,1,5,2,-1,7,0,0,-1,8
5,4,13,2,5,2,-1,27,0,0,-1,16
5,4,13,3,5,2,-1,127,0,0,-1,1
5,4,14,1,5,2,-1,8,0,0,-1,8
5,4,14,2,5,2,-1,30,0,0,-1,16
5,4,14,3,5,2,-1,125,0,0,-1,1
5,4,15,1,5,3,-1,8,0,0,-1,8
5,4,15,2,5,3,-1,32,0,0,-1,16
5,4,15,3,5,3,-1,122,0,0,-1,1
5,4,16,1,5,2,-1,8,0,0,-1,8
5,4,16,2,5,2,-1,16,0,1,-1,2
5,4,16,3,5,2,-1,64,0,0,-1,1
5,4,17,1,5,3,-1,8,0,0,-1,8
5,4,17,2,5,3,-1,28,0,0,-1,16
5,4,17,3,5,3,-1,128,0,0,-1,1
5,4,18,1,5,3,-1,8,0,0,-1,8
5,4,18,2,5,3,-1,32,0,0,-1,16
5,4,18,3,5,3,-1,109,0,0,-1,1
5,4,19,1,5,4,-1,8,0,0,-1,8
5,4,19,2,5,4,-1,30,0,0,-1,16
5,4,19,3,5,4,-1,122,0,0,-1,1
5,4,20,1,5,1,-1,8,0,0,-1,8
5,4,20,2,5,1,-1,32,0,0,-1,16
5,4,20,3,5,1,-1,128,0,0,-1,1
5,4,21,1,5,2,-1,8,0,0,-1,8
5,4,21,2,5,2,-1,29,0,0,-1,16
5,4,21,3,5,2,-1,128,0,0,-1,1
5,4,22,1,5,2,-1,8,0,0,-1,8
5,4,22,2,5,2,-1,30,0,0,-1,16
5,4,22,3,5,2,-1,128,0,0,-1,1
5,4,23,1,5,3,-1,8,0,0,-1,8
5,4,23,2,5,3,-1,32,0,0,-1,16
5,4,23,3,5,3,-1,128,0,0,-1,1
5,4,24,1,5,3,-1,8,0,0,-1,8
5,4,24,2,5,3,-1,32,0,0,-1,16
5,4,24,3,5,3,-1,124,0,0,-1,1
5,4,25,1,5,4,-1,8,0,0,-1,8
5,4,25,2,5,4,-1,32,0,0,-1,16
5,4,25,3,5,4,-1,128,0,0,-1,1
5,4,26,1,5,4,-1,8,0,0,-1,8
5,4,26,2,5,4,-1,30,0,0,-1,16
5,4,26,3,5,4,-1,128,0,0,-1,1
5,4,27,1,5,5,-1,8,0,0,-1,8
5,4,27,2,5,5,-1,24,0,0,-1,16
5,4,27,3,5,5,-1,128,0,0,-1,1
5,4,28,1,5,2,-1,8,0,0,-1,8
5,4,28,2,5,2,-1,32,0,0,-1,16
5,4,28,3,5,2,-1,121,0,0,-1,1
5,4,29,1,5,3,-1,8,0,0,-1,8
5,4,29,2,5,3,-1,30,0,0,-1,16
5,4,29,3,5,3,-1,124,0,0,-1,1
5,4,30,1,5,3,-1,8,0,0,-1,8
5,4,30,2,5,3,-1,32,0,0,-1,16
5,4,30,3,5,3,-1,124,0,0,-1,1
5,4,31,1,5,4,-1,5,0,0,-1,8
5,4,31,2,5,4,-1,20,0,0,-1,16
5,4,31,3,5,4,-1,96,0,0,-1,1
5,5,0,1,5,2,-1,4,0,0,-1,10
5,5,0,2,5,2,-1,16,0,0,-1,20
5,5,0,3,5,2,-1,64,0,0,-1,9
5,5,1,1,5,1,-1,8,0,0,-1,10
5,5,1,2,5,1,-1,32,0,0,-1,20
5,5,1,3,5,1,-1,128,0,0,-1,9
5,5,2,1,5,3,-1,7,0,0,-1,10
5,5,2,2,5,3,-1,31,0,0,-1,20
5,5,2,3,5,3,-1,128,0,0,-1,9
5,5,3,1,5,2,-1,6,0,0,-1,10
5,5,3,2,5,2,-1,29,0,0,-1,20
5,5,3,3,5,2,-1,127,0,0,-1,9
5,5,4,1,5,1,-1,8,0,0,-1,10
5,5,4,2,5,1,-1,32,0,0,-1,20
5,5,4,3,5,1,-1,128,0,0,-1,9
5,5,6,1,5,2,-1,8,0,0,-1,10
5,5,6,2,5,2,-1,32,0,0,-1,20
5,5,6,3,5,2,-1,128,0,0,-1,9
5,5,7,1,5,1,-1,8,0,0,-1,10
5,5,7,2,5,1,-1,32,0,0,-1,20
5,5,7,3,5,1,-1,128,0,0,-1,9
5,5,8,1,5,3,-1,8,0,0,-1,10
5,5,8,2,5,3,-1,32,0,0,-1,20
5,5,8,3,5,3,-1,109,0,0,-1,9
5,5,9,1,5,2,-1,8,0,0,-1,10
5,5,9,2,5,2,-1,29,0,0,-1,20
5,5,9,3,5,2,-1,115,0,1,-1,11
5,5,10,1,5,4,-1,6,0,1,-1,26
5,5,10,2,5,4,-1,30,0,0,-1,20
5,5,10,3,5,4,-1,127,0,0,-1,9
5,5,11,1,5,3,-1,6,0,0,-1,10
5,5,11,2,5,3,-1,32,0,0,-1,20
5,5,11,3,5,3,-1,116,0,0,-1,9
5,5,12,1,5,2,-1,8,0,0,-1,10
5,5,12,2,5,2,-1,31,0,0,-1,20
5,5,12,3,5,2,-1,127,0,0,-1,9
5,5,13,1,5,1,-1,8,0,0,-1,10
5,5,13,2,5,1,-1,30,0,0,-1,20
5,5,13,3,5,1,-1,118,0,0,-1,9
5,5,14,1,5,3,-1,7,0,0,-1,10
5,5,14,2,5,3,-1,29,0,0,-1,20
5,5,14,3,5,3,-1,127,0,0,-1,9
5,5,15,1,5,2,-1,7,0,0,-1,10
5,5,15,2,5,2,-1,27,0,0,-1,20
5,5,15,3,5,2,-1,127,0,0,-1,9
5,5,16,1,5,3,-1,8,0,0,-1,10
5,5,16,2,5,3,-1,29,0,0,-1,20
5,5,16,3,5,3,-1,126,0,0,-1,9
5,5,17,1,5,2,-1,8,0,0,-1,10
5,5,17,2,5,2,-1,20,0,0,-1,20
5,5,17,3,5,2,-1,128,0,0,-1,9
5,5,18,1,5,4,-1,6,0,0,-1,10
5,5,18,2,5,4,-1,30,0,0,-1,20
5,5,18,3,5,4,-1,127,0,0,-1,9
5,5,19,1,5,3,-1,8,0,0,-1,10
5,5,19,2,5,3,-1,29,0,0,-1,20
5,5,19,3,5,3,-1,122,0,0,-1,9
5,5,20,1,5,2,-1,8,0,0,-1,10
5,5,20,2,5,2,-1,29,0,1,-1,16
5,5,20,3,5,2,-1,115,0,0,-1,9
5,5,21,1,5,1,-1,8,0,0,-1,10
5,5,21,2,5,1,-1,24,0,0,-1,20
5,5,21,3,5,1,-1,128,0,0,-1,9
5,5,22,1,5,3,-1,8,0,0,-1,10
5,5,22,2,5,3,-1,30,0,0,-1,20
5,5,22,3,5,3,-1,124,0,0,-1,9
5,5,23,1,5,2,-1,8,0,0,-1,10
5,5,23,2,5,2,-1,30,0,0,-1,20
5,5,23,3,5,2,-1,128,0,0,-1,9
5,5,24,1,5,4,-1,8,0,0,-1,10
5,5,24,2,5,4,-1,32,0,0,-1,20
5,5,24,3,5,4,-1,112,0,0,-1,9
5,5,25,1,5,3,-1,8,0,0,-1,10
5,5,25,2,5,3,-1,28,0,0,-1,20
5,5,25,3,5,3,-1,128,0,0,-1,9
5,5,26,1,5,5,-1,8,0,0,-1,10
5,5,26,2,5,5,-1,28,0,0,-1,20
5,5,26,3,5,5,-1,116,0,0,-1,9
5,5,27,1,5,4,-1,8,0,0,-1,10
5,5,27,2,5,4,-1,28,0,0,-1,20
5,5,27,3,5,4,-1,122,0,0,-1,9
5,5,28,1,5,3,-1,7,0,0,-1,10
5,5,28,2,5,3,-1,32,0,0,-1,20
5,5,28,3,5,3,-1,124,0,0,-1,9
5,5,29,1,5,2,-1,8,0,0,-1,10
5,5,29,2,5,2,-1,29,0,0,-1,20
5,5,29,3,5,2,-1,128,0,0,-1,9
5,5,30,1,5,4,-1,8,0,0,-1,10
5,5,30,2,5,4,-1,30,0,0,-1,20
5,5,30,3,5,4,-1,128,0,0,-1,9
5,5,31,1,5,3,-1,5,0,0,-1,10
5,5,31,2,5,3,-1,18,0,0,-1,20
5,5,31,3,5,3,-1,85,0,0,-1,9
5,6,0,1,5,2,-1,5,0,0,-1,10
5,6,0,2,5,2,-1,20,0,0,-1,20
5,6,0,3,5,2,-1,80,0,0,-1,9
5,6,1,1,5,3,-1,8,0,0,-1,10
5,6,1,2,5,3,-1,32,0,0,-1,20
5,6,1,3,5,3,-1,124,0,0,-1,9
5,6,2,1,5,1,-1,6,0,0,-1,10
5,6,2,2,5,1,-1,31,0,0,-1,20
5,6,2,3,5,1,-1,124,0,0,-1,9
5,6,3,1,5,2,-1,8,0,0,-1,10
5,6,3,2,5,2,-1,30,0,0,-1,20
5,6,3,3,5,2,-1,126,0,0,-1,9
5,6,4,1,5,1,-1,8,0,0,-1,10
5,6,4,2,5,1,-1,32,0,0,-1,20
5,6,4,3,5,1,-1,128,0,0,-1,9
5,6,5,1,5,2,-1,8,0,0,-1,10
5,6,5,2,5,2,-1,32,0,0,-1,20
5,6,5,3,5,2,-1,128,0,0,-1,9
5,6,7,1,5,1,-1,8,0,0,-1,10
5,6,7,2,5,1,-1,32,0,0,-1,20
5,6,7,3,5,1,-1,128,0,0,-1,9
5,6,8,1,5,3,-1,8,0,0,-1,10
5,6,8,2,5,3,-1,29,0,0,-1,20
5,6,8,3,5,3,-1,119,0,0,-1,9
5,6,9,1,5,4,-1,8,0,0,-1,10
5,6,9,2,5,4,-1,32,0,0,-1,20
5,6,9,3,5,4,-1,112,0,1,-1,11
5,6,10,1,5,2,-1,6,0,1,-1,26
5,6,10,2,5,2,-1,29,0,0,-1,20
5,6,10,3,5,2,-1,127,0,0,-1,9
5,6,11,1,5,3,-1,8,0,0,-1,10
5,6,11,2,5,3,-1,29,0,0,-1,20
5,6,11,3,5,3,-1,122,0,0,-1,9
5,6,12,1,5,2,-1,8,0,0,-1,10
5,6,12,2,5,2,-1,30,0,0,-1,20
5,6,12,3,5,2,-1,126,0,0,-1,9
5,6,13,1,5,3,-1,7,0,0,-1,10
5,6,13,2,5,3,-1,29,0,0,-1,20
5,6,13,3,5,3,-1,127,0,0,-1,9
5,6,14,1,5,1,-1,6,0,0,-1,10
5,6,14,2,5,1,-1,28,0,0,-1,20
5,6,14,3,5,1,-1,124,0,0,-1,9
5,6,15,1,5,2,-1,8,0,0,-1,10
5,6,15,2,5,2,-1,30,0,0,-1,20
5,6,15,3,5,2,-1,125,0,0,-1,9
5,6,16,1,5,3,-1,8,0,0,-1,10
5,6,16,2,5,3,-1,28,0,0,-1,20
5,6,16,3,5,3,-1,128,0,0,-1,9
5,6,17,1,5,4,-1,8,0,0,-1,10
5,6,17,2,5,4,-1,32,0,0,-1,20
5,6,17,3,5,4,-1,128,0,0,-1,9
5,6,18,1,5,2,-1,8,0,0,-1,10
5,6,18,2,5,2,-1,31,0,0,-1,20
5,6,18,3,5,2,-1,127,0,0,-1,9
5,6,19,1,5,3,-1,8,0,0,-1,10
5,6,19,2,5,3,-1,32,0,0,-1,20
5,6,19,3,5,3,-1,128,0,0,-1,9
5,6,20,1,5,2,-1,8,0,0,-1,10
5,6,20,2,5,2,-1,20,0,2,-1,16
5,6,20,3,5,2,-1,128,0,0,-1,9
5,6,21,1,5,3,-1,8,0,0,-1,10
5,6,21,2,5,3,-1,28,0,0,-1,20
5,6,21,3,5,3,-1,128,0,0,-1,9
5,6,22,1,5,1,-1,8,0,0,-1,10
5,6,22,2,5,1,-1,32,0,0,-1,20
5,6,22,3,5,1,-1,128,0,0,-1,9
5,6,23,1,5,2,-1,8,0,0,-1,10
5,6,23,2,5,2,-1,32,0,0,-1,20
5,6,23,3,5,2,-1,128,0,0,-1,9
5,6,24,1,5,4,-1,8,0,0,-1,10
5,6,24,2,5,4,-1,32,0,0,-1,20
5,6,24,3,5,4,-1,128,0,0,-1,9
5,6,25,1,5,5,-1,8,0,0,-1,10
5,6,25,2,5,5,-1,32,0,0,-1,20
5,6,25,3,5,5,-1,124,0,0,-1,9
5,6,26,1,5,3,-1,7,0,0,-1,10
5,6,26,2,5,3,-1,32,0,0,-1,20
5,6,26,3,5,3,-1,124,0,0,-1,9
5,6,27,1,5,4,-1,8,0,0,-1,10
5,6,27,2,5,4,-1,30,0,0,-1,20
5,6,27,3,5,4,-1,122,0,0,-1,9
5,6,28,1,5,3,-1,8,0,0,-1,10
5,6,28,2,5,3,-1,32,0,0,-1,20
5,6,28,3,5,3,-1,126,0,0,-1,9
5,6,29,1,5,4,-1,8,0,0,-1,10
5,6,29,2,5,4,-1,32,0,0,-1,20
5,6,29,3,5,4,-1,128,0,0,-1,9
5,6,30,1,5,2,-1,8,0,0,-1,10
5,6,30,2,5,2,-1,32,0,0,-1,20
5,6,30,3,5,2,-1,121,0,0,-1,9
5,6,31,1,5,3,-1,5,0,0,-1,10
5,6,31,2,5,3,-1,22,0,0,-1,20
5,6,31,3,5,3,-1,92,0,0,-1,9
5,7,0,1,5,3,-1,5,0,0,-1,11
5,7,0,2,5,3,-1,22,0,0,-1,21
5,7,0,3,5,3,-1,92,0,0,-1,26
5,7,1,1,5,2,-1,8,0,0,-1,11
5,7,1,2,5,2,-1,32,0,0,-1,21
5,7,1,3,5,2,-1,121,0,0,-1,26
5,7,2,1,5,2,-1,8,0,0,-1,11
5,7,2,2,5,2,-1,30,0,0,-1,21
5,7,2,3,5,2,-1,125,0,0,-1,26
5,7,3,1,5,1,-1,6,0,0,-1,11
5,7,3,2,5,1,-1,28,0,0,-1,21
5,7,3,3,5,1,-1,124,0,0,-1,26
5,7,4,1,5,2,-1,8,0,0,-1,11
5,7,4,2,5,2,-1,32,0,0,-1,21
5,7,4,3,5,2,-1,128,0,0,-1,26
5,7,5,1,5,1,-1,8,0,0,-1,11
5,7,5,2,5,1,-1,32,0,0,-1,21
5,7,5,3,5,1,-1,128,0,0,-1,26
5,7,6,1,5,1,-1,8,0,0,-1,11
5,7,6,2,5,1,-1,32,0,0,-1,21
5,7,6,3,5,1,-1,128,0,0,-1,26
5,7,8,1,5,4,-1,8,0,0,-1,11
5,7,8,2,5,4,-1,30,0,0,-1,21
5,7,8,3,5,4,-1,122,0,0,-1,26
5,7,9,1,5,3,-1,7,0,0,-1,11
5,7,9,2,5,3,-1,32,0,0,-1,21
5,7,9,3,5,3,-1,124,0,0,-1,26
5,7,10,1,5,3,-1,8,0,0,-1,11
5,7,10,2,5,3,-1,29,0,0,-1,21
5,7,10,3,5,3,-1,122,0,0,-1,26
5,7,11,1,5,2,-1,6,0,1,-1,27
5,7,11,2,5,2,-1,29,0,0,-1,21
5,7,11,3,5,2,-1,127,0,0,-1,26
5,7,12,1,5,3,-1,8,0,0,-1,11
5,7,12,2,5,3,-1,32,0,0,-1,21
5,7,12,3,5,3,-1,128,0,0,-1,26
5,7,13,1,5,2,-1,8,0,0,-1,11
5,7,13,2,5,2,-1,31,0,0,-1,21
5,7,13,3,5,2,-1,127,0,0,-1,26
5,7,14,1,5,2,-1,8,0,0,-1,11
5,7,14,2,5,2,-1,30,0,0,-1,21
5,7,14,3,5,2,-1,126,0,0,-1,26
5,7,15,1,5,1,-1,6,0,0,-1,11
5,7,15,2,5,1,-1,31,0,0,-1,21
5,7,15,3,5,1,-1,124,0,0,-1,26
5,7,16,1,5,4,-1,8,0,0,-1,11
5,7,16,2,5,4,-1,32,0,0,-1,21
5,7,16,3,5,4,-1,128,0,0,-1,26
5,7,17,1,5,3,-1,8,0,0,-1,11
5,7,17,2,5,3,-1,32,0,0,-1,21
5,7,17,3,5,3,-1,126,0,0,-1,26
5,7,18,1,5,3,-1,7,0,0,-1,11
5,7,18,2,5,3,-1,29,0,0,-1,21
5,7,18,3,5,3,-1,127,0,0,-1,26
5,7,19,1,5,2,-1,8,0,0,-1,11
5,7,19,2,5,2,-1,30,0,0,-1,21
5,7,19,3,5,2,-1,126,0,0,-1,26
5,7,20,1,5,3,-1,8,0,0,-1,11
5,7,20,2,5,3,-1,28,0,0,-1,21
5,7,20,3,5,3,-1,128,0,0,-1,26
5,7,21,1,5,2,-1,8,0,0,-1,11
5,7,21,2,5,2,-1,20,0,4,-1,5
5,7,21,3,5,2,-1,128,0,0,-1,26
5,7,22,1,5,2,-1,8,0,0,-1,11
5,7,22,2,5,2,-1,32,0,0,-1,21
5,7,22,3,5,2,-1,128,0,0,-1,26
5,7,23,1,5,1,-1,8,0,0,-1,11
5,7,23,2,5,1,-1,32,0,0,-1,21
5,7,23,3,5,1,-1,128,0,0,-1,26
5,7,24,1,5,5,-1,8,0,0,-1,11
5,7,24,2,5,5,-1,32,0,0,-1,21
5,7,24,3,5,5,-1,124,0,0,-1,26
5,7,25,1,5,4,-1,8,0,0,-1,11
5,7,25,2,5,4,-1,32,0,0,-1,21
5,7,25,3,5,4,-1,128,0,0,-1,26
5,7,26,1,5,4,-1,8,0,0,-1,11
5,7,26,2,5,4,-1,32,0,0,-1,21
5,7,26,3,5,4,-1,112,0,8,-1,17
5,7,27,1,5,3,-1,8,0,0,-1,11
5,7,27,2,5,3,-1,29,0,0,-1,21
5,7,27,3,5,3,-1,119,0,0,-1,26
5,7,28,1,5,4,-1,8,0,0,-1,11
5,7,28,2,5,4,-1,32,0,0,-1,21
5,7,28,3,5,4,-1,128,0,0,-1,26
5,7,29,1,5,3,-1,8,0,0,-1,11
5,7,29,2,5,3,-1,28,0,0,-1,21
5,7,29,3,5,3,-1,128,0,0,-1,26
5,7,30,1,5,3,-1,8,0,0,-1,11
5,7,30,2,5,3,-1,32,0,0,-1,21
5,7,30,3,5,3,-1,124,0,0,-1,26
5,7,31,1,5,2,-1,5,0,0,-1,11
5,7,31,2,5,2,-1,20,0,0,-1,21
5,7,31,3,5,2,-1,80,0,0,-1,26
5,8,0,1,5,1,-1,4,0,0,-1,16
5,8,0,2,5,1,-1,16,0,0,-1,1
5,8,0,3,5,1,-1,64,0,0,-1,2
5,8,1,1,5,2,-1,8,0,0,-1,16
5,8,1,2,5,2,-1,16,0,1,-1,4
5,8,1,3,5,2,-1,64,0,0,-1,2
5,8,2,1,5,2,-1,8,0,0,-1,16
5,8,2,2,5,2,-1,16,0,0,-1,1
5,8,2,3,5,2,-1,64,0,1,-1,16
5,8,3,1,5,3,-1,8,0,0,-1,16
5,8,3,2,5,3,-1,28,0,0,-1,1
5,8,3,3,5,3,-1,128,0,0,-1,2
5,8,4,1,5,2,-1,6,0,0,-1,16
5,8,4,2,5,2,-1,30,0,0,-1,1
5,8,4,3,5,2,-1,128,0,0,-1,2
5,8,5,1,5,3,-1,8,0,0,-1,16
5,8,5,2,5,3,-1,32,0,0,-1,1
5,8,5,3,5,3,-1,109,0,0,-1,2
5,8,6,1,5,3,-1,8,0,0,-1,16
5,8,6,2,5,3,-1,29,0,0,-1,1
5,8,6,3,5,3,-1,119,0,0,-1,2
5,8,7,1,5,4,-1,8,0,0,-1,16
5,8,7,2,5,4,-1,30,0,0,-1,1
5,8,7,3,5,4,-1,122,0,0,-1,2
5,8,9,1,5,1,-1,8,0,0,-1,16
5,8,9,2,5,1,-1,32,0,0,-1,1
5,8,9,3,5,1,-1,128,0,0,-1,2
5,8,10,1,5,1,-1,8,0,0,-1,16
5,8,10,2,5,1,-1,32,0,0,-1,1
5,8,10,3,5,1,-1,128,0,0,-1,2
5,8,11,1,5,2,-1,8,0,0,-1,16
5,8,11,2,5,2,-1,29,0,0,-1,1
5,8,11,3,5,2,-1,128,0,0,-1,2
5,8,12,1,5,1,-1,8,0,0,-1,16
5,8,12,2,5,1,-1,32,0,0,-1,1
5,8,12,3,5,1,-1,128,0,0,-1,2
5,8,13,1,5,2,-1,8,0,0,-1,16
5,8,13,2,5,2,-1,30,0,0,-1,1
5,8,13,3,5,2,-1,128,0,0,-1,2
5,8,14,1,5,2,-1,8,0,0,-1,16
5,8,14,2,5,2,-1,32,0,0,-1,1
5,8,14,3,5,2,-1,128,0,0,-1,2
5,8,15,1,5,3,-1,8,0,0,-1,16
5,8,15,2,5,3,-1,32,0,0,-1,1
5,8,15,3,5,3,-1,128,0,0,-1,2
5,8,16,1,5,2,-1,6,0,1,-1,17
5,8,16,2,5,2,-1,30,0,0,-1,1
5,8,16,3,5,2,-1,128,0,0,-1,2
5,8,17,1,5,3,-1,8,0,0,-1,16
5,8,17,2,5,3,-1,32,0,0,-1,1
5,8,17,3,5,3,-1,124,0,0,-1,2
5,8,18,1,5,3,-1,8,0,0,-1,16
5,8,18,2,5,3,-1,29,0,0,-1,1
5,8,18,3,5,3,-1,126,0,0,-1,2
5,8,19,1,5,4,-1,8,0,0,-1,16
5,8,19,2,5,4,-1,32,0,0,-1,1
5,8,19,3,5,4,-1,128,0,0,-1,2
5,8,20,1,5,3,-1,7,0,0,-1,16
5,8,20,2,5,3,-1,31,0,0,-1,1
5,8,20,3,5,3,-1,128,0,0,-1,2
5,8,21,1,5,4,-1,8,0,0,-1,16
5,8,21,2,5,4,-1,30,0,0,-1,1
5,8,21,3,5,4,-1,128,0,0,-1,2
5,8,22,1,5,4,-1,8,0,0,-1,16
5,8,22,2,5,4,-1,28,0,0,-1,1
5,8,22,3,5,4,-1,122,0,0,-1,2
5,8,23,1,5,5,-1,8,0,0,-1,16
5,8,23,2,5,5,-1,24,0,0,-1,1
5,8,23,3,5,5,-1,128,0,0,-1,2
5,8,24,1,5,1,-1,6,0,0,-1,16
5,8,24,2,5,1,-1,31,0,0,-1,1
5,8,24,3,5,1,-1,124,0,0,-1,2
5,8,25,1,5,2,-1,8,0,0,-1,16
5,8,25,2,5,2,-1,32,0,0,-1,1
5,8,25,3,5,2,-1,121,0,0,-1,2
5,8,26,1,5,2,-1,7,0,0,-1,16
5,8,26,2,5,2,-1,27,0,0,-1,1
5,8,26,3,5,2,-1,127,0,0,-1,2
5,8,27,1,5,3,-1,8,0,0,-1,16
5,8,27,2,5,3,-1,30,0,0,-1,1
5,8,27,3,5,3,-1,124,0,0,-1,2
5,8,28,1,5,2,-1,8,0,0,-1,16
5,8,28,2,5,2,-1,30,0,0,-1,1
5,8,28,3,5,2,-1,125,0,0,-1,2
5,8,29,1,5,3,-1,8,0,0,-1,16
5,8,29,2,5,3,-1,32,0,0,-1,1
5,8,29,3,5,3,-1,124,0,0,-1,2
5,8,30,1,5,3,-1,8,0,0,-1,16
5,8,30,2,5,3,-1,32,0,0,-1,1
5,8,30,3,5,3,-1,122,0,0,-1,2
5,8,31,1,5,4,-1,5,0,0,-1,16
5,8,31,2,5,4,-1,20,0,0,-1,1
5,8,31,3,5,4,-1,96,0,0,-1,2
5,9,0,1,5,2,-1,4,0,0,-1,18
5,9,0,2,5,2,-1,16,0,0,-1,5
5,9,0,3,5,2,-1,64,0,0,-1,10
5,9,1,1,5,1,-1,8,0,0,-1,18
5,9,1,2,5,1,-1,32,0,0,-1,5
5,9,1,3,5,1,-1,128,0,0,-1,10
5,9,2,1,5,3,-1,8,0,0,-1,18
5,9,2,2,5,3,-1,32,0,0,-1,5
5,9,2,3,5,3,-1,109,0,0,-1,10
5,9,3,1,5,2,-1,8,0,0,-1,18
5,9,3,2,5,2,-1,31,0,0,-1,5
5,9,3,3,5,2,-1,127,0,0,-1,10
5,9,4,1,5,3,-1,8,0,0,-1,18
5,9,4,2,5,3,-1,29,0,0,-1,5
5,9,4,3,5,3,-1,126,0,0,-1,10
5,9,5,1,5,2,-1,8,0,0,-1,18
5,9,5,2,5,2,-1,29,0,1,-1,4
5,9,5,3,5,2,-1,115,0,0,-1,10
5,9,6,1,5,4,-1,8,0,0,-1,18
5,9,6,2,5,4,-1,32,0,0,-1,5
5,9,6,3,5,4,-1,112,0,0,-1,10
5,9,7,1,5,3,-1,7,0,0,-1,18
5,9,7,2,5,3,-1,32,0,0,-1,5
5,9,7,3,5,3,-1,124,0,0,-1,10
5,9,8,1,5,1,-1,8,0,0,-1,18
5,9,8,2,5,1,-1,32,0,0,-1,5
5,9,8,3,5,1,-1,128,0,0,-1,10
5,9,10,1,5,2,-1,8,0,0,-1,18
5,9,10,2,5,2,-1,29,0,0,-1,5
5,9,10,3,5,2,-1,115,0,1,-1,26
5,9,11,1,5,1,-1,8,0,0,-1,18
5,9,11,2,5,1,-1,30,0,0,-1,5
5,9,11,3,5,1,-1,118,0,0,-1,10
5,9,12,1,5,2,-1,8,0,0,-1,18
5,9,12,2,5,2,-1,20,0,0,-1,5
5,9,12,3,5,2,-1,128,0,0,-1,10
5,9,13,1,5,1,-1,8,0,0,-1,18
5,9,13,2,5,1,-1,24,0,0,-1,5
5,9,13,3,5,1,-1,128,0,0,-1,10
5,9,14,1,5,3,-1,8,0,0,-1,18
5,9,14,2,5,3,-1,28,0,0,-1,5
5,9,14,3,5,3,-1,128,0,0,-1,10
5,9,15,1,5,2,-1,8,0,0,-1,18
5,9,15,2,5,2,-1,29,0,0,-1,5
5,9,15,3,5,2,-1,128,0,0,-1,10
5,9,16,1,5,3,-1,7,0,0,-1,18
5,9,16,2,5,3,-1,31,0,0,-1,5
5,9,16,3,5,3,-1,128,0,0,-1,10
5,9,17,1,5,2,-1,8,0,0,-1,18
5,9,17,2,5,2,-1,32,0,0,-1,5
5,9,17,3,5,2,-1,128,0,0,-1,10
5,9,18,1,5,4,-1,6,0,1,-1,22
5,9,18,2,5,4,-1,30,0,0,-1,5
5,9,18,3,5,4,-1,127,0,0,-1,10
5,9,19,1,5,3,-1,7,0,0,-1,18
5,9,19,2,5,3,-1,29,0,0,-1,5
5,9,19,3,5,3,-1,127,0,0,-1,10
5,9,20,1,5,4,-1,6,0,0,-1,18
5,9,20,2,5,4,-1,30,0,0,-1,5
5,9,20,3,5,4,-1,127,0,0,-1,10
5,9,21,1,5,3,-1,8,0,0,-1,18
5,9,21,2,5,3,-1,30,0,0,-1,5
5,9,21,3,5,3,-1,124,0,0,-1,10
5,9,22,1,5,5,-1,8,0,0,-1,18
5,9,22,2,5,5,-1,28,0,0,-1,5
5,9,22,3,5,5,-1,116,0,0,-1,10
5,9,23,1,5,4,-1,8,0,0,-1,18
5,9,23,2,5,4,-1,30,0,0,-1,5
5,9,23,3,5,4,-1,128,0,0,-1,10
5,9,24,1,5,2,-1,6,0,0,-1,18
5,9,24,2,5,2,-1,29,0,0,-1,5
5,9,24,3,5,2,-1,127,0,0,-1,10
5,9,25,1,5,1,-1,8,0,0,-1,18
5,9,25,2,5,1,-1,32,0,0,-1,5
5,9,25,3,5,1,-1,128,0,0,-1,10
5,9,26,1,5,3,-1,6,0,0,-1,18
5,9,26,2,5,3,-1,32,0,0,-1,5
5,9,26,3,5,3,-1,116,0,0,-1,10
5,9,27,1,5,2,-1,7,0,0,-1,18
5,9,27,2,5,2,-1,27,0,0,-1,5
5,9,27,3,5,2,-1,127,0,0,-1,10
5,9,28,1,5,3,-1,8,0,0,-1,18
5,9,28,2,5,3,-1,29,0,0,-1,5
5,9,28,3,5,3,-1,122,0,0,-1,10
5,9,29,1,5,2,-1,8,0,0,-1,18
5,9,29,2,5,2,-1,30,0,0,-1,5
5,9,29,3,5,2,-1,128,0,0,-1,10
5,9,30,1,5,4,-1,8,0,0,-1,18
5,9,30,2,5,4,-1,28,0,0,-1,5
5,9,30,3,5,4,-1,122,0,0,-1,10
5,9,31,1,5,3,-1,5,0,0,-1,18
5,9,31,2,5,3,-1,18,0,0,-1,5
5,9,31,3,5,3,-1,85,0,0,-1,10
5,10,0,1,5,2,-1,4,0,0,-1,20
5,10,0,2,5,2,-1,16,0,0,-1,9
5,10,0,3,5,2,-1,64,0,0,-1,18
5,10,1,1,5,3,-1,8,0,0,-1,20
5,10,1,2,5,3,-1,29,0,0,-1,9
5,10,1,3,5,3,-1,126,0,0,-1,18
5,10,2,1,5,1,-1,8,0,0,-1,20
5,10,2,2,5,1,-1,32,0,0,-1,9
5,10,2,3,5,1,-1,128,0,0,-1,18
5,10,3,1,5,2,-1,8,0,0,-1,20
5,10,3,2,5,2,-1,20,0,0,-1,9
5,10,3,3,5,2,-1,128,0,0,-1,18
5,10,4,1,5,3,-1,7,0,0,-1,20
5,10,4,2,5,3,-1,31,0,0,-1,9
5,10,4,3,5,3,-1,128,0,0,-1,18
5,10,5,1,5,4,-1,6,0,0,-1,20
5,10,5,2,5,4,-1,30,0,0,-1,9
5,10,5,3,5,4,-1,127,0,0,-1,18
5,10,6,1,5,2,-1,6,0,0,-1,20
5,10,6,2,5,2,-1,29,0,0,-1,9
5,10,6,3,5,2,-1,127,0,0,-1,18
5,10,7,1,5,3,-1,8,0,0,-1,20
5,10,7,2,5,3,-1,29,0,0,-1,9
5,10,7,3,5,3,-1,122,0,0,-1,18
5,10,8,1,5,1,-1,8,0,0,-1,20
5,10,8,2,5,1,-1,32,0,0,-1,9
5,10,8,3,5,1,-1,128,0,0,-1,18
5,10,9,1,5,2,-1,8,0,0,-1,20
5,10,9,2,5,2,-1,29,0,1,-1,1
5,10,9,3,5,2,-1,115,0,0,-1,18
5,10,11,1,5,1,-1,8,0,0,-1,20
5,10,11,2,5,1,-1,24,0,0,-1,9
5,10,11,3,5,1,-1,128,0,0,-1,18
5,10,12,1,5,2,-1,8,0,0,-1,20
5,10,12,2,5,2,-1,32,0,0,-1,9
5,10,12,3,5,2,-1,128,0,0,-1,18
5,10,13,1,5,3,-1,8,0,0,-1,20
5,10,13,2,5,3,-1,30,0,0,-1,9
5,10,13,3,5,3,-1,124,0,0,-1,18
5,10,14,1,5,1,-1,8,0,0,-1,20
5,10,14,2,5,1,-1,32,0,0,-1,9
5,10,14,3,5,1,-1,128,0,0,-1,18
5,10,15,1,5,2,-1,8,0,0,-1,20
5,10,15,2,5,2,-1,30,0,0,-1,9
5,10,15,3,5,2,-1,128,0,0,-1,18
5,10,16,1,5,3,-1,8,0,0,-1,20
5,10,16,2,5,3,-1,32,0,0,-1,9
5,10,16,3,5,3,-1,109,0,0,-1,18
5,10,17,1,5,4,-1,8,0,0,-1,20
5,10,17,2,5,4,-1,32,0,0,-1,9
5,10,17,3,5,4,-1,112,0,0,-1,18
5,10,18,1,5,2,-1,8,0,0,-1,20
5,10,18,2,5,2,-1,29,0,0,-1,9
5,10,18,3,5,2,-1,115,0,1,-1,22
5,10,19,1,5,3,-1,8,0,0,-1,20
5,10,19,2,5,3,-1,28,0,0,-1,9
5,10,19,3,5,3,-1,128,0,0,-1,18
5,10,20,1,5,4,-1,6,0,1,-1,21
5,10,20,2,5,4,-1,30,0,0,-1,9
5,10,20,3,5,4,-1,127,0,0,-1,18
5,10,21,1,5,5,-1,8,0,0,-1,20
5,10,21,2,5,5,-1,28,0,0,-1,9
5,10,21,3,5,5,-1,116,0,0,-1,18
5,10,22,1,5,3,-1,6,0,0,-1,20
5,10,22,2,5,3,-1,32,0,0,-1,9
5,10,22,3,5,3,-1,116,0,0,-1,18
5,10,23,1,5,4,-1,8,0,0,-1,20
5,10,23,2,5,4,-1,28,0,0,-1,9
5,10,23,3,5,4,-1,122,0,0,-1,18
5,10,24,1,5,2,-1,8,0,0,-1,20
5,10,24,2,5,2,-1,31,0,0,-1,9
5,10,24,3,5,2,-1,127,0,0,-1,18
5,10,25,1,5,3,-1,7,0,0,-1,20
5,10,25,2,5,3,-1,32,0,0,-1,9
5,10,25,3,5,3,-1,124,0,0,-1,18
5,10,26,1,5,1,-1,8,0,0,-1,20
5,10,26,2,5,1,-1,30,0,0,-1,9
5,10,26,3,5,1,-1,118,0,0,-1,18
5,10,27,1,5,2,-1,8,0,0,-1,20
5,10,27,2,5,2,-1,29,0,0,-1,9
5,10,27,3,5,2,-1,128,0,0,-1,18
5,10,28,1,5,3,-1,7,0,0,-1,20
5,10,28,2,5,3,-1,29,0,0,-1,9
5,10,28,3,5,3,-1,127,0,0,-1,18
5,10,29,1,5,4,-1,8,0,0,-1,20
5,10,29,2,5,4,-1,30,0,0,-1,9
5,10,29,3,5,4,-1,128,0,0,-1,18
5,10,30,1,5,2,-1,7,0,0,-1,20
5,10,30,2,5,2,-1,27,0,0,-1,9
5,10,30,3,5,2,-1,127,0,0,-1,18
5,10,31,1,5,3,-1,5,0,0,-1,20
5,10,31,2,5,3,-1,18,0,0,-1,9
5,10,31,3,5,3,-1,85,0,0,-1,18
5,11,0,1,5,3,-1,5,0,0,-1,21
5,11,0,2,5,3,-1,18,0,0,-1,26
5,11,0,3,5,3,-1,85,0,0,-1,13
5,11,1,1,5,2,-1,7,0,0,-1,21
5,11,1,2,5,2,-1,27,0,0,-1,26
5,11,1,3,5,2,-1,127,0,0,-1,13
5,11,2,1,5,2,-1,8,0,0,-1,21
5,11,2,2,5,2,-1,30,0,0,-1,26
5,11,2,3,5,2,-1,128,0,0,-1,13
5,11,3,1,5,1,-1,8,0,0,-1,21
5,11,3,2,5,1,-1,32,0,0,-1,26
5,11,3,3,5,1,-1,128,0,0,-1,13
5,11,4,1,5,4,-1,8,0,0,-1,21
5,11,4,2,5,4,-1,28,0,0,-1,26
5,11,4,3,5,4,-1,122,0,0,-1,13
5,11,5,1,5,3,-1,6,0,0,-1,21
5,11,5,2,5,3,-1,32,0,0,-1,26
5,11,5,3,5,3,-1,116,0,0,-1,13
5,11,6,1,5,3,-1,8,0,0,-1,21
5,11,6,2,5,3,-1,29,0,0,-1,26
5,11,6,3,5,3,-1,122,0,0,-1,13
5,11,7,1,5,2,-1,6,0,0,-1,21
5,11,7,2,5,2,-1,29,0,0,-1,26
5,11,7,3,5,2,-1,127,0,0,-1,13
5,11,8,1,5,2,-1,8,0,0,-1,21
5,11,8,2,5,2,-1,29,0,0,-1,26
5,11,8,3,5,2,-1,128,0,0,-1,13
5,11,9,1,5,1,-1,8,0,0,-1,21
5,11,9,2,5,1,-1,30,0,0,-1,26
5,11,9,3,5,1,-1,118,0,0,-1,13
5,11,10,1,5,1,-1,8,0,0,-1,21
5,11,10,2,5,1,-1,24,0,0,-1,26
5,11,10,3,5,1,-1,128,0,0,-1,13
5,11,12,1,5,3,-1,8,0,0,-1,21
5,11,12,2,5,3,-1,28,0,0,-1,26
5,11,12,3,5,3,-1,128,0,0,-1,13
5,11,13,1,5,2,-1,8,0,0,-1,21
5,11,13,2,5,2,-1,29,0,0,-1,26
5,11,13,3,5,2,-1,115,0,8,-1,9
5,11,14,1,5,2,-1,8,0,0,-1,21
5,11,14,2,5,2,-1,20,0,0,-1,26
5,11,14,3,5,2,-1,128,0,0,-1,13
5,11,15,1,5,1,-1,8,0,0,-1,21
5,11,15,2,5,1,-1,32,0,0,-1,26
5,11,15,3,5,1,-1,128,0,0,-1,13
5,11,16,1,5,4,-1,8,0,0,-1,21
5,11,16,2,5,4,-1,30,0,0,-1,26
5,11,16,3,5,4,-1,128,0,0,-1,13
5,11,17,1,5,3,-1,7,0,0,-1,21
5,11,17,2,5,3,-1,29,0,0,-1,26
5,11,17,3,5,3,-1,127,0,0,-1,13
5,11,18,1,5,3,-1,8,0,0,-1,21
5,11,18,2,5,3,-1,30,0,0,-1,26
5,11,18,3,5,3,-1,124,0,0,-1,13
5,11,19,1,5,2,-1,8,0,0,-1,21
5,11,19,2,5,2,-1,32,0,0,-1,26
5,11,19,3,5,2,-1,128,0,0,-1,13
5,11,20,1,5,5,-1,8,0,0,-1,21
5,11,20,2,5,5,-1,28,0,0,-1,26
5,11,20,3,5,5,-1,116,0,0,-1,13
5,11,21,1,5,4,-1,6,0,2,-1,23
5,11,21,2,5,4,-1,30,0,0,-1,26
5,11,21,3,5,4,-1,127,0,0,-1,13
5,11,22,1,5,4,-1,6,0,0,-1,21
5,11,22,2,5,4,-1,30,0,0,-1,26
5,11,22,3,5,4,-1,127,0,0,-1,13
5,11,23,1,5,3,-1,7,0,0,-1,21
5,11,23,2,5,3,-1,31,0,0,-1,26
5,11,23,3,5,3,-1,128,0,0,-1,13
5,11,24,1,5,3,-1,7,0,0,-1,21
5,11,24,2,5,3,-1,32,0,0,-1,26
5,11,24,3,5,3,-1,124,0,0,-1,13
5,11,25,1,5,2,-1,8,0,0,-1,21
5,11,25,2,5,2,-1,31,0,0,-1,26
5,11,25,3,5,2,-1,127,0,0,-1,13
5,11,26,1,5,2,-1,8,0,0,-1,21
5,11,26,2,5,2,-1,29,0,2,-1,24
5,11,26,3,5,2,-1,115,0,0,-1,13
5,11,27,1,5,1,-1,8,0,0,-1,21
5,11,27,2,5,1,-1,32,0,0,-1,26
5,11,27,3,5,1,-1,128,0,0,-1,13
5,11,28,1,5,4,-1,8,0,0,-1,21
5,11,28,2,5,4,-1,32,0,0,-1,26
5,11,28,3,5,4,-1,112,0,0,-1,13
5,11,29,1,5,3,-1,8,0,0,-1,21
5,11,29,2,5,3,-1,32,0,0,-1,26
5,11,29,3,5,3,-1,109,0,0,-1,13
5,11,30,1,5,3,-1,8,0,0,-1,21
5,11,30,2,5,3,-1,29,0,0,-1,26
5,11,30,3,5,3,-1,126,0,0,-1,13
5,11,31,1,5,2,-1,4,0,0,-1,21
5,11,31,2,5,2,-1,16,0,0,-1,26
5,11,31,3,5,2,-1,64,0,0,-1,13
5,12,0,1,5,2,-1,5,0,0,-1,20
5,12,0,2,5,2,-1,20,0,0,-1,9
5,12,0,3,5,2,-1,80,0,0,-1,18
5,12,1,1,5,3,-1,8,0,0,-1,20
5,12,1,2,5,3,-1,28,0,0,-1,9
5,12,1,3,5,3,-1,128,0,0,-1,18
5,12,2,1,5,3,-1,8,0,0,-1,20
5,12,2,2,5,3,-1,32,0,0,-1,9
5,12,2,3,5,3,-1,124,0,0,-1,18
5,12,3,1,5,4,-1,8,0,0,-1,20
5,12,3,2,5,4,-1,32,0,0,-1,9
5,12,3,3,5,4,-1,128,0,0,-1,18
5,12,4,1,5,1,-1,6,0,0,-1,20
5,12,4,2,5,1,-1,31,0,0,-1,9
5,12,4,3,5,1,-1,124,0,0,-1,18
5,12,5,1,5,2,-1,8,0,0,-1,20
5,12,5,2,5,2,-1,31,0,0,-1,9
5,12,5,3,5,2,-1,127,0,0,-1,18
5,12,6,1,5,2,-1,8,0,0,-1,20
5,12,6,2,5,2,-1,30,0,0,-1,9
5,12,6,3,5,2,-1,126,0,0,-1,18
5,12,7,1,5,3,-1,8,0,0,-1,20
5,12,7,2,5,3,-1,32,0,0,-1,9
5,12,7,3,5,3,-1,128,0,0,-1,18
5,12,8,1,5,1,-1,8,0,0,-1,20
5,12,8,2,5,1,-1,32,0,0,-1,9
5,12,8,3,5,1,-1,128,0,0,-1,18
5,12,9,1,5,2,-1,8,0,0,-1,20
5,12,9,2,5,2,-1,20,0,2,-1,1
5,12,9,3,5,2,-1,128,0,0,-1,18
5,12,10,1,5,2,-1,8,0,0,-1,20
5,12,10,2,5,2,-1,32,0,0,-1,9
5,12,10,3,5,2,-1,128,0,0,-1,18
5,12,11,1,5,3,-1,8,0,0,-1,20
5,12,11,2,5,3,-1,28,0,0,-1,9
5,12,11,3,5,3,-1,128,0,0,-1,18
5,12,13,1,5,1,-1,8,0,0,-1,20
5,12,13,2,5,1,-1,32,0,0,-1,9
5,12,13,3,5,1,-1,128,0,0,-1,18
5,12,14,1,5,1,-1,8,0,0,-1,20
5,12,14,2,5,1,-1,32,0,0,-1,9
5,12,14,3,5,1,-1,128,0,0,-1,18
5,12,15,1,5,2,-1,8,0,0,-1,20
5,12,15,2,5,2,-1,32,0,0,-1,9
5,12,15,3,5,2,-1,128,0,0,-1,18
5,12,16,1,5,3,-1,8,0,0,-1,20
5,12,16,2,5,3,-1,29,0,0,-1,9
5,12,16,3,5,3,-1,119,0,0,-1,18
5,12,17,1,5,4,-1,8,0,0,-1,20
5,12,17,2,5,4,-1,32,0,0,-1,9
5,12,17,3,5,4,-1,128,0,0,-1,18
5,12,18,1,5,4,-1,8,0,0,-1,20
5,12,18,2,5,4,-1,32,0,0,-1,9
5,12,18,3,5,4,-1,112,0,1,-1,22
5,12,19,1,5,5,-1,8,0,0,-1,20
5,12,19,2,5,5,-1,32,0,0,-1,9
5,12,19,3,5,5,-1,124,0,0,-1,18
5,12,20,1,5,2,-1,6,0,1,-1,21
5,12,20,2,5,2,-1,29,0,0,-1,9
5,12,20,3,5,2,-1,127,0,0,-1,18
5,12,21,1,5,3,-1,7,0,0,-1,20
5,12,21,2,5,3,-1,32,0,0,-1,9
5,12,21,3,5,3,-1,124,0,0,-1,18
5,12,22,1,5,3,-1,8,0,0,-1,20
5,12,22,2,5,3,-1,29,0,0,-1,9
5,12,22,3,5,3,-1,122,0,0,-1,18
5,12,23,1,5,4,-1,8,0,0,-1,20
5,12,23,2,5,4,-1,30,0,0,-1,9
5,12,23,3,5,4,-1,122,0,0,-1,18
5,12,24,1,5,2,-1,8,0,0,-1,20
5,12,24,2,5,2,-1,30,0,0,-1,9
5,12,24,3,5,2,-1,126,0,0,-1,18
5,12,25,1,5,3,-1,8,0,0,-1,20
5,12,25,2,5,3,-1,32,0,0,-1,9
5,12,25,3,5,3,-1,126,0,0,-1,18
5,12,26,1,5,3,-1,7,0,0,-1,20
5,12,26,2,5,3,-1,29,0,0,-1,9
5,12,26,3,5,3,-1,127,0,0,-1,18
5,12,27,1,5,4,-1,8,0,0,-1,20
5,12,27,2,5,4,-1,32,0,0,-1,9
5,12,27,3,5,4,-1,128,0,0,-1,18
5,12,28,1,5,1,-1,6,0,0,-1,20
5,12,28,2,5,1,-1,28,0,0,-1,9
5,12,28,3,5,1,-1,124,0,0,-1,18
5,12,29,1,5,2,-1,8,0,0,-1,20
5,12,29,2,5,2,-1,32,0,0,-1,9
5,12,29,3,5,2,-1,121,0,0,-1,18
5,12,30,1,5,2,-1,8,0,0,-1,20
5,12,30,2,5,2,-1,30,0,0,-1,9
5,12,30,3,5,2,-1,125,0,0,-1,18
5,12,31,1,5,3,-1,5,0,0,-1,20
5,12,31,2,5,3,-1,22,0,0,-1,9
5,12,31,3,5,3,-1,92,0,0,-1,18
5,13,0,1,5,3,-1,5,0,0,-1,22
5,13,0,2,5,3,-1,18,0,0,-1,11
5,13,0,3,5,3,-1,85,0,0,-1,21
5,13,1,1,5,2,-1,8,0,0,-1,22
5,13,1,2,5,2,-1,29,0,0,-1,11
5,13,1,3,5,2,-1,128,0,0,-1,21
5,13,2,1,5,4,-1,8,0,0,-1,22
5,13,2,2,5,4,-1,30,0,0,-1,11
5,13,2,3,5,4,-1,128,0,0,-1,21
5,13,3,1,5,3,-1,7,0,0,-1,22
5,13,3,2,5,3,-1,32,0,0,-1,11
5,13,3,3,5,3,-1,124,0,0,-1,21
5,13,4,1,5,2,-1,7,0,0,-1,22
5,13,4,2,5,2,-1,27,0,0,-1,11
5,13,4,3,5,2,-1,127,0,0,-1,21
5,13,5,1,5,1,-1,8,0,0,-1,22
5,13,5,2,5,1,-1,30,0,0,-1,11
5,13,5,3,5,1,-1,118,0,0,-1,21
5,13,6,1,5,3,-1,7,0,0,-1,22
5,13,6,2,5,3,-1,29,0,0,-1,11
5,13,6,3,5,3,-1,127,0,0,-1,21
5,13,7,1,5,2,-1,8,0,0,-1,22
5,13,7,2,5,2,-1,31,0,0,-1,11
5,13,7,3,5,2,-1,127,0,0,-1,21
5,13,8,1,5,2,-1,8,0,0,-1,22
5,13,8,2,5,2,-1,30,0,0,-1,11
5,13,8,3,5,2,-1,128,0,0,-1,21
5,13,9,1,5,1,-1,8,0,0,-1,22
5,13,9,2,5,1,-1,24,0,0,-1,11
5,13,9,3,5,1,-1,128,0,0,-1,21
5,13,10,1,5,3,-1,8,0,0,-1,22
5,13,10,2,5,3,-1,30,0,0,-1,11
5,13,10,3,5,3,-1,124,0,0,-1,21
5,13,11,1,5,2,-1,8,0,0,-1,22
5,13,11,2,5,2,-1,29,0,2,-1,3
5,13,11,3,5,2,-1,115,0,0,-1,21
5,13,12,1,5,1,-1,8,0,0,-1,22
5,13,12,2,5,1,-1,32,0,0,-1,11
5,13,12,3,5,1,-1,128,0,0,-1,21
5,13,14,1,5,2,-1,8,0,0,-1,22
5,13,14,2,5,2,-1,32,0,0,-1,11
5,13,14,3,5,2,-1,128,0,0,-1,21
5,13,15,1,5,1,-1,8,0,0,-1,22
5,13,15,2,5,1,-1,32,0,0,-1,11
5,13,15,3,5,1,-1,128,0,0,-1,21
5,13,16,1,5,4,-1,8,0,0,-1,22
5,13,16,2,5,4,-1,28,0,0,-1,11
5,13,16,3,5,4,-1,122,0,0,-1,21
5,13,17,1,5,3,-1,8,0,0,-1,22
5,13,17,2,5,3,-1,28,0,0,-1,11
5,13,17,3,5,3,-1,128,0,0,-1,21
5,13,18,1,5,5,-1,8,0,0,-1,22
5,13,18,2,5,5,-1,28,0,0,-1,11
5,13,18,3,5,5,-1,116,0,0,-1,21
5,13,19,1,5,4,-1,8,0,0,-1,22
5,13,19,2,5,4,-1,32,0,0,-1,11
5,13,19,3,5,4,-1,112,0,0,-1,21
5,13,20,1,5,3,-1,6,0,0,-1,22
5,13,20,2,5,3,-1,32,0,0,-1,11
5,13,20,3,5,3,-1,116,0,0,-1,21
5,13,21,1,5,2,-1,8,0,0,-1,22
5,13,21,2,5,2,-1,29,0,0,-1,11
5,13,21,3,5,2,-1,115,0,8,-1,5
5,13,22,1,5,4,-1,6,0,2,-1,30
5,13,22,2,5,4,-1,30,0,0,-1,11
5,13,22,3,5,4,-1,127,0,0,-1,21
5,13,23,1,5,3,-1,8,0,0,-1,22
5,13,23,2,5,3,-1,32,0,0,-1,11
5,13,23,3,5,3,-1,109,0,0,-1,21
5,13,24,1,5,3,-1,8,0,0,-1,22
5,13,24,2,5,3,-1,29,0,0,-1,11
5,13,24,3,5,3,-1,122,0,0,-1,21
5,13,25,1,5,2,-1,8,0,0,-1,22
5,13,25,2,5,2,-1,20,0,0,-1,11
5,13,25,3,5,2,-1,128,0,0,-1,21
5,13,26,1,5,4,-1,6,0,0,-1,22
5,13,26,2,5,4,-1,30,0,0,-1,11
5,13,26,3,5,4,-1,127,0,0,-1,21
5,13,27,1,5,3,-1,8,0,0,-1,22
5,13,27,2,5,3,-1,29,0,0,-1,11
5,13,27,3,5,3,-1,126,0,0,-1,21
5,13,28,1,5,2,-1,6,0,0,-1,22
5,13,28,2,5,2,-1,29,0,0,-1,11
5,13,28,3,5,2,-1,127,0,0,-1,21
5,13,29,1,5,1,-1,8,0,0,-1,22
5,13,29,2,5,1,-1,32,0,0,-1,11
5,13,29,3,5,1,-1,128,0,0,-1,21
5,13,30,1,5,3,-1,7,0,0,-1,22
5,13,30,2,5,3,-1,31,0,0,-1,11
5,13,30,3,5,3,-1,128,0,0,-1,21
5,13,31,1,5,2,-1,4,0,0,-1,22
5,13,31,2,5,2,-1,16,0,0,-1,11
5,13,31,3,5,2,-1,64,0,0,-1,21
5,14,0,1,5,3,-1,5,0,0,-1,22
5,14,0,2,5,3,-1,22,0,0,-1,11
5,14,0,3,5,3,-1,92,0,0,-1,21
5,14,1,1,5,4,-1,8,0,0,-1,22
5,14,1,2,5,4,-1,32,0,0,-1,11
5,14,1,3,5,4,-1,128,0,0,-1,21
5,14,2,1,5,2,-1,8,0,0,-1,22
5,14,2,2,5,2,-1,32,0,0,-1,11
5,14,2,3,5,2,-1,121,0,0,-1,21
5,14,3,1,5,3,-1,8,0,0,-1,22
5,14,3,2,5,3,-1,32,0,0,-1,11
5,14,3,3,5,3,-1,126,0,0,-1,21
5,14,4,1,5,2,-1,8,0,0,-1,22
5,14,4,2,5,2,-1,30,0,0,-1,11
5,14,4,3,5,2,-1,125,0,0,-1,21
5,14,5,1,5,3,-1,7,0,0,-1,22
5,14,5,2,5,3,-1,29,0,0,-1,11
5,14,5,3,5,3,-1,127,0,0,-1,21
5,14,6,1,5,1,-1,6,0,0,-1,22
5,14,6,2,5,1,-1,28,0,0,-1,11
5,14,6,3,5,1,-1,124,0,0,-1,21
5,14,7,1,5,2,-1,8,0,0,-1,22
5,14,7,2,5,2,-1,30,0,0,-1,11
5,14,7,3,5,2,-1,126,0,0,-1,21
5,14,8,1,5,2,-1,8,0,0,-1,22
5,14,8,2,5,2,-1,32,0,0,-1,11
5,14,8,3,5,2,-1,128,0,0,-1,21
5,14,9,1,5,3,-1,8,0,0,-1,22
5,14,9,2,5,3,-1,28,0,0,-1,11
5,14,9,3,5,3,-1,128,0,0,-1,21
5,14,10,1,5,1,-1,8,0,0,-1,22
5,14,10,2,5,1,-1,32,0,0,-1,11
5,14,10,3,5,1,-1,128,0,0,-1,21
5,14,11,1,5,2,-1,8,0,0,-1,22
5,14,11,2,5,2,-1,20,0,4,-1,10
5,14,11,3,5,2,-1,128,0,0,-1,21
5,14,12,1,5,1,-1,8,0,0,-1,22
5,14,12,2,5,1,-1,32,0,0,-1,11
5,14,12,3,5,1,-1,128,0,0,-1,21
5,14,13,1,5,2,-1,8,0,0,-1,22
5,14,13,2,5,2,-1,32,0,0,-1,11
5,14,13,3,5,2,-1,128,0,0,-1,21
5,14,15,1,5,1,-1,8,0,0,-1,22
5,14,15,2,5,1,-1,32,0,0,-1,11
5,14,15,3,5,1,-1,128,0,0,-1,21
5,14,16,1,5,4,-1,8,0,0,-1,22
5,14,16,2,5,4,-1,30,0,0,-1,11
5,14,16,3,5,4,-1,122,0,0,-1,21
5,14,17,1,5,5,-1,8,0,0,-1,22
5,14,17,2,5,5,-1,32,0,0,-1,11
5,14,17,3,5,5,-1,124,0,0,-1,21
5,14,18,1,5,3,-1,7,0,0,-1,22
5,14,18,2,5,3,-1,32,0,0,-1,11
5,14,18,3,5,3,-1,124,0,0,-1,21
5,14,19,1,5,4,-1,8,0,0,-1,22
5,14,19,2,5,4,-1,32,0,0,-1,11
5,14,19,3,5,4,-1,128,0,0,-1,21
5,14,20,1,5,3,-1,8,0,0,-1,22
5,14,20,2,5,3,-1,29,0,0,-1,11
5,14,20,3,5,3,-1,122,0,0,-1,21
5,14,21,1,5,4,-1,8,0,0,-1,22
5,14,21,2,5,4,-1,32,0,0,-1,11
5,14,21,3,5,4,-1,112,0,8,-1,3
5,14,22,1,5,2,-1,6,0,1,-1,23
5,14,22,2,5,2,-1,29,0,0,-1,11
5,14,22,3,5,2,-1,127,0,0,-1,21
5,14,23,1,5,3,-1,8,0,0,-1,22
5,14,23,2,5,3,-1,29,0,0,-1,11
5,14,23,3,5,3,-1,119,0,0,-1,21
5,14,24,1,5,3,-1,8,0,0,-1,22
5,14,24,2,5,3,-1,32,0,0,-1,11
5,14,24,3,5,3,-1,128,0,0,-1,21
5,14,25,1,5,4,-1,8,0,0,-1,22
5,14,25,2,5,4,-1,32,0,0,-1,11
5,14,25,3,5,4,-1,128,0,0,-1,21
5,14,26,1,5,2,-1,8,0,0,-1,22
5,14,26,2,5,2,-1,31,0,0,-1,11
5,14,26,3,5,2,-1,127,0,0,-1,21
5,14,27,1,5,3,-1,8,0,0,-1,22
5,14,27,2,5,3,-1,28,0,0,-1,11
5,14,27,3,5,3,-1,128,0,0,-1,21
5,14,28,1,5,2,-1,8,0,0,-1,22
5,14,28,2,5,2,-1,30,0,0,-1,11
5,14,28,3,5,2,-1,126,0,0,-1,21
5,14,29,1,5,3,-1,8,0,0,-1,22
5,14,29,2,5,3,-1,32,0,0,-1,11
5,14,29,3,5,3,-1,124,0,0,-1,21
5,14,30,1,5,1,-1,6,0,0,-1,22
5,14,30,2,5,1,-1,31,0,0,-1,11
5,14,30,3,5,1,-1,124,0,0,-1,21
5,14,31,1,5,2,-1,5,0,0,-1,22
5,14,31,2,5,2,-1,20,0,0,-1,11
5,14,31,3,5,2,-1,80,0,0,-1,21
5,15,0,1,5,4,-1,5,0,0,-1,23
5,15,0,2,5,4,-1,20,0,0,-1,27
5,15,0,3,5,4,-1,96,0,0,-1,29
5,15,1,1,5,3,-1,8,0,0,-1,23
5,15,1,2,5,3,-1,30,0,0,-1,27
5,15,1,3,5,3,-1,124,0,0,-1,29
5,15,2,1,5,3,-1,8,0,0,-1,23
5,15,2,2,5,3,-1,32,0,0,-1,27
5,15,2,3,5,3,-1,124,0,0,-1,29
5,15,3,1,5,2,-1,8,0,0,-1,23
5,15,3,2,5,2,-1,32,0,0,-1,27
5,15,3,3,5,2,-1,121,0,0,-1,29
5,15,4,1,5,3,-1,8,0,0,-1,23
5,15,4,2,5,3,-1,32,0,0,-1,27
5,15,4,3,5,3,-1,122,0,0,-1,29
5,15,5,1,5,2,-1,7,0,0,-1,23
5,15,5,2,5,2,-1,27,0,0,-1,27
5,15,5,3,5,2,-1,127,0,0,-1,29
5,15,6,1,5,2,-1,8,0,0,-1,23
5,15,6,2,5,2,-1,30,0,0,-1,27
5,15,6,3,5,2,-1,125,0,0,-1,29
5,15,7,1,5,1,-1,6,0,0,-1,23
5,15,7,2,5,1,-1,31,0,0,-1,27
5,15,7,3,5,1,-1,124,0,0,-1,29
5,15,8,1,5,3,-1,8,0,0,-1,23
5,15,8,2,5,3,-1,32,0,0,-1,27
5,15,8,3,5,3,-1,128,0,0,-1,29
5,15,9,1,5,2,-1,8,0,0,-1,23
5,15,9,2,5,2,-1,29,0,0,-1,27
5,15,9,3,5,2,-1,128,0,0,-1,29
5,15,10,1,5,2,-1,8,0,0,-1,23
5,15,10,2,5,2,-1,30,0,0,-1,27
5,15,10,3,5,2,-1,128,0,0,-1,29
5,15,11,1,5,1,-1,8,0,0,-1,23
5,15,11,2,5,1,-1,32,0,0,-1,27
5,15,11,3,5,1,-1,128,0,0,-1,29
5,15,12,1,5,2,-1,8,0,0,-1,23
5,15,12,2,5,2,-1,32,0,0,-1,27
5,15,12,3,5,2,-1,128,0,0,-1,29
5,15,13,1,5,1,-1,8,0,0,-1,23
5,15,13,2,5,1,-1,32,0,0,-1,27
5,15,13,3,5,1,-1,128,0,0,-1,29
5,15,14,1,5,1,-1,8,0,0,-1,23
5,15,14,2,5,1,-1,32,0,0,-1,27
5,15,14,3,5,1,-1,128,0,0,-1,29
5,15,16,1,5,5,-1,8,0,0,-1,23
5,15,16,2,5,5,-1,24,0,0,-1,27
5,15,16,3,5,5,-1,128,0,0,-1,29
5,15,17,1,5,4,-1,8,0,0,-1,23
5,15,17,2,5,4,-1,32,0,0,-1,27
5,15,17,3,5,4,-1,128,0,0,-1,29
5,15,18,1,5,4,-1,8,0,0,-1,23
5,15,18,2,5,4,-1,30,0,0,-1,27
5,15,18,3,5,4,-1,128,0,0,-1,29
5,15,19,1,5,3,-1,8,0,0,-1,23
5,15,19,2,5,3,-1,32,0,0,-1,27
5,15,19,3,5,3,-1,124,0,0,-1,29
5,15,20,1,5,4,-1,8,0,0,-1,23
5,15,20,2,5,4,-1,28,0,0,-1,27
5,15,20,3,5,4,-1,122,0,0,-1,29
5,15,21,1,5,3,-1,8,0,0,-1,23
5,15,21,2,5,3,-1,29,0,0,-1,27
5,15,21,3,5,3,-1,126,0,0,-1,29
5,15,22,1,5,3,-1,7,0,0,-1,23
5,15,22,2,5,3,-1,31,0,0,-1,27
5,15,22,3,5,3,-1,128,0,0,-1,29
5,15,23,1,5,2,-1,6,0,2,-1,31
5,15,23,2,5,2,-1,30,0,0,-1,27
5,15,23,3,5,2,-1,128,0,0,-1,29
5,15,24,1,5,4,-1,8,0,0,-1,23
5,15,24,2,5,4,-1,30,0,0,-1,27
5,15,24,3,5,4,-1,122,0,0,-1,29
5,15,25,1,5,3,-1,8,0,0,-1,23
5,15,25,2,5,3,-1,28,0,0,-1,27
5,15,25,3,5,3,-1,128,0,0,-1,29
5,15,26,1,5,3,-1,8,0,0,-1,23
5,15,26,2,5,3,-1,32,0,0,-1,27
5,15,26,3,5,3,-1,109,0,0,-1,29
5,15,27,1,5,2,-1,8,0,0,-1,23
5,15,27,2,5,2,-1,16,0,16,-1,30
5,15,27,3,5,2,-1,64,0,0,-1,29
5,15,28,1,5,3,-1,8,0,0,-1,23
5,15,28,2,5,3,-1,29,0,0,-1,27
5,15,28,3,5,3,-1,119,0,0,-1,29
5,15,29,1,5,2,-1,8,0,0,-1,23
5,15,29,2,5,2,-1,16,0,0,-1,27
5,15,29,3,5,2,-1,64,0,64,-1,23
5,15,30,1,5,2,-1,6,0,0,-1,23
5,15,30,2,5,2,-1,30,0,0,-1,27
5,15,30,3,5,2,-1,128,0,0,-1,29
5,15,31,1,5,1,-1,4,0,0,-1,23
5,15,31,2,5,1,-1,16,0,0,-1,27
5,15,31,3,5,1,-1,64,0,0,-1,29
5,16,0,1,5,1,-1,4,0,0,-1,1
5,16,0,2,5,1,-1,16,0,0,-1,2
5,16,0,3,5,1,-1,64,0,0,-1,4
5,16,1,1,5,2,-1,6,0,1,-1,3
5,16,1,2,5,2,-1,30,0,0,-1,2
5,16,1,3,5,2,-1,128,0,0,-1,4
5,16,2,1,5,2,-1,8,0,0,-1,1
5,16,2,2,5,2,-1,16,0,1,-1,8
5,16,2,3,5,2,-1,64,0,0,-1,4
5,16,3,1,5,3,-1,8,0,0,-1,1
5,16,3,2,5,3,-1,32,0,0,-1,2
5,16,3,3,5,3,-1,124,0,0,-1,4
5,16,4,1,5,2,-1,8,0,0,-1,1
5,16,4,2,5,2,-1,16,0,0,-1,2
5,16,4,3,5,2,-1,64,0,1,-1,1
5,16,5,1,5,3,-1,8,0,0,-1,1
5,16,5,2,5,3,-1,29,0,0,-1,2
5,16,5,3,5,3,-1,126,0,0,-1,4
5,16,6,1,5,3,-1,8,0,0,-1,1
5,16,6,2,5,3,-1,28,0,0,-1,2
5,16,6,3,5,3,-1,128,0,0,-1,4
5,16,7,1,5,4,-1,8,0,0,-1,1
5,16,7,2,5,4,-1,32,0,0,-1,2
5,16,7,3,5,4,-1,128,0,0,-1,4
5,16,8,1,5,2,-1,6,0,0,-1,1
5,16,8,2,5,2,-1,30,0,0,-1,2
5,16,8,3,5,2,-1,128,0,0,-1,4
5,16,9,1,5,3,-1,7,0,0,-1,1
5,16,9,2,5,3,-1,31,0,0,-1,2
5,16,9,3,5,3,-1,128,0,0,-1,4
5,16,10,1,5,3,-1,8,0,0,-1,1
5,16,10,2,5,3,-1,32,0,0,-1,2
5,16,10,3,5,3,-1,109,0,0,-1,4
5,16,11,1,5,4,-1,8,0,0,-1,1
5,16,11,2,5,4,-1,30,0,0,-1,2
5,16,11,3,5,4,-1,128,0,0,-1,4
5,16,12,1,5,3,-1,8,0,0,-1,1
5,16,12,2,5,3,-1,29,0,0,-1,2
5,16,12,3,5,3,-1,119,0,0,-1,4
5,16,13,1,5,4,-1,8,0,0,-1,1
5,16,13,2,5,4,-1,28,0,0,-1,2
5,16,13,3,5,4,-1,122,0,0,-1,4
5,16,14,1,5,4,-1,8,0,0,-1,1
5,16,14,2,5,4,-1,30,0,0,-1,2
5,16,14,3,5,4,-1,122,0,0,-1,4
5,16,15,1,5,5,-1,8,0,0,-1,1
5,16,15,2,5,5,-1,24,0,0,-1,2
5,16,15,3,5,5,-1,128,0,0,-1,4
5,16,17,1,5,1,-1,6,0,0,-1,1
5,16,17,2,5,1,-1,31,0,0,-1,2
5,16,17,3,5,1,-1,124,0,0,-1,4
5,16,18,1,5,1,-1,8,0,0,-1,1
5,16,18,2,5,1,-1,32,0,0,-1,2
5,16,18,3,5,1,-1,128,0,0,-1,4
5,16,19,1,5,2,-1,8,0,0,-1,1
5,16,19,2,5,2,-1,32,0,0,-1,2
5,16,19,3,5,2,-1,121,0,0,-1,4
5,16,20,1,5,1,-1,8,0,0,-1,1
5,16,20,2,5,1,-1,32,0,0,-1,2
5,16,20,3,5,1,-1,128,0,0,-1,4
5,16,21,1,5,2,-1,7,0,0,-1,1
5,16,21,2,5,2,-1,27,0,0,-1,2
5,16,21,3,5,2,-1,127,0,0,-1,4
5,16,22,1,5,2,-1,8,0,0,-1,1
5,16,22,2,5,2,-1,29,0,0,-1,2
5,16,22,3,5,2,-1,128,0,0,-1,4
5,16,23,1,5,3,-1,8,0,0,-1,1
5,16,23,2,5,3,-1,30,0,0,-1,2
5,16,23,3,5,3,-1,124,0,0,-1,4
5,16,24,1,5,1,-1,8,0,0,-1,1
5,16,24,2,5,1,-1,32,0,0,-1,2
5,16,24,3,5,1,-1,128,0,0,-1,4
5,16,25,1,5,2,-1,8,0,0,-1,1
5,16,25,2,5,2,-1,30,0,0,-1,2
5,16,25,3,5,2,-1,125,0,0,-1,4
5,16,26,1,5,2,-1,8,0,0,-1,1
5,16,26,2,5,2,-1,30,0,0,-1,2
5,16,26,3,5,2,-1,128,0,0,-1,4
5,16,27,1,5,3,-1,8,0,0,-1,1
5,16,27,2,5,3,-1,32,0,0,-1,2
5,16,27,3,5,3,-1,124,0,0,-1,4
5,16,28,1,5,2,-1,8,0,0,-1,1
5,16,28,2,5,2,-1,32,0,0,-1,2
5,16,28,3,5,2,-1,128,0,0,-1,4
5,16,29,1,5,3,-1,8,0,0,-1,1
5,16,29,2,5,3,-1,32,0,0,-1,2
5,16,29,3,5,3,-1,122,0,0,-1,4
5,16,30,1,5,3,-1,8,0,0,-1,1
5,16,30,2,5,3,-1,32,0,0,-1,2
5,16,30,3,5,3,-1,128,0,0,-1,4
5,16,31,1,5,4,-1,5,0,0,-1,1
5,16,31,2,5,4,-1,20,0,0,-1,2
5,16,31,3,5,4,-1,96,0,0,-1,4
5,17,0,1,5,2,-1,5,0,0,-1,18
5,17,0,2,5,2,-1,20,0,0,-1,5
5,17,0,3,5,2,-1,80,0,0,-1,10
5,17,1,1,5,1,-1,8,0,0,-1,18
5,17,1,2,5,1,-1,32,0,0,-1,5
5,17,1,3,5,1,-1,128,0,0,-1,10
5,17,2,1,5,3,-1,8,0,0,-1,18
5,17,2,2,5,3,-1,29,0,0,-1,5
5,17,2,3,5,3,-1,119,0,0,-1,10
5,17,3,1,5,2,-1,8,0,0,-1,18
5,17,3,2,5,2,-1,30,0,0,-1,5
5,17,3,3,5,2,-1,126,0,0,-1,10
5,17,4,1,5,3,-1,8,0,0,-1,18
5,17,4,2,5,3,-1,28,0,0,-1,5
5,17,4,3,5,3,-1,128,0,0,-1,10
5,17,5,1,5,2,-1,8,0,0,-1,18
5,17,5,2,5,2,-1,20,0,2,-1,4
5,17,5,3,5,2,-1,128,0,0,-1,10
5,17,6,1,5,4,-1,8,0,0,-1,18
5,17,6,2,5,4,-1,32,0,0,-1,5
5,17,6,3,5,4,-1,128,0,0,-1,10
5,17,7,1,5,3,-1,8,0,0,-1,18
5,17,7,2,5,3,-1,32,0,0,-1,5
5,17,7,3,5,3,-1,126,0,0,-1,10
5,17,8,1,5,3,-1,8,0,0,-1,18
5,17,8,2,5,3,-1,32,0,0,-1,5
5,17,8,3,5,3,-1,124,0,0,-1,10
5,17,9,1,5,2,-1,8,0,0,-1,18
5,17,9,2,5,2,-1,32,0,0,-1,5
5,17,9,3,5,2,-1,128,0,0,-1,10
5,17,10,1,5,4,-1,8,0,0,-1,18
5,17,10,2,5,4,-1,32,0,0,-1,5
5,17,10,3,5,4,-1,112,0,1,-1,26
5,17,11,1,5,3,-1,7,0,0,-1,18
5,17,11,2,5,3,-1,29,0,0,-1,5
5,17,11,3,5,3,-1,127,0,0,-1,10
5,17,12,1,5,4,-1,8,0,0,-1,18
5,17,12,2,5,4,-1,32,0,0,-1,5
5,17,12,3,5,4,-1,128,0,0,-1,10
5,17,13,1,5,3,-1,8,0,0,-1,18
5,17,13,2,5,3,-1,28,0,0,-1,5
5,17,13,3,5,3,-1,128,0,0,-1,10
5,17,14,1,5,5,-1,8,0,0,-1,18
5,17,14,2,5,5,-1,32,0,0,-1,5
5,17,14,3,5,5,-1,124,0,0,-1,10
5,17,15,1,5,4,-1,8,0,0,-1,18
5,17,15,2,5,4,-1,32,0,0,-1,5
5,17,15,3,5,4,-1,128,0,0,-1,10
5,17,16,1,5,1,-1,6,0,0,-1,18
5,17,16,2,5,1,-1,31,0,0,-1,5
5,17,16,3,5,1,-1,124,0,0,-1,10
5,17,18,1,5,2,-1,6,0,1,-1,22
5,17,18,2,5,2,-1,29,0,0,-1,5
5,17,18,3,5,2,-1,127,0,0,-1,10
5,17,19,1,5,1,-1,6,0,0,-1,18
5,17,19,2,5,1,-1,28,0,0,-1,5
5,17,19,3,5,1,-1,124,0,0,-1,10
5,17,20,1,5,2,-1,8,0,0,-1,18
5,17,20,2,5,2,-1,31,0,0,-1,5
5,17,20,3,5,2,-1,127,0,0,-1,10
5,17,21,1,5,1,-1,8,0,0,-1,18
5,17,21,2,5,1,-1,32,0,0,-1,5
5,17,21,3,5,1,-1,128,0,0,-1,10
5,17,22,1,5,3,-1,7,0,0,-1,18
5,17,22,2,5,3,-1,32,0,0,-1,5
5,17,22,3,5,3,-1,124,0,0,-1,10
5,17,23,1,5,2,-1,8,0,0,-1,18
5,17,23,2,5,2,-1,32,0,0,-1,5
5,17,23,3,5,2,-1,121,0,0,-1,10
5,17,24,1,5,2,-1,8,0,0,-1,18
5,17,24,2,5,2,-1,30,0,0,-1,5
5,17,24,3,5,2,-1,126,0,0,-1,10
5,17,25,1,5,1,-1,8,0,0,-1,18
5,17,25,2,5,1,-1,32,0,0,-1,5
5,17,25,3,5,1,-1,128,0,0,-1,10
5,17,26,1,5,3,-1,8,0,0,-1,18
5,17,26,2,5,3,-1,29,0,0,-1,5
5,17,26,3,5,3,-1,122,0,0,-1,10
5,17,27,1,5,2,-1,8,0,0,-1,18
5,17,27,2,5,2,-1,30,0,0,-1,5
5,17,27,3,5,2,-1,125,0,0,-1,10
5,17,28,1,5,3,-1,8,0,0,-1,18
5,17,28,2,5,3,-1,32,0,0,-1,5
5,17,28,3,5,3,-1,128,0,0,-1,10
5,17,29,1,5,2,-1,8,0,0,-1,18
5,17,29,2,5,2,-1,32,0,0,-1,5
5,17,29,3,5,2,-1,128,0,0,-1,10
5,17,30,1,5,4,-1,8,0,0,-1,18
5,17,30,2,5,4,-1,30,0,0,-1,5
5,17,30,3,5,4,-1,122,0,0,-1,10
5,17,31,1,5,3,-1,5,0,0,-1,18
5,17,31,2,5,3,-1,22,0,0,-1,5
5,17,31,3,5,3,-1,92,0,0,-1,10
5,18,0,1,5,2,-1,4,0,0,-1,5
5,18,0,2,5,2,-1,16,0,0,-1,10
5,18,0,3,5,2,-1,64,0,0,-1,20
5,18,1,1,5,3,-1,7,0,0,-1,5
5,18,1,2,5,3,-1,31,0,0,-1,10
5,18,1,3,5,3,-1,128,0,0,-1,20
5,18,2,1,5,1,-1,8,0,0,-1,5
5,18,2,2,5,1,-1,32,0,0,-1,10
5,18,2,3,5,1,-1,128,0,0,-1,20
5,18,3,1,5,2,-1,8,0,0,-1,5
5,18,3,2,5,2,-1,32,0,0,-1,10
5,18,3,3,5,2,-1,128,0,0,-1,20
5,18,4,1,5,3,-1,8,0,0,-1,5
5,18,4,2,5,3,-1,32,0,0,-1,10
5,18,4,3,5,3,-1,109,0,0,-1,20
5,18,5,1,5,4,-1,6,0,1,-1,13
5,18,5,2,5,4,-1,30,0,0,-1,10
5,18,5,3,5,4,-1,127,0,0,-1,20
5,18,6,1,5,2,-1,8,0,0,-1,5
5,18,6,2,5,2,-1,31,0,0,-1,10
5,18,6,3,5,2,-1,127,0,0,-1,20
5,18,7,1,5,3,-1,7,0,0,-1,5
5,18,7,2,5,3,-1,29,0,0,-1,10
5,18,7,3,5,3,-1,127,0,0,-1,20
5,18,8,1,5,3,-1,8,0,0,-1,5
5,18,8,2,5,3,-1,29,0,0,-1,10
5,18,8,3,5,3,-1,126,0,0,-1,20
5,18,9,1,5,4,-1,6,0,0,-1,5
5,18,9,2,5,4,-1,30,0,0,-1,10
5,18,9,3,5,4,-1,127,0,0,-1,20
5,18,10,1,5,2,-1,8,0,0,-1,5
5,18,10,2,5,2,-1,29,0,1,-1,8
5,18,10,3,5,2,-1,115,0,0,-1,20
5,18,11,1,5,3,-1,8,0,0,-1,5
5,18,11,2,5,3,-1,30,0,0,-1,10
5,18,11,3,5,3,-1,124,0,0,-1,20
5,18,12,1,5,4,-1,8,0,0,-1,5
5,18,12,2,5,4,-1,32,0,0,-1,10
5,18,12,3,5,4,-1,112,0,0,-1,20
5,18,13,1,5,5,-1,8,0,0,-1,5
5,18,13,2,5,5,-1,28,0,0,-1,10
5,18,13,3,5,5,-1,116,0,0,-1,20
5,18,14,1,5,3,-1,7,0,0,-1,5
5,18,14,2,5,3,-1,32,0,0,-1,10
5,18,14,3,5,3,-1,124,0,0,-1,20
5,18,15,1,5,4,-1,8,0,0,-1,5
5,18,15,2,5,4,-1,30,0,0,-1,10
5,18,15,3,5,4,-1,128,0,0,-1,20
5,18,16,1,5,1,-1,8,0,0,-1,5
5,18,16,2,5,1,-1,32,0,0,-1,10
5,18,16,3,5,1,-1,128,0,0,-1,20
5,18,17,1,5,2,-1,6,0,0,-1,5
5,18,17,2,5,2,-1,29,0,0,-1,10
5,18,17,3,5,2,-1,127,0,0,-1,20
5,18,19,1,5,1,-1,8,0,0,-1,5
5,18,19,2,5,1,-1,32,0,0,-1,10
5,18,19,3,5,1,-1,128,0,0,-1,20
5,18,20,1,5,2,-1,8,0,0,-1,5
5,18,20,2,5,2,-1,29,0,0,-1,10
5,18,20,3,5,2,-1,115,0,1,-1,21
5,18,21,1,5,3,-1,6,0,0,-1,5
5,18,21,2,5,3,-1,32,0,0,-1,10
5,18,21,3,5,3,-1,116,0,0,-1,20
5,18,22,1,5,1,-1,8,0,0,-1,5
5,18,22,2,5,1,-1,30,0,0,-1,10
5,18,22,3,5,1,-1,118,0,0,-1,20
5,18,23,1,5,2,-1,7,0,0,-1,5
5,18,23,2,5,2,-1,27,0,0,-1,10
5,18,23,3,5,2,-1,127,0,0,-1,20
5,18,24,1,5,2,-1,8,0,0,-1,5
5,18,24,2,5,2,-1,20,0,0,-1,10
5,18,24,3,5,2,-1,128,0,0,-1,20
5,18,25,1,5,3,-1,8,0,0,-1,5
5,18,25,2,5,3,-1,29,0,0,-1,10
5,18,25,3,5,3,-1,122,0,0,-1,20
5,18,26,1,5,1,-1,8,0,0,-1,5
5,18,26,2,5,1,-1,24,0,0,-1,10
5,18,26,3,5,1,-1,128,0,0,-1,20
5,18,27,1,5,2,-1,8,0,0,-1,5
5,18,27,2,5,2,-1,30,0,0,-1,10
5,18,27,3,5,2,-1,128,0,0,-1,20
5,18,28,1,5,3,-1,8,0,0,-1,5
5,18,28,2,5,3,-1,28,0,0,-1,10
5,18,28,3,5,3,-1,128,0,0,-1,20
5,18,29,1,5,4,-1,8,0,0,-1,5
5,18,29,2,5,4,-1,28,0,0,-1,10
5,18,29,3,5,4,-1,122,0,0,-1,20
5,18,30,1,5,2,-1,8,0,0,-1,5
5,18,30,2,5,2,-1,29,0,0,-1,10
5,18,30,3,5,2,-1,128,0,0,-1,20
5,18,31,1,5,3,-1,5,0,0,-1,5
5,18,31,2,5,3,-1,18,0,0,-1,10
5,18,31,3,5,3,-1,85,0,0,-1,20
5,19,0,1,5,3,-1,5,0,0,-1,21
5,19,0,2,5,3,-1,22,0,0,-1,26
5,19,0,3,5,3,-1,92,0,0,-1,13
5,19,1,1,5,2,-1,8,0,0,-1,21
5,19,1,2,5,2,-1,30,0,0,-1,26
5,19,1,3,5,2,-1,125,0,0,-1,13
5,19,2,1,5,2,-1,8,0,0,-1,21
5,19,2,2,5,2,-1,32,0,0,-1,26
5,19,2,3,5,2,-1,128,0,0,-1,13
5,19,3,1,5,1,-1,8,0,0,-1,21
5,19,3,2,5,1,-1,32,0,0,-1,26
5,19,3,3,5,1,-1,128,0,0,-1,13
5,19,4,1,5,4,-1,8,0,0,-1,21
5,19,4,2,5,4,-1,30,0,0,-1,26
5,19,4,3,5,4,-1,122,0,0,-1,13
5,19,5,1,5,3,-1,8,0,0,-1,21
5,19,5,2,5,3,-1,29,0,0,-1,26
5,19,5,3,5,3,-1,122,0,0,-1,13
5,19,6,1,5,3,-1,8,0,0,-1,21
5,19,6,2,5,3,-1,32,0,0,-1,26
5,19,6,3,5,3,-1,128,0,0,-1,13
5,19,7,1,5,2,-1,8,0,0,-1,21
5,19,7,2,5,2,-1,30,0,0,-1,26
5,19,7,3,5,2,-1,126,0,0,-1,13
5,19,8,1,5,4,-1,8,0,0,-1,21
5,19,8,2,5,4,-1,32,0,0,-1,26
5,19,8,3,5,4,-1,128,0,0,-1,13
5,19,9,1,5,3,-1,7,0,0,-1,21
5,19,9,2,5,3,-1,29,0,0,-1,26
5,19,9,3,5,3,-1,127,0,0,-1,13
5,19,10,1,5,3,-1,8,0,0,-1,21
5,19,10,2,5,3,-1,28,0,0,-1,26
5,19,10,3,5,3,-1,128,0,0,-1,13
5,19,11,1,5,2,-1,8,0,0,-1,21
5,19,11,2,5,2,-1,32,0,0,-1,26
5,19,11,3,5,2,-1,128,0,0,-1,13
5,19,12,1,5,5,-1,8,0,0,-1,21
5,19,12,2,5,5,-1,32,0,0,-1,26
5,19,12,3,5,5,-1,124,0,0,-1,13
5,19,13,1,5,4,-1,8,0,0,-1,21
5,19,13,2,5,4,-1,32,0,0,-1,26
5,19,13,3,5,4,-1,112,0,8,-1,24
5,19,14,1,5,4,-1,8,0,0,-1,21
5,19,14,2,5,4,-1,32,0,0,-1,26
5,19,14,3,5,4,-1,128,0,0,-1,13
5,19,15,1,5,3,-1,8,0,0,-1,21
5,19,15,2,5,3,-1,32,0,0,-1,26
5,19,15,3,5,3,-1,124,0,0,-1,13
5,19,16,1,5,2,-1,8,0,0,-1,21
5,19,16,2,5,2,-1,32,0,0,-1,26
5,19,16,3,5,2,-1,121,0,0,-1,13
5,19,17,1,5,1,-1,6,0,0,-1,21
5,19,17,2,5,1,-1,28,0,0,-1,26
5,19,17,3,5,1,-1,124,0,0,-1,13
5,19,18,1,5,1,-1,8,0,0,-1,21
5,19,18,2,5,1,-1,32,0,0,-1,26
5,19,18,3,5,1,-1,128,0,0,-1,13
5,19,20,1,5,3,-1,7,0,0,-1,21
5,19,20,2,5,3,-1,32,0,0,-1,26
5,19,20,3,5,3,-1,124,0,0,-1,13
5,19,21,1,5,2,-1,6,0,1,-1,29
5,19,21,2,5,2,-1,29,0,0,-1,26
5,19,21,3,5,2,-1,127,0,0,-1,13
5,19,22,1,5,2,-1,8,0,0,-1,21
5,19,22,2,5,2,-1,31,0,0,-1,26
5,19,22,3,5,2,-1,127,0,0,-1,13
5,19,23,1,5,1,-1,6,0,0,-1,21
5,19,23,2,5,1,-1,31,0,0,-1,26
5,19,23,3,5,1,-1,124,0,0,-1,13
5,19,24,1,5,3,-1,8,0,0,-1,21
5,19,24,2,5,3,-1,32,0,0,-1,26
5,19,24,3,5,3,-1,126,0,0,-1,13
5,19,25,1,5,2,-1,8,0,0,-1,21
5,19,25,2,5,2,-1,30,0,0,-1,26
5,19,25,3,5,2,-1,126,0,0,-1,13
5,19,26,1,5,2,-1,8,0,0,-1,21
5,19,26,2,5,2,-1,20,0,4,-1,18
5,19,26,3,5,2,-1,128,0,0,-1,13
5,19,27,1,5,1,-1,8,0,0,-1,21
5,19,27,2,5,1,-1,32,0,0,-1,26
5,19,27,3,5,1,-1,128,0,0,-1,13
5,19,28,1,5,4,-1,8,0,0,-1,21
5,19,28,2,5,4,-1,32,0,0,-1,26
5,19,28,3,5,4,-1,128,0,0,-1,13
5,19,29,1,5,3,-1,8,0,0,-1,21
5,19,29,2,5,3,-1,29,0,0,-1,26
5,19,29,3,5,3,-1,119,0,0,-1,13
5,19,30,1,5,3,-1,8,0,0,-1,21
5,19,30,2,5,3,-1,28,0,0,-1,26
5,19,30,3,5,3,-1,128,0,0,-1,13
5,19,31,1,5,2,-1,5,0,0,-1,21
5,19,31,2,5,2,-1,20,0,0,-1,26
5,19,31,3,5,2,-1,80,0,0,-1,13
5,20,0,1,5,2,-1,4,0,0,-1,9
5,20,0,2,5,2,-1,16,0,0,-1,18
5,20,0,3,5,2,-1,64,0,0,-1,5
5,20,1,1,5,3,-1,8,0,0,-1,9
5,20,1,2,5,3,-1,32,0,0,-1,18
5,20,1,3,5,3,-1,109,0,0,-1,5
5,20,2,1,5,3,-1,8,0,0,-1,9
5,20,2,2,5,3,-1,29,0,0,-1,18
5,20,2,3,5,3,-1,126,0,0,-1,5
5,20,3,1,5,4,-1,8,0,0,-1,9
5,20,3,2,5,4,-1,32,0,0,-1,18
5,20,3,3,5,4,-1,112,0,0,-1,5
5,20,4,1,5,1,-1,8,0,0,-1,9
5,20,4,2,5,1,-1,32,0,0,-1,18
5,20,4,3,5,1,-1,128,0,0,-1,5
5,20,5,1,5,2,-1,8,0,0,-1,9
5,20,5,2,5,2,-1,29,0,0,-1,18
5,20,5,3,5,2,-1,115,0,1,-1,13
5,20,6,1,5,2,-1,8,0,0,-1,9
5,20,6,2,5,2,-1,20,0,0,-1,18
5,20,6,3,5,2,-1,128,0,0,-1,5
5,20,7,1,5,3,-1,8,0,0,-1,9
5,20,7,2,5,3,-1,28,0,0,-1,18
5,20,7,3,5,3,-1,128,0,0,-1,5
5,20,8,1,5,3,-1,7,0,0,-1,9
5,20,8,2,5,3,-1,31,0,0,-1,18
5,20,8,3,5,3,-1,128,0,0,-1,5
5,20,9,1,5,4,-1,6,0,1,-1,11
5,20,9,2,5,4,-1,30,0,0,-1,18
5,20,9,3,5,4,-1,127,0,0,-1,5
5,20,10,1,5,4,-1,6,0,0,-1,9
5,20,10,2,5,4,-1,30,0,0,-1,18
5,20,10,3,5,4,-1,127,0,0,-1,5
5,20,11,1,5,5,-1,8,0,0,-1,9
5,20,11,2,5,5,-1,28,0,0,-1,18
5,20,11,3,5,5,-1,116,0,0,-1,5
5,20,12,1,5,2,-1,6,0,0,-1,9
5,20,12,2,5,2,-1,29,0,0,-1,18
5,20,12,3,5,2,-1,127,0,0,-1,5
5,20,13,1,5,3,-1,6,0,0,-1,9
5,20,13,2,5,3,-1,32,0,0,-1,18
5,20,13,3,5,3,-1,116,0,0,-1,5
5,20,14,1,5,3,-1,8,0,0,-1,9
5,20,14,2,5,3,-1,29,0,0,-1,18
5,20,14,3,5,3,-1,122,0,0,-1,5
5,20,15,1,5,4,-1,8,0,0,-1,9
5,20,15,2,5,4,-1,28,0,0,-1,18
5,20,15,3,5,4,-1,122,0,0,-1,5
5,20,16,1,5,1,-1,8,0,0,-1,9
5,20,16,2,5,1,-1,32,0,0,-1,18
5,20,16,3,5,1,-1,128,0,0,-1,5
5,20,17,1,5,2,-1,8,0,0,-1,9
5,20,17,2,5,2,-1,31,0,0,-1,18
5,20,17,3,5,2,-1,127,0,0,-1,5
5,20,18,1,5,2,-1,8,0,0,-1,9
5,20,18,2,5,2,-1,29,0,1,-1,2
5,20,18,3,5,2,-1,115,0,0,-1,5
5,20,19,1,5,3,-1,7,0,0,-1,9
5,20,19,2,5,3,-1,32,0,0,-1,18
5,20,19,3,5,3,-1,124,0,0,-1,5
5,20,21,1,5,1,-1,8,0,0,-1,9
5,20,21,2,5,1,-1,30,0,0,-1,18
5,20,21,3,5,1,-1,118,0,0,-1,5
5,20,22,1,5,1,-1,8,0,0,-1,9
5,20,22,2,5,1,-1,24,0,0,-1,18
5,20,22,3,5,1,-1,128,0,0,-1,5
5,20,23,1,5,2,-1,8,0,0,-1,9
5,20,23,2,5,2,-1,29,0,0,-1,18
5,20,23,3,5,2,-1,128,0,0,-1,5
5,20,24,1,5,2,-1,8,0,0,-1,9
5,20,24,2,5,2,-1,32,0,0,-1,18
5,20,24,3,5,2,-1,128,0,0,-1,5
5,20,25,1,5,3,-1,7,0,0,-1,9
5,20,25,2,5,3,-1,29,0,0,-1,18
5,20,25,3,5,3,-1,127,0,0,-1,5
5,20,26,1,5,3,-1,8,0,0,-1,9
5,20,26,2,5,3,-1,30,0,0,-1,18
5,20,26,3,5,3,-1,124,0,0,-1,5
5,20,27,1,5,4,-1,8,0,0,-1,9
5,20,27,2,5,4,-1,30,0,0,-1,18
5,20,27,3,5,4,-1,128,0,0,-1,5
5,20,28,1,5,1,-1,8,0,0,-1,9
5,20,28,2,5,1,-1,32,0,0,-1,18
5,20,28,3,5,1,-1,128,0,0,-1,5
5,20,29,1,5,2,-1,7,0,0,-1,9
5,20,29,2,5,2,-1,27,0,0,-1,18
5,20,29,3,5,2,-1,127,0,0,-1,5
5,20,30,1,5,2,-1,8,0,0,-1,9
5,20,30,2,5,2,-1,30,0,0,-1,18
5,20,30,3,5,2,-1,128,0,0,-1,5
5,20,31,1,5,3,-1,5,0,0,-1,9
5,20,31,2,5,3,-1,18,0,0,-1,18
5,20,31,3,5,3,-1,85,0,0,-1,5
5,21,0,1,5,3,-1,5,0,0,-1,26
5,21,0,2,5,3,-1,18,0,0,-1,13
5,21,0,3,5,3,-1,85,0,0,-1,22
5,21,1,1,5,2,-1,8,0,0,-1,26
5,21,1,2,5,2,-1,30,0,0,-1,13
5,21,1,3,5,2,-1,128,0,0,-1,22
5,21,2,1,5,4,-1,8,0,0,-1,26
5,21,2,2,5,4,-1,28,0,0,-1,13
5,21,2,3,5,4,-1,122,0,0,-1,22
5,21,3,1,5,3,-1,8,0,0,-1,26
5,21,3,2,5,3,-1,29,0,0,-1,13
5,21,3,3,5,3,-1,122,0,0,-1,22
5,21,4,1,5,2,-1,8,0,0,-1,26
5,21,4,2,5,2,-1,29,0,0,-1,13
5,21,4,3,5,2,-1,128,0,0,-1,22
5,21,5,1,5,1,-1,8,0,0,-1,26
5,21,5,2,5,1,-1,24,0,0,-1,13
5,21,5,3,5,1,-1,128,0,0,-1,22
5,21,6,1,5,3,-1,8,0,0,-1,26
5,21,6,2,5,3,-1,28,0,0,-1,13
5,21,6,3,5,3,-1,128,0,0,-1,22
5,21,7,1,5,2,-1,8,0,0,-1,26
5,21,7,2,5,2,-1,20,0,0,-1,13
5,21,7,3,5,2,-1,128,0,0,-1,22
5,21,8,1,5,4,-1,8,0,0,-1,26
5,21,8,2,5,4,-1,30,0,0,-1,13
5,21,8,3,5,4,-1,128,0,0,-1,22
5,21,9,1,5,3,-1,8,0,0,-1,26
5,21,9,2,5,3,-1,30,0,0,-1,13
5,21,9,3,5,3,-1,124,0,0,-1,22
5,21,10,1,5,5,-1,8,0,0,-1,26
5,21,10,2,5,5,-1,28,0,0,-1,13
5,21,10,3,5,5,-1,116,0,0,-1,22
5,21,11,1,5,4,-1,6,0,0,-1,26
5,21,11,2,5,4,-1,30,0,0,-1,13
5,21,11,3,5,4,-1,127,0,0,-1,22
5,21,12,1,5,3,-1,7,0,0,-1,26
5,21,12,2,5,3,-1,32,0,0,-1,13
5,21,12,3,5,3,-1,124,0,0,-1,22
5,21,13,1,5,2,-1,8,0,0,-1,26
5,21,13,2,5,2,-1,29,0,2,-1,12
5,21,13,3,5,2,-1,115,0,0,-1,22
5,21,14,1,5,4,-1,8,0,0,-1,26
5,21,14,2,5,4,-1,32,0,0,-1,13
5,21,14,3,5,4,-1,112,0,0,-1,22
5,21,15,1,5,3,-1,8,0,0,-1,26
5,21,15,2,5,3,-1,29,0,0,-1,13
5,21,15,3,5,3,-1,126,0,0,-1,22
5,21,16,1,5,2,-1,7,0,0,-1,26
5,21,16,2,5,2,-1,27,0,0,-1,13
5,21,16,3,5,2,-1,127,0,0,-1,22
5,21,17,1,5,1,-1,8,0,0,-1,26
5,21,17,2,5,1,-1,32,0,0,-1,13
5,21,17,3,5,1,-1,128,0,0,-1,22
5,21,18,1,5,3,-1,6,0,0,-1,26
5,21,18,2,5,3,-1,32,0,0,-1,13
5,21,18,3,5,3,-1,116,0,0,-1,22
5,21,19,1,5,2,-1,6,0,0,-1,26
5,21,19,2,5,2,-1,29,0,0,-1,13
5,21,19,3,5,2,-1,127,0,0,-1,22
5,21,20,1,5,1,-1,8,0,0,-1,26
5,21,20,2,5,1,-1,30,0,0,-1,13
5,21,20,3,5,1,-1,118,0,0,-1,22
5,21,22,1,5,2,-1,8,0,0,-1,26
5,21,22,2,5,2,-1,29,0,0,-1,13
5,21,22,3,5,2,-1,115,0,8,-1,20
5,21,23,1,5,1,-1,8,0,0,-1,26
5,21,23,2,5,1,-1,32,0,0,-1,13
5,21,23,3,5,1,-1,128,0,0,-1,22
5,21,24,1,5,3,-1,7,0,0,-1,26
5,21,24,2,5,3,-1,29,0,0,-1,13
5,21,24,3,5,3,-1,127,0,0,-1,22
5,21,25,1,5,2,-1,8,0,0,-1,26
5,21,25,2,5,2,-1,32,0,0,-1,13
5,21,25,3,5,2,-1,128,0,0,-1,22
5,21,26,1,5,4,-1,6,0,2,-1,27
5,21,26,2,5,4,-1,30,0,0,-1,13
5,21,26,3,5,4,-1,127,0,0,-1,22
5,21,27,1,5,3,-1,7,0,0,-1,26
5,21,27,2,5,3,-1,31,0,0,-1,13
5,21,27,3,5,3,-1,128,0,0,-1,22
5,21,28,1,5,2,-1,8,0,0,-1,26
5,21,28,2,5,2,-1,31,0,0,-1,13
5,21,28,3,5,2,-1,127,0,0,-1,22
5,21,29,1,5,1,-1,8,0,0,-1,26
5,21,29,2,5,1,-1,32,0,0,-1,13
5,21,29,3,5,1,-1,128,0,0,-1,22
5,21,30,1,5,3,-1,8,0,0,-1,26
5,21,30,2,5,3,-1,32,0,0,-1,13
5,21,30,3,5,3,-1,109,0,0,-1,22
5,21,31,1,5,2,-1,4,0,0,-1,26
5,21,31,2,5,2,-1,16,0,0,-1,13
5,21,31,3,5,2,-1,64,0,0,-1,22
5,22,0,1,5,3,-1,5,0,0,-1,11
5,22,0,2,5,3,-1,18,0,0,-1,21
5,22,0,3,5,3,-1,85,0,0,-1,26
5,22,1,1,5,4,-1,8,0,0,-1,11
5,22,1,2,5,4,-1,30,0,0,-1,21
5,22,1,3,5,4,-1,128,0,0,-1,26
5,22,2,1,5,2,-1,7,0,0,-1,11
5,22,2,2,5,2,-1,27,0,0,-1,21
5,22,2,3,5,2,-1,127,0,0,-1,26
5,22,3,1,5,3,-1,7,0,0,-1,11
5,22,3,2,5,3,-1,29,0,0,-1,21
5,22,3,3,5,3,-1,127,0,0,-1,26
5,22,4,1,5,2,-1,8,0,0,-1,11
5,22,4,2,5,2,-1,30,0,0,-1,21
5,22,4,3,5,2,-1,128,0,0,-1,26
5,22,5,1,5,3,-1,8,0,0,-1,11
5,22,5,2,5,3,-1,30,0,0,-1,21
5,22,5,3,5,3,-1,124,0,0,-1,26
5,22,6,1,5,1,-1,8,0,0,-1,11
5,22,6,2,5,1,-1,32,0,0,-1,21
5,22,6,3,5,1,-1,128,0,0,-1,26
5,22,7,1,5,2,-1,8,0,0,-1,11
5,22,7,2,5,2,-1,32,0,0,-1,21
5,22,7,3,5,2,-1,128,0,0,-1,26
5,22,8,1,5,4,-1,8,0,0,-1,11
5,22,8,2,5,4,-1,28,0,0,-1,21
5,22,8,3,5,4,-1,122,0,0,-1,26
5,22,9,1,5,5,-1,8,0,0,-1,11
5,22,9,2,5,5,-1,28,0,0,-1,21
5,22,9,3,5,5,-1,116,0,0,-1,26
5,22,10,1,5,3,-1,6,0,0,-1,11
5,22,10,2,5,3,-1,32,0,0,-1,21
5,22,10,3,5,3,-1,116,0,0,-1,26
5,22,11,1,5,4,-1,6,0,2,-1,15
5,22,11,2,5,4,-1,30,0,0,-1,21
5,22,11,3,5,4,-1,127,0,0,-1,26
5,22,12,1,5,3,-1,8,0,0,-1,11
5,22,12,2,5,3,-1,29,0,0,-1,21
5,22,12,3,5,3,-1,122,0,0,-1,26
5,22,13,1,5,4,-1,6,0,0,-1,11
5,22,13,2,5,4,-1,30,0,0,-1,21
5,22,13,3,5,4,-1,127,0,0,-1,26
5,22,14,1,5,2,-1,6,0,0,-1,11
5,22,14,2,5,2,-1,29,0,0,-1,21
5,22,14,3,5,2,-1,127,0,0,-1,26
5,22,15,1,5,3,-1,7,0,0,-1,11
5,22,15,2,5,3,-1,31,0,0,-1,21
5,22,15,3,5,3,-1,128,0,0,-1,26
5,22,16,1,5,2,-1,8,0,0,-1,11
5,22,16,2,5,2,-1,29,0,0,-1,21
5,22,16,3,5,2,-1,128,0,0,-1,26
5,22,17,1,5,3,-1,7,0,0,-1,11
5,22,17,2,5,3,-1,32,0,0,-1,21
5,22,17,3,5,3,-1,124,0,0,-1,26
5,22,18,1,5,1,-1,8,0,0,-1,11
5,22,18,2,5,1,-1,30,0,0,-1,21
5,22,18,3,5,1,-1,118,0,0,-1,26
5,22,19,1,5,2,-1,8,0,0,-1,11
5,22,19,2,5,2,-1,31,0,0,-1,21
5,22,19,3,5,2,-1,127,0,0,-1,26
5,22,20,1,5,1,-1,8,0,0,-1,11
5,22,20,2,5,1,-1,24,0,0,-1,21
5,22,20,3,5,1,-1,128,0,0,-1,26
5,22,21,1,5,2,-1,8,0,0,-1,11
5,22,21,2,5,2,-1,29,0,2,-1,17
5,22,21,3,5,2,-1,115,0,0,-1,26
5,22,23,1,5,1,-1,8,0,0,-1,11
5,22,23,2,5,1,-1,32,0,0,-1,21
5,22,23,3,5,1,-1,128,0,0,-1,26
5,22,24,1,5,3,-1,8,0,0,-1,11
5,22,24,2,5,3,-1,28,0,0,-1,21
5,22,24,3,5,3,-1,128,0,0,-1,26
5,22,25,1,5,4,-1,8,0,0,-1,11
5,22,25,2,5,4,-1,32,0,0,-1,21
5,22,25,3,5,4,-1,112,0,0,-1,26
5,22,26,1,5,2,-1,8,0,0,-1,11
5,22,26,2,5,2,-1,29,0,0,-1,21
5,22,26,3,5,2,-1,115,0,8,-1,18
5,22,27,1,5,3,-1,8,0,0,-1,11
5,22,27,2,5,3,-1,32,0,0,-1,21
5,22,27,3,5,3,-1,109,0,0,-1,26
5,22,28,1,5,2,-1,8,0,0,-1,11
5,22,28,2,5,2,-1,20,0,0,-1,21
5,22,28,3,5,2,-1,128,0,0,-1,26
5,22,29,1,5,3,-1,8,0,0,-1,11
5,22,29,2,5,3,-1,29,0,0,-1,21
5,22,29,3,5,3,-1,126,0,0,-1,26
5,22,30,1,5,1,-1,8,0,0,-1,11
5,22,30,2,5,1,-1,32,0,0,-1,21
5,22,30,3,5,1,-1,128,0,0,-1,26
5,22,31,1,5,2,-1,4,0,0,-1,11
5,22,31,2,5,2,-1,16,0,0,-1,21
5,22,31,3,5,2,-1,64,0,0,-1,26
5,23,0,1,5,4,-1,5,0,0,-1,27
5,23,0,2,5,4,-1,20,0,0,-1,29
5,23,0,3,5,4,-1,96,0,0,-1,30
5,23,1,1,5,3,-1,8,0,0,-1,27
5,23,1,2,5,3,-1,32,0,0,-1,29
5,23,1,3,5,3,-1,124,0,0,-1,30
5,23,2,1,5,3,-1,8,0,0,-1,27
5,23,2,2,5,3,-1,32,0,0,-1,29
5,23,2,3,5,3,-1,122,0,0,-1,30
5,23,3,1,5,2,-1,8,0,0,-1,27
5,23,3,2,5,2,-1,30,0,0,-1,29
5,23,3,3,5,2,-1,125,0,0,-1,30
5,23,4,1,5,3,-1,8,0,0,-1,27
5,23,4,2,5,3,-1,32,0,0,-1,29
5,23,4,3,5,3,-1,128,0,0,-1,30
5,23,5,1,5,2,-1,8,0,0,-1,27
5,23,5,2,5,2,-1,30,0,0,-1,29
5,23,5,3,5,2,-1,128,0,0,-1,30
5,23,6,1,5,2,-1,8,0,0,-1,27
5,23,6,2,5,2,-1,32,0,0,-1,29
5,23,6,3,5,2,-1,128,0,0,-1,30
5,23,7,1,5,1,-1,8,0,0,-1,27
5,23,7,2,5,1,-1,32,0,0,-1,29
5,23,7,3,5,1,-1,128,0,0,-1,30
5,23,8,1,5,5,-1,8,0,0,-1,27
5,23,8,2,5,5,-1,24,0,0,-1,29
5,23,8,3,5,5,-1,128,0,0,-1,30
5,23,9,1,5,4,-1,8,0,0,-1,27
5,23,9,2,5,4,-1,30,0,0,-1,29
5,23,9,3,5,4,-1,128,0,0,-1,30
5,23,10,1,5,4,-1,8,0,0,-1,27
5,23,10,2,5,4,-1,28,0,0,-1,29
5,23,10,3,5,4,-1,122,0,0,-1,30
5,23,11,1,5,3,-1,7,0,0,-1,27
5,23,11,2,5,3,-1,31,0,0,-1,29
5,23,11,3,5,3,-1,128,0,0,-1,30
5,23,12,1,5,4,-1,8,0,0,-1,27
5,23,12,2,5,4,-1,30,0,0,-1,29
5,23,12,3,5,4,-1,122,0,0,-1,30
5,23,13,1,5,3,-1,8,0,0,-1,27
5,23,13,2,5,3,-1,32,0,0,-1,29
5,23,13,3,5,3,-1,109,0,0,-1,30
5,23,14,1,5,3,-1,8,0,0,-1,27
5,23,14,2,5,3,-1,29,0,0,-1,29
5,23,14,3,5,3,-1,119,0,0,-1,30
5,23,15,1,5,2,-1,6,0,0,-1,27
5,23,15,2,5,2,-1,30,0,0,-1,29
5,23,15,3,5,2,-1,128,0,0,-1,30
5,23,16,1,5,3,-1,8,0,0,-1,27
5,23,16,2,5,3,-1,30,0,0,-1,29
5,23,16,3,5,3,-1,124,0,0,-1,30
5,23,17,1,5,2,-1,8,0,0,-1,27
5,23,17,2,5,2,-1,32,0,0,-1,29
5,23,17,3,5,2,-1,121,0,0,-1,30
5,23,18,1,5,2,-1,7,0,0,-1,27
5,23,18,2,5,2,-1,27,0,0,-1,29
5,23,18,3,5,2,-1,127,0,0,-1,30
5,23,19,1,5,1,-1,6,0,0,-1,27
5,23,19,2,5,1,-1,31,0,0,-1,29
5,23,19,3,5,1,-1,124,0,0,-1,30
5,23,20,1,5,2,-1,8,0,0,-1,27
5,23,20,2,5,2,-1,29,0,0,-1,29
5,23,20,3,5,2,-1,128,0,0,-1,30
5,23,21,1,5,1,-1,8,0,0,-1,27
5,23,21,2,5,1,-1,32,0,0,-1,29
5,23,21,3,5,1,-1,128,0,0,-1,30
5,23,22,1,5,1,-1,8,0,0,-1,27
5,23,22,2,5,1,-1,32,0,0,-1,29
5,23,22,3,5,1,-1,128,0,0,-1,30
5,23,24,1,5,4,-1,8,0,0,-1,27
5,23,24,2,5,4,-1,32,0,0,-1,29
5,23,24,3,5,4,-1,128,0,0,-1,30
5,23,25,1,5,3,-1,8,0,0,-1,27
5,23,25,2,5,3,-1,32,0,0,-1,29
5,23,25,3,5,3,-1,124,0,0,-1,30
5,23,26,1,5,3,-1,8,0,0,-1,27
5,23,26,2,5,3,-1,29,0,0,-1,29
5,23,26,3,5,3,-1,126,0,0,-1,30
5,23,27,1,5,2,-1,6,0,2,-1,31
5,23,27,2,5,2,-1,30,0,0,-1,29
5,23,27,3,5,2,-1,128,0,0,-1,30
5,23,28,1,5,3,-1,8,0,0,-1,27
5,23,28,2,5,3,-1,28,0,0,-1,29
5,23,28,3,5,3,-1,128,0,0,-1,30
5,23,29,1,5,2,-1,8,0,0,-1,27
5,23,29,2,5,2,-1,16,0,16,-1,15
5,23,29,3,5,2,-1,64,0,0,-1,30
5,23,30,1,5,2,-1,8,0,0,-1,27
5,23,30,2,5,2,-1,16,0,0,-1,29
5,23,30,3,5,2,-1,64,0,64,-1,27
5,23,31,1,5,1,-1,4,0,0,-1,27
5,23,31,2,5,1,-1,16,0,0,-1,29
5,23,31,3,5,1,-1,64,0,0,-1,30
5,24,0,1,5,2,-1,5,0,0,-1,9
5,24,0,2,5,2,-1,20,0,0,-1,18
5,24,0,3,5,2,-1,80,0,0,-1,5
5,24,1,1,5,3,-1,8,0,0,-1,9
5,24,1,2,5,3,-1,29,0,0,-1,18
5,24,1,3,5,3,-1,119,0,0,-1,5
5,24,2,1,5,3,-1,8,0,0,-1,9
5,24,2,2,5,3,-1,28,0,0,-1,18
5,24,2,3,5,3,-1,128,0,0,-1,5
5,24,3,1,5,4,-1,8,0,0,-1,9
5,24,3,2,5,4,-1,32,0,0,-1,18
5,24,3,3,5,4,-1,128,0,0,-1,5
5,24,4,1,5,3,-1,8,0,0,-1,9
5,24,4,2,5,3,-1,32,0,0,-1,18
5,24,4,3,5,3,-1,124,0,0,-1,5
5,24,5,1,5,4,-1,8,0,0,-1,9
5,24,5,2,5,4,-1,32,0,0,-1,18
5,24,5,3,5,4,-1,112,0,1,-1,13
5,24,6,1,5,4,-1,8,0,0,-1,9
5,24,6,2,5,4,-1,32,0,0,-1,18
5,24,6,3,5,4,-1,128,0,0,-1,5
5,24,7,1,5,5,-1,8,0,0,-1,9
5,24,7,2,5,5,-1,32,0,0,-1,18
5,24,7,3,5,5,-1,124,0,0,-1,5
5,24,8,1,5,1,-1,6,0,0,-1,9
5,24,8,2,5,1,-1,31,0,0,-1,18
5,24,8,3,5,1,-1,124,0,0,-1,5
5,24,9,1,5,2,-1,6,0,1,-1,11
5,24,9,2,5,2,-1,29,0,0,-1,18
5,24,9,3,5,2,-1,127,0,0,-1,5
5,24,10,1,5,2,-1,8,0,0,-1,9
5,24,10,2,5,2,-1,31,0,0,-1,18
5,24,10,3,5,2,-1,127,0,0,-1,5
5,24,11,1,5,3,-1,7,0,0,-1,9
5,24,11,2,5,3,-1,32,0,0,-1,18
5,24,11,3,5,3,-1,124,0,0,-1,5
5,24,12,1,5,2,-1,8,0,0,-1,9
5,24,12,2,5,2,-1,30,0,0,-1,18
5,24,12,3,5,2,-1,126,0,0,-1,5
5,24,13,1,5,3,-1,8,0,0,-1,9
5,24,13,2,5,3,-1,29,0,0,-1,18
5,24,13,3,5,3,-1,122,0,0,-1,5
5,24,14,1,5,3,-1,8,0,0,-1,9
5,24,14,2,5,3,-1,32,0,0,-1,18
5,24,14,3,5,3,-1,128,0,0,-1,5
5,24,15,1,5,4,-1,8,0,0,-1,9
5,24,15,2,5,4,-1,30,0,0,-1,18
5,24,15,3,5,4,-1,122,0,0,-1,5
5,24,16,1,5,1,-1,8,0,0,-1,9
5,24,16,2,5,1,-1,32,0,0,-1,18
5,24,16,3,5,1,-1,128,0,0,-1,5
5,24,17,1,5,2,-1,8,0,0,-1,9
5,24,17,2,5,2,-1,30,0,0,-1,18
5,24,17,3,5,2,-1,126,0,0,-1,5
5,24,18,1,5,2,-1,8,0,0,-1,9
5,24,18,2,5,2,-1,20,0,2,-1,2
5,24,18,3,5,2,-1,128,0,0,-1,5
5,24,19,1,5,3,-1,8,0,0,-1,9
5,24,19,2,5,3,-1,32,0,0,-1,18
5,24,19,3,5,3,-1,126,0,0,-1,5
5,24,20,1,5,2,-1,8,0,0,-1,9
5,24,20,2,5,2,-1,32,0,0,-1,18
5,24,20,3,5,2,-1,128,0,0,-1,5
5,24,21,1,5,3,-1,7,0,0,-1,9
5,24,21,2,5,3,-1,29,0,0,-1,18
5,24,21,3,5,3,-1,127,0,0,-1,5
5,24,22,1,5,3,-1,8,0,0,-1,9
5,24,22,2,5,3,-1,28,0,0,-1,18
5,24,22,3,5,3,-1,128,0,0,-1,5
5,24,23,1,5,4,-1,8,0,0,-1,9
5,24,23,2,5,4,-1,32,0,0,-1,18
5,24,23,3,5,4,-1,128,0,0,-1,5
5,24,25,1,5,1,-1,6,0,0,-1,9
5,24,25,2,5,1,-1,28,0,0,-1,18
5,24,25,3,5,1,-1,124,0,0,-1,5
5,24,26,1,5,1,-1,8,0,0,-1,9
5,24,26,2,5,1,-1,32,0,0,-1,18
5,24,26,3,5,1,-1,128,0,0,-1,5
5,24,27,1,5,2,-1,8,0,0,-1,9
5,24,27,2,5,2,-1,32,0,0,-1,18
5,24,27,3,5,2,-1,121,0,0,-1,5
5,24,28,1,5,1,-1,8,0,0,-1,9
5,24,28,2,5,1,-1,32,0,0,-1,18
5,24,28,3,5,1,-1,128,0,0,-1,5
5,24,29,1,5,2,-1,8,0,0,-1,9
5,24,29,2,5,2,-1,30,0,0,-1,18
5,24,29,3,5,2,-1,125,0,0,-1,5
5,24,30,1,5,2,-1,8,0,0,-1,9
5,24,30,2,5,2,-1,32,0,0,-1,18
5,24,30,3,5,2,-1,128,0,0,-1,5
5,24,31,1,5,3,-1,5,0,0,-1,9
5,24,31,2,5,3,-1,22,0,0,-1,18
5,24,31,3,5,3,-1,92,0,0,-1,5
5,25,0,1,5,3,-1,5,0,0,-1,26
5,25,0,2,5,3,-1,22,0,0,-1,13
5,25,0,3,5,3,-1,92,0,0,-1,22
5,25,1,1,5,2,-1,8,0,0,-1,26
5,25,1,2,5,2,-1,32,0,0,-1,13
5,25,1,3,5,2,-1,128,0,0,-1,22
5,25,2,1,5,4,-1,8,0,0,-1,26
5,25,2,2,5,4,-1,30,0,0,-1,13
5,25,2,3,5,4,-1,122,0,0,-1,22
5,25,3,1,5,3,-1,8,0,0,-1,26
5,25,3,2,5,3,-1,32,0,0,-1,13
5,25,3,3,5,3,-1,128,0,0,-1,22
5,25,4,1,5,4,-1,8,0,0,-1,26
5,25,4,2,5,4,-1,32,0,0,-1,13
5,25,4,3,5,4,-1,128,0,0,-1,22
5,25,5,1,5,3,-1,8,0,0,-1,26
5,25,5,2,5,3,-1,28,0,0,-1,13
5,25,5,3,5,3,-1,128,0,0,-1,22
5,25,6,1,5,5,-1,8,0,0,-1,26
5,25,6,2,5,5,-1,32,0,0,-1,13
5,25,6,3,5,5,-1,124,0,0,-1,22
5,25,7,1,5,4,-1,8,0,0,-1,26
5,25,7,2,5,4,-1,32,0,0,-1,13
5,25,7,3,5,4,-1,128,0,0,-1,22
5,25,8,1,5,2,-1,8,0,0,-1,26
5,25,8,2,5,2,-1,32,0,0,-1,13
5,25,8,3,5,2,-1,121,0,0,-1,22
5,25,9,1,5,1,-1,8,0,0,-1,26
5,25,9,2,5,1,-1,32,0,0,-1,13
5,25,9,3,5,1,-1,128,0,0,-1,22
5,25,10,1,5,3,-1,7,0,0,-1,26
5,25,10,2,5,3,-1,32,0,0,-1,13
5,25,10,3,5,3,-1,124,0,0,-1,22
5,25,11,1,5,2,-1,8,0,0,-1,26
5,25,11,2,5,2,-1,31,0,0,-1,13
5,25,11,3,5,2,-1,127,0,0,-1,22
5,25,12,1,5,3,-1,8,0,0,-1,26
5,25,12,2,5,3,-1,32,0,0,-1,13
5,25,12,3,5,3,-1,126,0,0,-1,22
5,25,13,1,5,2,-1,8,0,0,-1,26
5,25,13,2,5,2,-1,20,0,4,-1,9
5,25,13,3,5,2,-1,128,0,0,-1,22
5,25,14,1,5,4,-1,8,0,0,-1,26
5,25,14,2,5,4,-1,32,0,0,-1,13
5,25,14,3,5,4,-1,128,0,0,-1,22
5,25,15,1,5,3,-1,8,0,0,-1,26
5,25,15,2,5,3,-1,28,0,0,-1,13
5,25,15,3,5,3,-1,128,0,0,-1,22
5,25,16,1,5,2,-1,8,0,0,-1,26
5,25,16,2,5,2,-1,30,0,0,-1,13
5,25,16,3,5,2,-1,125,0,0,-1,22
5,25,17,1,5,1,-1,8,0,0,-1,26
5,25,17,2,5,1,-1,32,0,0,-1,13
5,25,17,3,5,1,-1,128,0,0,-1,22
5,25,18,1,5,3,-1,8,0,0,-1,26
5,25,18,2,5,3,-1,29,0,0,-1,13
5,25,18,3,5,3,-1,122,0,0,-1,22
5,25,19,1,5,2,-1,8,0,0,-1,26
5,25,19,2,5,2,-1,30,0,0,-1,13
5,25,19,3,5,2,-1,126,0,0,-1,22
5,25,20,1,5,3,-1,7,0,0,-1,26
5,25,20,2,5,3,-1,29,0,0,-1,13
5,25,20,3,5,3,-1,127,0,0,-1,22
5,25,21,1,5,2,-1,8,0,0,-1,26
5,25,21,2,5,2,-1,32,0,0,-1,13
5,25,21,3,5,2,-1,128,0,0,-1,22
5,25,22,1,5,4,-1,8,0,0,-1,26
5,25,22,2,5,4,-1,32,0,0,-1,13
5,25,22,3,5,4,-1,112,0,8,-1,12
5,25,23,1,5,3,-1,8,0,0,-1,26
5,25,23,2,5,3,-1,32,0,0,-1,13
5,25,23,3,5,3,-1,124,0,0,-1,22
5,25,24,1,5,1,-1,6,0,0,-1,26
5,25,24,2,5,1,-1,28,0,0,-1,13
5,25,24,3,5,1,-1,124,0,0,-1,22
5,25,26,1,5,2,-1,6,0,1,-1,30
5,25,26,2,5,2,-1,29,0,0,-1,13
5,25,26,3,5,2,-1,127,0,0,-1,22
5,25,27,1,5,1,-1,6,0,0,-1,26
5,25,27,2,5,1,-1,31,0,0,-1,13
5,25,27,3,5,1,-1,124,0,0,-1,22
5,25,28,1,5,2,-1,8,0,0,-1,26
5,25,28,2,5,2,-1,30,0,0,-1,13
5,25,28,3,5,2,-1,126,0,0,-1,22
5,25,29,1,5,1,-1,8,0,0,-1,26
5,25,29,2,5,1,-1,32,0,0,-1,13
5,25,29,3,5,1,-1,128,0,0,-1,22
5,25,30,1,5,3,-1,8,0,0,-1,26
5,25,30,2,5,3,-1,29,0,0,-1,13
5,25,30,3,5,3,-1,119,0,0,-1,22
5,25,31,1,5,2,-1,5,0,0,-1,26
5,25,31,2,5,2,-1,20,0,0,-1,13
5,25,31,3,5,2,-1,80,0,0,-1,22
5,26,0,1,5,3,-1,5,0,0,-1,13
5,26,0,2,5,3,-1,18,0,0,-1,22
5,26,0,3,5,3,-1,85,0,0,-1,11
5,26,1,1,5,4,-1,8,0,0,-1,13
5,26,1,2,5,4,-1,28,0,0,-1,22
5,26,1,3,5,4,-1,122,0,0,-1,11
5,26,2,1,5,2,-1,8,0,0,-1,13
5,26,2,2,5,2,-1,29,0,0,-1,22
5,26,2,3,5,2,-1,128,0,0,-1,11
5,26,3,1,5,3,-1,8,0,0,-1,13
5,26,3,2,5,3,-1,28,0,0,-1,22
5,26,3,3,5,3,-1,128,0,0,-1,11
5,26,4,1,5,4,-1,8,0,0,-1,13
5,26,4,2,5,4,-1,30,0,0,-1,22
5,26,4,3,5,4,-1,128,0,0,-1,11
5,26,5,1,5,5,-1,8,0,0,-1,13
5,26,5,2,5,5,-1,28,0,0,-1,22
5,26,5,3,5,5,-1,116,0,0,-1,11
5,26,6,1,5,3,-1,7,0,0,-1,13
5,26,6,2,5,3,-1,32,0,0,-1,22
5,26,6,3,5,3,-1,124,0,0,-1,11
5,26,7,1,5,4,-1,8,0,0,-1,13
5,26,7,2,5,4,-1,32,0,0,-1,22
5,26,7,3,5,4,-1,112,0,0,-1,11
5,26,8,1,5,2,-1,7,0,0,-1,13
5,26,8,2,5,2,-1,27,0,0,-1,22
5,26,8,3,5,2,-1,127,0,0,-1,11
5,26,9,1,5,3,-1,6,0,0,-1,13
5,26,9,2,5,3,-1,32,0,0,-1,22
5,26,9,3,5,3,-1,116,0,0,-1,11
5,26,10,1,5,1,-1,8,0,0,-1,13
5,26,10,2,5,1,-1,30,0,0,-1,22
5,26,10,3,5,1,-1,118,0,0,-1,11
5,26,11,1,5,2,-1,8,0,0,-1,13
5,26,11,2,5,2,-1,29,0,0,-1,22
5,26,11,3,5,2,-1,115,0,8,-1,10
5,26,12,1,5,3,-1,7,0,0,-1,13
5,26,12,2,5,3,-1,29,0,0,-1,22
5,26,12,3,5,3,-1,127,0,0,-1,11
5,26,13,1,5,4,-1,6,0,2,-1,29
5,26,13,2,5,4,-1,30,0,0,-1,22
5,26,13,3,5,4,-1,127,0,0,-1,11
5,26,14,1,5,2,-1,8,0,0,-1,13
5,26,14,2,5,2,-1,31,0,0,-1,22
5,26,14,3,5,2,-1,127,0,0,-1,11
5,26,15,1,5,3,-1,8,0,0,-1,13
5,26,15,2,5,3,-1,32,0,0,-1,22
5,26,15,3,5,3,-1,109,0,0,-1,11
5,26,16,1,5,2,-1,8,0,0,-1,13
5,26,16,2,5,2,-1,30,0,0,-1,22
5,26,16,3,5,2,-1,128,0,0,-1,11
5,26,17,1,5,3,-1,8,0,0,-1,13
5,26,17,2,5,3,-1,29,0,0,-1,22
5,26,17,3,5,3,-1,122,0,0,-1,11
5,26,18,1,5,1,-1,8,0,0,-1,13
5,26,18,2,5,1,-1,24,0,0,-1,22
5,26,18,3,5,1,-1,128,0,0,-1,11
5,26,19,1,5,2,-1,8,0,0,-1,13
5,26,19,2,5,2,-1,20,0,0,-1,22
5,26,19,3,5,2,-1,128,0,0,-1,11
5,26,20,1,5,3,-1,8,0,0,-1,13
5,26,20,2,5,3,-1,30,0,0,-1,22
5,26,20,3,5,3,-1,124,0,0,-1,11
5,26,21,1,5,4,-1,6,0,0,-1,13
5,26,21,2,5,4,-1,30,0,0,-1,22
5,26,21,3,5,4,-1,127,0,0,-1,11
5,26,22,1,5,2,-1,8,0,0,-1,13
5,26,22,2,5,2,-1,29,0,2,-1,6
5,26,22,3,5,2,-1,115,0,0,-1,11
5,26,23,1,5,3,-1,8,0,0,-1,13
5,26,23,2,5,3,-1,29,0,0,-1,22
5,26,23,3,5,3,-1,126,0,0,-1,11
5,26,24,1,5,1,-1,8,0,0,-1,13
5,26,24,2,5,1,-1,32,0,0,-1,22
5,26,24,3,5,1,-1,128,0,0,-1,11
5,26,25,1,5,2,-1,6,0,0,-1,13
5,26,25,2,5,2,-1,29,0,0,-1,22
5,26,25,3,5,2,-1,127,0,0,-1,11
5,26,27,1,5,1,-1,8,0,0,-1,13
5,26,27,2,5,1,-1,32,0,0,-1,22
5,26,27,3,5,1,-1,128,0,0,-1,11
5,26,28,1,5,2,-1,8,0,0,-1,13
5,26,28,2,5,2,-1,32,0,0,-1,22
5,26,28,3,5,2,-1,128,0,0,-1,11
5,26,29,1,5,3,-1,7,0,0,-1,13
5,26,29,2,5,3,-1,31,0,0,-1,22
5,26,29,3,5,3,-1,128,0,0,-1,11
5,26,30,1,5,1,-1,8,0,0,-1,13
5,26,30,2,5,1,-1,32,0,0,-1,22
5,26,30,3,5,1,-1,128,0,0,-1,11
5,26,31,1,5,2,-1,4,0,0,-1,13
5,26,31,2,5,2,-1,16,0,0,-1,22
5,26,31,3,5,2,-1,64,0,0,-1,11
5,27,0,1,5,4,-1,5,0,0,-1,29
5,27,0,2,5,4,-1,20,0,0,-1,30
5,27,0,3,5,4,-1,96,0,0,-1,15
5,27,1,1,5,3,-1,8,0,0,-1,29
5,27,1,2,5,3,-1,32,0,0,-1,30
5,27,1,3,5,3,-1,122,0,0,-1,15
5,27,2,1,5,3,-1,8,0,0,-1,29
5,27,2,2,5,3,-1,32,0,0,-1,30
5,27,2,3,5,3,-1,128,0,0,-1,15
5,27,3,1,5,2,-1,8,0,0,-1,29
5,27,3,2,5,2,-1,32,0,0,-1,30
5,27,3,3,5,2,-1,128,0,0,-1,15
5,27,4,1,5,5,-1,8,0,0,-1,29
5,27,4,2,5,5,-1,24,0,0,-1,30
5,27,4,3,5,5,-1,128,0,0,-1,15
5,27,5,1,5,4,-1,8,0,0,-1,29
5,27,5,2,5,4,-1,28,0,0,-1,30
5,27,5,3,5,4,-1,122,0,0,-1,15
5,27,6,1,5,4,-1,8,0,0,-1,29
5,27,6,2,5,4,-1,30,0,0,-1,30
5,27,6,3,5,4,-1,122,0,0,-1,15
5,27,7,1,5,3,-1,8,0,0,-1,29
5,27,7,2,5,3,-1,29,0,0,-1,30
5,27,7,3,5,3,-1,119,0,0,-1,15
5,27,8,1,5,3,-1,8,0,0,-1,29
5,27,8,2,5,3,-1,30,0,0,-1,30
5,27,8,3,5,3,-1,124,0,0,-1,15
5,27,9,1,5,2,-1,7,0,0,-1,29
5,27,9,2,5,2,-1,27,0,0,-1,30
5,27,9,3,5,2,-1,127,0,0,-1,15
5,27,10,1,5,2,-1,8,0,0,-1,29
5,27,10,2,5,2,-1,29,0,0,-1,30
5,27,10,3,5,2,-1,128,0,0,-1,15
5,27,11,1,5,1,-1,8,0,0,-1,29
5,27,11,2,5,1,-1,32,0,0,-1,30
5,27,11,3,5,1,-1,128,0,0,-1,15
5,27,12,1,5,4,-1,8,0,0,-1,29
5,27,12,2,5,4,-1,32,0,0,-1,30
5,27,12,3,5,4,-1,128,0,0,-1,15
5,27,13,1,5,3,-1,8,0,0,-1,29
5,27,13,2,5,3,-1,29,0,0,-1,30
5,27,13,3,5,3,-1,126,0,0,-1,15
5,27,14,1,5,3,-1,8,0,0,-1,29
5,27,14,2,5,3,-1,28,0,0,-1,30
5,27,14,3,5,3,-1,128,0,0,-1,15
5,27,15,1,5,2,-1,8,0,0,-1,29
5,27,15,2,5,2,-1,16,0,0,-1,30
5,27,15,3,5,2,-1,64,0,64,-1,29
5,27,16,1,5,3,-1,8,0,0,-1,29
5,27,16,2,5,3,-1,32,0,0,-1,30
5,27,16,3,5,3,-1,124,0,0,-1,15
5,27,17,1,5,2,-1,8,0,0,-1,29
5,27,17,2,5,2,-1,30,0,0,-1,30
5,27,17,3,5,2,-1,125,0,0,-1,15
5,27,18,1,5,2,-1,8,0,0,-1,29
5,27,18,2,5,2,-1,30,0,0,-1,30
5,27,18,3,5,2,-1,128,0,0,-1,15
5,27,19,1,5,1,-1,8,0,0,-1,29
5,27,19,2,5,1,-1,32,0,0,-1,30
5,27,19,3,5,1,-1,128,0,0,-1,15
5,27,20,1,5,4,-1,8,0,0,-1,29
5,27,20,2,5,4,-1,30,0,0,-1,30
5,27,20,3,5,4,-1,128,0,0,-1,15
5,27,21,1,5,3,-1,7,0,0,-1,29
5,27,21,2,5,3,-1,31,0,0,-1,30
5,27,21,3,5,3,-1,128,0,0,-1,15
5,27,22,1,5,3,-1,8,0,0,-1,29
5,27,22,2,5,3,-1,32,0,0,-1,30
5,27,22,3,5,3,-1,109,0,0,-1,15
5,27,23,1,5,2,-1,6,0,0,-1,29
5,27,23,2,5,2,-1,30,0,0,-1,30
5,27,23,3,5,2,-1,128,0,0,-1,15
5,27,24,1,5,2,-1,8,0,0,-1,29
5,27,24,2,5,2,-1,32,0,0,-1,30
5,27,24,3,5,2,-1,121,0,0,-1,15
5,27,25,1,5,1,-1,6,0,0,-1,29
5,27,25,2,5,1,-1,31,0,0,-1,30
5,27,25,3,5,1,-1,124,0,0,-1,15
5,27,26,1,5,1,-1,8,0,0,-1,29
5,27,26,2,5,1,-1,32,0,0,-1,30
5,27,26,3,5,1,-1,128,0,0,-1,15
5,27,28,1,5,3,-1,8,0,0,-1,29
5,27,28,2,5,3,-1,32,0,0,-1,30
5,27,28,3,5,3,-1,124,0,0,-1,15
5,27,29,1,5,2,-1,6,0,2,-1,31
5,27,29,2,5,2,-1,30,0,0,-1,30
5,27,29,3,5,2,-1,128,0,0,-1,15
5,27,30,1,5,2,-1,8,0,0,-1,29
5,27,30,2,5,2,-1,16,0,16,-1,23
5,27,30,3,5,2,-1,64,0,0,-1,15
5,27,31,1,5,1,-1,4,0,0,-1,29
5,27,31,2,5,1,-1,16,0,0,-1,30
5,27,31,3,5,1,-1,64,0,0,-1,15
5,28,0,1,5,3,-1,5,0,0,-1,13
5,28,0,2,5,3,-1,22,0,0,-1,22
5,28,0,3,5,3,-1,92,0,0,-1,11
5,28,1,1,5,4,-1,8,0,0,-1,13
5,28,1,2,5,4,-1,30,0,0,-1,22
5,28,1,3,5,4,-1,122,0,0,-1,11
5,28,2,1,5,4,-1,8,0,0,-1,13
5,28,2,2,5,4,-1,32,0,0,-1,22
5,28,2,3,5,4,-1,128,0,0,-1,11
5,28,3,1,5,5,-1,8,0,0,-1,13
5,28,3,2,5,5,-1,32,0,0,-1,22
5,28,3,3,5,5,-1,124,0,0,-1,11
5,28,4,1,5,2,-1,8,0,0,-1,13
5,28,4,2,5,2,-1,32,0,0,-1,22
5,28,4,3,5,2,-1,121,0,0,-1,11
5,28,5,1,5,3,-1,7,0,0,-1,13
5,28,5,2,5,3,-1,32,0,0,-1,22
5,28,5,3,5,3,-1,124,0,0,-1,11
5,28,6,1,5,3,-1,8,0,0,-1,13
5,28,6,2,5,3,-1,32,0,0,-1,22
5,28,6,3,5,3,-1,126,0,0,-1,11
5,28,7,1,5,4,-1,8,0,0,-1,13
5,28,7,2,5,4,-1,32,0,0,-1,22
5,28,7,3,5,4,-1,128,0,0,-1,11
5,28,8,1,5,2,-1,8,0,0,-1,13
5,28,8,2,5,2,-1,30,0,0,-1,22
5,28,8,3,5,2,-1,125,0,0,-1,11
5,28,9,1,5,3,-1,8,0,0,-1,13
5,28,9,2,5,3,-1,29,0,0,-1,22
5,28,9,3,5,3,-1,122,0,0,-1,11
5,28,10,1,5,3,-1,7,0,0,-1,13
5,28,10,2,5,3,-1,29,0,0,-1,22
5,28,10,3,5,3,-1,127,0,0,-1,11
5,28,11,1,5,4,-1,8,0,0,-1,13
5,28,11,2,5,4,-1,32,0,0,-1,22
5,28,11,3,5,4,-1,112,0,8,-1,6
5,28,12,1,5,1,-1,6,0,0,-1,13
5,28,12,2,5,1,-1,28,0,0,-1,22
5,28,12,3,5,1,-1,124,0,0,-1,11
5,28,13,1,5,2,-1,6,0,1,-1,15
5,28,13,2,5,2,-1,29,0,0,-1,22
5,28,13,3,5,2,-1,127,0,0,-1,11
5,28,14,1,5,2,-1,8,0,0,-1,13
5,28,14,2,5,2,-1,30,0,0,-1,22
5,28,14,3,5,2,-1,126,0,0,-1,11
5,28,15,1,5,3,-1,8,0,0,-1,13
5,28,15,2,5,3,-1,29,0,0,-1,22
5,28,15,3,5,3,-1,119,0,0,-1,11
5,28,16,1,5,2,-1,8,0,0,-1,13
5,28,16,2,5,2,-1,32,0,0,-1,22
5,28,16,3,5,2,-1,128,0,0,-1,11
5,28,17,1,5,3,-1,8,0,0,-1,13
5,28,17,2,5,3,-1,32,0,0,-1,22
5,28,17,3,5,3,-1,128,0,0,-1,11
5,28,18,1,5,3,-1,8,0,0,-1,13
5,28,18,2,5,3,-1,28,0,0,-1,22
5,28,18,3,5,3,-1,128,0,0,-1,11
5,28,19,1,5,4,-1,8,0,0,-1,13
5,28,19,2,5,4,-1,32,0,0,-1,22
5,28,19,3,5,4,-1,128,0,0,-1,11
5,28,20,1,5,1,-1,8,0,0,-1,13
5,28,20,2,5,1,-1,32,0,0,-1,22
5,28,20,3,5,1,-1,128,0,0,-1,11
5,28,21,1,5,2,-1,8,0,0,-1,13
5,28,21,2,5,2,-1,31,0,0,-1,22
5,28,21,3,5,2,-1,127,0,0,-1,11
5,28,22,1,5,2,-1,8,0,0,-1,13
5,28,22,2,5,2,-1,20,0,4,-1,20
5,28,22,3,5,2,-1,128,0,0,-1,11
5,28,23,1,5,3,-1,8,0,0,-1,13
5,28,23,2,5,3,-1,28,0,0,-1,22
5,28,23,3,5,3,-1,128,0,0,-1,11
5,28,24,1,5,1,-1,8,0,0,-1,13
5,28,24,2,5,1,-1,32,0,0,-1,22
5,28,24,3,5,1,-1,128,0,0,-1,11
5,28,25,1,5,2,-1,8,0,0,-1,13
5,28,25,2,5,2,-1,30,0,0,-1,22
5,28,25,3,5,2,-1,126,0,0,-1,11
5,28,26,1,5,2,-1,8,0,0,-1,13
5,28,26,2,5,2,-1,32,0,0,-1,22
5,28,26,3,5,2,-1,128,0,0,-1,11
5,28,27,1,5,3,-1,8,0,0,-1,13
5,28,27,2,5,3,-1,32,0,0,-1,22
5,28,27,3,5,3,-1,124,0,0,-1,11
5,28,29,1,5,1,-1,6,0,0,-1,13
5,28,29,2,5,1,-1,31,0,0,-1,22
5,28,29,3,5,1,-1,124,0,0,-1,11
5,28,30,1,5,1,-1,8,0,0,-1,13
5,28,30,2,5,1,-1,32,0,0,-1,22
5,28,30,3,5,1,-1,128,0,0,-1,11
5,28,31,1,5,2,-1,5,0,0,-1,13
5,28,31,2,5,2,-1,20,0,0,-1,22
5,28,31,3,5,2,-1,80,0,0,-1,11
5,29,0,1,5,4,-1,5,0,0,-1,30
5,29,0,2,5,4,-1,20,0,0,-1,15
5,29,0,3,5,4,-1,96,0,0,-1,23
5,29,1,1,5,3,-1,8,0,0,-1,30
5,29,1,2,5,3,-1,32,0,0,-1,15
5,29,1,3,5,3,-1,128,0,0,-1,23
5,29,2,1,5,5,-1,8,0,0,-1,30
5,29,2,2,5,5,-1,24,0,0,-1,15
5,29,2,3,5,5,-1,128,0,0,-1,23
5,29,3,1,5,4,-1,8,0,0,-1,30
5,29,3,2,5,4,-1,30,0,0,-1,15
5,29,3,3,5,4,-1,122,0,0,-1,23
5,29,4,1,5,3,-1,8,0,0,-1,30
5,29,4,2,5,3,-1,30,0,0,-1,15
5,29,4,3,5,3,-1,124,0,0,-1,23
5,29,5,1,5,2,-1,8,0,0,-1,30
5,29,5,2,5,2,-1,29,0,0,-1,15
5,29,5,3,5,2,-1,128,0,0,-1,23
5,29,6,1,5,4,-1,8,0,0,-1,30
5,29,6,2,5,4,-1,32,0,0,-1,15
5,29,6,3,5,4,-1,128,0,0,-1,23
5,29,7,1,5,3,-1,8,0,0,-1,30
5,29,7,2,5,3,-1,28,0,0,-1,15
5,29,7,3,5,3,-1,128,0,0,-1,23
5,29,8,1,5,3,-1,8,0,0,-1,30
5,29,8,2,5,3,-1,32,0,0,-1,15
5,29,8,3,5,3,-1,124,0,0,-1,23
5,29,9,1,5,2,-1,8,0,0,-1,30
5,29,9,2,5,2,-1,30,0,0,-1,15
5,29,9,3,5,2,-1,128,0,0,-1,23
5,29,10,1,5,4,-1,8,0,0,-1,30
5,29,10,2,5,4,-1,30,0,0,-1,15
5,29,10,3,5,4,-1,128,0,0,-1,23
5,29,11,1,5,3,-1,8,0,0,-1,30
5,29,11,2,5,3,-1,32,0,0,-1,15
5,29,11,3,5,3,-1,109,0,0,-1,23
5,29,12,1,5,2,-1,8,0,0,-1,30
5,29,12,2,5,2,-1,32,0,0,-1,15
5,29,12,3,5,2,-1,121,0,0,-1,23
5,29,13,1,5,1,-1,8,0,0,-1,30
5,29,13,2,5,1,-1,32,0,0,-1,15
5,29,13,3,5,1,-1,128,0,0,-1,23
5,29,14,1,5,3,-1,8,0,0,-1,30
5,29,14,2,5,3,-1,32,0,0,-1,15
5,29,14,3,5,3,-1,124,0,0,-1,23
5,29,15,1,5,2,-1,8,0,0,-1,30
5,29,15,2,5,2,-1,16,0,16,-1,27
5,29,15,3,5,2,-1,64,0,0,-1,23
5,29,16,1,5,3,-1,8,0,0,-1,30
5,29,16,2,5,3,-1,32,0,0,-1,15
5,29,16,3,5,3,-1,122,0,0,-1,23
5,29,17,1,5,2,-1,8,0,0,-1,30
5,29,17,2,5,2,-1,32,0,0,-1,15
5,29,17,3,5,2,-1,128,0,0,-1,23
5,29,18,1,5,4,-1,8,0,0,-1,30
5,29,18,2,5,4,-1,28,0,0,-1,15
5,29,18,3,5,4,-1,122,0,0,-1,23
5,29,19,1,5,3,-1,8,0,0,-1,30
5,29,19,2,5,3,-1,29,0,0,-1,15
5,29,19,3,5,3,-1,119,0,0,-1,23
5,29,20,1,5,2,-1,7,0,0,-1,30
5,29,20,2,5,2,-1,27,0,0,-1,15
5,29,20,3,5,2,-1,127,0,0,-1,23
5,29,21,1,5,1,-1,8,0,0,-1,30
5,29,21,2,5,1,-1,32,0,0,-1,15
5,29,21,3,5,1,-1,128,0,0,-1,23
5,29,22,1,5,3,-1,8,0,0,-1,30
5,29,22,2,5,3,-1,29,0,0,-1,15
5,29,22,3,5,3,-1,126,0,0,-1,23
5,29,23,1,5,2,-1,8,0,0,-1,30
5,29,23,2,5,2,-1,16,0,0,-1,15
5,29,23,3,5,2,-1,64,0,64,-1,30
5,29,24,1,5,2,-1,8,0,0,-1,30
5,29,24,2,5,2,-1,30,0,0,-1,15
5,29,24,3,5,2,-1,125,0,0,-1,23
5,29,25,1,5,1,-1,8,0,0,-1,30
5,29,25,2,5,1,-1,32,0,0,-1,15
5,29,25,3,5,1,-1,128,0,0,-1,23
5,29,26,1,5,3,-1,7,0,0,-1,30
5,29,26,2,5,3,-1,31,0,0,-1,15
5,29,26,3,5,3,-1,128,0,0,-1,23
5,29,27,1,5,2,-1,6,0,0,-1,30
5,29,27,2,5,2,-1,30,0,0,-1,15
5,29,27,3,5,2,-1,128,0,0,-1,23
5,29,28,1,5,1,-1,6,0,0,-1,30
5,29,28,2,5,1,-1,31,0,0,-1,15
5,29,28,3,5,1,-1,124,0,0,-1,23
5,29,30,1,5,2,-1,6,0,2,-1,31
5,29,30,2,5,2,-1,30,0,0,-1,15
5,29,30,3,5,2,-1,128,0,0,-1,23
5,29,31,1,5,1,-1,4,0,0,-1,30
5,29,31,2,5,1,-1,16,0,0,-1,15
5,29,31,3,5,1,-1,64,0,0,-1,23
5,30,0,1,5,4,-1,5,0,0,-1,15
5,30,0,2,5,4,-1,20,0,0,-1,23
5,30,0,3,5,4,-1,96,0,0,-1,27
5,30,1,1,5,5,-1,8,0,0,-1,15
5,30,1,2,5,5,-1,24,0,0,-1,23
5,30,1,3,5,5,-1,128,0,0,-1,27
5,30,2,1,5,3,-1,8,0,0,-1,15
5,30,2,2,5,3,-1,30,0,0,-1,23
5,30,2,3,5,3,-1,124,0,0,-1,27
5,30,3,1,5,4,-1,8,0,0,-1,15
5,30,3,2,5,4,-1,32,0,0,-1,23
5,30,3,3,5,4,-1,128,0,0,-1,27
5,30,4,1,5,3,-1,8,0,0,-1,15
5,30,4,2,5,3,-1,32,0,0,-1,23
5,30,4,3,5,3,-1,124,0,0,-1,27
5,30,5,1,5,4,-1,8,0,0,-1,15
5,30,5,2,5,4,-1,30,0,0,-1,23
5,30,5,3,5,4,-1,128,0,0,-1,27
5,30,6,1,5,2,-1,8,0,0,-1,15
5,30,6,2,5,2,-1,32,0,0,-1,23
5,30,6,3,5,2,-1,121,0,0,-1,27
5,30,7,1,5,3,-1,8,0,0,-1,15
5,30,7,2,5,3,-1,32,0,0,-1,23
5,30,7,3,5,3,-1,124,0,0,-1,27
5,30,8,1,5,3,-1,8,0,0,-1,15
5,30,8,2,5,3,-1,32,0,0,-1,23
5,30,8,3,5,3,-1,122,0,0,-1,27
5,30,9,1,5,4,-1,8,0,0,-1,15
5,30,9,2,5,4,-1,28,0,0,-1,23
5,30,9,3,5,4,-1,122,0,0,-1,27
5,30,10,1,5,2,-1,7,0,0,-1,15
5,30,10,2,5,2,-1,27,0,0,-1,23
5,30,10,3,5,2,-1,127,0,0,-1,27
5,30,11,1,5,3,-1,8,0,0,-1,15
5,30,11,2,5,3,-1,29,0,0,-1,23
5,30,11,3,5,3,-1,126,0,0,-1,27
5,30,12,1,5,2,-1,8,0,0,-1,15
5,30,12,2,5,2,-1,30,0,0,-1,23
5,30,12,3,5,2,-1,125,0,0,-1,27
5,30,13,1,5,3,-1,7,0,0,-1,15
5,30,13,2,5,3,-1,31,0,0,-1,23
5,30,13,3,5,3,-1,128,0,0,-1,27
5,30,14,1,5,1,-1,6,0,0,-1,15
5,30,14,2,5,1,-1,31,0,0,-1,23
5,30,14,3,5,1,-1,124,0,0,-1,27
5,30,15,1,5,2,-1,6,0,2,-1,31
5,30,15,2,5,2,-1,30,0,0,-1,23
5,30,15,3,5,2,-1,128,0,0,-1,27
5,30,16,1,5,3,-1,8,0,0,-1,15
5,30,16,2,5,3,-1,32,0,0,-1,23
5,30,16,3,5,3,-1,128,0,0,-1,27
5,30,17,1,5,4,-1,8,0,0,-1,15
5,30,17,2,5,4,-1,30,0,0,-1,23
5,30,17,3,5,4,-1,122,0,0,-1,27
5,30,18,1,5,2,-1,8,0,0,-1,15
5,30,18,2,5,2,-1,29,0,0,-1,23
5,30,18,3,5,2,-1,128,0,0,-1,27
5,30,19,1,5,3,-1,8,0,0,-1,15
5,30,19,2,5,3,-1,28,0,0,-1,23
5,30,19,3,5,3,-1,128,0,0,-1,27
5,30,20,1,5,2,-1,8,0,0,-1,15
5,30,20,2,5,2,-1,30,0,0,-1,23
5,30,20,3,5,2,-1,128,0,0,-1,27
5,30,21,1,5,3,-1,8,0,0,-1,15
5,30,21,2,5,3,-1,32,0,0,-1,23
5,30,21,3,5,3,-1,109,0,0,-1,27
5,30,22,1,5,1,-1,8,0,0,-1,15
5,30,22,2,5,1,-1,32,0,0,-1,23
5,30,22,3,5,1,-1,128,0,0,-1,27
5,30,23,1,5,2,-1,8,0,0,-1,15
5,30,23,2,5,2,-1,16,0,16,-1,29
5,30,23,3,5,2,-1,64,0,0,-1,27
5,30,24,1,5,2,-1,8,0,0,-1,15
5,30,24,2,5,2,-1,32,0,0,-1,23
5,30,24,3,5,2,-1,128,0,0,-1,27
5,30,25,1,5,3,-1,8,0,0,-1,15
5,30,25,2,5,3,-1,29,0,0,-1,23
5,30,25,3,5,3,-1,119,0,0,-1,27
5,30,26,1,5,1,-1,8,0,0,-1,15
5,30,26,2,5,1,-1,32,0,0,-1,23
5,30,26,3,5,1,-1,128,0,0,-1,27
5,30,27,1,5,2,-1,8,0,0,-1,15
5,30,27,2,5,2,-1,16,0,0,-1,23
5,30,27,3,5,2,-1,64,0,64,-1,15
5,30,28,1,5,1,-1,8,0,0,-1,15
5,30,28,2,5,1,-1,32,0,0,-1,23
5,30,28,3,5,1,-1,128,0,0,-1,27
5,30,29,1,5,2,-1,6,0,0,-1,15
5,30,29,2,5,2,-1,30,0,0,-1,23
5,30,29,3,5,2,-1,128,0,0,-1,27
5,30,31,1,5,1,-1,4,0,0,-1,15
5,30,31,2,5,1,-1,16,0,0,-1,23
5,30,31,3,5,1,-1,64,0,0,-1,27
5,31,0,1,1,5,232,0,0,-1,-1,-1
5,31,0,2,1,5,-1,0,4,11,10,0
5,31,0,3,1,5,-1,0,16,22,20,0
5,31,1,1,5,4,-1,5,0,3,-1,3
5,31,1,2,5,4,-1,20,0,6,-1,7
5,31,1,3,5,4,-1,96,0,12,-1,15
5,31,2,1,5,4,-1,5,0,3,-1,6
5,31,2,2,5,4,-1,20,0,6,-1,14
5,31,2,3,5,4,-1,96,0,12,-1,30
5,31,3,1,5,3,-1,5,0,3,-1,7
5,31,3,2,5,3,-1,22,0,6,-1,15
5,31,3,3,5,3,-1,92,0,13,-1,23
5,31,4,1,5,4,-1,5,0,3,-1,12
5,31,4,2,5,4,-1,20,0,6,-1,28
5,31,4,3,5,4,-1,96,0,12,-1,29
5,31,5,1,5,3,-1,5,0,3,-1,15
5,31,5,2,5,3,-1,18,0,11,-1,15
5,31,5,3,5,3,-1,85,0,22,-1,23
5,31,6,1,5,3,-1,5,0,3,-1,14
5,31,6,2,5,3,-1,22,0,6,-1,30
5,31,6,3,5,3,-1,92,0,13,-1,15
5,31,7,1,5,2,-1,5,0,3,-1,15
5,31,7,2,5,2,-1,20,0,12,-1,23
5,31,7,3,5,2,-1,80,0,48,-1,27
5,31,8,1,5,4,-1,5,0,3,-1,24
5,31,8,2,5,4,-1,20,0,6,-1,25
5,31,8,3,5,4,-1,96,0,12,-1,27
5,31,9,1,5,3,-1,5,0,3,-1,27
5,31,9,2,5,3,-1,18,0,11,-1,27
5,31,9,3,5,3,-1,85,0,22,-1,29
5,31,10,1,5,3,-1,5,0,3,-1,30
5,31,10,2,5,3,-1,18,0,11,-1,30
5,31,10,3,5,3,-1,85,0,22,-1,15
5,31,11,1,5,2,-1,4,0,4,-1,21
5,31,11,2,5,2,-1,16,0,16,-1,26
5,31,11,3,5,2,-1,64,0,64,-1,13
5,31,12,1,5,3,-1,5,0,3,-1,28
5,31,12,2,5,3,-1,22,0,6,-1,29
5,31,12,3,5,3,-1,92,0,13,-1,30
5,31,13,1,5,2,-1,4,0,4,-1,22
5,31,13,2,5,2,-1,16,0,16,-1,11
5,31,13,3,5,2,-1,64,0,64,-1,21
5,31,14,1,5,2,-1,5,0,3,-1,30
5,31,14,2,5,2,-1,20,0,12,-1,15
5,31,14,3,5,2,-1,80,0,48,-1,23
5,31,15,1,5,1,-1,4,0,4,-1,23
5,31,15,2,5,1,-1,16,0,16,-1,27
5,31,15,3,5,1,-1,64,0,64,-1,29
5,31,16,1,5,4,-1,5,0,3,-1,17
5,31,16,2,5,4,-1,20,0,6,-1,19
5,31,16,3,5,4,-1,96,0,12,-1,23
5,31,17,1,5,3,-1,5,0,3,-1,19
5,31,17,2,5,3,-1,22,0,6,-1,23
5,31,17,3,5,3,-1,92,0,13,-1,27
5,31,18,1,5,3,-1,5,0,3,-1,23
5,31,18,2,5,3,-1,18,0,11,-1,23
5,31,18,3,5,3,-1,85,0,22,-1,27
5,31,19,1,5,2,-1,5,0,3,-1,23
5,31,19,2,5,2,-1,20,0,12,-1,27
5,31,19,3,5,2,-1,80,0,48,-1,29
5,31,20,1,5,3,-1,5,0,3,-1,29
5,31,20,2,5,3,-1,18,0,11,-1,29
5,31,20,3,5,3,-1,85,0,22,-1,30
5,31,21,1,5,2,-1,4,0,4,-1,26
5,31,21,2,5,2,-1,16,0,16,-1,13
5,31,21,3,5,2,-1,64,0,64,-1,22
5,31,22,1,5,2,-1,4,0,4,-1,11
5,31,22,2,5,2,-1,16,0,16,-1,21
5,31,22,3,5,2,-1,64,0,64,-1,26
5,31,23,1,5,1,-1,4,0,4,-1,27
5,31,23,2,5,1,-1,16,0,16,-1,29
5,31,23,3,5,1,-1,64,0,64,-1,30
5,31,24,1,5,3,-1,5,0,3,-1,25
5,31,24,2,5,3,-1,22,0,6,-1,27
5,31,24,3,5,3,-1,92,0,13,-1,29
5,31,25,1,5,2,-1,5,0,3,-1,27
5,31,25,2,5,2,-1,20,0,12,-1,29
5,31,25,3,5,2,-1,80,0,48,-1,30
5,31,26,1,5,2,-1,4,0,4,-1,13
5,31,26,2,5,2,-1,16,0,16,-1,22
5,31,26,3,5,2,-1,64,0,64,-1,11
5,31,27,1,5,1,-1,4,0,4,-1,29
5,31,27,2,5,1,-1,16,0,16,-1,30
5,31,27,3,5,1,-1,64,0,64,-1,15
5,31,28,1,5,2,-1,5,0,3,-1,29
5,31,28,2,5,2,-1,20,0,12,-1,30
5,31,28,3,5,2,-1,80,0,48,-1,15
5,31,29,1,5,1,-1,4,0,4,-1,30
5,31,29,2,5,1,-1,16,0,16,-1,15
5,31,29,3,5,1,-1,64,0,64,-1,23
5,31,30,1,5,1,-1,4,0,4,-1,15
5,31,30,2,5,1,-1,16,0,16,-1,23
5,31,30,3,5,1,-1,64,0,64,-1,27
6,0,1,1,6,1,-1,4,0,1,-1,2
6,0,1,2,6,1,-1,16,0,1,-1,4
6,0,1,3,6,1,-1,64,0,1,-1,8
6,0,2,1,6,1,-1,4,0,1,-1,4
6,0,2,2,6,1,-1,16,0,1,-1,8
6,0,2,3,6,1,-1,64,0,1,-1,16
6,0,3,1,6,2,-1,5,0,1,-1,4
6,0,3,2,6,2,-1,20,0,1,-1,8
6,0,3,3,6,2,-1,80,0,1,-1,16
6,0,4,1,6,1,-1,4,0,1,-1,8
6,0,4,2,6,1,-1,16,0,1,-1,16
6,0,4,3,6,1,-1,64,0,1,-1,32
6,0,5,1,6,2,-1,4,0,1,-1,10
6,0,5,2,6,2,-1,16,0,1,-1,20
6,0,5,3,6,2,-1,64,0,1,-1,40
6,0,6,1,6,2,-1,5,0,1,-1,8
6,0,6,2,6,2,-1,20,0,1,-1,16
6,0,6,3,6,2,-1,80,0,1,-1,32
6,0,7,1,6,3,-1,5,0,1,-1,8
6,0,7,2,6,3,-1,22,0,1,-1,16
6,0,7,3,6,3,-1,95,0,1,-1,32
6,0,8,1,6,1,-1,4,0,1,-1,16
6,0,8,2,6,1,-1,16,0,1,-1,32
6,0,8,3,6,1,-1,64,0,1,-1,1
6,0,9,1,3,2,-1,4,0,1,-1,18
6,0,9,2,3,2,-1,16,0,1,-1,36
6,0,9,3,3,2,-1,0,64,1,0,9
6,0,10,1,6,2,-1,4,0,1,-1,20
6,0,10,2,6,2,-1,16,0,1,-1,40
6,0,10,3,6,2,-1,64,0,1,-1,17
6,0,11,1,6,3,-1,5,0,1,-1,20
6,0,11,2,6,3,-1,20,0,1,-1,40
6,0,11,3,6,3,-1,80,0,1,-1,17
6,0,12,1,6,2,-1,5,0,1,-1,16
6,0,12,2,6,2,-1,20,0,1,-1,32
6,0,12,3,6,2,-1,80,0,1,-1,1
6,0,13,1,6,3,-1,5,0,1,-1,18
6,0,13,2,6,3,-1,21,0,1,-1,36
6,0,13,3,6,3,-1,85,0,1,-1,9
6,0,14,1,6,3,-1,5,0,1,-1,16
6,0,14,2,6,3,-1,22,0,1,-1,32
6,0,14,3,6,3,-1,95,0,1,-1,1
6,0,15,1,6,4,-1,5,0,1,-1,16
6,0,15,2,6,4,-1,22,0,1,-1,32
6,0,15,3,6,4,-1,99,0,1,-1,1
6,0,16,1,6,1,-1,4,0,1,-1,32
6,0,16,2,6,1,-1,16,0,1,-1,1
6,0,16,3,6,1,-1,64,0,1,-1,2
6,0,17,1,6,2,-1,4,0,1,-1,34
6,0,17,2,6,2,-1,16,0,1,-1,5
6,0,17,3,6,2,-1,64,0,1,-1,10
6,0,18,1,3,2,-1,4,0,1,-1,36
6,0,18,2,3,2,-1,16,0,1,-1,9
6,0,18,3,3,2,-1,0,64,1,0,18
6,0,19,1,6,3,-1,5,0,1,-1,36
6,0,19,2,6,3,-1,21,0,1,-1,9
6,0,19,3,6,3,-1,85,0,1,-1,18
6,0,20,1,6,2,-1,4,0,1,-1,40
6,0,20,2,6,2,-1,16,0,1,-1,17
6,0,20,3,6,2,-1,64,0,1,-1,34
6,0,21,1,2,3,-1,4,0,1,-1,42
6,0,21,2,2,3,-1,0,16,1,0,21
6,0,21,3,2,3,-1,64,0,1,-1,42
6,0,22,1,6,3,-1,5,0,1,-1,40
6,0,22,2,6,3,-1,20,0,1,-1,17
6,0,22,3,6,3,-1,80,0,1,-1,34
6,0,23,1,6,4,-1,5,0,1,-1,40
6,0,23,2,6,4,-1,21,0,1,-1,17
6,0,23,3,6,4,-1,93,0,1,-1,34
6,0,24,1,6,2,-1,5,0,1,-1,32
6,0,24,2,6,2,-1,20,0,1,-1,1
6,0,24,3,6,2,-1,80,0,1,-1,2
6,0,25,1,6,3,-1,5,0,1,-1,34
6,0,25,2,6,3,-1,20,0,1,-1,5
6,0,25,3,6,3,-1,80,0,1,-1,10
6,0,26,1,6,3,-1,5,0,1,-1,36
6,0,26,2,6,3,-1,21,0,1,-1,9
6,0,26,3,6,3,-1,85,0,1,-1,18
6,0,27,1,3,4,-1,5,0,1,-1,36
6,0,27,2,3,4,-1,17,0,1,-1,9
6,0,27,3,3,4,-1,79,0,1,-1,18
6,0,28,1,6,3,-1,5,0,1,-1,32
6,0,28,2,6,3,-1,22,0,1,-1,1
6,0,28,3,6,3,-1,95,0,1,-1,2
6,0,29,1,6,4,-1,5,0,1,-1,34
6,0,29,2,6,4,-1,21,0,1,-1,5
6,0,29,3,6,4,-1,93,0,1,-1,10
6,0,30,1,6,4,-1,5,0,1,-1,32
6,0,30,2,6,4,-1,22,0,1,-1,1
6,0,30,3,6,4,-1,99,0,1,-1,2
6,0,31,1,6,5,-1,5,0,1,-1,32
6,0,31,2,6,5,-1,20,0,1,-1,1
6,0,31,3,6,5,-1,96,0,1,-1,2
6,0,32,1,6,1,-1,4,0,1,-1,1
6,0,32,2,6,1,-1,16,0,1,-1,2
6,0,32,3,6,1,-1,64,0,1,-1,4
6,0,33,1,6,2,-1,5,0,1,-1,2
6,0,33,2,6,2,-1,20,0,1,-1,4
6,0,33,3,6,2,-1,80,0,1,-1,8
6,0,34,1,6,2,-1,4,0,1,-1,5
6,0,34,2,6,2,-1,16,0,1,-1,10
6,0,34,3,6,2,-1,64,0,1,-1,20
6,0,35,1,6,3,-1,5,0,1,-1,4
6,0,35,2,6,3,-1,22,0,1,-1,8
6,0,35,3,6,3,-1,95,0,1,-1,16
6,0,36,1,3,2,-1,4,0,1,-1,9
6,0,36,2,3,2,-1,16,0,1,-1,18
6,0,36,3,3,2,-1,0,64,1,0,36
6,0,37,1,6,3,-1,5,0,1,-1,10
6,0,37,2,6,3,-1,20,0,1,-1,20
6,0,37,3,6,3,-1,80,0,1,-1,40
6,0,38,1,6,3,-1,5,0,1,-1,9
6,0,38,2,6,3,-1,21,0,1,-1,18
6,0,38,3,6,3,-1,85,0,1,-1,36
6,0,39,1,6,4,-1,5,0,1,-1,8
6,0,39,2,6,4,-1,22,0,1,-1,16
6,0,39,3,6,4,-1,99,0,1,-1,32
6,0,40,1,6,2,-1,4,0,1,-1,17
6,0,40,2,6,2,-1,16,0,1,-1,34
6,0,40,3,6,2,-1,64,0,1,-1,5
6,0,41,1,6,3,-1,5,0,1,-1,18
6,0,41,2,6,3,-1,21,0,1,-1,36
6,0,41,3,6,3,-1,85,0,1,-1,9
6,0,42,1,2,3,-1,4,0,1,-1,21
6,0,42,2,2,3,-1,0,16,1,0,42
6,0,42,3,2,3,-1,64,0,1,-1,21
6,0,43,1,6,4,-1,5,0,1,-1,20
6,0,43,2,6,4,-1,21,0,1,-1,40
6,0,43,3,6,4,-1,93,0,1,-1,17
6,0,44,1,6,3,-1,5,0,1,-1,17
6,0,44,2,6,3,-1,20,0,1,-1,34
6,0,44,3,6,3,-1,80,0,1,-1,5
6,0,45,1,3,4,-1,5,0,1,-1,18
6,0,45,2,3,4,-1,17,0,1,-1,36
6,0,45,3,3,4,-1,79,0,1,-1,9
6,0,46,1,6,4,-1,5,0,1,-1,17
6,0,46,2,6,4,-1,21,0,1,-1,34
6,0,46,3,6,4,-1,93,0,1,-1,5
6,0,47,1,6,5,-1,5,0,1,-1,16
6,0,47,2,6,5,-1,20,0,1,-1,32
6,0,47,3,6,5,-1,96,0,1,-1,1
6,0,48,1,6,2,-1,5,0,1,-1,1
6,0,48,2,6,2,-1,20,0,1,-1,2
6,0,48,3,6,2,-1,80,0,1,-1,4
6,0,49,1,6,3,-1,5,0,1,-1,2
6,0,49,2,6,3,-1,22,0,1,-1,4
6,0,49,3,6,3,-1,95,0,1,-1,8
6,0,50,1,6,3,-1,5,0,1,-1,5
6,0,50,2,6,3,-1,20,0,1,-1,10
6,0,50,3,6,3,-1,80,0,1,-1,20
6,0,51,1,6,4,-1,5,0,1,-1,4
6,0,51,2,6,4,-1,22,0,1,-1,8
6,0,51,3,6,4,-1,99,0,1,-1,16
6,0,52,1,6,3,-1,5,0,1,-1,9
6,0,52,2,6,3,-1,21,0,1,-1,18
6,0,52,3,6,3,-1,85,0,1,-1,36
6,0,53,1,6,4,-1,5,0,1,-1,10
6,0,53,2,6,4,-1,21,0,1,-1,20
6,0,53,3,6,4,-1,93,0,1,-1,40
6,0,54,1,3,4,-1,5,0,1,-1,9
6,0,54,2,3,4,-1,17,0,1,-1,18
6,0,54,3,3,4,-1,79,0,1,-1,36
6,0,55,1,6,5,-1,5,0,1,-1,8
6,0,55,2,6,5,-1,20,0,1,-1,16
6,0,55,3,6,5,-1,96,0,1,-1,32
6,0,56,1,6,3,-1,5,0,1,-1,1
6,0,56,2,6,3,-1,22,0,1,-1,2
6,0,56,3,6,3,-1,95,0,1,-1,4
6,0,57,1,6,4,-1,5,0,1,-1,2
6,0,57,2,6,4,-1,22,0,1,-1,4
6,0,57,3,6,4,-1,99,0,1,-1,8
6,0,58,1,6,4,-1,5,0,1,-1,5
6,0,58,2,6,4,-1,21,0,1,-1,10
6,0,58,3,6,4,-1,93,0,1,-1,20
6,0,59,1,6,5,-1,5,0,1,-1,4
6,0,59,2,6,5,-1,20,0,1,-1,8
6,0,59,3,6,5,-1,96,0,1,-1,16
6,0,60,1,6,4,-1,5,0,1,-1,1
6,0,60,2,6,4,-1,22,0,1,-1,2
6,0,60,3,6,4,-1,99,0,1,-1,4
6,0,61,1,6,5,-1,5,0,1,-1,2
6,0,61,2,6,5,-1,20,0,1,-1,4
6,0,61,3,6,5,-1,96,0,1,-1,8
6,0,62,1,6,5,-1,5,0,1,-1,1
6,0,62,2,6,5,-1,20,0,1,-1,2
6,0,62,3,6,5,-1,96,0,1,-1,4
6,0,63,1,1,6,232,0,0,-1,-1,-1
6,0,63,2,1,6,-1,0,4,11,10,63
6,0,63,3,1,6,-1,0,16,22,20,63
6,1,0,1,6,1,-1,4,0,0,-1,2
6,1,0,2,6,1,-1,16,0,0,-1,4
6,1,0,3,6,1,-1,64,0,0,-1,8
6,1,2,1,6,2,-1,6,0,1,-1,6
6,1,2,2,6,2,-1,30,0,0,-1,4
6,1,2,3,6,2,-1,128,0,0,-1,8
6,1,3,1,6,1,-1,6,0,0,-1,2
6,1,3,2,6,1,-1,31,0,0,-1,4
6,1,3,3,6,1,-1,124,0,0,-1,8
6,1,4,1,6,2,-1,8,0,0,-1,2
6,1,4,2,6,2,-1,16,0,1,-1,16
6,1,4,3,6,2,-1,128,0,0,-1,8
6,1,5,1,6,1,-1,8,0,0,-1,2
6,1,5,2,6,1,-1,32,0,0,-1,4
6,1,5,3,6,1,-1,128,0,0,-1,8
6,1,6,1,6,3,-1,8,0,0,-1,2
6,1,6,2,6,3,-1,32,0,0,-1,4
6,1,6,3,6,3,-1,128,0,0,-1,8
6,1,7,1,6,2,-1,8,0,0,-1,2
6,1,7,2,6,2,-1,32,0,0,-1,4
6,1,7,3,6,2,-1,128,0,0,-1,8
6,1,8,1,6,2,-1,8,0,0,-1,2
6,1,8,2,6,2,-1,32,0,0,-1,4
6,1,8,3,6,2,-1,0,64,1,0,1
6,1,9,1,6,1,-1,8,0,0,-1,2
6,1,9,2,6,1,-1,32,0,0,-1,4
6,1,9,3,6,1,-1,64,0,0,-1,8
6,1,10,1,6,3,-1,8,0,0,-1,2
6,1,10,2,6,3,-1,32,0,0,-1,4
6,1,10,3,6,3,-1,128,0,0,-1,8
6,1,11,1,6,2,-1,7,0,0,-1,2
6,1,11,2,6,2,-1,31,0,0,-1,4
6,1,11,3,6,2,-1,124,0,0,-1,8
6,1,12,1,6,3,-1,8,0,0,-1,2
6,1,12,2,6,3,-1,32,0,0,-1,4
6,1,12,3,6,3,-1,110,0,0,-1,8
6,1,13,1,6,2,-1,8,0,0,-1,2
6,1,13,2,6,2,-1,32,0,0,-1,4
6,1,13,3,6,2,-1,128,0,0,-1,8
6,1,14,1,6,4,-1,8,0,0,-1,2
6,1,14,2,6,4,-1,31,0,0,-1,4
6,1,14,3,6,4,-1,124,0,0,-1,8
6,1,15,1,6,3,-1,8,0,0,-1,2
6,1,15,2,6,3,-1,32,0,0,-1,4
6,1,15,3,6,3,-1,120,0,0,-1,8
6,1,16,1,6,2,-1,8,0,0,-1,2
6,1,16,2,6,2,-1,16,0,0,-1,4
6,1,16,3,6,2,-1,128,0,0,-1,8
6,1,17,1,6,1,-1,8,0,0,-1,2
6,1,17,2,6,1,-1,32,0,0,-1,4
6,1,17,3,6,1,-1,128,0,0,-1,8
6,1,18,1,6,3,-1,8,0,0,-1,2
6,1,18,2,6,3,-1,31,0,0,-1,4
6,1,18,3,6,3,-1,118,0,0,-1,8
6,1,19,1,6,2,-1,7,0,0,-1,2
6,1,19,2,6,2,-1,29,0,0,-1,4
6,1,19,3,6,2,-1,127,0,0,-1,8
6,1,20,1,6,3,-1,8,0,0,-1,2
6,1,20,2,6,3,-1,32,0,0,-1,4
6,1,20,3,6,3,-1,128,0,0,-1,8
6,1,21,1,6,2,-1,8,0,0,-1,2
6,1,21,2,6,2,-1,16,0,0,-1,4
6,1,21,3,6,2,-1,128,0,0,-1,8
6,1,22,1,6,4,-1,8,0,0,-1,2
6,1,22,2,6,4,-1,32,0,0,-1,4
6,1,22,3,6,4,-1,128,0,0,-1,8
6,1,23,1,6,3,-1,8,0,0,-1,2
6,1,23,2,6,3,-1,31,0,0,-1,4
6,1,23,3,6,3,-1,128,0,0,-1,8
6,1,24,1,6,3,-1,8,0,0,-1,2
6,1,24,2,6,3,-1,27,0,0,-1,4
6,1,24,3,6,3,-1,128,0,0,-1,8
6,1,25,1,6,2,-1,8,0,0,-1,2
6,1,25,2,6,2,-1,32,0,0,-1,4
6,1,25,3,6,2,-1,128,0,0,-1,8
6,1,26,1,6,4,-1,8,0,0,-1,2
6,1,26,2,6,4,-1,32,0,0,-1,4
6,1,26,3,6,4,-1,115,0,0,-1,8
6,1,27,1,6,3,-1,8,0,0,-1,2
6,1,27,2,6,3,-1,30,0,0,-1,4
6,1,27,3,6,3,-1,124,0,0,-1,8
6,1,28,1,6,4,-1,8,0,0,-1,2
6,1,28,2,6,4,-1,27,0,0,-1,4
6,1,28,3,6,4,-1,128,0,0,-1,8
6,1,29,1,6,3,-1,8,0,0,-1,2
6,1,29,2,6,3,-1,30,0,0,-1,4
6,1,29,3,6,3,-1,128,0,0,-1,8
6,1,30,1,6,5,-1,8,0,0,-1,2
6,1,30,2,6,5,-1,32,0,0,-1,4
6,1,30,3,6,5,-1,128,0,0,-1,8
6,1,31,1,6,4,-1,8,0,0,-1,2
6,1,31,2,6,4,-1,30,0,0,-1,4
6,1,31,3,6,4,-1,128,0,0,-1,8
6,1,32,1,6,2,-1,6,0,0,-1,2
6,1,32,2,6,2,-1,30,0,0,-1,4
6,1,32,3,6,2,-1,128,0,0,-1,8
6,1,33,1,6,1,-1,8,0,0,-1,2
6,1,33,2,6,1,-1,32,0,0,-1,4
6,1,33,3,6,1,-1,128,0,0,-1,8
6,1,34,1,6,3,-1,7,0,0,-1,2
6,1,34,2,6,3,-1,31,0,0,-1,4
6,1,34,3,6,3,-1,128,0,0,-1,8
6,1,35,1,6,2,-1,8,0,0,-1,2
6,1,35,2,6,2,-1,30,0,0,-1,4
6,1,35,3,6,2,-1,122,0,0,-1,8
6,1,36,1,6,3,-1,8,0,0,-1,2
6,1,36,2,6,3,-1,32,0,0,-1,4
6,1,36,3,6,3,-1,112,0,0,-1,8
6,1,37,1,6,2,-1,8,0,0,-1,2
6,1,37,2,6,2,-1,32,0,0,-1,4
6,1,37,3,6,2,-1,128,0,0,-1,8
6,1,38,1,6,4,-1,8,0,0,-1,2
6,1,38,2,6,4,-1,29,0,0,-1,4
6,1,38,3,6,4,-1,128,0,0,-1,8
6,1,39,1,6,3,-1,8,0,0,-1,2
6,1,39,2,6,3,-1,31,0,0,-1,4
6,1,39,3,6,3,-1,128,0,0,-1,8
6,1,40,1,6,3,-1,8,0,0,-1,2
6,1,40,2,6,3,-1,32,0,0,-1,4
6,1,40,3,6,3,-1,109,0,0,-1,8
6,1,41,1,6,2,-1,8,0,0,-1,2
6,1,41,2,6,2,-1,32,0,0,-1,4
6,1,41,3,6,2,-1,128,0,0,-1,8
6,1,42,1,6,4,-1,7,0,0,-1,2
6,1,42,2,6,4,-1,20,0,0,-1,4
6,1,42,3,6,4,-1,124,0,0,-1,8
6,1,43,1,6,3,-1,8,0,0,-1,2
6,1,43,2,6,3,-1,31,0,0,-1,4
6,1,43,3,6,3,-1,127,0,0,-1,8
6,1,44,1,6,4,-1,8,0,0,-1,2
6,1,44,2,6,4,-1,31,0,0,-1,4
6,1,44,3,6,4,-1,122,0,0,-1,8
6,1,45,1,6,3,-1,8,0,0,-1,2
6,1,45,2,6,3,-1,30,0,0,-1,4
6,1,45,3,6,3,-1,124,0,0,-1,8
6,1,46,1,6,5,-1,8,0,0,-1,2
6,1,46,2,6,5,-1,29,0,0,-1,4
6,1,46,3,6,5,-1,125,0,0,-1,8
6,1,47,1,6,4,-1,8,0,0,-1,2
6,1,47,2,6,4,-1,32,0,0,-1,4
6,1,47,3,6,4,-1,124,0,0,-1,8
6,1,48,1,6,3,-1,8,0,0,-1,2
6,1,48,2,6,3,-1,29,0,0,-1,4
6,1,48,3,6,3,-1,119,0,0,-1,8
6,1,49,1,6,2,-1,8,0,0,-1,2
6,1,49,2,6,2,-1,32,0,0,-1,4
6,1,49,3,6,2,-1,128,0,0,-1,8
6,1,50,1,6,4,-1,8,0,0,-1,2
6,1,50,2,6,4,-1,31,0,0,-1,4
6,1,50,3,6,4,-1,121,0,0,-1,8
6,1,51,1,6,3,-1,8,0,0,-1,2
6,1,51,2,6,3,-1,32,0,0,-1,4
6,1,51,3,6,3,-1,127,0,0,-1,8
6,1,52,1,6,4,-1,8,0,0,-1,2
6,1,52,2,6,4,-1,32,0,0,-1,4
6,1,52,3,6,4,-1,127,0,0,-1,8
6,1,53,1,6,3,-1,8,0,0,-1,2
6,1,53,2,6,3,-1,32,0,0,-1,4
6,1,53,3,6,3,-1,128,0,0,-1,8
6,1,54,1,6,5,-1,8,0,0,-1,2
6,1,54,2,6,5,-1,28,0,0,-1,4
6,1,54,3,6,5,-1,122,0,0,-1,8
6,1,55,1,6,4,-1,8,0,0,-1,2
6,1,55,2,6,4,-1,30,0,0,-1,4
6,1,55,3,6,4,-1,128,0,0,-1,8
6,1,56,1,6,4,-1,8,0,0,-1,2
6,1,56,2,6,4,-1,30,0,0,-1,4
6,1,56,3,6,4,-1,122,0,0,-1,8
6,1,57,1,6,3,-1,8,0,0,-1,2
6,1,57,2,6,3,-1,32,0,0,-1,4
6,1,57,3,6,3,-1,128,0,0,-1,8
6,1,58,1,6,5,-1,8,0,0,-1,2
6,1,58,2,6,5,-1,29,0,0,-1,4
6,1,58,3,6,5,-1,126,0,0,-1,8
6,1,59,1,6,4,-1,8,0,0,-1,2
6,1,59,2,6,4,-1,32,0,0,-1,4
6,1,59,3,6,4,-1,128,0,0,-1,8
6,1,60,1,6,5,-1,8,0,0,-1,2
6,1,60,2,6,5,-1,31,0,0,-1,4
6,1,60,3,6,5,-1,121,0,0,-1,8
6,1,61,1,6,4,-1,8,0,0,-1,2
6,1,61,2,6,4,-1,32,0,0,-1,4
6,1,61,3,6,4,-1,128,0,0,-1,8
6,1,62,1,6,6,-1,8,0,0,-1,2
6,1,62,2,6,6,-1,24,0,0,-1,4
6,1,62,3,6,6,-1,128,0,0,-1,8
6,1,63,1,6,5,-1,5,0,0,-1,2
6,1,63,2,6,5,-1,20,0,0,-1,4
6,1,63,3,6,5,-1,96,0,0,-1,8
6,2,0,1,6,1,-1,4,0,0,-1,4
6,2,0,2,6,1,-1,16,0,0,-1,8
6,2,0,3,6,1,-1,64,0,0,-1,16
6,2,1,1,6,2,-1,6,0,0,-1,4
6,2,1,2,6,2,-1,30,0,0,-1,8
6,2,1,3,6,2,-1,128,0,0,-1,16
6,2,3,1,6,1,-1,8,0,0,-1,4
6,2,3,2,6,1,-1,32,0,0,-1,8
6,2,3,3,6,1,-1,128,0,0,-1,16
6,2,4,1,6,2,-1,6,0,1,-1,12
6,2,4,2,6,2,-1,30,0,0,-1,8
6,2,4,3,6,2,-1,128,0,0,-1,16
6,2,5,1,6,3,-1,7,0,0,-1,4
6,2,5,2,6,3,-1,31,0,0,-1,8
6,2,5,3,6,3,-1,128,0,0,-1,16
6,2,6,1,6,1,-1,6,0,0,-1,4
6,2,6,2,6,1,-1,31,0,0,-1,8
6,2,6,3,6,1,-1,124,0,0,-1,16
6,2,7,1,6,2,-1,8,0,0,-1,4
6,2,7,2,6,2,-1,30,0,0,-1,8
6,2,7,3,6,2,-1,122,0,0,-1,16
6,2,8,1,6,2,-1,8,0,0,-1,4
6,2,8,2,6,2,-1,16,0,1,-1,32
6,2,8,3,6,2,-1,128,0,0,-1,16
6,2,9,1,6,3,-1,8,0,0,-1,4
6,2,9,2,6,3,-1,32,0,0,-1,8
6,2,9,3,6,3,-1,112,0,0,-1,16
6,2,10,1,6,1,-1,8,0,0,-1,4
6,2,10,2,6,1,-1,32,0,0,-1,8
6,2,10,3,6,1,-1,128,0,0,-1,16
6,2,11,1,6,2,-1,8,0,0,-1,4
6,2,11,2,6,2,-1,32,0,0,-1,8
6,2,11,3,6,2,-1,128,0,0,-1,16
6,2,12,1,6,3,-1,8,0,0,-1,4
6,2,12,2,6,3,-1,32,0,0,-1,8
6,2,12,3,6,3,-1,128,0,0,-1,16
6,2,13,1,6,4,-1,8,0,0,-1,4
6,2,13,2,6,4,-1,29,0,0,-1,8
6,2,13,3,6,4,-1,128,0,0,-1,16
6,2,14,1,6,2,-1,8,0,0,-1,4
6,2,14,2,6,2,-1,32,0,0,-1,8
6,2,14,3,6,2,-1,128,0,0,-1,16
6,2,15,1,6,3,-1,8,0,0,-1,4
6,2,15,2,6,3,-1,31,0,0,-1,8
6,2,15,3,6,3,-1,128,0,0,-1,16
6,2,16,1,6,2,-1,8,0,0,-1,4
6,2,16,2,6,2,-1,32,0,0,-1,8
6,2,16,3,6,2,-1,0,64,1,0,2
6,2,17,1,6,3,-1,8,0,0,-1,4
6,2,17,2,6,3,-1,32,0,0,-1,8
6,2,17,3,6,3,-1,109,0,0,-1,16
6,2,18,1,6,1,-1,8,0,0,-1,4
6,2,18,2,6,1,-1,32,0,0,-1,8
6,2,18,3,6,1,-1,64,0,0,-1,16
6,2,19,1,6,2,-1,8,0,0,-1,4
6,2,19,2,6,2,-1,32,0,0,-1,8
6,2,19,3,6,2,-1,128,0,0,-1,16
6,2,20,1,6,3,-1,8,0,0,-1,4
6,2,20,2,6,3,-1,32,0,0,-1,8
6,2,20,3,6,3,-1,128,0,0,-1,16
6,2,21,1,6,4,-1,7,0,0,-1,4
6,2,21,2,6,4,-1,20,0,0,-1,8
6,2,21,3,6,4,-1,124,0,0,-1,16
6,2,22,1,6,2,-1,7,0,0,-1,4
6,2,22,2,6,2,-1,31,0,0,-1,8
6,2,22,3,6,2,-1,124,0,0,-1,16
6,2,23,1,6,3,-1,8,0,0,-1,4
6,2,23,2,6,3,-1,31,0,0,-1,8
6,2,23,3,6,3,-1,127,0,0,-1,16
6,2,24,1,6,3,-1,8,0,0,-1,4
6,2,24,2,6,3,-1,32,0,0,-1,8
6,2,24,3,6,3,-1,110,0,0,-1,16
6,2,25,1,6,4,-1,8,0,0,-1,4
6,2,25,2,6,4,-1,31,0,0,-1,8
6,2,25,3,6,4,-1,122,0,0,-1,16
6,2,26,1,6,2,-1,8,0,0,-1,4
6,2,26,2,6,2,-1,32,0,0,-1,8
6,2,26,3,6,2,-1,128,0,0,-1,16
6,2,27,1,6,3,-1,8,0,0,-1,4
6,2,27,2,6,3,-1,30,0,0,-1,8
6,2,27,3,6,3,-1,124,0,0,-1,16
6,2,28,1,6,4,-1,8,0,0,-1,4
6,2,28,2,6,4,-1,31,0,0,-1,8
6,2,28,3,6,4,-1,124,0,0,-1,16
6,2,29,1,6,5,-1,8,0,0,-1,4
6,2,29,2,6,5,-1,29,0,0,-1,8
6,2,29,3,6,5,-1,125,0,0,-1,16
6,2,30,1,6,3,-1,8,0,0,-1,4
6,2,30,2,6,3,-1,32,0,0,-1,8
6,2,30,3,6,3,-1,120,0,0,-1,16
6,2,31,1,6,4,-1,8,0,0,-1,4
6,2,31,2,6,4,-1,32,0,0,-1,8
6,2,31,3,6,4,-1,124,0,0,-1,16
6,2,32,1,6,2,-1,8,0,0,-1,4
6,2,32,2,6,2,-1,16,0,0,-1,8
6,2,32,3,6,2,-1,128,0,0,-1,16
6,2,33,1,6,3,-1,8,0,0,-1,4
6,2,33,2,6,3,-1,29,0,0,-1,8
6,2,33,3,6,3,-1,119,0,0,-1,16
6,2,34,1,6,1,-1,8,0,0,-1,4
6,2,34,2,6,1,-1,32,0,0,-1,8
6,2,34,3,6,1,-1,128,0,0,-1,16
6,2,35,1,6,2,-1,8,0,0,-1,4
6,2,35,2,6,2,-1,32,0,0,-1,8
6,2,35,3,6,2,-1,128,0,0,-1,16
6,2,36,1,6,3,-1,8,0,0,-1,4
6,2,36,2,6,3,-1,31,0,0,-1,8
6,2,36,3,6,3,-1,118,0,0,-1,16
6,2,37,1,6,4,-1,8,0,0,-1,4
6,2,37,2,6,4,-1,31,0,0,-1,8
6,2,37,3,6,4,-1,121,0,0,-1,16
6,2,38,1,6,2,-1,7,0,0,-1,4
6,2,38,2,6,2,-1,29,0,0,-1,8
6,2,38,3,6,2,-1,127,0,0,-1,16
6,2,39,1,6,3,-1,8,0,0,-1,4
6,2,39,2,6,3,-1,32,0,0,-1,8
6,2,39,3,6,3,-1,127,0,0,-1,16
6,2,40,1,6,3,-1,8,0,0,-1,4
6,2,40,2,6,3,-1,32,0,0,-1,8
6,2,40,3,6,3,-1,128,0,0,-1,16
6,2,41,1,6,4,-1,8,0,0,-1,4
6,2,41,2,6,4,-1,32,0,0,-1,8
6,2,41,3,6,4,-1,127,0,0,-1,16
6,2,42,1,6,2,-1,8,0,0,-1,4
6,2,42,2,6,2,-1,16,0,0,-1,8
6,2,42,3,6,2,-1,128,0,0,-1,16
6,2,43,1,6,3,-1,8,0,0,-1,4
6,2,43,2,6,3,-1,32,0,0,-1,8
6,2,43,3,6,3,-1,128,0,0,-1,16
6,2,44,1,6,4,-1,8,0,0,-1,4
6,2,44,2,6,4,-1,32,0,0,-1,8
6,2,44,3,6,4,-1,128,0,0,-1,16
6,2,45,1,6,5,-1,8,0,0,-1,4
6,2,45,2,6,5,-1,28,0,0,-1,8
6,2,45,3,6,5,-1,122,0,0,-1,16
6,2,46,1,6,3,-1,8,0,0,-1,4
6,2,46,2,6,3,-1,31,0,0,-1,8
6,2,46,3,6,3,-1,128,0,0,-1,16
6,2,47,1,6,4,-1,8,0,0,-1,4
6,2,47,2,6,4,-1,30,0,0,-1,8
6,2,47,3,6,4,-1,128,0,0,-1,16
6,2,48,1,6,3,-1,8,0,0,-1,4
6,2,48,2,6,3,-1,27,0,0,-1,8
6,2,48,3,6,3,-1,128,0,0,-1,16
6,2,49,1,6,4,-1,8,0,0,-1,4
6,2,49,2,6,4,-1,30,0,0,-1,8
6,2,49,3,6,4,-1,122,0,0,-1,16
6,2,50,1,6,2,-1,8,0,0,-1,4
6,2,50,2,6,2,-1,32,0,0,-1,8
6,2,50,3,6,2,-1,128,0,0,-1,16
6,2,51,1,6,3,-1,8,0,0,-1,4
6,2,51,2,6,3,-1,32,0,0,-1,8
6,2,51,3,6,3,-1,128,0,0,-1,16
6,2,52,1,6,4,-1,8,0,0,-1,4
6,2,52,2,6,4,-1,32,0,0,-1,8
6,2,52,3,6,4,-1,115,0,0,-1,16
6,2,53,1,6,5,-1,8,0,0,-1,4
6,2,53,2,6,5,-1,29,0,0,-1,8
6,2,53,3,6,5,-1,126,0,0,-1,16
6,2,54,1,6,3,-1,8,0,0,-1,4
6,2,54,2,6,3,-1,30,0,0,-1,8
6,2,54,3,6,3,-1,124,0,0,-1,16
6,2,55,1,6,4,-1,8,0,0,-1,4
6,2,55,2,6,4,-1,32,0,0,-1,8
6,2,55,3,6,4,-1,128,0,0,-1,16
6,2,56,1,6,4,-1,8,0,0,-1,4
6,2,56,2,6,4,-1,27,0,0,-1,8
6,2,56,3,6,4,-1,128,0,0,-1,16
6,2,57,1,6,5,-1,8,0,0,-1,4
6,2,57,2,6,5,-1,31,0,0,-1,8
6,2,57,3,6,5,-1,121,0,0,-1,16
6,2,58,1,6,3,-1,8,0,0,-1,4
6,2,58,2,6,3,-1,30,0,0,-1,8
6,2,58,3,6,3,-1,128,0,0,-1,16
6,2,59,1,6,4,-1,8,0,0,-1,4
6,2,59,2,6,4,-1,32,0,0,-1,8
6,2,59,3,6,4,-1,128,0,0,-1,16
6,2,60,1,6,5,-1,8,0,0,-1,4
6,2,60,2,6,5,-1,32,0,0,-1,8
6,2,60,3,6,5,-1,128,0,0,-1,16
6,2,61,1,6,6,-1,8,0,0,-1,4
6,2,61,2,6,6,-1,24,0,0,-1,8
6,2,61,3,6,6,-1,128,0,0,-1,16
6,2,62,1,6,4,-1,8,0,0,-1,4
6,2,62,2,6,4,-1,30,0,0,-1,8
6,2,62,3,6,4,-1,128,0,0,-1,16
6,2,63,1,6,5,-1,5,0,0,-1,4
6,2,63,2,6,5,-1,20,0,0,-1,8
6,2,63,3,6,5,-1,96,0,0,-1,16
6,3,0,1,6,2,-1,5,0,0,-1,5
6,3,0,2,6,2,-1,20,0,0,-1,10
6,3,0,3,6,2,-1,80,0,0,-1,20
6,3,1,1,6,1,-1,6,0,0,-1,5
6,3,1,2,6,1,-1,31,0,0,-1,10
6,3,1,3,6,1,-1,124,0,0,-1,20
6,3,2,1,6,1,-1,8,0,0,-1,5
6,3,2,2,6,1,-1,32,0,0,-1,10
6,3,2,3,6,1,-1,128,0,0,-1,20
6,3,4,1,6,3,-1,8,0,0,-1,5
6,3,4,2,6,3,-1,29,0,0,-1,10
6,3,4,3,6,3,-1,119,0,0,-1,20
6,3,5,1,6,2,-1,6,0,1,-1,13
6,3,5,2,6,2,-1,29,0,0,-1,10
6,3,5,3,6,2,-1,128,0,0,-1,20
6,3,6,1,6,2,-1,8,0,0,-1,5
6,3,6,2,6,2,-1,30,0,0,-1,10
6,3,6,3,6,2,-1,128,0,0,-1,20
6,3,7,1,6,1,-1,6,0,0,-1,5
6,3,7,2,6,1,-1,28,0,0,-1,10
6,3,7,3,6,1,-1,126,0,0,-1,20
6,3,8,1,6,3,-1,8,0,0,-1,5
6,3,8,2,6,3,-1,27,0,0,-1,10
6,3,8,3,6,3,-1,128,0,0,-1,20
6,3,9,1,6,2,-1,8,0,0,-1,5
6,3,9,2,6,2,-1,32,0,0,-1,10
6,3,9,3,6,2,-1,123,0,0,-1,20
6,3,10,1,6,2,-1,8,0,0,-1,5
6,3,10,2,6,2,-1,24,0,1,-1,42
6,3,10,3,6,2,-1,128,0,0,-1,20
6,3,11,1,6,1,-1,8,0,0,-1,5
6,3,11,2,6,1,-1,32,0,0,-1,10
6,3,11,3,6,1,-1,128,0,0,-1,20
6,3,12,1,6,4,-1,8,0,0,-1,5
6,3,12,2,6,4,-1,32,0,0,-1,10
6,3,12,3,6,4,-1,128,0,0,-1,20
6,3,13,1,6,3,-1,7,0,0,-1,5
6,3,13,2,6,3,-1,32,0,0,-1,10
6,3,13,3,6,3,-1,128,0,0,-1,20
6,3,14,1,6,3,-1,8,0,0,-1,5
6,3,14,2,6,3,-1,31,0,0,-1,10
6,3,14,3,6,3,-1,128,0,0,-1,20
6,3,15,1,6,2,-1,8,0,0,-1,5
6,3,15,2,6,2,-1,30,0,0,-1,10
6,3,15,3,6,2,-1,128,0,0,-1,20
6,3,16,1,6,3,-1,8,0,0,-1,5
6,3,16,2,6,3,-1,32,0,0,-1,10
6,3,16,3,6,3,-1,110,0,0,-1,20
6,3,17,1,6,2,-1,8,0,0,-1,5
6,3,17,2,6,2,-1,31,0,0,-1,10
6,3,17,3,6,2,-1,126,0,0,-1,20
6,3,18,1,6,2,-1,8,0,0,-1,5
6,3,18,2,6,2,-1,32,0,0,-1,10
6,3,18,3,6,2,-1,124,0,0,-1,20
6,3,19,1,6,1,-1,8,0,0,-1,5
6,3,19,2,6,1,-1,32,0,0,-1,10
6,3,19,3,6,1,-1,128,0,0,-1,20
6,3,20,1,6,4,-1,8,0,0,-1,5
6,3,20,2,6,4,-1,31,0,0,-1,10
6,3,20,3,6,4,-1,114,0,1,-1,52
6,3,21,1,6,3,-1,7,0,0,-1,5
6,3,21,2,6,3,-1,26,0,0,-1,10
6,3,21,3,6,3,-1,128,0,0,-1,20
6,3,22,1,6,3,-1,8,0,0,-1,5
6,3,22,2,6,3,-1,31,0,0,-1,10
6,3,22,3,6,3,-1,126,0,0,-1,20
6,3,23,1,6,2,-1,7,0,0,-1,5
6,3,23,2,6,2,-1,32,0,0,-1,10
6,3,23,3,6,2,-1,128,0,0,-1,20
6,3,24,1,6,4,-1,8,0,0,-1,5
6,3,24,2,6,4,-1,32,0,0,-1,10
6,3,24,3,6,4,-1,126,0,0,-1,20
6,3,25,1,6,3,-1,8,0,0,-1,5
6,3,25,2,6,3,-1,31,0,0,-1,10
6,3,25,3,6,3,-1,125,0,0,-1,20
6,3,26,1,6,3,-1,8,0,0,-1,5
6,3,26,2,6,3,-1,32,0,0,-1,10
6,3,26,3,6,3,-1,128,0,0,-1,20
6,3,27,1,6,2,-1,8,0,0,-1,5
6,3,27,2,6,2,-1,32,0,0,-1,10
6,3,27,3,6,2,-1,124,0,0,-1,20
6,3,28,1,6,5,-1,8,0,0,-1,5
6,3,28,2,6,5,-1,31,0,0,-1,10
6,3,28,3,6,5,-1,128,0,0,-1,20
6,3,29,1,6,4,-1,7,0,0,-1,5
6,3,29,2,6,4,-1,31,0,0,-1,10
6,3,29,3,6,4,-1,120,0,0,-1,20
6,3,30,1,6,4,-1,8,0,0,-1,5
6,3,30,2,6,4,-1,32,0,0,-1,10
6,3,30,3,6,4,-1,126,0,0,-1,20
6,3,31,1,6,3,-1,8,0,0,-1,5
6,3,31,2,6,3,-1,32,0,0,-1,10
6,3,31,3,6,3,-1,120,0,0,-1,20
6,3,32,1,6,3,-1,8,0,0,-1,5
6,3,32,2,6,3,-1,32,0,0,-1,10
6,3,32,3,6,3,-1,128,0,0,-1,20
6,3,33,1,6,2,-1,8,0,0,-1,5
6,3,33,2,6,2,-1,30,0,0,-1,10
6,3,33,3,6,2,-1,128,0,0,-1,20
6,3,34,1,6,2,-1,8,0,0,-1,5
6,3,34,2,6,2,-1,32,0,0,-1,10
6,3,34,3,6,2,-1,128,0,0,-1,20
6,3,35,1,6,1,-1,8,0,0,-1,5
6,3,35,2,6,1,-1,32,0,0,-1,10
6,3,35,3,6,1,-1,128,0,0,-1,20
6,3,36,1,6,4,-1,8,0,0,-1,5
6,3,36,2,6,4,-1,32,0,0,-1,10
6,3,36,3,6,4,-1,117,0,0,-1,20
6,3,37,1,6,3,-1,8,0,0,-1,5
6,3,37,2,6,3,-1,28,0,0,-1,10
6,3,37,3,6,3,-1,125,0,0,-1,20
6,3,38,1,6,3,-1,7,0,0,-1,5
6,3,38,2,6,3,-1,29,0,0,-1,10
6,3,38,3,6,3,-1,126,0,0,-1,20
6,3,39,1,6,2,-1,8,0,0,-1,5
6,3,39,2,6,2,-1,30,0,0,-1,10
6,3,39,3,6,2,-1,124,0,0,-1,20
6,3,40,1,6,4,-1,8,0,0,-1,5
6,3,40,2,6,4,-1,32,0,0,-1,10
6,3,40,3,6,4,-1,128,0,0,-1,20
6,3,41,1,6,3,-1,8,0,0,-1,5
6,3,41,2,6,3,-1,30,0,0,-1,10
6,3,41,3,6,3,-1,128,0,0,-1,20
6,3,42,1,6,3,-1,8,0,0,-1,5
6,3,42,2,6,3,-1,15,0,0,-1,10
6,3,42,3,6,3,-1,128,0,0,-1,20
6,3,43,1,6,2,-1,8,0,0,-1,5
6,3,43,2,6,2,-1,32,0,0,-1,10
6,3,43,3,6,2,-1,128,0,0,-1,20
6,3,44,1,6,5,-1,8,0,0,-1,5
6,3,44,2,6,5,-1,31,0,0,-1,10
6,3,44,3,6,5,-1,128,0,0,-1,20
6,3,45,1,6,4,-1,8,0,0,-1,5
6,3,45,2,6,4,-1,32,0,0,-1,10
6,3,45,3,6,4,-1,124,0,0,-1,20
6,3,46,1,6,4,-1,8,0,0,-1,5
6,3,46,2,6,4,-1,32,0,0,-1,10
6,3,46,3,6,4,-1,128,0,0,-1,20
6,3,47,1,6,3,-1,8,0,0,-1,5
6,3,47,2,6,3,-1,31,0,0,-1,10
6,3,47,3,6,3,-1,128,0,0,-1,20
6,3,48,1,6,4,-1,8,0,0,-1,5
6,3,48,2,6,4,-1,32,0,0,-1,10
6,3,48,3,6,4,-1,128,0,0,-1,20
6,3,49,1,6,3,-1,8,0,0,-1,5
6,3,49,2,6,3,-1,32,0,0,-1,10
6,3,49,3,6,3,-1,126,0,0,-1,20
6,3,50,1,6,3,-1,8,0,0,-1,5
6,3,50,2,6,3,-1,32,0,0,-1,10
6,3,50,3,6,3,-1,128,0,0,-1,20
6,3,51,1,6,2,-1,8,0,0,-1,5
6,3,51,2,6,2,-1,32,0,0,-1,10
6,3,51,3,6,2,-1,128,0,0,-1,20
6,3,52,1,6,5,-1,8,0,0,-1,5
6,3,52,2,6,5,-1,32,0,0,-1,10
6,3,52,3,6,5,-1,121,0,0,-1,20
6,3,53,1,6,4,-1,8,0,0,-1,5
6,3,53,2,6,4,-1,28,0,0,-1,10
6,3,53,3,6,4,-1,128,0,0,-1,20
6,3,54,1,6,4,-1,8,0,0,-1,5
6,3,54,2,6,4,-1,31,0,0,-1,10
6,3,54,3,6,4,-1,123,0,0,-1,20
6,3,55,1,6,3,-1,8,0,0,-1,5
6,3,55,2,6,3,-1,32,0,0,-1,10
6,3,55,3,6,3,-1,127,0,0,-1,20
6,3,56,1,6,5,-1,8,0,0,-1,5
6,3,56,2,6,5,-1,32,0,0,-1,10
6,3,56,3,6,5,-1,128,0,0,-1,20
6,3,57,1,6,4,-1,8,0,0,-1,5
6,3,57,2,6,4,-1,32,0,0,-1,10
6,3,57,3,6,4,-1,128,0,0,-1,20
6,3,58,1,6,4,-1,8,0,0,-1,5
6,3,58,2,6,4,-1,29,0,0,-1,10
6,3,58,3,6,4,-1,128,0,0,-1,20
6,3,59,1,6,3,-1,8,0,0,-1,5
6,3,59,2,6,3,-1,32,0,0,-1,10
6,3,59,3,6,3,-1,128,0,0,-1,20
6,3,60,1,6,6,-1,8,0,0,-1,5
6,3,60,2,6,6,-1,32,0,0,-1,10
6,3,60,3,6,6,-1,128,0,0,-1,20
6,3,61,1,6,5,-1,8,0,0,-1,5
6,3,61,2,6,5,-1,31,0,0,-1,10
6,3,61,3,6,5,-1,121,0,0,-1,20
6,3,62,1,6,5,-1,8,0,0,-1,5
6,3,62,2,6,5,-1,32,0,0,-1,10
6,3,62,3,6,5,-1,128,0,0,-1,20
6,3,63,1,6,4,-1,5,0,0,-1,5
6,3,63,2,6,4,-1,22,0,0,-1,10
6,3,63,3,6,4,-1,99,0,0,-1,20
6,4,0,1,6,1,-1,4,0,0,-1,8
6,4,0,2,6,1,-1,16,0,0,-1,16
6,4,0,3,6,1,-1,64,0,0,-1,32
6,4,1,1,6,2,-1,8,0,0,-1,8
6,4,1,2,6,2,-1,16,0,0,-1,16
6,4,1,3,6,2,-1,128,0,0,-1,32
6,4,2,1,6,2,-1,6,0,0,-1,8
6,4,2,2,6,2,-1,30,0,0,-1,16
6,4,2,3,6,2,-1,128,0,0,-1,32
6,4,3,1,6,3,-1,8,0,0,-1,8
6,4,3,2,6,3,-1,29,0,0,-1,16
6,4,3,3,6,3,-1,119,0,0,-1,32
6,4,5,1,6,1,-1,8,0,0,-1,8
6,4,5,2,6,1,-1,32,0,0,-1,16
6,4,5,3,6,1,-1,128,0,0,-1,32
6,4,6,1,6,1,-1,8,0,0,-1,8
6,4,6,2,6,1,-1,32,0,0,-1,16
6,4,6,3,6,1,-1,128,0,0,-1,32
6,4,7,1,6,2,-1,8,0,0,-1,8
6,4,7,2,6,2,-1,32,0,0,-1,16
6,4,7,3,6,2,-1,128,0,0,-1,32
6,4,8,1,6,2,-1,6,0,1,-1,24
6,4,8,2,6,2,-1,30,0,0,-1,16
6,4,8,3,6,2,-1,128,0,0,-1,32
6,4,9,1,6,3,-1,8,0,0,-1,8
6,4,9,2,6,3,-1,31,0,0,-1,16
6,4,9,3,6,3,-1,118,0,0,-1,32
6,4,10,1,6,3,-1,7,0,0,-1,8
6,4,10,2,6,3,-1,31,0,0,-1,16
6,4,10,3,6,3,-1,128,0,0,-1,32
6,4,11,1,6,4,-1,8,0,0,-1,8
6,4,11,2,6,4,-1,31,0,0,-1,16
6,4,11,3,6,4,-1,121,0,0,-1,32
6,4,12,1,6,1,-1,6,0,0,-1,8
6,4,12,2,6,1,-1,31,0,0,-1,16
6,4,12,3,6,1,-1,124,0,0,-1,32
6,4,13,1,6,2,-1,7,0,0,-1,8
6,4,13,2,6,2,-1,29,0,0,-1,16
6,4,13,3,6,2,-1,127,0,0,-1,32
6,4,14,1,6,2,-1,8,0,0,-1,8
6,4,14,2,6,2,-1,30,0,0,-1,16
6,4,14,3,6,2,-1,122,0,0,-1,32
6,4,15,1,6,3,-1,8,0,0,-1,8
6,4,15,2,6,3,-1,32,0,0,-1,16
6,4,15,3,6,3,-1,127,0,0,-1,32
6,4,16,1,6,2,-1,8,0,0,-1,8
6,4,16,2,6,2,-1,16,0,1,-1,1
6,4,16,3,6,2,-1,128,0,0,-1,32
6,4,17,1,6,3,-1,8,0,0,-1,8
6,4,17,2,6,3,-1,32,0,0,-1,16
6,4,17,3,6,3,-1,128,0,0,-1,32
6,4,18,1,6,3,-1,8,0,0,-1,8
6,4,18,2,6,3,-1,32,0,0,-1,16
6,4,18,3,6,3,-1,112,0,0,-1,32
6,4,19,1,6,4,-1,8,0,0,-1,8
6,4,19,2,6,4,-1,32,0,0,-1,16
6,4,19,3,6,4,-1,127,0,0,-1,32
6,4,20,1,6,1,-1,8,0,0,-1,8
6,4,20,2,6,1,-1,32,0,0,-1,16
6,4,20,3,6,1,-1,128,0,0,-1,32
6,4,21,1,6,2,-1,8,0,0,-1,8
6,4,21,2,6,2,-1,16,0,0,-1,16
6,4,21,3,6,2,-1,128,0,0,-1,32
6,4,22,1,6,2,-1,8,0,0,-1,8
6,4,22,2,6,2,-1,32,0,0,-1,16
6,4,22,3,6,2,-1,128,0,0,-1,32
6,4,23,1,6,3,-1,8,0,0,-1,8
6,4,23,2,6,3,-1,32,0,0,-1,16
6,4,23,3,6,3,-1,128,0,0,-1,32
6,4,24,1,6,3,-1,8,0,0,-1,8
6,4,24,2,6,3,-1,32,0,0,-1,16
6,4,24,3,6,3,-1,128,0,0,-1,32
6,4,25,1,6,4,-1,8,0,0,-1,8
6,4,25,2,6,4,-1,32,0,0,-1,16
6,4,25,3,6,4,-1,128,0,0,-1,32
6,4,26,1,6,4,-1,8,0,0,-1,8
6,4,26,2,6,4,-1,29,0,0,-1,16
6,4,26,3,6,4,-1,128,0,0,-1,32
6,4,27,1,6,5,-1,8,0,0,-1,8
6,4,27,2,6,5,-1,28,0,0,-1,16
6,4,27,3,6,5,-1,122,0,0,-1,32
6,4,28,1,6,2,-1,8,0,0,-1,8
6,4,28,2,6,2,-1,32,0,0,-1,16
6,4,28,3,6,2,-1,128,0,0,-1,32
6,4,29,1,6,3,-1,8,0,0,-1,8
6,4,29,2,6,3,-1,31,0,0,-1,16
6,4,29,3,6,3,-1,128,0,0,-1,32
6,4,30,1,6,3,-1,8,0,0,-1,8
6,4,30,2,6,3,-1,31,0,0,-1,16
6,4,30,3,6,3,-1,128,0,0,-1,32
6,4,31,1,6,4,-1,8,0,0,-1,8
6,4,31,2,6,4,-1,30,0,0,-1,16
6,4,31,3,6,4,-1,128,0,0,-1,32
6,4,32,1,6,2,-1,8,0,0,-1,8
6,4,32,2,6,2,-1,32,0,0,-1,16
6,4,32,3,6,2,-1,0,64,1,0,4
6,4,33,1,6,3,-1,8,0,0,-1,8
6,4,33,2,6,3,-1,27,0,0,-1,16
6,4,33,3,6,3,-1,128,0,0,-1,32
6,4,34,1,6,3,-1,8,0,0,-1,8
6,4,34,2,6,3,-1,32,0,0,-1,16
6,4,34,3,6,3,-1,109,0,0,-1,32
6,4,35,1,6,4,-1,8,0,0,-1,8
6,4,35,2,6,4,-1,30,0,0,-1,16
6,4,35,3,6,4,-1,122,0,0,-1,32
6,4,36,1,6,1,-1,8,0,0,-1,8
6,4,36,2,6,1,-1,32,0,0,-1,16
6,4,36,3,6,1,-1,64,0,0,-1,32
6,4,37,1,6,2,-1,8,0,0,-1,8
6,4,37,2,6,2,-1,32,0,0,-1,16
6,4,37,3,6,2,-1,128,0,0,-1,32
6,4,38,1,6,2,-1,8,0,0,-1,8
6,4,38,2,6,2,-1,32,0,0,-1,16
6,4,38,3,6,2,-1,128,0,0,-1,32
6,4,39,1,6,3,-1,8,0,0,-1,8
6,4,39,2,6,3,-1,32,0,0,-1,16
6,4,39,3,6,3,-1,128,0,0,-1,32
6,4,40,1,6,3,-1,8,0,0,-1,8
6,4,40,2,6,3,-1,32,0,0,-1,16
6,4,40,3,6,3,-1,128,0,0,-1,32
6,4,41,1,6,4,-1,8,0,0,-1,8
6,4,41,2,6,4,-1,32,0,0,-1,16
6,4,41,3,6,4,-1,115,0,0,-1,32
6,4,42,1,6,4,-1,7,0,0,-1,8
6,4,42,2,6,4,-1,20,0,0,-1,16
6,4,42,3,6,4,-1,124,0,0,-1,32
6,4,43,1,6,5,-1,8,0,0,-1,8
6,4,43,2,6,5,-1,29,0,0,-1,16
6,4,43,3,6,5,-1,126,0,0,-1,32
6,4,44,1,6,2,-1,7,0,0,-1,8
6,4,44,2,6,2,-1,31,0,0,-1,16
6,4,44,3,6,2,-1,124,0,0,-1,32
6,4,45,1,6,3,-1,8,0,0,-1,8
6,4,45,2,6,3,-1,30,0,0,-1,16
6,4,45,3,6,3,-1,124,0,0,-1,32
6,4,46,1,6,3,-1,8,0,0,-1,8
6,4,46,2,6,3,-1,31,0,0,-1,16
6,4,46,3,6,3,-1,127,0,0,-1,32
6,4,47,1,6,4,-1,8,0,0,-1,8
6,4,47,2,6,4,-1,32,0,0,-1,16
6,4,47,3,6,4,-1,128,0,0,-1,32
6,4,48,1,6,3,-1,8,0,0,-1,8
6,4,48,2,6,3,-1,32,0,0,-1,16
6,4,48,3,6,3,-1,110,0,0,-1,32
6,4,49,1,6,4,-1,8,0,0,-1,8
6,4,49,2,6,4,-1,27,0,0,-1,16
6,4,49,3,6,4,-1,128,0,0,-1,32
6,4,50,1,6,4,-1,8,0,0,-1,8
6,4,50,2,6,4,-1,31,0,0,-1,16
6,4,50,3,6,4,-1,122,0,0,-1,32
6,4,51,1,6,5,-1,8,0,0,-1,8
6,4,51,2,6,5,-1,31,0,0,-1,16
6,4,51,3,6,5,-1,121,0,0,-1,32
6,4,52,1,6,2,-1,8,0,0,-1,8
6,4,52,2,6,2,-1,32,0,0,-1,16
6,4,52,3,6,2,-1,128,0,0,-1,32
6,4,53,1,6,3,-1,8,0,0,-1,8
6,4,53,2,6,3,-1,30,0,0,-1,16
6,4,53,3,6,3,-1,128,0,0,-1,32
6,4,54,1,6,3,-1,8,0,0,-1,8
6,4,54,2,6,3,-1,30,0,0,-1,16
6,4,54,3,6,3,-1,124,0,0,-1,32
6,4,55,1,6,4,-1,8,0,0,-1,8
6,4,55,2,6,4,-1,32,0,0,-1,16
6,4,55,3,6,4,-1,128,0,0,-1,32
6,4,56,1,6,4,-1,8,0,0,-1,8
6,4,56,2,6,4,-1,31,0,0,-1,16
6,4,56,3,6,4,-1,124,0,0,-1,32
6,4,57,1,6,5,-1,8,0,0,-1,8
6,4,57,2,6,5,-1,32,0,0,-1,16
6,4,57,3,6,5,-1,128,0,0,-1,32
6,4,58,1,6,5,-1,8,0,0,-1,8
6,4,58,2,6,5,-1,29,0,0,-1,16
6,4,58,3,6,5,-1,125,0,0,-1,32
6,4,59,1,6,6,-1,8,0,0,-1,8
6,4,59,2,6,6,-1,24,0,0,-1,16
6,4,59,3,6,6,-1,128,0,0,-1,32
6,4,60,1,6,3,-1,8,0,0,-1,8
6,4,60,2,6,3,-1,32,0,0,-1,16
6,4,60,3,6,3,-1,120,0,0,-1,32
6,4,61,1,6,4,-1,8,0,0,-1,8
6,4,61,2,6,4,-1,30,0,0,-1,16
6,4,61,3,6,4,-1,128,0,0,-1,32
6,4,62,1,6,4,-1,8,0,0,-1,8
6,4,62,2,6,4,-1,32,0,0,-1,16
6,4,62,3,6,4,-1,124,0,0,-1,32
6,4,63,1,6,5,-1,5,0,0,-1,8
6,4,63,2,6,5,-1,20,0,0,-1,16
6,4,63,3,6,5,-1,96,0,0,-1,32
6,5,0,1,6,2,-1,4,0,0,-1,10
6,5,0,2,6,2,-1,16,0,0,-1,20
6,5,0,3,6,2,-1,64,0,0,-1,40
6,5,1,1,6,1,-1,8,0,0,-1,10
6,5,1,2,6,1,-1,32,0,0,-1,20
6,5,1,3,6,1,-1,128,0,0,-1,40
6,5,2,1,6,3,-1,7,0,0,-1,10
6,5,2,2,6,3,-1,31,0,0,-1,20
6,5,2,3,6,3,-1,128,0,0,-1,40
6,5,3,1,6,2,-1,6,0,0,-1,10
6,5,3,2,6,2,-1,29,0,0,-1,20
6,5,3,3,6,2,-1,128,0,0,-1,40
6,5,4,1,6,1,-1,8,0,0,-1,10
6,5,4,2,6,1,-1,32,0,0,-1,20
6,5,4,3,6,1,-1,128,0,0,-1,40
6,5,6,1,6,2,-1,8,0,0,-1,10
6,5,6,2,6,2,-1,32,0,0,-1,20
6,5,6,3,6,2,-1,128,0,0,-1,40
6,5,7,1,6,1,-1,8,0,0,-1,10
6,5,7,2,6,1,-1,32,0,0,-1,20
6,5,7,3,6,1,-1,128,0,0,-1,40
6,5,8,1,6,3,-1,8,0,0,-1,10
6,5,8,2,6,3,-1,32,0,0,-1,20
6,5,8,3,6,3,-1,109,0,0,-1,40
6,5,9,1,6,2,-1,8,0,0,-1,10
6,5,9,2,6,2,-1,32,0,0,-1,20
6,5,9,3,6,2,-1,114,0,0,-1,40
6,5,10,1,6,4,-1,6,0,1,-1,26
6,5,10,2,6,4,-1,32,0,0,-1,20
6,5,10,3,6,4,-1,128,0,0,-1,40
6,5,11,1,6,3,-1,6,0,0,-1,10
6,5,11,2,6,3,-1,32,0,0,-1,20
6,5,11,3,6,3,-1,124,0,0,-1,40
6,5,12,1,6,2,-1,8,0,0,-1,10
6,5,12,2,6,2,-1,31,0,0,-1,20
6,5,12,3,6,2,-1,126,0,0,-1,40
6,5,13,1,6,1,-1,8,0,0,-1,10
6,5,13,2,6,1,-1,32,0,0,-1,20
6,5,13,3,6,1,-1,125,0,0,-1,40
6,5,14,1,6,3,-1,7,0,0,-1,10
6,5,14,2,6,3,-1,30,0,0,-1,20
6,5,14,3,6,3,-1,126,0,0,-1,40
6,5,15,1,6,2,-1,7,0,0,-1,10
6,5,15,2,6,2,-1,32,0,0,-1,20
6,5,15,3,6,2,-1,128,0,0,-1,40
6,5,16,1,6,3,-1,8,0,0,-1,10
6,5,16,2,6,3,-1,32,0,0,-1,20
6,5,16,3,6,3,-1,128,0,0,-1,40
6,5,17,1,6,2,-1,8,0,0,-1,10
6,5,17,2,6,2,-1,16,0,0,-1,20
6,5,17,3,6,2,-1,128,0,0,-1,40
6,5,18,1,6,4,-1,8,0,0,-1,10
6,5,18,2,6,4,-1,26,0,0,-1,20
6,5,18,3,6,4,-1,120,0,0,-1,40
6,5,19,1,6,3,-1,8,0,0,-1,10
6,5,19,2,6,3,-1,26,0,0,-1,20
6,5,19,3,6,3,-1,127,0,0,-1,40
6,5,20,1,6,2,-1,8,0,0,-1,10
6,5,20,2,6,2,-1,16,0,1,-1,17
6,5,20,3,6,2,-1,128,0,0,-1,40
6,5,21,1,6,1,-1,8,0,0,-1,10
6,5,21,2,6,1,-1,16,0,0,-1,20
6,5,21,3,6,1,-1,128,0,0,-1,40
6,5,22,1,6,3,-1,8,0,0,-1,10
6,5,22,2,6,3,-1,32,0,0,-1,20
6,5,22,3,6,3,-1,128,0,0,-1,40
6,5,23,1,6,2,-1,8,0,0,-1,10
6,5,23,2,6,2,-1,32,0,0,-1,20
6,5,23,3,6,2,-1,128,0,0,-1,40
6,5,24,1,6,4,-1,8,0,0,-1,10
6,5,24,2,6,4,-1,32,0,0,-1,20
6,5,24,3,6,4,-1,128,0,0,-1,40
6,5,25,1,6,3,-1,8,0,0,-1,10
6,5,25,2,6,3,-1,31,0,0,-1,20
6,5,25,3,6,3,-1,128,0,0,-1,40
6,5,26,1,6,5,-1,8,0,0,-1,10
6,5,26,2,6,5,-1,32,0,0,-1,20
6,5,26,3,6,5,-1,128,0,0,-1,40
6,5,27,1,6,4,-1,8,0,0,-1,10
6,5,27,2,6,4,-1,31,0,0,-1,20
6,5,27,3,6,4,-1,124,0,0,-1,40
6,5,28,1,6,3,-1,8,0,0,-1,10
6,5,28,2,6,3,-1,32,0,0,-1,20
6,5,28,3,6,3,-1,128,0,0,-1,40
6,5,29,1,6,2,-1,8,0,0,-1,10
6,5,29,2,6,2,-1,30,0,0,-1,20
6,5,29,3,6,2,-1,128,0,0,-1,40
6,5,30,1,6,4,-1,8,0,0,-1,10
6,5,30,2,6,4,-1,32,0,0,-1,20
6,5,30,3,6,4,-1,128,0,0,-1,40
6,5,31,1,6,3,-1,8,0,0,-1,10
6,5,31,2,6,3,-1,31,0,0,-1,20
6,5,31,3,6,3,-1,128,0,0,-1,40
6,5,32,1,6,3,-1,8,0,0,-1,10
6,5,32,2,6,3,-1,32,0,0,-1,20
6,5,32,3,6,3,-1,128,0,0,-1,40
6,5,33,1,6,2,-1,8,0,0,-1,10
6,5,33,2,6,2,-1,24,0,0,-1,20
6,5,33,3,6,2,-1,128,0,0,-1,40
6,5,34,1,6,4,-1,6,0,0,-1,10
6,5,34,2,6,4,-1,32,0,0,-1,20
6,5,34,3,6,4,-1,128,0,0,-1,40
6,5,35,1,6,3,-1,8,0,0,-1,10
6,5,35,2,6,3,-1,29,0,0,-1,20
6,5,35,3,6,3,-1,128,0,0,-1,40
6,5,36,1,6,2,-1,8,0,0,-1,10
6,5,36,2,6,2,-1,32,0,0,-1,20
6,5,36,3,6,2,-1,112,0,0,-1,40
6,5,37,1,6,1,-1,8,0,0,-1,10
6,5,37,2,6,1,-1,32,0,0,-1,20
6,5,37,3,6,1,-1,128,0,0,-1,40
6,5,38,1,6,3,-1,8,0,0,-1,10
6,5,38,2,6,3,-1,32,0,0,-1,20
6,5,38,3,6,3,-1,128,0,0,-1,40
6,5,39,1,6,2,-1,8,0,0,-1,10
6,5,39,2,6,2,-1,32,0,0,-1,20
6,5,39,3,6,2,-1,128,0,0,-1,40
6,5,40,1,6,4,-1,8,0,0,-1,10
6,5,40,2,6,4,-1,28,0,0,-1,20
6,5,40,3,6,4,-1,104,0,1,-1,33
6,5,41,1,6,3,-1,8,0,0,-1,10
6,5,41,2,6,3,-1,31,0,0,-1,20
6,5,41,3,6,3,-1,119,0,0,-1,40
6,5,42,1,6,5,-1,7,0,0,-1,10
6,5,42,2,6,5,-1,22,0,0,-1,20
6,5,42,3,6,5,-1,122,0,0,-1,40
6,5,43,1,6,4,-1,8,0,0,-1,10
6,5,43,2,6,4,-1,32,0,0,-1,20
6,5,43,3,6,4,-1,128,0,0,-1,40
6,5,44,1,6,3,-1,8,0,0,-1,10
6,5,44,2,6,3,-1,31,0,0,-1,20
6,5,44,3,6,3,-1,127,0,0,-1,40
6,5,45,1,6,2,-1,8,0,0,-1,10
6,5,45,2,6,2,-1,30,0,0,-1,20
6,5,45,3,6,2,-1,121,0,0,-1,40
6,5,46,1,6,4,-1,8,0,0,-1,10
6,5,46,2,6,4,-1,30,0,0,-1,20
6,5,46,3,6,4,-1,128,0,0,-1,40
6,5,47,1,6,3,-1,8,0,0,-1,10
6,5,47,2,6,3,-1,31,0,0,-1,20
6,5,47,3,6,3,-1,127,0,0,-1,40
6,5,48,1,6,4,-1,8,0,0,-1,10
6,5,48,2,6,4,-1,31,0,0,-1,20
6,5,48,3,6,4,-1,114,0,0,-1,40
6,5,49,1,6,3,-1,8,0,0,-1,10
6,5,49,2,6,3,-1,26,0,0,-1,20
6,5,49,3,6,3,-1,128,0,0,-1,40
6,5,50,1,6,5,-1,8,0,0,-1,10
6,5,50,2,6,5,-1,31,0,0,-1,20
6,5,50,3,6,5,-1,119,0,0,-1,40
6,5,51,1,6,4,-1,8,0,0,-1,10
6,5,51,2,6,4,-1,28,0,0,-1,20
6,5,51,3,6,4,-1,128,0,0,-1,40
6,5,52,1,6,3,-1,8,0,0,-1,10
6,5,52,2,6,3,-1,32,0,0,-1,20
6,5,52,3,6,3,-1,115,0,0,-1,40
6,5,53,1,6,2,-1,8,0,0,-1,10
6,5,53,2,6,2,-1,32,0,0,-1,20
6,5,53,3,6,2,-1,128,0,0,-1,40
6,5,54,1,6,4,-1,8,0,0,-1,10
6,5,54,2,6,4,-1,32,0,0,-1,20
6,5,54,3,6,4,-1,118,0,0,-1,40
6,5,55,1,6,3,-1,8,0,0,-1,10
6,5,55,2,6,3,-1,32,0,0,-1,20
6,5,55,3,6,3,-1,128,0,0,-1,40
6,5,56,1,6,5,-1,8,0,0,-1,10
6,5,56,2,6,5,-1,30,0,0,-1,20
6,5,56,3,6,5,-1,121,0,0,-1,40
6,5,57,1,6,4,-1,8,0,0,-1,10
6,5,57,2,6,4,-1,29,0,0,-1,20
6,5,57,3,6,4,-1,128,0,0,-1,40
6,5,58,1,6,6,-1,8,0,0,-1,10
6,5,58,2,6,6,-1,24,0,0,-1,20
6,5,58,3,6,6,-1,128,0,0,-1,40
6,5,59,1,6,5,-1,8,0,0,-1,10
6,5,59,2,6,5,-1,29,0,0,-1,20
6,5,59,3,6,5,-1,126,0,0,-1,40
6,5,60,1,6,4,-1,7,0,0,-1,10
6,5,60,2,6,4,-1,31,0,0,-1,20
6,5,60,3,6,4,-1,120,0,0,-1,40
6,5,61,1,6,3,-1,8,0,0,-1,10
6,5,61,2,6,3,-1,30,0,0,-1,20
6,5,61,3,6,3,-1,128,0,0,-1,40
6,5,62,1,6,5,-1,8,0,0,-1,10
6,5,62,2,6,5,-1,29,0,0,-1,20
6,5,62,3,6,5,-1,125,0,0,-1,40
6,5,63,1,6,4,-1,5,0,0,-1,10
6,5,63,2,6,4,-1,21,0,0,-1,20
6,5,63,3,6,4,-1,93,0,0,-1,40
6,6,0,1,6,2,-1,5,0,0,-1,10
6,6,0,2,6,2,-1,20,0,0,-1,20
6,6,0,3,6,2,-1,80,0,0,-1,40
6,6,1,1,6,3,-1,8,0,0,-1,10
6,6,1,2,6,3,-1,32,0,0,-1,20
6,6,1,3,6,3,-1,128,0,0,-1,40
6,6,2,1,6,1,-1,6,0,0,-1,10
6,6,2,2,6,1,-1,31,0,0,-1,20
6,6,2,3,6,1,-1,124,0,0,-1,40
6,6,3,1,6,2,-1,8,0,0,-1,10
6,6,3,2,6,2,-1,30,0,0,-1,20
6,6,3,3,6,2,-1,128,0,0,-1,40
6,6,4,1,6,1,-1,8,0,0,-1,10
6,6,4,2,6,1,-1,32,0,0,-1,20
6,6,4,3,6,1,-1,128,0,0,-1,40
6,6,5,1,6,2,-1,8,0,0,-1,10
6,6,5,2,6,2,-1,32,0,0,-1,20
6,6,5,3,6,2,-1,128,0,0,-1,40
6,6,7,1,6,1,-1,8,0,0,-1,10
6,6,7,2,6,1,-1,32,0,0,-1,20
6,6,7,3,6,1,-1,128,0,0,-1,40
6,6,8,1,6,3,-1,8,0,0,-1,10
6,6,8,2,6,3,-1,29,0,0,-1,20
6,6,8,3,6,3,-1,119,0,0,-1,40
6,6,9,1,6,4,-1,8,0,0,-1,10
6,6,9,2,6,4,-1,32,0,0,-1,20
6,6,9,3,6,4,-1,117,0,0,-1,40
6,6,10,1,6,2,-1,6,0,1,-1,26
6,6,10,2,6,2,-1,29,0,0,-1,20
6,6,10,3,6,2,-1,128,0,0,-1,40
6,6,11,1,6,3,-1,8,0,0,-1,10
6,6,11,2,6,3,-1,28,0,0,-1,20
6,6,11,3,6,3,-1,125,0,0,-1,40
6,6,12,1,6,2,-1,8,0,0,-1,10
6,6,12,2,6,2,-1,30,0,0,-1,20
6,6,12,3,6,2,-1,128,0,0,-1,40
6,6,13,1,6,3,-1,7,0,0,-1,10
6,6,13,2,6,3,-1,29,0,0,-1,20
6,6,13,3,6,3,-1,126,0,0,-1,40
6,6,14,1,6,1,-1,6,0,0,-1,10
6,6,14,2,6,1,-1,28,0,0,-1,20
6,6,14,3,6,1,-1,126,0,0,-1,40
6,6,15,1,6,2,-1,8,0,0,-1,10
6,6,15,2,6,2,-1,30,0,0,-1,20
6,6,15,3,6,2,-1,124,0,0,-1,40
6,6,16,1,6,3,-1,8,0,0,-1,10
6,6,16,2,6,3,-1,27,0,0,-1,20
6,6,16,3,6,3,-1,128,0,0,-1,40
6,6,17,1,6,4,-1,8,0,0,-1,10
6,6,17,2,6,4,-1,32,0,0,-1,20
6,6,17,3,6,4,-1,128,0,0,-1,40
6,6,18,1,6,2,-1,8,0,0,-1,10
6,6,18,2,6,2,-1,32,0,0,-1,20
6,6,18,3,6,2,-1,123,0,0,-1,40
6,6,19,1,6,3,-1,8,0,0,-1,10
6,6,19,2,6,3,-1,30,0,0,-1,20
6,6,19,3,6,3,-1,128,0,0,-1,40
6,6,20,1,6,2,-1,8,0,0,-1,10
6,6,20,2,6,2,-1,24,0,1,-1,21
6,6,20,3,6,2,-1,128,0,0,-1,40
6,6,21,1,6,3,-1,8,0,0,-1,10
6,6,21,2,6,3,-1,15,0,0,-1,20
6,6,21,3,6,3,-1,128,0,0,-1,40
6,6,22,1,6,1,-1,8,0,0,-1,10
6,6,22,2,6,1,-1,32,0,0,-1,20
6,6,22,3,6,1,-1,128,0,0,-1,40
6,6,23,1,6,2,-1,8,0,0,-1,10
6,6,23,2,6,2,-1,32,0,0,-1,20
6,6,23,3,6,2,-1,128,0,0,-1,40
6,6,24,1,6,4,-1,8,0,0,-1,10
6,6,24,2,6,4,-1,32,0,0,-1,20
6,6,24,3,6,4,-1,128,0,0,-1,40
6,6,25,1,6,5,-1,8,0,0,-1,10
6,6,25,2,6,5,-1,31,0,0,-1,20
6,6,25,3,6,5,-1,128,0,0,-1,40
6,6,26,1,6,3,-1,7,0,0,-1,10
6,6,26,2,6,3,-1,32,0,0,-1,20
6,6,26,3,6,3,-1,128,0,0,-1,40
6,6,27,1,6,4,-1,8,0,0,-1,10
6,6,27,2,6,4,-1,32,0,0,-1,20
6,6,27,3,6,4,-1,124,0,0,-1,40
6,6,28,1,6,3,-1,8,0,0,-1,10
6,6,28,2,6,3,-1,31,0,0,-1,20
6,6,28,3,6,3,-1,128,0,0,-1,40
6,6,29,1,6,4,-1,8,0,0,-1,10
6,6,29,2,6,4,-1,32,0,0,-1,20
6,6,29,3,6,4,-1,128,0,0,-1,40
6,6,30,1,6,2,-1,8,0,0,-1,10
6,6,30,2,6,2,-1,30,0,0,-1,20
6,6,30,3,6,2,-1,128,0,0,-1,40
6,6,31,1,6,3,-1,8,0,0,-1,10
6,6,31,2,6,3,-1,31,0,0,-1,20
6,6,31,3,6,3,-1,128,0,0,-1,40
6,6,32,1,6,3,-1,8,0,0,-1,10
6,6,32,2,6,3,-1,32,0,0,-1,20
6,6,32,3,6,3,-1,110,0,0,-1,40
6,6,33,1,6,4,-1,8,0,0,-1,10
6,6,33,2,6,4,-1,32,0,0,-1,20
6,6,33,3,6,4,-1,128,0,0,-1,40
6,6,34,1,6,2,-1,8,0,0,-1,10
6,6,34,2,6,2,-1,31,0,0,-1,20
6,6,34,3,6,2,-1,126,0,0,-1,40
6,6,35,1,6,3,-1,8,0,0,-1,10
6,6,35,2,6,3,-1,32,0,0,-1,20
6,6,35,3,6,3,-1,126,0,0,-1,40
6,6,36,1,6,2,-1,8,0,0,-1,10
6,6,36,2,6,2,-1,32,0,0,-1,20
6,6,36,3,6,2,-1,124,0,0,-1,40
6,6,37,1,6,3,-1,8,0,0,-1,10
6,6,37,2,6,3,-1,32,0,0,-1,20
6,6,37,3,6,3,-1,128,0,0,-1,40
6,6,38,1,6,1,-1,8,0,0,-1,10
6,6,38,2,6,1,-1,32,0,0,-1,20
6,6,38,3,6,1,-1,128,0,0,-1,40
6,6,39,1,6,2,-1,8,0,0,-1,10
6,6,39,2,6,2,-1,32,0,0,-1,20
6,6,39,3,6,2,-1,128,0,0,-1,40
6,6,40,1,6,4,-1,8,0,0,-1,10
6,6,40,2,6,4,-1,31,0,0,-1,20
6,6,40,3,6,4,-1,114,0,1,-1,41
6,6,41,1,6,5,-1,8,0,0,-1,10
6,6,41,2,6,5,-1,32,0,0,-1,20
6,6,41,3,6,5,-1,121,0,0,-1,40
6,6,42,1,6,3,-1,7,0,0,-1,10
6,6,42,2,6,3,-1,26,0,0,-1,20
6,6,42,3,6,3,-1,128,0,0,-1,40
6,6,43,1,6,4,-1,8,0,0,-1,10
6,6,43,2,6,4,-1,28,0,0,-1,20
6,6,43,3,6,4,-1,128,0,0,-1,40
6,6,44,1,6,3,-1,8,0,0,-1,10
6,6,44,2,6,3,-1,31,0,0,-1,20
6,6,44,3,6,3,-1,126,0,0,-1,40
6,6,45,1,6,4,-1,8,0,0,-1,10
6,6,45,2,6,4,-1,31,0,0,-1,20
6,6,45,3,6,4,-1,123,0,0,-1,40
6,6,46,1,6,2,-1,7,0,0,-1,10
6,6,46,2,6,2,-1,32,0,0,-1,20
6,6,46,3,6,2,-1,128,0,0,-1,40
6,6,47,1,6,3,-1,8,0,0,-1,10
6,6,47,2,6,3,-1,32,0,0,-1,20
6,6,47,3,6,3,-1,127,0,0,-1,40
6,6,48,1,6,4,-1,8,0,0,-1,10
6,6,48,2,6,4,-1,32,0,0,-1,20
6,6,48,3,6,4,-1,126,0,0,-1,40
6,6,49,1,6,5,-1,8,0,0,-1,10
6,6,49,2,6,5,-1,32,0,0,-1,20
6,6,49,3,6,5,-1,128,0,0,-1,40
6,6,50,1,6,3,-1,8,0,0,-1,10
6,6,50,2,6,3,-1,31,0,0,-1,20
6,6,50,3,6,3,-1,125,0,0,-1,40
6,6,51,1,6,4,-1,8,0,0,-1,10
6,6,51,2,6,4,-1,32,0,0,-1,20
6,6,51,3,6,4,-1,128,0,0,-1,40
6,6,52,1,6,3,-1,8,0,0,-1,10
6,6,52,2,6,3,-1,32,0,0,-1,20
6,6,52,3,6,3,-1,128,0,0,-1,40
6,6,53,1,6,4,-1,8,0,0,-1,10
6,6,53,2,6,4,-1,29,0,0,-1,20
6,6,53,3,6,4,-1,128,0,0,-1,40
6,6,54,1,6,2,-1,8,0,0,-1,10
6,6,54,2,6,2,-1,32,0,0,-1,20
6,6,54,3,6,2,-1,124,0,0,-1,40
6,6,55,1,6,3,-1,8,0,0,-1,10
6,6,55,2,6,3,-1,32,0,0,-1,20
6,6,55,3,6,3,-1,128,0,0,-1,40
6,6,56,1,6,5,-1,8,0,0,-1,10
6,6,56,2,6,5,-1,31,0,0,-1,20
6,6,56,3,6,5,-1,128,0,0,-1,40
6,6,57,1,6,6,-1,8,0,0,-1,10
6,6,57,2,6,6,-1,32,0,0,-1,20
6,6,57,3,6,6,-1,128,0,0,-1,40
6,6,58,1,6,4,-1,7,0,0,-1,10
6,6,58,2,6,4,-1,31,0,0,-1,20
6,6,58,3,6,4,-1,120,0,0,-1,40
6,6,59,1,6,5,-1,8,0,0,-1,10
6,6,59,2,6,5,-1,31,0,0,-1,20
6,6,59,3,6,5,-1,121,0,0,-1,40
6,6,60,1,6,4,-1,8,0,0,-1,10
6,6,60,2,6,4,-1,32,0,0,-1,20
6,6,60,3,6,4,-1,126,0,0,-1,40
6,6,61,1,6,5,-1,8,0,0,-1,10
6,6,61,2,6,5,-1,32,0,0,-1,20
6,6,61,3,6,5,-1,128,0,0,-1,40
6,6,62,1,6,3,-1,8,0,0,-1,10
6,6,62,2,6,3,-1,32,0,0,-1,20
6,6,62,3,6,3,-1,120,0,0,-1,40
6,6,63,1,6,4,-1,5,0,0,-1,10
6,6,63,2,6,4,-1,22,0,0,-1,20
6,6,63,3,6,4,-1,99,0,0,-1,40
6,7,0,1,6,3,-1,5,0,0,-1,11
6,7,0,2,6,3,-1,22,0,0,-1,21
6,7,0,3,6,3,-1,95,0,0,-1,42
6,7,1,1,6,2,-1,8,0,0,-1,11
6,7,1,2,6,2,-1,32,0,0,-1,21
6,7,1,3,6,2,-1,128,0,0,-1,42
6,7,2,1,6,2,-1,8,0,0,-1,11
6,7,2,2,6,2,-1,30,0,0,-1,21
6,7,2,3,6,2,-1,122,0,0,-1,42
6,7,3,1,6,1,-1,6,0,0,-1,11
6,7,3,2,6,1,-1,28,0,0,-1,21
6,7,3,3,6,1,-1,126,0,0,-1,42
6,7,4,1,6,2,-1,8,0,0,-1,11
6,7,4,2,6,2,-1,32,0,0,-1,21
6,7,4,3,6,2,-1,128,0,0,-1,42
6,7,5,1,6,1,-1,8,0,0,-1,11
6,7,5,2,6,1,-1,32,0,0,-1,21
6,7,5,3,6,1,-1,128,0,0,-1,42
6,7,6,1,6,1,-1,8,0,0,-1,11
6,7,6,2,6,1,-1,32,0,0,-1,21
6,7,6,3,6,1,-1,128,0,0,-1,42
6,7,8,1,6,4,-1,8,0,0,-1,11
6,7,8,2,6,4,-1,30,0,0,-1,21
6,7,8,3,6,4,-1,122,0,0,-1,42
6,7,9,1,6,3,-1,7,0,0,-1,11
6,7,9,2,6,3,-1,32,0,0,-1,21
6,7,9,3,6,3,-1,122,0,0,-1,42
6,7,10,1,6,3,-1,8,0,0,-1,11
6,7,10,2,6,3,-1,29,0,0,-1,21
6,7,10,3,6,3,-1,128,0,0,-1,42
6,7,11,1,6,2,-1,6,0,1,-1,27
6,7,11,2,6,2,-1,27,0,0,-1,21
6,7,11,3,6,2,-1,127,0,0,-1,42
6,7,12,1,6,3,-1,8,0,0,-1,11
6,7,12,2,6,3,-1,32,0,0,-1,21
6,7,12,3,6,3,-1,126,0,0,-1,42
6,7,13,1,6,2,-1,8,0,0,-1,11
6,7,13,2,6,2,-1,30,0,0,-1,21
6,7,13,3,6,2,-1,125,0,0,-1,42
6,7,14,1,6,2,-1,8,0,0,-1,11
6,7,14,2,6,2,-1,30,0,0,-1,21
6,7,14,3,6,2,-1,126,0,0,-1,42
6,7,15,1,6,1,-1,6,0,0,-1,11
6,7,15,2,6,1,-1,28,0,0,-1,21
6,7,15,3,6,1,-1,126,0,0,-1,42
6,7,16,1,6,4,-1,8,0,0,-1,11
6,7,16,2,6,4,-1,27,0,0,-1,21
6,7,16,3,6,4,-1,128,0,0,-1,42
6,7,17,1,6,3,-1,8,0,0,-1,11
6,7,17,2,6,3,-1,32,0,0,-1,21
6,7,17,3,6,3,-1,128,0,0,-1,42
6,7,18,1,6,3,-1,8,0,0,-1,11
6,7,18,2,6,3,-1,31,0,0,-1,21
6,7,18,3,6,3,-1,124,0,0,-1,42
6,7,19,1,6,2,-1,8,0,0,-1,11
6,7,19,2,6,2,-1,30,0,0,-1,21
6,7,19,3,6,2,-1,125,0,0,-1,42
6,7,20,1,6,3,-1,8,0,0,-1,11
6,7,20,2,6,3,-1,26,0,0,-1,21
6,7,20,3,6,3,-1,128,0,0,-1,42
6,7,21,1,6,2,-1,8,0,0,-1,11
6,7,21,2,6,2,-1,19,0,2,-1,53
6,7,21,3,6,2,-1,128,0,0,-1,42
6,7,22,1,6,2,-1,8,0,0,-1,11
6,7,22,2,6,2,-1,32,0,0,-1,21
6,7,22,3,6,2,-1,128,0,0,-1,42
6,7,23,1,6,1,-1,8,0,0,-1,11
6,7,23,2,6,1,-1,32,0,0,-1,21
6,7,23,3,6,1,-1,128,0,0,-1,42
6,7,24,1,6,5,-1,8,0,0,-1,11
6,7,24,2,6,5,-1,32,0,0,-1,21
6,7,24,3,6,5,-1,128,0,0,-1,42
6,7,25,1,6,4,-1,7,0,0,-1,11
6,7,25,2,6,4,-1,32,0,0,-1,21
6,7,25,3,6,4,-1,128,0,0,-1,42
6,7,26,1,6,4,-1,8,0,0,-1,11
6,7,26,2,6,4,-1,32,0,0,-1,21
6,7,26,3,6,4,-1,128,0,0,-1,42
6,7,27,1,6,3,-1,7,0,0,-1,11
6,7,27,2,6,3,-1,32,0,0,-1,21
6,7,27,3,6,3,-1,122,0,0,-1,42
6,7,28,1,6,4,-1,8,0,0,-1,11
6,7,28,2,6,4,-1,30,0,0,-1,21
6,7,28,3,6,4,-1,128,0,0,-1,42
6,7,29,1,6,3,-1,8,0,0,-1,11
6,7,29,2,6,3,-1,32,0,0,-1,21
6,7,29,3,6,3,-1,128,0,0,-1,42
6,7,30,1,6,3,-1,8,0,0,-1,11
6,7,30,2,6,3,-1,31,0,0,-1,21
6,7,30,3,6,3,-1,128,0,0,-1,42
6,7,31,1,6,2,-1,8,0,0,-1,11
6,7,31,2,6,2,-1,32,0,0,-1,21
6,7,31,3,6,2,-1,128,0,0,-1,42
6,7,32,1,6,4,-1,8,0,0,-1,11
6,7,32,2,6,4,-1,31,0,0,-1,21
6,7,32,3,6,4,-1,124,0,0,-1,42
6,7,33,1,6,3,-1,8,0,0,-1,11
6,7,33,2,6,3,-1,31,0,0,-1,21
6,7,33,3,6,3,-1,128,0,0,-1,42
6,7,34,1,6,3,-1,7,0,0,-1,11
6,7,34,2,6,3,-1,30,0,0,-1,21
6,7,34,3,6,3,-1,126,0,0,-1,42
6,7,35,1,6,2,-1,8,0,0,-1,11
6,7,35,2,6,2,-1,30,0,0,-1,21
6,7,35,3,6,2,-1,126,0,0,-1,42
6,7,36,1,6,3,-1,8,0,0,-1,11
6,7,36,2,6,3,-1,32,0,0,-1,21
6,7,36,3,6,3,-1,116,0,0,-1,42
6,7,37,1,6,2,-1,8,0,0,-1,11
6,7,37,2,6,2,-1,32,0,0,-1,21
6,7,37,3,6,2,-1,128,0,0,-1,42
6,7,38,1,6,2,-1,8,0,0,-1,11
6,7,38,2,6,2,-1,32,0,0,-1,21
6,7,38,3,6,2,-1,128,0,0,-1,42
6,7,39,1,6,1,-1,8,0,0,-1,11
6,7,39,2,6,1,-1,32,0,0,-1,21
6,7,39,3,6,1,-1,128,0,0,-1,42
6,7,40,1,6,5,-1,8,0,0,-1,11
6,7,40,2,6,5,-1,30,0,0,-1,21
6,7,40,3,6,5,-1,121,0,0,-1,42
6,7,41,1,6,4,-1,8,0,0,-1,11
6,7,41,2,6,4,-1,32,0,0,-1,21
6,7,41,3,6,4,-1,128,0,0,-1,42
6,7,42,1,6,4,-1,8,0,0,-1,11
6,7,42,2,6,4,-1,27,0,0,-1,21
6,7,42,3,6,4,-1,119,0,3,-1,58
6,7,43,1,6,3,-1,8,0,0,-1,11
6,7,43,2,6,3,-1,29,0,0,-1,21
6,7,43,3,6,3,-1,128,0,0,-1,42
6,7,44,1,6,4,-1,8,0,0,-1,11
6,7,44,2,6,4,-1,31,0,0,-1,21
6,7,44,3,6,4,-1,127,0,0,-1,42
6,7,45,1,6,3,-1,8,0,0,-1,11
6,7,45,2,6,3,-1,31,0,0,-1,21
6,7,45,3,6,3,-1,124,0,0,-1,42
6,7,46,1,6,3,-1,7,0,0,-1,11
6,7,46,2,6,3,-1,30,0,0,-1,21
6,7,46,3,6,3,-1,126,0,0,-1,42
6,7,47,1,6,2,-1,8,0,0,-1,11
6,7,47,2,6,2,-1,30,0,0,-1,21
6,7,47,3,6,2,-1,122,0,0,-1,42
6,7,48,1,6,5,-1,8,0,0,-1,11
6,7,48,2,6,5,-1,31,0,0,-1,21
6,7,48,3,6,5,-1,128,0,0,-1,42
6,7,49,1,6,4,-1,8,0,0,-1,11
6,7,49,2,6,4,-1,30,0,0,-1,21
6,7,49,3,6,4,-1,128,0,0,-1,42
6,7,50,1,6,4,-1,8,0,0,-1,11
6,7,50,2,6,4,-1,31,0,0,-1,21
6,7,50,3,6,4,-1,127,0,0,-1,42
6,7,51,1,6,3,-1,8,0,0,-1,11
6,7,51,2,6,3,-1,32,0,0,-1,21
6,7,51,3,6,3,-1,126,0,0,-1,42
6,7,52,1,6,4,-1,8,0,0,-1,11
6,7,52,2,6,4,-1,31,0,0,-1,21
6,7,52,3,6,4,-1,128,0,0,-1,42
6,7,53,1,6,3,-1,8,0,0,-1,11
6,7,53,2,6,3,-1,26,0,0,-1,21
6,7,53,3,6,3,-1,128,0,0,-1,42
6,7,54,1,6,3,-1,8,0,0,-1,11
6,7,54,2,6,3,-1,32,0,0,-1,21
6,7,54,3,6,3,-1,116,0,0,-1,42
6,7,55,1,6,2,-1,8,0,0,-1,11
6,7,55,2,6,2,-1,32,0,0,-1,21
6,7,55,3,6,2,-1,128,0,0,-1,42
6,7,56,1,6,6,-1,8,0,0,-1,11
6,7,56,2,6,6,-1,32,0,0,-1,21
6,7,56,3,6,6,-1,112,0,0,-1,42
6,7,57,1,6,5,-1,8,0,0,-1,11
6,7,57,2,6,5,-1,32,0,0,-1,21
6,7,57,3,6,5,-1,128,0,0,-1,42
6,7,58,1,6,5,-1,8,0,0,-1,11
6,7,58,2,6,5,-1,30,0,0,-1,21
6,7,58,3,6,5,-1,121,0,0,-1,42
6,7,59,1,6,4,-1,8,0,0,-1,11
6,7,59,2,6,4,-1,30,0,0,-1,21
6,7,59,3,6,4,-1,122,0,0,-1,42
6,7,60,1,6,5,-1,8,0,0,-1,11
6,7,60,2,6,5,-1,31,0,0,-1,21
6,7,60,3,6,5,-1,128,0,0,-1,42
6,7,61,1,6,4,-1,8,0,0,-1,11
6,7,61,2,6,4,-1,27,0,0,-1,21
6,7,61,3,6,4,-1,128,0,0,-1,42
6,7,62,1,6,4,-1,8,0,0,-1,11
6,7,62,2,6,4,-1,31,0,0,-1,21
6,7,62,3,6,4,-1,124,0,0,-1,42
6,7,63,1,6,3,-1,5,0,0,-1,11
6,7,63,2,6,3,-1,22,0,0,-1,21
6,7,63,3,6,3,-1,95,0,0,-1,42
6,8,0,1,6,1,-1,4,0,0,-1,16
6,8,0,2,6,1,-1,16,0,0,-1,32
6,8,0,3,6,1,-1,64,0,0,-1,1
6,8,1,1,6,2,-1,8,0,0,-1,16
6,8,1,2,6,2,-1,32,0,0,-1,32
6,8,1,3,6,2,-1,0,64,1,0,8
6,8,2,1,6,2,-1,8,0,0,-1,16
6,8,2,2,6,2,-1,16,0,0,-1,32
6,8,2,3,6,2,-1,128,0,0,-1,1
6,8,3,1,6,3,-1,8,0,0,-1,16
6,8,3,2,6,3,-1,27,0,0,-1,32
6,8,3,3,6,3,-1,128,0,0,-1,1
6,8,4,1,6,2,-1,6,0,0,-1,16
6,8,4,2,6,2,-1,30,0,0,-1,32
6,8,4,3,6,2,-1,128,0,0,-1,1
6,8,5,1,6,3,-1,8,0,0,-1,16
6,8,5,2,6,3,-1,32,0,0,-1,32
6,8,5,3,6,3,-1,109,0,0,-1,1
6,8,6,1,6,3,-1,8,0,0,-1,16
6,8,6,2,6,3,-1,29,0,0,-1,32
6,8,6,3,6,3,-1,119,0,0,-1,1
6,8,7,1,6,4,-1,8,0,0,-1,16
6,8,7,2,6,4,-1,30,0,0,-1,32
6,8,7,3,6,4,-1,122,0,0,-1,1
6,8,9,1,6,1,-1,8,0,0,-1,16
6,8,9,2,6,1,-1,32,0,0,-1,32
6,8,9,3,6,1,-1,64,0,0,-1,1
6,8,10,1,6,1,-1,8,0,0,-1,16
6,8,10,2,6,1,-1,32,0,0,-1,32
6,8,10,3,6,1,-1,128,0,0,-1,1
6,8,11,1,6,2,-1,8,0,0,-1,16
6,8,11,2,6,2,-1,32,0,0,-1,32
6,8,11,3,6,2,-1,128,0,0,-1,1
6,8,12,1,6,1,-1,8,0,0,-1,16
6,8,12,2,6,1,-1,32,0,0,-1,32
6,8,12,3,6,1,-1,128,0,0,-1,1
6,8,13,1,6,2,-1,8,0,0,-1,16
6,8,13,2,6,2,-1,32,0,0,-1,32
6,8,13,3,6,2,-1,128,0,0,-1,1
6,8,14,1,6,2,-1,8,0,0,-1,16
6,8,14,2,6,2,-1,32,0,0,-1,32
6,8,14,3,6,2,-1,128,0,0,-1,1
6,8,15,1,6,3,-1,8,0,0,-1,16
6,8,15,2,6,3,-1,32,0,0,-1,32
6,8,15,3,6,3,-1,128,0,0,-1,1
6,8,16,1,6,2,-1,6,0,1,-1,48
6,8,16,2,6,2,-1,30,0,0,-1,32
6,8,16,3,6,2,-1,128,0,0,-1,1
6,8,17,1,6,3,-1,8,0,0,-1,16
6,8,17,2,6,3,-1,32,0,0,-1,32
6,8,17,3,6,3,-1,128,0,0,-1,1
6,8,18,1,6,3,-1,8,0,0,-1,16
6,8,18,2,6,3,-1,31,0,0,-1,32
6,8,18,3,6,3,-1,118,0,0,-1,1
6,8,19,1,6,4,-1,8,0,0,-1,16
6,8,19,2,6,4,-1,32,0,0,-1,32
6,8,19,3,6,4,-1,115,0,0,-1,1
6,8,20,1,6,3,-1,7,0,0,-1,16
6,8,20,2,6,3,-1,31,0,0,-1,32
6,8,20,3,6,3,-1,128,0,0,-1,1
6,8,21,1,6,4,-1,7,0,0,-1,16
6,8,21,2,6,4,-1,20,0,0,-1,32
6,8,21,3,6,4,-1,124,0,0,-1,1
6,8,22,1,6,4,-1,8,0,0,-1,16
6,8,22,2,6,4,-1,31,0,0,-1,32
6,8,22,3,6,4,-1,121,0,0,-1,1
6,8,23,1,6,5,-1,8,0,0,-1,16
6,8,23,2,6,5,-1,29,0,0,-1,32
6,8,23,3,6,5,-1,126,0,0,-1,1
6,8,24,1,6,1,-1,6,0,0,-1,16
6,8,24,2,6,1,-1,31,0,0,-1,32
6,8,24,3,6,1,-1,124,0,0,-1,1
6,8,25,1,6,2,-1,7,0,0,-1,16
6,8,25,2,6,2,-1,31,0,0,-1,32
6,8,25,3,6,2,-1,124,0,0,-1,1
6,8,26,1,6,2,-1,7,0,0,-1,16
6,8,26,2,6,2,-1,29,0,0,-1,32
6,8,26,3,6,2,-1,127,0,0,-1,1
6,8,27,1,6,3,-1,8,0,0,-1,16
6,8,27,2,6,3,-1,30,0,0,-1,32
6,8,27,3,6,3,-1,124,0,0,-1,1
6,8,28,1,6,2,-1,8,0,0,-1,16
6,8,28,2,6,2,-1,30,0,0,-1,32
6,8,28,3,6,2,-1,122,0,0,-1,1
6,8,29,1,6,3,-1,8,0,0,-1,16
6,8,29,2,6,3,-1,31,0,0,-1,32
6,8,29,3,6,3,-1,127,0,0,-1,1
6,8,30,1,6,3,-1,8,0,0,-1,16
6,8,30,2,6,3,-1,32,0,0,-1,32
6,8,30,3,6,3,-1,127,0,0,-1,1
6,8,31,1,6,4,-1,8,0,0,-1,16
6,8,31,2,6,4,-1,32,0,0,-1,32
6,8,31,3,6,4,-1,128,0,0,-1,1
6,8,32,1,6,2,-1,8,0,0,-1,16
6,8,32,2,6,2,-1,16,0,1,-1,2
6,8,32,3,6,2,-1,128,0,0,-1,1
6,8,33,1,6,3,-1,8,0,0,-1,16
6,8,33,2,6,3,-1,32,0,0,-1,32
6,8,33,3,6,3,-1,110,0,0,-1,1
6,8,34,1,6,3,-1,8,0,0,-1,16
6,8,34,2,6,3,-1,32,0,0,-1,32
6,8,34,3,6,3,-1,128,0,0,-1,1
6,8,35,1,6,4,-1,8,0,0,-1,16
6,8,35,2,6,4,-1,27,0,0,-1,32
6,8,35,3,6,4,-1,128,0,0,-1,1
6,8,36,1,6,3,-1,8,0,0,-1,16
6,8,36,2,6,3,-1,32,0,0,-1,32
6,8,36,3,6,3,-1,112,0,0,-1,1
6,8,37,1,6,4,-1,8,0,0,-1,16
6,8,37,2,6,4,-1,31,0,0,-1,32
6,8,37,3,6,4,-1,122,0,0,-1,1
6,8,38,1,6,4,-1,8,0,0,-1,16
6,8,38,2,6,4,-1,32,0,0,-1,32
6,8,38,3,6,4,-1,127,0,0,-1,1
6,8,39,1,6,5,-1,8,0,0,-1,16
6,8,39,2,6,5,-1,31,0,0,-1,32
6,8,39,3,6,5,-1,121,0,0,-1,1
6,8,40,1,6,1,-1,8,0,0,-1,16
6,8,40,2,6,1,-1,32,0,0,-1,32
6,8,40,3,6,1,-1,128,0,0,-1,1
6,8,41,1,6,2,-1,8,0,0,-1,16
6,8,41,2,6,2,-1,32,0,0,-1,32
6,8,41,3,6,2,-1,128,0,0,-1,1
6,8,42,1,6,2,-1,8,0,0,-1,16
6,8,42,2,6,2,-1,16,0,0,-1,32
6,8,42,3,6,2,-1,128,0,0,-1,1
6,8,43,1,6,3,-1,8,0,0,-1,16
6,8,43,2,6,3,-1,30,0,0,-1,32
6,8,43,3,6,3,-1,128,0,0,-1,1
6,8,44,1,6,2,-1,8,0,0,-1,16
6,8,44,2,6,2,-1,32,0,0,-1,32
6,8,44,3,6,2,-1,128,0,0,-1,1
6,8,45,1,6,3,-1,8,0,0,-1,16
6,8,45,2,6,3,-1,30,0,0,-1,32
6,8,45,3,6,3,-1,124,0,0,-1,1
6,8,46,1,6,3,-1,8,0,0,-1,16
6,8,46,2,6,3,-1,32,0,0,-1,32
6,8,46,3,6,3,-1,128,0,0,-1,1
6,8,47,1,6,4,-1,8,0,0,-1,16
6,8,47,2,6,4,-1,32,0,0,-1,32
6,8,47,3,6,4,-1,128,0,0,-1,1
6,8,48,1,6,3,-1,8,0,0,-1,16
6,8,48,2,6,3,-1,32,0,0,-1,32
6,8,48,3,6,3,-1,128,0,0,-1,1
6,8,49,1,6,4,-1,8,0,0,-1,16
6,8,49,2,6,4,-1,31,0,0,-1,32
6,8,49,3,6,4,-1,124,0,0,-1,1
6,8,50,1,6,4,-1,8,0,0,-1,16
6,8,50,2,6,4,-1,32,0,0,-1,32
6,8,50,3,6,4,-1,128,0,0,-1,1
6,8,51,1,6,5,-1,8,0,0,-1,16
6,8,51,2,6,5,-1,32,0,0,-1,32
6,8,51,3,6,5,-1,128,0,0,-1,1
6,8,52,1,6,4,-1,8,0,0,-1,16
6,8,52,2,6,4,-1,29,0,0,-1,32
6,8,52,3,6,4,-1,128,0,0,-1,1
6,8,53,1,6,5,-1,8,0,0,-1,16
6,8,53,2,6,5,-1,29,0,0,-1,32
6,8,53,3,6,5,-1,125,0,0,-1,1
6,8,54,1,6,5,-1,8,0,0,-1,16
6,8,54,2,6,5,-1,28,0,0,-1,32
6,8,54,3,6,5,-1,122,0,0,-1,1
6,8,55,1,6,6,-1,8,0,0,-1,16
6,8,55,2,6,6,-1,24,0,0,-1,32
6,8,55,3,6,6,-1,128,0,0,-1,1
6,8,56,1,6,2,-1,8,0,0,-1,16
6,8,56,2,6,2,-1,32,0,0,-1,32
6,8,56,3,6,2,-1,128,0,0,-1,1
6,8,57,1,6,3,-1,8,0,0,-1,16
6,8,57,2,6,3,-1,32,0,0,-1,32
6,8,57,3,6,3,-1,120,0,0,-1,1
6,8,58,1,6,3,-1,8,0,0,-1,16
6,8,58,2,6,3,-1,31,0,0,-1,32
6,8,58,3,6,3,-1,128,0,0,-1,1
6,8,59,1,6,4,-1,8,0,0,-1,16
6,8,59,2,6,4,-1,30,0,0,-1,32
6,8,59,3,6,4,-1,128,0,0,-1,1
6,8,60,1,6,3,-1,8,0,0,-1,16
6,8,60,2,6,3,-1,31,0,0,-1,32
6,8,60,3,6,3,-1,128,0,0,-1,1
6,8,61,1,6,4,-1,8,0,0,-1,16
6,8,61,2,6,4,-1,32,0,0,-1,32
6,8,61,3,6,4,-1,124,0,0,-1,1
6,8,62,1,6,4,-1,8,0,0,-1,16
6,8,62,2,6,4,-1,30,0,0,-1,32
6,8,62,3,6,4,-1,128,0,0,-1,1
6,8,63,1,6,5,-1,5,0,0,-1,16
6,8,63,2,6,5,-1,20,0,0,-1,32
6,8,63,3,6,5,-1,96,0,0,-1,1
6,9,0,1,3,2,-1,4,0,0,-1,18
6,9,0,2,3,2,-1,16,0,0,-1,36
6,9,0,3,3,2,-1,0,64,1,0,0
6,9,1,1,6,1,-1,8,0,0,-1,18
6,9,1,2,6,1,-1,32,0,0,-1,36
6,9,1,3,6,1,-1,64,0,1,-1,8
6,9,2,1,6,3,-1,8,0,0,-1,18
6,9,2,2,6,3,-1,32,0,0,-1,36
6,9,2,3,6,3,-1,112,0,1,-1,24
6,9,3,1,6,2,-1,8,0,0,-1,18
6,9,3,2,6,2,-1,32,0,0,-1,36
6,9,3,3,6,2,-1,123,0,1,-1,24
6,9,4,1,6,3,-1,8,0,0,-1,18
6,9,4,2,6,3,-1,31,0,0,-1,36
6,9,4,3,6,3,-1,118,0,1,-1,0
6,9,5,1,6,2,-1,8,0,0,-1,18
6,9,5,2,6,2,-1,32,0,0,-1,36
6,9,5,3,6,2,-1,114,0,1,-1,8
6,9,6,1,6,4,-1,8,0,0,-1,18
6,9,6,2,6,4,-1,32,0,0,-1,36
6,9,6,3,6,4,-1,117,0,1,-1,8
6,9,7,1,6,3,-1,7,0,0,-1,18
6,9,7,2,6,3,-1,32,0,0,-1,36
6,9,7,3,6,3,-1,122,0,1,-1,8
6,9,8,1,6,1,-1,8,0,0,-1,18
6,9,8,2,6,1,-1,32,0,0,-1,36
6,9,8,3,6,1,-1,64,0,1,-1,1
6,9,10,1,6,2,-1,8,0,0,-1,18
6,9,10,2,6,2,-1,32,0,0,-1,36
6,9,10,3,6,2,-1,112,0,1,-1,25
6,9,11,1,6,1,-1,8,0,0,-1,18
6,9,11,2,6,1,-1,32,0,0,-1,36
6,9,11,3,6,1,-1,124,0,1,-1,25
6,9,12,1,6,2,-1,8,0,0,-1,18
6,9,12,2,6,2,-1,32,0,0,-1,36
6,9,12,3,6,2,-1,124,0,1,-1,1
6,9,13,1,6,1,-1,8,0,0,-1,18
6,9,13,2,6,1,-1,32,0,0,-1,36
6,9,13,3,6,1,-1,120,0,2,-1,25
6,9,14,1,6,3,-1,8,0,0,-1,18
6,9,14,2,6,3,-1,32,0,0,-1,36
6,9,14,3,6,3,-1,116,0,2,-1,25
6,9,15,1,6,2,-1,8,0,0,-1,18
6,9,15,2,6,2,-1,32,0,0,-1,36
6,9,15,3,6,2,-1,124,0,2,-1,25
6,9,16,1,6,3,-1,8,0,0,-1,18
6,9,16,2,6,3,-1,32,0,0,-1,36
6,9,16,3,6,3,-1,112,0,1,-1,3
6,9,17,1,6,2,-1,8,0,0,-1,18
6,9,17,2,6,2,-1,32,0,0,-1,36
6,9,17,3,6,2,-1,112,0,1,-1,11
6,9,18,1,3,4,-1,6,0,1,-1,54
6,9,18,2,3,4,-1,24,0,0,-1,36
6,9,18,3,3,4,-1,93,0,1,-1,27
6,9,19,1,6,3,-1,7,0,0,-1,18
6,9,19,2,6,3,-1,29,0,0,-1,36
6,9,19,3,6,3,-1,122,0,1,-1,27
6,9,20,1,6,4,-1,8,0,0,-1,18
6,9,20,2,6,4,-1,26,0,0,-1,36
6,9,20,3,6,4,-1,120,0,1,-1,3
6,9,21,1,6,3,-1,8,0,0,-1,18
6,9,21,2,6,3,-1,22,0,0,-1,36
6,9,21,3,6,3,-1,120,0,1,-1,11
6,9,22,1,6,5,-1,8,0,0,-1,18
6,9,22,2,6,5,-1,32,0,0,-1,36
6,9,22,3,6,5,-1,120,0,1,-1,11
6,9,23,1,6,4,-1,8,0,0,-1,18
6,9,23,2,6,4,-1,31,0,0,-1,36
6,9,23,3,6,4,-1,124,0,1,-1,11
6,9,24,1,6,2,-1,8,0,0,-1,18
6,9,24,2,6,2,-1,32,0,0,-1,36
6,9,24,3,6,2,-1,123,0,1,-1,3
6,9,25,1,6,1,-1,8,0,0,-1,18
6,9,25,2,6,1,-1,32,0,0,-1,36
6,9,25,3,6,1,-1,124,0,1,-1,11
6,9,26,1,6,3,-1,7,0,0,-1,18
6,9,26,2,6,3,-1,29,0,0,-1,36
6,9,26,3,6,3,-1,122,0,1,-1,27
6,9,27,1,3,2,-1,6,0,0,-1,18
6,9,27,2,3,2,-1,24,0,0,-1,36
6,9,27,3,3,2,-1,98,0,2,-1,63
6,9,28,1,6,3,-1,8,0,0,-1,18
6,9,28,2,6,3,-1,31,0,0,-1,36
6,9,28,3,6,3,-1,124,0,1,-1,3
6,9,29,1,6,2,-1,8,0,0,-1,18
6,9,29,2,6,2,-1,30,0,0,-1,36
6,9,29,3,6,2,-1,121,0,1,-1,11
6,9,30,1,6,4,-1,8,0,0,-1,18
6,9,30,2,6,4,-1,31,0,0,-1,36
6,9,30,3,6,4,-1,123,0,1,-1,11
6,9,31,1,6,3,-1,8,0,0,-1,18
6,9,31,2,6,3,-1,30,0,0,-1,36
6,9,31,3,6,3,-1,124,0,1,-1,11
6,9,32,1,6,3,-1,8,0,0,-1,18
6,9,32,2,6,3,-1,31,0,0,-1,36
6,9,32,3,6,3,-1,118,0,1,-1,0
6,9,33,1,6,2,-1,8,0,0,-1,18
6,9,33,2,6,2,-1,32,0,0,-1,36
6,9,33,3,6,2,-1,124,0,1,-1,8
6,9,34,1,6,4,-1,8,0,0,-1,18
6,9,34,2,6,4,-1,26,0,0,-1,36
6,9,34,3,6,4,-1,120,0,1,-1,24
6,9,35,1,6,3,-1,8,0,0,-1,18
6,9,35,2,6,3,-1,31,0,0,-1,36
6,9,35,3,6,3,-1,124,0,1,-1,24
6,9,36,1,3,4,-1,6,0,0,-1,18
6,9,36,2,3,4,-1,24,0,1,-1,0
6,9,36,3,3,4,-1,93,0,1,-1,0
6,9,37,1,6,3,-1,8,0,0,-1,18
6,9,37,2,6,3,-1,31,0,0,-1,36
6,9,37,3,6,3,-1,124,0,1,-1,8
6,9,38,1,6,5,-1,8,0,0,-1,18
6,9,38,2,6,5,-1,32,0,0,-1,36
6,9,38,3,6,5,-1,123,0,1,-1,8
6,9,39,1,6,4,-1,8,0,0,-1,18
6,9,39,2,6,4,-1,32,0,0,-1,36
6,9,39,3,6,4,-1,124,0,1,-1,8
6,9,40,1,6,2,-1,8,0,0,-1,18
6,9,40,2,6,2,-1,32,0,0,-1,36
6,9,40,3,6,2,-1,114,0,1,-1,1
6,9,41,1,6,1,-1,8,0,0,-1,18
6,9,41,2,6,1,-1,32,0,0,-1,36
6,9,41,3,6,1,-1,120,0,2,-1,11
6,9,42,1,6,3,-1,8,0,0,-1,18
6,9,42,2,6,3,-1,22,0,0,-1,36
6,9,42,3,6,3,-1,120,0,1,-1,25
6,9,43,1,6,2,-1,8,0,0,-1,18
6,9,43,2,6,2,-1,30,0,0,-1,36
6,9,43,3,6,2,-1,121,0,1,-1,25
6,9,44,1,6,3,-1,8,0,0,-1,18
6,9,44,2,6,3,-1,31,0,0,-1,36
6,9,44,3,6,3,-1,124,0,1,-1,1
6,9,45,1,3,2,-1,8,0,0,-1,18
6,9,45,2,3,2,-1,24,0,0,-1,36
6,9,45,3,3,2,-1,96,0,2,-1,27
6,9,46,1,6,4,-1,8,0,0,-1,18
6,9,46,2,6,4,-1,32,0,0,-1,36
6,9,46,3,6,4,-1,118,0,2,-1,27
6,9,47,1,6,3,-1,8,0,0,-1,18
6,9,47,2,6,3,-1,30,0,0,-1,36
6,9,47,3,6,3,-1,124,0,2,-1,27
6,9,48,1,6,4,-1,8,0,0,-1,18
6,9,48,2,6,4,-1,32,0,0,-1,36
6,9,48,3,6,4,-1,117,0,1,-1,1
6,9,49,1,6,3,-1,8,0,0,-1,18
6,9,49,2,6,3,-1,32,0,0,-1,36
6,9,49,3,6,3,-1,116,0,2,-1,11
6,9,50,1,6,5,-1,8,0,0,-1,18
6,9,50,2,6,5,-1,32,0,0,-1,36
6,9,50,3,6,5,-1,120,0,1,-1,25
6,9,51,1,6,4,-1,8,0,0,-1,18
6,9,51,2,6,4,-1,31,0,0,-1,36
6,9,51,3,6,4,-1,123,0,1,-1,25
6,9,52,1,6,5,-1,8,0,0,-1,18
6,9,52,2,6,5,-1,32,0,0,-1,36
6,9,52,3,6,5,-1,123,0,1,-1,1
6,9,53,1,6,4,-1,8,0,0,-1,18
6,9,53,2,6,4,-1,32,0,0,-1,36
6,9,53,3,6,4,-1,118,0,2,-1,27
6,9,54,1,3,6,-1,8,0,0,-1,18
6,9,54,2,3,6,-1,28,0,0,-1,36
6,9,54,3,3,6,-1,78,0,2,-1,27
6,9,55,1,6,5,-1,8,0,0,-1,18
6,9,55,2,6,5,-1,28,0,0,-1,36
6,9,55,3,6,5,-1,122,0,2,-1,27
6,9,56,1,6,3,-1,7,0,0,-1,18
6,9,56,2,6,3,-1,32,0,0,-1,36
6,9,56,3,6,3,-1,122,0,1,-1,1
6,9,57,1,6,2,-1,8,0,0,-1,18
6,9,57,2,6,2,-1,32,0,0,-1,36
6,9,57,3,6,2,-1,124,0,2,-1,11
6,9,58,1,6,4,-1,8,0,0,-1,18
6,9,58,2,6,4,-1,31,0,0,-1,36
6,9,58,3,6,4,-1,124,0,1,-1,25
6,9,59,1,6,3,-1,8,0,0,-1,18
6,9,59,2,6,3,-1,30,0,0,-1,36
6,9,59,3,6,3,-1,124,0,1,-1,25
6,9,60,1,6,4,-1,8,0,0,-1,18
6,9,60,2,6,4,-1,32,0,0,-1,36
6,9,60,3,6,4,-1,124,0,1,-1,1
6,9,61,1,6,3,-1,8,0,0,-1,18
6,9,61,2,6,3,-1,30,0,0,-1,36
6,9,61,3,6,3,-1,124,0,2,-1,27
6,9,62,1,6,5,-1,8,0,0,-1,18
6,9,62,2,6,5,-1,28,0,0,-1,36
6,9,62,3,6,5,-1,122,0,2,-1,27
6,9,63,1,3,4,-1,5,0,0,-1,18
6,9,63,2,3,4,-1,17,0,0,-1,36
6,9,63,3,3,4,-1,79,0,2,-1,27
6,10,0,1,6,2,-1,4,0,0,-1,20
6,10,0,2,6,2,-1,16,0,0,-1,40
6,10,0,3,6,2,-1,64,0,0,-1,17
6,10,1,1,6,3,-1,8,0,0,-1,20
6,10,1,2,6,3,-1,32,0,0,-1,40
6,10,1,3,6,3,-1,128,0,0,-1,17
6,10,2,1,6,1,-1,8,0,0,-1,20
6,10,2,2,6,1,-1,32,0,0,-1,40
6,10,2,3,6,1,-1,128,0,0,-1,17
6,10,3,1,6,2,-1,8,0,0,-1,20
6,10,3,2,6,2,-1,24,0,0,-1,40
6,10,3,3,6,2,-1,128,0,0,-1,17
6,10,4,1,6,3,-1,7,0,0,-1,20
6,10,4,2,6,3,-1,31,0,0,-1,40
6,10,4,3,6,3,-1,128,0,0,-1,17
6,10,5,1,6,4,-1,6,0,0,-1,20
6,10,5,2,6,4,-1,32,0,0,-1,40
6,10,5,3,6,4,-1,128,0,0,-1,17
6,10,6,1,6,2,-1,6,0,0,-1,20
6,10,6,2,6,2,-1,29,0,0,-1,40
6,10,6,3,6,2,-1,128,0,0,-1,17
6,10,7,1,6,3,-1,8,0,0,-1,20
6,10,7,2,6,3,-1,29,0,0,-1,40
6,10,7,3,6,3,-1,128,0,0,-1,17
6,10,8,1,6,1,-1,8,0,0,-1,20
6,10,8,2,6,1,-1,32,0,0,-1,40
6,10,8,3,6,1,-1,128,0,0,-1,17
6,10,9,1,6,2,-1,8,0,0,-1,20
6,10,9,2,6,2,-1,32,0,0,-1,40
6,10,9,3,6,2,-1,112,0,0,-1,17
6,10,11,1,6,1,-1,8,0,0,-1,20
6,10,11,2,6,1,-1,32,0,0,-1,40
6,10,11,3,6,1,-1,128,0,0,-1,17
6,10,12,1,6,2,-1,8,0,0,-1,20
6,10,12,2,6,2,-1,32,0,0,-1,40
6,10,12,3,6,2,-1,128,0,0,-1,17
6,10,13,1,6,3,-1,8,0,0,-1,20
6,10,13,2,6,3,-1,32,0,0,-1,40
6,10,13,3,6,3,-1,128,0,0,-1,17
6,10,14,1,6,1,-1,8,0,0,-1,20
6,10,14,2,6,1,-1,32,0,0,-1,40
6,10,14,3,6,1,-1,128,0,0,-1,17
6,10,15,1,6,2,-1,8,0,0,-1,20
6,10,15,2,6,2,-1,32,0,0,-1,40
6,10,15,3,6,2,-1,128,0,0,-1,17
6,10,16,1,6,3,-1,8,0,0,-1,20
6,10,16,2,6,3,-1,32,0,0,-1,40
6,10,16,3,6,3,-1,109,0,0,-1,17
6,10,17,1,6,4,-1,8,0,0,-1,20
6,10,17,2,6,4,-1,28,0,0,-1,40
6,10,17,3,6,4,-1,104,0,1,-1,3
6,10,18,1,6,2,-1,8,0,0,-1,20
6,10,18,2,6,2,-1,32,0,0,-1,40
6,10,18,3,6,2,-1,114,0,0,-1,17
6,10,19,1,6,3,-1,8,0,0,-1,20
6,10,19,2,6,3,-1,31,0,0,-1,40
6,10,19,3,6,3,-1,119,0,0,-1,17
6,10,20,1,6,4,-1,6,0,1,-1,52
6,10,20,2,6,4,-1,32,0,0,-1,40
6,10,20,3,6,4,-1,128,0,0,-1,17
6,10,21,1,6,5,-1,7,0,0,-1,20
6,10,21,2,6,5,-1,22,0,0,-1,40
6,10,21,3,6,5,-1,122,0,0,-1,17
6,10,22,1,6,3,-1,6,0,0,-1,20
6,10,22,2,6,3,-1,32,0,0,-1,40
6,10,22,3,6,3,-1,124,0,0,-1,17
6,10,23,1,6,4,-1,8,0,0,-1,20
6,10,23,2,6,4,-1,32,0,0,-1,40
6,10,23,3,6,4,-1,128,0,0,-1,17
6,10,24,1,6,2,-1,8,0,0,-1,20
6,10,24,2,6,2,-1,31,0,0,-1,40
6,10,24,3,6,2,-1,126,0,0,-1,17
6,10,25,1,6,3,-1,8,0,0,-1,20
6,10,25,2,6,3,-1,31,0,0,-1,40
6,10,25,3,6,3,-1,127,0,0,-1,17
6,10,26,1,6,1,-1,8,0,0,-1,20
6,10,26,2,6,1,-1,32,0,0,-1,40
6,10,26,3,6,1,-1,125,0,0,-1,17
6,10,27,1,6,2,-1,8,0,0,-1,20
6,10,27,2,6,2,-1,30,0,0,-1,40
6,10,27,3,6,2,-1,121,0,0,-1,17
6,10,28,1,6,3,-1,7,0,0,-1,20
6,10,28,2,6,3,-1,30,0,0,-1,40
6,10,28,3,6,3,-1,126,0,0,-1,17
6,10,29,1,6,4,-1,8,0,0,-1,20
6,10,29,2,6,4,-1,30,0,0,-1,40
6,10,29,3,6,4,-1,128,0,0,-1,17
6,10,30,1,6,2,-1,7,0,0,-1,20
6,10,30,2,6,2,-1,32,0,0,-1,40
6,10,30,3,6,2,-1,128,0,0,-1,17
6,10,31,1,6,3,-1,8,0,0,-1,20
6,10,31,2,6,3,-1,31,0,0,-1,40
6,10,31,3,6,3,-1,127,0,0,-1,17
6,10,32,1,6,3,-1,8,0,0,-1,20
6,10,32,2,6,3,-1,32,0,0,-1,40
6,10,32,3,6,3,-1,128,0,0,-1,17
6,10,33,1,6,4,-1,8,0,0,-1,20
6,10,33,2,6,4,-1,31,0,0,-1,40
6,10,33,3,6,4,-1,114,0,0,-1,17
6,10,34,1,6,2,-1,8,0,0,-1,20
6,10,34,2,6,2,-1,16,0,0,-1,40
6,10,34,3,6,2,-1,128,0,0,-1,17
6,10,35,1,6,3,-1,8,0,0,-1,20
6,10,35,2,6,3,-1,26,0,0,-1,40
6,10,35,3,6,3,-1,128,0,0,-1,17
6,10,36,1,6,4,-1,8,0,0,-1,20
6,10,36,2,6,4,-1,26,0,0,-1,40
6,10,36,3,6,4,-1,120,0,0,-1,17
6,10,37,1,6,5,-1,8,0,0,-1,20
6,10,37,2,6,5,-1,31,0,0,-1,40
6,10,37,3,6,5,-1,119,0,0,-1,17
6,10,38,1,6,3,-1,8,0,0,-1,20
6,10,38,2,6,3,-1,26,0,0,-1,40
6,10,38,3,6,3,-1,127,0,0,-1,17
6,10,39,1,6,4,-1,8,0,0,-1,20
6,10,39,2,6,4,-1,28,0,0,-1,40
6,10,39,3,6,4,-1,128,0,0,-1,17
6,10,40,1,6,2,-1,8,0,0,-1,20
6,10,40,2,6,2,-1,16,0,1,-1,34
6,10,40,3,6,2,-1,128,0,0,-1,17
6,10,41,1,6,3,-1,8,0,0,-1,20
6,10,41,2,6,3,-1,32,0,0,-1,40
6,10,41,3,6,3,-1,115,0,0,-1,17
6,10,42,1,6,1,-1,8,0,0,-1,20
6,10,42,2,6,1,-1,16,0,0,-1,40
6,10,42,3,6,1,-1,128,0,0,-1,17
6,10,43,1,6,2,-1,8,0,0,-1,20
6,10,43,2,6,2,-1,32,0,0,-1,40
6,10,43,3,6,2,-1,128,0,0,-1,17
6,10,44,1,6,3,-1,8,0,0,-1,20
6,10,44,2,6,3,-1,32,0,0,-1,40
6,10,44,3,6,3,-1,128,0,0,-1,17
6,10,45,1,6,4,-1,8,0,0,-1,20
6,10,45,2,6,4,-1,32,0,0,-1,40
6,10,45,3,6,4,-1,118,0,0,-1,17
6,10,46,1,6,2,-1,8,0,0,-1,20
6,10,46,2,6,2,-1,32,0,0,-1,40
6,10,46,3,6,2,-1,128,0,0,-1,17
6,10,47,1,6,3,-1,8,0,0,-1,20
6,10,47,2,6,3,-1,32,0,0,-1,40
6,10,47,3,6,3,-1,128,0,0,-1,17
6,10,48,1,6,4,-1,8,0,0,-1,20
6,10,48,2,6,4,-1,32,0,0,-1,40
6,10,48,3,6,4,-1,128,0,0,-1,17
6,10,49,1,6,5,-1,8,0,0,-1,20
6,10,49,2,6,5,-1,30,0,0,-1,40
6,10,49,3,6,5,-1,121,0,0,-1,17
6,10,50,1,6,3,-1,8,0,0,-1,20
6,10,50,2,6,3,-1,31,0,0,-1,40
6,10,50,3,6,3,-1,128,0,0,-1,17
6,10,51,1,6,4,-1,8,0,0,-1,20
6,10,51,2,6,4,-1,29,0,0,-1,40
6,10,51,3,6,4,-1,128,0,0,-1,17
6,10,52,1,6,5,-1,8,0,0,-1,20
6,10,52,2,6,5,-1,32,0,0,-1,40
6,10,52,3,6,5,-1,128,0,0,-1,17
6,10,53,1,6,6,-1,8,0,0,-1,20
6,10,53,2,6,6,-1,24,0,0,-1,40
6,10,53,3,6,6,-1,128,0,0,-1,17
6,10,54,1,6,4,-1,8,0,0,-1,20
6,10,54,2,6,4,-1,31,0,0,-1,40
6,10,54,3,6,4,-1,124,0,0,-1,17
6,10,55,1,6,5,-1,8,0,0,-1,20
6,10,55,2,6,5,-1,29,0,0,-1,40
6,10,55,3,6,5,-1,126,0,0,-1,17
6,10,56,1,6,3,-1,8,0,0,-1,20
6,10,56,2,6,3,-1,32,0,0,-1,40
6,10,56,3,6,3,-1,128,0,0,-1,17
6,10,57,1,6,4,-1,7,0,0,-1,20
6,10,57,2,6,4,-1,31,0,0,-1,40
6,10,57,3,6,4,-1,120,0,0,-1,17
6,10,58,1,6,2,-1,8,0,0,-1,20
6,10,58,2,6,2,-1,30,0,0,-1,40
6,10,58,3,6,2,-1,128,0,0,-1,17
6,10,59,1,6,3,-1,8,0,0,-1,20
6,10,59,2,6,3,-1,30,0,0,-1,40
6,10,59,3,6,3,-1,128,0,0,-1,17
6,10,60,1,6,4,-1,8,0,0,-1,20
6,10,60,2,6,4,-1,32,0,0,-1,40
6,10,60,3,6,4,-1,128,0,0,-1,17
6,10,61,1,6,5,-1,8,0,0,-1,20
6,10,61,2,6,5,-1,29,0,0,-1,40
6,10,61,3,6,5,-1,125,0,0,-1,17
6,10,62,1,6,3,-1,8,0,0,-1,20
6,10,62,2,6,3,-1,31,0,0,-1,40
6,10,62,3,6,3,-1,128,0,0,-1,17
6,10,63,1,6,4,-1,5,0,0,-1,20
6,10,63,2,6,4,-1,21,0,0,-1,40
6,10,63,3,6,4,-1,93,0,0,-1,17
6,11,0,1,6,3,-1,5,0,0,-1,21
6,11,0,2,6,3,-1,20,0,0,-1,42
6,11,0,3,6,3,-1,80,0,0,-1,21
6,11,1,1,6,2,-1,7,0,0,-1,21
6,11,1,2,6,2,-1,31,0,0,-1,42
6,11,1,3,6,2,-1,124,0,0,-1,21
6,11,2,1,6,2,-1,8,0,0,-1,21
6,11,2,2,6,2,-1,32,0,0,-1,42
6,11,2,3,6,2,-1,128,0,0,-1,21
6,11,3,1,6,1,-1,8,0,0,-1,21
6,11,3,2,6,1,-1,32,0,0,-1,42
6,11,3,3,6,1,-1,128,0,0,-1,21
6,11,4,1,6,4,-1,8,0,0,-1,21
6,11,4,2,6,4,-1,31,0,0,-1,42
6,11,4,3,6,4,-1,121,0,0,-1,21
6,11,5,1,6,3,-1,6,0,0,-1,21
6,11,5,2,6,3,-1,32,0,0,-1,42
6,11,5,3,6,3,-1,124,0,0,-1,21
6,11,6,1,6,3,-1,8,0,0,-1,21
6,11,6,2,6,3,-1,28,0,0,-1,42
6,11,6,3,6,3,-1,125,0,0,-1,21
6,11,7,1,6,2,-1,6,0,0,-1,21
6,11,7,2,6,2,-1,27,0,0,-1,42
6,11,7,3,6,2,-1,127,0,0,-1,21
6,11,8,1,6,2,-1,8,0,0,-1,21
6,11,8,2,6,2,-1,32,0,0,-1,42
6,11,8,3,6,2,-1,128,0,0,-1,21
6,11,9,1,6,1,-1,8,0,0,-1,21
6,11,9,2,6,1,-1,32,0,0,-1,42
6,11,9,3,6,1,-1,124,0,0,-1,21
6,11,10,1,6,1,-1,8,0,0,-1,21
6,11,10,2,6,1,-1,32,0,0,-1,42
6,11,10,3,6,1,-1,128,0,0,-1,21
6,11,12,1,6,3,-1,8,0,0,-1,21
6,11,12,2,6,3,-1,32,0,0,-1,42
6,11,12,3,6,3,-1,128,0,0,-1,21
6,11,13,1,6,2,-1,8,0,0,-1,21
6,11,13,2,6,2,-1,32,0,0,-1,42
6,11,13,3,6,2,-1,128,0,0,-1,21
6,11,14,1,6,2,-1,8,0,0,-1,21
6,11,14,2,6,2,-1,32,0,0,-1,42
6,11,14,3,6,2,-1,128,0,0,-1,21
6,11,15,1,6,1,-1,8,0,0,-1,21
6,11,15,2,6,1,-1,32,0,0,-1,42
6,11,15,3,6,1,-1,128,0,0,-1,21
6,11,16,1,6,4,-1,8,0,0,-1,21
6,11,16,2,6,4,-1,31,0,0,-1,42
6,11,16,3,6,4,-1,122,0,0,-1,21
6,11,17,1,6,3,-1,8,0,0,-1,21
6,11,17,2,6,3,-1,31,0,0,-1,42
6,11,17,3,6,3,-1,127,0,0,-1,21
6,11,18,1,6,3,-1,8,0,0,-1,21
6,11,18,2,6,3,-1,31,0,0,-1,42
6,11,18,3,6,3,-1,124,0,0,-1,21
6,11,19,1,6,2,-1,8,0,0,-1,21
6,11,19,2,6,2,-1,32,0,0,-1,42
6,11,19,3,6,2,-1,128,0,0,-1,21
6,11,20,1,6,5,-1,8,0,0,-1,21
6,11,20,2,6,5,-1,31,0,0,-1,42
6,11,20,3,6,5,-1,119,0,0,-1,21
6,11,21,1,6,4,-1,7,0,1,-1,53
6,11,21,2,6,4,-1,25,0,0,-1,42
6,11,21,3,6,4,-1,95,0,4,-1,5
6,11,22,1,6,4,-1,8,0,0,-1,21
6,11,22,2,6,4,-1,32,0,0,-1,42
6,11,22,3,6,4,-1,128,0,0,-1,21
6,11,23,1,6,3,-1,6,0,0,-1,21
6,11,23,2,6,3,-1,32,0,0,-1,42
6,11,23,3,6,3,-1,124,0,0,-1,21
6,11,24,1,6,3,-1,8,0,0,-1,21
6,11,24,2,6,3,-1,31,0,0,-1,42
6,11,24,3,6,3,-1,125,0,0,-1,21
6,11,25,1,6,2,-1,8,0,0,-1,21
6,11,25,2,6,2,-1,30,0,0,-1,42
6,11,25,3,6,2,-1,124,0,0,-1,21
6,11,26,1,6,2,-1,8,0,0,-1,21
6,11,26,2,6,2,-1,31,0,0,-1,42
6,11,26,3,6,2,-1,126,0,0,-1,21
6,11,27,1,6,1,-1,8,0,0,-1,21
6,11,27,2,6,1,-1,32,0,0,-1,42
6,11,27,3,6,1,-1,124,0,0,-1,21
6,11,28,1,6,4,-1,8,0,0,-1,21
6,11,28,2,6,4,-1,31,0,0,-1,42
6,11,28,3,6,4,-1,127,0,0,-1,21
6,11,29,1,6,3,-1,8,0,0,-1,21
6,11,29,2,6,3,-1,31,0,0,-1,42
6,11,29,3,6,3,-1,127,0,0,-1,21
6,11,30,1,6,3,-1,8,0,0,-1,21
6,11,30,2,6,3,-1,31,0,0,-1,42
6,11,30,3,6,3,-1,126,0,0,-1,21
6,11,31,1,6,2,-1,7,0,0,-1,21
6,11,31,2,6,2,-1,31,0,0,-1,42
6,11,31,3,6,2,-1,124,0,0,-1,21
6,11,32,1,6,4,-1,8,0,0,-1,21
6,11,32,2,6,4,-1,32,0,0,-1,42
6,11,32,3,6,4,-1,128,0,0,-1,21
6,11,33,1,6,3,-1,8,0,0,-1,21
6,11,33,2,6,3,-1,31,0,0,-1,42
6,11,33,3,6,3,-1,126,0,0,-1,21
6,11,34,1,6,3,-1,8,0,0,-1,21
6,11,34,2,6,3,-1,32,0,0,-1,42
6,11,34,3,6,3,-1,128,0,0,-1,21
6,11,35,1,6,2,-1,8,0,0,-1,21
6,11,35,2,6,2,-1,32,0,0,-1,42
6,11,35,3,6,2,-1,128,0,0,-1,21
6,11,36,1,6,5,-1,8,0,0,-1,21
6,11,36,2,6,5,-1,32,0,0,-1,42
6,11,36,3,6,5,-1,120,0,0,-1,21
6,11,37,1,6,4,-1,8,0,0,-1,21
6,11,37,2,6,4,-1,32,0,0,-1,42
6,11,37,3,6,4,-1,128,0,0,-1,21
6,11,38,1,6,4,-1,7,0,0,-1,21
6,11,38,2,6,4,-1,29,0,0,-1,42
6,11,38,3,6,4,-1,127,0,0,-1,21
6,11,39,1,6,3,-1,8,0,0,-1,21
6,11,39,2,6,3,-1,28,0,0,-1,42
6,11,39,3,6,3,-1,125,0,0,-1,21
6,11,40,1,6,3,-1,8,0,0,-1,21
6,11,40,2,6,3,-1,31,0,0,-1,42
6,11,40,3,6,3,-1,128,0,0,-1,21
6,11,41,1,6,2,-1,8,0,0,-1,21
6,11,41,2,6,2,-1,31,0,0,-1,42
6,11,41,3,6,2,-1,126,0,0,-1,21
6,11,42,1,6,2,-1,8,0,0,-1,21
6,11,42,2,6,2,-1,7,0,2,-1,40
6,11,42,3,6,2,-1,128,0,0,-1,21
6,11,43,1,6,1,-1,8,0,0,-1,21
6,11,43,2,6,1,-1,32,0,0,-1,42
6,11,43,3,6,1,-1,128,0,0,-1,21
6,11,44,1,6,4,-1,8,0,0,-1,21
6,11,44,2,6,4,-1,32,0,0,-1,42
6,11,44,3,6,4,-1,128,0,0,-1,21
6,11,45,1,6,3,-1,8,0,0,-1,21
6,11,45,2,6,3,-1,31,0,0,-1,42
6,11,45,3,6,3,-1,124,0,0,-1,21
6,11,46,1,6,3,-1,8,0,0,-1,21
6,11,46,2,6,3,-1,32,0,0,-1,42
6,11,46,3,6,3,-1,128,0,0,-1,21
6,11,47,1,6,2,-1,8,0,0,-1,21
6,11,47,2,6,2,-1,32,0,0,-1,42
6,11,47,3,6,2,-1,128,0,0,-1,21
6,11,48,1,6,5,-1,8,0,0,-1,21
6,11,48,2,6,5,-1,31,0,0,-1,42
6,11,48,3,6,5,-1,128,0,0,-1,21
6,11,49,1,6,4,-1,8,0,0,-1,21
6,11,49,2,6,4,-1,31,0,0,-1,42
6,11,49,3,6,4,-1,127,0,0,-1,21
6,11,50,1,6,4,-1,8,0,0,-1,21
6,11,50,2,6,4,-1,32,0,0,-1,42
6,11,50,3,6,4,-1,128,0,0,-1,21
6,11,51,1,6,3,-1,8,0,0,-1,21
6,11,51,2,6,3,-1,32,0,0,-1,42
6,11,51,3,6,3,-1,128,0,0,-1,21
6,11,52,1,6,6,-1,8,0,0,-1,21
6,11,52,2,6,6,-1,30,0,0,-1,42
6,11,52,3,6,6,-1,127,0,0,-1,21
6,11,53,1,6,5,-1,8,0,0,-1,21
6,11,53,2,6,5,-1,31,0,0,-1,42
6,11,53,3,6,5,-1,119,0,0,-1,21
6,11,54,1,6,5,-1,8,0,0,-1,21
6,11,54,2,6,5,-1,32,0,0,-1,42
6,11,54,3,6,5,-1,120,0,0,-1,21
6,11,55,1,6,4,-1,8,0,0,-1,21
6,11,55,2,6,4,-1,31,0,0,-1,42
6,11,55,3,6,4,-1,121,0,0,-1,21
6,11,56,1,6,4,-1,7,0,0,-1,21
6,11,56,2,6,4,-1,32,0,0,-1,42
6,11,56,3,6,4,-1,128,0,0,-1,21
6,11,57,1,6,3,-1,8,0,0,-1,21
6,11,57,2,6,3,-1,31,0,0,-1,42
6,11,57,3,6,3,-1,125,0,0,-1,21
6,11,58,1,6,3,-1,8,0,0,-1,21
6,11,58,2,6,3,-1,31,0,0,-1,42
6,11,58,3,6,3,-1,128,0,0,-1,21
6,11,59,1,6,2,-1,8,0,0,-1,21
6,11,59,2,6,2,-1,32,0,0,-1,42
6,11,59,3,6,2,-1,128,0,0,-1,21
6,11,60,1,6,5,-1,8,0,0,-1,21
6,11,60,2,6,5,-1,31,0,0,-1,42
6,11,60,3,6,5,-1,128,0,0,-1,21
6,11,61,1,6,4,-1,8,0,0,-1,21
6,11,61,2,6,4,-1,31,0,0,-1,42
6,11,61,3,6,4,-1,122,0,0,-1,21
6,11,62,1,6,4,-1,8,0,0,-1,21
6,11,62,2,6,4,-1,32,0,0,-1,42
6,11,62,3,6,4,-1,128,0,0,-1,21
6,11,63,1,6,3,-1,5,0,0,-1,21
6,11,63,2,6,3,-1,20,0,0,-1,42
6,11,63,3,6,3,-1,80,0,0,-1,21
6,12,0,1,6,2,-1,5,0,0,-1,20
6,12,0,2,6,2,-1,20,0,0,-1,40
6,12,0,3,6,2,-1,80,0,0,-1,17
6,12,1,1,6,3,-1,8,0,0,-1,20
6,12,1,2,6,3,-1,32,0,0,-1,40
6,12,1,3,6,3,-1,110,0,0,-1,17
6,12,2,1,6,3,-1,8,0,0,-1,20
6,12,2,2,6,3,-1,32,0,0,-1,40
6,12,2,3,6,3,-1,128,0,0,-1,17
6,12,3,1,6,4,-1,8,0,0,-1,20
6,12,3,2,6,4,-1,32,0,0,-1,40
6,12,3,3,6,4,-1,128,0,0,-1,17
6,12,4,1,6,1,-1,6,0,0,-1,20
6,12,4,2,6,1,-1,31,0,0,-1,40
6,12,4,3,6,1,-1,124,0,0,-1,17
6,12,5,1,6,2,-1,8,0,0,-1,20
6,12,5,2,6,2,-1,31,0,0,-1,40
6,12,5,3,6,2,-1,126,0,0,-1,17
6,12,6,1,6,2,-1,8,0,0,-1,20
6,12,6,2,6,2,-1,30,0,0,-1,40
6,12,6,3,6,2,-1,128,0,0,-1,17
6,12,7,1,6,3,-1,8,0,0,-1,20
6,12,7,2,6,3,-1,32,0,0,-1,40
6,12,7,3,6,3,-1,126,0,0,-1,17
6,12,8,1,6,1,-1,8,0,0,-1,20
6,12,8,2,6,1,-1,32,0,0,-1,40
6,12,8,3,6,1,-1,128,0,0,-1,17
6,12,9,1,6,2,-1,8,0,0,-1,20
6,12,9,2,6,2,-1,32,0,0,-1,40
6,12,9,3,6,2,-1,124,0,0,-1,17
6,12,10,1,6,2,-1,8,0,0,-1,20
6,12,10,2,6,2,-1,32,0,0,-1,40
6,12,10,3,6,2,-1,128,0,0,-1,17
6,12,11,1,6,3,-1,8,0,0,-1,20
6,12,11,2,6,3,-1,32,0,0,-1,40
6,12,11,3,6,3,-1,128,0,0,-1,17
6,12,13,1,6,1,-1,8,0,0,-1,20
6,12,13,2,6,1,-1,32,0,0,-1,40
6,12,13,3,6,1,-1,128,0,0,-1,17
6,12,14,1,6,1,-1,8,0,0,-1,20
6,12,14,2,6,1,-1,32,0,0,-1,40
6,12,14,3,6,1,-1,128,0,0,-1,17
6,12,15,1,6,2,-1,8,0,0,-1,20
6,12,15,2,6,2,-1,32,0,0,-1,40
6,12,15,3,6,2,-1,128,0,0,-1,17
6,12,16,1,6,3,-1,8,0,0,-1,20
6,12,16,2,6,3,-1,29,0,0,-1,40
6,12,16,3,6,3,-1,119,0,0,-1,17
6,12,17,1,6,4,-1,8,0,0,-1,20
6,12,17,2,6,4,-1,31,0,0,-1,40
6,12,17,3,6,4,-1,114,0,1,-1,19
6,12,18,1,6,4,-1,8,0,0,-1,20
6,12,18,2,6,4,-1,32,0,0,-1,40
6,12,18,3,6,4,-1,117,0,0,-1,17
6,12,19,1,6,5,-1,8,0,0,-1,20
6,12,19,2,6,5,-1,32,0,0,-1,40
6,12,19,3,6,5,-1,121,0,0,-1,17
6,12,20,1,6,2,-1,6,0,1,-1,52
6,12,20,2,6,2,-1,29,0,0,-1,40
6,12,20,3,6,2,-1,128,0,0,-1,17
6,12,21,1,6,3,-1,7,0,0,-1,20
6,12,21,2,6,3,-1,26,0,0,-1,40
6,12,21,3,6,3,-1,128,0,0,-1,17
6,12,22,1,6,3,-1,8,0,0,-1,20
6,12,22,2,6,3,-1,28,0,0,-1,40
6,12,22,3,6,3,-1,125,0,0,-1,17
6,12,23,1,6,4,-1,8,0,0,-1,20
6,12,23,2,6,4,-1,28,0,0,-1,40
6,12,23,3,6,4,-1,128,0,0,-1,17
6,12,24,1,6,2,-1,8,0,0,-1,20
6,12,24,2,6,2,-1,30,0,0,-1,40
6,12,24,3,6,2,-1,128,0,0,-1,17
6,12,25,1,6,3,-1,8,0,0,-1,20
6,12,25,2,6,3,-1,31,0,0,-1,40
6,12,25,3,6,3,-1,126,0,0,-1,17
6,12,26,1,6,3,-1,7,0,0,-1,20
6,12,26,2,6,3,-1,29,0,0,-1,40
6,12,26,3,6,3,-1,126,0,0,-1,17
6,12,27,1,6,4,-1,8,0,0,-1,20
6,12,27,2,6,4,-1,31,0,0,-1,40
6,12,27,3,6,4,-1,123,0,0,-1,17
6,12,28,1,6,1,-1,6,0,0,-1,20
6,12,28,2,6,1,-1,28,0,0,-1,40
6,12,28,3,6,1,-1,126,0,0,-1,17
6,12,29,1,6,2,-1,7,0,0,-1,20
6,12,29,2,6,2,-1,32,0,0,-1,40
6,12,29,3,6,2,-1,128,0,0,-1,17
6,12,30,1,6,2,-1,8,0,0,-1,20
6,12,30,2,6,2,-1,30,0,0,-1,40
6,12,30,3,6,2,-1,124,0,0,-1,17
6,12,31,1,6,3,-1,8,0,0,-1,20
6,12,31,2,6,3,-1,32,0,0,-1,40
6,12,31,3,6,3,-1,127,0,0,-1,17
6,12,32,1,6,3,-1,8,0,0,-1,20
6,12,32,2,6,3,-1,27,0,0,-1,40
6,12,32,3,6,3,-1,128,0,0,-1,17
6,12,33,1,6,4,-1,8,0,0,-1,20
6,12,33,2,6,4,-1,32,0,0,-1,40
6,12,33,3,6,4,-1,126,0,0,-1,17
6,12,34,1,6,4,-1,8,0,0,-1,20
6,12,34,2,6,4,-1,32,0,0,-1,40
6,12,34,3,6,4,-1,128,0,0,-1,17
6,12,35,1,6,5,-1,8,0,0,-1,20
6,12,35,2,6,5,-1,32,0,0,-1,40
6,12,35,3,6,5,-1,128,0,0,-1,17
6,12,36,1,6,2,-1,8,0,0,-1,20
6,12,36,2,6,2,-1,32,0,0,-1,40
6,12,36,3,6,2,-1,123,0,0,-1,17
6,12,37,1,6,3,-1,8,0,0,-1,20
6,12,37,2,6,3,-1,31,0,0,-1,40
6,12,37,3,6,3,-1,125,0,0,-1,17
6,12,38,1,6,3,-1,8,0,0,-1,20
6,12,38,2,6,3,-1,30,0,0,-1,40
6,12,38,3,6,3,-1,128,0,0,-1,17
6,12,39,1,6,4,-1,8,0,0,-1,20
6,12,39,2,6,4,-1,32,0,0,-1,40
6,12,39,3,6,4,-1,128,0,0,-1,17
6,12,40,1,6,2,-1,8,0,0,-1,20
6,12,40,2,6,2,-1,24,0,1,-1,42
6,12,40,3,6,2,-1,128,0,0,-1,17
6,12,41,1,6,3,-1,8,0,0,-1,20
6,12,41,2,6,3,-1,32,0,0,-1,40
6,12,41,3,6,3,-1,128,0,0,-1,17
6,12,42,1,6,3,-1,8,0,0,-1,20
6,12,42,2,6,3,-1,15,0,0,-1,40
6,12,42,3,6,3,-1,128,0,0,-1,17
6,12,43,1,6,4,-1,8,0,0,-1,20
6,12,43,2,6,4,-1,29,0,0,-1,40
6,12,43,3,6,4,-1,128,0,0,-1,17
6,12,44,1,6,1,-1,8,0,0,-1,20
6,12,44,2,6,1,-1,32,0,0,-1,40
6,12,44,3,6,1,-1,128,0,0,-1,17
6,12,45,1,6,2,-1,8,0,0,-1,20
6,12,45,2,6,2,-1,32,0,0,-1,40
6,12,45,3,6,2,-1,124,0,0,-1,17
6,12,46,1,6,2,-1,8,0,0,-1,20
6,12,46,2,6,2,-1,32,0,0,-1,40
6,12,46,3,6,2,-1,128,0,0,-1,17
6,12,47,1,6,3,-1,8,0,0,-1,20
6,12,47,2,6,3,-1,32,0,0,-1,40
6,12,47,3,6,3,-1,128,0,0,-1,17
6,12,48,1,6,4,-1,8,0,0,-1,20
6,12,48,2,6,4,-1,32,0,0,-1,40
6,12,48,3,6,4,-1,128,0,0,-1,17
6,12,49,1,6,5,-1,8,0,0,-1,20
6,12,49,2,6,5,-1,31,0,0,-1,40
6,12,49,3,6,5,-1,128,0,0,-1,17
6,12,50,1,6,5,-1,8,0,0,-1,20
6,12,50,2,6,5,-1,31,0,0,-1,40
6,12,50,3,6,5,-1,128,0,0,-1,17
6,12,51,1,6,6,-1,8,0,0,-1,20
6,12,51,2,6,6,-1,32,0,0,-1,40
6,12,51,3,6,6,-1,128,0,0,-1,17
6,12,52,1,6,3,-1,7,0,0,-1,20
6,12,52,2,6,3,-1,32,0,0,-1,40
6,12,52,3,6,3,-1,128,0,0,-1,17
6,12,53,1,6,4,-1,7,0,0,-1,20
6,12,53,2,6,4,-1,31,0,0,-1,40
6,12,53,3,6,4,-1,120,0,0,-1,17
6,12,54,1,6,4,-1,8,0,0,-1,20
6,12,54,2,6,4,-1,32,0,0,-1,40
6,12,54,3,6,4,-1,124,0,0,-1,17
6,12,55,1,6,5,-1,8,0,0,-1,20
6,12,55,2,6,5,-1,31,0,0,-1,40
6,12,55,3,6,5,-1,121,0,0,-1,17
6,12,56,1,6,3,-1,8,0,0,-1,20
6,12,56,2,6,3,-1,31,0,0,-1,40
6,12,56,3,6,3,-1,128,0,0,-1,17
6,12,57,1,6,4,-1,8,0,0,-1,20
6,12,57,2,6,4,-1,32,0,0,-1,40
6,12,57,3,6,4,-1,126,0,0,-1,17
6,12,58,1,6,4,-1,8,0,0,-1,20
6,12,58,2,6,4,-1,32,0,0,-1,40
6,12,58,3,6,4,-1,128,0,0,-1,17
6,12,59,1,6,5,-1,8,0,0,-1,20
6,12,59,2,6,5,-1,32,0,0,-1,40
6,12,59,3,6,5,-1,128,0,0,-1,17
6,12,60,1,6,2,-1,8,0,0,-1,20
6,12,60,2,6,2,-1,30,0,0,-1,40
6,12,60,3,6,2,-1,128,0,0,-1,17
6,12,61,1,6,3,-1,8,0,0,-1,20
6,12,61,2,6,3,-1,32,0,0,-1,40
6,12,61,3,6,3,-1,120,0,0,-1,17
6,12,62,1,6,3,-1,8,0,0,-1,20
6,12,62,2,6,3,-1,31,0,0,-1,40
6,12,62,3,6,3,-1,128,0,0,-1,17
6,12,63,1,6,4,-1,5,0,0,-1,20
6,12,63,2,6,4,-1,22,0,0,-1,40
6,12,63,3,6,4,-1,99,0,0,-1,17
6,13,0,1,6,3,-1,5,0,0,-1,22
6,13,0,2,6,3,-1,21,0,0,-1,42
6,13,0,3,6,3,-1,85,0,0,-1,21
6,13,1,1,6,2,-1,8,0,0,-1,22
6,13,1,2,6,2,-1,32,0,0,-1,42
6,13,1,3,6,2,-1,128,0,0,-1,21
6,13,2,1,6,4,-1,8,0,0,-1,22
6,13,2,2,6,4,-1,29,0,0,-1,42
6,13,2,3,6,4,-1,128,0,0,-1,21
6,13,3,1,6,3,-1,7,0,0,-1,22
6,13,3,2,6,3,-1,32,0,0,-1,42
6,13,3,3,6,3,-1,128,0,0,-1,21
6,13,4,1,6,2,-1,7,0,0,-1,22
6,13,4,2,6,2,-1,29,0,0,-1,42
6,13,4,3,6,2,-1,127,0,0,-1,21
6,13,5,1,6,1,-1,8,0,0,-1,22
6,13,5,2,6,1,-1,32,0,0,-1,42
6,13,5,3,6,1,-1,125,0,0,-1,21
6,13,6,1,6,3,-1,7,0,0,-1,22
6,13,6,2,6,3,-1,29,0,0,-1,42
6,13,6,3,6,3,-1,126,0,0,-1,21
6,13,7,1,6,2,-1,8,0,0,-1,22
6,13,7,2,6,2,-1,30,0,0,-1,42
6,13,7,3,6,2,-1,125,0,0,-1,21
6,13,8,1,6,2,-1,8,0,0,-1,22
6,13,8,2,6,2,-1,32,0,0,-1,42
6,13,8,3,6,2,-1,128,0,0,-1,21
6,13,9,1,6,1,-1,8,0,0,-1,22
6,13,9,2,6,1,-1,32,0,0,-1,42
6,13,9,3,6,1,-1,120,0,0,-1,21
6,13,10,1,6,3,-1,8,0,0,-1,22
6,13,10,2,6,3,-1,32,0,0,-1,42
6,13,10,3,6,3,-1,128,0,0,-1,21
6,13,11,1,6,2,-1,8,0,0,-1,22
6,13,11,2,6,2,-1,32,0,0,-1,42
6,13,11,3,6,2,-1,128,0,0,-1,21
6,13,12,1,6,1,-1,8,0,0,-1,22
6,13,12,2,6,1,-1,32,0,0,-1,42
6,13,12,3,6,1,-1,128,0,0,-1,21
6,13,14,1,6,2,-1,8,0,0,-1,22
6,13,14,2,6,2,-1,32,0,0,-1,42
6,13,14,3,6,2,-1,128,0,0,-1,21
6,13,15,1,6,1,-1,8,0,0,-1,22
6,13,15,2,6,1,-1,32,0,0,-1,42
6,13,15,3,6,1,-1,128,0,0,-1,21
6,13,16,1,6,4,-1,8,0,0,-1,22
6,13,16,2,6,4,-1,32,0,0,-1,42
6,13,16,3,6,4,-1,127,0,0,-1,21
6,13,17,1,6,3,-1,8,0,0,-1,22
6,13,17,2,6,3,-1,32,0,0,-1,42
6,13,17,3,6,3,-1,115,0,0,-1,21
6,13,18,1,6,5,-1,8,0,0,-1,22
6,13,18,2,6,5,-1,32,0,0,-1,42
6,13,18,3,6,5,-1,123,0,0,-1,21
6,13,19,1,6,4,-1,8,0,0,-1,22
6,13,19,2,6,4,-1,32,0,0,-1,42
6,13,19,3,6,4,-1,122,0,0,-1,21
6,13,20,1,6,3,-1,8,0,0,-1,22
6,13,20,2,6,3,-1,26,0,0,-1,42
6,13,20,3,6,3,-1,127,0,0,-1,21
6,13,21,1,6,2,-1,8,0,0,-1,22
6,13,21,2,6,2,-1,27,0,0,-1,42
6,13,21,3,6,2,-1,119,0,2,-1,53
6,13,22,1,6,4,-1,7,0,1,-1,54
6,13,22,2,6,4,-1,29,0,0,-1,42
6,13,22,3,6,4,-1,127,0,0,-1,21
6,13,23,1,6,3,-1,8,0,0,-1,22
6,13,23,2,6,3,-1,26,0,0,-1,42
6,13,23,3,6,3,-1,127,0,0,-1,21
6,13,24,1,6,3,-1,8,0,0,-1,22
6,13,24,2,6,3,-1,30,0,0,-1,42
6,13,24,3,6,3,-1,128,0,0,-1,21
6,13,25,1,6,2,-1,8,0,0,-1,22
6,13,25,2,6,2,-1,31,0,0,-1,42
6,13,25,3,6,2,-1,126,0,0,-1,21
6,13,26,1,6,4,-1,8,0,0,-1,22
6,13,26,2,6,4,-1,30,0,0,-1,42
6,13,26,3,6,4,-1,126,0,0,-1,21
6,13,27,1,6,3,-1,7,0,0,-1,22
6,13,27,2,6,3,-1,29,0,0,-1,42
6,13,27,3,6,3,-1,122,0,0,-1,21
6,13,28,1,6,2,-1,8,0,0,-1,22
6,13,28,2,6,2,-1,30,0,0,-1,42
6,13,28,3,6,2,-1,125,0,0,-1,21
6,13,29,1,6,1,-1,8,0,0,-1,22
6,13,29,2,6,1,-1,32,0,0,-1,42
6,13,29,3,6,1,-1,125,0,0,-1,21
6,13,30,1,6,3,-1,7,0,0,-1,22
6,13,30,2,6,3,-1,29,0,0,-1,42
6,13,30,3,6,3,-1,126,0,0,-1,21
6,13,31,1,6,2,-1,7,0,0,-1,22
6,13,31,2,6,2,-1,29,0,0,-1,42
6,13,31,3,6,2,-1,127,0,0,-1,21
6,13,32,1,6,4,-1,8,0,0,-1,22
6,13,32,2,6,4,-1,32,0,0,-1,42
6,13,32,3,6,4,-1,115,0,0,-1,21
6,13,33,1,6,3,-1,8,0,0,-1,22
6,13,33,2,6,3,-1,32,0,0,-1,42
6,13,33,3,6,3,-1,128,0,0,-1,21
6,13,34,1,6,5,-1,8,0,0,-1,22
6,13,34,2,6,5,-1,32,0,0,-1,42
6,13,34,3,6,5,-1,128,0,0,-1,21
6,13,35,1,6,4,-1,8,0,0,-1,22
6,13,35,2,6,4,-1,32,0,0,-1,42
6,13,35,3,6,4,-1,128,0,0,-1,21
6,13,36,1,6,3,-1,7,0,0,-1,22
6,13,36,2,6,3,-1,29,0,0,-1,42
6,13,36,3,6,3,-1,122,0,0,-1,21
6,13,37,1,6,2,-1,8,0,0,-1,22
6,13,37,2,6,2,-1,31,0,0,-1,42
6,13,37,3,6,2,-1,126,0,0,-1,21
6,13,38,1,6,4,-1,8,0,0,-1,22
6,13,38,2,6,4,-1,30,0,0,-1,42
6,13,38,3,6,4,-1,126,0,0,-1,21
6,13,39,1,6,3,-1,8,0,0,-1,22
6,13,39,2,6,3,-1,30,0,0,-1,42
6,13,39,3,6,3,-1,128,0,0,-1,21
6,13,40,1,6,3,-1,8,0,0,-1,22
6,13,40,2,6,3,-1,31,0,0,-1,42
6,13,40,3,6,3,-1,119,0,0,-1,21
6,13,41,1,6,2,-1,8,0,0,-1,22
6,13,41,2,6,2,-1,32,0,0,-1,42
6,13,41,3,6,2,-1,120,0,0,-1,21
6,13,42,1,6,4,-1,8,0,0,-1,22
6,13,42,2,6,4,-1,10,0,2,-1,35
6,13,42,3,6,4,-1,127,0,0,-1,21
6,13,43,1,6,3,-1,8,0,0,-1,22
6,13,43,2,6,3,-1,31,0,0,-1,42
6,13,43,3,6,3,-1,119,0,0,-1,21
6,13,44,1,6,2,-1,8,0,0,-1,22
6,13,44,2,6,2,-1,32,0,0,-1,42
6,13,44,3,6,2,-1,128,0,0,-1,21
6,13,45,1,6,1,-1,8,0,0,-1,22
6,13,45,2,6,1,-1,32,0,0,-1,42
6,13,45,3,6,1,-1,120,0,0,-1,21
6,13,46,1,6,3,-1,8,0,0,-1,22
6,13,46,2,6,3,-1,32,0,0,-1,42
6,13,46,3,6,3,-1,128,0,0,-1,21
6,13,47,1,6,2,-1,8,0,0,-1,22
6,13,47,2,6,2,-1,32,0,0,-1,42
6,13,47,3,6,2,-1,128,0,0,-1,21
6,13,48,1,6,5,-1,8,0,0,-1,22
6,13,48,2,6,5,-1,32,0,0,-1,42
6,13,48,3,6,5,-1,121,0,0,-1,21
6,13,49,1,6,4,-1,8,0,0,-1,22
6,13,49,2,6,4,-1,31,0,0,-1,42
6,13,49,3,6,4,-1,128,0,0,-1,21
6,13,50,1,6,6,-1,8,0,0,-1,22
6,13,50,2,6,6,-1,30,0,0,-1,42
6,13,50,3,6,6,-1,127,0,0,-1,21
6,13,51,1,6,5,-1,8,0,0,-1,22
6,13,51,2,6,5,-1,32,0,0,-1,42
6,13,51,3,6,5,-1,121,0,0,-1,21
6,13,52,1,6,4,-1,8,0,0,-1,22
6,13,52,2,6,4,-1,32,0,0,-1,42
6,13,52,3,6,4,-1,122,0,0,-1,21
6,13,53,1,6,3,-1,8,0,0,-1,22
6,13,53,2,6,3,-1,32,0,0,-1,42
6,13,53,3,6,3,-1,115,0,0,-1,21
6,13,54,1,6,5,-1,8,0,0,-1,22
6,13,54,2,6,5,-1,32,0,0,-1,42
6,13,54,3,6,5,-1,123,0,0,-1,21
6,13,55,1,6,4,-1,8,0,0,-1,22
6,13,55,2,6,4,-1,32,0,0,-1,42
6,13,55,3,6,4,-1,127,0,0,-1,21
6,13,56,1,6,4,-1,8,0,0,-1,22
6,13,56,2,6,4,-1,32,0,0,-1,42
6,13,56,3,6,4,-1,128,0,0,-1,21
6,13,57,1,6,3,-1,8,0,0,-1,22
6,13,57,2,6,3,-1,32,0,0,-1,42
6,13,57,3,6,3,-1,128,0,0,-1,21
6,13,58,1,6,5,-1,8,0,0,-1,22
6,13,58,2,6,5,-1,32,0,0,-1,42
6,13,58,3,6,5,-1,128,0,0,-1,21
6,13,59,1,6,4,-1,8,0,0,-1,22
6,13,59,2,6,4,-1,32,0,0,-1,42
6,13,59,3,6,4,-1,115,0,0,-1,21
6,13,60,1,6,3,-1,7,0,0,-1,22
6,13,60,2,6,3,-1,32,0,0,-1,42
6,13,60,3,6,3,-1,128,0,0,-1,21
6,13,61,1,6,2,-1,8,0,0,-1,22
6,13,61,2,6,2,-1,32,0,0,-1,42
6,13,61,3,6,2,-1,128,0,0,-1,21
6,13,62,1,6,4,-1,8,0,0,-1,22
6,13,62,2,6,4,-1,29,0,0,-1,42
6,13,62,3,6,4,-1,128,0,0,-1,21
6,13,63,1,6,3,-1,5,0,0,-1,22
6,13,63,2,6,3,-1,21,0,0,-1,42
6,13,63,3,6,3,-1,85,0,0,-1,21
6,14,0,1,6,3,-1,5,0,0,-1,22
6,14,0,2,6,3,-1,22,0,0,-1,42
6,14,0,3,6,3,-1,95,0,0,-1,21
6,14,1,1,6,4,-1,8,0,0,-1,22
6,14,1,2,6,4,-1,31,0,0,-1,42
6,14,1,3,6,4,-1,124,0,0,-1,21
6,14,2,1,6,2,-1,8,0,0,-1,22
6,14,2,2,6,2,-1,32,0,0,-1,42
6,14,2,3,6,2,-1,128,0,0,-1,21
6,14,3,1,6,3,-1,8,0,0,-1,22
6,14,3,2,6,3,-1,31,0,0,-1,42
6,14,3,3,6,3,-1,128,0,0,-1,21
6,14,4,1,6,2,-1,8,0,0,-1,22
6,14,4,2,6,2,-1,30,0,0,-1,42
6,14,4,3,6,2,-1,122,0,0,-1,21
6,14,5,1,6,3,-1,7,0,0,-1,22
6,14,5,2,6,3,-1,30,0,0,-1,42
6,14,5,3,6,3,-1,126,0,0,-1,21
6,14,6,1,6,1,-1,6,0,0,-1,22
6,14,6,2,6,1,-1,28,0,0,-1,42
6,14,6,3,6,1,-1,126,0,0,-1,21
6,14,7,1,6,2,-1,8,0,0,-1,22
6,14,7,2,6,2,-1,30,0,0,-1,42
6,14,7,3,6,2,-1,126,0,0,-1,21
6,14,8,1,6,2,-1,8,0,0,-1,22
6,14,8,2,6,2,-1,32,0,0,-1,42
6,14,8,3,6,2,-1,128,0,0,-1,21
6,14,9,1,6,3,-1,8,0,0,-1,22
6,14,9,2,6,3,-1,32,0,0,-1,42
6,14,9,3,6,3,-1,116,0,0,-1,21
6,14,10,1,6,1,-1,8,0,0,-1,22
6,14,10,2,6,1,-1,32,0,0,-1,42
6,14,10,3,6,1,-1,128,0,0,-1,21
6,14,11,1,6,2,-1,8,0,0,-1,22
6,14,11,2,6,2,-1,32,0,0,-1,42
6,14,11,3,6,2,-1,128,0,0,-1,21
6,14,12,1,6,1,-1,8,0,0,-1,22
6,14,12,2,6,1,-1,32,0,0,-1,42
6,14,12,3,6,1,-1,128,0,0,-1,21
6,14,13,1,6,2,-1,8,0,0,-1,22
6,14,13,2,6,2,-1,32,0,0,-1,42
6,14,13,3,6,2,-1,128,0,0,-1,21
6,14,15,1,6,1,-1,8,0,0,-1,22
6,14,15,2,6,1,-1,32,0,0,-1,42
6,14,15,3,6,1,-1,128,0,0,-1,21
6,14,16,1,6,4,-1,8,0,0,-1,22
6,14,16,2,6,4,-1,30,0,0,-1,42
6,14,16,3,6,4,-1,122,0,0,-1,21
6,14,17,1,6,5,-1,8,0,0,-1,22
6,14,17,2,6,5,-1,30,0,0,-1,42
6,14,17,3,6,5,-1,121,0,0,-1,21
6,14,18,1,6,3,-1,7,0,0,-1,22
6,14,18,2,6,3,-1,32,0,0,-1,42
6,14,18,3,6,3,-1,122,0,0,-1,21
6,14,19,1,6,4,-1,8,0,0,-1,22
6,14,19,2,6,4,-1,32,0,0,-1,42
6,14,19,3,6,4,-1,128,0,0,-1,21
6,14,20,1,6,3,-1,8,0,0,-1,22
6,14,20,2,6,3,-1,29,0,0,-1,42
6,14,20,3,6,3,-1,128,0,0,-1,21
6,14,21,1,6,4,-1,8,0,0,-1,22
6,14,21,2,6,4,-1,27,0,0,-1,42
6,14,21,3,6,4,-1,119,0,3,-1,53
6,14,22,1,6,2,-1,6,0,1,-1,54
6,14,22,2,6,2,-1,27,0,0,-1,42
6,14,22,3,6,2,-1,127,0,0,-1,21
6,14,23,1,6,3,-1,8,0,0,-1,22
6,14,23,2,6,3,-1,29,0,0,-1,42
6,14,23,3,6,3,-1,128,0,0,-1,21
6,14,24,1,6,3,-1,8,0,0,-1,22
6,14,24,2,6,3,-1,32,0,0,-1,42
6,14,24,3,6,3,-1,126,0,0,-1,21
6,14,25,1,6,4,-1,8,0,0,-1,22
6,14,25,2,6,4,-1,31,0,0,-1,42
6,14,25,3,6,4,-1,127,0,0,-1,21
6,14,26,1,6,2,-1,8,0,0,-1,22
6,14,26,2,6,2,-1,30,0,0,-1,42
6,14,26,3,6,2,-1,125,0,0,-1,21
6,14,27,1,6,3,-1,8,0,0,-1,22
6,14,27,2,6,3,-1,31,0,0,-1,42
6,14,27,3,6,3,-1,124,0,0,-1,21
6,14,28,1,6,2,-1,8,0,0,-1,22
6,14,28,2,6,2,-1,30,0,0,-1,42
6,14,28,3,6,2,-1,126,0,0,-1,21
6,14,29,1,6,3,-1,7,0,0,-1,22
6,14,29,2,6,3,-1,30,0,0,-1,42
6,14,29,3,6,3,-1,126,0,0,-1,21
6,14,30,1,6,1,-1,6,0,0,-1,22
6,14,30,2,6,1,-1,28,0,0,-1,42
6,14,30,3,6,1,-1,126,0,0,-1,21
6,14,31,1,6,2,-1,8,0,0,-1,22
6,14,31,2,6,2,-1,30,0,0,-1,42
6,14,31,3,6,2,-1,122,0,0,-1,21
6,14,32,1,6,4,-1,8,0,0,-1,22
6,14,32,2,6,4,-1,27,0,0,-1,42
6,14,32,3,6,4,-1,128,0,0,-1,21
6,14,33,1,6,5,-1,8,0,0,-1,22
6,14,33,2,6,5,-1,31,0,0,-1,42
6,14,33,3,6,5,-1,128,0,0,-1,21
6,14,34,1,6,3,-1,8,0,0,-1,22
6,14,34,2,6,3,-1,32,0,0,-1,42
6,14,34,3,6,3,-1,128,0,0,-1,21
6,14,35,1,6,4,-1,8,0,0,-1,22
6,14,35,2,6,4,-1,30,0,0,-1,42
6,14,35,3,6,4,-1,128,0,0,-1,21
6,14,36,1,6,3,-1,8,0,0,-1,22
6,14,36,2,6,3,-1,31,0,0,-1,42
6,14,36,3,6,3,-1,124,0,0,-1,21
6,14,37,1,6,4,-1,8,0,0,-1,22
6,14,37,2,6,4,-1,31,0,0,-1,42
6,14,37,3,6,4,-1,127,0,0,-1,21
6,14,38,1,6,2,-1,8,0,0,-1,22
6,14,38,2,6,2,-1,30,0,0,-1,42
6,14,38,3,6,2,-1,125,0,0,-1,21
6,14,39,1,6,3,-1,8,0,0,-1,22
6,14,39,2,6,3,-1,32,0,0,-1,42
6,14,39,3,6,3,-1,126,0,0,-1,21
6,14,40,1,6,3,-1,8,0,0,-1,22
6,14,40,2,6,3,-1,26,0,0,-1,42
6,14,40,3,6,3,-1,128,0,0,-1,21
6,14,41,1,6,4,-1,8,0,0,-1,22
6,14,41,2,6,4,-1,31,0,0,-1,42
6,14,41,3,6,4,-1,128,0,0,-1,21
6,14,42,1,6,2,-1,8,0,0,-1,22
6,14,42,2,6,2,-1,19,0,2,-1,43
6,14,42,3,6,2,-1,128,0,0,-1,21
6,14,43,1,6,3,-1,8,0,0,-1,22
6,14,43,2,6,3,-1,26,0,0,-1,42
6,14,43,3,6,3,-1,128,0,0,-1,21
6,14,44,1,6,2,-1,8,0,0,-1,22
6,14,44,2,6,2,-1,32,0,0,-1,42
6,14,44,3,6,2,-1,128,0,0,-1,21
6,14,45,1,6,3,-1,8,0,0,-1,22
6,14,45,2,6,3,-1,32,0,0,-1,42
6,14,45,3,6,3,-1,116,0,0,-1,21
6,14,46,1,6,1,-1,8,0,0,-1,22
6,14,46,2,6,1,-1,32,0,0,-1,42
6,14,46,3,6,1,-1,128,0,0,-1,21
6,14,47,1,6,2,-1,8,0,0,-1,22
6,14,47,2,6,2,-1,32,0,0,-1,42
6,14,47,3,6,2,-1,128,0,0,-1,21
6,14,48,1,6,5,-1,8,0,0,-1,22
6,14,48,2,6,5,-1,32,0,0,-1,42
6,14,48,3,6,5,-1,128,0,0,-1,21
6,14,49,1,6,6,-1,8,0,0,-1,22
6,14,49,2,6,6,-1,32,0,0,-1,42
6,14,49,3,6,6,-1,112,0,0,-1,21
6,14,50,1,6,4,-1,7,0,0,-1,22
6,14,50,2,6,4,-1,32,0,0,-1,42
6,14,50,3,6,4,-1,128,0,0,-1,21
6,14,51,1,6,5,-1,8,0,0,-1,22
6,14,51,2,6,5,-1,32,0,0,-1,42
6,14,51,3,6,5,-1,128,0,0,-1,21
6,14,52,1,6,4,-1,8,0,0,-1,22
6,14,52,2,6,4,-1,32,0,0,-1,42
6,14,52,3,6,4,-1,128,0,0,-1,21
6,14,53,1,6,5,-1,8,0,0,-1,22
6,14,53,2,6,5,-1,30,0,0,-1,42
6,14,53,3,6,5,-1,121,0,0,-1,21
6,14,54,1,6,3,-1,7,0,0,-1,22
6,14,54,2,6,3,-1,32,0,0,-1,42
6,14,54,3,6,3,-1,122,0,0,-1,21
6,14,55,1,6,4,-1,8,0,0,-1,22
6,14,55,2,6,4,-1,30,0,0,-1,42
6,14,55,3,6,4,-1,122,0,0,-1,21
6,14,56,1,6,4,-1,8,0,0,-1,22
6,14,56,2,6,4,-1,30,0,0,-1,42
6,14,56,3,6,4,-1,128,0,0,-1,21
6,14,57,1,6,5,-1,8,0,0,-1,22
6,14,57,2,6,5,-1,31,0,0,-1,42
6,14,57,3,6,5,-1,128,0,0,-1,21
6,14,58,1,6,3,-1,8,0,0,-1,22
6,14,58,2,6,3,-1,32,0,0,-1,42
6,14,58,3,6,3,-1,128,0,0,-1,21
6,14,59,1,6,4,-1,8,0,0,-1,22
6,14,59,2,6,4,-1,27,0,0,-1,42
6,14,59,3,6,4,-1,128,0,0,-1,21
6,14,60,1,6,3,-1,8,0,0,-1,22
6,14,60,2,6,3,-1,31,0,0,-1,42
6,14,60,3,6,3,-1,128,0,0,-1,21
6,14,61,1,6,4,-1,8,0,0,-1,22
6,14,61,2,6,4,-1,31,0,0,-1,42
6,14,61,3,6,4,-1,124,0,0,-1,21
6,14,62,1,6,2,-1,8,0,0,-1,22
6,14,62,2,6,2,-1,32,0,0,-1,42
6,14,62,3,6,2,-1,128,0,0,-1,21
6,14,63,1,6,3,-1,5,0,0,-1,22
6,14,63,2,6,3,-1,22,0,0,-1,42
6,14,63,3,6,3,-1,95,0,0,-1,21
6,15,0,1,6,4,-1,5,0,0,-1,23
6,15,0,2,6,4,-1,22,0,0,-1,43
6,15,0,3,6,4,-1,99,0,0,-1,53
6,15,1,1,6,3,-1,8,0,0,-1,23
6,15,1,2,6,3,-1,32,0,0,-1,43
6,15,1,3,6,3,-1,120,0,0,-1,53
6,15,2,1,6,3,-1,8,0,0,-1,23
6,15,2,2,6,3,-1,31,0,0,-1,43
6,15,2,3,6,3,-1,128,0,0,-1,53
6,15,3,1,6,2,-1,8,0,0,-1,23
6,15,3,2,6,2,-1,30,0,0,-1,43
6,15,3,3,6,2,-1,128,0,0,-1,53
6,15,4,1,6,3,-1,8,0,0,-1,23
6,15,4,2,6,3,-1,32,0,0,-1,43
6,15,4,3,6,3,-1,127,0,0,-1,53
6,15,5,1,6,2,-1,7,0,0,-1,23
6,15,5,2,6,2,-1,32,0,0,-1,43
6,15,5,3,6,2,-1,128,0,0,-1,53
6,15,6,1,6,2,-1,8,0,0,-1,23
6,15,6,2,6,2,-1,30,0,0,-1,43
6,15,6,3,6,2,-1,124,0,0,-1,53
6,15,7,1,6,1,-1,6,0,0,-1,23
6,15,7,2,6,1,-1,28,0,0,-1,43
6,15,7,3,6,1,-1,126,0,0,-1,53
6,15,8,1,6,3,-1,8,0,0,-1,23
6,15,8,2,6,3,-1,32,0,0,-1,43
6,15,8,3,6,3,-1,128,0,0,-1,53
6,15,9,1,6,2,-1,8,0,0,-1,23
6,15,9,2,6,2,-1,32,0,0,-1,43
6,15,9,3,6,2,-1,124,0,0,-1,53
6,15,10,1,6,2,-1,8,0,0,-1,23
6,15,10,2,6,2,-1,32,0,0,-1,43
6,15,10,3,6,2,-1,128,0,0,-1,53
6,15,11,1,6,1,-1,8,0,0,-1,23
6,15,11,2,6,1,-1,32,0,0,-1,43
6,15,11,3,6,1,-1,128,0,0,-1,53
6,15,12,1,6,2,-1,8,0,0,-1,23
6,15,12,2,6,2,-1,32,0,0,-1,43
6,15,12,3,6,2,-1,128,0,0,-1,53
6,15,13,1,6,1,-1,8,0,0,-1,23
6,15,13,2,6,1,-1,32,0,0,-1,43
6,15,13,3,6,1,-1,128,0,0,-1,53
6,15,14,1,6,1,-1,8,0,0,-1,23
6,15,14,2,6,1,-1,32,0,0,-1,43
6,15,14,3,6,1,-1,128,0,0,-1,53
6,15,16,1,6,5,-1,8,0,0,-1,23
6,15,16,2,6,5,-1,31,0,0,-1,43
6,15,16,3,6,5,-1,121,0,0,-1,53
6,15,17,1,6,4,-1,7,0,0,-1,23
6,15,17,2,6,4,-1,31,0,0,-1,43
6,15,17,3,6,4,-1,120,0,0,-1,53
6,15,18,1,6,4,-1,8,0,0,-1,23
6,15,18,2,6,4,-1,32,0,0,-1,43
6,15,18,3,6,4,-1,124,0,0,-1,53
6,15,19,1,6,3,-1,7,0,0,-1,23
6,15,19,2,6,3,-1,32,0,0,-1,43
6,15,19,3,6,3,-1,128,0,0,-1,53
6,15,20,1,6,4,-1,8,0,0,-1,23
6,15,20,2,6,4,-1,28,0,0,-1,43
6,15,20,3,6,4,-1,128,0,0,-1,53
6,15,21,1,6,3,-1,7,0,0,-1,23
6,15,21,2,6,3,-1,26,0,0,-1,43
6,15,21,3,6,3,-1,128,0,0,-1,53
6,15,22,1,6,3,-1,8,0,0,-1,23
6,15,22,2,6,3,-1,28,0,0,-1,43
6,15,22,3,6,3,-1,125,0,0,-1,53
6,15,23,1,6,2,-1,6,0,1,-1,55
6,15,23,2,6,2,-1,29,0,0,-1,43
6,15,23,3,6,2,-1,128,0,0,-1,53
6,15,24,1,6,4,-1,8,0,0,-1,23
6,15,24,2,6,4,-1,32,0,0,-1,43
6,15,24,3,6,4,-1,128,0,0,-1,53
6,15,25,1,6,3,-1,8,0,0,-1,23
6,15,25,2,6,3,-1,31,0,0,-1,43
6,15,25,3,6,3,-1,125,0,0,-1,53
6,15,26,1,6,3,-1,8,0,0,-1,23
6,15,26,2,6,3,-1,30,0,0,-1,43
6,15,26,3,6,3,-1,128,0,0,-1,53
6,15,27,1,6,2,-1,8,0,0,-1,23
6,15,27,2,6,2,-1,32,0,0,-1,43
6,15,27,3,6,2,-1,123,0,0,-1,53
6,15,28,1,6,3,-1,8,0,0,-1,23
6,15,28,2,6,3,-1,32,0,0,-1,43
6,15,28,3,6,3,-1,126,0,0,-1,53
6,15,29,1,6,2,-1,8,0,0,-1,23
6,15,29,2,6,2,-1,31,0,0,-1,43
6,15,29,3,6,2,-1,126,0,0,-1,53
6,15,30,1,6,2,-1,8,0,0,-1,23
6,15,30,2,6,2,-1,30,0,0,-1,43
6,15,30,3,6,2,-1,128,0,0,-1,53
6,15,31,1,6,1,-1,6,0,0,-1,23
6,15,31,2,6,1,-1,31,0,0,-1,43
6,15,31,3,6,1,-1,124,0,0,-1,53
6,15,32,1,6,5,-1,8,0,0,-1,23
6,15,32,2,6,5,-1,32,0,0,-1,43
6,15,32,3,6,5,-1,128,0,0,-1,53
6,15,33,1,6,4,-1,8,0,0,-1,23
6,15,33,2,6,4,-1,32,0,0,-1,43
6,15,33,3,6,4,-1,126,0,0,-1,53
6,15,34,1,6,4,-1,8,0,0,-1,23
6,15,34,2,6,4,-1,32,0,0,-1,43
6,15,34,3,6,4,-1,128,0,0,-1,53
6,15,35,1,6,3,-1,8,0,0,-1,23
6,15,35,2,6,3,-1,31,0,0,-1,43
6,15,35,3,6,3,-1,128,0,0,-1,53
6,15,36,1,6,4,-1,8,0,0,-1,23
6,15,36,2,6,4,-1,31,0,0,-1,43
6,15,36,3,6,4,-1,123,0,0,-1,53
6,15,37,1,6,3,-1,8,0,0,-1,23
6,15,37,2,6,3,-1,31,0,0,-1,43
6,15,37,3,6,3,-1,126,0,0,-1,53
6,15,38,1,6,3,-1,7,0,0,-1,23
6,15,38,2,6,3,-1,29,0,0,-1,43
6,15,38,3,6,3,-1,126,0,0,-1,53
6,15,39,1,6,2,-1,8,0,0,-1,23
6,15,39,2,6,2,-1,30,0,0,-1,43
6,15,39,3,6,2,-1,128,0,0,-1,53
6,15,40,1,6,4,-1,8,0,0,-1,23
6,15,40,2,6,4,-1,29,0,0,-1,43
6,15,40,3,6,4,-1,128,0,0,-1,53
6,15,41,1,6,3,-1,8,0,0,-1,23
6,15,41,2,6,3,-1,32,0,0,-1,43
6,15,41,3,6,3,-1,128,0,0,-1,53
6,15,42,1,6,3,-1,8,0,0,-1,23
6,15,42,2,6,3,-1,15,0,0,-1,43
6,15,42,3,6,3,-1,128,0,0,-1,53
6,15,43,1,6,2,-1,8,0,0,-1,23
6,15,43,2,6,2,-1,24,0,8,-1,59
6,15,43,3,6,2,-1,128,0,0,-1,53
6,15,44,1,6,3,-1,8,0,0,-1,23
6,15,44,2,6,3,-1,32,0,0,-1,43
6,15,44,3,6,3,-1,128,0,0,-1,53
6,15,45,1,6,2,-1,8,0,0,-1,23
6,15,45,2,6,2,-1,32,0,0,-1,43
6,15,45,3,6,2,-1,124,0,0,-1,53
6,15,46,1,6,2,-1,8,0,0,-1,23
6,15,46,2,6,2,-1,32,0,0,-1,43
6,15,46,3,6,2,-1,128,0,0,-1,53
6,15,47,1,6,1,-1,8,0,0,-1,23
6,15,47,2,6,1,-1,32,0,0,-1,43
6,15,47,3,6,1,-1,128,0,0,-1,53
6,15,48,1,6,6,-1,8,0,0,-1,23
6,15,48,2,6,6,-1,32,0,0,-1,43
6,15,48,3,6,6,-1,128,0,0,-1,53
6,15,49,1,6,5,-1,8,0,0,-1,23
6,15,49,2,6,5,-1,31,0,0,-1,43
6,15,49,3,6,5,-1,128,0,0,-1,53
6,15,50,1,6,5,-1,8,0,0,-1,23
6,15,50,2,6,5,-1,31,0,0,-1,43
6,15,50,3,6,5,-1,128,0,0,-1,53
6,15,51,1,6,4,-1,8,0,0,-1,23
6,15,51,2,6,4,-1,32,0,0,-1,43
6,15,51,3,6,4,-1,128,0,0,-1,53
6,15,52,1,6,5,-1,8,0,0,-1,23
6,15,52,2,6,5,-1,32,0,0,-1,43
6,15,52,3,6,5,-1,121,0,0,-1,53
6,15,53,1,6,4,-1,8,0,0,-1,23
6,15,53,2,6,4,-1,31,0,0,-1,43
6,15,53,3,6,4,-1,114,0,8,-1,5
6,15,54,1,6,4,-1,8,0,0,-1,23
6,15,54,2,6,4,-1,32,0,0,-1,43
6,15,54,3,6,4,-1,117,0,0,-1,53
6,15,55,1,6,3,-1,8,0,0,-1,23
6,15,55,2,6,3,-1,29,0,0,-1,43
6,15,55,3,6,3,-1,119,0,0,-1,53
6,15,56,1,6,5,-1,8,0,0,-1,23
6,15,56,2,6,5,-1,32,0,0,-1,43
6,15,56,3,6,5,-1,128,0,0,-1,53
6,15,57,1,6,4,-1,8,0,0,-1,23
6,15,57,2,6,4,-1,32,0,0,-1,43
6,15,57,3,6,4,-1,126,0,0,-1,53
6,15,58,1,6,4,-1,8,0,0,-1,23
6,15,58,2,6,4,-1,32,0,0,-1,43
6,15,58,3,6,4,-1,128,0,0,-1,53
6,15,59,1,6,3,-1,8,0,0,-1,23
6,15,59,2,6,3,-1,27,0,0,-1,43
6,15,59,3,6,3,-1,128,0,0,-1,53
6,15,60,1,6,4,-1,8,0,0,-1,23
6,15,60,2,6,4,-1,32,0,0,-1,43
6,15,60,3,6,4,-1,128,0,0,-1,53
6,15,61,1,6,3,-1,8,0,0,-1,23
6,15,61,2,6,3,-1,32,0,0,-1,43
6,15,61,3,6,3,-1,110,0,0,-1,53
6,15,62,1,6,3,-1,8,0,0,-1,23
6,15,62,2,6,3,-1,32,0,0,-1,43
6,15,62,3,6,3,-1,128,0,0,-1,53
6,15,63,1,6,2,-1,5,0,0,-1,23
6,15,63,2,6,2,-1,20,0,0,-1,43
6,15,63,3,6,2,-1,80,0,0,-1,53
6,16,0,1,6,1,-1,4,0,0,-1,32
6,16,0,2,6,1,-1,16,0,0,-1,1
6,16,0,3,6,1,-1,64,0,0,-1,2
6,16,1,1,6,2,-1,8,0,0,-1,32
6,16,1,2,6,2,-1,16,0,1,-1,4
6,16,1,3,6,2,-1,128,0,0,-1,2
6,16,2,1,6,2,-1,8,0,0,-1,32
6,16,2,2,6,2,-1,32,0,0,-1,1
6,16,2,3,6,2,-1,0,64,1,0,16
6,16,3,1,6,3,-1,8,0,0,-1,32
6,16,3,2,6,3,-1,32,0,0,-1,1
6,16,3,3,6,3,-1,110,0,0,-1,2
6,16,4,1,6,2,-1,8,0,0,-1,32
6,16,4,2,6,2,-1,16,0,0,-1,1
6,16,4,3,6,2,-1,128,0,0,-1,2
6,16,5,1,6,3,-1,8,0,0,-1,32
6,16,5,2,6,3,-1,32,0,0,-1,1
6,16,5,3,6,3,-1,128,0,0,-1,2
6,16,6,1,6,3,-1,8,0,0,-1,32
6,16,6,2,6,3,-1,27,0,0,-1,1
6,16,6,3,6,3,-1,128,0,0,-1,2
6,16,7,1,6,4,-1,8,0,0,-1,32
6,16,7,2,6,4,-1,27,0,0,-1,1
6,16,7,3,6,4,-1,128,0,0,-1,2
6,16,8,1,6,2,-1,6,0,0,-1,32
6,16,8,2,6,2,-1,30,0,0,-1,1
6,16,8,3,6,2,-1,128,0,0,-1,2
6,16,9,1,6,3,-1,8,0,0,-1,32
6,16,9,2,6,3,-1,32,0,0,-1,1
6,16,9,3,6,3,-1,112,0,0,-1,2
6,16,10,1,6,3,-1,8,0,0,-1,32
6,16,10,2,6,3,-1,32,0,0,-1,1
6,16,10,3,6,3,-1,109,0,0,-1,2
6,16,11,1,6,4,-1,8,0,0,-1,32
6,16,11,2,6,4,-1,31,0,0,-1,1
6,16,11,3,6,4,-1,122,0,0,-1,2
6,16,12,1,6,3,-1,8,0,0,-1,32
6,16,12,2,6,3,-1,29,0,0,-1,1
6,16,12,3,6,3,-1,119,0,0,-1,2
6,16,13,1,6,4,-1,8,0,0,-1,32
6,16,13,2,6,4,-1,32,0,0,-1,1
6,16,13,3,6,4,-1,127,0,0,-1,2
6,16,14,1,6,4,-1,8,0,0,-1,32
6,16,14,2,6,4,-1,30,0,0,-1,1
6,16,14,3,6,4,-1,122,0,0,-1,2
6,16,15,1,6,5,-1,8,0,0,-1,32
6,16,15,2,6,5,-1,31,0,0,-1,1
6,16,15,3,6,5,-1,121,0,0,-1,2
6,16,17,1,6,1,-1,8,0,0,-1,32
6,16,17,2,6,1,-1,32,0,0,-1,1
6,16,17,3,6,1,-1,128,0,0,-1,2
6,16,18,1,6,1,-1,8,0,0,-1,32
6,16,18,2,6,1,-1,32,0,0,-1,1
6,16,18,3,6,1,-1,64,0,0,-1,2
6,16,19,1,6,2,-1,8,0,0,-1,32
6,16,19,2,6,2,-1,32,0,0,-1,1
6,16,19,3,6,2,-1,128,0,0,-1,2
6,16,20,1,6,1,-1,8,0,0,-1,32
6,16,20,2,6,1,-1,32,0,0,-1,1
6,16,20,3,6,1,-1,128,0,0,-1,2
6,16,21,1,6,2,-1,8,0,0,-1,32
6,16,21,2,6,2,-1,16,0,0,-1,1
6,16,21,3,6,2,-1,128,0,0,-1,2
6,16,22,1,6,2,-1,8,0,0,-1,32
6,16,22,2,6,2,-1,32,0,0,-1,1
6,16,22,3,6,2,-1,128,0,0,-1,2
6,16,23,1,6,3,-1,8,0,0,-1,32
6,16,23,2,6,3,-1,30,0,0,-1,1
6,16,23,3,6,3,-1,128,0,0,-1,2
6,16,24,1,6,1,-1,8,0,0,-1,32
6,16,24,2,6,1,-1,32,0,0,-1,1
6,16,24,3,6,1,-1,128,0,0,-1,2
6,16,25,1,6,2,-1,8,0,0,-1,32
6,16,25,2,6,2,-1,32,0,0,-1,1
6,16,25,3,6,2,-1,128,0,0,-1,2
6,16,26,1,6,2,-1,8,0,0,-1,32
6,16,26,2,6,2,-1,32,0,0,-1,1
6,16,26,3,6,2,-1,128,0,0,-1,2
6,16,27,1,6,3,-1,8,0,0,-1,32
6,16,27,2,6,3,-1,30,0,0,-1,1
6,16,27,3,6,3,-1,124,0,0,-1,2
6,16,28,1,6,2,-1,8,0,0,-1,32
6,16,28,2,6,2,-1,32,0,0,-1,1
6,16,28,3,6,2,-1,128,0,0,-1,2
6,16,29,1,6,3,-1,8,0,0,-1,32
6,16,29,2,6,3,-1,32,0,0,-1,1
6,16,29,3,6,3,-1,128,0,0,-1,2
6,16,30,1,6,3,-1,8,0,0,-1,32
6,16,30,2,6,3,-1,32,0,0,-1,1
6,16,30,3,6,3,-1,128,0,0,-1,2
6,16,31,1,6,4,-1,8,0,0,-1,32
6,16,31,2,6,4,-1,32,0,0,-1,1
6,16,31,3,6,4,-1,128,0,0,-1,2
6,16,32,1,6,2,-1,6,0,1,-1,33
6,16,32,2,6,2,-1,30,0,0,-1,1
6,16,32,3,6,2,-1,128,0,0,-1,2
6,16,33,1,6,3,-1,8,0,0,-1,32
6,16,33,2,6,3,-1,32,0,0,-1,1
6,16,33,3,6,3,-1,128,0,0,-1,2
6,16,34,1,6,3,-1,8,0,0,-1,32
6,16,34,2,6,3,-1,32,0,0,-1,1
6,16,34,3,6,3,-1,128,0,0,-1,2
6,16,35,1,6,4,-1,8,0,0,-1,32
6,16,35,2,6,4,-1,31,0,0,-1,1
6,16,35,3,6,4,-1,124,0,0,-1,2
6,16,36,1,6,3,-1,8,0,0,-1,32
6,16,36,2,6,3,-1,31,0,0,-1,1
6,16,36,3,6,3,-1,118,0,0,-1,2
6,16,37,1,6,4,-1,8,0,0,-1,32
6,16,37,2,6,4,-1,32,0,0,-1,1
6,16,37,3,6,4,-1,128,0,0,-1,2
6,16,38,1,6,4,-1,8,0,0,-1,32
6,16,38,2,6,4,-1,32,0,0,-1,1
6,16,38,3,6,4,-1,115,0,0,-1,2
6,16,39,1,6,5,-1,8,0,0,-1,32
6,16,39,2,6,5,-1,32,0,0,-1,1
6,16,39,3,6,5,-1,128,0,0,-1,2
6,16,40,1,6,3,-1,7,0,0,-1,32
6,16,40,2,6,3,-1,31,0,0,-1,1
6,16,40,3,6,3,-1,128,0,0,-1,2
6,16,41,1,6,4,-1,8,0,0,-1,32
6,16,41,2,6,4,-1,29,0,0,-1,1
6,16,41,3,6,4,-1,128,0,0,-1,2
6,16,42,1,6,4,-1,7,0,0,-1,32
6,16,42,2,6,4,-1,20,0,0,-1,1
6,16,42,3,6,4,-1,124,0,0,-1,2
6,16,43,1,6,5,-1,8,0,0,-1,32
6,16,43,2,6,5,-1,29,0,0,-1,1
6,16,43,3,6,5,-1,125,0,0,-1,2
6,16,44,1,6,4,-1,8,0,0,-1,32
6,16,44,2,6,4,-1,31,0,0,-1,1
6,16,44,3,6,4,-1,121,0,0,-1,2
6,16,45,1,6,5,-1,8,0,0,-1,32
6,16,45,2,6,5,-1,28,0,0,-1,1
6,16,45,3,6,5,-1,122,0,0,-1,2
6,16,46,1,6,5,-1,8,0,0,-1,32
6,16,46,2,6,5,-1,29,0,0,-1,1
6,16,46,3,6,5,-1,126,0,0,-1,2
6,16,47,1,6,6,-1,8,0,0,-1,32
6,16,47,2,6,6,-1,24,0,0,-1,1
6,16,47,3,6,6,-1,128,0,0,-1,2
6,16,48,1,6,1,-1,6,0,0,-1,32
6,16,48,2,6,1,-1,31,0,0,-1,1
6,16,48,3,6,1,-1,124,0,0,-1,2
6,16,49,1,6,2,-1,8,0,0,-1,32
6,16,49,2,6,2,-1,32,0,0,-1,1
6,16,49,3,6,2,-1,128,0,0,-1,2
6,16,50,1,6,2,-1,7,0,0,-1,32
6,16,50,2,6,2,-1,31,0,0,-1,1
6,16,50,3,6,2,-1,124,0,0,-1,2
6,16,51,1,6,3,-1,8,0,0,-1,32
6,16,51,2,6,3,-1,32,0,0,-1,1
6,16,51,3,6,3,-1,120,0,0,-1,2
6,16,52,1,6,2,-1,7,0,0,-1,32
6,16,52,2,6,2,-1,29,0,0,-1,1
6,16,52,3,6,2,-1,127,0,0,-1,2
6,16,53,1,6,3,-1,8,0,0,-1,32
6,16,53,2,6,3,-1,31,0,0,-1,1
6,16,53,3,6,3,-1,128,0,0,-1,2
6,16,54,1,6,3,-1,8,0,0,-1,32
6,16,54,2,6,3,-1,30,0,0,-1,1
6,16,54,3,6,3,-1,124,0,0,-1,2
6,16,55,1,6,4,-1,8,0,0,-1,32
6,16,55,2,6,4,-1,30,0,0,-1,1
6,16,55,3,6,4,-1,128,0,0,-1,2
6,16,56,1,6,2,-1,8,0,0,-1,32
6,16,56,2,6,2,-1,30,0,0,-1,1
6,16,56,3,6,2,-1,122,0,0,-1,2
6,16,57,1,6,3,-1,8,0,0,-1,32
6,16,57,2,6,3,-1,31,0,0,-1,1
6,16,57,3,6,3,-1,128,0,0,-1,2
6,16,58,1,6,3,-1,8,0,0,-1,32
6,16,58,2,6,3,-1,31,0,0,-1,1
6,16,58,3,6,3,-1,127,0,0,-1,2
6,16,59,1,6,4,-1,8,0,0,-1,32
6,16,59,2,6,4,-1,32,0,0,-1,1
6,16,59,3,6,4,-1,124,0,0,-1,2
6,16,60,1,6,3,-1,8,0,0,-1,32
6,16,60,2,6,3,-1,32,0,0,-1,1
6,16,60,3,6,3,-1,127,0,0,-1,2
6,16,61,1,6,4,-1,8,0,0,-1,32
6,16,61,2,6,4,-1,30,0,0,-1,1
6,16,61,3,6,4,-1,128,0,0,-1,2
6,16,62,1,6,4,-1,8,0,0,-1,32
6,16,62,2,6,4,-1,32,0,0,-1,1
6,16,62,3,6,4,-1,128,0,0,-1,2
6,16,63,1,6,5,-1,5,0,0,-1,32
6,16,63,2,6,5,-1,20,0,0,-1,1
6,16,63,3,6,5,-1,96,0,0,-1,2
6,17,0,1,6,2,-1,4,0,0,-1,34
6,17,0,2,6,2,-1,16,0,0,-1,5
6,17,0,3,6,2,-1,64,0,0,-1,10
6,17,1,1,6,1,-1,8,0,0,-1,34
6,17,1,2,6,1,-1,32,0,0,-1,5
6,17,1,3,6,1,-1,128,0,0,-1,10
6,17,2,1,6,3,-1,8,0,0,-1,34
6,17,2,2,6,3,-1,32,0,0,-1,5
6,17,2,3,6,3,-1,109,0,0,-1,10
6,17,3,1,6,2,-1,8,0,0,-1,34
6,17,3,2,6,2,-1,31,0,0,-1,5
6,17,3,3,6,2,-1,126,0,0,-1,10
6,17,4,1,6,3,-1,8,0,0,-1,34
6,17,4,2,6,3,-1,32,0,0,-1,5
6,17,4,3,6,3,-1,128,0,0,-1,10
6,17,5,1,6,2,-1,8,0,0,-1,34
6,17,5,2,6,2,-1,16,0,1,-1,20
6,17,5,3,6,2,-1,128,0,0,-1,10
6,17,6,1,6,4,-1,8,0,0,-1,34
6,17,6,2,6,4,-1,32,0,0,-1,5
6,17,6,3,6,4,-1,128,0,0,-1,10
6,17,7,1,6,3,-1,8,0,0,-1,34
6,17,7,2,6,3,-1,32,0,0,-1,5
6,17,7,3,6,3,-1,128,0,0,-1,10
6,17,8,1,6,3,-1,8,0,0,-1,34
6,17,8,2,6,3,-1,32,0,0,-1,5
6,17,8,3,6,3,-1,128,0,0,-1,10
6,17,9,1,6,2,-1,8,0,0,-1,34
6,17,9,2,6,2,-1,32,0,0,-1,5
6,17,9,3,6,2,-1,112,0,0,-1,10
6,17,10,1,6,4,-1,8,0,0,-1,34
6,17,10,2,6,4,-1,28,0,0,-1,5
6,17,10,3,6,4,-1,104,0,1,-1,24
6,17,11,1,6,3,-1,8,0,0,-1,34
6,17,11,2,6,3,-1,31,0,0,-1,5
6,17,11,3,6,3,-1,127,0,0,-1,10
6,17,12,1,6,4,-1,8,0,0,-1,34
6,17,12,2,6,4,-1,31,0,0,-1,5
6,17,12,3,6,4,-1,114,0,0,-1,10
6,17,13,1,6,3,-1,8,0,0,-1,34
6,17,13,2,6,3,-1,32,0,0,-1,5
6,17,13,3,6,3,-1,115,0,0,-1,10
6,17,14,1,6,5,-1,8,0,0,-1,34
6,17,14,2,6,5,-1,30,0,0,-1,5
6,17,14,3,6,5,-1,121,0,0,-1,10
6,17,15,1,6,4,-1,7,0,0,-1,34
6,17,15,2,6,4,-1,31,0,0,-1,5
6,17,15,3,6,4,-1,120,0,0,-1,10
6,17,16,1,6,1,-1,8,0,0,-1,34
6,17,16,2,6,1,-1,32,0,0,-1,5
6,17,16,3,6,1,-1,128,0,0,-1,10
6,17,18,1,6,2,-1,8,0,0,-1,34
6,17,18,2,6,2,-1,32,0,0,-1,5
6,17,18,3,6,2,-1,114,0,0,-1,10
6,17,19,1,6,1,-1,8,0,0,-1,34
6,17,19,2,6,1,-1,32,0,0,-1,5
6,17,19,3,6,1,-1,125,0,0,-1,10
6,17,20,1,6,2,-1,8,0,0,-1,34
6,17,20,2,6,2,-1,16,0,0,-1,5
6,17,20,3,6,2,-1,128,0,0,-1,10
6,17,21,1,6,1,-1,8,0,0,-1,34
6,17,21,2,6,1,-1,16,0,0,-1,5
6,17,21,3,6,1,-1,128,0,0,-1,10
6,17,22,1,6,3,-1,8,0,0,-1,34
6,17,22,2,6,3,-1,31,0,0,-1,5
6,17,22,3,6,3,-1,128,0,0,-1,10
6,17,23,1,6,2,-1,8,0,0,-1,34
6,17,23,2,6,2,-1,30,0,0,-1,5
6,17,23,3,6,2,-1,128,0,0,-1,10
6,17,24,1,6,2,-1,8,0,0,-1,34
6,17,24,2,6,2,-1,24,0,0,-1,5
6,17,24,3,6,2,-1,128,0,0,-1,10
6,17,25,1,6,1,-1,8,0,0,-1,34
6,17,25,2,6,1,-1,32,0,0,-1,5
6,17,25,3,6,1,-1,128,0,0,-1,10
6,17,26,1,6,3,-1,8,0,0,-1,34
6,17,26,2,6,3,-1,31,0,0,-1,5
6,17,26,3,6,3,-1,119,0,0,-1,10
6,17,27,1,6,2,-1,8,0,0,-1,34
6,17,27,2,6,2,-1,30,0,0,-1,5
6,17,27,3,6,2,-1,121,0,0,-1,10
6,17,28,1,6,3,-1,8,0,0,-1,34
6,17,28,2,6,3,-1,26,0,0,-1,5
6,17,28,3,6,3,-1,128,0,0,-1,10
6,17,29,1,6,2,-1,8,0,0,-1,34
6,17,29,2,6,2,-1,32,0,0,-1,5
6,17,29,3,6,2,-1,128,0,0,-1,10
6,17,30,1,6,4,-1,8,0,0,-1,34
6,17,30,2,6,4,-1,29,0,0,-1,5
6,17,30,3,6,4,-1,128,0,0,-1,10
6,17,31,1,6,3,-1,8,0,0,-1,34
6,17,31,2,6,3,-1,30,0,0,-1,5
6,17,31,3,6,3,-1,128,0,0,-1,10
6,17,32,1,6,3,-1,7,0,0,-1,34
6,17,32,2,6,3,-1,31,0,0,-1,5
6,17,32,3,6,3,-1,128,0,0,-1,10
6,17,33,1,6,2,-1,8,0,0,-1,34
6,17,33,2,6,2,-1,32,0,0,-1,5
6,17,33,3,6,2,-1,128,0,0,-1,10
6,17,34,1,6,4,-1,6,0,1,-1,38
6,17,34,2,6,4,-1,32,0,0,-1,5
6,17,34,3,6,4,-1,128,0,0,-1,10
6,17,35,1,6,3,-1,7,0,0,-1,34
6,17,35,2,6,3,-1,30,0,0,-1,5
6,17,35,3,6,3,-1,126,0,0,-1,10
6,17,36,1,6,4,-1,8,0,0,-1,34
6,17,36,2,6,4,-1,26,0,0,-1,5
6,17,36,3,6,4,-1,120,0,0,-1,10
6,17,37,1,6,3,-1,8,0,0,-1,34
6,17,37,2,6,3,-1,32,0,0,-1,5
6,17,37,3,6,3,-1,128,0,0,-1,10
6,17,38,1,6,5,-1,8,0,0,-1,34
6,17,38,2,6,5,-1,32,0,0,-1,5
6,17,38,3,6,5,-1,128,0,0,-1,10
6,17,39,1,6,4,-1,8,0,0,-1,34
6,17,39,2,6,4,-1,32,0,0,-1,5
6,17,39,3,6,4,-1,128,0,0,-1,10
6,17,40,1,6,4,-1,6,0,0,-1,34
6,17,40,2,6,4,-1,32,0,0,-1,5
6,17,40,3,6,4,-1,128,0,0,-1,10
6,17,41,1,6,3,-1,8,0,0,-1,34
6,17,41,2,6,3,-1,32,0,0,-1,5
6,17,41,3,6,3,-1,128,0,0,-1,10
6,17,42,1,6,5,-1,7,0,0,-1,34
6,17,42,2,6,5,-1,22,0,0,-1,5
6,17,42,3,6,5,-1,122,0,0,-1,10
6,17,43,1,6,4,-1,8,0,0,-1,34
6,17,43,2,6,4,-1,30,0,0,-1,5
6,17,43,3,6,4,-1,128,0,0,-1,10
6,17,44,1,6,5,-1,8,0,0,-1,34
6,17,44,2,6,5,-1,31,0,0,-1,5
6,17,44,3,6,5,-1,119,0,0,-1,10
6,17,45,1,6,4,-1,8,0,0,-1,34
6,17,45,2,6,4,-1,32,0,0,-1,5
6,17,45,3,6,4,-1,118,0,0,-1,10
6,17,46,1,6,6,-1,8,0,0,-1,34
6,17,46,2,6,6,-1,24,0,0,-1,5
6,17,46,3,6,6,-1,128,0,0,-1,10
6,17,47,1,6,5,-1,8,0,0,-1,34
6,17,47,2,6,5,-1,29,0,0,-1,5
6,17,47,3,6,5,-1,125,0,0,-1,10
6,17,48,1,6,2,-1,6,0,0,-1,34
6,17,48,2,6,2,-1,29,0,0,-1,5
6,17,48,3,6,2,-1,128,0,0,-1,10
6,17,49,1,6,1,-1,8,0,0,-1,34
6,17,49,2,6,1,-1,32,0,0,-1,5
6,17,49,3,6,1,-1,128,0,0,-1,10
6,17,50,1,6,3,-1,6,0,0,-1,34
6,17,50,2,6,3,-1,32,0,0,-1,5
6,17,50,3,6,3,-1,124,0,0,-1,10
6,17,51,1,6,2,-1,7,0,0,-1,34
6,17,51,2,6,2,-1,32,0,0,-1,5
6,17,51,3,6,2,-1,128,0,0,-1,10
6,17,52,1,6,3,-1,8,0,0,-1,34
6,17,52,2,6,3,-1,26,0,0,-1,5
6,17,52,3,6,3,-1,127,0,0,-1,10
6,17,53,1,6,2,-1,8,0,0,-1,34
6,17,53,2,6,2,-1,32,0,0,-1,5
6,17,53,3,6,2,-1,128,0,0,-1,10
6,17,54,1,6,4,-1,8,0,0,-1,34
6,17,54,2,6,4,-1,31,0,0,-1,5
6,17,54,3,6,4,-1,124,0,0,-1,10
6,17,55,1,6,3,-1,8,0,0,-1,34
6,17,55,2,6,3,-1,31,0,0,-1,5
6,17,55,3,6,3,-1,128,0,0,-1,10
6,17,56,1,6,3,-1,8,0,0,-1,34
6,17,56,2,6,3,-1,29,0,0,-1,5
6,17,56,3,6,3,-1,128,0,0,-1,10
6,17,57,1,6,2,-1,8,0,0,-1,34
6,17,57,2,6,2,-1,32,0,0,-1,5
6,17,57,3,6,2,-1,128,0,0,-1,10
6,17,58,1,6,4,-1,8,0,0,-1,34
6,17,58,2,6,4,-1,32,0,0,-1,5
6,17,58,3,6,4,-1,128,0,0,-1,10
6,17,59,1,6,3,-1,8,0,0,-1,34
6,17,59,2,6,3,-1,31,0,0,-1,5
6,17,59,3,6,3,-1,127,0,0,-1,10
6,17,60,1,6,4,-1,8,0,0,-1,34
6,17,60,2,6,4,-1,28,0,0,-1,5
6,17,60,3,6,4,-1,128,0,0,-1,10
6,17,61,1,6,3,-1,8,0,0,-1,34
6,17,61,2,6,3,-1,32,0,0,-1,5
6,17,61,3,6,3,-1,128,0,0,-1,10
6,17,62,1,6,5,-1,8,0,0,-1,34
6,17,62,2,6,5,-1,29,0,0,-1,5
6,17,62,3,6,5,-1,126,0,0,-1,10
6,17,63,1,6,4,-1,5,0,0,-1,34
6,17,63,2,6,4,-1,21,0,0,-1,5
6,17,63,3,6,4,-1,93,0,0,-1,10
6,18,0,1,3,2,-1,4,0,0,-1,36
6,18,0,2,3,2,-1,16,0,0,-1,9
6,18,0,3,3,2,-1,0,64,1,0,0
6,18,1,1,6,3,-1,8,0,0,-1,36
6,18,1,2,6,3,-1,31,0,0,-1,9
6,18,1,3,6,3,-1,118,0,1,-1,0
6,18,2,1,6,1,-1,8,0,0,-1,36
6,18,2,2,6,1,-1,32,0,0,-1,9
6,18,2,3,6,1,-1,64,0,1,-1,16
6,18,3,1,6,2,-1,8,0,0,-1,36
6,18,3,2,6,2,-1,32,0,0,-1,9
6,18,3,3,6,2,-1,124,0,1,-1,16
6,18,4,1,6,3,-1,8,0,0,-1,36
6,18,4,2,6,3,-1,32,0,0,-1,9
6,18,4,3,6,3,-1,112,0,1,-1,48
6,18,5,1,6,4,-1,8,0,0,-1,36
6,18,5,2,6,4,-1,26,0,0,-1,9
6,18,5,3,6,4,-1,120,0,1,-1,48
6,18,6,1,6,2,-1,8,0,0,-1,36
6,18,6,2,6,2,-1,32,0,0,-1,9
6,18,6,3,6,2,-1,123,0,1,-1,48
6,18,7,1,6,3,-1,8,0,0,-1,36
6,18,7,2,6,3,-1,31,0,0,-1,9
6,18,7,3,6,3,-1,124,0,1,-1,48
6,18,8,1,6,3,-1,8,0,0,-1,36
6,18,8,2,6,3,-1,31,0,0,-1,9
6,18,8,3,6,3,-1,118,0,1,-1,0
6,18,9,1,3,4,-1,6,0,0,-1,36
6,18,9,2,3,4,-1,24,0,1,-1,0
6,18,9,3,3,4,-1,93,0,1,-1,0
6,18,10,1,6,2,-1,8,0,0,-1,36
6,18,10,2,6,2,-1,32,0,0,-1,9
6,18,10,3,6,2,-1,114,0,1,-1,16
6,18,11,1,6,3,-1,8,0,0,-1,36
6,18,11,2,6,3,-1,31,0,0,-1,9
6,18,11,3,6,3,-1,124,0,1,-1,16
6,18,12,1,6,4,-1,8,0,0,-1,36
6,18,12,2,6,4,-1,32,0,0,-1,9
6,18,12,3,6,4,-1,117,0,1,-1,16
6,18,13,1,6,5,-1,8,0,0,-1,36
6,18,13,2,6,5,-1,32,0,0,-1,9
6,18,13,3,6,5,-1,123,0,1,-1,16
6,18,14,1,6,3,-1,7,0,0,-1,36
6,18,14,2,6,3,-1,32,0,0,-1,9
6,18,14,3,6,3,-1,122,0,1,-1,16
6,18,15,1,6,4,-1,8,0,0,-1,36
6,18,15,2,6,4,-1,32,0,0,-1,9
6,18,15,3,6,4,-1,124,0,1,-1,16
6,18,16,1,6,1,-1,8,0,0,-1,36
6,18,16,2,6,1,-1,32,0,0,-1,9
6,18,16,3,6,1,-1,64,0,1,-1,2
6,18,17,1,6,2,-1,8,0,0,-1,36
6,18,17,2,6,2,-1,32,0,0,-1,9
6,18,17,3,6,2,-1,114,0,1,-1,2
6,18,19,1,6,1,-1,8,0,0,-1,36
6,18,19,2,6,1,-1,32,0,0,-1,9
6,18,19,3,6,1,-1,120,0,2,-1,22
6,18,20,1,6,2,-1,8,0,0,-1,36
6,18,20,2,6,2,-1,32,0,0,-1,9
6,18,20,3,6,2,-1,112,0,1,-1,50
6,18,21,1,6,3,-1,8,0,0,-1,36
6,18,21,2,6,3,-1,22,0,0,-1,9
6,18,21,3,6,3,-1,120,0,1,-1,50
6,18,22,1,6,1,-1,8,0,0,-1,36
6,18,22,2,6,1,-1,32,0,0,-1,9
6,18,22,3,6,1,-1,124,0,1,-1,50
6,18,23,1,6,2,-1,8,0,0,-1,36
6,18,23,2,6,2,-1,30,0,0,-1,9
6,18,23,3,6,2,-1,121,0,1,-1,50
6,18,24,1,6,2,-1,8,0,0,-1,36
6,18,24,2,6,2,-1,32,0,0,-1,9
6,18,24,3,6,2,-1,124,0,1,-1,2
6,18,25,1,6,3,-1,8,0,0,-1,36
6,18,25,2,6,3,-1,31,0,0,-1,9
6,18,25,3,6,3,-1,124,0,1,-1,2
6,18,26,1,6,1,-1,8,0,0,-1,36
6,18,26,2,6,1,-1,32,0,0,-1,9
6,18,26,3,6,1,-1,120,0,2,-1,50
6,18,27,1,3,2,-1,8,0,0,-1,36
6,18,27,2,3,2,-1,24,0,0,-1,9
6,18,27,3,3,2,-1,96,0,2,-1,54
6,18,28,1,6,3,-1,8,0,0,-1,36
6,18,28,2,6,3,-1,32,0,0,-1,9
6,18,28,3,6,3,-1,116,0,2,-1,50
6,18,29,1,6,4,-1,8,0,0,-1,36
6,18,29,2,6,4,-1,32,0,0,-1,9
6,18,29,3,6,4,-1,118,0,2,-1,54
6,18,30,1,6,2,-1,8,0,0,-1,36
6,18,30,2,6,2,-1,32,0,0,-1,9
6,18,30,3,6,2,-1,124,0,2,-1,50
6,18,31,1,6,3,-1,8,0,0,-1,36
6,18,31,2,6,3,-1,30,0,0,-1,9
6,18,31,3,6,3,-1,124,0,2,-1,54
6,18,32,1,6,3,-1,8,0,0,-1,36
6,18,32,2,6,3,-1,32,0,0,-1,9
6,18,32,3,6,3,-1,112,0,1,-1,6
6,18,33,1,6,4,-1,8,0,0,-1,36
6,18,33,2,6,4,-1,32,0,0,-1,9
6,18,33,3,6,4,-1,117,0,1,-1,2
6,18,34,1,6,2,-1,8,0,0,-1,36
6,18,34,2,6,2,-1,32,0,0,-1,9
6,18,34,3,6,2,-1,112,0,1,-1,22
6,18,35,1,6,3,-1,8,0,0,-1,36
6,18,35,2,6,3,-1,32,0,0,-1,9
6,18,35,3,6,3,-1,116,0,2,-1,22
6,18,36,1,3,4,-1,6,0,1,-1,45
6,18,36,2,3,4,-1,24,0,0,-1,9
6,18,36,3,3,4,-1,93,0,1,-1,54
6,18,37,1,6,5,-1,8,0,0,-1,36
6,18,37,2,6,5,-1,32,0,0,-1,9
6,18,37,3,6,5,-1,120,0,1,-1,50
6,18,38,1,6,3,-1,7,0,0,-1,36
6,18,38,2,6,3,-1,29,0,0,-1,9
6,18,38,3,6,3,-1,122,0,1,-1,54
6,18,39,1,6,4,-1,8,0,0,-1,36
6,18,39,2,6,4,-1,31,0,0,-1,9
6,18,39,3,6,4,-1,123,0,1,-1,50
6,18,40,1,6,4,-1,8,0,0,-1,36
6,18,40,2,6,4,-1,26,0,0,-1,9
6,18,40,3,6,4,-1,120,0,1,-1,6
6,18,41,1,6,5,-1,8,0,0,-1,36
6,18,41,2,6,5,-1,32,0,0,-1,9
6,18,41,3,6,5,-1,123,0,1,-1,2
6,18,42,1,6,3,-1,8,0,0,-1,36
6,18,42,2,6,3,-1,22,0,0,-1,9
6,18,42,3,6,3,-1,120,0,1,-1,22
6,18,43,1,6,4,-1,8,0,0,-1,36
6,18,43,2,6,4,-1,32,0,0,-1,9
6,18,43,3,6,4,-1,118,0,2,-1,54
6,18,44,1,6,5,-1,8,0,0,-1,36
6,18,44,2,6,5,-1,32,0,0,-1,9
6,18,44,3,6,5,-1,120,0,1,-1,22
6,18,45,1,3,6,-1,8,0,0,-1,36
6,18,45,2,3,6,-1,28,0,0,-1,9
6,18,45,3,3,6,-1,78,0,2,-1,54
6,18,46,1,6,4,-1,8,0,0,-1,36
6,18,46,2,6,4,-1,31,0,0,-1,9
6,18,46,3,6,4,-1,124,0,1,-1,22
6,18,47,1,6,5,-1,8,0,0,-1,36
6,18,47,2,6,5,-1,28,0,0,-1,9
6,18,47,3,6,5,-1,122,0,2,-1,54
6,18,48,1,6,2,-1,8,0,0,-1,36
6,18,48,2,6,2,-1,32,0,0,-1,9
6,18,48,3,6,2,-1,123,0,1,-1,6
6,18,49,1,6,3,-1,7,0,0,-1,36
6,18,49,2,6,3,-1,32,0,0,-1,9
6,18,49,3,6,3,-1,122,0,1,-1,2
6,18,50,1,6,1,-1,8,0,0,-1,36
6,18,50,2,6,1,-1,32,0,0,-1,9
6,18,50,3,6,1,-1,124,0,1,-1,22
6,18,51,1,6,2,-1,8,0,0,-1,36
6,18,51,2,6,2,-1,32,0,0,-1,9
6,18,51,3,6,2,-1,124,0,2,-1,22
6,18,52,1,6,3,-1,7,0,0,-1,36
6,18,52,2,6,3,-1,29,0,0,-1,9
6,18,52,3,6,3,-1,122,0,1,-1,54
6,18,53,1,6,4,-1,8,0,0,-1,36
6,18,53,2,6,4,-1,31,0,0,-1,9
6,18,53,3,6,4,-1,124,0,1,-1,50
6,18,54,1,3,2,-1,6,0,0,-1,36
6,18,54,2,3,2,-1,24,0,0,-1,9
6,18,54,3,3,2,-1,98,0,2,-1,63
6,18,55,1,6,3,-1,8,0,0,-1,36
6,18,55,2,6,3,-1,30,0,0,-1,9
6,18,55,3,6,3,-1,124,0,1,-1,50
6,18,56,1,6,3,-1,8,0,0,-1,36
6,18,56,2,6,3,-1,31,0,0,-1,9
6,18,56,3,6,3,-1,124,0,1,-1,6
6,18,57,1,6,4,-1,8,0,0,-1,36
6,18,57,2,6,4,-1,32,0,0,-1,9
6,18,57,3,6,4,-1,124,0,1,-1,2
6,18,58,1,6,2,-1,8,0,0,-1,36
6,18,58,2,6,2,-1,30,0,0,-1,9
6,18,58,3,6,2,-1,121,0,1,-1,22
6,18,59,1,6,3,-1,8,0,0,-1,36
6,18,59,2,6,3,-1,30,0,0,-1,9
6,18,59,3,6,3,-1,124,0,2,-1,54
6,18,60,1,6,4,-1,8,0,0,-1,36
6,18,60,2,6,4,-1,31,0,0,-1,9
6,18,60,3,6,4,-1,123,0,1,-1,22
6,18,61,1,6,5,-1,8,0,0,-1,36
6,18,61,2,6,5,-1,28,0,0,-1,9
6,18,61,3,6,5,-1,122,0,2,-1,54
6,18,62,1,6,3,-1,8,0,0,-1,36
6,18,62,2,6,3,-1,30,0,0,-1,9
6,18,62,3,6,3,-1,124,0,1,-1,22
6,18,63,1,3,4,-1,5,0,0,-1,36
6,18,63,2,3,4,-1,17,0,0,-1,9
6,18,63,3,3,4,-1,79,0,2,-1,54
6,19,0,1,6,3,-1,5,0,0,-1,37
6,19,0,2,6,3,-1,21,0,0,-1,42
6,19,0,3,6,3,-1,85,0,0,-1,21
6,19,1,1,6,2,-1,7,0,0,-1,37
6,19,1,2,6,2,-1,29,0,0,-1,42
6,19,1,3,6,2,-1,127,0,0,-1,21
6,19,2,1,6,2,-1,8,0,0,-1,37
6,19,2,2,6,2,-1,32,0,0,-1,42
6,19,2,3,6,2,-1,128,0,0,-1,21
6,19,3,1,6,1,-1,8,0,0,-1,37
6,19,3,2,6,1,-1,32,0,0,-1,42
6,19,3,3,6,1,-1,128,0,0,-1,21
6,19,4,1,6,4,-1,8,0,0,-1,37
6,19,4,2,6,4,-1,32,0,0,-1,42
6,19,4,3,6,4,-1,127,0,0,-1,21
6,19,5,1,6,3,-1,8,0,0,-1,37
6,19,5,2,6,3,-1,26,0,0,-1,42
6,19,5,3,6,3,-1,127,0,0,-1,21
6,19,6,1,6,3,-1,8,0,0,-1,37
6,19,6,2,6,3,-1,30,0,0,-1,42
6,19,6,3,6,3,-1,128,0,0,-1,21
6,19,7,1,6,2,-1,8,0,0,-1,37
6,19,7,2,6,2,-1,30,0,0,-1,42
6,19,7,3,6,2,-1,125,0,0,-1,21
6,19,8,1,6,4,-1,8,0,0,-1,37
6,19,8,2,6,4,-1,32,0,0,-1,42
6,19,8,3,6,4,-1,115,0,0,-1,21
6,19,9,1,6,3,-1,7,0,0,-1,37
6,19,9,2,6,3,-1,29,0,0,-1,42
6,19,9,3,6,3,-1,122,0,0,-1,21
6,19,10,1,6,3,-1,8,0,0,-1,37
6,19,10,2,6,3,-1,31,0,0,-1,42
6,19,10,3,6,3,-1,119,0,0,-1,21
6,19,11,1,6,2,-1,8,0,0,-1,37
6,19,11,2,6,2,-1,32,0,0,-1,42
6,19,11,3,6,2,-1,128,0,0,-1,21
6,19,12,1,6,5,-1,8,0,0,-1,37
6,19,12,2,6,5,-1,32,0,0,-1,42
6,19,12,3,6,5,-1,121,0,0,-1,21
6,19,13,1,6,4,-1,8,0,0,-1,37
6,19,13,2,6,4,-1,32,0,0,-1,42
6,19,13,3,6,4,-1,122,0,0,-1,21
6,19,14,1,6,4,-1,8,0,0,-1,37
6,19,14,2,6,4,-1,32,0,0,-1,42
6,19,14,3,6,4,-1,128,0,0,-1,21
6,19,15,1,6,3,-1,7,0,0,-1,37
6,19,15,2,6,3,-1,32,0,0,-1,42
6,19,15,3,6,3,-1,128,0,0,-1,21
6,19,16,1,6,2,-1,8,0,0,-1,37
6,19,16,2,6,2,-1,32,0,0,-1,42
6,19,16,3,6,2,-1,128,0,0,-1,21
6,19,17,1,6,1,-1,8,0,0,-1,37
6,19,17,2,6,1,-1,32,0,0,-1,42
6,19,17,3,6,1,-1,125,0,0,-1,21
6,19,18,1,6,1,-1,8,0,0,-1,37
6,19,18,2,6,1,-1,32,0,0,-1,42
6,19,18,3,6,1,-1,120,0,0,-1,21
6,19,20,1,6,3,-1,8,0,0,-1,37
6,19,20,2,6,3,-1,32,0,0,-1,42
6,19,20,3,6,3,-1,115,0,0,-1,21
6,19,21,1,6,2,-1,8,0,0,-1,37
6,19,21,2,6,2,-1,27,0,0,-1,42
6,19,21,3,6,2,-1,119,0,2,-1,29
6,19,22,1,6,2,-1,8,0,0,-1,37
6,19,22,2,6,2,-1,31,0,0,-1,42
6,19,22,3,6,2,-1,126,0,0,-1,21
6,19,23,1,6,1,-1,8,0,0,-1,37
6,19,23,2,6,1,-1,32,0,0,-1,42
6,19,23,3,6,1,-1,125,0,0,-1,21
6,19,24,1,6,3,-1,8,0,0,-1,37
6,19,24,2,6,3,-1,32,0,0,-1,42
6,19,24,3,6,3,-1,128,0,0,-1,21
6,19,25,1,6,2,-1,8,0,0,-1,37
6,19,25,2,6,2,-1,31,0,0,-1,42
6,19,25,3,6,2,-1,126,0,0,-1,21
6,19,26,1,6,2,-1,8,0,0,-1,37
6,19,26,2,6,2,-1,32,0,0,-1,42
6,19,26,3,6,2,-1,120,0,0,-1,21
6,19,27,1,6,1,-1,8,0,0,-1,37
6,19,27,2,6,1,-1,32,0,0,-1,42
6,19,27,3,6,1,-1,120,0,0,-1,21
6,19,28,1,6,4,-1,8,0,0,-1,37
6,19,28,2,6,4,-1,31,0,0,-1,42
6,19,28,3,6,4,-1,128,0,0,-1,21
6,19,29,1,6,3,-1,8,0,0,-1,37
6,19,29,2,6,3,-1,32,0,0,-1,42
6,19,29,3,6,3,-1,115,0,0,-1,21
6,19,30,1,6,3,-1,8,0,0,-1,37
6,19,30,2,6,3,-1,32,0,0,-1,42
6,19,30,3,6,3,-1,128,0,0,-1,21
6,19,31,1,6,2,-1,8,0,0,-1,37
6,19,31,2,6,2,-1,32,0,0,-1,42
6,19,31,3,6,2,-1,128,0,0,-1,21
6,19,32,1,6,4,-1,8,0,0,-1,37
6,19,32,2,6,4,-1,29,0,0,-1,42
6,19,32,3,6,4,-1,128,0,0,-1,21
6,19,33,1,6,3,-1,7,0,0,-1,37
6,19,33,2,6,3,-1,29,0,0,-1,42
6,19,33,3,6,3,-1,126,0,0,-1,21
6,19,34,1,6,3,-1,8,0,0,-1,37
6,19,34,2,6,3,-1,32,0,0,-1,42
6,19,34,3,6,3,-1,128,0,0,-1,21
6,19,35,1,6,2,-1,8,0,0,-1,37
6,19,35,2,6,2,-1,32,0,0,-1,42
6,19,35,3,6,2,-1,128,0,0,-1,21
6,19,36,1,6,5,-1,8,0,0,-1,37
6,19,36,2,6,5,-1,32,0,0,-1,42
6,19,36,3,6,5,-1,123,0,0,-1,21
6,19,37,1,6,4,-1,7,0,1,-1,45
6,19,37,2,6,4,-1,29,0,0,-1,42
6,19,37,3,6,4,-1,127,0,0,-1,21
6,19,38,1,6,4,-1,8,0,0,-1,37
6,19,38,2,6,4,-1,30,0,0,-1,42
6,19,38,3,6,4,-1,126,0,0,-1,21
6,19,39,1,6,3,-1,7,0,0,-1,37
6,19,39,2,6,3,-1,29,0,0,-1,42
6,19,39,3,6,3,-1,126,0,0,-1,21
6,19,40,1,6,5,-1,8,0,0,-1,37
6,19,40,2,6,5,-1,32,0,0,-1,42
6,19,40,3,6,5,-1,128,0,0,-1,21
6,19,41,1,6,4,-1,8,0,0,-1,37
6,19,41,2,6,4,-1,30,0,0,-1,42
6,19,41,3,6,4,-1,126,0,0,-1,21
6,19,42,1,6,4,-1,8,0,0,-1,37
6,19,42,2,6,4,-1,10,0,2,-1,56
6,19,42,3,6,4,-1,127,0,0,-1,21
6,19,43,1,6,3,-1,8,0,0,-1,37
6,19,43,2,6,3,-1,32,0,0,-1,42
6,19,43,3,6,3,-1,128,0,0,-1,21
6,19,44,1,6,6,-1,8,0,0,-1,37
6,19,44,2,6,6,-1,30,0,0,-1,42
6,19,44,3,6,6,-1,127,0,0,-1,21
6,19,45,1,6,5,-1,8,0,0,-1,37
6,19,45,2,6,5,-1,32,0,0,-1,42
6,19,45,3,6,5,-1,123,0,0,-1,21
6,19,46,1,6,5,-1,8,0,0,-1,37
6,19,46,2,6,5,-1,32,0,0,-1,42
6,19,46,3,6,5,-1,128,0,0,-1,21
6,19,47,1,6,4,-1,8,0,0,-1,37
6,19,47,2,6,4,-1,29,0,0,-1,42
6,19,47,3,6,4,-1,128,0,0,-1,21
6,19,48,1,6,3,-1,7,0,0,-1,37
6,19,48,2,6,3,-1,32,0,0,-1,42
6,19,48,3,6,3,-1,128,0,0,-1,21
6,19,49,1,6,2,-1,8,0,0,-1,37
6,19,49,2,6,2,-1,30,0,0,-1,42
6,19,49,3,6,2,-1,125,0,0,-1,21
6,19,50,1,6,2,-1,8,0,0,-1,37
6,19,50,2,6,2,-1,32,0,0,-1,42
6,19,50,3,6,2,-1,128,0,0,-1,21
6,19,51,1,6,1,-1,8,0,0,-1,37
6,19,51,2,6,1,-1,32,0,0,-1,42
6,19,51,3,6,1,-1,128,0,0,-1,21
6,19,52,1,6,4,-1,8,0,0,-1,37
6,19,52,2,6,4,-1,32,0,0,-1,42
6,19,52,3,6,4,-1,122,0,0,-1,21
6,19,53,1,6,3,-1,8,0,0,-1,37
6,19,53,2,6,3,-1,26,0,0,-1,42
6,19,53,3,6,3,-1,127,0,0,-1,21
6,19,54,1,6,3,-1,7,0,0,-1,37
6,19,54,2,6,3,-1,29,0,0,-1,42
6,19,54,3,6,3,-1,122,0,0,-1,21
6,19,55,1,6,2,-1,7,0,0,-1,37
6,19,55,2,6,2,-1,29,0,0,-1,42
6,19,55,3,6,2,-1,127,0,0,-1,21
6,19,56,1,6,4,-1,8,0,0,-1,37
6,19,56,2,6,4,-1,32,0,0,-1,42
6,19,56,3,6,4,-1,128,0,0,-1,21
6,19,57,1,6,3,-1,8,0,0,-1,37
6,19,57,2,6,3,-1,30,0,0,-1,42
6,19,57,3,6,3,-1,128,0,0,-1,21
6,19,58,1,6,3,-1,8,0,0,-1,37
6,19,58,2,6,3,-1,31,0,0,-1,42
6,19,58,3,6,3,-1,119,0,0,-1,21
6,19,59,1,6,2,-1,8,0,0,-1,37
6,19,59,2,6,2,-1,32,0,0,-1,42
6,19,59,3,6,2,-1,128,0,0,-1,21
6,19,60,1,6,5,-1,8,0,0,-1,37
6,19,60,2,6,5,-1,32,0,0,-1,42
6,19,60,3,6,5,-1,121,0,0,-1,21
6,19,61,1,6,4,-1,8,0,0,-1,37
6,19,61,2,6,4,-1,32,0,0,-1,42
6,19,61,3,6,4,-1,127,0,0,-1,21
6,19,62,1,6,4,-1,8,0,0,-1,37
6,19,62,2,6,4,-1,32,0,0,-1,42
6,19,62,3,6,4,-1,115,0,0,-1,21
6,19,63,1,6,3,-1,5,0,0,-1,37
6,19,63,2,6,3,-1,21,0,0,-1,42
6,19,63,3,6,3,-1,85,0,0,-1,21
6,20,0,1,6,2,-1,4,0,0,-1,40
6,20,0,2,6,2,-1,16,0,0,-1,17
6,20,0,3,6,2,-1,64,0,0,-1,34
6,20,1,1,6,3,-1,8,0,0,-1,40
6,20,1,2,6,3,-1,32,0,0,-1,17
6,20,1,3,6,3,-1,128,0,0,-1,34
6,20,2,1,6,3,-1,8,0,0,-1,40
6,20,2,2,6,3,-1,32,0,0,-1,17
6,20,2,3,6,3,-1,128,0,0,-1,34
6,20,3,1,6,4,-1,8,0,0,-1,40
6,20,3,2,6,4,-1,31,0,0,-1,17
6,20,3,3,6,4,-1,114,0,0,-1,34
6,20,4,1,6,1,-1,8,0,0,-1,40
6,20,4,2,6,1,-1,32,0,0,-1,17
6,20,4,3,6,1,-1,128,0,0,-1,34
6,20,5,1,6,2,-1,8,0,0,-1,40
6,20,5,2,6,2,-1,16,0,0,-1,17
6,20,5,3,6,2,-1,128,0,0,-1,34
6,20,6,1,6,2,-1,8,0,0,-1,40
6,20,6,2,6,2,-1,24,0,0,-1,17
6,20,6,3,6,2,-1,128,0,0,-1,34
6,20,7,1,6,3,-1,8,0,0,-1,40
6,20,7,2,6,3,-1,26,0,0,-1,17
6,20,7,3,6,3,-1,128,0,0,-1,34
6,20,8,1,6,3,-1,7,0,0,-1,40
6,20,8,2,6,3,-1,31,0,0,-1,17
6,20,8,3,6,3,-1,128,0,0,-1,34
6,20,9,1,6,4,-1,8,0,0,-1,40
6,20,9,2,6,4,-1,26,0,0,-1,17
6,20,9,3,6,4,-1,120,0,0,-1,34
6,20,10,1,6,4,-1,6,0,0,-1,40
6,20,10,2,6,4,-1,32,0,0,-1,17
6,20,10,3,6,4,-1,128,0,0,-1,34
6,20,11,1,6,5,-1,8,0,0,-1,40
6,20,11,2,6,5,-1,31,0,0,-1,17
6,20,11,3,6,5,-1,119,0,0,-1,34
6,20,12,1,6,2,-1,6,0,0,-1,40
6,20,12,2,6,2,-1,29,0,0,-1,17
6,20,12,3,6,2,-1,128,0,0,-1,34
6,20,13,1,6,3,-1,8,0,0,-1,40
6,20,13,2,6,3,-1,26,0,0,-1,17
6,20,13,3,6,3,-1,127,0,0,-1,34
6,20,14,1,6,3,-1,8,0,0,-1,40
6,20,14,2,6,3,-1,29,0,0,-1,17
6,20,14,3,6,3,-1,128,0,0,-1,34
6,20,15,1,6,4,-1,8,0,0,-1,40
6,20,15,2,6,4,-1,28,0,0,-1,17
6,20,15,3,6,4,-1,128,0,0,-1,34
6,20,16,1,6,1,-1,8,0,0,-1,40
6,20,16,2,6,1,-1,32,0,0,-1,17
6,20,16,3,6,1,-1,128,0,0,-1,34
6,20,17,1,6,2,-1,8,0,0,-1,40
6,20,17,2,6,2,-1,16,0,1,-1,5
6,20,17,3,6,2,-1,128,0,0,-1,34
6,20,18,1,6,2,-1,8,0,0,-1,40
6,20,18,2,6,2,-1,32,0,0,-1,17
6,20,18,3,6,2,-1,112,0,0,-1,34
6,20,19,1,6,3,-1,8,0,0,-1,40
6,20,19,2,6,3,-1,32,0,0,-1,17
6,20,19,3,6,3,-1,115,0,0,-1,34
6,20,21,1,6,1,-1,8,0,0,-1,40
6,20,21,2,6,1,-1,16,0,0,-1,17
6,20,21,3,6,1,-1,128,0,0,-1,34
6,20,22,1,6,1,-1,8,0,0,-1,40
6,20,22,2,6,1,-1,32,0,0,-1,17
6,20,22,3,6,1,-1,128,0,0,-1,34
6,20,23,1,6,2,-1,8,0,0,-1,40
6,20,23,2,6,2,-1,32,0,0,-1,17
6,20,23,3,6,2,-1,128,0,0,-1,34
6,20,24,1,6,2,-1,8,0,0,-1,40
6,20,24,2,6,2,-1,32,0,0,-1,17
6,20,24,3,6,2,-1,128,0,0,-1,34
6,20,25,1,6,3,-1,8,0,0,-1,40
6,20,25,2,6,3,-1,32,0,0,-1,17
6,20,25,3,6,3,-1,128,0,0,-1,34
6,20,26,1,6,3,-1,8,0,0,-1,40
6,20,26,2,6,3,-1,32,0,0,-1,17
6,20,26,3,6,3,-1,128,0,0,-1,34
6,20,27,1,6,4,-1,8,0,0,-1,40
6,20,27,2,6,4,-1,32,0,0,-1,17
6,20,27,3,6,4,-1,118,0,0,-1,34
6,20,28,1,6,1,-1,8,0,0,-1,40
6,20,28,2,6,1,-1,32,0,0,-1,17
6,20,28,3,6,1,-1,128,0,0,-1,34
6,20,29,1,6,2,-1,8,0,0,-1,40
6,20,29,2,6,2,-1,32,0,0,-1,17
6,20,29,3,6,2,-1,128,0,0,-1,34
6,20,30,1,6,2,-1,8,0,0,-1,40
6,20,30,2,6,2,-1,32,0,0,-1,17
6,20,30,3,6,2,-1,128,0,0,-1,34
6,20,31,1,6,3,-1,8,0,0,-1,40
6,20,31,2,6,3,-1,32,0,0,-1,17
6,20,31,3,6,3,-1,128,0,0,-1,34
6,20,32,1,6,3,-1,8,0,0,-1,40
6,20,32,2,6,3,-1,32,0,0,-1,17
6,20,32,3,6,3,-1,109,0,0,-1,34
6,20,33,1,6,4,-1,8,0,0,-1,40
6,20,33,2,6,4,-1,32,0,0,-1,17
6,20,33,3,6,4,-1,128,0,0,-1,34
6,20,34,1,6,4,-1,8,0,0,-1,40
6,20,34,2,6,4,-1,28,0,0,-1,17
6,20,34,3,6,4,-1,104,0,1,-1,6
6,20,35,1,6,5,-1,8,0,0,-1,40
6,20,35,2,6,5,-1,30,0,0,-1,17
6,20,35,3,6,5,-1,121,0,0,-1,34
6,20,36,1,6,2,-1,8,0,0,-1,40
6,20,36,2,6,2,-1,32,0,0,-1,17
6,20,36,3,6,2,-1,114,0,0,-1,34
6,20,37,1,6,3,-1,8,0,0,-1,40
6,20,37,2,6,3,-1,31,0,0,-1,17
6,20,37,3,6,3,-1,128,0,0,-1,34
6,20,38,1,6,3,-1,8,0,0,-1,40
6,20,38,2,6,3,-1,31,0,0,-1,17
6,20,38,3,6,3,-1,119,0,0,-1,34
6,20,39,1,6,4,-1,8,0,0,-1,40
6,20,39,2,6,4,-1,29,0,0,-1,17
6,20,39,3,6,4,-1,128,0,0,-1,34
6,20,40,1,6,4,-1,6,0,1,-1,41
6,20,40,2,6,4,-1,32,0,0,-1,17
6,20,40,3,6,4,-1,128,0,0,-1,34
6,20,41,1,6,5,-1,8,0,0,-1,40
6,20,41,2,6,5,-1,32,0,0,-1,17
6,20,41,3,6,5,-1,128,0,0,-1,34
6,20,42,1,6,5,-1,7,0,0,-1,40
6,20,42,2,6,5,-1,22,0,0,-1,17
6,20,42,3,6,5,-1,122,0,0,-1,34
6,20,43,1,6,6,-1,8,0,0,-1,40
6,20,43,2,6,6,-1,24,0,0,-1,17
6,20,43,3,6,6,-1,128,0,0,-1,34
6,20,44,1,6,3,-1,6,0,0,-1,40
6,20,44,2,6,3,-1,32,0,0,-1,17
6,20,44,3,6,3,-1,124,0,0,-1,34
6,20,45,1,6,4,-1,8,0,0,-1,40
6,20,45,2,6,4,-1,31,0,0,-1,17
6,20,45,3,6,4,-1,124,0,0,-1,34
6,20,46,1,6,4,-1,8,0,0,-1,40
6,20,46,2,6,4,-1,32,0,0,-1,17
6,20,46,3,6,4,-1,128,0,0,-1,34
6,20,47,1,6,5,-1,8,0,0,-1,40
6,20,47,2,6,5,-1,29,0,0,-1,17
6,20,47,3,6,5,-1,126,0,0,-1,34
6,20,48,1,6,2,-1,8,0,0,-1,40
6,20,48,2,6,2,-1,31,0,0,-1,17
6,20,48,3,6,2,-1,126,0,0,-1,34
6,20,49,1,6,3,-1,8,0,0,-1,40
6,20,49,2,6,3,-1,32,0,0,-1,17
6,20,49,3,6,3,-1,128,0,0,-1,34
6,20,50,1,6,3,-1,8,0,0,-1,40
6,20,50,2,6,3,-1,31,0,0,-1,17
6,20,50,3,6,3,-1,127,0,0,-1,34
6,20,51,1,6,4,-1,7,0,0,-1,40
6,20,51,2,6,4,-1,31,0,0,-1,17
6,20,51,3,6,4,-1,120,0,0,-1,34
6,20,52,1,6,1,-1,8,0,0,-1,40
6,20,52,2,6,1,-1,32,0,0,-1,17
6,20,52,3,6,1,-1,125,0,0,-1,34
6,20,53,1,6,2,-1,8,0,0,-1,40
6,20,53,2,6,2,-1,30,0,0,-1,17
6,20,53,3,6,2,-1,128,0,0,-1,34
6,20,54,1,6,2,-1,8,0,0,-1,40
6,20,54,2,6,2,-1,30,0,0,-1,17
6,20,54,3,6,2,-1,121,0,0,-1,34
6,20,55,1,6,3,-1,8,0,0,-1,40
6,20,55,2,6,3,-1,30,0,0,-1,17
6,20,55,3,6,3,-1,128,0,0,-1,34
6,20,56,1,6,3,-1,7,0,0,-1,40
6,20,56,2,6,3,-1,30,0,0,-1,17
6,20,56,3,6,3,-1,126,0,0,-1,34
6,20,57,1,6,4,-1,8,0,0,-1,40
6,20,57,2,6,4,-1,32,0,0,-1,17
6,20,57,3,6,4,-1,128,0,0,-1,34
6,20,58,1,6,4,-1,8,0,0,-1,40
6,20,58,2,6,4,-1,30,0,0,-1,17
6,20,58,3,6,4,-1,128,0,0,-1,34
6,20,59,1,6,5,-1,8,0,0,-1,40
6,20,59,2,6,5,-1,29,0,0,-1,17
6,20,59,3,6,5,-1,125,0,0,-1,34
6,20,60,1,6,2,-1,7,0,0,-1,40
6,20,60,2,6,2,-1,32,0,0,-1,17
6,20,60,3,6,2,-1,128,0,0,-1,34
6,20,61,1,6,3,-1,8,0,0,-1,40
6,20,61,2,6,3,-1,31,0,0,-1,17
6,20,61,3,6,3,-1,128,0,0,-1,34
6,20,62,1,6,3,-1,8,0,0,-1,40
6,20,62,2,6,3,-1,31,0,0,-1,17
6,20,62,3,6,3,-1,127,0,0,-1,34
6,20,63,1,6,4,-1,5,0,0,-1,40
6,20,63,2,6,4,-1,21,0,0,-1,17
6,20,63,3,6,4,-1,93,0,0,-1,34
6,21,0,1,2,3,-1,4,0,0,-1,42
6,21,0,2,2,3,-1,0,16,1,0,0
6,21,0,3,2,3,-1,64,0,0,-1,42
6,21,1,1,6,2,-1,8,0,0,-1,42
6,21,1,2,6,2,-1,16,0,1,-1,4
6,21,1,3,6,2,-1,128,0,0,-1,42
6,21,2,1,6,4,-1,7,0,0,-1,42
6,21,2,2,6,4,-1,20,0,1,-1,4
6,21,2,3,6,4,-1,124,0,0,-1,42
6,21,3,1,6,3,-1,7,0,0,-1,42
6,21,3,2,6,3,-1,26,0,1,-1,4
6,21,3,3,6,3,-1,128,0,0,-1,42
6,21,4,1,6,2,-1,8,0,0,-1,42
6,21,4,2,6,2,-1,16,0,1,-1,16
6,21,4,3,6,2,-1,128,0,0,-1,42
6,21,5,1,6,1,-1,8,0,0,-1,42
6,21,5,2,6,1,-1,16,0,1,-1,20
6,21,5,3,6,1,-1,128,0,0,-1,42
6,21,6,1,6,3,-1,8,0,0,-1,42
6,21,6,2,6,3,-1,15,0,1,-1,20
6,21,6,3,6,3,-1,128,0,0,-1,42
6,21,7,1,6,2,-1,8,0,0,-1,42
6,21,7,2,6,2,-1,19,0,1,-1,20
6,21,7,3,6,2,-1,128,0,0,-1,42
6,21,8,1,6,4,-1,7,0,0,-1,42
6,21,8,2,6,4,-1,20,0,1,-1,16
6,21,8,3,6,4,-1,124,0,0,-1,42
6,21,9,1,6,3,-1,8,0,0,-1,42
6,21,9,2,6,3,-1,22,0,1,-1,20
6,21,9,3,6,3,-1,120,0,0,-1,42
6,21,10,1,6,5,-1,7,0,0,-1,42
6,21,10,2,6,5,-1,22,0,1,-1,20
6,21,10,3,6,5,-1,122,0,0,-1,42
6,21,11,1,6,4,-1,7,0,0,-1,42
6,21,11,2,6,4,-1,25,0,1,-1,20
6,21,11,3,6,4,-1,95,0,0,-1,42
6,21,12,1,6,3,-1,7,0,0,-1,42
6,21,12,2,6,3,-1,26,0,1,-1,16
6,21,12,3,6,3,-1,128,0,0,-1,42
6,21,13,1,6,2,-1,8,0,0,-1,42
6,21,13,2,6,2,-1,27,0,1,-1,20
6,21,13,3,6,2,-1,119,0,0,-1,42
6,21,14,1,6,4,-1,8,0,0,-1,42
6,21,14,2,6,4,-1,27,0,1,-1,20
6,21,14,3,6,4,-1,119,0,0,-1,42
6,21,15,1,6,3,-1,7,0,0,-1,42
6,21,15,2,6,3,-1,26,0,1,-1,20
6,21,15,3,6,3,-1,128,0,0,-1,42
6,21,16,1,6,2,-1,8,0,0,-1,42
6,21,16,2,6,2,-1,16,0,1,-1,1
6,21,16,3,6,2,-1,128,0,0,-1,42
6,21,17,1,6,1,-1,8,0,0,-1,42
6,21,17,2,6,1,-1,16,0,1,-1,5
6,21,17,3,6,1,-1,128,0,0,-1,42
6,21,18,1,6,3,-1,8,0,0,-1,42
6,21,18,2,6,3,-1,22,0,1,-1,5
6,21,18,3,6,3,-1,120,0,0,-1,42
6,21,19,1,6,2,-1,8,0,0,-1,42
6,21,19,2,6,2,-1,27,0,1,-1,5
6,21,19,3,6,2,-1,119,0,0,-1,42
6,21,20,1,6,1,-1,8,0,0,-1,42
6,21,20,2,6,1,-1,16,0,1,-1,17
6,21,20,3,6,1,-1,128,0,0,-1,42
6,21,22,1,6,2,-1,8,0,0,-1,42
6,21,22,2,6,2,-1,7,0,5,-1,17
6,21,22,3,6,2,-1,128,0,0,-1,42
6,21,23,1,6,1,-1,8,0,0,-1,42
6,21,23,2,6,1,-1,16,0,16,-1,53
6,21,23,3,6,1,-1,128,0,0,-1,42
6,21,24,1,6,3,-1,8,0,0,-1,42
6,21,24,2,6,3,-1,15,0,1,-1,17
6,21,24,3,6,3,-1,128,0,0,-1,42
6,21,25,1,6,2,-1,8,0,0,-1,42
6,21,25,2,6,2,-1,7,0,5,-1,5
6,21,25,3,6,2,-1,128,0,0,-1,42
6,21,26,1,6,4,-1,8,0,0,-1,42
6,21,26,2,6,4,-1,10,0,5,-1,5
6,21,26,3,6,4,-1,127,0,0,-1,42
6,21,27,1,6,3,-1,8,0,0,-1,42
6,21,27,2,6,3,-1,22,0,5,-1,5
6,21,27,3,6,3,-1,120,0,0,-1,42
6,21,28,1,6,2,-1,8,0,0,-1,42
6,21,28,2,6,2,-1,19,0,1,-1,17
6,21,28,3,6,2,-1,128,0,0,-1,42
6,21,29,1,6,1,-1,8,0,0,-1,42
6,21,29,2,6,1,-1,16,0,16,-1,23
6,21,29,3,6,1,-1,128,0,0,-1,42
6,21,30,1,6,3,-1,8,0,0,-1,42
6,21,30,2,6,3,-1,15,0,13,-1,23
6,21,30,3,6,3,-1,128,0,0,-1,42
6,21,31,1,6,2,-1,8,0,0,-1,42
6,21,31,2,6,2,-1,16,0,16,-1,55
6,21,31,3,6,2,-1,128,0,0,-1,42
6,21,32,1,6,4,-1,7,0,0,-1,42
6,21,32,2,6,4,-1,20,0,1,-1,1
6,21,32,3,6,4,-1,124,0,0,-1,42
6,21,33,1,6,3,-1,8,0,0,-1,42
6,21,33,2,6,3,-1,15,0,1,-1,5
6,21,33,3,6,3,-1,128,0,0,-1,42
6,21,34,1,6,5,-1,7,0,0,-1,42
6,21,34,2,6,5,-1,22,0,1,-1,5
6,21,34,3,6,5,-1,122,0,0,-1,42
6,21,35,1,6,4,-1,8,0,0,-1,42
6,21,35,2,6,4,-1,27,0,1,-1,5
6,21,35,3,6,4,-1,119,0,0,-1,42
6,21,36,1,6,3,-1,8,0,0,-1,42
6,21,36,2,6,3,-1,22,0,1,-1,17
6,21,36,3,6,3,-1,120,0,0,-1,42
6,21,37,1,6,2,-1,8,0,0,-1,42
6,21,37,2,6,2,-1,7,0,5,-1,20
6,21,37,3,6,2,-1,128,0,0,-1,42
6,21,38,1,6,4,-1,8,0,0,-1,42
6,21,38,2,6,4,-1,10,0,5,-1,17
6,21,38,3,6,4,-1,127,0,0,-1,42
6,21,39,1,6,3,-1,8,0,0,-1,42
6,21,39,2,6,3,-1,15,0,13,-1,53
6,21,39,3,6,3,-1,128,0,0,-1,42
6,21,40,1,6,5,-1,7,0,0,-1,42
6,21,40,2,6,5,-1,22,0,1,-1,17
6,21,40,3,6,5,-1,122,0,0,-1,42
6,21,41,1,6,4,-1,8,0,0,-1,42
6,21,41,2,6,4,-1,10,0,5,-1,20
6,21,41,3,6,4,-1,127,0,0,-1,42
6,21,42,1,2,6,23,0,0,-1,-1,-1
6,21,42,2,2,6,-1,0,4,11,10,42
6,21,42,3,2,6,-1,0,16,22,20,21
6,21,43,1,6,5,-1,7,0,0,-1,42
6,21,43,2,6,5,-1,22,0,6,-1,25
6,21,43,3,6,5,-1,122,0,0,-1,42
6,21,44,1,6,4,-1,7,0,0,-1,42
6,21,44,2,6,4,-1,25,0,1,-1,17
6,21,44,3,6,4,-1,95,0,0,-1,42
6,21,45,1,6,3,-1,8,0,0,-1,42
6,21,45,2,6,3,-1,22,0,5,-1,20
6,21,45,3,6,3,-1,120,0,0,-1,42
6,21,46,1,6,5,-1,7,0,0,-1,42
6,21,46,2,6,5,-1,22,0,6,-1,37
6,21,46,3,6,5,-1,122,0,0,-1,42
6,21,47,1,6,4,-1,7,0,0,-1,42
6,21,47,2,6,4,-1,20,0,11,-1,9
6,21,47,3,6,4,-1,124,0,0,-1,42
6,21,48,1,6,3,-1,7,0,0,-1,42
6,21,48,2,6,3,-1,26,0,1,-1,1
6,21,48,3,6,3,-1,128,0,0,-1,42
6,21,49,1,6,2,-1,8,0,0,-1,42
6,21,49,2,6,2,-1,19,0,1,-1,5
6,21,49,3,6,2,-1,128,0,0,-1,42
6,21,50,1,6,4,-1,7,0,0,-1,42
6,21,50,2,6,4,-1,25,0,1,-1,5
6,21,50,3,6,4,-1,95,0,0,-1,42
6,21,51,1,6,3,-1,7,0,0,-1,42
6,21,51,2,6,3,-1,26,0,1,-1,5
6,21,51,3,6,3,-1,128,0,0,-1,42
6,21,52,1,6,2,-1,8,0,0,-1,42
6,21,52,2,6,2,-1,27,0,1,-1,17
6,21,52,3,6,2,-1,119,0,0,-1,42
6,21,53,1,6,1,-1,8,0,0,-1,42
6,21,53,2,6,1,-1,16,0,16,-1,29
6,21,53,3,6,1,-1,128,0,0,-1,42
6,21,54,1,6,3,-1,8,0,0,-1,42
6,21,54,2,6,3,-1,22,0,5,-1,17
6,21,54,3,6,3,-1,120,0,0,-1,42
6,21,55,1,6,2,-1,8,0,0,-1,42
6,21,55,2,6,2,-1,16,0,16,-1,61
6,21,55,3,6,2,-1,128,0,0,-1,42
6,21,56,1,6,4,-1,8,0,0,-1,42
6,21,56,2,6,4,-1,27,0,1,-1,17
6,21,56,3,6,4,-1,119,0,0,-1,42
6,21,57,1,6,3,-1,8,0,0,-1,42
6,21,57,2,6,3,-1,15,0,13,-1,29
6,21,57,3,6,3,-1,128,0,0,-1,42
6,21,58,1,6,5,-1,7,0,0,-1,42
6,21,58,2,6,5,-1,22,0,6,-1,22
6,21,58,3,6,5,-1,122,0,0,-1,42
6,21,59,1,6,4,-1,7,0,0,-1,42
6,21,59,2,6,4,-1,20,0,11,-1,18
6,21,59,3,6,4,-1,124,0,0,-1,42
6,21,60,1,6,3,-1,7,0,0,-1,42
6,21,60,2,6,3,-1,26,0,1,-1,17
6,21,60,3,6,3,-1,128,0,0,-1,42
6,21,61,1,6,2,-1,8,0,0,-1,42
6,21,61,2,6,2,-1,16,0,16,-1,31
6,21,61,3,6,2,-1,128,0,0,-1,42
6,21,62,1,6,4,-1,7,0,0,-1,42
6,21,62,2,6,4,-1,20,0,11,-1,36
6,21,62,3,6,4,-1,124,0,0,-1,42
6,21,63,1,2,3,-1,4,0,0,-1,42
6,21,63,2,2,3,-1,0,16,16,0,63
6,21,63,3,2,3,-1,64,0,0,-1,42
6,22,0,1,6,3,-1,5,0,0,-1,42
6,22,0,2,6,3,-1,20,0,0,-1,21
6,22,0,3,6,3,-1,80,0,0,-1,42
6,22,1,1,6,4,-1,8,0,0,-1,42
6,22,1,2,6,4,-1,32,0,0,-1,21
6,22,1,3,6,4,-1,128,0,0,-1,42
6,22,2,1,6,2,-1,7,0,0,-1,42
6,22,2,2,6,2,-1,31,0,0,-1,21
6,22,2,3,6,2,-1,124,0,0,-1,42
6,22,3,1,6,3,-1,8,0,0,-1,42
6,22,3,2,6,3,-1,31,0,0,-1,21
6,22,3,3,6,3,-1,126,0,0,-1,42
6,22,4,1,6,2,-1,8,0,0,-1,42
6,22,4,2,6,2,-1,32,0,0,-1,21
6,22,4,3,6,2,-1,128,0,0,-1,42
6,22,5,1,6,3,-1,8,0,0,-1,42
6,22,5,2,6,3,-1,32,0,0,-1,21
6,22,5,3,6,3,-1,128,0,0,-1,42
6,22,6,1,6,1,-1,8,0,0,-1,42
6,22,6,2,6,1,-1,32,0,0,-1,21
6,22,6,3,6,1,-1,128,0,0,-1,42
6,22,7,1,6,2,-1,8,0,0,-1,42
6,22,7,2,6,2,-1,32,0,0,-1,21
6,22,7,3,6,2,-1,128,0,0,-1,42
6,22,8,1,6,4,-1,8,0,0,-1,42
6,22,8,2,6,4,-1,31,0,0,-1,21
6,22,8,3,6,4,-1,121,0,0,-1,42
6,22,9,1,6,5,-1,8,0,0,-1,42
6,22,9,2,6,5,-1,32,0,0,-1,21
6,22,9,3,6,5,-1,120,0,0,-1,42
6,22,10,1,6,3,-1,6,0,0,-1,42
6,22,10,2,6,3,-1,32,0,0,-1,21
6,22,10,3,6,3,-1,124,0,0,-1,42
6,22,11,1,6,4,-1,8,0,0,-1,42
6,22,11,2,6,4,-1,32,0,0,-1,21
6,22,11,3,6,4,-1,128,0,0,-1,42
6,22,12,1,6,3,-1,8,0,0,-1,42
6,22,12,2,6,3,-1,28,0,0,-1,21
6,22,12,3,6,3,-1,125,0,0,-1,42
6,22,13,1,6,4,-1,7,0,0,-1,42
6,22,13,2,6,4,-1,29,0,0,-1,21
6,22,13,3,6,4,-1,127,0,0,-1,42
6,22,14,1,6,2,-1,6,0,0,-1,42
6,22,14,2,6,2,-1,27,0,0,-1,21
6,22,14,3,6,2,-1,127,0,0,-1,42
6,22,15,1,6,3,-1,8,0,0,-1,42
6,22,15,2,6,3,-1,28,0,0,-1,21
6,22,15,3,6,3,-1,125,0,0,-1,42
6,22,16,1,6,2,-1,8,0,0,-1,42
6,22,16,2,6,2,-1,32,0,0,-1,21
6,22,16,3,6,2,-1,128,0,0,-1,42
6,22,17,1,6,3,-1,8,0,0,-1,42
6,22,17,2,6,3,-1,31,0,0,-1,21
6,22,17,3,6,3,-1,128,0,0,-1,42
6,22,18,1,6,1,-1,8,0,0,-1,42
6,22,18,2,6,1,-1,32,0,0,-1,21
6,22,18,3,6,1,-1,124,0,0,-1,42
6,22,19,1,6,2,-1,8,0,0,-1,42
6,22,19,2,6,2,-1,31,0,0,-1,21
6,22,19,3,6,2,-1,126,0,0,-1,42
6,22,20,1,6,1,-1,8,0,0,-1,42
6,22,20,2,6,1,-1,32,0,0,-1,21
6,22,20,3,6,1,-1,128,0,0,-1,42
6,22,21,1,6,2,-1,8,0,0,-1,42
6,22,21,2,6,2,-1,7,0,2,-1,17
6,22,21,3,6,2,-1,128,0,0,-1,42
6,22,23,1,6,1,-1,8,0,0,-1,42
6,22,23,2,6,1,-1,32,0,0,-1,21
6,22,23,3,6,1,-1,128,0,0,-1,42
6,22,24,1,6,3,-1,8,0,0,-1,42
6,22,24,2,6,3,-1,32,0,0,-1,21
6,22,24,3,6,3,-1,128,0,0,-1,42
6,22,25,1,6,4,-1,8,0,0,-1,42
6,22,25,2,6,4,-1,32,0,0,-1,21
6,22,25,3,6,4,-1,128,0,0,-1,42
6,22,26,1,6,2,-1,8,0,0,-1,42
6,22,26,2,6,2,-1,32,0,0,-1,21
6,22,26,3,6,2,-1,128,0,0,-1,42
6,22,27,1,6,3,-1,8,0,0,-1,42
6,22,27,2,6,3,-1,31,0,0,-1,21
6,22,27,3,6,3,-1,124,0,0,-1,42
6,22,28,1,6,2,-1,8,0,0,-1,42
6,22,28,2,6,2,-1,32,0,0,-1,21
6,22,28,3,6,2,-1,128,0,0,-1,42
6,22,29,1,6,3,-1,8,0,0,-1,42
6,22,29,2,6,3,-1,32,0,0,-1,21
6,22,29,3,6,3,-1,128,0,0,-1,42
6,22,30,1,6,1,-1,8,0,0,-1,42
6,22,30,2,6,1,-1,32,0,0,-1,21
6,22,30,3,6,1,-1,128,0,0,-1,42
6,22,31,1,6,2,-1,8,0,0,-1,42
6,22,31,2,6,2,-1,32,0,0,-1,21
6,22,31,3,6,2,-1,128,0,0,-1,42
6,22,32,1,6,4,-1,8,0,0,-1,42
6,22,32,2,6,4,-1,31,0,0,-1,21
6,22,32,3,6,4,-1,122,0,0,-1,42
6,22,33,1,6,5,-1,8,0,0,-1,42
6,22,33,2,6,5,-1,31,0,0,-1,21
6,22,33,3,6,5,-1,128,0,0,-1,42
6,22,34,1,6,3,-1,8,0,0,-1,42
6,22,34,2,6,3,-1,31,0,0,-1,21
6,22,34,3,6,3,-1,127,0,0,-1,42
6,22,35,1,6,4,-1,8,0,0,-1,42
6,22,35,2,6,4,-1,31,0,0,-1,21
6,22,35,3,6,4,-1,127,0,0,-1,42
6,22,36,1,6,3,-1,8,0,0,-1,42
6,22,36,2,6,3,-1,31,0,0,-1,21
6,22,36,3,6,3,-1,124,0,0,-1,42
6,22,37,1,6,4,-1,8,0,0,-1,42
6,22,37,2,6,4,-1,32,0,0,-1,21
6,22,37,3,6,4,-1,128,0,0,-1,42
6,22,38,1,6,2,-1,8,0,0,-1,42
6,22,38,2,6,2,-1,32,0,0,-1,21
6,22,38,3,6,2,-1,128,0,0,-1,42
6,22,39,1,6,3,-1,8,0,0,-1,42
6,22,39,2,6,3,-1,32,0,0,-1,21
6,22,39,3,6,3,-1,128,0,0,-1,42
6,22,40,1,6,5,-1,8,0,0,-1,42
6,22,40,2,6,5,-1,31,0,0,-1,21
6,22,40,3,6,5,-1,119,0,0,-1,42
6,22,41,1,6,6,-1,8,0,0,-1,42
6,22,41,2,6,6,-1,30,0,0,-1,21
6,22,41,3,6,6,-1,127,0,0,-1,42
6,22,42,1,6,4,-1,7,0,1,-1,43
6,22,42,2,6,4,-1,25,0,0,-1,21
6,22,42,3,6,4,-1,95,0,4,-1,10
6,22,43,1,6,5,-1,8,0,0,-1,42
6,22,43,2,6,5,-1,31,0,0,-1,21
6,22,43,3,6,5,-1,119,0,0,-1,42
6,22,44,1,6,4,-1,8,0,0,-1,42
6,22,44,2,6,4,-1,32,0,0,-1,21
6,22,44,3,6,4,-1,128,0,0,-1,42
6,22,45,1,6,5,-1,8,0,0,-1,42
6,22,45,2,6,5,-1,32,0,0,-1,21
6,22,45,3,6,5,-1,120,0,0,-1,42
6,22,46,1,6,3,-1,6,0,0,-1,42
6,22,46,2,6,3,-1,32,0,0,-1,21
6,22,46,3,6,3,-1,124,0,0,-1,42
6,22,47,1,6,4,-1,8,0,0,-1,42
6,22,47,2,6,4,-1,31,0,0,-1,21
6,22,47,3,6,4,-1,121,0,0,-1,42
6,22,48,1,6,3,-1,8,0,0,-1,42
6,22,48,2,6,3,-1,31,0,0,-1,21
6,22,48,3,6,3,-1,125,0,0,-1,42
6,22,49,1,6,4,-1,7,0,0,-1,42
6,22,49,2,6,4,-1,32,0,0,-1,21
6,22,49,3,6,4,-1,128,0,0,-1,42
6,22,50,1,6,2,-1,8,0,0,-1,42
6,22,50,2,6,2,-1,30,0,0,-1,21
6,22,50,3,6,2,-1,124,0,0,-1,42
6,22,51,1,6,3,-1,8,0,0,-1,42
6,22,51,2,6,3,-1,31,0,0,-1,21
6,22,51,3,6,3,-1,125,0,0,-1,42
6,22,52,1,6,2,-1,8,0,0,-1,42
6,22,52,2,6,2,-1,31,0,0,-1,21
6,22,52,3,6,2,-1,126,0,0,-1,42
6,22,53,1,6,3,-1,8,0,0,-1,42
6,22,53,2,6,3,-1,31,0,0,-1,21
6,22,53,3,6,3,-1,128,0,0,-1,42
6,22,54,1,6,1,-1,8,0,0,-1,42
6,22,54,2,6,1,-1,32,0,0,-1,21
6,22,54,3,6,1,-1,124,0,0,-1,42
6,22,55,1,6,2,-1,8,0,0,-1,42
6,22,55,2,6,2,-1,32,0,0,-1,21
6,22,55,3,6,2,-1,128,0,0,-1,42
6,22,56,1,6,4,-1,8,0,0,-1,42
6,22,56,2,6,4,-1,31,0,0,-1,21
6,22,56,3,6,4,-1,127,0,0,-1,42
6,22,57,1,6,5,-1,8,0,0,-1,42
6,22,57,2,6,5,-1,31,0,0,-1,21
6,22,57,3,6,5,-1,128,0,0,-1,42
6,22,58,1,6,3,-1,8,0,0,-1,42
6,22,58,2,6,3,-1,31,0,0,-1,21
6,22,58,3,6,3,-1,127,0,0,-1,42
6,22,59,1,6,4,-1,8,0,0,-1,42
6,22,59,2,6,4,-1,31,0,0,-1,21
6,22,59,3,6,4,-1,122,0,0,-1,42
6,22,60,1,6,3,-1,8,0,0,-1,42
6,22,60,2,6,3,-1,31,0,0,-1,21
6,22,60,3,6,3,-1,126,0,0,-1,42
6,22,61,1,6,4,-1,8,0,0,-1,42
6,22,61,2,6,4,-1,32,0,0,-1,21
6,22,61,3,6,4,-1,128,0,0,-1,42
6,22,62,1,6,2,-1,7,0,0,-1,42
6,22,62,2,6,2,-1,31,0,0,-1,21
6,22,62,3,6,2,-1,124,0,0,-1,42
6,22,63,1,6,3,-1,5,0,0,-1,42
6,22,63,2,6,3,-1,20,0,0,-1,21
6,22,63,3,6,3,-1,80,0,0,-1,42
6,23,0,1,6,4,-1,5,0,0,-1,43
6,23,0,2,6,4,-1,21,0,0,-1,53
6,23,0,3,6,4,-1,93,0,0,-1,58
6,23,1,1,6,3,-1,8,0,0,-1,43
6,23,1,2,6,3,-1,31,0,0,-1,53
6,23,1,3,6,3,-1,128,0,0,-1,58
6,23,2,1,6,3,-1,8,0,0,-1,43
6,23,2,2,6,3,-1,31,0,0,-1,53
6,23,2,3,6,3,-1,127,0,0,-1,58
6,23,3,1,6,2,-1,7,0,0,-1,43
6,23,3,2,6,2,-1,32,0,0,-1,53
6,23,3,3,6,2,-1,128,0,0,-1,58
6,23,4,1,6,3,-1,8,0,0,-1,43
6,23,4,2,6,3,-1,32,0,0,-1,53
6,23,4,3,6,3,-1,128,0,0,-1,58
6,23,5,1,6,2,-1,8,0,0,-1,43
6,23,5,2,6,2,-1,32,0,0,-1,53
6,23,5,3,6,2,-1,128,0,0,-1,58
6,23,6,1,6,2,-1,8,0,0,-1,43
6,23,6,2,6,2,-1,32,0,0,-1,53
6,23,6,3,6,2,-1,128,0,0,-1,58
6,23,7,1,6,1,-1,8,0,0,-1,43
6,23,7,2,6,1,-1,32,0,0,-1,53
6,23,7,3,6,1,-1,128,0,0,-1,58
6,23,8,1,6,5,-1,8,0,0,-1,43
6,23,8,2,6,5,-1,29,0,0,-1,53
6,23,8,3,6,5,-1,126,0,0,-1,58
6,23,9,1,6,4,-1,8,0,0,-1,43
6,23,9,2,6,4,-1,31,0,0,-1,53
6,23,9,3,6,4,-1,124,0,0,-1,58
6,23,10,1,6,4,-1,8,0,0,-1,43
6,23,10,2,6,4,-1,32,0,0,-1,53
6,23,10,3,6,4,-1,128,0,0,-1,58
6,23,11,1,6,3,-1,6,0,0,-1,43
6,23,11,2,6,3,-1,32,0,0,-1,53
6,23,11,3,6,3,-1,124,0,0,-1,58
6,23,12,1,6,4,-1,8,0,0,-1,43
6,23,12,2,6,4,-1,28,0,0,-1,53
6,23,12,3,6,4,-1,128,0,0,-1,58
6,23,13,1,6,3,-1,8,0,0,-1,43
6,23,13,2,6,3,-1,26,0,0,-1,53
6,23,13,3,6,3,-1,127,0,0,-1,58
6,23,14,1,6,3,-1,8,0,0,-1,43
6,23,14,2,6,3,-1,29,0,0,-1,53
6,23,14,3,6,3,-1,128,0,0,-1,58
6,23,15,1,6,2,-1,6,0,0,-1,43
6,23,15,2,6,2,-1,29,0,0,-1,53
6,23,15,3,6,2,-1,128,0,0,-1,58
6,23,16,1,6,3,-1,8,0,0,-1,43
6,23,16,2,6,3,-1,30,0,0,-1,53
6,23,16,3,6,3,-1,128,0,0,-1,58
6,23,17,1,6,2,-1,8,0,0,-1,43
6,23,17,2,6,2,-1,30,0,0,-1,53
6,23,17,3,6,2,-1,128,0,0,-1,58
6,23,18,1,6,2,-1,8,0,0,-1,43
6,23,18,2,6,2,-1,30,0,0,-1,53
6,23,18,3,6,2,-1,121,0,0,-1,58
6,23,19,1,6,1,-1,8,0,0,-1,43
6,23,19,2,6,1,-1,32,0,0,-1,53
6,23,19,3,6,1,-1,125,0,0,-1,58
6,23,20,1,6,2,-1,8,0,0,-1,43
6,23,20,2,6,2,-1,32,0,0,-1,53
6,23,20,3,6,2,-1,128,0,0,-1,58
6,23,21,1,6,1,-1,8,0,0,-1,43
6,23,21,2,6,1,-1,16,0,0,-1,53
6,23,21,3,6,1,-1,128,0,0,-1,58
6,23,22,1,6,1,-1,8,0,0,-1,43
6,23,22,2,6,1,-1,32,0,0,-1,53
6,23,22,3,6,1,-1,128,0,0,-1,58
6,23,24,1,6,4,-1,8,0,0,-1,43
6,23,24,2,6,4,-1,29,0,0,-1,53
6,23,24,3,6,4,-1,128,0,0,-1,58
6,23,25,1,6,3,-1,8,0,0,-1,43
6,23,25,2,6,3,-1,31,0,0,-1,53
6,23,25,3,6,3,-1,128,0,0,-1,58
6,23,26,1,6,3,-1,8,0,0,-1,43
6,23,26,2,6,3,-1,31,0,0,-1,53
6,23,26,3,6,3,-1,119,0,0,-1,58
6,23,27,1,6,2,-1,8,0,0,-1,43
6,23,27,2,6,2,-1,32,0,0,-1,53
6,23,27,3,6,2,-1,114,0,0,-1,58
6,23,28,1,6,3,-1,8,0,0,-1,43
6,23,28,2,6,3,-1,26,0,0,-1,53
6,23,28,3,6,3,-1,128,0,0,-1,58
6,23,29,1,6,2,-1,8,0,0,-1,43
6,23,29,2,6,2,-1,16,0,0,-1,53
6,23,29,3,6,2,-1,128,0,0,-1,58
6,23,30,1,6,2,-1,8,0,0,-1,43
6,23,30,2,6,2,-1,24,0,0,-1,53
6,23,30,3,6,2,-1,128,0,0,-1,58
6,23,31,1,6,1,-1,8,0,0,-1,43
6,23,31,2,6,1,-1,32,0,0,-1,53
6,23,31,3,6,1,-1,128,0,0,-1,58
6,23,32,1,6,5,-1,8,0,0,-1,43
6,23,32,2,6,5,-1,29,0,0,-1,53
6,23,32,3,6,5,-1,125,0,0,-1,58
6,23,33,1,6,4,-1,8,0,0,-1,43
6,23,33,2,6,4,-1,32,0,0,-1,53
6,23,33,3,6,4,-1,128,0,0,-1,58
6,23,34,1,6,4,-1,8,0,0,-1,43
6,23,34,2,6,4,-1,30,0,0,-1,53
6,23,34,3,6,4,-1,128,0,0,-1,58
6,23,35,1,6,3,-1,7,0,0,-1,43
6,23,35,2,6,3,-1,30,0,0,-1,53
6,23,35,3,6,3,-1,126,0,0,-1,58
6,23,36,1,6,4,-1,8,0,0,-1,43
6,23,36,2,6,4,-1,32,0,0,-1,53
6,23,36,3,6,4,-1,118,0,0,-1,58
6,23,37,1,6,3,-1,8,0,0,-1,43
6,23,37,2,6,3,-1,32,0,0,-1,53
6,23,37,3,6,3,-1,128,0,0,-1,58
6,23,38,1,6,3,-1,8,0,0,-1,43
6,23,38,2,6,3,-1,32,0,0,-1,53
6,23,38,3,6,3,-1,128,0,0,-1,58
6,23,39,1,6,2,-1,8,0,0,-1,43
6,23,39,2,6,2,-1,32,0,0,-1,53
6,23,39,3,6,2,-1,128,0,0,-1,58
6,23,40,1,6,6,-1,8,0,0,-1,43
6,23,40,2,6,6,-1,24,0,0,-1,53
6,23,40,3,6,6,-1,128,0,0,-1,58
6,23,41,1,6,5,-1,8,0,0,-1,43
6,23,41,2,6,5,-1,32,0,0,-1,53
6,23,41,3,6,5,-1,128,0,0,-1,58
6,23,42,1,6,5,-1,7,0,0,-1,43
6,23,42,2,6,5,-1,22,0,0,-1,53
6,23,42,3,6,5,-1,122,0,0,-1,58
6,23,43,1,6,4,-1,6,0,2,-1,47
6,23,43,2,6,4,-1,32,0,0,-1,53
6,23,43,3,6,4,-1,128,0,0,-1,58
6,23,44,1,6,5,-1,8,0,0,-1,43
6,23,44,2,6,5,-1,31,0,0,-1,53
6,23,44,3,6,5,-1,119,0,0,-1,58
6,23,45,1,6,4,-1,8,0,0,-1,43
6,23,45,2,6,4,-1,26,0,0,-1,53
6,23,45,3,6,4,-1,120,0,0,-1,58
6,23,46,1,6,4,-1,6,0,0,-1,43
6,23,46,2,6,4,-1,32,0,0,-1,53
6,23,46,3,6,4,-1,128,0,0,-1,58
6,23,47,1,6,3,-1,7,0,0,-1,43
6,23,47,2,6,3,-1,31,0,0,-1,53
6,23,47,3,6,3,-1,128,0,0,-1,58
6,23,48,1,6,4,-1,7,0,0,-1,43
6,23,48,2,6,4,-1,31,0,0,-1,53
6,23,48,3,6,4,-1,120,0,0,-1,58
6,23,49,1,6,3,-1,8,0,0,-1,43
6,23,49,2,6,3,-1,32,0,0,-1,53
6,23,49,3,6,3,-1,128,0,0,-1,58
6,23,50,1,6,3,-1,8,0,0,-1,43
6,23,50,2,6,3,-1,31,0,0,-1,53
6,23,50,3,6,3,-1,127,0,0,-1,58
6,23,51,1,6,2,-1,8,0,0,-1,43
6,23,51,2,6,2,-1,31,0,0,-1,53
6,23,51,3,6,2,-1,126,0,0,-1,58
6,23,52,1,6,3,-1,8,0,0,-1,43
6,23,52,2,6,3,-1,32,0,0,-1,53
6,23,52,3,6,3,-1,115,0,0,-1,58
6,23,53,1,6,2,-1,8,0,0,-1,43
6,23,53,2,6,2,-1,16,0,16,-1,29
6,23,53,3,6,2,-1,128,0,0,-1,58
6,23,54,1,6,2,-1,8,0,0,-1,43
6,23,54,2,6,2,-1,32,0,0,-1,53
6,23,54,3,6,2,-1,112,0,0,-1,58
6,23,55,1,6,1,-1,8,0,0,-1,43
6,23,55,2,6,1,-1,32,0,0,-1,53
6,23,55,3,6,1,-1,128,0,0,-1,58
6,23,56,1,6,5,-1,8,0,0,-1,43
6,23,56,2,6,5,-1,30,0,0,-1,53
6,23,56,3,6,5,-1,121,0,0,-1,58
6,23,57,1,6,4,-1,8,0,0,-1,43
6,23,57,2,6,4,-1,32,0,0,-1,53
6,23,57,3,6,4,-1,128,0,0,-1,58
6,23,58,1,6,4,-1,8,0,0,-1,43
6,23,58,2,6,4,-1,28,0,0,-1,53
6,23,58,3,6,4,-1,104,0,8,-1,49
6,23,59,1,6,3,-1,8,0,0,-1,43
6,23,59,2,6,3,-1,32,0,0,-1,53
6,23,59,3,6,3,-1,109,0,0,-1,58
6,23,60,1,6,4,-1,8,0,0,-1,43
6,23,60,2,6,4,-1,31,0,0,-1,53
6,23,60,3,6,4,-1,114,0,0,-1,58
6,23,61,1,6,3,-1,8,0,0,-1,43
6,23,61,2,6,3,-1,32,0,0,-1,53
6,23,61,3,6,3,-1,128,0,0,-1,58
6,23,62,1,6,3,-1,8,0,0,-1,43
6,23,62,2,6,3,-1,32,0,0,-1,53
6,23,62,3,6,3,-1,128,0,0,-1,58
6,23,63,1,6,2,-1,4,0,0,-1,43
6,23,63,2,6,2,-1,16,0,0,-1,53
6,23,63,3,6,2,-1,64,0,0,-1,58
6,24,0,1,6,2,-1,5,0,0,-1,40
6,24,0,2,6,2,-1,20,0,0,-1,17
6,24,0,3,6,2,-1,80,0,0,-1,34
6,24,1,1,6,3,-1,8,0,0,-1,40
6,24,1,2,6,3,-1,27,0,0,-1,17
6,24,1,3,6,3,-1,128,0,0,-1,34
6,24,2,1,6,3,-1,8,0,0,-1,40
6,24,2,2,6,3,-1,32,0,0,-1,17
6,24,2,3,6,3,-1,110,0,0,-1,34
6,24,3,1,6,4,-1,8,0,0,-1,40
6,24,3,2,6,4,-1,32,0,0,-1,17
6,24,3,3,6,4,-1,126,0,0,-1,34
6,24,4,1,6,3,-1,8,0,0,-1,40
6,24,4,2,6,3,-1,32,0,0,-1,17
6,24,4,3,6,3,-1,128,0,0,-1,34
6,24,5,1,6,4,-1,8,0,0,-1,40
6,24,5,2,6,4,-1,32,0,0,-1,17
6,24,5,3,6,4,-1,128,0,0,-1,34
6,24,6,1,6,4,-1,8,0,0,-1,40
6,24,6,2,6,4,-1,32,0,0,-1,17
6,24,6,3,6,4,-1,128,0,0,-1,34
6,24,7,1,6,5,-1,8,0,0,-1,40
6,24,7,2,6,5,-1,32,0,0,-1,17
6,24,7,3,6,5,-1,128,0,0,-1,34
6,24,8,1,6,1,-1,6,0,0,-1,40
6,24,8,2,6,1,-1,31,0,0,-1,17
6,24,8,3,6,1,-1,124,0,0,-1,34
6,24,9,1,6,2,-1,8,0,0,-1,40
6,24,9,2,6,2,-1,32,0,0,-1,17
6,24,9,3,6,2,-1,123,0,0,-1,34
6,24,10,1,6,2,-1,8,0,0,-1,40
6,24,10,2,6,2,-1,31,0,0,-1,17
6,24,10,3,6,2,-1,126,0,0,-1,34
6,24,11,1,6,3,-1,8,0,0,-1,40
6,24,11,2,6,3,-1,31,0,0,-1,17
6,24,11,3,6,3,-1,125,0,0,-1,34
6,24,12,1,6,2,-1,8,0,0,-1,40
6,24,12,2,6,2,-1,30,0,0,-1,17
6,24,12,3,6,2,-1,128,0,0,-1,34
6,24,13,1,6,3,-1,8,0,0,-1,40
6,24,13,2,6,3,-1,30,0,0,-1,17
6,24,13,3,6,3,-1,128,0,0,-1,34
6,24,14,1,6,3,-1,8,0,0,-1,40
6,24,14,2,6,3,-1,32,0,0,-1,17
6,24,14,3,6,3,-1,126,0,0,-1,34
6,24,15,1,6,4,-1,8,0,0,-1,40
6,24,15,2,6,4,-1,32,0,0,-1,17
6,24,15,3,6,4,-1,128,0,0,-1,34
6,24,16,1,6,1,-1,8,0,0,-1,40
6,24,16,2,6,1,-1,32,0,0,-1,17
6,24,16,3,6,1,-1,128,0,0,-1,34
6,24,17,1,6,2,-1,8,0,0,-1,40
6,24,17,2,6,2,-1,24,0,1,-1,21
6,24,17,3,6,2,-1,128,0,0,-1,34
6,24,18,1,6,2,-1,8,0,0,-1,40
6,24,18,2,6,2,-1,32,0,0,-1,17
6,24,18,3,6,2,-1,124,0,0,-1,34
6,24,19,1,6,3,-1,8,0,0,-1,40
6,24,19,2,6,3,-1,32,0,0,-1,17
6,24,19,3,6,3,-1,128,0,0,-1,34
6,24,20,1,6,2,-1,8,0,0,-1,40
6,24,20,2,6,2,-1,32,0,0,-1,17
6,24,20,3,6,2,-1,128,0,0,-1,34
6,24,21,1,6,3,-1,8,0,0,-1,40
6,24,21,2,6,3,-1,15,0,0,-1,17
6,24,21,3,6,3,-1,128,0,0,-1,34
6,24,22,1,6,3,-1,8,0,0,-1,40
6,24,22,2,6,3,-1,32,0,0,-1,17
6,24,22,3,6,3,-1,128,0,0,-1,34
6,24,23,1,6,4,-1,8,0,0,-1,40
6,24,23,2,6,4,-1,29,0,0,-1,17
6,24,23,3,6,4,-1,128,0,0,-1,34
6,24,25,1,6,1,-1,8,0,0,-1,40
6,24,25,2,6,1,-1,32,0,0,-1,17
6,24,25,3,6,1,-1,128,0,0,-1,34
6,24,26,1,6,1,-1,8,0,0,-1,40
6,24,26,2,6,1,-1,32,0,0,-1,17
6,24,26,3,6,1,-1,128,0,0,-1,34
6,24,27,1,6,2,-1,8,0,0,-1,40
6,24,27,2,6,2,-1,32,0,0,-1,17
6,24,27,3,6,2,-1,124,0,0,-1,34
6,24,28,1,6,1,-1,8,0,0,-1,40
6,24,28,2,6,1,-1,32,0,0,-1,17
6,24,28,3,6,1,-1,128,0,0,-1,34
6,24,29,1,6,2,-1,8,0,0,-1,40
6,24,29,2,6,2,-1,32,0,0,-1,17
6,24,29,3,6,2,-1,128,0,0,-1,34
6,24,30,1,6,2,-1,8,0,0,-1,40
6,24,30,2,6,2,-1,32,0,0,-1,17
6,24,30,3,6,2,-1,128,0,0,-1,34
6,24,31,1,6,3,-1,8,0,0,-1,40
6,24,31,2,6,3,-1,32,0,0,-1,17
6,24,31,3,6,3,-1,128,0,0,-1,34
6,24,32,1,6,3,-1,8,0,0,-1,40
6,24,32,2,6,3,-1,29,0,0,-1,17
6,24,32,3,6,3,-1,119,0,0,-1,34
6,24,33,1,6,4,-1,8,0,0,-1,40
6,24,33,2,6,4,-1,32,0,0,-1,17
6,24,33,3,6,4,-1,128,0,0,-1,34
6,24,34,1,6,4,-1,8,0,0,-1,40
6,24,34,2,6,4,-1,31,0,0,-1,17
6,24,34,3,6,4,-1,114,0,1,-1,38
6,24,35,1,6,5,-1,8,0,0,-1,40
6,24,35,2,6,5,-1,31,0,0,-1,17
6,24,35,3,6,5,-1,128,0,0,-1,34
6,24,36,1,6,4,-1,8,0,0,-1,40
6,24,36,2,6,4,-1,32,0,0,-1,17
6,24,36,3,6,4,-1,117,0,0,-1,34
6,24,37,1,6,5,-1,8,0,0,-1,40
6,24,37,2,6,5,-1,31,0,0,-1,17
6,24,37,3,6,5,-1,128,0,0,-1,34
6,24,38,1,6,5,-1,8,0,0,-1,40
6,24,38,2,6,5,-1,32,0,0,-1,17
6,24,38,3,6,5,-1,121,0,0,-1,34
6,24,39,1,6,6,-1,8,0,0,-1,40
6,24,39,2,6,6,-1,32,0,0,-1,17
6,24,39,3,6,6,-1,128,0,0,-1,34
6,24,40,1,6,2,-1,6,0,1,-1,41
6,24,40,2,6,2,-1,29,0,0,-1,17
6,24,40,3,6,2,-1,128,0,0,-1,34
6,24,41,1,6,3,-1,7,0,0,-1,40
6,24,41,2,6,3,-1,32,0,0,-1,17
6,24,41,3,6,3,-1,128,0,0,-1,34
6,24,42,1,6,3,-1,7,0,0,-1,40
6,24,42,2,6,3,-1,26,0,0,-1,17
6,24,42,3,6,3,-1,128,0,0,-1,34
6,24,43,1,6,4,-1,7,0,0,-1,40
6,24,43,2,6,4,-1,31,0,0,-1,17
6,24,43,3,6,4,-1,120,0,0,-1,34
6,24,44,1,6,3,-1,8,0,0,-1,40
6,24,44,2,6,3,-1,28,0,0,-1,17
6,24,44,3,6,3,-1,125,0,0,-1,34
6,24,45,1,6,4,-1,8,0,0,-1,40
6,24,45,2,6,4,-1,32,0,0,-1,17
6,24,45,3,6,4,-1,124,0,0,-1,34
6,24,46,1,6,4,-1,8,0,0,-1,40
6,24,46,2,6,4,-1,28,0,0,-1,17
6,24,46,3,6,4,-1,128,0,0,-1,34
6,24,47,1,6,5,-1,8,0,0,-1,40
6,24,47,2,6,5,-1,31,0,0,-1,17
6,24,47,3,6,5,-1,121,0,0,-1,34
6,24,48,1,6,2,-1,8,0,0,-1,40
6,24,48,2,6,2,-1,30,0,0,-1,17
6,24,48,3,6,2,-1,128,0,0,-1,34
6,24,49,1,6,3,-1,8,0,0,-1,40
6,24,49,2,6,3,-1,31,0,0,-1,17
6,24,49,3,6,3,-1,128,0,0,-1,34
6,24,50,1,6,3,-1,8,0,0,-1,40
6,24,50,2,6,3,-1,31,0,0,-1,17
6,24,50,3,6,3,-1,126,0,0,-1,34
6,24,51,1,6,4,-1,8,0,0,-1,40
6,24,51,2,6,4,-1,32,0,0,-1,17
6,24,51,3,6,4,-1,126,0,0,-1,34
6,24,52,1,6,3,-1,7,0,0,-1,40
6,24,52,2,6,3,-1,29,0,0,-1,17
6,24,52,3,6,3,-1,126,0,0,-1,34
6,24,53,1,6,4,-1,8,0,0,-1,40
6,24,53,2,6,4,-1,32,0,0,-1,17
6,24,53,3,6,4,-1,128,0,0,-1,34
6,24,54,1,6,4,-1,8,0,0,-1,40
6,24,54,2,6,4,-1,31,0,0,-1,17
6,24,54,3,6,4,-1,123,0,0,-1,34
6,24,55,1,6,5,-1,8,0,0,-1,40
6,24,55,2,6,5,-1,32,0,0,-1,17
6,24,55,3,6,5,-1,128,0,0,-1,34
6,24,56,1,6,1,-1,6,0,0,-1,40
6,24,56,2,6,1,-1,28,0,0,-1,17
6,24,56,3,6,1,-1,126,0,0,-1,34
6,24,57,1,6,2,-1,8,0,0,-1,40
6,24,57,2,6,2,-1,30,0,0,-1,17
6,24,57,3,6,2,-1,128,0,0,-1,34
6,24,58,1,6,2,-1,7,0,0,-1,40
6,24,58,2,6,2,-1,32,0,0,-1,17
6,24,58,3,6,2,-1,128,0,0,-1,34
6,24,59,1,6,3,-1,8,0,0,-1,40
6,24,59,2,6,3,-1,32,0,0,-1,17
6,24,59,3,6,3,-1,120,0,0,-1,34
6,24,60,1,6,2,-1,8,0,0,-1,40
6,24,60,2,6,2,-1,30,0,0,-1,17
6,24,60,3,6,2,-1,124,0,0,-1,34
6,24,61,1,6,3,-1,8,0,0,-1,40
6,24,61,2,6,3,-1,31,0,0,-1,17
6,24,61,3,6,3,-1,128,0,0,-1,34
6,24,62,1,6,3,-1,8,0,0,-1,40
6,24,62,2,6,3,-1,32,0,0,-1,17
6,24,62,3,6,3,-1,127,0,0,-1,34
6,24,63,1,6,4,-1,5,0,0,-1,40
6,24,63,2,6,4,-1,22,0,0,-1,17
6,24,63,3,6,4,-1,99,0,0,-1,34
6,25,0,1,6,3,-1,5,0,0,-1,42
6,25,0,2,6,3,-1,20,0,0,-1,21
6,25,0,3,6,3,-1,80,0,0,-1,42
6,25,1,1,6,2,-1,8,0,0,-1,42
6,25,1,2,6,2,-1,32,0,0,-1,21
6,25,1,3,6,2,-1,128,0,0,-1,42
6,25,2,1,6,4,-1,8,0,0,-1,42
6,25,2,2,6,4,-1,31,0,0,-1,21
6,25,2,3,6,4,-1,122,0,0,-1,42
6,25,3,1,6,3,-1,8,0,0,-1,42
6,25,3,2,6,3,-1,31,0,0,-1,21
6,25,3,3,6,3,-1,125,0,0,-1,42
6,25,4,1,6,4,-1,8,0,0,-1,42
6,25,4,2,6,4,-1,32,0,0,-1,21
6,25,4,3,6,4,-1,128,0,0,-1,42
6,25,5,1,6,3,-1,8,0,0,-1,42
6,25,5,2,6,3,-1,31,0,0,-1,21
6,25,5,3,6,3,-1,128,0,0,-1,42
6,25,6,1,6,5,-1,8,0,0,-1,42
6,25,6,2,6,5,-1,31,0,0,-1,21
6,25,6,3,6,5,-1,128,0,0,-1,42
6,25,7,1,6,4,-1,7,0,0,-1,42
6,25,7,2,6,4,-1,32,0,0,-1,21
6,25,7,3,6,4,-1,128,0,0,-1,42
6,25,8,1,6,2,-1,7,0,0,-1,42
6,25,8,2,6,2,-1,31,0,0,-1,21
6,25,8,3,6,2,-1,124,0,0,-1,42
6,25,9,1,6,1,-1,8,0,0,-1,42
6,25,9,2,6,1,-1,32,0,0,-1,21
6,25,9,3,6,1,-1,124,0,0,-1,42
6,25,10,1,6,3,-1,8,0,0,-1,42
6,25,10,2,6,3,-1,31,0,0,-1,21
6,25,10,3,6,3,-1,127,0,0,-1,42
6,25,11,1,6,2,-1,8,0,0,-1,42
6,25,11,2,6,2,-1,30,0,0,-1,21
6,25,11,3,6,2,-1,124,0,0,-1,42
6,25,12,1,6,3,-1,8,0,0,-1,42
6,25,12,2,6,3,-1,31,0,0,-1,21
6,25,12,3,6,3,-1,126,0,0,-1,42
6,25,13,1,6,2,-1,8,0,0,-1,42
6,25,13,2,6,2,-1,31,0,0,-1,21
6,25,13,3,6,2,-1,126,0,0,-1,42
6,25,14,1,6,4,-1,8,0,0,-1,42
6,25,14,2,6,4,-1,31,0,0,-1,21
6,25,14,3,6,4,-1,127,0,0,-1,42
6,25,15,1,6,3,-1,8,0,0,-1,42
6,25,15,2,6,3,-1,31,0,0,-1,21
6,25,15,3,6,3,-1,125,0,0,-1,42
6,25,16,1,6,2,-1,8,0,0,-1,42
6,25,16,2,6,2,-1,32,0,0,-1,21
6,25,16,3,6,2,-1,128,0,0,-1,42
6,25,17,1,6,1,-1,8,0,0,-1,42
6,25,17,2,6,1,-1,32,0,0,-1,21
6,25,17,3,6,1,-1,128,0,0,-1,42
6,25,18,1,6,3,-1,8,0,0,-1,42
6,25,18,2,6,3,-1,31,0,0,-1,21
6,25,18,3,6,3,-1,124,0,0,-1,42
6,25,19,1,6,2,-1,8,0,0,-1,42
6,25,19,2,6,2,-1,31,0,0,-1,21
6,25,19,3,6,2,-1,126,0,0,-1,42
6,25,20,1,6,3,-1,8,0,0,-1,42
6,25,20,2,6,3,-1,32,0,0,-1,21
6,25,20,3,6,3,-1,128,0,0,-1,42
6,25,21,1,6,2,-1,8,0,0,-1,42
6,25,21,2,6,2,-1,7,0,2,-1,5
6,25,21,3,6,2,-1,128,0,0,-1,42
6,25,22,1,6,4,-1,8,0,0,-1,42
6,25,22,2,6,4,-1,32,0,0,-1,21
6,25,22,3,6,4,-1,128,0,0,-1,42
6,25,23,1,6,3,-1,8,0,0,-1,42
6,25,23,2,6,3,-1,31,0,0,-1,21
6,25,23,3,6,3,-1,128,0,0,-1,42
6,25,24,1,6,1,-1,8,0,0,-1,42
6,25,24,2,6,1,-1,32,0,0,-1,21
6,25,24,3,6,1,-1,128,0,0,-1,42
6,25,26,1,6,2,-1,8,0,0,-1,42
6,25,26,2,6,2,-1,32,0,0,-1,21
6,25,26,3,6,2,-1,128,0,0,-1,42
6,25,27,1,6,1,-1,8,0,0,-1,42
6,25,27,2,6,1,-1,32,0,0,-1,21
6,25,27,3,6,1,-1,124,0,0,-1,42
6,25,28,1,6,2,-1,8,0,0,-1,42
6,25,28,2,6,2,-1,32,0,0,-1,21
6,25,28,3,6,2,-1,128,0,0,-1,42
6,25,29,1,6,1,-1,8,0,0,-1,42
6,25,29,2,6,1,-1,32,0,0,-1,21
6,25,29,3,6,1,-1,128,0,0,-1,42
6,25,30,1,6,3,-1,8,0,0,-1,42
6,25,30,2,6,3,-1,32,0,0,-1,21
6,25,30,3,6,3,-1,128,0,0,-1,42
6,25,31,1,6,2,-1,8,0,0,-1,42
6,25,31,2,6,2,-1,32,0,0,-1,21
6,25,31,3,6,2,-1,128,0,0,-1,42
6,25,32,1,6,4,-1,8,0,0,-1,42
6,25,32,2,6,4,-1,31,0,0,-1,21
6,25,32,3,6,4,-1,121,0,0,-1,42
6,25,33,1,6,3,-1,8,0,0,-1,42
6,25,33,2,6,3,-1,32,0,0,-1,21
6,25,33,3,6,3,-1,128,0,0,-1,42
6,25,34,1,6,5,-1,8,0,0,-1,42
6,25,34,2,6,5,-1,31,0,0,-1,21
6,25,34,3,6,5,-1,119,0,0,-1,42
6,25,35,1,6,4,-1,8,0,0,-1,42
6,25,35,2,6,4,-1,31,0,0,-1,21
6,25,35,3,6,4,-1,127,0,0,-1,42
6,25,36,1,6,5,-1,8,0,0,-1,42
6,25,36,2,6,5,-1,32,0,0,-1,21
6,25,36,3,6,5,-1,120,0,0,-1,42
6,25,37,1,6,4,-1,8,0,0,-1,42
6,25,37,2,6,4,-1,32,0,0,-1,21
6,25,37,3,6,4,-1,128,0,0,-1,42
6,25,38,1,6,6,-1,8,0,0,-1,42
6,25,38,2,6,6,-1,30,0,0,-1,21
6,25,38,3,6,6,-1,127,0,0,-1,42
6,25,39,1,6,5,-1,8,0,0,-1,42
6,25,39,2,6,5,-1,31,0,0,-1,21
6,25,39,3,6,5,-1,128,0,0,-1,42
6,25,40,1,6,3,-1,6,0,0,-1,42
6,25,40,2,6,3,-1,32,0,0,-1,21
6,25,40,3,6,3,-1,124,0,0,-1,42
6,25,41,1,6,2,-1,8,0,0,-1,42
6,25,41,2,6,2,-1,32,0,0,-1,21
6,25,41,3,6,2,-1,128,0,0,-1,42
6,25,42,1,6,4,-1,7,0,1,-1,46
6,25,42,2,6,4,-1,25,0,0,-1,21
6,25,42,3,6,4,-1,95,0,4,-1,40
6,25,43,1,6,3,-1,8,0,0,-1,42
6,25,43,2,6,3,-1,31,0,0,-1,21
6,25,43,3,6,3,-1,127,0,0,-1,42
6,25,44,1,6,4,-1,8,0,0,-1,42
6,25,44,2,6,4,-1,32,0,0,-1,21
6,25,44,3,6,4,-1,128,0,0,-1,42
6,25,45,1,6,3,-1,8,0,0,-1,42
6,25,45,2,6,3,-1,31,0,0,-1,21
6,25,45,3,6,3,-1,124,0,0,-1,42
6,25,46,1,6,5,-1,8,0,0,-1,42
6,25,46,2,6,5,-1,31,0,0,-1,21
6,25,46,3,6,5,-1,119,0,0,-1,42
6,25,47,1,6,4,-1,8,0,0,-1,42
6,25,47,2,6,4,-1,31,0,0,-1,21
6,25,47,3,6,4,-1,122,0,0,-1,42
6,25,48,1,6,3,-1,8,0,0,-1,42
6,25,48,2,6,3,-1,28,0,0,-1,21
6,25,48,3,6,3,-1,125,0,0,-1,42
6,25,49,1,6,2,-1,8,0,0,-1,42
6,25,49,2,6,2,-1,32,0,0,-1,21
6,25,49,3,6,2,-1,128,0,0,-1,42
6,25,50,1,6,4,-1,8,0,0,-1,42
6,25,50,2,6,4,-1,32,0,0,-1,21
6,25,50,3,6,4,-1,128,0,0,-1,42
6,25,51,1,6,3,-1,8,0,0,-1,42
6,25,51,2,6,3,-1,31,0,0,-1,21
6,25,51,3,6,3,-1,126,0,0,-1,42
6,25,52,1,6,4,-1,7,0,0,-1,42
6,25,52,2,6,4,-1,29,0,0,-1,21
6,25,52,3,6,4,-1,127,0,0,-1,42
6,25,53,1,6,3,-1,8,0,0,-1,42
6,25,53,2,6,3,-1,32,0,0,-1,21
6,25,53,3,6,3,-1,128,0,0,-1,42
6,25,54,1,6,5,-1,8,0,0,-1,42
6,25,54,2,6,5,-1,32,0,0,-1,21
6,25,54,3,6,5,-1,120,0,0,-1,42
6,25,55,1,6,4,-1,8,0,0,-1,42
6,25,55,2,6,4,-1,32,0,0,-1,21
6,25,55,3,6,4,-1,128,0,0,-1,42
6,25,56,1,6,2,-1,6,0,0,-1,42
6,25,56,2,6,2,-1,27,0,0,-1,21
6,25,56,3,6,2,-1,127,0,0,-1,42
6,25,57,1,6,1,-1,8,0,0,-1,42
6,25,57,2,6,1,-1,32,0,0,-1,21
6,25,57,3,6,1,-1,128,0,0,-1,42
6,25,58,1,6,3,-1,6,0,0,-1,42
6,25,58,2,6,3,-1,32,0,0,-1,21
6,25,58,3,6,3,-1,124,0,0,-1,42
6,25,59,1,6,2,-1,7,0,0,-1,42
6,25,59,2,6,2,-1,31,0,0,-1,21
6,25,59,3,6,2,-1,124,0,0,-1,42
6,25,60,1,6,3,-1,8,0,0,-1,42
6,25,60,2,6,3,-1,28,0,0,-1,21
6,25,60,3,6,3,-1,125,0,0,-1,42
6,25,61,1,6,2,-1,8,0,0,-1,42
6,25,61,2,6,2,-1,32,0,0,-1,21
6,25,61,3,6,2,-1,128,0,0,-1,42
6,25,62,1,6,4,-1,8,0,0,-1,42
6,25,62,2,6,4,-1,31,0,0,-1,21
6,25,62,3,6,4,-1,121,0,0,-1,42
6,25,63,1,6,3,-1,5,0,0,-1,42
6,25,63,2,6,3,-1,20,0,0,-1,21
6,25,63,3,6,3,-1,80,0,0,-1,42
6,26,0,1,6,3,-1,5,0,0,-1,44
6,26,0,2,6,3,-1,21,0,0,-1,21
6,26,0,3,6,3,-1,85,0,0,-1,42
6,26,1,1,6,4,-1,8,0,0,-1,44
6,26,1,2,6,4,-1,32,0,0,-1,21
6,26,1,3,6,4,-1,115,0,0,-1,42
6,26,2,1,6,2,-1,8,0,0,-1,44
6,26,2,2,6,2,-1,32,0,0,-1,21
6,26,2,3,6,2,-1,128,0,0,-1,42
6,26,3,1,6,3,-1,8,0,0,-1,44
6,26,3,2,6,3,-1,32,0,0,-1,21
6,26,3,3,6,3,-1,128,0,0,-1,42
6,26,4,1,6,4,-1,8,0,0,-1,44
6,26,4,2,6,4,-1,29,0,0,-1,21
6,26,4,3,6,4,-1,128,0,0,-1,42
6,26,5,1,6,5,-1,8,0,0,-1,44
6,26,5,2,6,5,-1,32,0,0,-1,21
6,26,5,3,6,5,-1,128,0,0,-1,42
6,26,6,1,6,3,-1,7,0,0,-1,44
6,26,6,2,6,3,-1,32,0,0,-1,21
6,26,6,3,6,3,-1,128,0,0,-1,42
6,26,7,1,6,4,-1,8,0,0,-1,44
6,26,7,2,6,4,-1,32,0,0,-1,21
6,26,7,3,6,4,-1,128,0,0,-1,42
6,26,8,1,6,2,-1,7,0,0,-1,44
6,26,8,2,6,2,-1,29,0,0,-1,21
6,26,8,3,6,2,-1,127,0,0,-1,42
6,26,9,1,6,3,-1,7,0,0,-1,44
6,26,9,2,6,3,-1,29,0,0,-1,21
6,26,9,3,6,3,-1,122,0,0,-1,42
6,26,10,1,6,1,-1,8,0,0,-1,44
6,26,10,2,6,1,-1,32,0,0,-1,21
6,26,10,3,6,1,-1,125,0,0,-1,42
6,26,11,1,6,2,-1,8,0,0,-1,44
6,26,11,2,6,2,-1,31,0,0,-1,21
6,26,11,3,6,2,-1,126,0,0,-1,42
6,26,12,1,6,3,-1,7,0,0,-1,44
6,26,12,2,6,3,-1,29,0,0,-1,21
6,26,12,3,6,3,-1,126,0,0,-1,42
6,26,13,1,6,4,-1,8,0,0,-1,44
6,26,13,2,6,4,-1,30,0,0,-1,21
6,26,13,3,6,4,-1,126,0,0,-1,42
6,26,14,1,6,2,-1,8,0,0,-1,44
6,26,14,2,6,2,-1,30,0,0,-1,21
6,26,14,3,6,2,-1,125,0,0,-1,42
6,26,15,1,6,3,-1,8,0,0,-1,44
6,26,15,2,6,3,-1,30,0,0,-1,21
6,26,15,3,6,3,-1,128,0,0,-1,42
6,26,16,1,6,2,-1,8,0,0,-1,44
6,26,16,2,6,2,-1,32,0,0,-1,21
6,26,16,3,6,2,-1,128,0,0,-1,42
6,26,17,1,6,3,-1,8,0,0,-1,44
6,26,17,2,6,3,-1,31,0,0,-1,21
6,26,17,3,6,3,-1,119,0,0,-1,42
6,26,18,1,6,1,-1,8,0,0,-1,44
6,26,18,2,6,1,-1,32,0,0,-1,21
6,26,18,3,6,1,-1,120,0,0,-1,42
6,26,19,1,6,2,-1,8,0,0,-1,44
6,26,19,2,6,2,-1,32,0,0,-1,21
6,26,19,3,6,2,-1,120,0,0,-1,42
6,26,20,1,6,3,-1,8,0,0,-1,44
6,26,20,2,6,3,-1,32,0,0,-1,21
6,26,20,3,6,3,-1,128,0,0,-1,42
6,26,21,1,6,4,-1,8,0,0,-1,44
6,26,21,2,6,4,-1,10,0,2,-1,7
6,26,21,3,6,4,-1,127,0,0,-1,42
6,26,22,1,6,2,-1,8,0,0,-1,44
6,26,22,2,6,2,-1,32,0,0,-1,21
6,26,22,3,6,2,-1,128,0,0,-1,42
6,26,23,1,6,3,-1,8,0,0,-1,44
6,26,23,2,6,3,-1,31,0,0,-1,21
6,26,23,3,6,3,-1,119,0,0,-1,42
6,26,24,1,6,1,-1,8,0,0,-1,44
6,26,24,2,6,1,-1,32,0,0,-1,21
6,26,24,3,6,1,-1,128,0,0,-1,42
6,26,25,1,6,2,-1,8,0,0,-1,44
6,26,25,2,6,2,-1,32,0,0,-1,21
6,26,25,3,6,2,-1,128,0,0,-1,42
6,26,27,1,6,1,-1,8,0,0,-1,44
6,26,27,2,6,1,-1,32,0,0,-1,21
6,26,27,3,6,1,-1,120,0,0,-1,42
6,26,28,1,6,2,-1,8,0,0,-1,44
6,26,28,2,6,2,-1,32,0,0,-1,21
6,26,28,3,6,2,-1,128,0,0,-1,42
6,26,29,1,6,3,-1,8,0,0,-1,44
6,26,29,2,6,3,-1,32,0,0,-1,21
6,26,29,3,6,3,-1,128,0,0,-1,42
6,26,30,1,6,1,-1,8,0,0,-1,44
6,26,30,2,6,1,-1,32,0,0,-1,21
6,26,30,3,6,1,-1,128,0,0,-1,42
6,26,31,1,6,2,-1,8,0,0,-1,44
6,26,31,2,6,2,-1,32,0,0,-1,21
6,26,31,3,6,2,-1,128,0,0,-1,42
6,26,32,1,6,4,-1,8,0,0,-1,44
6,26,32,2,6,4,-1,32,0,0,-1,21
6,26,32,3,6,4,-1,127,0,0,-1,42
6,26,33,1,6,5,-1,8,0,0,-1,44
6,26,33,2,6,5,-1,32,0,0,-1,21
6,26,33,3,6,5,-1,121,0,0,-1,42
6,26,34,1,6,3,-1,8,0,0,-1,44
6,26,34,2,6,3,-1,32,0,0,-1,21
6,26,34,3,6,3,-1,115,0,0,-1,42
6,26,35,1,6,4,-1,8,0,0,-1,44
6,26,35,2,6,4,-1,31,0,0,-1,21
6,26,35,3,6,4,-1,128,0,0,-1,42
6,26,36,1,6,5,-1,8,0,0,-1,44
6,26,36,2,6,5,-1,32,0,0,-1,21
6,26,36,3,6,5,-1,123,0,0,-1,42
6,26,37,1,6,6,-1,8,0,0,-1,44
6,26,37,2,6,6,-1,30,0,0,-1,21
6,26,37,3,6,6,-1,127,0,0,-1,42
6,26,38,1,6,4,-1,8,0,0,-1,44
6,26,38,2,6,4,-1,32,0,0,-1,21
6,26,38,3,6,4,-1,122,0,0,-1,42
6,26,39,1,6,5,-1,8,0,0,-1,44
6,26,39,2,6,5,-1,32,0,0,-1,21
6,26,39,3,6,5,-1,121,0,0,-1,42
6,26,40,1,6,3,-1,8,0,0,-1,44
6,26,40,2,6,3,-1,26,0,0,-1,21
6,26,40,3,6,3,-1,127,0,0,-1,42
6,26,41,1,6,4,-1,8,0,0,-1,44
6,26,41,2,6,4,-1,32,0,0,-1,21
6,26,41,3,6,4,-1,122,0,0,-1,42
6,26,42,1,6,2,-1,8,0,0,-1,44
6,26,42,2,6,2,-1,27,0,0,-1,21
6,26,42,3,6,2,-1,119,0,2,-1,43
6,26,43,1,6,3,-1,8,0,0,-1,44
6,26,43,2,6,3,-1,32,0,0,-1,21
6,26,43,3,6,3,-1,115,0,0,-1,42
6,26,44,1,6,4,-1,7,0,1,-1,45
6,26,44,2,6,4,-1,29,0,0,-1,21
6,26,44,3,6,4,-1,127,0,0,-1,42
6,26,45,1,6,5,-1,8,0,0,-1,44
6,26,45,2,6,5,-1,32,0,0,-1,21
6,26,45,3,6,5,-1,123,0,0,-1,42
6,26,46,1,6,3,-1,8,0,0,-1,44
6,26,46,2,6,3,-1,26,0,0,-1,21
6,26,46,3,6,3,-1,127,0,0,-1,42
6,26,47,1,6,4,-1,8,0,0,-1,44
6,26,47,2,6,4,-1,32,0,0,-1,21
6,26,47,3,6,4,-1,127,0,0,-1,42
6,26,48,1,6,3,-1,8,0,0,-1,44
6,26,48,2,6,3,-1,30,0,0,-1,21
6,26,48,3,6,3,-1,128,0,0,-1,42
6,26,49,1,6,4,-1,8,0,0,-1,44
6,26,49,2,6,4,-1,32,0,0,-1,21
6,26,49,3,6,4,-1,128,0,0,-1,42
6,26,50,1,6,2,-1,8,0,0,-1,44
6,26,50,2,6,2,-1,31,0,0,-1,21
6,26,50,3,6,2,-1,126,0,0,-1,42
6,26,51,1,6,3,-1,8,0,0,-1,44
6,26,51,2,6,3,-1,32,0,0,-1,21
6,26,51,3,6,3,-1,128,0,0,-1,42
6,26,52,1,6,4,-1,8,0,0,-1,44
6,26,52,2,6,4,-1,30,0,0,-1,21
6,26,52,3,6,4,-1,126,0,0,-1,42
6,26,53,1,6,5,-1,8,0,0,-1,44
6,26,53,2,6,5,-1,32,0,0,-1,21
6,26,53,3,6,5,-1,128,0,0,-1,42
6,26,54,1,6,3,-1,7,0,0,-1,44
6,26,54,2,6,3,-1,29,0,0,-1,21
6,26,54,3,6,3,-1,122,0,0,-1,42
6,26,55,1,6,4,-1,8,0,0,-1,44
6,26,55,2,6,4,-1,32,0,0,-1,21
6,26,55,3,6,4,-1,115,0,0,-1,42
6,26,56,1,6,2,-1,8,0,0,-1,44
6,26,56,2,6,2,-1,30,0,0,-1,21
6,26,56,3,6,2,-1,125,0,0,-1,42
6,26,57,1,6,3,-1,7,0,0,-1,44
6,26,57,2,6,3,-1,32,0,0,-1,21
6,26,57,3,6,3,-1,128,0,0,-1,42
6,26,58,1,6,1,-1,8,0,0,-1,44
6,26,58,2,6,1,-1,32,0,0,-1,21
6,26,58,3,6,1,-1,125,0,0,-1,42
6,26,59,1,6,2,-1,8,0,0,-1,44
6,26,59,2,6,2,-1,32,0,0,-1,21
6,26,59,3,6,2,-1,128,0,0,-1,42
6,26,60,1,6,3,-1,7,0,0,-1,44
6,26,60,2,6,3,-1,29,0,0,-1,21
6,26,60,3,6,3,-1,126,0,0,-1,42
6,26,61,1,6,4,-1,8,0,0,-1,44
6,26,61,2,6,4,-1,29,0,0,-1,21
6,26,61,3,6,4,-1,128,0,0,-1,42
6,26,62,1,6,2,-1,7,0,0,-1,44
6,26,62,2,6,2,-1,29,0,0,-1,21
6,26,62,3,6,2,-1,127,0,0,-1,42
6,26,63,1,6,3,-1,5,0,0,-1,44
6,26,63,2,6,3,-1,21,0,0,-1,21
6,26,63,3,6,3,-1,85,0,0,-1,42
6,27,0,1,3,4,-1,5,0,0,-1,45
6,27,0,2,3,4,-1,17,0,0,-1,54
6,27,0,3,3,4,-1,79,0,2,-1,18
6,27,1,1,6,3,-1,8,0,0,-1,45
6,27,1,2,6,3,-1,30,0,0,-1,54
6,27,1,3,6,3,-1,124,0,2,-1,18
6,27,2,1,6,3,-1,8,0,0,-1,45
6,27,2,2,6,3,-1,30,0,0,-1,54
6,27,2,3,6,3,-1,124,0,2,-1,26
6,27,3,1,6,2,-1,8,0,0,-1,45
6,27,3,2,6,2,-1,32,0,0,-1,54
6,27,3,3,6,2,-1,124,0,2,-1,26
6,27,4,1,6,5,-1,8,0,0,-1,45
6,27,4,2,6,5,-1,28,0,0,-1,54
6,27,4,3,6,5,-1,122,0,2,-1,26
6,27,5,1,6,4,-1,8,0,0,-1,45
6,27,5,2,6,4,-1,31,0,0,-1,54
6,27,5,3,6,4,-1,124,0,2,-1,26
6,27,6,1,6,4,-1,8,0,0,-1,45
6,27,6,2,6,4,-1,32,0,0,-1,54
6,27,6,3,6,4,-1,124,0,2,-1,26
6,27,7,1,6,3,-1,7,0,0,-1,45
6,27,7,2,6,3,-1,32,0,0,-1,54
6,27,7,3,6,3,-1,122,0,2,-1,26
6,27,8,1,6,3,-1,8,0,0,-1,45
6,27,8,2,6,3,-1,30,0,0,-1,54
6,27,8,3,6,3,-1,124,0,2,-1,18
6,27,9,1,3,2,-1,6,0,0,-1,45
6,27,9,2,3,2,-1,24,0,0,-1,54
6,27,9,3,3,2,-1,98,0,2,-1,18
6,27,10,1,6,2,-1,8,0,0,-1,45
6,27,10,2,6,2,-1,30,0,0,-1,54
6,27,10,3,6,2,-1,121,0,2,-1,26
6,27,11,1,6,1,-1,8,0,0,-1,45
6,27,11,2,6,1,-1,32,0,0,-1,54
6,27,11,3,6,1,-1,124,0,2,-1,26
6,27,12,1,6,4,-1,8,0,0,-1,45
6,27,12,2,6,4,-1,31,0,0,-1,54
6,27,12,3,6,4,-1,123,0,2,-1,26
6,27,13,1,6,3,-1,7,0,0,-1,45
6,27,13,2,6,3,-1,29,0,0,-1,54
6,27,13,3,6,3,-1,122,0,2,-1,26
6,27,14,1,6,3,-1,8,0,0,-1,45
6,27,14,2,6,3,-1,31,0,0,-1,54
6,27,14,3,6,3,-1,124,0,2,-1,26
6,27,15,1,6,2,-1,8,0,0,-1,45
6,27,15,2,6,2,-1,32,0,0,-1,54
6,27,15,3,6,2,-1,123,0,2,-1,26
6,27,16,1,6,3,-1,8,0,0,-1,45
6,27,16,2,6,3,-1,30,0,0,-1,54
6,27,16,3,6,3,-1,124,0,2,-1,19
6,27,17,1,6,2,-1,8,0,0,-1,45
6,27,17,2,6,2,-1,30,0,0,-1,54
6,27,17,3,6,2,-1,121,0,2,-1,19
6,27,18,1,3,2,-1,8,0,0,-1,45
6,27,18,2,3,2,-1,24,0,0,-1,54
6,27,18,3,3,2,-1,96,0,4,-1,9
6,27,19,1,6,1,-1,8,0,0,-1,45
6,27,19,2,6,1,-1,32,0,0,-1,54
6,27,19,3,6,1,-1,120,0,4,-1,11
6,27,20,1,6,4,-1,8,0,0,-1,45
6,27,20,2,6,4,-1,32,0,0,-1,54
6,27,20,3,6,4,-1,118,0,4,-1,11
6,27,21,1,6,3,-1,8,0,0,-1,45
6,27,21,2,6,3,-1,22,0,0,-1,54
6,27,21,3,6,3,-1,120,0,4,-1,11
6,27,22,1,6,3,-1,8,0,0,-1,45
6,27,22,2,6,3,-1,31,0,0,-1,54
6,27,22,3,6,3,-1,124,0,4,-1,9
6,27,23,1,6,2,-1,8,0,0,-1,45
6,27,23,2,6,2,-1,32,0,0,-1,54
6,27,23,3,6,2,-1,114,0,4,-1,11
6,27,24,1,6,2,-1,8,0,0,-1,45
6,27,24,2,6,2,-1,32,0,0,-1,54
6,27,24,3,6,2,-1,124,0,2,-1,19
6,27,25,1,6,1,-1,8,0,0,-1,45
6,27,25,2,6,1,-1,32,0,0,-1,54
6,27,25,3,6,1,-1,124,0,2,-1,19
6,27,26,1,6,1,-1,8,0,0,-1,45
6,27,26,2,6,1,-1,32,0,0,-1,54
6,27,26,3,6,1,-1,120,0,4,-1,25
6,27,28,1,6,3,-1,8,0,0,-1,45
6,27,28,2,6,3,-1,32,0,0,-1,54
6,27,28,3,6,3,-1,116,0,6,-1,25
6,27,29,1,6,2,-1,8,0,0,-1,45
6,27,29,2,6,2,-1,32,0,0,-1,54
6,27,29,3,6,2,-1,112,0,16,-1,58
6,27,30,1,6,2,-1,8,0,0,-1,45
6,27,30,2,6,2,-1,32,0,0,-1,54
6,27,30,3,6,2,-1,124,0,4,-1,25
6,27,31,1,6,1,-1,8,0,0,-1,45
6,27,31,2,6,1,-1,32,0,0,-1,54
6,27,31,3,6,1,-1,64,0,64,-1,59
6,27,32,1,6,5,-1,8,0,0,-1,45
6,27,32,2,6,5,-1,28,0,0,-1,54
6,27,32,3,6,5,-1,122,0,2,-1,19
6,27,33,1,6,4,-1,8,0,0,-1,45
6,27,33,2,6,4,-1,31,0,0,-1,54
6,27,33,3,6,4,-1,123,0,2,-1,19
6,27,34,1,6,4,-1,8,0,0,-1,45
6,27,34,2,6,4,-1,32,0,0,-1,54
6,27,34,3,6,4,-1,118,0,4,-1,25
6,27,35,1,6,3,-1,8,0,0,-1,45
6,27,35,2,6,3,-1,32,0,0,-1,54
6,27,35,3,6,3,-1,116,0,6,-1,11
6,27,36,1,3,6,-1,8,0,0,-1,45
6,27,36,2,3,6,-1,28,0,0,-1,54
6,27,36,3,3,6,-1,78,0,6,-1,18
6,27,37,1,6,5,-1,8,0,0,-1,45
6,27,37,2,6,5,-1,32,0,0,-1,54
6,27,37,3,6,5,-1,120,0,8,-1,31
6,27,38,1,6,5,-1,8,0,0,-1,45
6,27,38,2,6,5,-1,32,0,0,-1,54
6,27,38,3,6,5,-1,123,0,4,-1,25
6,27,39,1,6,4,-1,8,0,0,-1,45
6,27,39,2,6,4,-1,32,0,0,-1,54
6,27,39,3,6,4,-1,117,0,6,-1,19
6,27,40,1,6,4,-1,8,0,0,-1,45
6,27,40,2,6,4,-1,31,0,0,-1,54
6,27,40,3,6,4,-1,124,0,2,-1,19
6,27,41,1,6,3,-1,7,0,0,-1,45
6,27,41,2,6,3,-1,29,0,0,-1,54
6,27,41,3,6,3,-1,122,0,2,-1,19
6,27,42,1,6,3,-1,8,0,0,-1,45
6,27,42,2,6,3,-1,22,0,0,-1,54
6,27,42,3,6,3,-1,120,0,4,-1,25
6,27,43,1,6,2,-1,8,0,0,-1,45
6,27,43,2,6,2,-1,32,0,0,-1,54
6,27,43,3,6,2,-1,112,0,16,-1,23
6,27,44,1,6,5,-1,8,0,0,-1,45
6,27,44,2,6,5,-1,32,0,0,-1,54
6,27,44,3,6,5,-1,120,0,8,-1,59
6,27,45,1,3,4,-1,6,0,2,-1,63
6,27,45,2,3,4,-1,24,0,0,-1,54
6,27,45,3,3,4,-1,93,0,13,-1,63
6,27,46,1,6,4,-1,8,0,0,-1,45
6,27,46,2,6,4,-1,26,0,0,-1,54
6,27,46,3,6,4,-1,120,0,4,-1,25
6,27,47,1,6,3,-1,8,0,0,-1,45
6,27,47,2,6,3,-1,32,0,0,-1,54
6,27,47,3,6,3,-1,112,0,16,-1,23
6,27,48,1,6,4,-1,8,0,0,-1,45
6,27,48,2,6,4,-1,32,0,0,-1,54
6,27,48,3,6,4,-1,124,0,2,-1,19
6,27,49,1,6,3,-1,8,0,0,-1,45
6,27,49,2,6,3,-1,31,0,0,-1,54
6,27,49,3,6,3,-1,124,0,2,-1,19
6,27,50,1,6,3,-1,8,0,0,-1,45
6,27,50,2,6,3,-1,31,0,0,-1,54
6,27,50,3,6,3,-1,124,0,4,-1,9
6,27,51,1,6,2,-1,8,0,0,-1,45
6,27,51,2,6,2,-1,32,0,0,-1,54
6,27,51,3,6,2,-1,124,0,4,-1,11
6,27,52,1,6,5,-1,8,0,0,-1,45
6,27,52,2,6,5,-1,32,0,0,-1,54
6,27,52,3,6,5,-1,123,0,4,-1,11
6,27,53,1,6,4,-1,8,0,0,-1,45
6,27,53,2,6,4,-1,26,0,0,-1,54
6,27,53,3,6,4,-1,120,0,4,-1,11
6,27,54,1,3,4,-1,6,0,0,-1,45
6,27,54,2,3,4,-1,24,0,2,-1,36
6,27,54,3,3,4,-1,93,0,4,-1,9
6,27,55,1,6,3,-1,8,0,0,-1,45
6,27,55,2,6,3,-1,31,0,0,-1,54
6,27,55,3,6,3,-1,118,0,4,-1,11
6,27,56,1,6,3,-1,7,0,0,-1,45
6,27,56,2,6,3,-1,32,0,0,-1,54
6,27,56,3,6,3,-1,122,0,2,-1,19
6,27,57,1,6,2,-1,8,0,0,-1,45
6,27,57,2,6,2,-1,32,0,0,-1,54
6,27,57,3,6,2,-1,123,0,2,-1,19
6,27,58,1,6,2,-1,8,0,0,-1,45
6,27,58,2,6,2,-1,32,0,0,-1,54
6,27,58,3,6,2,-1,114,0,4,-1,25
6,27,59,1,6,1,-1,8,0,0,-1,45
6,27,59,2,6,1,-1,32,0,0,-1,54
6,27,59,3,6,1,-1,64,0,64,-1,31
6,27,60,1,6,4,-1,8,0,0,-1,45
6,27,60,2,6,4,-1,32,0,0,-1,54
6,27,60,3,6,4,-1,117,0,6,-1,26
6,27,61,1,6,3,-1,8,0,0,-1,45
6,27,61,2,6,3,-1,32,0,0,-1,54
6,27,61,3,6,3,-1,112,0,16,-1,58
6,27,62,1,6,3,-1,8,0,0,-1,45
6,27,62,2,6,3,-1,31,0,0,-1,54
6,27,62,3,6,3,-1,118,0,4,-1,25
6,27,63,1,3,2,-1,4,0,0,-1,45
6,27,63,2,3,2,-1,16,0,0,-1,54
6,27,63,3,3,2,-1,0,64,64,0,63
6,28,0,1,6,3,-1,5,0,0,-1,44
6,28,0,2,6,3,-1,22,0,0,-1,21
6,28,0,3,6,3,-1,95,0,0,-1,42
6,28,1,1,6,4,-1,8,0,0,-1,44
6,28,1,2,6,4,-1,27,0,0,-1,21
6,28,1,3,6,4,-1,128,0,0,-1,42
6,28,2,1,6,4,-1,8,0,0,-1,44
6,28,2,2,6,4,-1,31,0,0,-1,21
6,28,2,3,6,4,-1,124,0,0,-1,42
6,28,3,1,6,5,-1,8,0,0,-1,44
6,28,3,2,6,5,-1,31,0,0,-1,21
6,28,3,3,6,5,-1,128,0,0,-1,42
6,28,4,1,6,2,-1,8,0,0,-1,44
6,28,4,2,6,2,-1,32,0,0,-1,21
6,28,4,3,6,2,-1,128,0,0,-1,42
6,28,5,1,6,3,-1,8,0,0,-1,44
6,28,5,2,6,3,-1,32,0,0,-1,21
6,28,5,3,6,3,-1,128,0,0,-1,42
6,28,6,1,6,3,-1,8,0,0,-1,44
6,28,6,2,6,3,-1,31,0,0,-1,21
6,28,6,3,6,3,-1,128,0,0,-1,42
6,28,7,1,6,4,-1,8,0,0,-1,44
6,28,7,2,6,4,-1,30,0,0,-1,21
6,28,7,3,6,4,-1,128,0,0,-1,42
6,28,8,1,6,2,-1,8,0,0,-1,44
6,28,8,2,6,2,-1,30,0,0,-1,21
6,28,8,3,6,2,-1,122,0,0,-1,42
6,28,9,1,6,3,-1,8,0,0,-1,44
6,28,9,2,6,3,-1,31,0,0,-1,21
6,28,9,3,6,3,-1,124,0,0,-1,42
6,28,10,1,6,3,-1,7,0,0,-1,44
6,28,10,2,6,3,-1,30,0,0,-1,21
6,28,10,3,6,3,-1,126,0,0,-1,42
6,28,11,1,6,4,-1,8,0,0,-1,44
6,28,11,2,6,4,-1,31,0,0,-1,21
6,28,11,3,6,4,-1,127,0,0,-1,42
6,28,12,1,6,1,-1,6,0,0,-1,44
6,28,12,2,6,1,-1,28,0,0,-1,21
6,28,12,3,6,1,-1,126,0,0,-1,42
6,28,13,1,6,2,-1,8,0,0,-1,44
6,28,13,2,6,2,-1,30,0,0,-1,21
6,28,13,3,6,2,-1,125,0,0,-1,42
6,28,14,1,6,2,-1,8,0,0,-1,44
6,28,14,2,6,2,-1,30,0,0,-1,21
6,28,14,3,6,2,-1,126,0,0,-1,42
6,28,15,1,6,3,-1,8,0,0,-1,44
6,28,15,2,6,3,-1,32,0,0,-1,21
6,28,15,3,6,3,-1,126,0,0,-1,42
6,28,16,1,6,2,-1,8,0,0,-1,44
6,28,16,2,6,2,-1,32,0,0,-1,21
6,28,16,3,6,2,-1,128,0,0,-1,42
6,28,17,1,6,3,-1,8,0,0,-1,44
6,28,17,2,6,3,-1,26,0,0,-1,21
6,28,17,3,6,3,-1,128,0,0,-1,42
6,28,18,1,6,3,-1,8,0,0,-1,44
6,28,18,2,6,3,-1,32,0,0,-1,21
6,28,18,3,6,3,-1,116,0,0,-1,42
6,28,19,1,6,4,-1,8,0,0,-1,44
6,28,19,2,6,4,-1,31,0,0,-1,21
6,28,19,3,6,4,-1,128,0,0,-1,42
6,28,20,1,6,1,-1,8,0,0,-1,44
6,28,20,2,6,1,-1,32,0,0,-1,21
6,28,20,3,6,1,-1,128,0,0,-1,42
6,28,21,1,6,2,-1,8,0,0,-1,44
6,28,21,2,6,2,-1,19,0,2,-1,23
6,28,21,3,6,2,-1,128,0,0,-1,42
6,28,22,1,6,2,-1,8,0,0,-1,44
6,28,22,2,6,2,-1,32,0,0,-1,21
6,28,22,3,6,2,-1,128,0,0,-1,42
6,28,23,1,6,3,-1,8,0,0,-1,44
6,28,23,2,6,3,-1,26,0,0,-1,21
6,28,23,3,6,3,-1,128,0,0,-1,42
6,28,24,1,6,1,-1,8,0,0,-1,44
6,28,24,2,6,1,-1,32,0,0,-1,21
6,28,24,3,6,1,-1,128,0,0,-1,42
6,28,25,1,6,2,-1,8,0,0,-1,44
6,28,25,2,6,2,-1,32,0,0,-1,21
6,28,25,3,6,2,-1,128,0,0,-1,42
6,28,26,1,6,2,-1,8,0,0,-1,44
6,28,26,2,6,2,-1,32,0,0,-1,21
6,28,26,3,6,2,-1,128,0,0,-1,42
6,28,27,1,6,3,-1,8,0,0,-1,44
6,28,27,2,6,3,-1,32,0,0,-1,21
6,28,27,3,6,3,-1,116,0,0,-1,42
6,28,29,1,6,1,-1,8,0,0,-1,44
6,28,29,2,6,1,-1,32,0,0,-1,21
6,28,29,3,6,1,-1,128,0,0,-1,42
6,28,30,1,6,1,-1,8,0,0,-1,44
6,28,30,2,6,1,-1,32,0,0,-1,21
6,28,30,3,6,1,-1,128,0,0,-1,42
6,28,31,1,6,2,-1,8,0,0,-1,44
6,28,31,2,6,2,-1,32,0,0,-1,21
6,28,31,3,6,2,-1,128,0,0,-1,42
6,28,32,1,6,4,-1,8,0,0,-1,44
6,28,32,2,6,4,-1,30,0,0,-1,21
6,28,32,3,6,4,-1,122,0,0,-1,42
6,28,33,1,6,5,-1,8,0,0,-1,44
6,28,33,2,6,5,-1,32,0,0,-1,21
6,28,33,3,6,5,-1,128,0,0,-1,42
6,28,34,1,6,5,-1,8,0,0,-1,44
6,28,34,2,6,5,-1,30,0,0,-1,21
6,28,34,3,6,5,-1,121,0,0,-1,42
6,28,35,1,6,6,-1,8,0,0,-1,44
6,28,35,2,6,6,-1,32,0,0,-1,21
6,28,35,3,6,6,-1,112,0,0,-1,42
6,28,36,1,6,3,-1,7,0,0,-1,44
6,28,36,2,6,3,-1,32,0,0,-1,21
6,28,36,3,6,3,-1,122,0,0,-1,42
6,28,37,1,6,4,-1,7,0,0,-1,44
6,28,37,2,6,4,-1,32,0,0,-1,21
6,28,37,3,6,4,-1,128,0,0,-1,42
6,28,38,1,6,4,-1,8,0,0,-1,44
6,28,38,2,6,4,-1,32,0,0,-1,21
6,28,38,3,6,4,-1,128,0,0,-1,42
6,28,39,1,6,5,-1,8,0,0,-1,44
6,28,39,2,6,5,-1,32,0,0,-1,21
6,28,39,3,6,5,-1,128,0,0,-1,42
6,28,40,1,6,3,-1,8,0,0,-1,44
6,28,40,2,6,3,-1,29,0,0,-1,21
6,28,40,3,6,3,-1,128,0,0,-1,42
6,28,41,1,6,4,-1,8,0,0,-1,44
6,28,41,2,6,4,-1,32,0,0,-1,21
6,28,41,3,6,4,-1,128,0,0,-1,42
6,28,42,1,6,4,-1,8,0,0,-1,44
6,28,42,2,6,4,-1,27,0,0,-1,21
6,28,42,3,6,4,-1,119,0,3,-1,43
6,28,43,1,6,5,-1,8,0,0,-1,44
6,28,43,2,6,5,-1,30,0,0,-1,21
6,28,43,3,6,5,-1,121,0,0,-1,42
6,28,44,1,6,2,-1,6,0,1,-1,45
6,28,44,2,6,2,-1,27,0,0,-1,21
6,28,44,3,6,2,-1,127,0,0,-1,42
6,28,45,1,6,3,-1,7,0,0,-1,44
6,28,45,2,6,3,-1,32,0,0,-1,21
6,28,45,3,6,3,-1,122,0,0,-1,42
6,28,46,1,6,3,-1,8,0,0,-1,44
6,28,46,2,6,3,-1,29,0,0,-1,21
6,28,46,3,6,3,-1,128,0,0,-1,42
6,28,47,1,6,4,-1,8,0,0,-1,44
6,28,47,2,6,4,-1,30,0,0,-1,21
6,28,47,3,6,4,-1,122,0,0,-1,42
6,28,48,1,6,3,-1,8,0,0,-1,44
6,28,48,2,6,3,-1,32,0,0,-1,21
6,28,48,3,6,3,-1,126,0,0,-1,42
6,28,49,1,6,4,-1,8,0,0,-1,44
6,28,49,2,6,4,-1,30,0,0,-1,21
6,28,49,3,6,4,-1,128,0,0,-1,42
6,28,50,1,6,4,-1,8,0,0,-1,44
6,28,50,2,6,4,-1,31,0,0,-1,21
6,28,50,3,6,4,-1,127,0,0,-1,42
6,28,51,1,6,5,-1,8,0,0,-1,44
6,28,51,2,6,5,-1,31,0,0,-1,21
6,28,51,3,6,5,-1,128,0,0,-1,42
6,28,52,1,6,2,-1,8,0,0,-1,44
6,28,52,2,6,2,-1,30,0,0,-1,21
6,28,52,3,6,2,-1,125,0,0,-1,42
6,28,53,1,6,3,-1,8,0,0,-1,44
6,28,53,2,6,3,-1,32,0,0,-1,21
6,28,53,3,6,3,-1,128,0,0,-1,42
6,28,54,1,6,3,-1,8,0,0,-1,44
6,28,54,2,6,3,-1,31,0,0,-1,21
6,28,54,3,6,3,-1,124,0,0,-1,42
6,28,55,1,6,4,-1,8,0,0,-1,44
6,28,55,2,6,4,-1,27,0,0,-1,21
6,28,55,3,6,4,-1,128,0,0,-1,42
6,28,56,1,6,2,-1,8,0,0,-1,44
6,28,56,2,6,2,-1,30,0,0,-1,21
6,28,56,3,6,2,-1,126,0,0,-1,42
6,28,57,1,6,3,-1,8,0,0,-1,44
6,28,57,2,6,3,-1,31,0,0,-1,21
6,28,57,3,6,3,-1,128,0,0,-1,42
6,28,58,1,6,3,-1,7,0,0,-1,44
6,28,58,2,6,3,-1,30,0,0,-1,21
6,28,58,3,6,3,-1,126,0,0,-1,42
6,28,59,1,6,4,-1,8,0,0,-1,44
6,28,59,2,6,4,-1,31,0,0,-1,21
6,28,59,3,6,4,-1,124,0,0,-1,42
6,28,60,1,6,1,-1,6,0,0,-1,44
6,28,60,2,6,1,-1,28,0,0,-1,21
6,28,60,3,6,1,-1,126,0,0,-1,42
6,28,61,1,6,2,-1,8,0,0,-1,44
6,28,61,2,6,2,-1,32,0,0,-1,21
6,28,61,3,6,2,-1,128,0,0,-1,42
6,28,62,1,6,2,-1,8,0,0,-1,44
6,28,62,2,6,2,-1,30,0,0,-1,21
6,28,62,3,6,2,-1,122,0,0,-1,42
6,28,63,1,6,3,-1,5,0,0,-1,44
6,28,63,2,6,3,-1,22,0,0,-1,21
6,28,63,3,6,3,-1,95,0,0,-1,42
6,29,0,1,6,4,-1,5,0,0,-1,46
6,29,0,2,6,4,-1,21,0,0,-1,23
6,29,0,3,6,4,-1,93,0,0,-1,43
6,29,1,1,6,3,-1,8,0,0,-1,46
6,29,1,2,6,3,-1,30,0,0,-1,23
6,29,1,3,6,3,-1,128,0,0,-1,43
6,29,2,1,6,5,-1,8,0,0,-1,46
6,29,2,2,6,5,-1,29,0,0,-1,23
6,29,2,3,6,5,-1,125,0,0,-1,43
6,29,3,1,6,4,-1,7,0,0,-1,46
6,29,3,2,6,4,-1,31,0,0,-1,23
6,29,3,3,6,4,-1,120,0,0,-1,43
6,29,4,1,6,3,-1,8,0,0,-1,46
6,29,4,2,6,3,-1,31,0,0,-1,23
6,29,4,3,6,3,-1,128,0,0,-1,43
6,29,5,1,6,2,-1,8,0,0,-1,46
6,29,5,2,6,2,-1,30,0,0,-1,23
6,29,5,3,6,2,-1,128,0,0,-1,43
6,29,6,1,6,4,-1,8,0,0,-1,46
6,29,6,2,6,4,-1,32,0,0,-1,23
6,29,6,3,6,4,-1,128,0,0,-1,43
6,29,7,1,6,3,-1,8,0,0,-1,46
6,29,7,2,6,3,-1,32,0,0,-1,23
6,29,7,3,6,3,-1,128,0,0,-1,43
6,29,8,1,6,3,-1,8,0,0,-1,46
6,29,8,2,6,3,-1,31,0,0,-1,23
6,29,8,3,6,3,-1,127,0,0,-1,43
6,29,9,1,6,2,-1,8,0,0,-1,46
6,29,9,2,6,2,-1,30,0,0,-1,23
6,29,9,3,6,2,-1,121,0,0,-1,43
6,29,10,1,6,4,-1,8,0,0,-1,46
6,29,10,2,6,4,-1,30,0,0,-1,23
6,29,10,3,6,4,-1,128,0,0,-1,43
6,29,11,1,6,3,-1,8,0,0,-1,46
6,29,11,2,6,3,-1,31,0,0,-1,23
6,29,11,3,6,3,-1,127,0,0,-1,43
6,29,12,1,6,2,-1,7,0,0,-1,46
6,29,12,2,6,2,-1,32,0,0,-1,23
6,29,12,3,6,2,-1,128,0,0,-1,43
6,29,13,1,6,1,-1,8,0,0,-1,46
6,29,13,2,6,1,-1,32,0,0,-1,23
6,29,13,3,6,1,-1,125,0,0,-1,43
6,29,14,1,6,3,-1,7,0,0,-1,46
6,29,14,2,6,3,-1,30,0,0,-1,23
6,29,14,3,6,3,-1,126,0,0,-1,43
6,29,15,1,6,2,-1,8,0,0,-1,46
6,29,15,2,6,2,-1,31,0,0,-1,23
6,29,15,3,6,2,-1,126,0,0,-1,43
6,29,16,1,6,3,-1,8,0,0,-1,46
6,29,16,2,6,3,-1,32,0,0,-1,23
6,29,16,3,6,3,-1,128,0,0,-1,43
6,29,17,1,6,2,-1,8,0,0,-1,46
6,29,17,2,6,2,-1,32,0,0,-1,23
6,29,17,3,6,2,-1,128,0,0,-1,43
6,29,18,1,6,4,-1,8,0,0,-1,46
6,29,18,2,6,4,-1,32,0,0,-1,23
6,29,18,3,6,4,-1,118,0,0,-1,43
6,29,19,1,6,3,-1,8,0,0,-1,46
6,29,19,2,6,3,-1,32,0,0,-1,23
6,29,19,3,6,3,-1,115,0,0,-1,43
6,29,20,1,6,2,-1,8,0,0,-1,46
6,29,20,2,6,2,-1,32,0,0,-1,23
6,29,20,3,6,2,-1,128,0,0,-1,43
6,29,21,1,6,1,-1,8,0,0,-1,46
6,29,21,2,6,1,-1,16,0,0,-1,23
6,29,21,3,6,1,-1,128,0,0,-1,43
6,29,22,1,6,3,-1,8,0,0,-1,46
6,29,22,2,6,3,-1,32,0,0,-1,23
6,29,22,3,6,3,-1,128,0,0,-1,43
6,29,23,1,6,2,-1,8,0,0,-1,46
6,29,23,2,6,2,-1,16,0,16,-1,53
6,29,23,3,6,2,-1,128,0,0,-1,43
6,29,24,1,6,2,-1,8,0,0,-1,46
6,29,24,2,6,2,-1,32,0,0,-1,23
6,29,24,3,6,2,-1,128,0,0,-1,43
6,29,25,1,6,1,-1,8,0,0,-1,46
6,29,25,2,6,1,-1,32,0,0,-1,23
6,29,25,3,6,1,-1,128,0,0,-1,43
6,29,26,1,6,3,-1,8,0,0,-1,46
6,29,26,2,6,3,-1,32,0,0,-1,23
6,29,26,3,6,3,-1,128,0,0,-1,43
6,29,27,1,6,2,-1,8,0,0,-1,46
6,29,27,2,6,2,-1,32,0,0,-1,23
6,29,27,3,6,2,-1,112,0,0,-1,43
6,29,28,1,6,1,-1,8,0,0,-1,46
6,29,28,2,6,1,-1,32,0,0,-1,23
6,29,28,3,6,1,-1,128,0,0,-1,43
6,29,30,1,6,2,-1,8,0,0,-1,46
6,29,30,2,6,2,-1,32,0,0,-1,23
6,29,30,3,6,2,-1,128,0,0,-1,43
6,29,31,1,6,1,-1,8,0,0,-1,46
6,29,31,2,6,1,-1,32,0,0,-1,23
6,29,31,3,6,1,-1,128,0,0,-1,43
6,29,32,1,6,5,-1,8,0,0,-1,46
6,29,32,2,6,5,-1,29,0,0,-1,23
6,29,32,3,6,5,-1,126,0,0,-1,43
6,29,33,1,6,4,-1,8,0,0,-1,46
6,29,33,2,6,4,-1,29,0,0,-1,23
6,29,33,3,6,4,-1,128,0,0,-1,43
6,29,34,1,6,6,-1,8,0,0,-1,46
6,29,34,2,6,6,-1,24,0,0,-1,23
6,29,34,3,6,6,-1,128,0,0,-1,43
6,29,35,1,6,5,-1,8,0,0,-1,46
6,29,35,2,6,5,-1,30,0,0,-1,23
6,29,35,3,6,5,-1,121,0,0,-1,43
6,29,36,1,6,4,-1,8,0,0,-1,46
6,29,36,2,6,4,-1,31,0,0,-1,23
6,29,36,3,6,4,-1,124,0,0,-1,43
6,29,37,1,6,3,-1,8,0,0,-1,46
6,29,37,2,6,3,-1,31,0,0,-1,23
6,29,37,3,6,3,-1,128,0,0,-1,43
6,29,38,1,6,5,-1,8,0,0,-1,46
6,29,38,2,6,5,-1,32,0,0,-1,23
6,29,38,3,6,5,-1,128,0,0,-1,43
6,29,39,1,6,4,-1,8,0,0,-1,46
6,29,39,2,6,4,-1,32,0,0,-1,23
6,29,39,3,6,4,-1,128,0,0,-1,43
6,29,40,1,6,4,-1,8,0,0,-1,46
6,29,40,2,6,4,-1,32,0,0,-1,23
6,29,40,3,6,4,-1,128,0,0,-1,43
6,29,41,1,6,3,-1,8,0,0,-1,46
6,29,41,2,6,3,-1,31,0,0,-1,23
6,29,41,3,6,3,-1,119,0,0,-1,43
6,29,42,1,6,5,-1,7,0,0,-1,46
6,29,42,2,6,5,-1,22,0,0,-1,23
6,29,42,3,6,5,-1,122,0,0,-1,43
6,29,43,1,6,4,-1,8,0,0,-1,46
6,29,43,2,6,4,-1,28,0,0,-1,23
6,29,43,3,6,4,-1,104,0,8,-1,7
6,29,44,1,6,3,-1,6,0,0,-1,46
6,29,44,2,6,3,-1,32,0,0,-1,23
6,29,44,3,6,3,-1,124,0,0,-1,43
6,29,45,1,6,2,-1,8,0,0,-1,46
6,29,45,2,6,2,-1,32,0,0,-1,23
6,29,45,3,6,2,-1,114,0,0,-1,43
6,29,46,1,6,4,-1,6,0,2,-1,62
6,29,46,2,6,4,-1,32,0,0,-1,23
6,29,46,3,6,4,-1,128,0,0,-1,43
6,29,47,1,6,3,-1,8,0,0,-1,46
6,29,47,2,6,3,-1,32,0,0,-1,23
6,29,47,3,6,3,-1,109,0,0,-1,43
6,29,48,1,6,4,-1,8,0,0,-1,46
6,29,48,2,6,4,-1,28,0,0,-1,23
6,29,48,3,6,4,-1,128,0,0,-1,43
6,29,49,1,6,3,-1,8,0,0,-1,46
6,29,49,2,6,3,-1,26,0,0,-1,23
6,29,49,3,6,3,-1,128,0,0,-1,43
6,29,50,1,6,5,-1,8,0,0,-1,46
6,29,50,2,6,5,-1,31,0,0,-1,23
6,29,50,3,6,5,-1,119,0,0,-1,43
6,29,51,1,6,4,-1,8,0,0,-1,46
6,29,51,2,6,4,-1,31,0,0,-1,23
6,29,51,3,6,4,-1,114,0,0,-1,43
6,29,52,1,6,3,-1,8,0,0,-1,46
6,29,52,2,6,3,-1,26,0,0,-1,23
6,29,52,3,6,3,-1,127,0,0,-1,43
6,29,53,1,6,2,-1,8,0,0,-1,46
6,29,53,2,6,2,-1,16,0,0,-1,23
6,29,53,3,6,2,-1,128,0,0,-1,43
6,29,54,1,6,4,-1,8,0,0,-1,46
6,29,54,2,6,4,-1,26,0,0,-1,23
6,29,54,3,6,4,-1,120,0,0,-1,43
6,29,55,1,6,3,-1,8,0,0,-1,46
6,29,55,2,6,3,-1,32,0,0,-1,23
6,29,55,3,6,3,-1,128,0,0,-1,43
6,29,56,1,6,3,-1,8,0,0,-1,46
6,29,56,2,6,3,-1,29,0,0,-1,23
6,29,56,3,6,3,-1,128,0,0,-1,43
6,29,57,1,6,2,-1,8,0,0,-1,46
6,29,57,2,6,2,-1,24,0,0,-1,23
6,29,57,3,6,2,-1,128,0,0,-1,43
6,29,58,1,6,4,-1,6,0,0,-1,46
6,29,58,2,6,4,-1,32,0,0,-1,23
6,29,58,3,6,4,-1,128,0,0,-1,43
6,29,59,1,6,3,-1,8,0,0,-1,46
6,29,59,2,6,3,-1,32,0,0,-1,23
6,29,59,3,6,3,-1,128,0,0,-1,43
6,29,60,1,6,2,-1,6,0,0,-1,46
6,29,60,2,6,2,-1,29,0,0,-1,23
6,29,60,3,6,2,-1,128,0,0,-1,43
6,29,61,1,6,1,-1,8,0,0,-1,46
6,29,61,2,6,1,-1,32,0,0,-1,23
6,29,61,3,6,1,-1,128,0,0,-1,43
6,29,62,1,6,3,-1,7,0,0,-1,46
6,29,62,2,6,3,-1,31,0,0,-1,23
6,29,62,3,6,3,-1,128,0,0,-1,43
6,29,63,1,6,2,-1,4,0,0,-1,46
6,29,63,2,6,2,-1,16,0,0,-1,23
6,29,63,3,6,2,-1,64,0,0,-1,43
6,30,0,1,6,4,-1,5,0,0,-1,46
6,30,0,2,6,4,-1,22,0,0,-1,23
6,30,0,3,6,4,-1,99,0,0,-1,43
6,30,1,1,6,5,-1,8,0,0,-1,46
6,30,1,2,6,5,-1,32,0,0,-1,23
6,30,1,3,6,5,-1,128,0,0,-1,43
6,30,2,1,6,3,-1,8,0,0,-1,46
6,30,2,2,6,3,-1,32,0,0,-1,23
6,30,2,3,6,3,-1,120,0,0,-1,43
6,30,3,1,6,4,-1,8,0,0,-1,46
6,30,3,2,6,4,-1,32,0,0,-1,23
6,30,3,3,6,4,-1,126,0,0,-1,43
6,30,4,1,6,3,-1,8,0,0,-1,46
6,30,4,2,6,3,-1,31,0,0,-1,23
6,30,4,3,6,3,-1,128,0,0,-1,43
6,30,5,1,6,4,-1,8,0,0,-1,46
6,30,5,2,6,4,-1,32,0,0,-1,23
6,30,5,3,6,4,-1,128,0,0,-1,43
6,30,6,1,6,2,-1,8,0,0,-1,46
6,30,6,2,6,2,-1,30,0,0,-1,23
6,30,6,3,6,2,-1,128,0,0,-1,43
6,30,7,1,6,3,-1,8,0,0,-1,46
6,30,7,2,6,3,-1,31,0,0,-1,23
6,30,7,3,6,3,-1,128,0,0,-1,43
6,30,8,1,6,3,-1,8,0,0,-1,46
6,30,8,2,6,3,-1,32,0,0,-1,23
6,30,8,3,6,3,-1,127,0,0,-1,43
6,30,9,1,6,4,-1,8,0,0,-1,46
6,30,9,2,6,4,-1,31,0,0,-1,23
6,30,9,3,6,4,-1,123,0,0,-1,43
6,30,10,1,6,2,-1,7,0,0,-1,46
6,30,10,2,6,2,-1,32,0,0,-1,23
6,30,10,3,6,2,-1,128,0,0,-1,43
6,30,11,1,6,3,-1,8,0,0,-1,46
6,30,11,2,6,3,-1,31,0,0,-1,23
6,30,11,3,6,3,-1,126,0,0,-1,43
6,30,12,1,6,2,-1,8,0,0,-1,46
6,30,12,2,6,2,-1,30,0,0,-1,23
6,30,12,3,6,2,-1,124,0,0,-1,43
6,30,13,1,6,3,-1,7,0,0,-1,46
6,30,13,2,6,3,-1,29,0,0,-1,23
6,30,13,3,6,3,-1,126,0,0,-1,43
6,30,14,1,6,1,-1,6,0,0,-1,46
6,30,14,2,6,1,-1,28,0,0,-1,23
6,30,14,3,6,1,-1,126,0,0,-1,43
6,30,15,1,6,2,-1,8,0,0,-1,46
6,30,15,2,6,2,-1,30,0,0,-1,23
6,30,15,3,6,2,-1,128,0,0,-1,43
6,30,16,1,6,3,-1,8,0,0,-1,46
6,30,16,2,6,3,-1,32,0,0,-1,23
6,30,16,3,6,3,-1,128,0,0,-1,43
6,30,17,1,6,4,-1,8,0,0,-1,46
6,30,17,2,6,4,-1,29,0,0,-1,23
6,30,17,3,6,4,-1,128,0,0,-1,43
6,30,18,1,6,2,-1,8,0,0,-1,46
6,30,18,2,6,2,-1,32,0,0,-1,23
6,30,18,3,6,2,-1,124,0,0,-1,43
6,30,19,1,6,3,-1,8,0,0,-1,46
6,30,19,2,6,3,-1,32,0,0,-1,23
6,30,19,3,6,3,-1,128,0,0,-1,43
6,30,20,1,6,2,-1,8,0,0,-1,46
6,30,20,2,6,2,-1,32,0,0,-1,23
6,30,20,3,6,2,-1,128,0,0,-1,43
6,30,21,1,6,3,-1,8,0,0,-1,46
6,30,21,2,6,3,-1,15,0,0,-1,23
6,30,21,3,6,3,-1,128,0,0,-1,43
6,30,22,1,6,1,-1,8,0,0,-1,46
6,30,22,2,6,1,-1,32,0,0,-1,23
6,30,22,3,6,1,-1,128,0,0,-1,43
6,30,23,1,6,2,-1,8,0,0,-1,46
6,30,23,2,6,2,-1,24,0,8,-1,55
6,30,23,3,6,2,-1,128,0,0,-1,43
6,30,24,1,6,2,-1,8,0,0,-1,46
6,30,24,2,6,2,-1,32,0,0,-1,23
6,30,24,3,6,2,-1,128,0,0,-1,43
6,30,25,1,6,3,-1,8,0,0,-1,46
6,30,25,2,6,3,-1,32,0,0,-1,23
6,30,25,3,6,3,-1,128,0,0,-1,43
6,30,26,1,6,1,-1,8,0,0,-1,46
6,30,26,2,6,1,-1,32,0,0,-1,23
6,30,26,3,6,1,-1,128,0,0,-1,43
6,30,27,1,6,2,-1,8,0,0,-1,46
6,30,27,2,6,2,-1,32,0,0,-1,23
6,30,27,3,6,2,-1,124,0,0,-1,43
6,30,28,1,6,1,-1,8,0,0,-1,46
6,30,28,2,6,1,-1,32,0,0,-1,23
6,30,28,3,6,1,-1,128,0,0,-1,43
6,30,29,1,6,2,-1,8,0,0,-1,46
6,30,29,2,6,2,-1,32,0,0,-1,23
6,30,29,3,6,2,-1,128,0,0,-1,43
6,30,31,1,6,1,-1,8,0,0,-1,46
6,30,31,2,6,1,-1,32,0,0,-1,23
6,30,31,3,6,1,-1,128,0,0,-1,43
6,30,32,1,6,5,-1,8,0,0,-1,46
6,30,32,2,6,5,-1,31,0,0,-1,23
6,30,32,3,6,5,-1,121,0,0,-1,43
6,30,33,1,6,6,-1,8,0,0,-1,46
6,30,33,2,6,6,-1,32,0,0,-1,23
6,30,33,3,6,6,-1,128,0,0,-1,43
6,30,34,1,6,4,-1,7,0,0,-1,46
6,30,34,2,6,4,-1,31,0,0,-1,23
6,30,34,3,6,4,-1,120,0,0,-1,43
6,30,35,1,6,5,-1,8,0,0,-1,46
6,30,35,2,6,5,-1,31,0,0,-1,23
6,30,35,3,6,5,-1,128,0,0,-1,43
6,30,36,1,6,4,-1,8,0,0,-1,46
6,30,36,2,6,4,-1,32,0,0,-1,23
6,30,36,3,6,4,-1,124,0,0,-1,43
6,30,37,1,6,5,-1,8,0,0,-1,46
6,30,37,2,6,5,-1,31,0,0,-1,23
6,30,37,3,6,5,-1,128,0,0,-1,43
6,30,38,1,6,3,-1,7,0,0,-1,46
6,30,38,2,6,3,-1,32,0,0,-1,23
6,30,38,3,6,3,-1,128,0,0,-1,43
6,30,39,1,6,4,-1,8,0,0,-1,46
6,30,39,2,6,4,-1,32,0,0,-1,23
6,30,39,3,6,4,-1,128,0,0,-1,43
6,30,40,1,6,4,-1,8,0,0,-1,46
6,30,40,2,6,4,-1,28,0,0,-1,23
6,30,40,3,6,4,-1,128,0,0,-1,43
6,30,41,1,6,5,-1,8,0,0,-1,46
6,30,41,2,6,5,-1,32,0,0,-1,23
6,30,41,3,6,5,-1,121,0,0,-1,43
6,30,42,1,6,3,-1,7,0,0,-1,46
6,30,42,2,6,3,-1,26,0,0,-1,23
6,30,42,3,6,3,-1,128,0,0,-1,43
6,30,43,1,6,4,-1,8,0,0,-1,46
6,30,43,2,6,4,-1,31,0,0,-1,23
6,30,43,3,6,4,-1,114,0,8,-1,10
6,30,44,1,6,3,-1,8,0,0,-1,46
6,30,44,2,6,3,-1,28,0,0,-1,23
6,30,44,3,6,3,-1,125,0,0,-1,43
6,30,45,1,6,4,-1,8,0,0,-1,46
6,30,45,2,6,4,-1,32,0,0,-1,23
6,30,45,3,6,4,-1,117,0,0,-1,43
6,30,46,1,6,2,-1,6,0,1,-1,47
6,30,46,2,6,2,-1,29,0,0,-1,23
6,30,46,3,6,2,-1,128,0,0,-1,43
6,30,47,1,6,3,-1,8,0,0,-1,46
6,30,47,2,6,3,-1,29,0,0,-1,23
6,30,47,3,6,3,-1,119,0,0,-1,43
6,30,48,1,6,4,-1,8,0,0,-1,46
6,30,48,2,6,4,-1,32,0,0,-1,23
6,30,48,3,6,4,-1,128,0,0,-1,43
6,30,49,1,6,5,-1,8,0,0,-1,46
6,30,49,2,6,5,-1,32,0,0,-1,23
6,30,49,3,6,5,-1,128,0,0,-1,43
6,30,50,1,6,3,-1,8,0,0,-1,46
6,30,50,2,6,3,-1,31,0,0,-1,23
6,30,50,3,6,3,-1,125,0,0,-1,43
6,30,51,1,6,4,-1,8,0,0,-1,46
6,30,51,2,6,4,-1,32,0,0,-1,23
6,30,51,3,6,4,-1,126,0,0,-1,43
6,30,52,1,6,3,-1,8,0,0,-1,46
6,30,52,2,6,3,-1,30,0,0,-1,23
6,30,52,3,6,3,-1,128,0,0,-1,43
6,30,53,1,6,4,-1,8,0,0,-1,46
6,30,53,2,6,4,-1,32,0,0,-1,23
6,30,53,3,6,4,-1,128,0,0,-1,43
6,30,54,1,6,2,-1,8,0,0,-1,46
6,30,54,2,6,2,-1,32,0,0,-1,23
6,30,54,3,6,2,-1,123,0,0,-1,43
6,30,55,1,6,3,-1,8,0,0,-1,46
6,30,55,2,6,3,-1,27,0,0,-1,23
6,30,55,3,6,3,-1,128,0,0,-1,43
6,30,56,1,6,3,-1,8,0,0,-1,46
6,30,56,2,6,3,-1,32,0,0,-1,23
6,30,56,3,6,3,-1,126,0,0,-1,43
6,30,57,1,6,4,-1,8,0,0,-1,46
6,30,57,2,6,4,-1,32,0,0,-1,23
6,30,57,3,6,4,-1,128,0,0,-1,43
6,30,58,1,6,2,-1,8,0,0,-1,46
6,30,58,2,6,2,-1,31,0,0,-1,23
6,30,58,3,6,2,-1,126,0,0,-1,43
6,30,59,1,6,3,-1,8,0,0,-1,46
6,30,59,2,6,3,-1,32,0,0,-1,23
6,30,59,3,6,3,-1,110,0,0,-1,43
6,30,60,1,6,2,-1,8,0,0,-1,46
6,30,60,2,6,2,-1,30,0,0,-1,23
6,30,60,3,6,2,-1,128,0,0,-1,43
6,30,61,1,6,3,-1,8,0,0,-1,46
6,30,61,2,6,3,-1,32,0,0,-1,23
6,30,61,3,6,3,-1,128,0,0,-1,43
6,30,62,1,6,1,-1,6,0,0,-1,46
6,30,62,2,6,1,-1,31,0,0,-1,23
6,30,62,3,6,1,-1,124,0,0,-1,43
6,30,63,1,6,2,-1,5,0,0,-1,46
6,30,63,2,6,2,-1,20,0,0,-1,23
6,30,63,3,6,2,-1,80,0,0,-1,43
6,31,0,1,6,5,-1,5,0,0,-1,47
6,31,0,2,6,5,-1,20,0,0,-1,55
6,31,0,3,6,5,-1,96,0,0,-1,59
6,31,1,1,6,4,-1,8,0,0,-1,47
6,31,1,2,6,4,-1,30,0,0,-1,55
6,31,1,3,6,4,-1,128,0,0,-1,59
6,31,2,1,6,4,-1,8,0,0,-1,47
6,31,2,2,6,4,-1,32,0,0,-1,55
6,31,2,3,6,4,-1,124,0,0,-1,59
6,31,3,1,6,3,-1,8,0,0,-1,47
6,31,3,2,6,3,-1,32,0,0,-1,55
6,31,3,3,6,3,-1,120,0,0,-1,59
6,31,4,1,6,4,-1,8,0,0,-1,47
6,31,4,2,6,4,-1,30,0,0,-1,55
6,31,4,3,6,4,-1,128,0,0,-1,59
6,31,5,1,6,3,-1,8,0,0,-1,47
6,31,5,2,6,3,-1,31,0,0,-1,55
6,31,5,3,6,3,-1,128,0,0,-1,59
6,31,6,1,6,3,-1,8,0,0,-1,47
6,31,6,2,6,3,-1,31,0,0,-1,55
6,31,6,3,6,3,-1,128,0,0,-1,59
6,31,7,1,6,2,-1,8,0,0,-1,47
6,31,7,2,6,2,-1,32,0,0,-1,55
6,31,7,3,6,2,-1,128,0,0,-1,59
6,31,8,1,6,4,-1,8,0,0,-1,47
6,31,8,2,6,4,-1,32,0,0,-1,55
6,31,8,3,6,4,-1,128,0,0,-1,59
6,31,9,1,6,3,-1,8,0,0,-1,47
6,31,9,2,6,3,-1,30,0,0,-1,55
6,31,9,3,6,3,-1,124,0,0,-1,59
6,31,10,1,6,3,-1,8,0,0,-1,47
6,31,10,2,6,3,-1,31,0,0,-1,55
6,31,10,3,6,3,-1,127,0,0,-1,59
6,31,11,1,6,2,-1,7,0,0,-1,47
6,31,11,2,6,2,-1,31,0,0,-1,55
6,31,11,3,6,2,-1,124,0,0,-1,59
6,31,12,1,6,3,-1,8,0,0,-1,47
6,31,12,2,6,3,-1,32,0,0,-1,55
6,31,12,3,6,3,-1,127,0,0,-1,59
6,31,13,1,6,2,-1,7,0,0,-1,47
6,31,13,2,6,2,-1,29,0,0,-1,55
6,31,13,3,6,2,-1,127,0,0,-1,59
6,31,14,1,6,2,-1,8,0,0,-1,47
6,31,14,2,6,2,-1,30,0,0,-1,55
6,31,14,3,6,2,-1,122,0,0,-1,59
6,31,15,1,6,1,-1,6,0,0,-1,47
6,31,15,2,6,1,-1,31,0,0,-1,55
6,31,15,3,6,1,-1,124,0,0,-1,59
6,31,16,1,6,4,-1,8,0,0,-1,47
6,31,16,2,6,4,-1,32,0,0,-1,55
6,31,16,3,6,4,-1,128,0,0,-1,59
6,31,17,1,6,3,-1,8,0,0,-1,47
6,31,17,2,6,3,-1,30,0,0,-1,55
6,31,17,3,6,3,-1,128,0,0,-1,59
6,31,18,1,6,3,-1,8,0,0,-1,47
6,31,18,2,6,3,-1,30,0,0,-1,55
6,31,18,3,6,3,-1,124,0,0,-1,59
6,31,19,1,6,2,-1,8,0,0,-1,47
6,31,19,2,6,2,-1,32,0,0,-1,55
6,31,19,3,6,2,-1,128,0,0,-1,59
6,31,20,1,6,3,-1,8,0,0,-1,47
6,31,20,2,6,3,-1,32,0,0,-1,55
6,31,20,3,6,3,-1,128,0,0,-1,59
6,31,21,1,6,2,-1,8,0,0,-1,47
6,31,21,2,6,2,-1,16,0,0,-1,55
6,31,21,3,6,2,-1,128,0,0,-1,59
6,31,22,1,6,2,-1,8,0,0,-1,47
6,31,22,2,6,2,-1,32,0,0,-1,55
6,31,22,3,6,2,-1,128,0,0,-1,59
6,31,23,1,6,1,-1,8,0,0,-1,47
6,31,23,2,6,1,-1,32,0,0,-1,55
6,31,23,3,6,1,-1,128,0,0,-1,59
6,31,24,1,6,3,-1,8,0,0,-1,47
6,31,24,2,6,3,-1,32,0,0,-1,55
6,31,24,3,6,3,-1,128,0,0,-1,59
6,31,25,1,6,2,-1,8,0,0,-1,47
6,31,25,2,6,2,-1,32,0,0,-1,55
6,31,25,3,6,2,-1,128,0,0,-1,59
6,31,26,1,6,2,-1,8,0,0,-1,47
6,31,26,2,6,2,-1,32,0,0,-1,55
6,31,26,3,6,2,-1,128,0,0,-1,59
6,31,27,1,6,1,-1,8,0,0,-1,47
6,31,27,2,6,1,-1,32,0,0,-1,55
6,31,27,3,6,1,-1,64,0,0,-1,59
6,31,28,1,6,2,-1,8,0,0,-1,47
6,31,28,2,6,2,-1,32,0,0,-1,55
6,31,28,3,6,2,-1,128,0,0,-1,59
6,31,29,1,6,1,-1,8,0,0,-1,47
6,31,29,2,6,1,-1,32,0,0,-1,55
6,31,29,3,6,1,-1,128,0,0,-1,59
6,31,30,1,6,1,-1,8,0,0,-1,47
6,31,30,2,6,1,-1,32,0,0,-1,55
6,31,30,3,6,1,-1,128,0,0,-1,59
6,31,32,1,6,6,-1,8,0,0,-1,47
6,31,32,2,6,6,-1,24,0,0,-1,55
6,31,32,3,6,6,-1,128,0,0,-1,59
6,31,33,1,6,5,-1,8,0,0,-1,47
6,31,33,2,6,5,-1,32,0,0,-1,55
6,31,33,3,6,5,-1,128,0,0,-1,59
6,31,34,1,6,5,-1,8,0,0,-1,47
6,31,34,2,6,5,-1,29,0,0,-1,55
6,31,34,3,6,5,-1,125,0,0,-1,59
6,31,35,1,6,4,-1,8,0,0,-1,47
6,31,35,2,6,4,-1,31,0,0,-1,55
6,31,35,3,6,4,-1,124,0,0,-1,59
6,31,36,1,6,5,-1,8,0,0,-1,47
6,31,36,2,6,5,-1,28,0,0,-1,55
6,31,36,3,6,5,-1,122,0,0,-1,59
6,31,37,1,6,4,-1,8,0,0,-1,47
6,31,37,2,6,4,-1,32,0,0,-1,55
6,31,37,3,6,4,-1,128,0,0,-1,59
6,31,38,1,6,4,-1,8,0,0,-1,47
6,31,38,2,6,4,-1,29,0,0,-1,55
6,31,38,3,6,4,-1,128,0,0,-1,59
6,31,39,1,6,3,-1,8,0,0,-1,47
6,31,39,2,6,3,-1,32,0,0,-1,55
6,31,39,3,6,3,-1,128,0,0,-1,59
6,31,40,1,6,5,-1,8,0,0,-1,47
6,31,40,2,6,5,-1,29,0,0,-1,55
6,31,40,3,6,5,-1,126,0,0,-1,59
6,31,41,1,6,4,-1,8,0,0,-1,47
6,31,41,2,6,4,-1,32,0,0,-1,55
6,31,41,3,6,4,-1,115,0,0,-1,59
6,31,42,1,6,4,-1,7,0,0,-1,47
6,31,42,2,6,4,-1,20,0,0,-1,55
6,31,42,3,6,4,-1,124,0,0,-1,59
6,31,43,1,6,3,-1,8,0,0,-1,47
6,31,43,2,6,3,-1,32,0,0,-1,55
6,31,43,3,6,3,-1,128,0,0,-1,59
6,31,44,1,6,4,-1,8,0,0,-1,47
6,31,44,2,6,4,-1,31,0,0,-1,55
6,31,44,3,6,4,-1,121,0,0,-1,59
6,31,45,1,6,3,-1,8,0,0,-1,47
6,31,45,2,6,3,-1,31,0,0,-1,55
6,31,45,3,6,3,-1,118,0,0,-1,59
6,31,46,1,6,3,-1,7,0,0,-1,47
6,31,46,2,6,3,-1,31,0,0,-1,55
6,31,46,3,6,3,-1,128,0,0,-1,59
6,31,47,1,6,2,-1,6,0,2,-1,63
6,31,47,2,6,2,-1,30,0,0,-1,55
6,31,47,3,6,2,-1,128,0,0,-1,59
6,31,48,1,6,5,-1,8,0,0,-1,47
6,31,48,2,6,5,-1,31,0,0,-1,55
6,31,48,3,6,5,-1,121,0,0,-1,59
6,31,49,1,6,4,-1,8,0,0,-1,47
6,31,49,2,6,4,-1,27,0,0,-1,55
6,31,49,3,6,4,-1,128,0,0,-1,59
6,31,50,1,6,4,-1,8,0,0,-1,47
6,31,50,2,6,4,-1,31,0,0,-1,55
6,31,50,3,6,4,-1,122,0,0,-1,59
6,31,51,1,6,3,-1,8,0,0,-1,47
6,31,51,2,6,3,-1,32,0,0,-1,55
6,31,51,3,6,3,-1,110,0,0,-1,59
6,31,52,1,6,4,-1,8,0,0,-1,47
6,31,52,2,6,4,-1,32,0,0,-1,55
6,31,52,3,6,4,-1,127,0,0,-1,59
6,31,53,1,6,3,-1,8,0,0,-1,47
6,31,53,2,6,3,-1,32,0,0,-1,55
6,31,53,3,6,3,-1,128,0,0,-1,59
6,31,54,1,6,3,-1,8,0,0,-1,47
6,31,54,2,6,3,-1,32,0,0,-1,55
6,31,54,3,6,3,-1,112,0,0,-1,59
6,31,55,1,6,2,-1,8,0,0,-1,47
6,31,55,2,6,2,-1,16,0,16,-1,61
6,31,55,3,6,2,-1,128,0,0,-1,59
6,31,56,1,6,4,-1,8,0,0,-1,47
6,31,56,2,6,4,-1,30,0,0,-1,55
6,31,56,3,6,4,-1,122,0,0,-1,59
6,31,57,1,6,3,-1,8,0,0,-1,47
6,31,57,2,6,3,-1,27,0,0,-1,55
6,31,57,3,6,3,-1,128,0,0,-1,59
6,31,58,1,6,3,-1,8,0,0,-1,47
6,31,58,2,6,3,-1,32,0,0,-1,55
6,31,58,3,6,3,-1,109,0,0,-1,59
6,31,59,1,6,2,-1,8,0,0,-1,47
6,31,59,2,6,2,-1,32,0,0,-1,55
6,31,59,3,6,2,-1,0,64,64,0,31
6,31,60,1,6,3,-1,8,0,0,-1,47
6,31,60,2,6,3,-1,29,0,0,-1,55
6,31,60,3,6,3,-1,119,0,0,-1,59
6,31,61,1,6,2,-1,8,0,0,-1,47
6,31,61,2,6,2,-1,16,0,0,-1,55
6,31,61,3,6,2,-1,128,0,0,-1,59
6,31,62,1,6,2,-1,6,0,0,-1,47
6,31,62,2,6,2,-1,30,0,0,-1,55
6,31,62,3,6,2,-1,128,0,0,-1,59
6,31,63,1,6,1,-1,4,0,0,-1,47
6,31,63,2,6,1,-1,16,0,0,-1,55
6,31,63,3,6,1,-1,64,0,0,-1,59
6,32,0,1,6,1,-1,4,0,0,-1,1
6,32,0,2,6,1,-1,16,0,0,-1,2
6,32,0,3,6,1,-1,64,0,0,-1,4
6,32,1,1,6,2,-1,6,0,1,-1,3
6,32,1,2,6,2,-1,30,0,0,-1,2
6,32,1,3,6,2,-1,128,0,0,-1,4
6,32,2,1,6,2,-1,8,0,0,-1,1
6,32,2,2,6,2,-1,16,0,1,-1,8
6,32,2,3,6,2,-1,128,0,0,-1,4
6,32,3,1,6,3,-1,8,0,0,-1,1
6,32,3,2,6,3,-1,32,0,0,-1,2
6,32,3,3,6,3,-1,128,0,0,-1,4
6,32,4,1,6,2,-1,8,0,0,-1,1
6,32,4,2,6,2,-1,32,0,0,-1,2
6,32,4,3,6,2,-1,0,64,1,0,32
6,32,5,1,6,3,-1,8,0,0,-1,1
6,32,5,2,6,3,-1,32,0,0,-1,2
6,32,5,3,6,3,-1,128,0,0,-1,4
6,32,6,1,6,3,-1,8,0,0,-1,1
6,32,6,2,6,3,-1,32,0,0,-1,2
6,32,6,3,6,3,-1,110,0,0,-1,4
6,32,7,1,6,4,-1,8,0,0,-1,1
6,32,7,2,6,4,-1,31,0,0,-1,2
6,32,7,3,6,4,-1,124,0,0,-1,4
6,32,8,1,6,2,-1,8,0,0,-1,1
6,32,8,2,6,2,-1,16,0,0,-1,2
6,32,8,3,6,2,-1,128,0,0,-1,4
6,32,9,1,6,3,-1,8,0,0,-1,1
6,32,9,2,6,3,-1,31,0,0,-1,2
6,32,9,3,6,3,-1,118,0,0,-1,4
6,32,10,1,6,3,-1,8,0,0,-1,1
6,32,10,2,6,3,-1,32,0,0,-1,2
6,32,10,3,6,3,-1,128,0,0,-1,4
6,32,11,1,6,4,-1,8,0,0,-1,1
6,32,11,2,6,4,-1,32,0,0,-1,2
6,32,11,3,6,4,-1,128,0,0,-1,4
6,32,12,1,6,3,-1,8,0,0,-1,1
6,32,12,2,6,3,-1,27,0,0,-1,2
6,32,12,3,6,3,-1,128,0,0,-1,4
6,32,13,1,6,4,-1,8,0,0,-1,1
6,32,13,2,6,4,-1,32,0,0,-1,2
6,32,13,3,6,4,-1,115,0,0,-1,4
6,32,14,1,6,4,-1,8,0,0,-1,1
6,32,14,2,6,4,-1,27,0,0,-1,2
6,32,14,3,6,4,-1,128,0,0,-1,4
6,32,15,1,6,5,-1,8,0,0,-1,1
6,32,15,2,6,5,-1,32,0,0,-1,2
6,32,15,3,6,5,-1,128,0,0,-1,4
6,32,16,1,6,2,-1,6,0,0,-1,1
6,32,16,2,6,2,-1,30,0,0,-1,2
6,32,16,3,6,2,-1,128,0,0,-1,4
6,32,17,1,6,3,-1,7,0,0,-1,1
6,32,17,2,6,3,-1,31,0,0,-1,2
6,32,17,3,6,3,-1,128,0,0,-1,4
6,32,18,1,6,3,-1,8,0,0,-1,1
6,32,18,2,6,3,-1,32,0,0,-1,2
6,32,18,3,6,3,-1,112,0,0,-1,4
6,32,19,1,6,4,-1,8,0,0,-1,1
6,32,19,2,6,4,-1,29,0,0,-1,2
6,32,19,3,6,4,-1,128,0,0,-1,4
6,32,20,1,6,3,-1,8,0,0,-1,1
6,32,20,2,6,3,-1,32,0,0,-1,2
6,32,20,3,6,3,-1,109,0,0,-1,4
6,32,21,1,6,4,-1,7,0,0,-1,1
6,32,21,2,6,4,-1,20,0,0,-1,2
6,32,21,3,6,4,-1,124,0,0,-1,4
6,32,22,1,6,4,-1,8,0,0,-1,1
6,32,22,2,6,4,-1,31,0,0,-1,2
6,32,22,3,6,4,-1,122,0,0,-1,4
6,32,23,1,6,5,-1,8,0,0,-1,1
6,32,23,2,6,5,-1,29,0,0,-1,2
6,32,23,3,6,5,-1,125,0,0,-1,4
6,32,24,1,6,3,-1,8,0,0,-1,1
6,32,24,2,6,3,-1,29,0,0,-1,2
6,32,24,3,6,3,-1,119,0,0,-1,4
6,32,25,1,6,4,-1,8,0,0,-1,1
6,32,25,2,6,4,-1,31,0,0,-1,2
6,32,25,3,6,4,-1,121,0,0,-1,4
6,32,26,1,6,4,-1,8,0,0,-1,1
6,32,26,2,6,4,-1,32,0,0,-1,2
6,32,26,3,6,4,-1,127,0,0,-1,4
6,32,27,1,6,5,-1,8,0,0,-1,1
6,32,27,2,6,5,-1,28,0,0,-1,2
6,32,27,3,6,5,-1,122,0,0,-1,4
6,32,28,1,6,4,-1,8,0,0,-1,1
6,32,28,2,6,4,-1,30,0,0,-1,2
6,32,28,3,6,4,-1,122,0,0,-1,4
6,32,29,1,6,5,-1,8,0,0,-1,1
6,32,29,2,6,5,-1,29,0,0,-1,2
6,32,29,3,6,5,-1,126,0,0,-1,4
6,32,30,1,6,5,-1,8,0,0,-1,1
6,32,30,2,6,5,-1,31,0,0,-1,2
6,32,30,3,6,5,-1,121,0,0,-1,4
6,32,31,1,6,6,-1,8,0,0,-1,1
6,32,31,2,6,6,-1,24,0,0,-1,2
6,32,31,3,6,6,-1,128,0,0,-1,4
6,32,33,1,6,1,-1,6,0,0,-1,1
6,32,33,2,6,1,-1,31,0,0,-1,2
6,32,33,3,6,1,-1,124,0,0,-1,4
6,32,34,1,6,1,-1,8,0,0,-1,1
6,32,34,2,6,1,-1,32,0,0,-1,2
6,32,34,3,6,1,-1,128,0,0,-1,4
6,32,35,1,6,2,-1,8,0,0,-1,1
6,32,35,2,6,2,-1,32,0,0,-1,2
6,32,35,3,6,2,-1,128,0,0,-1,4
6,32,36,1,6,1,-1,8,0,0,-1,1
6,32,36,2,6,1,-1,32,0,0,-1,2
6,32,36,3,6,1,-1,64,0,0,-1,4
6,32,37,1,6,2,-1,7,0,0,-1,1
6,32,37,2,6,2,-1,31,0,0,-1,2
6,32,37,3,6,2,-1,124,0,0,-1,4
6,32,38,1,6,2,-1,8,0,0,-1,1
6,32,38,2,6,2,-1,32,0,0,-1,2
6,32,38,3,6,2,-1,128,0,0,-1,4
6,32,39,1,6,3,-1,8,0,0,-1,1
6,32,39,2,6,3,-1,32,0,0,-1,2
6,32,39,3,6,3,-1,120,0,0,-1,4
6,32,40,1,6,1,-1,8,0,0,-1,1
6,32,40,2,6,1,-1,32,0,0,-1,2
6,32,40,3,6,1,-1,128,0,0,-1,4
6,32,41,1,6,2,-1,7,0,0,-1,1
6,32,41,2,6,2,-1,29,0,0,-1,2
6,32,41,3,6,2,-1,127,0,0,-1,4
6,32,42,1,6,2,-1,8,0,0,-1,1
6,32,42,2,6,2,-1,16,0,0,-1,2
6,32,42,3,6,2,-1,128,0,0,-1,4
6,32,43,1,6,3,-1,8,0,0,-1,1
6,32,43,2,6,3,-1,31,0,0,-1,2
6,32,43,3,6,3,-1,128,0,0,-1,4
6,32,44,1,6,2,-1,8,0,0,-1,1
6,32,44,2,6,2,-1,32,0,0,-1,2
6,32,44,3,6,2,-1,128,0,0,-1,4
6,32,45,1,6,3,-1,8,0,0,-1,1
6,32,45,2,6,3,-1,30,0,0,-1,2
6,32,45,3,6,3,-1,124,0,0,-1,4
6,32,46,1,6,3,-1,8,0,0,-1,1
6,32,46,2,6,3,-1,30,0,0,-1,2
6,32,46,3,6,3,-1,128,0,0,-1,4
6,32,47,1,6,4,-1,8,0,0,-1,1
6,32,47,2,6,4,-1,30,0,0,-1,2
6,32,47,3,6,4,-1,128,0,0,-1,4
6,32,48,1,6,1,-1,8,0,0,-1,1
6,32,48,2,6,1,-1,32,0,0,-1,2
6,32,48,3,6,1,-1,128,0,0,-1,4
6,32,49,1,6,2,-1,8,0,0,-1,1
6,32,49,2,6,2,-1,30,0,0,-1,2
6,32,49,3,6,2,-1,122,0,0,-1,4
6,32,50,1,6,2,-1,8,0,0,-1,1
6,32,50,2,6,2,-1,32,0,0,-1,2
6,32,50,3,6,2,-1,128,0,0,-1,4
6,32,51,1,6,3,-1,8,0,0,-1,1
6,32,51,2,6,3,-1,31,0,0,-1,2
6,32,51,3,6,3,-1,128,0,0,-1,4
6,32,52,1,6,2,-1,8,0,0,-1,1
6,32,52,2,6,2,-1,32,0,0,-1,2
6,32,52,3,6,2,-1,128,0,0,-1,4
6,32,53,1,6,3,-1,8,0,0,-1,1
6,32,53,2,6,3,-1,31,0,0,-1,2
6,32,53,3,6,3,-1,127,0,0,-1,4
6,32,54,1,6,3,-1,8,0,0,-1,1
6,32,54,2,6,3,-1,30,0,0,-1,2
6,32,54,3,6,3,-1,124,0,0,-1,4
6,32,55,1,6,4,-1,8,0,0,-1,1
6,32,55,2,6,4,-1,32,0,0,-1,2
6,32,55,3,6,4,-1,124,0,0,-1,4
6,32,56,1,6,2,-1,8,0,0,-1,1
6,32,56,2,6,2,-1,32,0,0,-1,2
6,32,56,3,6,2,-1,128,0,0,-1,4
6,32,57,1,6,3,-1,8,0,0,-1,1
6,32,57,2,6,3,-1,32,0,0,-1,2
6,32,57,3,6,3,-1,127,0,0,-1,4
6,32,58,1,6,3,-1,8,0,0,-1,1
6,32,58,2,6,3,-1,32,0,0,-1,2
6,32,58,3,6,3,-1,128,0,0,-1,4
6,32,59,1,6,4,-1,8,0,0,-1,1
6,32,59,2,6,4,-1,30,0,0,-1,2
6,32,59,3,6,4,-1,128,0,0,-1,4
6,32,60,1,6,3,-1,8,0,0,-1,1
6,32,60,2,6,3,-1,32,0,0,-1,2
6,32,60,3,6,3,-1,128,0,0,-1,4
6,32,61,1,6,4,-1,8,0,0,-1,1
6,32,61,2,6,4,-1,32,0,0,-1,2
6,32,61,3,6,4,-1,128,0,0,-1,4
6,32,62,1,6,4,-1,8,0,0,-1,1
6,32,62,2,6,4,-1,32,0,0,-1,2
6,32,62,3,6,4,-1,128,0,0,-1,4
6,32,63,1,6,5,-1,5,0,0,-1,1
6,32,63,2,6,5,-1,20,0,0,-1,2
6,32,63,3,6,5,-1,96,0,0,-1,4
6,33,0,1,6,2,-1,5,0,0,-1,34
6,33,0,2,6,2,-1,20,0,0,-1,5
6,33,0,3,6,2,-1,80,0,0,-1,10
6,33,1,1,6,1,-1,8,0,0,-1,34
6,33,1,2,6,1,-1,32,0,0,-1,5
6,33,1,3,6,1,-1,128,0,0,-1,10
6,33,2,1,6,3,-1,8,0,0,-1,34
6,33,2,2,6,3,-1,29,0,0,-1,5
6,33,2,3,6,3,-1,119,0,0,-1,10
6,33,3,1,6,2,-1,8,0,0,-1,34
6,33,3,2,6,2,-1,30,0,0,-1,5
6,33,3,3,6,2,-1,128,0,0,-1,10
6,33,4,1,6,3,-1,8,0,0,-1,34
6,33,4,2,6,3,-1,27,0,0,-1,5
6,33,4,3,6,3,-1,128,0,0,-1,10
6,33,5,1,6,2,-1,8,0,0,-1,34
6,33,5,2,6,2,-1,24,0,1,-1,21
6,33,5,3,6,2,-1,128,0,0,-1,10
6,33,6,1,6,4,-1,8,0,0,-1,34
6,33,6,2,6,4,-1,32,0,0,-1,5
6,33,6,3,6,4,-1,128,0,0,-1,10
6,33,7,1,6,3,-1,8,0,0,-1,34
6,33,7,2,6,3,-1,31,0,0,-1,5
6,33,7,3,6,3,-1,128,0,0,-1,10
6,33,8,1,6,3,-1,8,0,0,-1,34
6,33,8,2,6,3,-1,32,0,0,-1,5
6,33,8,3,6,3,-1,110,0,0,-1,10
6,33,9,1,6,2,-1,8,0,0,-1,34
6,33,9,2,6,2,-1,32,0,0,-1,5
6,33,9,3,6,2,-1,124,0,0,-1,10
6,33,10,1,6,4,-1,8,0,0,-1,34
6,33,10,2,6,4,-1,31,0,0,-1,5
6,33,10,3,6,4,-1,114,0,1,-1,26
6,33,11,1,6,3,-1,8,0,0,-1,34
6,33,11,2,6,3,-1,31,0,0,-1,5
6,33,11,3,6,3,-1,126,0,0,-1,10
6,33,12,1,6,4,-1,8,0,0,-1,34
6,33,12,2,6,4,-1,32,0,0,-1,5
6,33,12,3,6,4,-1,126,0,0,-1,10
6,33,13,1,6,3,-1,8,0,0,-1,34
6,33,13,2,6,3,-1,32,0,0,-1,5
6,33,13,3,6,3,-1,128,0,0,-1,10
6,33,14,1,6,5,-1,8,0,0,-1,34
6,33,14,2,6,5,-1,31,0,0,-1,5
6,33,14,3,6,5,-1,128,0,0,-1,10
6,33,15,1,6,4,-1,8,0,0,-1,34
6,33,15,2,6,4,-1,32,0,0,-1,5
6,33,15,3,6,4,-1,126,0,0,-1,10
6,33,16,1,6,3,-1,8,0,0,-1,34
6,33,16,2,6,3,-1,32,0,0,-1,5
6,33,16,3,6,3,-1,128,0,0,-1,10
6,33,17,1,6,2,-1,8,0,0,-1,34
6,33,17,2,6,2,-1,32,0,0,-1,5
6,33,17,3,6,2,-1,128,0,0,-1,10
6,33,18,1,6,4,-1,8,0,0,-1,34
6,33,18,2,6,4,-1,32,0,0,-1,5
6,33,18,3,6,4,-1,117,0,0,-1,10
6,33,19,1,6,3,-1,7,0,0,-1,34
6,33,19,2,6,3,-1,29,0,0,-1,5
6,33,19,3,6,3,-1,126,0,0,-1,10
6,33,20,1,6,4,-1,8,0,0,-1,34
6,33,20,2,6,4,-1,32,0,0,-1,5
6,33,20,3,6,4,-1,128,0,0,-1,10
6,33,21,1,6,3,-1,8,0,0,-1,34
6,33,21,2,6,3,-1,15,0,0,-1,5
6,33,21,3,6,3,-1,128,0,0,-1,10
6,33,22,1,6,5,-1,8,0,0,-1,34
6,33,22,2,6,5,-1,31,0,0,-1,5
6,33,22,3,6,5,-1,128,0,0,-1,10
6,33,23,1,6,4,-1,8,0,0,-1,34
6,33,23,2,6,4,-1,32,0,0,-1,5
6,33,23,3,6,4,-1,128,0,0,-1,10
6,33,24,1,6,4,-1,8,0,0,-1,34
6,33,24,2,6,4,-1,32,0,0,-1,5
6,33,24,3,6,4,-1,128,0,0,-1,10
6,33,25,1,6,3,-1,8,0,0,-1,34
6,33,25,2,6,3,-1,32,0,0,-1,5
6,33,25,3,6,3,-1,128,0,0,-1,10
6,33,26,1,6,5,-1,8,0,0,-1,34
6,33,26,2,6,5,-1,32,0,0,-1,5
6,33,26,3,6,5,-1,121,0,0,-1,10
6,33,27,1,6,4,-1,8,0,0,-1,34
6,33,27,2,6,4,-1,31,0,0,-1,5
6,33,27,3,6,4,-1,123,0,0,-1,10
6,33,28,1,6,5,-1,8,0,0,-1,34
6,33,28,2,6,5,-1,32,0,0,-1,5
6,33,28,3,6,5,-1,128,0,0,-1,10
6,33,29,1,6,4,-1,8,0,0,-1,34
6,33,29,2,6,4,-1,29,0,0,-1,5
6,33,29,3,6,4,-1,128,0,0,-1,10
6,33,30,1,6,6,-1,8,0,0,-1,34
6,33,30,2,6,6,-1,32,0,0,-1,5
6,33,30,3,6,6,-1,128,0,0,-1,10
6,33,31,1,6,5,-1,8,0,0,-1,34
6,33,31,2,6,5,-1,32,0,0,-1,5
6,33,31,3,6,5,-1,128,0,0,-1,10
6,33,32,1,6,1,-1,6,0,0,-1,34
6,33,32,2,6,1,-1,31,0,0,-1,5
6,33,32,3,6,1,-1,124,0,0,-1,10
6,33,34,1,6,2,-1,6,0,1,-1,38
6,33,34,2,6,2,-1,29,0,0,-1,5
6,33,34,3,6,2,-1,128,0,0,-1,10
6,33,35,1,6,1,-1,6,0,0,-1,34
6,33,35,2,6,1,-1,28,0,0,-1,5
6,33,35,3,6,1,-1,126,0,0,-1,10
6,33,36,1,6,2,-1,8,0,0,-1,34
6,33,36,2,6,2,-1,32,0,0,-1,5
6,33,36,3,6,2,-1,123,0,0,-1,10
6,33,37,1,6,1,-1,8,0,0,-1,34
6,33,37,2,6,1,-1,32,0,0,-1,5
6,33,37,3,6,1,-1,128,0,0,-1,10
6,33,38,1,6,3,-1,7,0,0,-1,34
6,33,38,2,6,3,-1,32,0,0,-1,5
6,33,38,3,6,3,-1,128,0,0,-1,10
6,33,39,1,6,2,-1,8,0,0,-1,34
6,33,39,2,6,2,-1,30,0,0,-1,5
6,33,39,3,6,2,-1,128,0,0,-1,10
6,33,40,1,6,2,-1,8,0,0,-1,34
6,33,40,2,6,2,-1,31,0,0,-1,5
6,33,40,3,6,2,-1,126,0,0,-1,10
6,33,41,1,6,1,-1,8,0,0,-1,34
6,33,41,2,6,1,-1,32,0,0,-1,5
6,33,41,3,6,1,-1,128,0,0,-1,10
6,33,42,1,6,3,-1,7,0,0,-1,34
6,33,42,2,6,3,-1,26,0,0,-1,5
6,33,42,3,6,3,-1,128,0,0,-1,10
6,33,43,1,6,2,-1,7,0,0,-1,34
6,33,43,2,6,2,-1,32,0,0,-1,5
6,33,43,3,6,2,-1,128,0,0,-1,10
6,33,44,1,6,3,-1,8,0,0,-1,34
6,33,44,2,6,3,-1,31,0,0,-1,5
6,33,44,3,6,3,-1,125,0,0,-1,10
6,33,45,1,6,2,-1,8,0,0,-1,34
6,33,45,2,6,2,-1,32,0,0,-1,5
6,33,45,3,6,2,-1,124,0,0,-1,10
6,33,46,1,6,4,-1,7,0,0,-1,34
6,33,46,2,6,4,-1,31,0,0,-1,5
6,33,46,3,6,4,-1,120,0,0,-1,10
6,33,47,1,6,3,-1,8,0,0,-1,34
6,33,47,2,6,3,-1,32,0,0,-1,5
6,33,47,3,6,3,-1,120,0,0,-1,10
6,33,48,1,6,2,-1,8,0,0,-1,34
6,33,48,2,6,2,-1,30,0,0,-1,5
6,33,48,3,6,2,-1,128,0,0,-1,10
6,33,49,1,6,1,-1,8,0,0,-1,34
6,33,49,2,6,1,-1,32,0,0,-1,5
6,33,49,3,6,1,-1,128,0,0,-1,10
6,33,50,1,6,3,-1,8,0,0,-1,34
6,33,50,2,6,3,-1,28,0,0,-1,5
6,33,50,3,6,3,-1,125,0,0,-1,10
6,33,51,1,6,2,-1,8,0,0,-1,34
6,33,51,2,6,2,-1,30,0,0,-1,5
6,33,51,3,6,2,-1,124,0,0,-1,10
6,33,52,1,6,3,-1,8,0,0,-1,34
6,33,52,2,6,3,-1,30,0,0,-1,5
6,33,52,3,6,3,-1,128,0,0,-1,10
6,33,53,1,6,2,-1,8,0,0,-1,34
6,33,53,2,6,2,-1,32,0,0,-1,5
6,33,53,3,6,2,-1,128,0,0,-1,10
6,33,54,1,6,4,-1,8,0,0,-1,34
6,33,54,2,6,4,-1,32,0,0,-1,5
6,33,54,3,6,4,-1,124,0,0,-1,10
6,33,55,1,6,3,-1,8,0,0,-1,34
6,33,55,2,6,3,-1,31,0,0,-1,5
6,33,55,3,6,3,-1,128,0,0,-1,10
6,33,56,1,6,3,-1,8,0,0,-1,34
6,33,56,2,6,3,-1,32,0,0,-1,5
6,33,56,3,6,3,-1,126,0,0,-1,10
6,33,57,1,6,2,-1,8,0,0,-1,34
6,33,57,2,6,2,-1,32,0,0,-1,5
6,33,57,3,6,2,-1,128,0,0,-1,10
6,33,58,1,6,4,-1,8,0,0,-1,34
6,33,58,2,6,4,-1,28,0,0,-1,5
6,33,58,3,6,4,-1,128,0,0,-1,10
6,33,59,1,6,3,-1,8,0,0,-1,34
6,33,59,2,6,3,-1,32,0,0,-1,5
6,33,59,3,6,3,-1,127,0,0,-1,10
6,33,60,1,6,4,-1,8,0,0,-1,34
6,33,60,2,6,4,-1,32,0,0,-1,5
6,33,60,3,6,4,-1,128,0,0,-1,10
6,33,61,1,6,3,-1,8,0,0,-1,34
6,33,61,2,6,3,-1,32,0,0,-1,5
6,33,61,3,6,3,-1,128,0,0,-1,10
6,33,62,1,6,5,-1,8,0,0,-1,34
6,33,62,2,6,5,-1,31,0,0,-1,5
6,33,62,3,6,5,-1,121,0,0,-1,10
6,33,63,1,6,4,-1,5,0,0,-1,34
6,33,63,2,6,4,-1,22,0,0,-1,5
6,33,63,3,6,4,-1,99,0,0,-1,10
6,34,0,1,6,2,-1,4,0,0,-1,5
6,34,0,2,6,2,-1,16,0,0,-1,10
6,34,0,3,6,2,-1,64,0,0,-1,20
6,34,1,1,6,3,-1,7,0,0,-1,5
6,34,1,2,6,3,-1,31,0,0,-1,10
6,34,1,3,6,3,-1,128,0,0,-1,20
6,34,2,1,6,1,-1,8,0,0,-1,5
6,34,2,2,6,1,-1,32,0,0,-1,10
6,34,2,3,6,1,-1,128,0,0,-1,20
6,34,3,1,6,2,-1,8,0,0,-1,5
6,34,3,2,6,2,-1,32,0,0,-1,10
6,34,3,3,6,2,-1,128,0,0,-1,20
6,34,4,1,6,3,-1,8,0,0,-1,5
6,34,4,2,6,3,-1,32,0,0,-1,10
6,34,4,3,6,3,-1,109,0,0,-1,20
6,34,5,1,6,4,-1,6,0,1,-1,13
6,34,5,2,6,4,-1,32,0,0,-1,10
6,34,5,3,6,4,-1,128,0,0,-1,20
6,34,6,1,6,2,-1,8,0,0,-1,5
6,34,6,2,6,2,-1,31,0,0,-1,10
6,34,6,3,6,2,-1,126,0,0,-1,20
6,34,7,1,6,3,-1,7,0,0,-1,5
6,34,7,2,6,3,-1,30,0,0,-1,10
6,34,7,3,6,3,-1,126,0,0,-1,20
6,34,8,1,6,3,-1,8,0,0,-1,5
6,34,8,2,6,3,-1,32,0,0,-1,10
6,34,8,3,6,3,-1,128,0,0,-1,20
6,34,9,1,6,4,-1,8,0,0,-1,5
6,34,9,2,6,4,-1,26,0,0,-1,10
6,34,9,3,6,4,-1,120,0,0,-1,20
6,34,10,1,6,2,-1,8,0,0,-1,5
6,34,10,2,6,2,-1,16,0,1,-1,40
6,34,10,3,6,2,-1,128,0,0,-1,20
6,34,11,1,6,3,-1,8,0,0,-1,5
6,34,11,2,6,3,-1,32,0,0,-1,10
6,34,11,3,6,3,-1,128,0,0,-1,20
6,34,12,1,6,4,-1,8,0,0,-1,5
6,34,12,2,6,4,-1,32,0,0,-1,10
6,34,12,3,6,4,-1,128,0,0,-1,20
6,34,13,1,6,5,-1,8,0,0,-1,5
6,34,13,2,6,5,-1,32,0,0,-1,10
6,34,13,3,6,5,-1,128,0,0,-1,20
6,34,14,1,6,3,-1,8,0,0,-1,5
6,34,14,2,6,3,-1,32,0,0,-1,10
6,34,14,3,6,3,-1,128,0,0,-1,20
6,34,15,1,6,4,-1,8,0,0,-1,5
6,34,15,2,6,4,-1,32,0,0,-1,10
6,34,15,3,6,4,-1,128,0,0,-1,20
6,34,16,1,6,3,-1,8,0,0,-1,5
6,34,16,2,6,3,-1,32,0,0,-1,10
6,34,16,3,6,3,-1,128,0,0,-1,20
6,34,17,1,6,4,-1,6,0,0,-1,5
6,34,17,2,6,4,-1,32,0,0,-1,10
6,34,17,3,6,4,-1,128,0,0,-1,20
6,34,18,1,6,2,-1,8,0,0,-1,5
6,34,18,2,6,2,-1,32,0,0,-1,10
6,34,18,3,6,2,-1,112,0,0,-1,20
6,34,19,1,6,3,-1,8,0,0,-1,5
6,34,19,2,6,3,-1,32,0,0,-1,10
6,34,19,3,6,3,-1,128,0,0,-1,20
6,34,20,1,6,4,-1,8,0,0,-1,5
6,34,20,2,6,4,-1,28,0,0,-1,10
6,34,20,3,6,4,-1,104,0,1,-1,48
6,34,21,1,6,5,-1,7,0,0,-1,5
6,34,21,2,6,5,-1,22,0,0,-1,10
6,34,21,3,6,5,-1,122,0,0,-1,20
6,34,22,1,6,3,-1,8,0,0,-1,5
6,34,22,2,6,3,-1,31,0,0,-1,10
6,34,22,3,6,3,-1,127,0,0,-1,20
6,34,23,1,6,4,-1,8,0,0,-1,5
6,34,23,2,6,4,-1,30,0,0,-1,10
6,34,23,3,6,4,-1,128,0,0,-1,20
6,34,24,1,6,4,-1,8,0,0,-1,5
6,34,24,2,6,4,-1,31,0,0,-1,10
6,34,24,3,6,4,-1,114,0,0,-1,20
6,34,25,1,6,5,-1,8,0,0,-1,5
6,34,25,2,6,5,-1,31,0,0,-1,10
6,34,25,3,6,5,-1,119,0,0,-1,20
6,34,26,1,6,3,-1,8,0,0,-1,5
6,34,26,2,6,3,-1,32,0,0,-1,10
6,34,26,3,6,3,-1,115,0,0,-1,20
6,34,27,1,6,4,-1,8,0,0,-1,5
6,34,27,2,6,4,-1,32,0,0,-1,10
6,34,27,3,6,4,-1,118,0,0,-1,20
6,34,28,1,6,5,-1,8,0,0,-1,5
6,34,28,2,6,5,-1,30,0,0,-1,10
6,34,28,3,6,5,-1,121,0,0,-1,20
6,34,29,1,6,6,-1,8,0,0,-1,5
6,34,29,2,6,6,-1,24,0,0,-1,10
6,34,29,3,6,6,-1,128,0,0,-1,20
6,34,30,1,6,4,-1,7,0,0,-1,5
6,34,30,2,6,4,-1,31,0,0,-1,10
6,34,30,3,6,4,-1,120,0,0,-1,20
6,34,31,1,6,5,-1,8,0,0,-1,5
6,34,31,2,6,5,-1,29,0,0,-1,10
6,34,31,3,6,5,-1,125,0,0,-1,20
6,34,32,1,6,1,-1,8,0,0,-1,5
6,34,32,2,6,1,-1,32,0,0,-1,10
6,34,32,3,6,1,-1,128,0,0,-1,20
6,34,33,1,6,2,-1,6,0,0,-1,5
6,34,33,2,6,2,-1,29,0,0,-1,10
6,34,33,3,6,2,-1,128,0,0,-1,20
6,34,35,1,6,1,-1,8,0,0,-1,5
6,34,35,2,6,1,-1,32,0,0,-1,10
6,34,35,3,6,1,-1,128,0,0,-1,20
6,34,36,1,6,2,-1,8,0,0,-1,5
6,34,36,2,6,2,-1,32,0,0,-1,10
6,34,36,3,6,2,-1,114,0,0,-1,20
6,34,37,1,6,3,-1,6,0,0,-1,5
6,34,37,2,6,3,-1,32,0,0,-1,10
6,34,37,3,6,3,-1,124,0,0,-1,20
6,34,38,1,6,1,-1,8,0,0,-1,5
6,34,38,2,6,1,-1,32,0,0,-1,10
6,34,38,3,6,1,-1,125,0,0,-1,20
6,34,39,1,6,2,-1,7,0,0,-1,5
6,34,39,2,6,2,-1,32,0,0,-1,10
6,34,39,3,6,2,-1,128,0,0,-1,20
6,34,40,1,6,2,-1,8,0,0,-1,5
6,34,40,2,6,2,-1,16,0,0,-1,10
6,34,40,3,6,2,-1,128,0,0,-1,20
6,34,41,1,6,3,-1,8,0,0,-1,5
6,34,41,2,6,3,-1,26,0,0,-1,10
6,34,41,3,6,3,-1,127,0,0,-1,20
6,34,42,1,6,1,-1,8,0,0,-1,5
6,34,42,2,6,1,-1,16,0,0,-1,10
6,34,42,3,6,1,-1,128,0,0,-1,20
6,34,43,1,6,2,-1,8,0,0,-1,5
6,34,43,2,6,2,-1,32,0,0,-1,10
6,34,43,3,6,2,-1,128,0,0,-1,20
6,34,44,1,6,3,-1,8,0,0,-1,5
6,34,44,2,6,3,-1,31,0,0,-1,10
6,34,44,3,6,3,-1,128,0,0,-1,20
6,34,45,1,6,4,-1,8,0,0,-1,5
6,34,45,2,6,4,-1,31,0,0,-1,10
6,34,45,3,6,4,-1,124,0,0,-1,20
6,34,46,1,6,2,-1,8,0,0,-1,5
6,34,46,2,6,2,-1,30,0,0,-1,10
6,34,46,3,6,2,-1,128,0,0,-1,20
6,34,47,1,6,3,-1,8,0,0,-1,5
6,34,47,2,6,3,-1,31,0,0,-1,10
6,34,47,3,6,3,-1,128,0,0,-1,20
6,34,48,1,6,2,-1,8,0,0,-1,5
6,34,48,2,6,2,-1,24,0,0,-1,10
6,34,48,3,6,2,-1,128,0,0,-1,20
6,34,49,1,6,3,-1,8,0,0,-1,5
6,34,49,2,6,3,-1,29,0,0,-1,10
6,34,49,3,6,3,-1,128,0,0,-1,20
6,34,50,1,6,1,-1,8,0,0,-1,5
6,34,50,2,6,1,-1,32,0,0,-1,10
6,34,50,3,6,1,-1,128,0,0,-1,20
6,34,51,1,6,2,-1,8,0,0,-1,5
6,34,51,2,6,2,-1,32,0,0,-1,10
6,34,51,3,6,2,-1,128,0,0,-1,20
6,34,52,1,6,3,-1,8,0,0,-1,5
6,34,52,2,6,3,-1,31,0,0,-1,10
6,34,52,3,6,3,-1,119,0,0,-1,20
6,34,53,1,6,4,-1,8,0,0,-1,5
6,34,53,2,6,4,-1,32,0,0,-1,10
6,34,53,3,6,4,-1,128,0,0,-1,20
6,34,54,1,6,2,-1,8,0,0,-1,5
6,34,54,2,6,2,-1,30,0,0,-1,10
6,34,54,3,6,2,-1,121,0,0,-1,20
6,34,55,1,6,3,-1,8,0,0,-1,5
6,34,55,2,6,3,-1,31,0,0,-1,10
6,34,55,3,6,3,-1,127,0,0,-1,20
6,34,56,1,6,3,-1,8,0,0,-1,5
6,34,56,2,6,3,-1,26,0,0,-1,10
6,34,56,3,6,3,-1,128,0,0,-1,20
6,34,57,1,6,4,-1,8,0,0,-1,5
6,34,57,2,6,4,-1,28,0,0,-1,10
6,34,57,3,6,4,-1,128,0,0,-1,20
6,34,58,1,6,2,-1,8,0,0,-1,5
6,34,58,2,6,2,-1,32,0,0,-1,10
6,34,58,3,6,2,-1,128,0,0,-1,20
6,34,59,1,6,3,-1,8,0,0,-1,5
6,34,59,2,6,3,-1,32,0,0,-1,10
6,34,59,3,6,3,-1,128,0,0,-1,20
6,34,60,1,6,4,-1,8,0,0,-1,5
6,34,60,2,6,4,-1,29,0,0,-1,10
6,34,60,3,6,4,-1,128,0,0,-1,20
6,34,61,1,6,5,-1,8,0,0,-1,5
6,34,61,2,6,5,-1,29,0,0,-1,10
6,34,61,3,6,5,-1,126,0,0,-1,20
6,34,62,1,6,3,-1,8,0,0,-1,5
6,34,62,2,6,3,-1,30,0,0,-1,10
6,34,62,3,6,3,-1,128,0,0,-1,20
6,34,63,1,6,4,-1,5,0,0,-1,5
6,34,63,2,6,4,-1,21,0,0,-1,10
6,34,63,3,6,4,-1,93,0,0,-1,20
6,35,0,1,6,3,-1,5,0,0,-1,37
6,35,0,2,6,3,-1,22,0,0,-1,42
6,35,0,3,6,3,-1,95,0,0,-1,21
6,35,1,1,6,2,-1,8,0,0,-1,37
6,35,1,2,6,2,-1,30,0,0,-1,42
6,35,1,3,6,2,-1,122,0,0,-1,21
6,35,2,1,6,2,-1,8,0,0,-1,37
6,35,2,2,6,2,-1,32,0,0,-1,42
6,35,2,3,6,2,-1,128,0,0,-1,21
6,35,3,1,6,1,-1,8,0,0,-1,37
6,35,3,2,6,1,-1,32,0,0,-1,42
6,35,3,3,6,1,-1,128,0,0,-1,21
6,35,4,1,6,4,-1,8,0,0,-1,37
6,35,4,2,6,4,-1,30,0,0,-1,42
6,35,4,3,6,4,-1,122,0,0,-1,21
6,35,5,1,6,3,-1,8,0,0,-1,37
6,35,5,2,6,3,-1,29,0,0,-1,42
6,35,5,3,6,3,-1,128,0,0,-1,21
6,35,6,1,6,3,-1,8,0,0,-1,37
6,35,6,2,6,3,-1,32,0,0,-1,42
6,35,6,3,6,3,-1,126,0,0,-1,21
6,35,7,1,6,2,-1,8,0,0,-1,37
6,35,7,2,6,2,-1,30,0,0,-1,42
6,35,7,3,6,2,-1,126,0,0,-1,21
6,35,8,1,6,4,-1,8,0,0,-1,37
6,35,8,2,6,4,-1,27,0,0,-1,42
6,35,8,3,6,4,-1,128,0,0,-1,21
6,35,9,1,6,3,-1,8,0,0,-1,37
6,35,9,2,6,3,-1,31,0,0,-1,42
6,35,9,3,6,3,-1,124,0,0,-1,21
6,35,10,1,6,3,-1,8,0,0,-1,37
6,35,10,2,6,3,-1,26,0,0,-1,42
6,35,10,3,6,3,-1,128,0,0,-1,21
6,35,11,1,6,2,-1,8,0,0,-1,37
6,35,11,2,6,2,-1,32,0,0,-1,42
6,35,11,3,6,2,-1,128,0,0,-1,21
6,35,12,1,6,5,-1,8,0,0,-1,37
6,35,12,2,6,5,-1,32,0,0,-1,42
6,35,12,3,6,5,-1,128,0,0,-1,21
6,35,13,1,6,4,-1,8,0,0,-1,37
6,35,13,2,6,4,-1,32,0,0,-1,42
6,35,13,3,6,4,-1,128,0,0,-1,21
6,35,14,1,6,4,-1,8,0,0,-1,37
6,35,14,2,6,4,-1,30,0,0,-1,42
6,35,14,3,6,4,-1,128,0,0,-1,21
6,35,15,1,6,3,-1,8,0,0,-1,37
6,35,15,2,6,3,-1,31,0,0,-1,42
6,35,15,3,6,3,-1,128,0,0,-1,21
6,35,16,1,6,4,-1,8,0,0,-1,37
6,35,16,2,6,4,-1,31,0,0,-1,42
6,35,16,3,6,4,-1,124,0,0,-1,21
6,35,17,1,6,3,-1,7,0,0,-1,37
6,35,17,2,6,3,-1,30,0,0,-1,42
6,35,17,3,6,3,-1,126,0,0,-1,21
6,35,18,1,6,3,-1,8,0,0,-1,37
6,35,18,2,6,3,-1,32,0,0,-1,42
6,35,18,3,6,3,-1,116,0,0,-1,21
6,35,19,1,6,2,-1,8,0,0,-1,37
6,35,19,2,6,2,-1,32,0,0,-1,42
6,35,19,3,6,2,-1,128,0,0,-1,21
6,35,20,1,6,5,-1,8,0,0,-1,37
6,35,20,2,6,5,-1,30,0,0,-1,42
6,35,20,3,6,5,-1,121,0,0,-1,21
6,35,21,1,6,4,-1,8,0,0,-1,37
6,35,21,2,6,4,-1,27,0,0,-1,42
6,35,21,3,6,4,-1,119,0,3,-1,29
6,35,22,1,6,4,-1,8,0,0,-1,37
6,35,22,2,6,4,-1,31,0,0,-1,42
6,35,22,3,6,4,-1,127,0,0,-1,21
6,35,23,1,6,3,-1,7,0,0,-1,37
6,35,23,2,6,3,-1,30,0,0,-1,42
6,35,23,3,6,3,-1,126,0,0,-1,21
6,35,24,1,6,5,-1,8,0,0,-1,37
6,35,24,2,6,5,-1,31,0,0,-1,42
6,35,24,3,6,5,-1,128,0,0,-1,21
6,35,25,1,6,4,-1,8,0,0,-1,37
6,35,25,2,6,4,-1,31,0,0,-1,42
6,35,25,3,6,4,-1,127,0,0,-1,21
6,35,26,1,6,4,-1,8,0,0,-1,37
6,35,26,2,6,4,-1,31,0,0,-1,42
6,35,26,3,6,4,-1,128,0,0,-1,21
6,35,27,1,6,3,-1,8,0,0,-1,37
6,35,27,2,6,3,-1,32,0,0,-1,42
6,35,27,3,6,3,-1,116,0,0,-1,21
6,35,28,1,6,6,-1,8,0,0,-1,37
6,35,28,2,6,6,-1,32,0,0,-1,42
6,35,28,3,6,6,-1,112,0,0,-1,21
6,35,29,1,6,5,-1,8,0,0,-1,37
6,35,29,2,6,5,-1,30,0,0,-1,42
6,35,29,3,6,5,-1,121,0,0,-1,21
6,35,30,1,6,5,-1,8,0,0,-1,37
6,35,30,2,6,5,-1,31,0,0,-1,42
6,35,30,3,6,5,-1,128,0,0,-1,21
6,35,31,1,6,4,-1,8,0,0,-1,37
6,35,31,2,6,4,-1,31,0,0,-1,42
6,35,31,3,6,4,-1,124,0,0,-1,21
6,35,32,1,6,2,-1,8,0,0,-1,37
6,35,32,2,6,2,-1,32,0,0,-1,42
6,35,32,3,6,2,-1,128,0,0,-1,21
6,35,33,1,6,1,-1,6,0,0,-1,37
6,35,33,2,6,1,-1,28,0,0,-1,42
6,35,33,3,6,1,-1,126,0,0,-1,21
6,35,34,1,6,1,-1,8,0,0,-1,37
6,35,34,2,6,1,-1,32,0,0,-1,42
6,35,34,3,6,1,-1,128,0,0,-1,21
6,35,36,1,6,3,-1,7,0,0,-1,37
6,35,36,2,6,3,-1,32,0,0,-1,42
6,35,36,3,6,3,-1,122,0,0,-1,21
6,35,37,1,6,2,-1,6,0,1,-1,45
6,35,37,2,6,2,-1,27,0,0,-1,42
6,35,37,3,6,2,-1,127,0,0,-1,21
6,35,38,1,6,2,-1,8,0,0,-1,37
6,35,38,2,6,2,-1,30,0,0,-1,42
6,35,38,3,6,2,-1,125,0,0,-1,21
6,35,39,1,6,1,-1,6,0,0,-1,37
6,35,39,2,6,1,-1,28,0,0,-1,42
6,35,39,3,6,1,-1,126,0,0,-1,21
6,35,40,1,6,3,-1,8,0,0,-1,37
6,35,40,2,6,3,-1,32,0,0,-1,42
6,35,40,3,6,3,-1,128,0,0,-1,21
6,35,41,1,6,2,-1,8,0,0,-1,37
6,35,41,2,6,2,-1,30,0,0,-1,42
6,35,41,3,6,2,-1,125,0,0,-1,21
6,35,42,1,6,2,-1,8,0,0,-1,37
6,35,42,2,6,2,-1,19,0,2,-1,58
6,35,42,3,6,2,-1,128,0,0,-1,21
6,35,43,1,6,1,-1,8,0,0,-1,37
6,35,43,2,6,1,-1,32,0,0,-1,42
6,35,43,3,6,1,-1,128,0,0,-1,21
6,35,44,1,6,4,-1,7,0,0,-1,37
6,35,44,2,6,4,-1,32,0,0,-1,42
6,35,44,3,6,4,-1,128,0,0,-1,21
6,35,45,1,6,3,-1,7,0,0,-1,37
6,35,45,2,6,3,-1,32,0,0,-1,42
6,35,45,3,6,3,-1,122,0,0,-1,21
6,35,46,1,6,3,-1,8,0,0,-1,37
6,35,46,2,6,3,-1,32,0,0,-1,42
6,35,46,3,6,3,-1,128,0,0,-1,21
6,35,47,1,6,2,-1,8,0,0,-1,37
6,35,47,2,6,2,-1,32,0,0,-1,42
6,35,47,3,6,2,-1,128,0,0,-1,21
6,35,48,1,6,3,-1,8,0,0,-1,37
6,35,48,2,6,3,-1,31,0,0,-1,42
6,35,48,3,6,3,-1,128,0,0,-1,21
6,35,49,1,6,2,-1,8,0,0,-1,37
6,35,49,2,6,2,-1,30,0,0,-1,42
6,35,49,3,6,2,-1,126,0,0,-1,21
6,35,50,1,6,2,-1,8,0,0,-1,37
6,35,50,2,6,2,-1,32,0,0,-1,42
6,35,50,3,6,2,-1,128,0,0,-1,21
6,35,51,1,6,1,-1,8,0,0,-1,37
6,35,51,2,6,1,-1,32,0,0,-1,42
6,35,51,3,6,1,-1,128,0,0,-1,21
6,35,52,1,6,4,-1,8,0,0,-1,37
6,35,52,2,6,4,-1,32,0,0,-1,42
6,35,52,3,6,4,-1,128,0,0,-1,21
6,35,53,1,6,3,-1,8,0,0,-1,37
6,35,53,2,6,3,-1,29,0,0,-1,42
6,35,53,3,6,3,-1,128,0,0,-1,21
6,35,54,1,6,3,-1,8,0,0,-1,37
6,35,54,2,6,3,-1,31,0,0,-1,42
6,35,54,3,6,3,-1,124,0,0,-1,21
6,35,55,1,6,2,-1,8,0,0,-1,37
6,35,55,2,6,2,-1,30,0,0,-1,42
6,35,55,3,6,2,-1,122,0,0,-1,21
6,35,56,1,6,4,-1,8,0,0,-1,37
6,35,56,2,6,4,-1,30,0,0,-1,42
6,35,56,3,6,4,-1,128,0,0,-1,21
6,35,57,1,6,3,-1,8,0,0,-1,37
6,35,57,2,6,3,-1,32,0,0,-1,42
6,35,57,3,6,3,-1,126,0,0,-1,21
6,35,58,1,6,3,-1,8,0,0,-1,37
6,35,58,2,6,3,-1,26,0,0,-1,42
6,35,58,3,6,3,-1,128,0,0,-1,21
6,35,59,1,6,2,-1,8,0,0,-1,37
6,35,59,2,6,2,-1,32,0,0,-1,42
6,35,59,3,6,2,-1,128,0,0,-1,21
6,35,60,1,6,5,-1,8,0,0,-1,37
6,35,60,2,6,5,-1,32,0,0,-1,42
6,35,60,3,6,5,-1,128,0,0,-1,21
6,35,61,1,6,4,-1,8,0,0,-1,37
6,35,61,2,6,4,-1,30,0,0,-1,42
6,35,61,3,6,4,-1,122,0,0,-1,21
6,35,62,1,6,4,-1,8,0,0,-1,37
6,35,62,2,6,4,-1,27,0,0,-1,42
6,35,62,3,6,4,-1,128,0,0,-1,21
6,35,63,1,6,3,-1,5,0,0,-1,37
6,35,63,2,6,3,-1,22,0,0,-1,42
6,35,63,3,6,3,-1,95,0,0,-1,21
6,36,0,1,3,2,-1,4,0,0,-1,9
6,36,0,2,3,2,-1,16,0,0,-1,18
6,36,0,3,3,2,-1,0,64,1,0,0
6,36,1,1,6,3,-1,8,0,0,-1,9
6,36,1,2,6,3,-1,32,0,0,-1,18
6,36,1,3,6,3,-1,112,0,1,-1,12
6,36,2,1,6,3,-1,8,0,0,-1,9
6,36,2,2,6,3,-1,31,0,0,-1,18
6,36,2,3,6,3,-1,118,0,1,-1,0
6,36,3,1,6,4,-1,8,0,0,-1,9
6,36,3,2,6,4,-1,32,0,0,-1,18
6,36,3,3,6,4,-1,117,0,1,-1,4
6,36,4,1,6,1,-1,8,0,0,-1,9
6,36,4,2,6,1,-1,32,0,0,-1,18
6,36,4,3,6,1,-1,64,0,1,-1,32
6,36,5,1,6,2,-1,8,0,0,-1,9
6,36,5,2,6,2,-1,32,0,0,-1,18
6,36,5,3,6,2,-1,112,0,1,-1,44
6,36,6,1,6,2,-1,8,0,0,-1,9
6,36,6,2,6,2,-1,32,0,0,-1,18
6,36,6,3,6,2,-1,124,0,1,-1,32
6,36,7,1,6,3,-1,8,0,0,-1,9
6,36,7,2,6,3,-1,32,0,0,-1,18
6,36,7,3,6,3,-1,116,0,2,-1,44
6,36,8,1,6,3,-1,8,0,0,-1,9
6,36,8,2,6,3,-1,32,0,0,-1,18
6,36,8,3,6,3,-1,112,0,1,-1,33
6,36,9,1,3,4,-1,6,0,1,-1,27
6,36,9,2,3,4,-1,24,0,0,-1,18
6,36,9,3,3,4,-1,93,0,1,-1,45
6,36,10,1,6,4,-1,8,0,0,-1,9
6,36,10,2,6,4,-1,26,0,0,-1,18
6,36,10,3,6,4,-1,120,0,1,-1,33
6,36,11,1,6,5,-1,8,0,0,-1,9
6,36,11,2,6,5,-1,32,0,0,-1,18
6,36,11,3,6,5,-1,120,0,1,-1,37
6,36,12,1,6,2,-1,8,0,0,-1,9
6,36,12,2,6,2,-1,32,0,0,-1,18
6,36,12,3,6,2,-1,123,0,1,-1,33
6,36,13,1,6,3,-1,7,0,0,-1,9
6,36,13,2,6,3,-1,29,0,0,-1,18
6,36,13,3,6,3,-1,122,0,1,-1,45
6,36,14,1,6,3,-1,8,0,0,-1,9
6,36,14,2,6,3,-1,31,0,0,-1,18
6,36,14,3,6,3,-1,124,0,1,-1,33
6,36,15,1,6,4,-1,8,0,0,-1,9
6,36,15,2,6,4,-1,31,0,0,-1,18
6,36,15,3,6,4,-1,123,0,1,-1,37
6,36,16,1,6,3,-1,8,0,0,-1,9
6,36,16,2,6,3,-1,31,0,0,-1,18
6,36,16,3,6,3,-1,118,0,1,-1,0
6,36,17,1,6,4,-1,8,0,0,-1,9
6,36,17,2,6,4,-1,26,0,0,-1,18
6,36,17,3,6,4,-1,120,0,1,-1,12
6,36,18,1,3,4,-1,6,0,0,-1,9
6,36,18,2,3,4,-1,24,0,1,-1,0
6,36,18,3,3,4,-1,93,0,1,-1,0
6,36,19,1,6,5,-1,8,0,0,-1,9
6,36,19,2,6,5,-1,32,0,0,-1,18
6,36,19,3,6,5,-1,123,0,1,-1,4
6,36,20,1,6,2,-1,8,0,0,-1,9
6,36,20,2,6,2,-1,32,0,0,-1,18
6,36,20,3,6,2,-1,114,0,1,-1,32
6,36,21,1,6,3,-1,8,0,0,-1,9
6,36,21,2,6,3,-1,22,0,0,-1,18
6,36,21,3,6,3,-1,120,0,1,-1,44
6,36,22,1,6,3,-1,8,0,0,-1,9
6,36,22,2,6,3,-1,31,0,0,-1,18
6,36,22,3,6,3,-1,124,0,1,-1,32
6,36,23,1,6,4,-1,8,0,0,-1,9
6,36,23,2,6,4,-1,32,0,0,-1,18
6,36,23,3,6,4,-1,118,0,2,-1,45
6,36,24,1,6,4,-1,8,0,0,-1,9
6,36,24,2,6,4,-1,32,0,0,-1,18
6,36,24,3,6,4,-1,117,0,1,-1,32
6,36,25,1,6,5,-1,8,0,0,-1,9
6,36,25,2,6,5,-1,32,0,0,-1,18
6,36,25,3,6,5,-1,120,0,1,-1,44
6,36,26,1,6,5,-1,8,0,0,-1,9
6,36,26,2,6,5,-1,32,0,0,-1,18
6,36,26,3,6,5,-1,123,0,1,-1,32
6,36,27,1,3,6,-1,8,0,0,-1,9
6,36,27,2,3,6,-1,28,0,0,-1,18
6,36,27,3,3,6,-1,78,0,2,-1,45
6,36,28,1,6,3,-1,7,0,0,-1,9
6,36,28,2,6,3,-1,32,0,0,-1,18
6,36,28,3,6,3,-1,122,0,1,-1,32
6,36,29,1,6,4,-1,8,0,0,-1,9
6,36,29,2,6,4,-1,31,0,0,-1,18
6,36,29,3,6,4,-1,124,0,1,-1,44
6,36,30,1,6,4,-1,8,0,0,-1,9
6,36,30,2,6,4,-1,32,0,0,-1,18
6,36,30,3,6,4,-1,124,0,1,-1,32
6,36,31,1,6,5,-1,8,0,0,-1,9
6,36,31,2,6,5,-1,28,0,0,-1,18
6,36,31,3,6,5,-1,122,0,2,-1,45
6,36,32,1,6,1,-1,8,0,0,-1,9
6,36,32,2,6,1,-1,32,0,0,-1,18
6,36,32,3,6,1,-1,64,0,1,-1,4
6,36,33,1,6,2,-1,8,0,0,-1,9
6,36,33,2,6,2,-1,32,0,0,-1,18
6,36,33,3,6,2,-1,123,0,1,-1,12
6,36,34,1,6,2,-1,8,0,0,-1,9
6,36,34,2,6,2,-1,32,0,0,-1,18
6,36,34,3,6,2,-1,114,0,1,-1,4
6,36,35,1,6,3,-1,7,0,0,-1,9
6,36,35,2,6,3,-1,32,0,0,-1,18
6,36,35,3,6,3,-1,122,0,1,-1,4
6,36,37,1,6,1,-1,8,0,0,-1,9
6,36,37,2,6,1,-1,32,0,0,-1,18
6,36,37,3,6,1,-1,124,0,1,-1,44
6,36,38,1,6,1,-1,8,0,0,-1,9
6,36,38,2,6,1,-1,32,0,0,-1,18
6,36,38,3,6,1,-1,120,0,2,-1,44
6,36,39,1,6,2,-1,8,0,0,-1,9
6,36,39,2,6,2,-1,32,0,0,-1,18
6,36,39,3,6,2,-1,124,0,2,-1,44
6,36,40,1,6,2,-1,8,0,0,-1,9
6,36,40,2,6,2,-1,32,0,0,-1,18
6,36,40,3,6,2,-1,112,0,1,-1,37
6,36,41,1,6,3,-1,7,0,0,-1,9
6,36,41,2,6,3,-1,29,0,0,-1,18
6,36,41,3,6,3,-1,122,0,1,-1,45
6,36,42,1,6,3,-1,8,0,0,-1,9
6,36,42,2,6,3,-1,22,0,0,-1,18
6,36,42,3,6,3,-1,120,0,1,-1,37
6,36,43,1,6,4,-1,8,0,0,-1,9
6,36,43,2,6,4,-1,31,0,0,-1,18
6,36,43,3,6,4,-1,124,0,1,-1,37
6,36,44,1,6,1,-1,8,0,0,-1,9
6,36,44,2,6,1,-1,32,0,0,-1,18
6,36,44,3,6,1,-1,124,0,1,-1,37
6,36,45,1,3,2,-1,6,0,0,-1,9
6,36,45,2,3,2,-1,24,0,0,-1,18
6,36,45,3,3,2,-1,98,0,2,-1,63
6,36,46,1,6,2,-1,8,0,0,-1,9
6,36,46,2,6,2,-1,30,0,0,-1,18
6,36,46,3,6,2,-1,121,0,1,-1,37
6,36,47,1,6,3,-1,8,0,0,-1,9
6,36,47,2,6,3,-1,30,0,0,-1,18
6,36,47,3,6,3,-1,124,0,1,-1,37
6,36,48,1,6,2,-1,8,0,0,-1,9
6,36,48,2,6,2,-1,32,0,0,-1,18
6,36,48,3,6,2,-1,124,0,1,-1,4
6,36,49,1,6,3,-1,8,0,0,-1,9
6,36,49,2,6,3,-1,31,0,0,-1,18
6,36,49,3,6,3,-1,124,0,1,-1,12
6,36,50,1,6,3,-1,8,0,0,-1,9
6,36,50,2,6,3,-1,31,0,0,-1,18
6,36,50,3,6,3,-1,124,0,1,-1,4
6,36,51,1,6,4,-1,8,0,0,-1,9
6,36,51,2,6,4,-1,32,0,0,-1,18
6,36,51,3,6,4,-1,124,0,1,-1,4
6,36,52,1,6,1,-1,8,0,0,-1,9
6,36,52,2,6,1,-1,32,0,0,-1,18
6,36,52,3,6,1,-1,120,0,2,-1,37
6,36,53,1,6,2,-1,8,0,0,-1,9
6,36,53,2,6,2,-1,30,0,0,-1,18
6,36,53,3,6,2,-1,121,0,1,-1,44
6,36,54,1,3,2,-1,8,0,0,-1,9
6,36,54,2,3,2,-1,24,0,0,-1,18
6,36,54,3,3,2,-1,96,0,2,-1,45
6,36,55,1,6,3,-1,8,0,0,-1,9
6,36,55,2,6,3,-1,30,0,0,-1,18
6,36,55,3,6,3,-1,124,0,2,-1,45
6,36,56,1,6,3,-1,8,0,0,-1,9
6,36,56,2,6,3,-1,32,0,0,-1,18
6,36,56,3,6,3,-1,116,0,2,-1,37
6,36,57,1,6,4,-1,8,0,0,-1,9
6,36,57,2,6,4,-1,31,0,0,-1,18
6,36,57,3,6,4,-1,123,0,1,-1,44
6,36,58,1,6,4,-1,8,0,0,-1,9
6,36,58,2,6,4,-1,32,0,0,-1,18
6,36,58,3,6,4,-1,118,0,2,-1,45
6,36,59,1,6,5,-1,8,0,0,-1,9
6,36,59,2,6,5,-1,28,0,0,-1,18
6,36,59,3,6,5,-1,122,0,2,-1,45
6,36,60,1,6,2,-1,8,0,0,-1,9
6,36,60,2,6,2,-1,32,0,0,-1,18
6,36,60,3,6,2,-1,124,0,2,-1,37
6,36,61,1,6,3,-1,8,0,0,-1,9
6,36,61,2,6,3,-1,30,0,0,-1,18
6,36,61,3,6,3,-1,124,0,1,-1,44
6,36,62,1,6,3,-1,8,0,0,-1,9
6,36,62,2,6,3,-1,30,0,0,-1,18
6,36,62,3,6,3,-1,124,0,2,-1,45
6,36,63,1,3,4,-1,5,0,0,-1,9
6,36,63,2,3,4,-1,17,0,0,-1,18
6,36,63,3,3,4,-1,79,0,2,-1,45
6,37,0,1,6,3,-1,5,0,0,-1,42
6,37,0,2,6,3,-1,20,0,0,-1,21
6,37,0,3,6,3,-1,80,0,0,-1,42
6,37,1,1,6,2,-1,8,0,0,-1,42
6,37,1,2,6,2,-1,32,0,0,-1,21
6,37,1,3,6,2,-1,128,0,0,-1,42
6,37,2,1,6,4,-1,8,0,0,-1,42
6,37,2,2,6,4,-1,31,0,0,-1,21
6,37,2,3,6,4,-1,121,0,0,-1,42
6,37,3,1,6,3,-1,8,0,0,-1,42
6,37,3,2,6,3,-1,28,0,0,-1,21
6,37,3,3,6,3,-1,125,0,0,-1,42
6,37,4,1,6,2,-1,8,0,0,-1,42
6,37,4,2,6,2,-1,32,0,0,-1,21
6,37,4,3,6,2,-1,128,0,0,-1,42
6,37,5,1,6,1,-1,8,0,0,-1,42
6,37,5,2,6,1,-1,32,0,0,-1,21
6,37,5,3,6,1,-1,128,0,0,-1,42
6,37,6,1,6,3,-1,8,0,0,-1,42
6,37,6,2,6,3,-1,32,0,0,-1,21
6,37,6,3,6,3,-1,128,0,0,-1,42
6,37,7,1,6,2,-1,8,0,0,-1,42
6,37,7,2,6,2,-1,32,0,0,-1,21
6,37,7,3,6,2,-1,128,0,0,-1,42
6,37,8,1,6,4,-1,8,0,0,-1,42
6,37,8,2,6,4,-1,31,0,0,-1,21
6,37,8,3,6,4,-1,122,0,0,-1,42
6,37,9,1,6,3,-1,8,0,0,-1,42
6,37,9,2,6,3,-1,31,0,0,-1,21
6,37,9,3,6,3,-1,124,0,0,-1,42
6,37,10,1,6,5,-1,8,0,0,-1,42
6,37,10,2,6,5,-1,31,0,0,-1,21
6,37,10,3,6,5,-1,119,0,0,-1,42
6,37,11,1,6,4,-1,8,0,0,-1,42
6,37,11,2,6,4,-1,32,0,0,-1,21
6,37,11,3,6,4,-1,128,0,0,-1,42
6,37,12,1,6,3,-1,8,0,0,-1,42
6,37,12,2,6,3,-1,31,0,0,-1,21
6,37,12,3,6,3,-1,125,0,0,-1,42
6,37,13,1,6,2,-1,8,0,0,-1,42
6,37,13,2,6,2,-1,31,0,0,-1,21
6,37,13,3,6,2,-1,126,0,0,-1,42
6,37,14,1,6,4,-1,8,0,0,-1,42
6,37,14,2,6,4,-1,31,0,0,-1,21
6,37,14,3,6,4,-1,127,0,0,-1,42
6,37,15,1,6,3,-1,8,0,0,-1,42
6,37,15,2,6,3,-1,31,0,0,-1,21
6,37,15,3,6,3,-1,126,0,0,-1,42
6,37,16,1,6,4,-1,8,0,0,-1,42
6,37,16,2,6,4,-1,32,0,0,-1,21
6,37,16,3,6,4,-1,128,0,0,-1,42
6,37,17,1,6,3,-1,8,0,0,-1,42
6,37,17,2,6,3,-1,32,0,0,-1,21
6,37,17,3,6,3,-1,128,0,0,-1,42
6,37,18,1,6,5,-1,8,0,0,-1,42
6,37,18,2,6,5,-1,32,0,0,-1,21
6,37,18,3,6,5,-1,120,0,0,-1,42
6,37,19,1,6,4,-1,7,0,0,-1,42
6,37,19,2,6,4,-1,29,0,0,-1,21
6,37,19,3,6,4,-1,127,0,0,-1,42
6,37,20,1,6,3,-1,8,0,0,-1,42
6,37,20,2,6,3,-1,31,0,0,-1,21
6,37,20,3,6,3,-1,128,0,0,-1,42
6,37,21,1,6,2,-1,8,0,0,-1,42
6,37,21,2,6,2,-1,7,0,2,-1,20
6,37,21,3,6,2,-1,128,0,0,-1,42
6,37,22,1,6,4,-1,8,0,0,-1,42
6,37,22,2,6,4,-1,32,0,0,-1,21
6,37,22,3,6,4,-1,128,0,0,-1,42
6,37,23,1,6,3,-1,8,0,0,-1,42
6,37,23,2,6,3,-1,32,0,0,-1,21
6,37,23,3,6,3,-1,128,0,0,-1,42
6,37,24,1,6,5,-1,8,0,0,-1,42
6,37,24,2,6,5,-1,31,0,0,-1,21
6,37,24,3,6,5,-1,128,0,0,-1,42
6,37,25,1,6,4,-1,8,0,0,-1,42
6,37,25,2,6,4,-1,32,0,0,-1,21
6,37,25,3,6,4,-1,128,0,0,-1,42
6,37,26,1,6,6,-1,8,0,0,-1,42
6,37,26,2,6,6,-1,30,0,0,-1,21
6,37,26,3,6,6,-1,127,0,0,-1,42
6,37,27,1,6,5,-1,8,0,0,-1,42
6,37,27,2,6,5,-1,32,0,0,-1,21
6,37,27,3,6,5,-1,120,0,0,-1,42
6,37,28,1,6,4,-1,7,0,0,-1,42
6,37,28,2,6,4,-1,32,0,0,-1,21
6,37,28,3,6,4,-1,128,0,0,-1,42
6,37,29,1,6,3,-1,8,0,0,-1,42
6,37,29,2,6,3,-1,31,0,0,-1,21
6,37,29,3,6,3,-1,128,0,0,-1,42
6,37,30,1,6,5,-1,8,0,0,-1,42
6,37,30,2,6,5,-1,31,0,0,-1,21
6,37,30,3,6,5,-1,128,0,0,-1,42
6,37,31,1,6,4,-1,8,0,0,-1,42
6,37,31,2,6,4,-1,32,0,0,-1,21
6,37,31,3,6,4,-1,128,0,0,-1,42
6,37,32,1,6,2,-1,7,0,0,-1,42
6,37,32,2,6,2,-1,31,0,0,-1,21
6,37,32,3,6,2,-1,124,0,0,-1,42
6,37,33,1,6,1,-1,8,0,0,-1,42
6,37,33,2,6,1,-1,32,0,0,-1,21
6,37,33,3,6,1,-1,128,0,0,-1,42
6,37,34,1,6,3,-1,6,0,0,-1,42
6,37,34,2,6,3,-1,32,0,0,-1,21
6,37,34,3,6,3,-1,124,0,0,-1,42
6,37,35,1,6,2,-1,6,0,0,-1,42
6,37,35,2,6,2,-1,27,0,0,-1,21
6,37,35,3,6,2,-1,127,0,0,-1,42
6,37,36,1,6,1,-1,8,0,0,-1,42
6,37,36,2,6,1,-1,32,0,0,-1,21
6,37,36,3,6,1,-1,124,0,0,-1,42
6,37,38,1,6,2,-1,8,0,0,-1,42
6,37,38,2,6,2,-1,32,0,0,-1,21
6,37,38,3,6,2,-1,128,0,0,-1,42
6,37,39,1,6,1,-1,8,0,0,-1,42
6,37,39,2,6,1,-1,32,0,0,-1,21
6,37,39,3,6,1,-1,128,0,0,-1,42
6,37,40,1,6,3,-1,8,0,0,-1,42
6,37,40,2,6,3,-1,31,0,0,-1,21
6,37,40,3,6,3,-1,127,0,0,-1,42
6,37,41,1,6,2,-1,8,0,0,-1,42
6,37,41,2,6,2,-1,32,0,0,-1,21
6,37,41,3,6,2,-1,128,0,0,-1,42
6,37,42,1,6,4,-1,7,0,1,-1,58
6,37,42,2,6,4,-1,25,0,0,-1,21
6,37,42,3,6,4,-1,95,0,4,-1,34
6,37,43,1,6,3,-1,6,0,0,-1,42
6,37,43,2,6,3,-1,32,0,0,-1,21
6,37,43,3,6,3,-1,124,0,0,-1,42
6,37,44,1,6,2,-1,8,0,0,-1,42
6,37,44,2,6,2,-1,30,0,0,-1,21
6,37,44,3,6,2,-1,124,0,0,-1,42
6,37,45,1,6,1,-1,8,0,0,-1,42
6,37,45,2,6,1,-1,32,0,0,-1,21
6,37,45,3,6,1,-1,124,0,0,-1,42
6,37,46,1,6,3,-1,8,0,0,-1,42
6,37,46,2,6,3,-1,31,0,0,-1,21
6,37,46,3,6,3,-1,127,0,0,-1,42
6,37,47,1,6,2,-1,7,0,0,-1,42
6,37,47,2,6,2,-1,31,0,0,-1,21
6,37,47,3,6,2,-1,124,0,0,-1,42
6,37,48,1,6,3,-1,8,0,0,-1,42
6,37,48,2,6,3,-1,31,0,0,-1,21
6,37,48,3,6,3,-1,126,0,0,-1,42
6,37,49,1,6,2,-1,8,0,0,-1,42
6,37,49,2,6,2,-1,32,0,0,-1,21
6,37,49,3,6,2,-1,128,0,0,-1,42
6,37,50,1,6,4,-1,8,0,0,-1,42
6,37,50,2,6,4,-1,32,0,0,-1,21
6,37,50,3,6,4,-1,128,0,0,-1,42
6,37,51,1,6,3,-1,8,0,0,-1,42
6,37,51,2,6,3,-1,28,0,0,-1,21
6,37,51,3,6,3,-1,125,0,0,-1,42
6,37,52,1,6,2,-1,8,0,0,-1,42
6,37,52,2,6,2,-1,31,0,0,-1,21
6,37,52,3,6,2,-1,126,0,0,-1,42
6,37,53,1,6,1,-1,8,0,0,-1,42
6,37,53,2,6,1,-1,32,0,0,-1,21
6,37,53,3,6,1,-1,128,0,0,-1,42
6,37,54,1,6,3,-1,8,0,0,-1,42
6,37,54,2,6,3,-1,31,0,0,-1,21
6,37,54,3,6,3,-1,124,0,0,-1,42
6,37,55,1,6,2,-1,8,0,0,-1,42
6,37,55,2,6,2,-1,32,0,0,-1,21
6,37,55,3,6,2,-1,128,0,0,-1,42
6,37,56,1,6,4,-1,8,0,0,-1,42
6,37,56,2,6,4,-1,31,0,0,-1,21
6,37,56,3,6,4,-1,127,0,0,-1,42
6,37,57,1,6,3,-1,8,0,0,-1,42
6,37,57,2,6,3,-1,32,0,0,-1,21
6,37,57,3,6,3,-1,128,0,0,-1,42
6,37,58,1,6,5,-1,8,0,0,-1,42
6,37,58,2,6,5,-1,31,0,0,-1,21
6,37,58,3,6,5,-1,119,0,0,-1,42
6,37,59,1,6,4,-1,8,0,0,-1,42
6,37,59,2,6,4,-1,31,0,0,-1,21
6,37,59,3,6,4,-1,121,0,0,-1,42
6,37,60,1,6,3,-1,8,0,0,-1,42
6,37,60,2,6,3,-1,31,0,0,-1,21
6,37,60,3,6,3,-1,125,0,0,-1,42
6,37,61,1,6,2,-1,8,0,0,-1,42
6,37,61,2,6,2,-1,32,0,0,-1,21
6,37,61,3,6,2,-1,128,0,0,-1,42
6,37,62,1,6,4,-1,8,0,0,-1,42
6,37,62,2,6,4,-1,31,0,0,-1,21
6,37,62,3,6,4,-1,122,0,0,-1,42
6,37,63,1,6,3,-1,5,0,0,-1,42
6,37,63,2,6,3,-1,20,0,0,-1,21
6,37,63,3,6,3,-1,80,0,0,-1,42
6,38,0,1,6,3,-1,5,0,0,-1,11
6,38,0,2,6,3,-1,21,0,0,-1,21
6,38,0,3,6,3,-1,85,0,0,-1,42
6,38,1,1,6,4,-1,8,0,0,-1,11
6,38,1,2,6,4,-1,29,0,0,-1,21
6,38,1,3,6,4,-1,128,0,0,-1,42
6,38,2,1,6,2,-1,7,0,0,-1,11
6,38,2,2,6,2,-1,29,0,0,-1,21
6,38,2,3,6,2,-1,127,0,0,-1,42
6,38,3,1,6,3,-1,7,0,0,-1,11
6,38,3,2,6,3,-1,29,0,0,-1,21
6,38,3,3,6,3,-1,126,0,0,-1,42
6,38,4,1,6,2,-1,8,0,0,-1,11
6,38,4,2,6,2,-1,32,0,0,-1,21
6,38,4,3,6,2,-1,128,0,0,-1,42
6,38,5,1,6,3,-1,8,0,0,-1,11
6,38,5,2,6,3,-1,32,0,0,-1,21
6,38,5,3,6,3,-1,128,0,0,-1,42
6,38,6,1,6,1,-1,8,0,0,-1,11
6,38,6,2,6,1,-1,32,0,0,-1,21
6,38,6,3,6,1,-1,128,0,0,-1,42
6,38,7,1,6,2,-1,8,0,0,-1,11
6,38,7,2,6,2,-1,32,0,0,-1,21
6,38,7,3,6,2,-1,128,0,0,-1,42
6,38,8,1,6,4,-1,8,0,0,-1,11
6,38,8,2,6,4,-1,32,0,0,-1,21
6,38,8,3,6,4,-1,127,0,0,-1,42
6,38,9,1,6,5,-1,8,0,0,-1,11
6,38,9,2,6,5,-1,32,0,0,-1,21
6,38,9,3,6,5,-1,123,0,0,-1,42
6,38,10,1,6,3,-1,8,0,0,-1,11
6,38,10,2,6,3,-1,26,0,0,-1,21
6,38,10,3,6,3,-1,127,0,0,-1,42
6,38,11,1,6,4,-1,7,0,1,-1,27
6,38,11,2,6,4,-1,29,0,0,-1,21
6,38,11,3,6,4,-1,127,0,0,-1,42
6,38,12,1,6,3,-1,8,0,0,-1,11
6,38,12,2,6,3,-1,30,0,0,-1,21
6,38,12,3,6,3,-1,128,0,0,-1,42
6,38,13,1,6,4,-1,8,0,0,-1,11
6,38,13,2,6,4,-1,30,0,0,-1,21
6,38,13,3,6,4,-1,126,0,0,-1,42
6,38,14,1,6,2,-1,8,0,0,-1,11
6,38,14,2,6,2,-1,30,0,0,-1,21
6,38,14,3,6,2,-1,125,0,0,-1,42
6,38,15,1,6,3,-1,7,0,0,-1,11
6,38,15,2,6,3,-1,29,0,0,-1,21
6,38,15,3,6,3,-1,126,0,0,-1,42
6,38,16,1,6,4,-1,8,0,0,-1,11
6,38,16,2,6,4,-1,32,0,0,-1,21
6,38,16,3,6,4,-1,115,0,0,-1,42
6,38,17,1,6,5,-1,8,0,0,-1,11
6,38,17,2,6,5,-1,32,0,0,-1,21
6,38,17,3,6,5,-1,128,0,0,-1,42
6,38,18,1,6,3,-1,7,0,0,-1,11
6,38,18,2,6,3,-1,29,0,0,-1,21
6,38,18,3,6,3,-1,122,0,0,-1,42
6,38,19,1,6,4,-1,8,0,0,-1,11
6,38,19,2,6,4,-1,30,0,0,-1,21
6,38,19,3,6,4,-1,126,0,0,-1,42
6,38,20,1,6,3,-1,8,0,0,-1,11
6,38,20,2,6,3,-1,31,0,0,-1,21
6,38,20,3,6,3,-1,119,0,0,-1,42
6,38,21,1,6,4,-1,8,0,0,-1,11
6,38,21,2,6,4,-1,10,0,2,-1,49
6,38,21,3,6,4,-1,127,0,0,-1,42
6,38,22,1,6,2,-1,8,0,0,-1,11
6,38,22,2,6,2,-1,32,0,0,-1,21
6,38,22,3,6,2,-1,128,0,0,-1,42
6,38,23,1,6,3,-1,8,0,0,-1,11
6,38,23,2,6,3,-1,32,0,0,-1,21
6,38,23,3,6,3,-1,128,0,0,-1,42
6,38,24,1,6,5,-1,8,0,0,-1,11
6,38,24,2,6,5,-1,32,0,0,-1,21
6,38,24,3,6,5,-1,121,0,0,-1,42
6,38,25,1,6,6,-1,8,0,0,-1,11
6,38,25,2,6,6,-1,30,0,0,-1,21
6,38,25,3,6,6,-1,127,0,0,-1,42
6,38,26,1,6,4,-1,8,0,0,-1,11
6,38,26,2,6,4,-1,32,0,0,-1,21
6,38,26,3,6,4,-1,122,0,0,-1,42
6,38,27,1,6,5,-1,8,0,0,-1,11
6,38,27,2,6,5,-1,32,0,0,-1,21
6,38,27,3,6,5,-1,123,0,0,-1,42
6,38,28,1,6,4,-1,8,0,0,-1,11
6,38,28,2,6,4,-1,32,0,0,-1,21
6,38,28,3,6,4,-1,128,0,0,-1,42
6,38,29,1,6,5,-1,8,0,0,-1,11
6,38,29,2,6,5,-1,32,0,0,-1,21
6,38,29,3,6,5,-1,128,0,0,-1,42
6,38,30,1,6,3,-1,7,0,0,-1,11
6,38,30,2,6,3,-1,32,0,0,-1,21
6,38,30,3,6,3,-1,128,0,0,-1,42
6,38,31,1,6,4,-1,8,0,0,-1,11
6,38,31,2,6,4,-1,29,0,0,-1,21
6,38,31,3,6,4,-1,128,0,0,-1,42
6,38,32,1,6,2,-1,8,0,0,-1,11
6,38,32,2,6,2,-1,32,0,0,-1,21
6,38,32,3,6,2,-1,128,0,0,-1,42
6,38,33,1,6,3,-1,7,0,0,-1,11
6,38,33,2,6,3,-1,32,0,0,-1,21
6,38,33,3,6,3,-1,128,0,0,-1,42
6,38,34,1,6,1,-1,8,0,0,-1,11
6,38,34,2,6,1,-1,32,0,0,-1,21
6,38,34,3,6,1,-1,125,0,0,-1,42
6,38,35,1,6,2,-1,8,0,0,-1,11
6,38,35,2,6,2,-1,30,0,0,-1,21
6,38,35,3,6,2,-1,125,0,0,-1,42
6,38,36,1,6,1,-1,8,0,0,-1,11
6,38,36,2,6,1,-1,32,0,0,-1,21
6,38,36,3,6,1,-1,120,0,0,-1,42
6,38,37,1,6,2,-1,8,0,0,-1,11
6,38,37,2,6,2,-1,32,0,0,-1,21
6,38,37,3,6,2,-1,128,0,0,-1,42
6,38,39,1,6,1,-1,8,0,0,-1,11
6,38,39,2,6,1,-1,32,0,0,-1,21
6,38,39,3,6,1,-1,128,0,0,-1,42
6,38,40,1,6,3,-1,8,0,0,-1,11
6,38,40,2,6,3,-1,32,0,0,-1,21
6,38,40,3,6,3,-1,115,0,0,-1,42
6,38,41,1,6,4,-1,8,0,0,-1,11
6,38,41,2,6,4,-1,32,0,0,-1,21
6,38,41,3,6,4,-1,122,0,0,-1,42
6,38,42,1,6,2,-1,8,0,0,-1,11
6,38,42,2,6,2,-1,27,0,0,-1,21
6,38,42,3,6,2,-1,119,0,2,-1,58
6,38,43,1,6,3,-1,8,0,0,-1,11
6,38,43,2,6,3,-1,26,0,0,-1,21
6,38,43,3,6,3,-1,127,0,0,-1,42
6,38,44,1,6,2,-1,8,0,0,-1,11
6,38,44,2,6,2,-1,31,0,0,-1,21
6,38,44,3,6,2,-1,126,0,0,-1,42
6,38,45,1,6,3,-1,7,0,0,-1,11
6,38,45,2,6,3,-1,29,0,0,-1,21
6,38,45,3,6,3,-1,122,0,0,-1,42
6,38,46,1,6,1,-1,8,0,0,-1,11
6,38,46,2,6,1,-1,32,0,0,-1,21
6,38,46,3,6,1,-1,125,0,0,-1,42
6,38,47,1,6,2,-1,7,0,0,-1,11
6,38,47,2,6,2,-1,29,0,0,-1,21
6,38,47,3,6,2,-1,127,0,0,-1,42
6,38,48,1,6,3,-1,8,0,0,-1,11
6,38,48,2,6,3,-1,32,0,0,-1,21
6,38,48,3,6,3,-1,128,0,0,-1,42
6,38,49,1,6,4,-1,8,0,0,-1,11
6,38,49,2,6,4,-1,32,0,0,-1,21
6,38,49,3,6,4,-1,128,0,0,-1,42
6,38,50,1,6,2,-1,8,0,0,-1,11
6,38,50,2,6,2,-1,31,0,0,-1,21
6,38,50,3,6,2,-1,126,0,0,-1,42
6,38,51,1,6,3,-1,8,0,0,-1,11
6,38,51,2,6,3,-1,30,0,0,-1,21
6,38,51,3,6,3,-1,128,0,0,-1,42
6,38,52,1,6,2,-1,8,0,0,-1,11
6,38,52,2,6,2,-1,32,0,0,-1,21
6,38,52,3,6,2,-1,120,0,0,-1,42
6,38,53,1,6,3,-1,8,0,0,-1,11
6,38,53,2,6,3,-1,31,0,0,-1,21
6,38,53,3,6,3,-1,119,0,0,-1,42
6,38,54,1,6,1,-1,8,0,0,-1,11
6,38,54,2,6,1,-1,32,0,0,-1,21
6,38,54,3,6,1,-1,120,0,0,-1,42
6,38,55,1,6,2,-1,8,0,0,-1,11
6,38,55,2,6,2,-1,32,0,0,-1,21
6,38,55,3,6,2,-1,128,0,0,-1,42
6,38,56,1,6,4,-1,8,0,0,-1,11
6,38,56,2,6,4,-1,31,0,0,-1,21
6,38,56,3,6,4,-1,128,0,0,-1,42
6,38,57,1,6,5,-1,8,0,0,-1,11
6,38,57,2,6,5,-1,32,0,0,-1,21
6,38,57,3,6,5,-1,121,0,0,-1,42
6,38,58,1,6,3,-1,8,0,0,-1,11
6,38,58,2,6,3,-1,32,0,0,-1,21
6,38,58,3,6,3,-1,115,0,0,-1,42
6,38,59,1,6,4,-1,8,0,0,-1,11
6,38,59,2,6,4,-1,32,0,0,-1,21
6,38,59,3,6,4,-1,127,0,0,-1,42
6,38,60,1,6,3,-1,8,0,0,-1,11
6,38,60,2,6,3,-1,32,0,0,-1,21
6,38,60,3,6,3,-1,128,0,0,-1,42
6,38,61,1,6,4,-1,8,0,0,-1,11
6,38,61,2,6,4,-1,32,0,0,-1,21
6,38,61,3,6,4,-1,115,0,0,-1,42
6,38,62,1,6,2,-1,8,0,0,-1,11
6,38,62,2,6,2,-1,32,0,0,-1,21
6,38,62,3,6,2,-1,128,0,0,-1,42
6,38,63,1,6,3,-1,5,0,0,-1,11
6,38,63,2,6,3,-1,21,0,0,-1,21
6,38,63,3,6,3,-1,85,0,0,-1,42
6,39,0,1,6,4,-1,5,0,0,-1,43
6,39,0,2,6,4,-1,22,0,0,-1,53
6,39,0,3,6,4,-1,99,0,0,-1,58
6,39,1,1,6,3,-1,8,0,0,-1,43
6,39,1,2,6,3,-1,31,0,0,-1,53
6,39,1,3,6,3,-1,128,0,0,-1,58
6,39,2,1,6,3,-1,8,0,0,-1,43
6,39,2,2,6,3,-1,32,0,0,-1,53
6,39,2,3,6,3,-1,127,0,0,-1,58
6,39,3,1,6,2,-1,8,0,0,-1,43
6,39,3,2,6,2,-1,30,0,0,-1,53
6,39,3,3,6,2,-1,124,0,0,-1,58
6,39,4,1,6,3,-1,8,0,0,-1,43
6,39,4,2,6,3,-1,32,0,0,-1,53
6,39,4,3,6,3,-1,128,0,0,-1,58
6,39,5,1,6,2,-1,8,0,0,-1,43
6,39,5,2,6,2,-1,32,0,0,-1,53
6,39,5,3,6,2,-1,128,0,0,-1,58
6,39,6,1,6,2,-1,8,0,0,-1,43
6,39,6,2,6,2,-1,32,0,0,-1,53
6,39,6,3,6,2,-1,128,0,0,-1,58
6,39,7,1,6,1,-1,8,0,0,-1,43
6,39,7,2,6,1,-1,32,0,0,-1,53
6,39,7,3,6,1,-1,128,0,0,-1,58
6,39,8,1,6,5,-1,8,0,0,-1,43
6,39,8,2,6,5,-1,31,0,0,-1,53
6,39,8,3,6,5,-1,121,0,0,-1,58
6,39,9,1,6,4,-1,8,0,0,-1,43
6,39,9,2,6,4,-1,32,0,0,-1,53
6,39,9,3,6,4,-1,124,0,0,-1,58
6,39,10,1,6,4,-1,8,0,0,-1,43
6,39,10,2,6,4,-1,28,0,0,-1,53
6,39,10,3,6,4,-1,128,0,0,-1,58
6,39,11,1,6,3,-1,8,0,0,-1,43
6,39,11,2,6,3,-1,28,0,0,-1,53
6,39,11,3,6,3,-1,125,0,0,-1,58
6,39,12,1,6,4,-1,8,0,0,-1,43
6,39,12,2,6,4,-1,32,0,0,-1,53
6,39,12,3,6,4,-1,128,0,0,-1,58
6,39,13,1,6,3,-1,8,0,0,-1,43
6,39,13,2,6,3,-1,30,0,0,-1,53
6,39,13,3,6,3,-1,128,0,0,-1,58
6,39,14,1,6,3,-1,8,0,0,-1,43
6,39,14,2,6,3,-1,32,0,0,-1,53
6,39,14,3,6,3,-1,126,0,0,-1,58
6,39,15,1,6,2,-1,8,0,0,-1,43
6,39,15,2,6,2,-1,30,0,0,-1,53
6,39,15,3,6,2,-1,128,0,0,-1,58
6,39,16,1,6,5,-1,8,0,0,-1,43
6,39,16,2,6,5,-1,32,0,0,-1,53
6,39,16,3,6,5,-1,128,0,0,-1,58
6,39,17,1,6,4,-1,8,0,0,-1,43
6,39,17,2,6,4,-1,32,0,0,-1,53
6,39,17,3,6,4,-1,128,0,0,-1,58
6,39,18,1,6,4,-1,8,0,0,-1,43
6,39,18,2,6,4,-1,31,0,0,-1,53
6,39,18,3,6,4,-1,123,0,0,-1,58
6,39,19,1,6,3,-1,7,0,0,-1,43
6,39,19,2,6,3,-1,29,0,0,-1,53
6,39,19,3,6,3,-1,126,0,0,-1,58
6,39,20,1,6,4,-1,8,0,0,-1,43
6,39,20,2,6,4,-1,29,0,0,-1,53
6,39,20,3,6,4,-1,128,0,0,-1,58
6,39,21,1,6,3,-1,8,0,0,-1,43
6,39,21,2,6,3,-1,15,0,0,-1,53
6,39,21,3,6,3,-1,128,0,0,-1,58
6,39,22,1,6,3,-1,8,0,0,-1,43
6,39,22,2,6,3,-1,32,0,0,-1,53
6,39,22,3,6,3,-1,128,0,0,-1,58
6,39,23,1,6,2,-1,8,0,0,-1,43
6,39,23,2,6,2,-1,32,0,0,-1,53
6,39,23,3,6,2,-1,128,0,0,-1,58
6,39,24,1,6,6,-1,8,0,0,-1,43
6,39,24,2,6,6,-1,32,0,0,-1,53
6,39,24,3,6,6,-1,128,0,0,-1,58
6,39,25,1,6,5,-1,8,0,0,-1,43
6,39,25,2,6,5,-1,31,0,0,-1,53
6,39,25,3,6,5,-1,128,0,0,-1,58
6,39,26,1,6,5,-1,8,0,0,-1,43
6,39,26,2,6,5,-1,32,0,0,-1,53
6,39,26,3,6,5,-1,121,0,0,-1,58
6,39,27,1,6,4,-1,8,0,0,-1,43
6,39,27,2,6,4,-1,32,0,0,-1,53
6,39,27,3,6,4,-1,117,0,0,-1,58
6,39,28,1,6,5,-1,8,0,0,-1,43
6,39,28,2,6,5,-1,32,0,0,-1,53
6,39,28,3,6,5,-1,128,0,0,-1,58
6,39,29,1,6,4,-1,8,0,0,-1,43
6,39,29,2,6,4,-1,32,0,0,-1,53
6,39,29,3,6,4,-1,128,0,0,-1,58
6,39,30,1,6,4,-1,8,0,0,-1,43
6,39,30,2,6,4,-1,32,0,0,-1,53
6,39,30,3,6,4,-1,128,0,0,-1,58
6,39,31,1,6,3,-1,8,0,0,-1,43
6,39,31,2,6,3,-1,32,0,0,-1,53
6,39,31,3,6,3,-1,128,0,0,-1,58
6,39,32,1,6,3,-1,8,0,0,-1,43
6,39,32,2,6,3,-1,32,0,0,-1,53
6,39,32,3,6,3,-1,120,0,0,-1,58
6,39,33,1,6,2,-1,8,0,0,-1,43
6,39,33,2,6,2,-1,30,0,0,-1,53
6,39,33,3,6,2,-1,128,0,0,-1,58
6,39,34,1,6,2,-1,7,0,0,-1,43
6,39,34,2,6,2,-1,32,0,0,-1,53
6,39,34,3,6,2,-1,128,0,0,-1,58
6,39,35,1,6,1,-1,6,0,0,-1,43
6,39,35,2,6,1,-1,28,0,0,-1,53
6,39,35,3,6,1,-1,126,0,0,-1,58
6,39,36,1,6,2,-1,8,0,0,-1,43
6,39,36,2,6,2,-1,32,0,0,-1,53
6,39,36,3,6,2,-1,124,0,0,-1,58
6,39,37,1,6,1,-1,8,0,0,-1,43
6,39,37,2,6,1,-1,32,0,0,-1,53
6,39,37,3,6,1,-1,128,0,0,-1,58
6,39,38,1,6,1,-1,8,0,0,-1,43
6,39,38,2,6,1,-1,32,0,0,-1,53
6,39,38,3,6,1,-1,128,0,0,-1,58
6,39,40,1,6,4,-1,7,0,0,-1,43
6,39,40,2,6,4,-1,31,0,0,-1,53
6,39,40,3,6,4,-1,120,0,0,-1,58
6,39,41,1,6,3,-1,7,0,0,-1,43
6,39,41,2,6,3,-1,32,0,0,-1,53
6,39,41,3,6,3,-1,128,0,0,-1,58
6,39,42,1,6,3,-1,7,0,0,-1,43
6,39,42,2,6,3,-1,26,0,0,-1,53
6,39,42,3,6,3,-1,128,0,0,-1,58
6,39,43,1,6,2,-1,6,0,1,-1,59
6,39,43,2,6,2,-1,29,0,0,-1,53
6,39,43,3,6,2,-1,128,0,0,-1,58
6,39,44,1,6,3,-1,8,0,0,-1,43
6,39,44,2,6,3,-1,31,0,0,-1,53
6,39,44,3,6,3,-1,125,0,0,-1,58
6,39,45,1,6,2,-1,8,0,0,-1,43
6,39,45,2,6,2,-1,32,0,0,-1,53
6,39,45,3,6,2,-1,123,0,0,-1,58
6,39,46,1,6,2,-1,8,0,0,-1,43
6,39,46,2,6,2,-1,31,0,0,-1,53
6,39,46,3,6,2,-1,126,0,0,-1,58
6,39,47,1,6,1,-1,6,0,0,-1,43
6,39,47,2,6,1,-1,31,0,0,-1,53
6,39,47,3,6,1,-1,124,0,0,-1,58
6,39,48,1,6,4,-1,8,0,0,-1,43
6,39,48,2,6,4,-1,32,0,0,-1,53
6,39,48,3,6,4,-1,126,0,0,-1,58
6,39,49,1,6,3,-1,8,0,0,-1,43
6,39,49,2,6,3,-1,31,0,0,-1,53
6,39,49,3,6,3,-1,128,0,0,-1,58
6,39,50,1,6,3,-1,8,0,0,-1,43
6,39,50,2,6,3,-1,31,0,0,-1,53
6,39,50,3,6,3,-1,126,0,0,-1,58
6,39,51,1,6,2,-1,8,0,0,-1,43
6,39,51,2,6,2,-1,30,0,0,-1,53
6,39,51,3,6,2,-1,128,0,0,-1,58
6,39,52,1,6,3,-1,8,0,0,-1,43
6,39,52,2,6,3,-1,32,0,0,-1,53
6,39,52,3,6,3,-1,128,0,0,-1,58
6,39,53,1,6,2,-1,8,0,0,-1,43
6,39,53,2,6,2,-1,24,0,8,-1,61
6,39,53,3,6,2,-1,128,0,0,-1,58
6,39,54,1,6,2,-1,8,0,0,-1,43
6,39,54,2,6,2,-1,32,0,0,-1,53
6,39,54,3,6,2,-1,124,0,0,-1,58
6,39,55,1,6,1,-1,8,0,0,-1,43
6,39,55,2,6,1,-1,32,0,0,-1,53
6,39,55,3,6,1,-1,128,0,0,-1,58
6,39,56,1,6,5,-1,8,0,0,-1,43
6,39,56,2,6,5,-1,31,0,0,-1,53
6,39,56,3,6,5,-1,128,0,0,-1,58
6,39,57,1,6,4,-1,8,0,0,-1,43
6,39,57,2,6,4,-1,32,0,0,-1,53
6,39,57,3,6,4,-1,128,0,0,-1,58
6,39,58,1,6,4,-1,8,0,0,-1,43
6,39,58,2,6,4,-1,31,0,0,-1,53
6,39,58,3,6,4,-1,114,0,8,-1,34
6,39,59,1,6,3,-1,8,0,0,-1,43
6,39,59,2,6,3,-1,29,0,0,-1,53
6,39,59,3,6,3,-1,119,0,0,-1,58
6,39,60,1,6,4,-1,8,0,0,-1,43
6,39,60,2,6,4,-1,32,0,0,-1,53
6,39,60,3,6,4,-1,126,0,0,-1,58
6,39,61,1,6,3,-1,8,0,0,-1,43
6,39,61,2,6,3,-1,27,0,0,-1,53
6,39,61,3,6,3,-1,128,0,0,-1,58
6,39,62,1,6,3,-1,8,0,0,-1,43
6,39,62,2,6,3,-1,32,0,0,-1,53
6,39,62,3,6,3,-1,110,0,0,-1,58
6,39,63,1,6,2,-1,5,0,0,-1,43
6,39,63,2,6,2,-1,20,0,0,-1,53
6,39,63,3,6,2,-1,80,0,0,-1,58
6,40,0,1,6,2,-1,4,0,0,-1,17
6,40,0,2,6,2,-1,16,0,0,-1,34
6,40,0,3,6,2,-1,64,0,0,-1,5
6,40,1,1,6,3,-1,8,0,0,-1,17
6,40,1,2,6,3,-1,32,0,0,-1,34
6,40,1,3,6,3,-1,109,0,0,-1,5
6,40,2,1,6,3,-1,8,0,0,-1,17
6,40,2,2,6,3,-1,32,0,0,-1,34
6,40,2,3,6,3,-1,128,0,0,-1,5
6,40,3,1,6,4,-1,8,0,0,-1,17
6,40,3,2,6,4,-1,32,0,0,-1,34
6,40,3,3,6,4,-1,128,0,0,-1,5
6,40,4,1,6,3,-1,8,0,0,-1,17
6,40,4,2,6,3,-1,32,0,0,-1,34
6,40,4,3,6,3,-1,128,0,0,-1,5
6,40,5,1,6,4,-1,8,0,0,-1,17
6,40,5,2,6,4,-1,28,0,0,-1,34
6,40,5,3,6,4,-1,104,0,1,-1,12
6,40,6,1,6,4,-1,8,0,0,-1,17
6,40,6,2,6,4,-1,31,0,0,-1,34
6,40,6,3,6,4,-1,114,0,0,-1,5
6,40,7,1,6,5,-1,8,0,0,-1,17
6,40,7,2,6,5,-1,30,0,0,-1,34
6,40,7,3,6,5,-1,121,0,0,-1,5
6,40,8,1,6,1,-1,8,0,0,-1,17
6,40,8,2,6,1,-1,32,0,0,-1,34
6,40,8,3,6,1,-1,128,0,0,-1,5
6,40,9,1,6,2,-1,8,0,0,-1,17
6,40,9,2,6,2,-1,32,0,0,-1,34
6,40,9,3,6,2,-1,114,0,0,-1,5
6,40,10,1,6,2,-1,8,0,0,-1,17
6,40,10,2,6,2,-1,16,0,0,-1,34
6,40,10,3,6,2,-1,128,0,0,-1,5
6,40,11,1,6,3,-1,8,0,0,-1,17
6,40,11,2,6,3,-1,31,0,0,-1,34
6,40,11,3,6,3,-1,128,0,0,-1,5
6,40,12,1,6,2,-1,8,0,0,-1,17
6,40,12,2,6,2,-1,24,0,0,-1,34
6,40,12,3,6,2,-1,128,0,0,-1,5
6,40,13,1,6,3,-1,8,0,0,-1,17
6,40,13,2,6,3,-1,31,0,0,-1,34
6,40,13,3,6,3,-1,119,0,0,-1,5
6,40,14,1,6,3,-1,8,0,0,-1,17
6,40,14,2,6,3,-1,26,0,0,-1,34
6,40,14,3,6,3,-1,128,0,0,-1,5
6,40,15,1,6,4,-1,8,0,0,-1,17
6,40,15,2,6,4,-1,29,0,0,-1,34
6,40,15,3,6,4,-1,128,0,0,-1,5
6,40,16,1,6,3,-1,7,0,0,-1,17
6,40,16,2,6,3,-1,31,0,0,-1,34
6,40,16,3,6,3,-1,128,0,0,-1,5
6,40,17,1,6,4,-1,6,0,1,-1,19
6,40,17,2,6,4,-1,32,0,0,-1,34
6,40,17,3,6,4,-1,128,0,0,-1,5
6,40,18,1,6,4,-1,8,0,0,-1,17
6,40,18,2,6,4,-1,26,0,0,-1,34
6,40,18,3,6,4,-1,120,0,0,-1,5
6,40,19,1,6,5,-1,8,0,0,-1,17
6,40,19,2,6,5,-1,32,0,0,-1,34
6,40,19,3,6,5,-1,128,0,0,-1,5
6,40,20,1,6,4,-1,6,0,0,-1,17
6,40,20,2,6,4,-1,32,0,0,-1,34
6,40,20,3,6,4,-1,128,0,0,-1,5
6,40,21,1,6,5,-1,7,0,0,-1,17
6,40,21,2,6,5,-1,22,0,0,-1,34
6,40,21,3,6,5,-1,122,0,0,-1,5
6,40,22,1,6,5,-1,8,0,0,-1,17
6,40,22,2,6,5,-1,31,0,0,-1,34
6,40,22,3,6,5,-1,119,0,0,-1,5
6,40,23,1,6,6,-1,8,0,0,-1,17
6,40,23,2,6,6,-1,24,0,0,-1,34
6,40,23,3,6,6,-1,128,0,0,-1,5
6,40,24,1,6,2,-1,6,0,0,-1,17
6,40,24,2,6,2,-1,29,0,0,-1,34
6,40,24,3,6,2,-1,128,0,0,-1,5
6,40,25,1,6,3,-1,6,0,0,-1,17
6,40,25,2,6,3,-1,32,0,0,-1,34
6,40,25,3,6,3,-1,124,0,0,-1,5
6,40,26,1,6,3,-1,8,0,0,-1,17
6,40,26,2,6,3,-1,26,0,0,-1,34
6,40,26,3,6,3,-1,127,0,0,-1,5
6,40,27,1,6,4,-1,8,0,0,-1,17
6,40,27,2,6,4,-1,31,0,0,-1,34
6,40,27,3,6,4,-1,124,0,0,-1,5
6,40,28,1,6,3,-1,8,0,0,-1,17
6,40,28,2,6,3,-1,29,0,0,-1,34
6,40,28,3,6,3,-1,128,0,0,-1,5
6,40,29,1,6,4,-1,8,0,0,-1,17
6,40,29,2,6,4,-1,32,0,0,-1,34
6,40,29,3,6,4,-1,128,0,0,-1,5
6,40,30,1,6,4,-1,8,0,0,-1,17
6,40,30,2,6,4,-1,28,0,0,-1,34
6,40,30,3,6,4,-1,128,0,0,-1,5
6,40,31,1,6,5,-1,8,0,0,-1,17
6,40,31,2,6,5,-1,29,0,0,-1,34
6,40,31,3,6,5,-1,126,0,0,-1,5
6,40,32,1,6,1,-1,8,0,0,-1,17
6,40,32,2,6,1,-1,32,0,0,-1,34
6,40,32,3,6,1,-1,128,0,0,-1,5
6,40,33,1,6,2,-1,8,0,0,-1,17
6,40,33,2,6,2,-1,31,0,0,-1,34
6,40,33,3,6,2,-1,126,0,0,-1,5
6,40,34,1,6,2,-1,8,0,0,-1,17
6,40,34,2,6,2,-1,16,0,1,-1,10
6,40,34,3,6,2,-1,128,0,0,-1,5
6,40,35,1,6,3,-1,8,0,0,-1,17
6,40,35,2,6,3,-1,32,0,0,-1,34
6,40,35,3,6,3,-1,128,0,0,-1,5
6,40,36,1,6,2,-1,8,0,0,-1,17
6,40,36,2,6,2,-1,32,0,0,-1,34
6,40,36,3,6,2,-1,112,0,0,-1,5
6,40,37,1,6,3,-1,8,0,0,-1,17
6,40,37,2,6,3,-1,31,0,0,-1,34
6,40,37,3,6,3,-1,127,0,0,-1,5
6,40,38,1,6,3,-1,8,0,0,-1,17
6,40,38,2,6,3,-1,32,0,0,-1,34
6,40,38,3,6,3,-1,115,0,0,-1,5
6,40,39,1,6,4,-1,7,0,0,-1,17
6,40,39,2,6,4,-1,31,0,0,-1,34
6,40,39,3,6,4,-1,120,0,0,-1,5
6,40,41,1,6,1,-1,8,0,0,-1,17
6,40,41,2,6,1,-1,32,0,0,-1,34
6,40,41,3,6,1,-1,125,0,0,-1,5
6,40,42,1,6,1,-1,8,0,0,-1,17
6,40,42,2,6,1,-1,16,0,0,-1,34
6,40,42,3,6,1,-1,128,0,0,-1,5
6,40,43,1,6,2,-1,8,0,0,-1,17
6,40,43,2,6,2,-1,30,0,0,-1,34
6,40,43,3,6,2,-1,128,0,0,-1,5
6,40,44,1,6,1,-1,8,0,0,-1,17
6,40,44,2,6,1,-1,32,0,0,-1,34
6,40,44,3,6,1,-1,128,0,0,-1,5
6,40,45,1,6,2,-1,8,0,0,-1,17
6,40,45,2,6,2,-1,30,0,0,-1,34
6,40,45,3,6,2,-1,121,0,0,-1,5
6,40,46,1,6,2,-1,8,0,0,-1,17
6,40,46,2,6,2,-1,32,0,0,-1,34
6,40,46,3,6,2,-1,128,0,0,-1,5
6,40,47,1,6,3,-1,8,0,0,-1,17
6,40,47,2,6,3,-1,30,0,0,-1,34
6,40,47,3,6,3,-1,128,0,0,-1,5
6,40,48,1,6,2,-1,8,0,0,-1,17
6,40,48,2,6,2,-1,32,0,0,-1,34
6,40,48,3,6,2,-1,128,0,0,-1,5
6,40,49,1,6,3,-1,7,0,0,-1,17
6,40,49,2,6,3,-1,30,0,0,-1,34
6,40,49,3,6,3,-1,126,0,0,-1,5
6,40,50,1,6,3,-1,8,0,0,-1,17
6,40,50,2,6,3,-1,32,0,0,-1,34
6,40,50,3,6,3,-1,128,0,0,-1,5
6,40,51,1,6,4,-1,8,0,0,-1,17
6,40,51,2,6,4,-1,32,0,0,-1,34
6,40,51,3,6,4,-1,128,0,0,-1,5
6,40,52,1,6,3,-1,8,0,0,-1,17
6,40,52,2,6,3,-1,32,0,0,-1,34
6,40,52,3,6,3,-1,128,0,0,-1,5
6,40,53,1,6,4,-1,8,0,0,-1,17
6,40,53,2,6,4,-1,30,0,0,-1,34
6,40,53,3,6,4,-1,128,0,0,-1,5
6,40,54,1,6,4,-1,8,0,0,-1,17
6,40,54,2,6,4,-1,32,0,0,-1,34
6,40,54,3,6,4,-1,118,0,0,-1,5
6,40,55,1,6,5,-1,8,0,0,-1,17
6,40,55,2,6,5,-1,29,0,0,-1,34
6,40,55,3,6,5,-1,125,0,0,-1,5
6,40,56,1,6,1,-1,8,0,0,-1,17
6,40,56,2,6,1,-1,32,0,0,-1,34
6,40,56,3,6,1,-1,128,0,0,-1,5
6,40,57,1,6,2,-1,7,0,0,-1,17
6,40,57,2,6,2,-1,32,0,0,-1,34
6,40,57,3,6,2,-1,128,0,0,-1,5
6,40,58,1,6,2,-1,8,0,0,-1,17
6,40,58,2,6,2,-1,32,0,0,-1,34
6,40,58,3,6,2,-1,128,0,0,-1,5
6,40,59,1,6,3,-1,8,0,0,-1,17
6,40,59,2,6,3,-1,31,0,0,-1,34
6,40,59,3,6,3,-1,128,0,0,-1,5
6,40,60,1,6,2,-1,8,0,0,-1,17
6,40,60,2,6,2,-1,32,0,0,-1,34
6,40,60,3,6,2,-1,128,0,0,-1,5
6,40,61,1,6,3,-1,8,0,0,-1,17
6,40,61,2,6,3,-1,31,0,0,-1,34
6,40,61,3,6,3,-1,127,0,0,-1,5
6,40,62,1,6,3,-1,8,0,0,-1,17
6,40,62,2,6,3,-1,32,0,0,-1,34
6,40,62,3,6,3,-1,128,0,0,-1,5
6,40,63,1,6,4,-1,5,0,0,-1,17
6,40,63,2,6,4,-1,21,0,0,-1,34
6,40,63,3,6,4,-1,93,0,0,-1,5
6,41,0,1,6,3,-1,5,0,0,-1,50
6,41,0,2,6,3,-1,21,0,0,-1,21
6,41,0,3,6,3,-1,85,0,0,-1,42
6,41,1,1,6,2,-1,8,0,0,-1,50
6,41,1,2,6,2,-1,32,0,0,-1,21
6,41,1,3,6,2,-1,128,0,0,-1,42
6,41,2,1,6,4,-1,8,0,0,-1,50
6,41,2,2,6,4,-1,32,0,0,-1,21
6,41,2,3,6,4,-1,127,0,0,-1,42
6,41,3,1,6,3,-1,8,0,0,-1,50
6,41,3,2,6,3,-1,30,0,0,-1,21
6,41,3,3,6,3,-1,128,0,0,-1,42
6,41,4,1,6,4,-1,8,0,0,-1,50
6,41,4,2,6,4,-1,32,0,0,-1,21
6,41,4,3,6,4,-1,115,0,0,-1,42
6,41,5,1,6,3,-1,8,0,0,-1,50
6,41,5,2,6,3,-1,31,0,0,-1,21
6,41,5,3,6,3,-1,119,0,0,-1,42
6,41,6,1,6,5,-1,8,0,0,-1,50
6,41,6,2,6,5,-1,32,0,0,-1,21
6,41,6,3,6,5,-1,121,0,0,-1,42
6,41,7,1,6,4,-1,8,0,0,-1,50
6,41,7,2,6,4,-1,32,0,0,-1,21
6,41,7,3,6,4,-1,128,0,0,-1,42
6,41,8,1,6,2,-1,8,0,0,-1,50
6,41,8,2,6,2,-1,32,0,0,-1,21
6,41,8,3,6,2,-1,128,0,0,-1,42
6,41,9,1,6,1,-1,8,0,0,-1,50
6,41,9,2,6,1,-1,32,0,0,-1,21
6,41,9,3,6,1,-1,120,0,0,-1,42
6,41,10,1,6,3,-1,8,0,0,-1,50
6,41,10,2,6,3,-1,32,0,0,-1,21
6,41,10,3,6,3,-1,115,0,0,-1,42
6,41,11,1,6,2,-1,8,0,0,-1,50
6,41,11,2,6,2,-1,31,0,0,-1,21
6,41,11,3,6,2,-1,126,0,0,-1,42
6,41,12,1,6,3,-1,8,0,0,-1,50
6,41,12,2,6,3,-1,32,0,0,-1,21
6,41,12,3,6,3,-1,128,0,0,-1,42
6,41,13,1,6,2,-1,8,0,0,-1,50
6,41,13,2,6,2,-1,32,0,0,-1,21
6,41,13,3,6,2,-1,120,0,0,-1,42
6,41,14,1,6,4,-1,8,0,0,-1,50
6,41,14,2,6,4,-1,31,0,0,-1,21
6,41,14,3,6,4,-1,128,0,0,-1,42
6,41,15,1,6,3,-1,8,0,0,-1,50
6,41,15,2,6,3,-1,32,0,0,-1,21
6,41,15,3,6,3,-1,128,0,0,-1,42
6,41,16,1,6,4,-1,8,0,0,-1,50
6,41,16,2,6,4,-1,29,0,0,-1,21
6,41,16,3,6,4,-1,128,0,0,-1,42
6,41,17,1,6,3,-1,8,0,0,-1,50
6,41,17,2,6,3,-1,32,0,0,-1,21
6,41,17,3,6,3,-1,128,0,0,-1,42
6,41,18,1,6,5,-1,8,0,0,-1,50
6,41,18,2,6,5,-1,32,0,0,-1,21
6,41,18,3,6,5,-1,123,0,0,-1,42
6,41,19,1,6,4,-1,8,0,0,-1,50
6,41,19,2,6,4,-1,30,0,0,-1,21
6,41,19,3,6,4,-1,126,0,0,-1,42
6,41,20,1,6,5,-1,8,0,0,-1,50
6,41,20,2,6,5,-1,32,0,0,-1,21
6,41,20,3,6,5,-1,128,0,0,-1,42
6,41,21,1,6,4,-1,8,0,0,-1,50
6,41,21,2,6,4,-1,10,0,2,-1,28
6,41,21,3,6,4,-1,127,0,0,-1,42
6,41,22,1,6,6,-1,8,0,0,-1,50
6,41,22,2,6,6,-1,30,0,0,-1,21
6,41,22,3,6,6,-1,127,0,0,-1,42
6,41,23,1,6,5,-1,8,0,0,-1,50
6,41,23,2,6,5,-1,32,0,0,-1,21
6,41,23,3,6,5,-1,128,0,0,-1,42
6,41,24,1,6,3,-1,7,0,0,-1,50
6,41,24,2,6,3,-1,32,0,0,-1,21
6,41,24,3,6,3,-1,128,0,0,-1,42
6,41,25,1,6,2,-1,8,0,0,-1,50
6,41,25,2,6,2,-1,32,0,0,-1,21
6,41,25,3,6,2,-1,128,0,0,-1,42
6,41,26,1,6,4,-1,8,0,0,-1,50
6,41,26,2,6,4,-1,32,0,0,-1,21
6,41,26,3,6,4,-1,122,0,0,-1,42
6,41,27,1,6,3,-1,7,0,0,-1,50
6,41,27,2,6,3,-1,29,0,0,-1,21
6,41,27,3,6,3,-1,122,0,0,-1,42
6,41,28,1,6,4,-1,8,0,0,-1,50
6,41,28,2,6,4,-1,32,0,0,-1,21
6,41,28,3,6,4,-1,128,0,0,-1,42
6,41,29,1,6,3,-1,8,0,0,-1,50
6,41,29,2,6,3,-1,31,0,0,-1,21
6,41,29,3,6,3,-1,119,0,0,-1,42
6,41,30,1,6,5,-1,8,0,0,-1,50
6,41,30,2,6,5,-1,32,0,0,-1,21
6,41,30,3,6,5,-1,121,0,0,-1,42
6,41,31,1,6,4,-1,8,0,0,-1,50
6,41,31,2,6,4,-1,32,0,0,-1,21
6,41,31,3,6,4,-1,115,0,0,-1,42
6,41,32,1,6,2,-1,7,0,0,-1,50
6,41,32,2,6,2,-1,29,0,0,-1,21
6,41,32,3,6,2,-1,127,0,0,-1,42
6,41,33,1,6,1,-1,8,0,0,-1,50
6,41,33,2,6,1,-1,32,0,0,-1,21
6,41,33,3,6,1,-1,128,0,0,-1,42
6,41,34,1,6,3,-1,8,0,0,-1,50
6,41,34,2,6,3,-1,26,0,0,-1,21
6,41,34,3,6,3,-1,127,0,0,-1,42
6,41,35,1,6,2,-1,8,0,0,-1,50
6,41,35,2,6,2,-1,30,0,0,-1,21
6,41,35,3,6,2,-1,125,0,0,-1,42
6,41,36,1,6,3,-1,7,0,0,-1,50
6,41,36,2,6,3,-1,29,0,0,-1,21
6,41,36,3,6,3,-1,122,0,0,-1,42
6,41,37,1,6,2,-1,8,0,0,-1,50
6,41,37,2,6,2,-1,32,0,0,-1,21
6,41,37,3,6,2,-1,128,0,0,-1,42
6,41,38,1,6,4,-1,8,0,0,-1,50
6,41,38,2,6,4,-1,32,0,0,-1,21
6,41,38,3,6,4,-1,122,0,0,-1,42
6,41,39,1,6,3,-1,7,0,0,-1,50
6,41,39,2,6,3,-1,32,0,0,-1,21
6,41,39,3,6,3,-1,128,0,0,-1,42
6,41,40,1,6,1,-1,8,0,0,-1,50
6,41,40,2,6,1,-1,32,0,0,-1,21
6,41,40,3,6,1,-1,125,0,0,-1,42
6,41,42,1,6,2,-1,8,0,0,-1,50
6,41,42,2,6,2,-1,27,0,0,-1,21
6,41,42,3,6,2,-1,119,0,2,-1,46
6,41,43,1,6,1,-1,8,0,0,-1,50
6,41,43,2,6,1,-1,32,0,0,-1,21
6,41,43,3,6,1,-1,125,0,0,-1,42
6,41,44,1,6,2,-1,8,0,0,-1,50
6,41,44,2,6,2,-1,31,0,0,-1,21
6,41,44,3,6,2,-1,126,0,0,-1,42
6,41,45,1,6,1,-1,8,0,0,-1,50
6,41,45,2,6,1,-1,32,0,0,-1,21
6,41,45,3,6,1,-1,120,0,0,-1,42
6,41,46,1,6,3,-1,8,0,0,-1,50
6,41,46,2,6,3,-1,32,0,0,-1,21
6,41,46,3,6,3,-1,115,0,0,-1,42
6,41,47,1,6,2,-1,8,0,0,-1,50
6,41,47,2,6,2,-1,32,0,0,-1,21
6,41,47,3,6,2,-1,128,0,0,-1,42
6,41,48,1,6,3,-1,7,0,0,-1,50
6,41,48,2,6,3,-1,29,0,0,-1,21
6,41,48,3,6,3,-1,126,0,0,-1,42
6,41,49,1,6,2,-1,8,0,0,-1,50
6,41,49,2,6,2,-1,32,0,0,-1,21
6,41,49,3,6,2,-1,128,0,0,-1,42
6,41,50,1,6,4,-1,7,0,1,-1,54
6,41,50,2,6,4,-1,29,0,0,-1,21
6,41,50,3,6,4,-1,127,0,0,-1,42
6,41,51,1,6,3,-1,7,0,0,-1,50
6,41,51,2,6,3,-1,29,0,0,-1,21
6,41,51,3,6,3,-1,126,0,0,-1,42
6,41,52,1,6,4,-1,8,0,0,-1,50
6,41,52,2,6,4,-1,30,0,0,-1,21
6,41,52,3,6,4,-1,126,0,0,-1,42
6,41,53,1,6,3,-1,8,0,0,-1,50
6,41,53,2,6,3,-1,32,0,0,-1,21
6,41,53,3,6,3,-1,128,0,0,-1,42
6,41,54,1,6,5,-1,8,0,0,-1,50
6,41,54,2,6,5,-1,32,0,0,-1,21
6,41,54,3,6,5,-1,123,0,0,-1,42
6,41,55,1,6,4,-1,8,0,0,-1,50
6,41,55,2,6,4,-1,29,0,0,-1,21
6,41,55,3,6,4,-1,128,0,0,-1,42
6,41,56,1,6,2,-1,8,0,0,-1,50
6,41,56,2,6,2,-1,30,0,0,-1,21
6,41,56,3,6,2,-1,125,0,0,-1,42
6,41,57,1,6,1,-1,8,0,0,-1,50
6,41,57,2,6,1,-1,32,0,0,-1,21
6,41,57,3,6,1,-1,128,0,0,-1,42
6,41,58,1,6,3,-1,8,0,0,-1,50
6,41,58,2,6,3,-1,26,0,0,-1,21
6,41,58,3,6,3,-1,127,0,0,-1,42
6,41,59,1,6,2,-1,7,0,0,-1,50
6,41,59,2,6,2,-1,29,0,0,-1,21
6,41,59,3,6,2,-1,127,0,0,-1,42
6,41,60,1,6,3,-1,8,0,0,-1,50
6,41,60,2,6,3,-1,30,0,0,-1,21
6,41,60,3,6,3,-1,128,0,0,-1,42
6,41,61,1,6,2,-1,8,0,0,-1,50
6,41,61,2,6,2,-1,32,0,0,-1,21
6,41,61,3,6,2,-1,128,0,0,-1,42
6,41,62,1,6,4,-1,8,0,0,-1,50
6,41,62,2,6,4,-1,32,0,0,-1,21
6,41,62,3,6,4,-1,127,0,0,-1,42
6,41,63,1,6,3,-1,5,0,0,-1,50
6,41,63,2,6,3,-1,21,0,0,-1,21
6,41,63,3,6,3,-1,85,0,0,-1,42
6,42,0,1,2,3,-1,4,0,0,-1,21
6,42,0,2,2,3,-1,0,16,1,0,0
6,42,0,3,2,3,-1,64,0,0,-1,21
6,42,1,1,6,4,-1,7,0,0,-1,21
6,42,1,2,6,4,-1,20,0,1,-1,2
6,42,1,3,6,4,-1,124,0,0,-1,21
6,42,2,1,6,2,-1,8,0,0,-1,21
6,42,2,2,6,2,-1,16,0,1,-1,8
6,42,2,3,6,2,-1,128,0,0,-1,21
6,42,3,1,6,3,-1,8,0,0,-1,21
6,42,3,2,6,3,-1,15,0,1,-1,10
6,42,3,3,6,3,-1,128,0,0,-1,21
6,42,4,1,6,4,-1,7,0,0,-1,21
6,42,4,2,6,4,-1,20,0,1,-1,8
6,42,4,3,6,4,-1,124,0,0,-1,21
6,42,5,1,6,5,-1,7,0,0,-1,21
6,42,5,2,6,5,-1,22,0,1,-1,10
6,42,5,3,6,5,-1,122,0,0,-1,21
6,42,6,1,6,3,-1,7,0,0,-1,21
6,42,6,2,6,3,-1,26,0,1,-1,8
6,42,6,3,6,3,-1,128,0,0,-1,21
6,42,7,1,6,4,-1,8,0,0,-1,21
6,42,7,2,6,4,-1,27,0,1,-1,10
6,42,7,3,6,4,-1,119,0,0,-1,21
6,42,8,1,6,2,-1,8,0,0,-1,21
6,42,8,2,6,2,-1,16,0,1,-1,32
6,42,8,3,6,2,-1,128,0,0,-1,21
6,42,9,1,6,3,-1,8,0,0,-1,21
6,42,9,2,6,3,-1,22,0,1,-1,34
6,42,9,3,6,3,-1,120,0,0,-1,21
6,42,10,1,6,1,-1,8,0,0,-1,21
6,42,10,2,6,1,-1,16,0,1,-1,40
6,42,10,3,6,1,-1,128,0,0,-1,21
6,42,11,1,6,2,-1,8,0,0,-1,21
6,42,11,2,6,2,-1,7,0,5,-1,40
6,42,11,3,6,2,-1,128,0,0,-1,21
6,42,12,1,6,3,-1,8,0,0,-1,21
6,42,12,2,6,3,-1,15,0,1,-1,40
6,42,12,3,6,3,-1,128,0,0,-1,21
6,42,13,1,6,4,-1,8,0,0,-1,21
6,42,13,2,6,4,-1,10,0,5,-1,34
6,42,13,3,6,4,-1,127,0,0,-1,21
6,42,14,1,6,2,-1,8,0,0,-1,21
6,42,14,2,6,2,-1,19,0,1,-1,40
6,42,14,3,6,2,-1,128,0,0,-1,21
6,42,15,1,6,3,-1,8,0,0,-1,21
6,42,15,2,6,3,-1,15,0,13,-1,43
6,42,15,3,6,3,-1,128,0,0,-1,21
6,42,16,1,6,4,-1,7,0,0,-1,21
6,42,16,2,6,4,-1,20,0,1,-1,32
6,42,16,3,6,4,-1,124,0,0,-1,21
6,42,17,1,6,5,-1,7,0,0,-1,21
6,42,17,2,6,5,-1,22,0,1,-1,34
6,42,17,3,6,5,-1,122,0,0,-1,21
6,42,18,1,6,3,-1,8,0,0,-1,21
6,42,18,2,6,3,-1,22,0,1,-1,40
6,42,18,3,6,3,-1,120,0,0,-1,21
6,42,19,1,6,4,-1,8,0,0,-1,21
6,42,19,2,6,4,-1,10,0,5,-1,40
6,42,19,3,6,4,-1,127,0,0,-1,21
6,42,20,1,6,5,-1,7,0,0,-1,21
6,42,20,2,6,5,-1,22,0,1,-1,40
6,42,20,3,6,5,-1,122,0,0,-1,21
6,42,21,1,2,6,23,0,0,-1,-1,-1
6,42,21,2,2,6,-1,0,4,11,10,21
6,42,21,3,2,6,-1,0,16,22,20,42
6,42,22,1,6,4,-1,7,0,0,-1,21
6,42,22,2,6,4,-1,25,0,1,-1,40
6,42,22,3,6,4,-1,95,0,0,-1,21
6,42,23,1,6,5,-1,7,0,0,-1,21
6,42,23,2,6,5,-1,22,0,6,-1,50
6,42,23,3,6,5,-1,122,0,0,-1,21
6,42,24,1,6,3,-1,7,0,0,-1,21
6,42,24,2,6,3,-1,26,0,1,-1,32
6,42,24,3,6,3,-1,128,0,0,-1,21
6,42,25,1,6,4,-1,7,0,0,-1,21
6,42,25,2,6,4,-1,25,0,1,-1,34
6,42,25,3,6,4,-1,95,0,0,-1,21
6,42,26,1,6,2,-1,8,0,0,-1,21
6,42,26,2,6,2,-1,27,0,1,-1,40
6,42,26,3,6,2,-1,119,0,0,-1,21
6,42,27,1,6,3,-1,8,0,0,-1,21
6,42,27,2,6,3,-1,22,0,5,-1,40
6,42,27,3,6,3,-1,120,0,0,-1,21
6,42,28,1,6,4,-1,8,0,0,-1,21
6,42,28,2,6,4,-1,27,0,1,-1,40
6,42,28,3,6,4,-1,119,0,0,-1,21
6,42,29,1,6,5,-1,7,0,0,-1,21
6,42,29,2,6,5,-1,22,0,6,-1,11
6,42,29,3,6,5,-1,122,0,0,-1,21
6,42,30,1,6,3,-1,7,0,0,-1,21
6,42,30,2,6,3,-1,26,0,1,-1,40
6,42,30,3,6,3,-1,128,0,0,-1,21
6,42,31,1,6,4,-1,7,0,0,-1,21
6,42,31,2,6,4,-1,20,0,11,-1,18
6,42,31,3,6,4,-1,124,0,0,-1,21
6,42,32,1,6,2,-1,8,0,0,-1,21
6,42,32,2,6,2,-1,16,0,1,-1,2
6,42,32,3,6,2,-1,128,0,0,-1,21
6,42,33,1,6,3,-1,7,0,0,-1,21
6,42,33,2,6,3,-1,26,0,1,-1,2
6,42,33,3,6,3,-1,128,0,0,-1,21
6,42,34,1,6,1,-1,8,0,0,-1,21
6,42,34,2,6,1,-1,16,0,1,-1,10
6,42,34,3,6,1,-1,128,0,0,-1,21
6,42,35,1,6,2,-1,8,0,0,-1,21
6,42,35,2,6,2,-1,19,0,1,-1,10
6,42,35,3,6,2,-1,128,0,0,-1,21
6,42,36,1,6,3,-1,8,0,0,-1,21
6,42,36,2,6,3,-1,22,0,1,-1,10
6,42,36,3,6,3,-1,120,0,0,-1,21
6,42,37,1,6,4,-1,7,0,0,-1,21
6,42,37,2,6,4,-1,25,0,1,-1,10
6,42,37,3,6,4,-1,95,0,0,-1,21
6,42,38,1,6,2,-1,8,0,0,-1,21
6,42,38,2,6,2,-1,27,0,1,-1,10
6,42,38,3,6,2,-1,119,0,0,-1,21
6,42,39,1,6,3,-1,7,0,0,-1,21
6,42,39,2,6,3,-1,26,0,1,-1,10
6,42,39,3,6,3,-1,128,0,0,-1,21
6,42,40,1,6,1,-1,8,0,0,-1,21
6,42,40,2,6,1,-1,16,0,1,-1,34
6,42,40,3,6,1,-1,128,0,0,-1,21
6,42,41,1,6,2,-1,8,0,0,-1,21
6,42,41,2,6,2,-1,27,0,1,-1,34
6,42,41,3,6,2,-1,119,0,0,-1,21
6,42,43,1,6,1,-1,8,0,0,-1,21
6,42,43,2,6,1,-1,16,0,16,-1,58
6,42,43,3,6,1,-1,128,0,0,-1,21
6,42,44,1,6,2,-1,8,0,0,-1,21
6,42,44,2,6,2,-1,7,0,5,-1,34
6,42,44,3,6,2,-1,128,0,0,-1,21
6,42,45,1,6,3,-1,8,0,0,-1,21
6,42,45,2,6,3,-1,22,0,5,-1,34
6,42,45,3,6,3,-1,120,0,0,-1,21
6,42,46,1,6,1,-1,8,0,0,-1,21
6,42,46,2,6,1,-1,16,0,16,-1,43
6,42,46,3,6,1,-1,128,0,0,-1,21
6,42,47,1,6,2,-1,8,0,0,-1,21
6,42,47,2,6,2,-1,16,0,16,-1,59
6,42,47,3,6,2,-1,128,0,0,-1,21
6,42,48,1,6,3,-1,8,0,0,-1,21
6,42,48,2,6,3,-1,15,0,1,-1,34
6,42,48,3,6,3,-1,128,0,0,-1,21
6,42,49,1,6,4,-1,8,0,0,-1,21
6,42,49,2,6,4,-1,27,0,1,-1,34
6,42,49,3,6,4,-1,119,0,0,-1,21
6,42,50,1,6,2,-1,8,0,0,-1,21
6,42,50,2,6,2,-1,7,0,5,-1,10
6,42,50,3,6,2,-1,128,0,0,-1,21
6,42,51,1,6,3,-1,8,0,0,-1,21
6,42,51,2,6,3,-1,15,0,13,-1,58
6,42,51,3,6,3,-1,128,0,0,-1,21
6,42,52,1,6,4,-1,8,0,0,-1,21
6,42,52,2,6,4,-1,10,0,5,-1,10
6,42,52,3,6,4,-1,127,0,0,-1,21
6,42,53,1,6,5,-1,7,0,0,-1,21
6,42,53,2,6,5,-1,22,0,6,-1,44
6,42,53,3,6,5,-1,122,0,0,-1,21
6,42,54,1,6,3,-1,8,0,0,-1,21
6,42,54,2,6,3,-1,22,0,5,-1,10
6,42,54,3,6,3,-1,120,0,0,-1,21
6,42,55,1,6,4,-1,7,0,0,-1,21
6,42,55,2,6,4,-1,20,0,11,-1,36
6,42,55,3,6,4,-1,124,0,0,-1,21
6,42,56,1,6,2,-1,8,0,0,-1,21
6,42,56,2,6,2,-1,19,0,1,-1,34
6,42,56,3,6,2,-1,128,0,0,-1,21
6,42,57,1,6,3,-1,7,0,0,-1,21
6,42,57,2,6,3,-1,26,0,1,-1,34
6,42,57,3,6,3,-1,128,0,0,-1,21
6,42,58,1,6,1,-1,8,0,0,-1,21
6,42,58,2,6,1,-1,16,0,16,-1,46
6,42,58,3,6,1,-1,128,0,0,-1,21
6,42,59,1,6,2,-1,8,0,0,-1,21
6,42,59,2,6,2,-1,16,0,16,-1,62
6,42,59,3,6,2,-1,128,0,0,-1,21
6,42,60,1,6,3,-1,8,0,0,-1,21
6,42,60,2,6,3,-1,15,0,13,-1,46
6,42,60,3,6,3,-1,128,0,0,-1,21
6,42,61,1,6,4,-1,7,0,0,-1,21
6,42,61,2,6,4,-1,20,0,11,-1,9
6,42,61,3,6,4,-1,124,0,0,-1,21
6,42,62,1,6,2,-1,8,0,0,-1,21
6,42,62,2,6,2,-1,16,0,16,-1,47
6,42,62,3,6,2,-1,128,0,0,-1,21
6,42,63,1,2,3,-1,4,0,0,-1,21
6,42,63,2,2,3,-1,0,16,16,0,63
6,42,63,3,2,3,-1,64,0,0,-1,21
6,43,0,1,6,4,-1,5,0,0,-1,53
6,43,0,2,6,4,-1,21,0,0,-1,58
6,43,0,3,6,4,-1,93,0,0,-1,29
6,43,1,1,6,3,-1,8,0,0,-1,53
6,43,1,2,6,3,-1,31,0,0,-1,58
6,43,1,3,6,3,-1,127,0,0,-1,29
6,43,2,1,6,3,-1,8,0,0,-1,53
6,43,2,2,6,3,-1,32,0,0,-1,58
6,43,2,3,6,3,-1,128,0,0,-1,29
6,43,3,1,6,2,-1,8,0,0,-1,53
6,43,3,2,6,2,-1,32,0,0,-1,58
6,43,3,3,6,2,-1,128,0,0,-1,29
6,43,4,1,6,5,-1,8,0,0,-1,53
6,43,4,2,6,5,-1,29,0,0,-1,58
6,43,4,3,6,5,-1,126,0,0,-1,29
6,43,5,1,6,4,-1,8,0,0,-1,53
6,43,5,2,6,4,-1,32,0,0,-1,58
6,43,5,3,6,4,-1,128,0,0,-1,29
6,43,6,1,6,4,-1,8,0,0,-1,53
6,43,6,2,6,4,-1,28,0,0,-1,58
6,43,6,3,6,4,-1,128,0,0,-1,29
6,43,7,1,6,3,-1,8,0,0,-1,53
6,43,7,2,6,3,-1,29,0,0,-1,58
6,43,7,3,6,3,-1,128,0,0,-1,29
6,43,8,1,6,3,-1,8,0,0,-1,53
6,43,8,2,6,3,-1,30,0,0,-1,58
6,43,8,3,6,3,-1,128,0,0,-1,29
6,43,9,1,6,2,-1,8,0,0,-1,53
6,43,9,2,6,2,-1,30,0,0,-1,58
6,43,9,3,6,2,-1,121,0,0,-1,29
6,43,10,1,6,2,-1,8,0,0,-1,53
6,43,10,2,6,2,-1,32,0,0,-1,58
6,43,10,3,6,2,-1,128,0,0,-1,29
6,43,11,1,6,1,-1,8,0,0,-1,53
6,43,11,2,6,1,-1,32,0,0,-1,58
6,43,11,3,6,1,-1,128,0,0,-1,29
6,43,12,1,6,4,-1,8,0,0,-1,53
6,43,12,2,6,4,-1,29,0,0,-1,58
6,43,12,3,6,4,-1,128,0,0,-1,29
6,43,13,1,6,3,-1,8,0,0,-1,53
6,43,13,2,6,3,-1,31,0,0,-1,58
6,43,13,3,6,3,-1,119,0,0,-1,29
6,43,14,1,6,3,-1,8,0,0,-1,53
6,43,14,2,6,3,-1,26,0,0,-1,58
6,43,14,3,6,3,-1,128,0,0,-1,29
6,43,15,1,6,2,-1,8,0,0,-1,53
6,43,15,2,6,2,-1,24,0,0,-1,58
6,43,15,3,6,2,-1,128,0,0,-1,29
6,43,16,1,6,5,-1,8,0,0,-1,53
6,43,16,2,6,5,-1,29,0,0,-1,58
6,43,16,3,6,5,-1,125,0,0,-1,29
6,43,17,1,6,4,-1,8,0,0,-1,53
6,43,17,2,6,4,-1,30,0,0,-1,58
6,43,17,3,6,4,-1,128,0,0,-1,29
6,43,18,1,6,4,-1,8,0,0,-1,53
6,43,18,2,6,4,-1,32,0,0,-1,58
6,43,18,3,6,4,-1,118,0,0,-1,29
6,43,19,1,6,3,-1,8,0,0,-1,53
6,43,19,2,6,3,-1,32,0,0,-1,58
6,43,19,3,6,3,-1,128,0,0,-1,29
6,43,20,1,6,6,-1,8,0,0,-1,53
6,43,20,2,6,6,-1,24,0,0,-1,58
6,43,20,3,6,6,-1,128,0,0,-1,29
6,43,21,1,6,5,-1,7,0,0,-1,53
6,43,21,2,6,5,-1,22,0,0,-1,58
6,43,21,3,6,5,-1,122,0,0,-1,29
6,43,22,1,6,5,-1,8,0,0,-1,53
6,43,22,2,6,5,-1,31,0,0,-1,58
6,43,22,3,6,5,-1,119,0,0,-1,29
6,43,23,1,6,4,-1,6,0,0,-1,53
6,43,23,2,6,4,-1,32,0,0,-1,58
6,43,23,3,6,4,-1,128,0,0,-1,29
6,43,24,1,6,4,-1,7,0,0,-1,53
6,43,24,2,6,4,-1,31,0,0,-1,58
6,43,24,3,6,4,-1,120,0,0,-1,29
6,43,25,1,6,3,-1,8,0,0,-1,53
6,43,25,2,6,3,-1,31,0,0,-1,58
6,43,25,3,6,3,-1,127,0,0,-1,29
6,43,26,1,6,3,-1,8,0,0,-1,53
6,43,26,2,6,3,-1,32,0,0,-1,58
6,43,26,3,6,3,-1,115,0,0,-1,29
6,43,27,1,6,2,-1,8,0,0,-1,53
6,43,27,2,6,2,-1,32,0,0,-1,58
6,43,27,3,6,2,-1,112,0,0,-1,29
6,43,28,1,6,5,-1,8,0,0,-1,53
6,43,28,2,6,5,-1,30,0,0,-1,58
6,43,28,3,6,5,-1,121,0,0,-1,29
6,43,29,1,6,4,-1,8,0,0,-1,53
6,43,29,2,6,4,-1,28,0,0,-1,58
6,43,29,3,6,4,-1,104,0,8,-1,56
6,43,30,1,6,4,-1,8,0,0,-1,53
6,43,30,2,6,4,-1,31,0,0,-1,58
6,43,30,3,6,4,-1,114,0,0,-1,29
6,43,31,1,6,3,-1,8,0,0,-1,53
6,43,31,2,6,3,-1,32,0,0,-1,58
6,43,31,3,6,3,-1,128,0,0,-1,29
6,43,32,1,6,3,-1,8,0,0,-1,53
6,43,32,2,6,3,-1,31,0,0,-1,58
6,43,32,3,6,3,-1,128,0,0,-1,29
6,43,33,1,6,2,-1,7,0,0,-1,53
6,43,33,2,6,2,-1,32,0,0,-1,58
6,43,33,3,6,2,-1,128,0,0,-1,29
6,43,34,1,6,2,-1,8,0,0,-1,53
6,43,34,2,6,2,-1,32,0,0,-1,58
6,43,34,3,6,2,-1,128,0,0,-1,29
6,43,35,1,6,1,-1,8,0,0,-1,53
6,43,35,2,6,1,-1,32,0,0,-1,58
6,43,35,3,6,1,-1,128,0,0,-1,29
6,43,36,1,6,4,-1,8,0,0,-1,53
6,43,36,2,6,4,-1,31,0,0,-1,58
6,43,36,3,6,4,-1,124,0,0,-1,29
6,43,37,1,6,3,-1,6,0,0,-1,53
6,43,37,2,6,3,-1,32,0,0,-1,58
6,43,37,3,6,3,-1,124,0,0,-1,29
6,43,38,1,6,3,-1,8,0,0,-1,53
6,43,38,2,6,3,-1,26,0,0,-1,58
6,43,38,3,6,3,-1,127,0,0,-1,29
6,43,39,1,6,2,-1,6,0,0,-1,53
6,43,39,2,6,2,-1,29,0,0,-1,58
6,43,39,3,6,2,-1,128,0,0,-1,29
6,43,40,1,6,2,-1,8,0,0,-1,53
6,43,40,2,6,2,-1,30,0,0,-1,58
6,43,40,3,6,2,-1,128,0,0,-1,29
6,43,41,1,6,1,-1,8,0,0,-1,53
6,43,41,2,6,1,-1,32,0,0,-1,58
6,43,41,3,6,1,-1,125,0,0,-1,29
6,43,42,1,6,1,-1,8,0,0,-1,53
6,43,42,2,6,1,-1,16,0,0,-1,58
6,43,42,3,6,1,-1,128,0,0,-1,29
6,43,44,1,6,3,-1,8,0,0,-1,53
6,43,44,2,6,3,-1,31,0,0,-1,58
6,43,44,3,6,3,-1,128,0,0,-1,29
6,43,45,1,6,2,-1,8,0,0,-1,53
6,43,45,2,6,2,-1,32,0,0,-1,58
6,43,45,3,6,2,-1,114,0,0,-1,29
6,43,46,1,6,2,-1,8,0,0,-1,53
6,43,46,2,6,2,-1,16,0,0,-1,58
6,43,46,3,6,2,-1,128,0,0,-1,29
6,43,47,1,6,1,-1,8,0,0,-1,53
6,43,47,2,6,1,-1,32,0,0,-1,58
6,43,47,3,6,1,-1,128,0,0,-1,29
6,43,48,1,6,4,-1,8,0,0,-1,53
6,43,48,2,6,4,-1,32,0,0,-1,58
6,43,48,3,6,4,-1,128,0,0,-1,29
6,43,49,1,6,3,-1,7,0,0,-1,53
6,43,49,2,6,3,-1,30,0,0,-1,58
6,43,49,3,6,3,-1,126,0,0,-1,29
6,43,50,1,6,3,-1,8,0,0,-1,53
6,43,50,2,6,3,-1,32,0,0,-1,58
6,43,50,3,6,3,-1,128,0,0,-1,29
6,43,51,1,6,2,-1,8,0,0,-1,53
6,43,51,2,6,2,-1,32,0,0,-1,58
6,43,51,3,6,2,-1,128,0,0,-1,29
6,43,52,1,6,5,-1,8,0,0,-1,53
6,43,52,2,6,5,-1,32,0,0,-1,58
6,43,52,3,6,5,-1,128,0,0,-1,29
6,43,53,1,6,4,-1,6,0,2,-1,55
6,43,53,2,6,4,-1,32,0,0,-1,58
6,43,53,3,6,4,-1,128,0,0,-1,29
6,43,54,1,6,4,-1,8,0,0,-1,53
6,43,54,2,6,4,-1,26,0,0,-1,58
6,43,54,3,6,4,-1,120,0,0,-1,29
6,43,55,1,6,3,-1,7,0,0,-1,53
6,43,55,2,6,3,-1,31,0,0,-1,58
6,43,55,3,6,3,-1,128,0,0,-1,29
6,43,56,1,6,3,-1,8,0,0,-1,53
6,43,56,2,6,3,-1,32,0,0,-1,58
6,43,56,3,6,3,-1,128,0,0,-1,29
6,43,57,1,6,2,-1,8,0,0,-1,53
6,43,57,2,6,2,-1,31,0,0,-1,58
6,43,57,3,6,2,-1,126,0,0,-1,29
6,43,58,1,6,2,-1,8,0,0,-1,53
6,43,58,2,6,2,-1,16,0,16,-1,46
6,43,58,3,6,2,-1,128,0,0,-1,29
6,43,59,1,6,1,-1,8,0,0,-1,53
6,43,59,2,6,1,-1,32,0,0,-1,58
6,43,59,3,6,1,-1,128,0,0,-1,29
6,43,60,1,6,4,-1,8,0,0,-1,53
6,43,60,2,6,4,-1,32,0,0,-1,58
6,43,60,3,6,4,-1,128,0,0,-1,29
6,43,61,1,6,3,-1,8,0,0,-1,53
6,43,61,2,6,3,-1,32,0,0,-1,58
6,43,61,3,6,3,-1,109,0,0,-1,29
6,43,62,1,6,3,-1,8,0,0,-1,53
6,43,62,2,6,3,-1,32,0,0,-1,58
6,43,62,3,6,3,-1,128,0,0,-1,29
6,43,63,1,6,2,-1,4,0,0,-1,53
6,43,63,2,6,2,-1,16,0,0,-1,58
6,43,63,3,6,2,-1,64,0,0,-1,29
6,44,0,1,6,3,-1,5,0,0,-1,21
6,44,0,2,6,3,-1,20,0,0,-1,42
6,44,0,3,6,3,-1,80,0,0,-1,21
6,44,1,1,6,4,-1,8,0,0,-1,21
6,44,1,2,6,4,-1,31,0,0,-1,42
6,44,1,3,6,4,-1,122,0,0,-1,21
6,44,2,1,6,4,-1,8,0,0,-1,21
6,44,2,2,6,4,-1,32,0,0,-1,42
6,44,2,3,6,4,-1,128,0,0,-1,21
6,44,3,1,6,5,-1,8,0,0,-1,21
6,44,3,2,6,5,-1,31,0,0,-1,42
6,44,3,3,6,5,-1,128,0,0,-1,21
6,44,4,1,6,2,-1,7,0,0,-1,21
6,44,4,2,6,2,-1,31,0,0,-1,42
6,44,4,3,6,2,-1,124,0,0,-1,21
6,44,5,1,6,3,-1,8,0,0,-1,21
6,44,5,2,6,3,-1,31,0,0,-1,42
6,44,5,3,6,3,-1,127,0,0,-1,21
6,44,6,1,6,3,-1,8,0,0,-1,21
6,44,6,2,6,3,-1,31,0,0,-1,42
6,44,6,3,6,3,-1,126,0,0,-1,21
6,44,7,1,6,4,-1,8,0,0,-1,21
6,44,7,2,6,4,-1,31,0,0,-1,42
6,44,7,3,6,4,-1,127,0,0,-1,21
6,44,8,1,6,2,-1,8,0,0,-1,21
6,44,8,2,6,2,-1,32,0,0,-1,42
6,44,8,3,6,2,-1,128,0,0,-1,21
6,44,9,1,6,3,-1,8,0,0,-1,21
6,44,9,2,6,3,-1,31,0,0,-1,42
6,44,9,3,6,3,-1,124,0,0,-1,21
6,44,10,1,6,3,-1,8,0,0,-1,21
6,44,10,2,6,3,-1,32,0,0,-1,42
6,44,10,3,6,3,-1,128,0,0,-1,21
6,44,11,1,6,4,-1,8,0,0,-1,21
6,44,11,2,6,4,-1,32,0,0,-1,42
6,44,11,3,6,4,-1,128,0,0,-1,21
6,44,12,1,6,1,-1,8,0,0,-1,21
6,44,12,2,6,1,-1,32,0,0,-1,42
6,44,12,3,6,1,-1,128,0,0,-1,21
6,44,13,1,6,2,-1,8,0,0,-1,21
6,44,13,2,6,2,-1,32,0,0,-1,42
6,44,13,3,6,2,-1,128,0,0,-1,21
6,44,14,1,6,2,-1,8,0,0,-1,21
6,44,14,2,6,2,-1,32,0,0,-1,42
6,44,14,3,6,2,-1,128,0,0,-1,21
6,44,15,1,6,3,-1,8,0,0,-1,21
6,44,15,2,6,3,-1,32,0,0,-1,42
6,44,15,3,6,3,-1,128,0,0,-1,21
6,44,16,1,6,4,-1,8,0,0,-1,21
6,44,16,2,6,4,-1,31,0,0,-1,42
6,44,16,3,6,4,-1,121,0,0,-1,21
6,44,17,1,6,5,-1,8,0,0,-1,21
6,44,17,2,6,5,-1,31,0,0,-1,42
6,44,17,3,6,5,-1,119,0,0,-1,21
6,44,18,1,6,5,-1,8,0,0,-1,21
6,44,18,2,6,5,-1,32,0,0,-1,42
6,44,18,3,6,5,-1,120,0,0,-1,21
6,44,19,1,6,6,-1,8,0,0,-1,21
6,44,19,2,6,6,-1,30,0,0,-1,42
6,44,19,3,6,6,-1,127,0,0,-1,21
6,44,20,1,6,3,-1,6,0,0,-1,21
6,44,20,2,6,3,-1,32,0,0,-1,42
6,44,20,3,6,3,-1,124,0,0,-1,21
6,44,21,1,6,4,-1,7,0,1,-1,23
6,44,21,2,6,4,-1,25,0,0,-1,42
6,44,21,3,6,4,-1,95,0,4,-1,20
6,44,22,1,6,4,-1,8,0,0,-1,21
6,44,22,2,6,4,-1,32,0,0,-1,42
6,44,22,3,6,4,-1,128,0,0,-1,21
6,44,23,1,6,5,-1,8,0,0,-1,21
6,44,23,2,6,5,-1,31,0,0,-1,42
6,44,23,3,6,5,-1,119,0,0,-1,21
6,44,24,1,6,3,-1,8,0,0,-1,21
6,44,24,2,6,3,-1,28,0,0,-1,42
6,44,24,3,6,3,-1,125,0,0,-1,21
6,44,25,1,6,4,-1,8,0,0,-1,21
6,44,25,2,6,4,-1,32,0,0,-1,42
6,44,25,3,6,4,-1,128,0,0,-1,21
6,44,26,1,6,4,-1,7,0,0,-1,21
6,44,26,2,6,4,-1,29,0,0,-1,42
6,44,26,3,6,4,-1,127,0,0,-1,21
6,44,27,1,6,5,-1,8,0,0,-1,21
6,44,27,2,6,5,-1,32,0,0,-1,42
6,44,27,3,6,5,-1,120,0,0,-1,21
6,44,28,1,6,2,-1,6,0,0,-1,21
6,44,28,2,6,2,-1,27,0,0,-1,42
6,44,28,3,6,2,-1,127,0,0,-1,21
6,44,29,1,6,3,-1,6,0,0,-1,21
6,44,29,2,6,3,-1,32,0,0,-1,42
6,44,29,3,6,3,-1,124,0,0,-1,21
6,44,30,1,6,3,-1,8,0,0,-1,21
6,44,30,2,6,3,-1,28,0,0,-1,42
6,44,30,3,6,3,-1,125,0,0,-1,21
6,44,31,1,6,4,-1,8,0,0,-1,21
6,44,31,2,6,4,-1,31,0,0,-1,42
6,44,31,3,6,4,-1,121,0,0,-1,21
6,44,32,1,6,2,-1,8,0,0,-1,21
6,44,32,2,6,2,-1,32,0,0,-1,42
6,44,32,3,6,2,-1,128,0,0,-1,21
6,44,33,1,6,3,-1,8,0,0,-1,21
6,44,33,2,6,3,-1,31,0,0,-1,42
6,44,33,3,6,3,-1,125,0,0,-1,21
6,44,34,1,6,3,-1,8,0,0,-1,21
6,44,34,2,6,3,-1,31,0,0,-1,42
6,44,34,3,6,3,-1,128,0,0,-1,21
6,44,35,1,6,4,-1,7,0,0,-1,21
6,44,35,2,6,4,-1,32,0,0,-1,42
6,44,35,3,6,4,-1,128,0,0,-1,21
6,44,36,1,6,1,-1,8,0,0,-1,21
6,44,36,2,6,1,-1,32,0,0,-1,42
6,44,36,3,6,1,-1,124,0,0,-1,21
6,44,37,1,6,2,-1,8,0,0,-1,21
6,44,37,2,6,2,-1,30,0,0,-1,42
6,44,37,3,6,2,-1,124,0,0,-1,21
6,44,38,1,6,2,-1,8,0,0,-1,21
6,44,38,2,6,2,-1,31,0,0,-1,42
6,44,38,3,6,2,-1,126,0,0,-1,21
6,44,39,1,6,3,-1,8,0,0,-1,21
6,44,39,2,6,3,-1,31,0,0,-1,42
6,44,39,3,6,3,-1,125,0,0,-1,21
6,44,40,1,6,1,-1,8,0,0,-1,21
6,44,40,2,6,1,-1,32,0,0,-1,42
6,44,40,3,6,1,-1,128,0,0,-1,21
6,44,41,1,6,2,-1,8,0,0,-1,21
6,44,41,2,6,2,-1,31,0,0,-1,42
6,44,41,3,6,2,-1,126,0,0,-1,21
6,44,42,1,6,2,-1,8,0,0,-1,21
6,44,42,2,6,2,-1,7,0,2,-1,34
6,44,42,3,6,2,-1,128,0,0,-1,21
6,44,43,1,6,3,-1,8,0,0,-1,21
6,44,43,2,6,3,-1,31,0,0,-1,42
6,44,43,3,6,3,-1,128,0,0,-1,21
6,44,45,1,6,1,-1,8,0,0,-1,21
6,44,45,2,6,1,-1,32,0,0,-1,42
6,44,45,3,6,1,-1,124,0,0,-1,21
6,44,46,1,6,1,-1,8,0,0,-1,21
6,44,46,2,6,1,-1,32,0,0,-1,42
6,44,46,3,6,1,-1,128,0,0,-1,21
6,44,47,1,6,2,-1,8,0,0,-1,21
6,44,47,2,6,2,-1,32,0,0,-1,42
6,44,47,3,6,2,-1,128,0,0,-1,21
6,44,48,1,6,3,-1,8,0,0,-1,21
6,44,48,2,6,3,-1,32,0,0,-1,42
6,44,48,3,6,3,-1,128,0,0,-1,21
6,44,49,1,6,4,-1,8,0,0,-1,21
6,44,49,2,6,4,-1,31,0,0,-1,42
6,44,49,3,6,4,-1,127,0,0,-1,21
6,44,50,1,6,4,-1,8,0,0,-1,21
6,44,50,2,6,4,-1,32,0,0,-1,42
6,44,50,3,6,4,-1,128,0,0,-1,21
6,44,51,1,6,5,-1,8,0,0,-1,21
6,44,51,2,6,5,-1,31,0,0,-1,42
6,44,51,3,6,5,-1,128,0,0,-1,21
6,44,52,1,6,2,-1,8,0,0,-1,21
6,44,52,2,6,2,-1,32,0,0,-1,42
6,44,52,3,6,2,-1,128,0,0,-1,21
6,44,53,1,6,3,-1,8,0,0,-1,21
6,44,53,2,6,3,-1,31,0,0,-1,42
6,44,53,3,6,3,-1,127,0,0,-1,21
6,44,54,1,6,3,-1,8,0,0,-1,21
6,44,54,2,6,3,-1,31,0,0,-1,42
6,44,54,3,6,3,-1,124,0,0,-1,21
6,44,55,1,6,4,-1,8,0,0,-1,21
6,44,55,2,6,4,-1,31,0,0,-1,42
6,44,55,3,6,4,-1,122,0,0,-1,21
6,44,56,1,6,2,-1,8,0,0,-1,21
6,44,56,2,6,2,-1,32,0,0,-1,42
6,44,56,3,6,2,-1,128,0,0,-1,21
6,44,57,1,6,3,-1,8,0,0,-1,21
6,44,57,2,6,3,-1,31,0,0,-1,42
6,44,57,3,6,3,-1,126,0,0,-1,21
6,44,58,1,6,3,-1,8,0,0,-1,21
6,44,58,2,6,3,-1,32,0,0,-1,42
6,44,58,3,6,3,-1,128,0,0,-1,21
6,44,59,1,6,4,-1,8,0,0,-1,21
6,44,59,2,6,4,-1,32,0,0,-1,42
6,44,59,3,6,4,-1,128,0,0,-1,21
6,44,60,1,6,1,-1,8,0,0,-1,21
6,44,60,2,6,1,-1,32,0,0,-1,42
6,44,60,3,6,1,-1,128,0,0,-1,21
6,44,61,1,6,2,-1,7,0,0,-1,21
6,44,61,2,6,2,-1,31,0,0,-1,42
6,44,61,3,6,2,-1,124,0,0,-1,21
6,44,62,1,6,2,-1,8,0,0,-1,21
6,44,62,2,6,2,-1,32,0,0,-1,42
6,44,62,3,6,2,-1,128,0,0,-1,21
6,44,63,1,6,3,-1,5,0,0,-1,21
6,44,63,2,6,3,-1,20,0,0,-1,42
6,44,63,3,6,3,-1,80,0,0,-1,21
6,45,0,1,3,4,-1,5,0,0,-1,54
6,45,0,2,3,4,-1,17,0,0,-1,27
6,45,0,3,3,4,-1,79,0,2,-1,9
6,45,1,1,6,3,-1,8,0,0,-1,54
6,45,1,2,6,3,-1,30,0,0,-1,27
6,45,1,3,6,3,-1,124,0,2,-1,13
6,45,2,1,6,5,-1,8,0,0,-1,54
6,45,2,2,6,5,-1,28,0,0,-1,27
6,45,2,3,6,5,-1,122,0,2,-1,13
6,45,3,1,6,4,-1,8,0,0,-1,54
6,45,3,2,6,4,-1,32,0,0,-1,27
6,45,3,3,6,4,-1,124,0,2,-1,13
6,45,4,1,6,3,-1,8,0,0,-1,54
6,45,4,2,6,3,-1,30,0,0,-1,27
6,45,4,3,6,3,-1,124,0,2,-1,9
6,45,5,1,6,2,-1,8,0,0,-1,54
6,45,5,2,6,2,-1,30,0,0,-1,27
6,45,5,3,6,2,-1,121,0,2,-1,13
6,45,6,1,6,4,-1,8,0,0,-1,54
6,45,6,2,6,4,-1,31,0,0,-1,27
6,45,6,3,6,4,-1,123,0,2,-1,13
6,45,7,1,6,3,-1,8,0,0,-1,54
6,45,7,2,6,3,-1,31,0,0,-1,27
6,45,7,3,6,3,-1,124,0,2,-1,13
6,45,8,1,6,3,-1,8,0,0,-1,54
6,45,8,2,6,3,-1,30,0,0,-1,27
6,45,8,3,6,3,-1,124,0,2,-1,41
6,45,9,1,3,2,-1,8,0,0,-1,54
6,45,9,2,3,2,-1,24,0,0,-1,27
6,45,9,3,3,2,-1,96,0,4,-1,36
6,45,10,1,6,4,-1,8,0,0,-1,54
6,45,10,2,6,4,-1,32,0,0,-1,27
6,45,10,3,6,4,-1,118,0,4,-1,37
6,45,11,1,6,3,-1,8,0,0,-1,54
6,45,11,2,6,3,-1,31,0,0,-1,27
6,45,11,3,6,3,-1,124,0,4,-1,36
6,45,12,1,6,2,-1,8,0,0,-1,54
6,45,12,2,6,2,-1,32,0,0,-1,27
6,45,12,3,6,2,-1,124,0,2,-1,41
6,45,13,1,6,1,-1,8,0,0,-1,54
6,45,13,2,6,1,-1,32,0,0,-1,27
6,45,13,3,6,1,-1,120,0,4,-1,44
6,45,14,1,6,3,-1,8,0,0,-1,54
6,45,14,2,6,3,-1,32,0,0,-1,27
6,45,14,3,6,3,-1,116,0,6,-1,44
6,45,15,1,6,2,-1,8,0,0,-1,54
6,45,15,2,6,2,-1,32,0,0,-1,27
6,45,15,3,6,2,-1,124,0,4,-1,44
6,45,16,1,6,5,-1,8,0,0,-1,54
6,45,16,2,6,5,-1,28,0,0,-1,27
6,45,16,3,6,5,-1,122,0,2,-1,41
6,45,17,1,6,4,-1,8,0,0,-1,54
6,45,17,2,6,4,-1,32,0,0,-1,27
6,45,17,3,6,4,-1,118,0,4,-1,44
6,45,18,1,3,6,-1,8,0,0,-1,54
6,45,18,2,3,6,-1,28,0,0,-1,27
6,45,18,3,3,6,-1,78,0,6,-1,9
6,45,19,1,6,5,-1,8,0,0,-1,54
6,45,19,2,6,5,-1,32,0,0,-1,27
6,45,19,3,6,5,-1,123,0,4,-1,44
6,45,20,1,6,4,-1,8,0,0,-1,54
6,45,20,2,6,4,-1,31,0,0,-1,27
6,45,20,3,6,4,-1,124,0,2,-1,41
6,45,21,1,6,3,-1,8,0,0,-1,54
6,45,21,2,6,3,-1,22,0,0,-1,27
6,45,21,3,6,3,-1,120,0,4,-1,44
6,45,22,1,6,5,-1,8,0,0,-1,54
6,45,22,2,6,5,-1,32,0,0,-1,27
6,45,22,3,6,5,-1,120,0,8,-1,61
6,45,23,1,6,4,-1,8,0,0,-1,54
6,45,23,2,6,4,-1,26,0,0,-1,27
6,45,23,3,6,4,-1,120,0,4,-1,44
6,45,24,1,6,4,-1,8,0,0,-1,54
6,45,24,2,6,4,-1,32,0,0,-1,27
6,45,24,3,6,4,-1,124,0,2,-1,41
6,45,25,1,6,3,-1,8,0,0,-1,54
6,45,25,2,6,3,-1,31,0,0,-1,27
6,45,25,3,6,3,-1,124,0,4,-1,36
6,45,26,1,6,5,-1,8,0,0,-1,54
6,45,26,2,6,5,-1,32,0,0,-1,27
6,45,26,3,6,5,-1,123,0,4,-1,37
6,45,27,1,3,4,-1,6,0,0,-1,54
6,45,27,2,3,4,-1,24,0,2,-1,18
6,45,27,3,3,4,-1,93,0,4,-1,36
6,45,28,1,6,3,-1,7,0,0,-1,54
6,45,28,2,6,3,-1,32,0,0,-1,27
6,45,28,3,6,3,-1,122,0,2,-1,41
6,45,29,1,6,2,-1,8,0,0,-1,54
6,45,29,2,6,2,-1,32,0,0,-1,27
6,45,29,3,6,2,-1,114,0,4,-1,44
6,45,30,1,6,4,-1,8,0,0,-1,54
6,45,30,2,6,4,-1,32,0,0,-1,27
6,45,30,3,6,4,-1,117,0,6,-1,13
6,45,31,1,6,3,-1,8,0,0,-1,54
6,45,31,2,6,3,-1,31,0,0,-1,27
6,45,31,3,6,3,-1,118,0,4,-1,44
6,45,32,1,6,3,-1,8,0,0,-1,54
6,45,32,2,6,3,-1,30,0,0,-1,27
6,45,32,3,6,3,-1,124,0,2,-1,9
6,45,33,1,6,2,-1,8,0,0,-1,54
6,45,33,2,6,2,-1,32,0,0,-1,27
6,45,33,3,6,2,-1,124,0,2,-1,13
6,45,34,1,6,4,-1,8,0,0,-1,54
6,45,34,2,6,4,-1,31,0,0,-1,27
6,45,34,3,6,4,-1,124,0,2,-1,13
6,45,35,1,6,3,-1,7,0,0,-1,54
6,45,35,2,6,3,-1,32,0,0,-1,27
6,45,35,3,6,3,-1,122,0,2,-1,13
6,45,36,1,3,2,-1,6,0,0,-1,54
6,45,36,2,3,2,-1,24,0,0,-1,27
6,45,36,3,3,2,-1,98,0,2,-1,9
6,45,37,1,6,1,-1,8,0,0,-1,54
6,45,37,2,6,1,-1,32,0,0,-1,27
6,45,37,3,6,1,-1,124,0,2,-1,13
6,45,38,1,6,3,-1,7,0,0,-1,54
6,45,38,2,6,3,-1,29,0,0,-1,27
6,45,38,3,6,3,-1,122,0,2,-1,13
6,45,39,1,6,2,-1,8,0,0,-1,54
6,45,39,2,6,2,-1,32,0,0,-1,27
6,45,39,3,6,2,-1,123,0,2,-1,13
6,45,40,1,6,2,-1,8,0,0,-1,54
6,45,40,2,6,2,-1,30,0,0,-1,27
6,45,40,3,6,2,-1,121,0,2,-1,41
6,45,41,1,6,1,-1,8,0,0,-1,54
6,45,41,2,6,1,-1,32,0,0,-1,27
6,45,41,3,6,1,-1,120,0,4,-1,37
6,45,42,1,6,3,-1,8,0,0,-1,54
6,45,42,2,6,3,-1,22,0,0,-1,27
6,45,42,3,6,3,-1,120,0,4,-1,37
6,45,43,1,6,2,-1,8,0,0,-1,54
6,45,43,2,6,2,-1,32,0,0,-1,27
6,45,43,3,6,2,-1,114,0,4,-1,37
6,45,44,1,6,1,-1,8,0,0,-1,54
6,45,44,2,6,1,-1,32,0,0,-1,27
6,45,44,3,6,1,-1,124,0,2,-1,41
6,45,46,1,6,2,-1,8,0,0,-1,54
6,45,46,2,6,2,-1,32,0,0,-1,27
6,45,46,3,6,2,-1,112,0,16,-1,29
6,45,47,1,6,1,-1,8,0,0,-1,54
6,45,47,2,6,1,-1,32,0,0,-1,27
6,45,47,3,6,1,-1,64,0,64,-1,61
6,45,48,1,6,4,-1,8,0,0,-1,54
6,45,48,2,6,4,-1,31,0,0,-1,27
6,45,48,3,6,4,-1,123,0,2,-1,41
6,45,49,1,6,3,-1,8,0,0,-1,54
6,45,49,2,6,3,-1,32,0,0,-1,27
6,45,49,3,6,3,-1,116,0,6,-1,37
6,45,50,1,6,5,-1,8,0,0,-1,54
6,45,50,2,6,5,-1,32,0,0,-1,27
6,45,50,3,6,5,-1,120,0,8,-1,47
6,45,51,1,6,4,-1,8,0,0,-1,54
6,45,51,2,6,4,-1,32,0,0,-1,27
6,45,51,3,6,4,-1,117,0,6,-1,41
6,45,52,1,6,3,-1,7,0,0,-1,54
6,45,52,2,6,3,-1,29,0,0,-1,27
6,45,52,3,6,3,-1,122,0,2,-1,41
6,45,53,1,6,2,-1,8,0,0,-1,54
6,45,53,2,6,2,-1,32,0,0,-1,27
6,45,53,3,6,2,-1,112,0,16,-1,43
6,45,54,1,3,4,-1,6,0,2,-1,63
6,45,54,2,3,4,-1,24,0,0,-1,27
6,45,54,3,3,4,-1,93,0,13,-1,63
6,45,55,1,6,3,-1,8,0,0,-1,54
6,45,55,2,6,3,-1,32,0,0,-1,27
6,45,55,3,6,3,-1,112,0,16,-1,43
6,45,56,1,6,3,-1,8,0,0,-1,54
6,45,56,2,6,3,-1,31,0,0,-1,27
6,45,56,3,6,3,-1,124,0,2,-1,41
6,45,57,1,6,2,-1,8,0,0,-1,54
6,45,57,2,6,2,-1,32,0,0,-1,27
6,45,57,3,6,2,-1,124,0,4,-1,37
6,45,58,1,6,4,-1,8,0,0,-1,54
6,45,58,2,6,4,-1,26,0,0,-1,27
6,45,58,3,6,4,-1,120,0,4,-1,37
6,45,59,1,6,3,-1,8,0,0,-1,54
6,45,59,2,6,3,-1,31,0,0,-1,27
6,45,59,3,6,3,-1,118,0,4,-1,37
6,45,60,1,6,2,-1,8,0,0,-1,54
6,45,60,2,6,2,-1,32,0,0,-1,27
6,45,60,3,6,2,-1,123,0,2,-1,41
6,45,61,1,6,1,-1,8,0,0,-1,54
6,45,61,2,6,1,-1,32,0,0,-1,27
6,45,61,3,6,1,-1,64,0,64,-1,47
6,45,62,1,6,3,-1,8,0,0,-1,54
6,45,62,2,6,3,-1,32,0,0,-1,27
6,45,62,3,6,3,-1,112,0,16,-1,29
6,45,63,1,3,2,-1,4,0,0,-1,54
6,45,63,2,3,2,-1,16,0,0,-1,27
6,45,63,3,3,2,-1,0,64,64,0,63
6,46,0,1,6,4,-1,5,0,0,-1,23
6,46,0,2,6,4,-1,21,0,0,-1,43
6,46,0,3,6,4,-1,93,0,0,-1,53
6,46,1,1,6,5,-1,8,0,0,-1,23
6,46,1,2,6,5,-1,29,0,0,-1,43
6,46,1,3,6,5,-1,125,0,0,-1,53
6,46,2,1,6,3,-1,8,0,0,-1,23
6,46,2,2,6,3,-1,31,0,0,-1,43
6,46,2,3,6,3,-1,128,0,0,-1,53
6,46,3,1,6,4,-1,8,0,0,-1,23
6,46,3,2,6,4,-1,32,0,0,-1,43
6,46,3,3,6,4,-1,128,0,0,-1,53
6,46,4,1,6,3,-1,8,0,0,-1,23
6,46,4,2,6,3,-1,31,0,0,-1,43
6,46,4,3,6,3,-1,127,0,0,-1,53
6,46,5,1,6,4,-1,8,0,0,-1,23
6,46,5,2,6,4,-1,30,0,0,-1,43
6,46,5,3,6,4,-1,128,0,0,-1,53
6,46,6,1,6,2,-1,7,0,0,-1,23
6,46,6,2,6,2,-1,32,0,0,-1,43
6,46,6,3,6,2,-1,128,0,0,-1,53
6,46,7,1,6,3,-1,7,0,0,-1,23
6,46,7,2,6,3,-1,30,0,0,-1,43
6,46,7,3,6,3,-1,126,0,0,-1,53
6,46,8,1,6,3,-1,8,0,0,-1,23
6,46,8,2,6,3,-1,32,0,0,-1,43
6,46,8,3,6,3,-1,128,0,0,-1,53
6,46,9,1,6,4,-1,8,0,0,-1,23
6,46,9,2,6,4,-1,32,0,0,-1,43
6,46,9,3,6,4,-1,118,0,0,-1,53
6,46,10,1,6,2,-1,8,0,0,-1,23
6,46,10,2,6,2,-1,32,0,0,-1,43
6,46,10,3,6,2,-1,128,0,0,-1,53
6,46,11,1,6,3,-1,8,0,0,-1,23
6,46,11,2,6,3,-1,32,0,0,-1,43
6,46,11,3,6,3,-1,128,0,0,-1,53
6,46,12,1,6,2,-1,8,0,0,-1,23
6,46,12,2,6,2,-1,32,0,0,-1,43
6,46,12,3,6,2,-1,128,0,0,-1,53
6,46,13,1,6,3,-1,8,0,0,-1,23
6,46,13,2,6,3,-1,32,0,0,-1,43
6,46,13,3,6,3,-1,128,0,0,-1,53
6,46,14,1,6,1,-1,8,0,0,-1,23
6,46,14,2,6,1,-1,32,0,0,-1,43
6,46,14,3,6,1,-1,128,0,0,-1,53
6,46,15,1,6,2,-1,8,0,0,-1,23
6,46,15,2,6,2,-1,32,0,0,-1,43
6,46,15,3,6,2,-1,128,0,0,-1,53
6,46,16,1,6,5,-1,8,0,0,-1,23
6,46,16,2,6,5,-1,29,0,0,-1,43
6,46,16,3,6,5,-1,126,0,0,-1,53
6,46,17,1,6,6,-1,8,0,0,-1,23
6,46,17,2,6,6,-1,24,0,0,-1,43
6,46,17,3,6,6,-1,128,0,0,-1,53
6,46,18,1,6,4,-1,8,0,0,-1,23
6,46,18,2,6,4,-1,31,0,0,-1,43
6,46,18,3,6,4,-1,124,0,0,-1,53
6,46,19,1,6,5,-1,8,0,0,-1,23
6,46,19,2,6,5,-1,32,0,0,-1,43
6,46,19,3,6,5,-1,128,0,0,-1,53
6,46,20,1,6,4,-1,8,0,0,-1,23
6,46,20,2,6,4,-1,32,0,0,-1,43
6,46,20,3,6,4,-1,128,0,0,-1,53
6,46,21,1,6,5,-1,7,0,0,-1,23
6,46,21,2,6,5,-1,22,0,0,-1,43
6,46,21,3,6,5,-1,122,0,0,-1,53
6,46,22,1,6,3,-1,6,0,0,-1,23
6,46,22,2,6,3,-1,32,0,0,-1,43
6,46,22,3,6,3,-1,124,0,0,-1,53
6,46,23,1,6,4,-1,6,0,2,-1,31
6,46,23,2,6,4,-1,32,0,0,-1,43
6,46,23,3,6,4,-1,128,0,0,-1,53
6,46,24,1,6,4,-1,8,0,0,-1,23
6,46,24,2,6,4,-1,28,0,0,-1,43
6,46,24,3,6,4,-1,128,0,0,-1,53
6,46,25,1,6,5,-1,8,0,0,-1,23
6,46,25,2,6,5,-1,31,0,0,-1,43
6,46,25,3,6,5,-1,119,0,0,-1,53
6,46,26,1,6,3,-1,8,0,0,-1,23
6,46,26,2,6,3,-1,26,0,0,-1,43
6,46,26,3,6,3,-1,127,0,0,-1,53
6,46,27,1,6,4,-1,8,0,0,-1,23
6,46,27,2,6,4,-1,26,0,0,-1,43
6,46,27,3,6,4,-1,120,0,0,-1,53
6,46,28,1,6,3,-1,8,0,0,-1,23
6,46,28,2,6,3,-1,29,0,0,-1,43
6,46,28,3,6,3,-1,128,0,0,-1,53
6,46,29,1,6,4,-1,6,0,0,-1,23
6,46,29,2,6,4,-1,32,0,0,-1,43
6,46,29,3,6,4,-1,128,0,0,-1,53
6,46,30,1,6,2,-1,6,0,0,-1,23
6,46,30,2,6,2,-1,29,0,0,-1,43
6,46,30,3,6,2,-1,128,0,0,-1,53
6,46,31,1,6,3,-1,7,0,0,-1,23
6,46,31,2,6,3,-1,31,0,0,-1,43
6,46,31,3,6,3,-1,128,0,0,-1,53
6,46,32,1,6,3,-1,8,0,0,-1,23
6,46,32,2,6,3,-1,30,0,0,-1,43
6,46,32,3,6,3,-1,128,0,0,-1,53
6,46,33,1,6,4,-1,7,0,0,-1,23
6,46,33,2,6,4,-1,31,0,0,-1,43
6,46,33,3,6,4,-1,120,0,0,-1,53
6,46,34,1,6,2,-1,8,0,0,-1,23
6,46,34,2,6,2,-1,30,0,0,-1,43
6,46,34,3,6,2,-1,128,0,0,-1,53
6,46,35,1,6,3,-1,8,0,0,-1,23
6,46,35,2,6,3,-1,32,0,0,-1,43
6,46,35,3,6,3,-1,128,0,0,-1,53
6,46,36,1,6,2,-1,8,0,0,-1,23
6,46,36,2,6,2,-1,30,0,0,-1,43
6,46,36,3,6,2,-1,121,0,0,-1,53
6,46,37,1,6,3,-1,8,0,0,-1,23
6,46,37,2,6,3,-1,31,0,0,-1,43
6,46,37,3,6,3,-1,127,0,0,-1,53
6,46,38,1,6,1,-1,8,0,0,-1,23
6,46,38,2,6,1,-1,32,0,0,-1,43
6,46,38,3,6,1,-1,125,0,0,-1,53
6,46,39,1,6,2,-1,8,0,0,-1,23
6,46,39,2,6,2,-1,31,0,0,-1,43
6,46,39,3,6,2,-1,126,0,0,-1,53
6,46,40,1,6,2,-1,8,0,0,-1,23
6,46,40,2,6,2,-1,32,0,0,-1,43
6,46,40,3,6,2,-1,128,0,0,-1,53
6,46,41,1,6,3,-1,8,0,0,-1,23
6,46,41,2,6,3,-1,32,0,0,-1,43
6,46,41,3,6,3,-1,115,0,0,-1,53
6,46,42,1,6,1,-1,8,0,0,-1,23
6,46,42,2,6,1,-1,16,0,0,-1,43
6,46,42,3,6,1,-1,128,0,0,-1,53
6,46,43,1,6,2,-1,8,0,0,-1,23
6,46,43,2,6,2,-1,16,0,16,-1,58
6,46,43,3,6,2,-1,128,0,0,-1,53
6,46,44,1,6,1,-1,8,0,0,-1,23
6,46,44,2,6,1,-1,32,0,0,-1,43
6,46,44,3,6,1,-1,128,0,0,-1,53
6,46,45,1,6,2,-1,8,0,0,-1,23
6,46,45,2,6,2,-1,32,0,0,-1,43
6,46,45,3,6,2,-1,112,0,0,-1,53
6,46,47,1,6,1,-1,8,0,0,-1,23
6,46,47,2,6,1,-1,32,0,0,-1,43
6,46,47,3,6,1,-1,128,0,0,-1,53
6,46,48,1,6,4,-1,8,0,0,-1,23
6,46,48,2,6,4,-1,29,0,0,-1,43
6,46,48,3,6,4,-1,128,0,0,-1,53
6,46,49,1,6,5,-1,8,0,0,-1,23
6,46,49,2,6,5,-1,30,0,0,-1,43
6,46,49,3,6,5,-1,121,0,0,-1,53
6,46,50,1,6,3,-1,8,0,0,-1,23
6,46,50,2,6,3,-1,31,0,0,-1,43
6,46,50,3,6,3,-1,128,0,0,-1,53
6,46,51,1,6,4,-1,8,0,0,-1,23
6,46,51,2,6,4,-1,32,0,0,-1,43
6,46,51,3,6,4,-1,128,0,0,-1,53
6,46,52,1,6,3,-1,8,0,0,-1,23
6,46,52,2,6,3,-1,31,0,0,-1,43
6,46,52,3,6,3,-1,119,0,0,-1,53
6,46,53,1,6,4,-1,8,0,0,-1,23
6,46,53,2,6,4,-1,28,0,0,-1,43
6,46,53,3,6,4,-1,104,0,8,-1,35
6,46,54,1,6,2,-1,8,0,0,-1,23
6,46,54,2,6,2,-1,32,0,0,-1,43
6,46,54,3,6,2,-1,114,0,0,-1,53
6,46,55,1,6,3,-1,8,0,0,-1,23
6,46,55,2,6,3,-1,32,0,0,-1,43
6,46,55,3,6,3,-1,109,0,0,-1,53
6,46,56,1,6,3,-1,8,0,0,-1,23
6,46,56,2,6,3,-1,26,0,0,-1,43
6,46,56,3,6,3,-1,128,0,0,-1,53
6,46,57,1,6,4,-1,8,0,0,-1,23
6,46,57,2,6,4,-1,31,0,0,-1,43
6,46,57,3,6,4,-1,114,0,0,-1,53
6,46,58,1,6,2,-1,8,0,0,-1,23
6,46,58,2,6,2,-1,16,0,0,-1,43
6,46,58,3,6,2,-1,128,0,0,-1,53
6,46,59,1,6,3,-1,8,0,0,-1,23
6,46,59,2,6,3,-1,32,0,0,-1,43
6,46,59,3,6,3,-1,128,0,0,-1,53
6,46,60,1,6,2,-1,8,0,0,-1,23
6,46,60,2,6,2,-1,24,0,0,-1,43
6,46,60,3,6,2,-1,128,0,0,-1,53
6,46,61,1,6,3,-1,8,0,0,-1,23
6,46,61,2,6,3,-1,32,0,0,-1,43
6,46,61,3,6,3,-1,128,0,0,-1,53
6,46,62,1,6,1,-1,8,0,0,-1,23
6,46,62,2,6,1,-1,32,0,0,-1,43
6,46,62,3,6,1,-1,128,0,0,-1,53
6,46,63,1,6,2,-1,4,0,0,-1,23
6,46,63,2,6,2,-1,16,0,0,-1,43
6,46,63,3,6,2,-1,64,0,0,-1,53
6,47,0,1,6,5,-1,5,0,0,-1,55
6,47,0,2,6,5,-1,20,0,0,-1,59
6,47,0,3,6,5,-1,96,0,0,-1,61
6,47,1,1,6,4,-1,8,0,0,-1,55
6,47,1,2,6,4,-1,32,0,0,-1,59
6,47,1,3,6,4,-1,124,0,0,-1,61
6,47,2,1,6,4,-1,8,0,0,-1,55
6,47,2,2,6,4,-1,30,0,0,-1,59
6,47,2,3,6,4,-1,128,0,0,-1,61
6,47,3,1,6,3,-1,8,0,0,-1,55
6,47,3,2,6,3,-1,31,0,0,-1,59
6,47,3,3,6,3,-1,128,0,0,-1,61
6,47,4,1,6,4,-1,8,0,0,-1,55
6,47,4,2,6,4,-1,32,0,0,-1,59
6,47,4,3,6,4,-1,128,0,0,-1,61
6,47,5,1,6,3,-1,8,0,0,-1,55
6,47,5,2,6,3,-1,31,0,0,-1,59
6,47,5,3,6,3,-1,127,0,0,-1,61
6,47,6,1,6,3,-1,8,0,0,-1,55
6,47,6,2,6,3,-1,32,0,0,-1,59
6,47,6,3,6,3,-1,127,0,0,-1,61
6,47,7,1,6,2,-1,8,0,0,-1,55
6,47,7,2,6,2,-1,30,0,0,-1,59
6,47,7,3,6,2,-1,122,0,0,-1,61
6,47,8,1,6,4,-1,8,0,0,-1,55
6,47,8,2,6,4,-1,32,0,0,-1,59
6,47,8,3,6,4,-1,128,0,0,-1,61
6,47,9,1,6,3,-1,8,0,0,-1,55
6,47,9,2,6,3,-1,30,0,0,-1,59
6,47,9,3,6,3,-1,124,0,0,-1,61
6,47,10,1,6,3,-1,8,0,0,-1,55
6,47,10,2,6,3,-1,32,0,0,-1,59
6,47,10,3,6,3,-1,128,0,0,-1,61
6,47,11,1,6,2,-1,8,0,0,-1,55
6,47,11,2,6,2,-1,32,0,0,-1,59
6,47,11,3,6,2,-1,128,0,0,-1,61
6,47,12,1,6,3,-1,8,0,0,-1,55
6,47,12,2,6,3,-1,32,0,0,-1,59
6,47,12,3,6,3,-1,128,0,0,-1,61
6,47,13,1,6,2,-1,8,0,0,-1,55
6,47,13,2,6,2,-1,32,0,0,-1,59
6,47,13,3,6,2,-1,128,0,0,-1,61
6,47,14,1,6,2,-1,8,0,0,-1,55
6,47,14,2,6,2,-1,32,0,0,-1,59
6,47,14,3,6,2,-1,128,0,0,-1,61
6,47,15,1,6,1,-1,8,0,0,-1,55
6,47,15,2,6,1,-1,32,0,0,-1,59
6,47,15,3,6,1,-1,128,0,0,-1,61
6,47,16,1,6,6,-1,8,0,0,-1,55
6,47,16,2,6,6,-1,24,0,0,-1,59
6,47,16,3,6,6,-1,128,0,0,-1,61
6,47,17,1,6,5,-1,8,0,0,-1,55
6,47,17,2,6,5,-1,29,0,0,-1,59
6,47,17,3,6,5,-1,125,0,0,-1,61
6,47,18,1,6,5,-1,8,0,0,-1,55
6,47,18,2,6,5,-1,28,0,0,-1,59
6,47,18,3,6,5,-1,122,0,0,-1,61
6,47,19,1,6,4,-1,8,0,0,-1,55
6,47,19,2,6,4,-1,29,0,0,-1,59
6,47,19,3,6,4,-1,128,0,0,-1,61
6,47,20,1,6,5,-1,8,0,0,-1,55
6,47,20,2,6,5,-1,29,0,0,-1,59
6,47,20,3,6,5,-1,126,0,0,-1,61
6,47,21,1,6,4,-1,7,0,0,-1,55
6,47,21,2,6,4,-1,20,0,0,-1,59
6,47,21,3,6,4,-1,124,0,0,-1,61
6,47,22,1,6,4,-1,8,0,0,-1,55
6,47,22,2,6,4,-1,31,0,0,-1,59
6,47,22,3,6,4,-1,121,0,0,-1,61
6,47,23,1,6,3,-1,7,0,0,-1,55
6,47,23,2,6,3,-1,31,0,0,-1,59
6,47,23,3,6,3,-1,128,0,0,-1,61
6,47,24,1,6,5,-1,8,0,0,-1,55
6,47,24,2,6,5,-1,31,0,0,-1,59
6,47,24,3,6,5,-1,121,0,0,-1,61
6,47,25,1,6,4,-1,8,0,0,-1,55
6,47,25,2,6,4,-1,31,0,0,-1,59
6,47,25,3,6,4,-1,122,0,0,-1,61
6,47,26,1,6,4,-1,8,0,0,-1,55
6,47,26,2,6,4,-1,32,0,0,-1,59
6,47,26,3,6,4,-1,127,0,0,-1,61
6,47,27,1,6,3,-1,8,0,0,-1,55
6,47,27,2,6,3,-1,32,0,0,-1,59
6,47,27,3,6,3,-1,112,0,0,-1,61
6,47,28,1,6,4,-1,8,0,0,-1,55
6,47,28,2,6,4,-1,30,0,0,-1,59
6,47,28,3,6,4,-1,122,0,0,-1,61
6,47,29,1,6,3,-1,8,0,0,-1,55
6,47,29,2,6,3,-1,32,0,0,-1,59
6,47,29,3,6,3,-1,109,0,0,-1,61
6,47,30,1,6,3,-1,8,0,0,-1,55
6,47,30,2,6,3,-1,29,0,0,-1,59
6,47,30,3,6,3,-1,119,0,0,-1,61
6,47,31,1,6,2,-1,6,0,0,-1,55
6,47,31,2,6,2,-1,30,0,0,-1,59
6,47,31,3,6,2,-1,128,0,0,-1,61
6,47,32,1,6,4,-1,8,0,0,-1,55
6,47,32,2,6,4,-1,30,0,0,-1,59
6,47,32,3,6,4,-1,128,0,0,-1,61
6,47,33,1,6,3,-1,8,0,0,-1,55
6,47,33,2,6,3,-1,32,0,0,-1,59
6,47,33,3,6,3,-1,120,0,0,-1,61
6,47,34,1,6,3,-1,8,0,0,-1,55
6,47,34,2,6,3,-1,31,0,0,-1,59
6,47,34,3,6,3,-1,128,0,0,-1,61
6,47,35,1,6,2,-1,8,0,0,-1,55
6,47,35,2,6,2,-1,32,0,0,-1,59
6,47,35,3,6,2,-1,128,0,0,-1,61
6,47,36,1,6,3,-1,8,0,0,-1,55
6,47,36,2,6,3,-1,30,0,0,-1,59
6,47,36,3,6,3,-1,124,0,0,-1,61
6,47,37,1,6,2,-1,7,0,0,-1,55
6,47,37,2,6,2,-1,31,0,0,-1,59
6,47,37,3,6,2,-1,124,0,0,-1,61
6,47,38,1,6,2,-1,7,0,0,-1,55
6,47,38,2,6,2,-1,29,0,0,-1,59
6,47,38,3,6,2,-1,127,0,0,-1,61
6,47,39,1,6,1,-1,6,0,0,-1,55
6,47,39,2,6,1,-1,31,0,0,-1,59
6,47,39,3,6,1,-1,124,0,0,-1,61
6,47,40,1,6,3,-1,8,0,0,-1,55
6,47,40,2,6,3,-1,30,0,0,-1,59
6,47,40,3,6,3,-1,128,0,0,-1,61
6,47,41,1,6,2,-1,8,0,0,-1,55
6,47,41,2,6,2,-1,32,0,0,-1,59
6,47,41,3,6,2,-1,128,0,0,-1,61
6,47,42,1,6,2,-1,8,0,0,-1,55
6,47,42,2,6,2,-1,16,0,0,-1,59
6,47,42,3,6,2,-1,128,0,0,-1,61
6,47,43,1,6,1,-1,8,0,0,-1,55
6,47,43,2,6,1,-1,32,0,0,-1,59
6,47,43,3,6,1,-1,128,0,0,-1,61
6,47,44,1,6,2,-1,8,0,0,-1,55
6,47,44,2,6,2,-1,32,0,0,-1,59
6,47,44,3,6,2,-1,128,0,0,-1,61
6,47,45,1,6,1,-1,8,0,0,-1,55
6,47,45,2,6,1,-1,32,0,0,-1,59
6,47,45,3,6,1,-1,64,0,0,-1,61
6,47,46,1,6,1,-1,8,0,0,-1,55
6,47,46,2,6,1,-1,32,0,0,-1,59
6,47,46,3,6,1,-1,128,0,0,-1,61
6,47,48,1,6,5,-1,8,0,0,-1,55
6,47,48,2,6,5,-1,32,0,0,-1,59
6,47,48,3,6,5,-1,128,0,0,-1,61
6,47,49,1,6,4,-1,8,0,0,-1,55
6,47,49,2,6,4,-1,31,0,0,-1,59
6,47,49,3,6,4,-1,124,0,0,-1,61
6,47,50,1,6,4,-1,8,0,0,-1,55
6,47,50,2,6,4,-1,32,0,0,-1,59
6,47,50,3,6,4,-1,128,0,0,-1,61
6,47,51,1,6,3,-1,8,0,0,-1,55
6,47,51,2,6,3,-1,32,0,0,-1,59
6,47,51,3,6,3,-1,128,0,0,-1,61
6,47,52,1,6,4,-1,8,0,0,-1,55
6,47,52,2,6,4,-1,32,0,0,-1,59
6,47,52,3,6,4,-1,115,0,0,-1,61
6,47,53,1,6,3,-1,8,0,0,-1,55
6,47,53,2,6,3,-1,32,0,0,-1,59
6,47,53,3,6,3,-1,128,0,0,-1,61
6,47,54,1,6,3,-1,8,0,0,-1,55
6,47,54,2,6,3,-1,31,0,0,-1,59
6,47,54,3,6,3,-1,118,0,0,-1,61
6,47,55,1,6,2,-1,6,0,2,-1,63
6,47,55,2,6,2,-1,30,0,0,-1,59
6,47,55,3,6,2,-1,128,0,0,-1,61
6,47,56,1,6,4,-1,8,0,0,-1,55
6,47,56,2,6,4,-1,27,0,0,-1,59
6,47,56,3,6,4,-1,128,0,0,-1,61
6,47,57,1,6,3,-1,8,0,0,-1,55
6,47,57,2,6,3,-1,32,0,0,-1,59
6,47,57,3,6,3,-1,110,0,0,-1,61
6,47,58,1,6,3,-1,8,0,0,-1,55
6,47,58,2,6,3,-1,32,0,0,-1,59
6,47,58,3,6,3,-1,128,0,0,-1,61
6,47,59,1,6,2,-1,8,0,0,-1,55
6,47,59,2,6,2,-1,16,0,16,-1,62
6,47,59,3,6,2,-1,128,0,0,-1,61
6,47,60,1,6,3,-1,8,0,0,-1,55
6,47,60,2,6,3,-1,27,0,0,-1,59
6,47,60,3,6,3,-1,128,0,0,-1,61
6,47,61,1,6,2,-1,8,0,0,-1,55
6,47,61,2,6,2,-1,32,0,0,-1,59
6,47,61,3,6,2,-1,0,64,64,0,47
6,47,62,1,6,2,-1,8,0,0,-1,55
6,47,62,2,6,2,-1,16,0,0,-1,59
6,47,62,3,6,2,-1,128,0,0,-1,61
6,47,63,1,6,1,-1,4,0,0,-1,55
6,47,63,2,6,1,-1,16,0,0,-1,59
6,47,63,3,6,1,-1,64,0,0,-1,61
6,48,0,1,6,2,-1,5,0,0,-1,17
6,48,0,2,6,2,-1,20,0,0,-1,34
6,48,0,3,6,2,-1,80,0,0,-1,5
6,48,1,1,6,3,-1,8,0,0,-1,17
6,48,1,2,6,3,-1,29,0,0,-1,34
6,48,1,3,6,3,-1,119,0,0,-1,5
6,48,2,1,6,3,-1,8,0,0,-1,17
6,48,2,2,6,3,-1,27,0,0,-1,34
6,48,2,3,6,3,-1,128,0,0,-1,5
6,48,3,1,6,4,-1,8,0,0,-1,17
6,48,3,2,6,4,-1,32,0,0,-1,34
6,48,3,3,6,4,-1,128,0,0,-1,5
6,48,4,1,6,3,-1,8,0,0,-1,17
6,48,4,2,6,3,-1,32,0,0,-1,34
6,48,4,3,6,3,-1,110,0,0,-1,5
6,48,5,1,6,4,-1,8,0,0,-1,17
6,48,5,2,6,4,-1,31,0,0,-1,34
6,48,5,3,6,4,-1,114,0,1,-1,13
6,48,6,1,6,4,-1,8,0,0,-1,17
6,48,6,2,6,4,-1,32,0,0,-1,34
6,48,6,3,6,4,-1,126,0,0,-1,5
6,48,7,1,6,5,-1,8,0,0,-1,17
6,48,7,2,6,5,-1,31,0,0,-1,34
6,48,7,3,6,5,-1,128,0,0,-1,5
6,48,8,1,6,3,-1,8,0,0,-1,17
6,48,8,2,6,3,-1,32,0,0,-1,34
6,48,8,3,6,3,-1,128,0,0,-1,5
6,48,9,1,6,4,-1,8,0,0,-1,17
6,48,9,2,6,4,-1,32,0,0,-1,34
6,48,9,3,6,4,-1,117,0,0,-1,5
6,48,10,1,6,4,-1,8,0,0,-1,17
6,48,10,2,6,4,-1,32,0,0,-1,34
6,48,10,3,6,4,-1,128,0,0,-1,5
6,48,11,1,6,5,-1,8,0,0,-1,17
6,48,11,2,6,5,-1,31,0,0,-1,34
6,48,11,3,6,5,-1,128,0,0,-1,5
6,48,12,1,6,4,-1,8,0,0,-1,17
6,48,12,2,6,4,-1,32,0,0,-1,34
6,48,12,3,6,4,-1,128,0,0,-1,5
6,48,13,1,6,5,-1,8,0,0,-1,17
6,48,13,2,6,5,-1,32,0,0,-1,34
6,48,13,3,6,5,-1,121,0,0,-1,5
6,48,14,1,6,5,-1,8,0,0,-1,17
6,48,14,2,6,5,-1,32,0,0,-1,34
6,48,14,3,6,5,-1,128,0,0,-1,5
6,48,15,1,6,6,-1,8,0,0,-1,17
6,48,15,2,6,6,-1,32,0,0,-1,34
6,48,15,3,6,6,-1,128,0,0,-1,5
6,48,16,1,6,1,-1,6,0,0,-1,17
6,48,16,2,6,1,-1,31,0,0,-1,34
6,48,16,3,6,1,-1,124,0,0,-1,5
6,48,17,1,6,2,-1,6,0,1,-1,19
6,48,17,2,6,2,-1,29,0,0,-1,34
6,48,17,3,6,2,-1,128,0,0,-1,5
6,48,18,1,6,2,-1,8,0,0,-1,17
6,48,18,2,6,2,-1,32,0,0,-1,34
6,48,18,3,6,2,-1,123,0,0,-1,5
6,48,19,1,6,3,-1,7,0,0,-1,17
6,48,19,2,6,3,-1,32,0,0,-1,34
6,48,19,3,6,3,-1,128,0,0,-1,5
6,48,20,1,6,2,-1,8,0,0,-1,17
6,48,20,2,6,2,-1,31,0,0,-1,34
6,48,20,3,6,2,-1,126,0,0,-1,5
6,48,21,1,6,3,-1,7,0,0,-1,17
6,48,21,2,6,3,-1,26,0,0,-1,34
6,48,21,3,6,3,-1,128,0,0,-1,5
6,48,22,1,6,3,-1,8,0,0,-1,17
6,48,22,2,6,3,-1,31,0,0,-1,34
6,48,22,3,6,3,-1,125,0,0,-1,5
6,48,23,1,6,4,-1,7,0,0,-1,17
6,48,23,2,6,4,-1,31,0,0,-1,34
6,48,23,3,6,4,-1,120,0,0,-1,5
6,48,24,1,6,2,-1,8,0,0,-1,17
6,48,24,2,6,2,-1,30,0,0,-1,34
6,48,24,3,6,2,-1,128,0,0,-1,5
6,48,25,1,6,3,-1,8,0,0,-1,17
6,48,25,2,6,3,-1,28,0,0,-1,34
6,48,25,3,6,3,-1,125,0,0,-1,5
6,48,26,1,6,3,-1,8,0,0,-1,17
6,48,26,2,6,3,-1,30,0,0,-1,34
6,48,26,3,6,3,-1,128,0,0,-1,5
6,48,27,1,6,4,-1,8,0,0,-1,17
6,48,27,2,6,4,-1,32,0,0,-1,34
6,48,27,3,6,4,-1,124,0,0,-1,5
6,48,28,1,6,3,-1,8,0,0,-1,17
6,48,28,2,6,3,-1,32,0,0,-1,34
6,48,28,3,6,3,-1,126,0,0,-1,5
6,48,29,1,6,4,-1,8,0,0,-1,17
6,48,29,2,6,4,-1,28,0,0,-1,34
6,48,29,3,6,4,-1,128,0,0,-1,5
6,48,30,1,6,4,-1,8,0,0,-1,17
6,48,30,2,6,4,-1,32,0,0,-1,34
6,48,30,3,6,4,-1,128,0,0,-1,5
6,48,31,1,6,5,-1,8,0,0,-1,17
6,48,31,2,6,5,-1,31,0,0,-1,34
6,48,31,3,6,5,-1,121,0,0,-1,5
6,48,32,1,6,1,-1,8,0,0,-1,17
6,48,32,2,6,1,-1,32,0,0,-1,34
6,48,32,3,6,1,-1,128,0,0,-1,5
6,48,33,1,6,2,-1,8,0,0,-1,17
6,48,33,2,6,2,-1,30,0,0,-1,34
6,48,33,3,6,2,-1,128,0,0,-1,5
6,48,34,1,6,2,-1,8,0,0,-1,17
6,48,34,2,6,2,-1,24,0,1,-1,42
6,48,34,3,6,2,-1,128,0,0,-1,5
6,48,35,1,6,3,-1,8,0,0,-1,17
6,48,35,2,6,3,-1,31,0,0,-1,34
6,48,35,3,6,3,-1,128,0,0,-1,5
6,48,36,1,6,2,-1,8,0,0,-1,17
6,48,36,2,6,2,-1,32,0,0,-1,34
6,48,36,3,6,2,-1,124,0,0,-1,5
6,48,37,1,6,3,-1,8,0,0,-1,17
6,48,37,2,6,3,-1,31,0,0,-1,34
6,48,37,3,6,3,-1,126,0,0,-1,5
6,48,38,1,6,3,-1,8,0,0,-1,17
6,48,38,2,6,3,-1,32,0,0,-1,34
6,48,38,3,6,3,-1,128,0,0,-1,5
6,48,39,1,6,4,-1,8,0,0,-1,17
6,48,39,2,6,4,-1,32,0,0,-1,34
6,48,39,3,6,4,-1,126,0,0,-1,5
6,48,40,1,6,2,-1,8,0,0,-1,17
6,48,40,2,6,2,-1,32,0,0,-1,34
6,48,40,3,6,2,-1,128,0,0,-1,5
6,48,41,1,6,3,-1,7,0,0,-1,17
6,48,41,2,6,3,-1,29,0,0,-1,34
6,48,41,3,6,3,-1,126,0,0,-1,5
6,48,42,1,6,3,-1,8,0,0,-1,17
6,48,42,2,6,3,-1,15,0,0,-1,34
6,48,42,3,6,3,-1,128,0,0,-1,5
6,48,43,1,6,4,-1,8,0,0,-1,17
6,48,43,2,6,4,-1,32,0,0,-1,34
6,48,43,3,6,4,-1,128,0,0,-1,5
6,48,44,1,6,3,-1,8,0,0,-1,17
6,48,44,2,6,3,-1,32,0,0,-1,34
6,48,44,3,6,3,-1,128,0,0,-1,5
6,48,45,1,6,4,-1,8,0,0,-1,17
6,48,45,2,6,4,-1,31,0,0,-1,34
6,48,45,3,6,4,-1,123,0,0,-1,5
6,48,46,1,6,4,-1,8,0,0,-1,17
6,48,46,2,6,4,-1,29,0,0,-1,34
6,48,46,3,6,4,-1,128,0,0,-1,5
6,48,47,1,6,5,-1,8,0,0,-1,17
6,48,47,2,6,5,-1,32,0,0,-1,34
6,48,47,3,6,5,-1,128,0,0,-1,5
6,48,49,1,6,1,-1,6,0,0,-1,17
6,48,49,2,6,1,-1,28,0,0,-1,34
6,48,49,3,6,1,-1,126,0,0,-1,5
6,48,50,1,6,1,-1,8,0,0,-1,17
6,48,50,2,6,1,-1,32,0,0,-1,34
6,48,50,3,6,1,-1,128,0,0,-1,5
6,48,51,1,6,2,-1,8,0,0,-1,17
6,48,51,2,6,2,-1,30,0,0,-1,34
6,48,51,3,6,2,-1,128,0,0,-1,5
6,48,52,1,6,1,-1,8,0,0,-1,17
6,48,52,2,6,1,-1,32,0,0,-1,34
6,48,52,3,6,1,-1,128,0,0,-1,5
6,48,53,1,6,2,-1,7,0,0,-1,17
6,48,53,2,6,2,-1,32,0,0,-1,34
6,48,53,3,6,2,-1,128,0,0,-1,5
6,48,54,1,6,2,-1,8,0,0,-1,17
6,48,54,2,6,2,-1,32,0,0,-1,34
6,48,54,3,6,2,-1,124,0,0,-1,5
6,48,55,1,6,3,-1,8,0,0,-1,17
6,48,55,2,6,3,-1,32,0,0,-1,34
6,48,55,3,6,3,-1,120,0,0,-1,5
6,48,56,1,6,1,-1,8,0,0,-1,17
6,48,56,2,6,1,-1,32,0,0,-1,34
6,48,56,3,6,1,-1,128,0,0,-1,5
6,48,57,1,6,2,-1,8,0,0,-1,17
6,48,57,2,6,2,-1,30,0,0,-1,34
6,48,57,3,6,2,-1,124,0,0,-1,5
6,48,58,1,6,2,-1,8,0,0,-1,17
6,48,58,2,6,2,-1,32,0,0,-1,34
6,48,58,3,6,2,-1,128,0,0,-1,5
6,48,59,1,6,3,-1,8,0,0,-1,17
6,48,59,2,6,3,-1,31,0,0,-1,34
6,48,59,3,6,3,-1,128,0,0,-1,5
6,48,60,1,6,2,-1,8,0,0,-1,17
6,48,60,2,6,2,-1,32,0,0,-1,34
6,48,60,3,6,2,-1,128,0,0,-1,5
6,48,61,1,6,3,-1,8,0,0,-1,17
6,48,61,2,6,3,-1,32,0,0,-1,34
6,48,61,3,6,3,-1,127,0,0,-1,5
6,48,62,1,6,3,-1,8,0,0,-1,17
6,48,62,2,6,3,-1,32,0,0,-1,34
6,48,62,3,6,3,-1,128,0,0,-1,5
6,48,63,1,6,4,-1,5,0,0,-1,17
6,48,63,2,6,4,-1,22,0,0,-1,34
6,48,63,3,6,4,-1,99,0,0,-1,5
6,49,0,1,6,3,-1,5,0,0,-1,50
6,49,0,2,6,3,-1,22,0,0,-1,21
6,49,0,3,6,3,-1,95,0,0,-1,42
6,49,1,1,6,2,-1,8,0,0,-1,50
6,49,1,2,6,2,-1,32,0,0,-1,21
6,49,1,3,6,2,-1,128,0,0,-1,42
6,49,2,1,6,4,-1,8,0,0,-1,50
6,49,2,2,6,4,-1,30,0,0,-1,21
6,49,2,3,6,4,-1,122,0,0,-1,42
6,49,3,1,6,3,-1,8,0,0,-1,50
6,49,3,2,6,3,-1,32,0,0,-1,21
6,49,3,3,6,3,-1,126,0,0,-1,42
6,49,4,1,6,4,-1,8,0,0,-1,50
6,49,4,2,6,4,-1,27,0,0,-1,21
6,49,4,3,6,4,-1,128,0,0,-1,42
6,49,5,1,6,3,-1,8,0,0,-1,50
6,49,5,2,6,3,-1,26,0,0,-1,21
6,49,5,3,6,3,-1,128,0,0,-1,42
6,49,6,1,6,5,-1,8,0,0,-1,50
6,49,6,2,6,5,-1,32,0,0,-1,21
6,49,6,3,6,5,-1,128,0,0,-1,42
6,49,7,1,6,4,-1,8,0,0,-1,50
6,49,7,2,6,4,-1,30,0,0,-1,21
6,49,7,3,6,4,-1,128,0,0,-1,42
6,49,8,1,6,4,-1,8,0,0,-1,50
6,49,8,2,6,4,-1,31,0,0,-1,21
6,49,8,3,6,4,-1,124,0,0,-1,42
6,49,9,1,6,3,-1,8,0,0,-1,50
6,49,9,2,6,3,-1,32,0,0,-1,21
6,49,9,3,6,3,-1,116,0,0,-1,42
6,49,10,1,6,5,-1,8,0,0,-1,50
6,49,10,2,6,5,-1,30,0,0,-1,21
6,49,10,3,6,5,-1,121,0,0,-1,42
6,49,11,1,6,4,-1,8,0,0,-1,50
6,49,11,2,6,4,-1,31,0,0,-1,21
6,49,11,3,6,4,-1,127,0,0,-1,42
6,49,12,1,6,5,-1,8,0,0,-1,50
6,49,12,2,6,5,-1,31,0,0,-1,21
6,49,12,3,6,5,-1,128,0,0,-1,42
6,49,13,1,6,4,-1,8,0,0,-1,50
6,49,13,2,6,4,-1,31,0,0,-1,21
6,49,13,3,6,4,-1,128,0,0,-1,42
6,49,14,1,6,6,-1,8,0,0,-1,50
6,49,14,2,6,6,-1,32,0,0,-1,21
6,49,14,3,6,6,-1,112,0,0,-1,42
6,49,15,1,6,5,-1,8,0,0,-1,50
6,49,15,2,6,5,-1,31,0,0,-1,21
6,49,15,3,6,5,-1,128,0,0,-1,42
6,49,16,1,6,2,-1,8,0,0,-1,50
6,49,16,2,6,2,-1,32,0,0,-1,21
6,49,16,3,6,2,-1,128,0,0,-1,42
6,49,17,1,6,1,-1,8,0,0,-1,50
6,49,17,2,6,1,-1,32,0,0,-1,21
6,49,17,3,6,1,-1,128,0,0,-1,42
6,49,18,1,6,3,-1,7,0,0,-1,50
6,49,18,2,6,3,-1,32,0,0,-1,21
6,49,18,3,6,3,-1,122,0,0,-1,42
6,49,19,1,6,2,-1,8,0,0,-1,50
6,49,19,2,6,2,-1,30,0,0,-1,21
6,49,19,3,6,2,-1,125,0,0,-1,42
6,49,20,1,6,3,-1,8,0,0,-1,50
6,49,20,2,6,3,-1,32,0,0,-1,21
6,49,20,3,6,3,-1,128,0,0,-1,42
6,49,21,1,6,2,-1,8,0,0,-1,50
6,49,21,2,6,2,-1,19,0,2,-1,29
6,49,21,3,6,2,-1,128,0,0,-1,42
6,49,22,1,6,4,-1,7,0,0,-1,50
6,49,22,2,6,4,-1,32,0,0,-1,21
6,49,22,3,6,4,-1,128,0,0,-1,42
6,49,23,1,6,3,-1,8,0,0,-1,50
6,49,23,2,6,3,-1,32,0,0,-1,21
6,49,23,3,6,3,-1,128,0,0,-1,42
6,49,24,1,6,3,-1,8,0,0,-1,50
6,49,24,2,6,3,-1,31,0,0,-1,21
6,49,24,3,6,3,-1,128,0,0,-1,42
6,49,25,1,6,2,-1,8,0,0,-1,50
6,49,25,2,6,2,-1,32,0,0,-1,21
6,49,25,3,6,2,-1,128,0,0,-1,42
6,49,26,1,6,4,-1,8,0,0,-1,50
6,49,26,2,6,4,-1,32,0,0,-1,21
6,49,26,3,6,4,-1,128,0,0,-1,42
6,49,27,1,6,3,-1,8,0,0,-1,50
6,49,27,2,6,3,-1,31,0,0,-1,21
6,49,27,3,6,3,-1,124,0,0,-1,42
6,49,28,1,6,4,-1,8,0,0,-1,50
6,49,28,2,6,4,-1,30,0,0,-1,21
6,49,28,3,6,4,-1,128,0,0,-1,42
6,49,29,1,6,3,-1,8,0,0,-1,50
6,49,29,2,6,3,-1,26,0,0,-1,21
6,49,29,3,6,3,-1,128,0,0,-1,42
6,49,30,1,6,5,-1,8,0,0,-1,50
6,49,30,2,6,5,-1,32,0,0,-1,21
6,49,30,3,6,5,-1,128,0,0,-1,42
6,49,31,1,6,4,-1,8,0,0,-1,50
6,49,31,2,6,4,-1,27,0,0,-1,21
6,49,31,3,6,4,-1,128,0,0,-1,42
6,49,32,1,6,2,-1,8,0,0,-1,50
6,49,32,2,6,2,-1,30,0,0,-1,21
6,49,32,3,6,2,-1,122,0,0,-1,42
6,49,33,1,6,1,-1,8,0,0,-1,50
6,49,33,2,6,1,-1,32,0,0,-1,21
6,49,33,3,6,1,-1,128,0,0,-1,42
6,49,34,1,6,3,-1,8,0,0,-1,50
6,49,34,2,6,3,-1,29,0,0,-1,21
6,49,34,3,6,3,-1,128,0,0,-1,42
6,49,35,1,6,2,-1,8,0,0,-1,50
6,49,35,2,6,2,-1,30,0,0,-1,21
6,49,35,3,6,2,-1,126,0,0,-1,42
6,49,36,1,6,3,-1,8,0,0,-1,50
6,49,36,2,6,3,-1,31,0,0,-1,21
6,49,36,3,6,3,-1,124,0,0,-1,42
6,49,37,1,6,2,-1,8,0,0,-1,50
6,49,37,2,6,2,-1,32,0,0,-1,21
6,49,37,3,6,2,-1,128,0,0,-1,42
6,49,38,1,6,4,-1,8,0,0,-1,50
6,49,38,2,6,4,-1,32,0,0,-1,21
6,49,38,3,6,4,-1,128,0,0,-1,42
6,49,39,1,6,3,-1,8,0,0,-1,50
6,49,39,2,6,3,-1,31,0,0,-1,21
6,49,39,3,6,3,-1,128,0,0,-1,42
6,49,40,1,6,3,-1,7,0,0,-1,50
6,49,40,2,6,3,-1,30,0,0,-1,21
6,49,40,3,6,3,-1,126,0,0,-1,42
6,49,41,1,6,2,-1,8,0,0,-1,50
6,49,41,2,6,2,-1,32,0,0,-1,21
6,49,41,3,6,2,-1,128,0,0,-1,42
6,49,42,1,6,4,-1,8,0,0,-1,50
6,49,42,2,6,4,-1,27,0,0,-1,21
6,49,42,3,6,4,-1,119,0,3,-1,46
6,49,43,1,6,3,-1,7,0,0,-1,50
6,49,43,2,6,3,-1,30,0,0,-1,21
6,49,43,3,6,3,-1,126,0,0,-1,42
6,49,44,1,6,4,-1,8,0,0,-1,50
6,49,44,2,6,4,-1,31,0,0,-1,21
6,49,44,3,6,4,-1,127,0,0,-1,42
6,49,45,1,6,3,-1,8,0,0,-1,50
6,49,45,2,6,3,-1,32,0,0,-1,21
6,49,45,3,6,3,-1,116,0,0,-1,42
6,49,46,1,6,5,-1,8,0,0,-1,50
6,49,46,2,6,5,-1,30,0,0,-1,21
6,49,46,3,6,5,-1,121,0,0,-1,42
6,49,47,1,6,4,-1,8,0,0,-1,50
6,49,47,2,6,4,-1,31,0,0,-1,21
6,49,47,3,6,4,-1,124,0,0,-1,42
6,49,48,1,6,1,-1,6,0,0,-1,50
6,49,48,2,6,1,-1,28,0,0,-1,21
6,49,48,3,6,1,-1,126,0,0,-1,42
6,49,50,1,6,2,-1,6,0,1,-1,54
6,49,50,2,6,2,-1,27,0,0,-1,21
6,49,50,3,6,2,-1,127,0,0,-1,42
6,49,51,1,6,1,-1,6,0,0,-1,50
6,49,51,2,6,1,-1,28,0,0,-1,21
6,49,51,3,6,1,-1,126,0,0,-1,42
6,49,52,1,6,2,-1,8,0,0,-1,50
6,49,52,2,6,2,-1,30,0,0,-1,21
6,49,52,3,6,2,-1,125,0,0,-1,42
6,49,53,1,6,1,-1,8,0,0,-1,50
6,49,53,2,6,1,-1,32,0,0,-1,21
6,49,53,3,6,1,-1,128,0,0,-1,42
6,49,54,1,6,3,-1,7,0,0,-1,50
6,49,54,2,6,3,-1,32,0,0,-1,21
6,49,54,3,6,3,-1,122,0,0,-1,42
6,49,55,1,6,2,-1,8,0,0,-1,50
6,49,55,2,6,2,-1,32,0,0,-1,21
6,49,55,3,6,2,-1,128,0,0,-1,42
6,49,56,1,6,2,-1,8,0,0,-1,50
6,49,56,2,6,2,-1,30,0,0,-1,21
6,49,56,3,6,2,-1,126,0,0,-1,42
6,49,57,1,6,1,-1,8,0,0,-1,50
6,49,57,2,6,1,-1,32,0,0,-1,21
6,49,57,3,6,1,-1,128,0,0,-1,42
6,49,58,1,6,3,-1,8,0,0,-1,50
6,49,58,2,6,3,-1,29,0,0,-1,21
6,49,58,3,6,3,-1,128,0,0,-1,42
6,49,59,1,6,2,-1,8,0,0,-1,50
6,49,59,2,6,2,-1,30,0,0,-1,21
6,49,59,3,6,2,-1,122,0,0,-1,42
6,49,60,1,6,3,-1,8,0,0,-1,50
6,49,60,2,6,3,-1,32,0,0,-1,21
6,49,60,3,6,3,-1,126,0,0,-1,42
6,49,61,1,6,2,-1,8,0,0,-1,50
6,49,61,2,6,2,-1,32,0,0,-1,21
6,49,61,3,6,2,-1,128,0,0,-1,42
6,49,62,1,6,4,-1,8,0,0,-1,50
6,49,62,2,6,4,-1,30,0,0,-1,21
6,49,62,3,6,4,-1,122,0,0,-1,42
6,49,63,1,6,3,-1,5,0,0,-1,50
6,49,63,2,6,3,-1,22,0,0,-1,21
6,49,63,3,6,3,-1,95,0,0,-1,42
6,50,0,1,6,3,-1,5,0,0,-1,21
6,50,0,2,6,3,-1,20,0,0,-1,42
6,50,0,3,6,3,-1,80,0,0,-1,21
6,50,1,1,6,4,-1,8,0,0,-1,21
6,50,1,2,6,4,-1,31,0,0,-1,42
6,50,1,3,6,4,-1,121,0,0,-1,21
6,50,2,1,6,2,-1,8,0,0,-1,21
6,50,2,2,6,2,-1,32,0,0,-1,42
6,50,2,3,6,2,-1,128,0,0,-1,21
6,50,3,1,6,3,-1,8,0,0,-1,21
6,50,3,2,6,3,-1,32,0,0,-1,42
6,50,3,3,6,3,-1,128,0,0,-1,21
6,50,4,1,6,4,-1,8,0,0,-1,21
6,50,4,2,6,4,-1,31,0,0,-1,42
6,50,4,3,6,4,-1,122,0,0,-1,21
6,50,5,1,6,5,-1,8,0,0,-1,21
6,50,5,2,6,5,-1,31,0,0,-1,42
6,50,5,3,6,5,-1,119,0,0,-1,21
6,50,6,1,6,3,-1,8,0,0,-1,21
6,50,6,2,6,3,-1,31,0,0,-1,42
6,50,6,3,6,3,-1,125,0,0,-1,21
6,50,7,1,6,4,-1,8,0,0,-1,21
6,50,7,2,6,4,-1,31,0,0,-1,42
6,50,7,3,6,4,-1,127,0,0,-1,21
6,50,8,1,6,4,-1,8,0,0,-1,21
6,50,8,2,6,4,-1,32,0,0,-1,42
6,50,8,3,6,4,-1,128,0,0,-1,21
6,50,9,1,6,5,-1,8,0,0,-1,21
6,50,9,2,6,5,-1,32,0,0,-1,42
6,50,9,3,6,5,-1,120,0,0,-1,21
6,50,10,1,6,3,-1,8,0,0,-1,21
6,50,10,2,6,3,-1,31,0,0,-1,42
6,50,10,3,6,3,-1,128,0,0,-1,21
6,50,11,1,6,4,-1,8,0,0,-1,21
6,50,11,2,6,4,-1,32,0,0,-1,42
6,50,11,3,6,4,-1,128,0,0,-1,21
6,50,12,1,6,5,-1,8,0,0,-1,21
6,50,12,2,6,5,-1,31,0,0,-1,42
6,50,12,3,6,5,-1,128,0,0,-1,21
6,50,13,1,6,6,-1,8,0,0,-1,21
6,50,13,2,6,6,-1,30,0,0,-1,42
6,50,13,3,6,6,-1,127,0,0,-1,21
6,50,14,1,6,4,-1,7,0,0,-1,21
6,50,14,2,6,4,-1,32,0,0,-1,42
6,50,14,3,6,4,-1,128,0,0,-1,21
6,50,15,1,6,5,-1,8,0,0,-1,21
6,50,15,2,6,5,-1,31,0,0,-1,42
6,50,15,3,6,5,-1,128,0,0,-1,21
6,50,16,1,6,2,-1,7,0,0,-1,21
6,50,16,2,6,2,-1,31,0,0,-1,42
6,50,16,3,6,2,-1,124,0,0,-1,21
6,50,17,1,6,3,-1,6,0,0,-1,21
6,50,17,2,6,3,-1,32,0,0,-1,42
6,50,17,3,6,3,-1,124,0,0,-1,21
6,50,18,1,6,1,-1,8,0,0,-1,21
6,50,18,2,6,1,-1,32,0,0,-1,42
6,50,18,3,6,1,-1,124,0,0,-1,21
6,50,19,1,6,2,-1,8,0,0,-1,21
6,50,19,2,6,2,-1,32,0,0,-1,42
6,50,19,3,6,2,-1,128,0,0,-1,21
6,50,20,1,6,3,-1,8,0,0,-1,21
6,50,20,2,6,3,-1,31,0,0,-1,42
6,50,20,3,6,3,-1,127,0,0,-1,21
6,50,21,1,6,4,-1,7,0,1,-1,29
6,50,21,2,6,4,-1,25,0,0,-1,42
6,50,21,3,6,4,-1,95,0,4,-1,17
6,50,22,1,6,2,-1,8,0,0,-1,21
6,50,22,2,6,2,-1,30,0,0,-1,42
6,50,22,3,6,2,-1,124,0,0,-1,21
6,50,23,1,6,3,-1,8,0,0,-1,21
6,50,23,2,6,3,-1,31,0,0,-1,42
6,50,23,3,6,3,-1,127,0,0,-1,21
6,50,24,1,6,3,-1,8,0,0,-1,21
6,50,24,2,6,3,-1,31,0,0,-1,42
6,50,24,3,6,3,-1,126,0,0,-1,21
6,50,25,1,6,4,-1,8,0,0,-1,21
6,50,25,2,6,4,-1,32,0,0,-1,42
6,50,25,3,6,4,-1,128,0,0,-1,21
6,50,26,1,6,2,-1,8,0,0,-1,21
6,50,26,2,6,2,-1,31,0,0,-1,42
6,50,26,3,6,2,-1,126,0,0,-1,21
6,50,27,1,6,3,-1,8,0,0,-1,21
6,50,27,2,6,3,-1,31,0,0,-1,42
6,50,27,3,6,3,-1,124,0,0,-1,21
6,50,28,1,6,4,-1,8,0,0,-1,21
6,50,28,2,6,4,-1,31,0,0,-1,42
6,50,28,3,6,4,-1,127,0,0,-1,21
6,50,29,1,6,5,-1,8,0,0,-1,21
6,50,29,2,6,5,-1,31,0,0,-1,42
6,50,29,3,6,5,-1,119,0,0,-1,21
6,50,30,1,6,3,-1,8,0,0,-1,21
6,50,30,2,6,3,-1,31,0,0,-1,42
6,50,30,3,6,3,-1,125,0,0,-1,21
6,50,31,1,6,4,-1,8,0,0,-1,21
6,50,31,2,6,4,-1,31,0,0,-1,42
6,50,31,3,6,4,-1,122,0,0,-1,21
6,50,32,1,6,2,-1,8,0,0,-1,21
6,50,32,2,6,2,-1,32,0,0,-1,42
6,50,32,3,6,2,-1,128,0,0,-1,21
6,50,33,1,6,3,-1,8,0,0,-1,21
6,50,33,2,6,3,-1,28,0,0,-1,42
6,50,33,3,6,3,-1,125,0,0,-1,21
6,50,34,1,6,1,-1,8,0,0,-1,21
6,50,34,2,6,1,-1,32,0,0,-1,42
6,50,34,3,6,1,-1,128,0,0,-1,21
6,50,35,1,6,2,-1,8,0,0,-1,21
6,50,35,2,6,2,-1,32,0,0,-1,42
6,50,35,3,6,2,-1,128,0,0,-1,21
6,50,36,1,6,3,-1,8,0,0,-1,21
6,50,36,2,6,3,-1,31,0,0,-1,42
6,50,36,3,6,3,-1,124,0,0,-1,21
6,50,37,1,6,4,-1,8,0,0,-1,21
6,50,37,2,6,4,-1,32,0,0,-1,42
6,50,37,3,6,4,-1,128,0,0,-1,21
6,50,38,1,6,2,-1,8,0,0,-1,21
6,50,38,2,6,2,-1,31,0,0,-1,42
6,50,38,3,6,2,-1,126,0,0,-1,21
6,50,39,1,6,3,-1,8,0,0,-1,21
6,50,39,2,6,3,-1,31,0,0,-1,42
6,50,39,3,6,3,-1,126,0,0,-1,21
6,50,40,1,6,3,-1,8,0,0,-1,21
6,50,40,2,6,3,-1,32,0,0,-1,42
6,50,40,3,6,3,-1,128,0,0,-1,21
6,50,41,1,6,4,-1,7,0,0,-1,21
6,50,41,2,6,4,-1,29,0,0,-1,42
6,50,41,3,6,4,-1,127,0,0,-1,21
6,50,42,1,6,2,-1,8,0,0,-1,21
6,50,42,2,6,2,-1,7,0,2,-1,10
6,50,42,3,6,2,-1,128,0,0,-1,21
6,50,43,1,6,3,-1,8,0,0,-1,21
6,50,43,2,6,3,-1,32,0,0,-1,42
6,50,43,3,6,3,-1,128,0,0,-1,21
6,50,44,1,6,4,-1,8,0,0,-1,21
6,50,44,2,6,4,-1,32,0,0,-1,42
6,50,44,3,6,4,-1,128,0,0,-1,21
6,50,45,1,6,5,-1,8,0,0,-1,21
6,50,45,2,6,5,-1,32,0,0,-1,42
6,50,45,3,6,5,-1,120,0,0,-1,21
6,50,46,1,6,3,-1,8,0,0,-1,21
6,50,46,2,6,3,-1,31,0,0,-1,42
6,50,46,3,6,3,-1,128,0,0,-1,21
6,50,47,1,6,4,-1,8,0,0,-1,21
6,50,47,2,6,4,-1,32,0,0,-1,42
6,50,47,3,6,4,-1,128,0,0,-1,21
6,50,48,1,6,1,-1,8,0,0,-1,21
6,50,48,2,6,1,-1,32,0,0,-1,42
6,50,48,3,6,1,-1,128,0,0,-1,21
6,50,49,1,6,2,-1,6,0,0,-1,21
6,50,49,2,6,2,-1,27,0,0,-1,42
6,50,49,3,6,2,-1,127,0,0,-1,21
6,50,51,1,6,1,-1,8,0,0,-1,21
6,50,51,2,6,1,-1,32,0,0,-1,42
6,50,51,3,6,1,-1,128,0,0,-1,21
6,50,52,1,6,2,-1,8,0,0,-1,21
6,50,52,2,6,2,-1,32,0,0,-1,42
6,50,52,3,6,2,-1,128,0,0,-1,21
6,50,53,1,6,3,-1,6,0,0,-1,21
6,50,53,2,6,3,-1,32,0,0,-1,42
6,50,53,3,6,3,-1,124,0,0,-1,21
6,50,54,1,6,1,-1,8,0,0,-1,21
6,50,54,2,6,1,-1,32,0,0,-1,42
6,50,54,3,6,1,-1,124,0,0,-1,21
6,50,55,1,6,2,-1,7,0,0,-1,21
6,50,55,2,6,2,-1,31,0,0,-1,42
6,50,55,3,6,2,-1,124,0,0,-1,21
6,50,56,1,6,2,-1,8,0,0,-1,21
6,50,56,2,6,2,-1,32,0,0,-1,42
6,50,56,3,6,2,-1,128,0,0,-1,21
6,50,57,1,6,3,-1,8,0,0,-1,21
6,50,57,2,6,3,-1,28,0,0,-1,42
6,50,57,3,6,3,-1,125,0,0,-1,21
6,50,58,1,6,1,-1,8,0,0,-1,21
6,50,58,2,6,1,-1,32,0,0,-1,42
6,50,58,3,6,1,-1,128,0,0,-1,21
6,50,59,1,6,2,-1,8,0,0,-1,21
6,50,59,2,6,2,-1,32,0,0,-1,42
6,50,59,3,6,2,-1,128,0,0,-1,21
6,50,60,1,6,3,-1,8,0,0,-1,21
6,50,60,2,6,3,-1,32,0,0,-1,42
6,50,60,3,6,3,-1,128,0,0,-1,21
6,50,61,1,6,4,-1,8,0,0,-1,21
6,50,61,2,6,4,-1,31,0,0,-1,42
6,50,61,3,6,4,-1,121,0,0,-1,21
6,50,62,1,6,2,-1,8,0,0,-1,21
6,50,62,2,6,2,-1,32,0,0,-1,42
6,50,62,3,6,2,-1,128,0,0,-1,21
6,50,63,1,6,3,-1,5,0,0,-1,21
6,50,63,2,6,3,-1,20,0,0,-1,42
6,50,63,3,6,3,-1,80,0,0,-1,21
6,51,0,1,6,4,-1,5,0,0,-1,53
6,51,0,2,6,4,-1,22,0,0,-1,58
6,51,0,3,6,4,-1,99,0,0,-1,29
6,51,1,1,6,3,-1,8,0,0,-1,53
6,51,1,2,6,3,-1,32,0,0,-1,58
6,51,1,3,6,3,-1,127,0,0,-1,29
6,51,2,1,6,3,-1,8,0,0,-1,53
6,51,2,2,6,3,-1,32,0,0,-1,58
6,51,2,3,6,3,-1,128,0,0,-1,29
6,51,3,1,6,2,-1,8,0,0,-1,53
6,51,3,2,6,2,-1,32,0,0,-1,58
6,51,3,3,6,2,-1,128,0,0,-1,29
6,51,4,1,6,5,-1,8,0,0,-1,53
6,51,4,2,6,5,-1,31,0,0,-1,58
6,51,4,3,6,5,-1,121,0,0,-1,29
6,51,5,1,6,4,-1,8,0,0,-1,53
6,51,5,2,6,4,-1,28,0,0,-1,58
6,51,5,3,6,4,-1,128,0,0,-1,29
6,51,6,1,6,4,-1,8,0,0,-1,53
6,51,6,2,6,4,-1,32,0,0,-1,58
6,51,6,3,6,4,-1,128,0,0,-1,29
6,51,7,1,6,3,-1,8,0,0,-1,53
6,51,7,2,6,3,-1,32,0,0,-1,58
6,51,7,3,6,3,-1,126,0,0,-1,29
6,51,8,1,6,5,-1,8,0,0,-1,53
6,51,8,2,6,5,-1,32,0,0,-1,58
6,51,8,3,6,5,-1,128,0,0,-1,29
6,51,9,1,6,4,-1,8,0,0,-1,53
6,51,9,2,6,4,-1,31,0,0,-1,58
6,51,9,3,6,4,-1,123,0,0,-1,29
6,51,10,1,6,4,-1,8,0,0,-1,53
6,51,10,2,6,4,-1,29,0,0,-1,58
6,51,10,3,6,4,-1,128,0,0,-1,29
6,51,11,1,6,3,-1,8,0,0,-1,53
6,51,11,2,6,3,-1,32,0,0,-1,58
6,51,11,3,6,3,-1,128,0,0,-1,29
6,51,12,1,6,6,-1,8,0,0,-1,53
6,51,12,2,6,6,-1,32,0,0,-1,58
6,51,12,3,6,6,-1,128,0,0,-1,29
6,51,13,1,6,5,-1,8,0,0,-1,53
6,51,13,2,6,5,-1,32,0,0,-1,58
6,51,13,3,6,5,-1,121,0,0,-1,29
6,51,14,1,6,5,-1,8,0,0,-1,53
6,51,14,2,6,5,-1,32,0,0,-1,58
6,51,14,3,6,5,-1,128,0,0,-1,29
6,51,15,1,6,4,-1,8,0,0,-1,53
6,51,15,2,6,4,-1,32,0,0,-1,58
6,51,15,3,6,4,-1,128,0,0,-1,29
6,51,16,1,6,3,-1,8,0,0,-1,53
6,51,16,2,6,3,-1,32,0,0,-1,58
6,51,16,3,6,3,-1,120,0,0,-1,29
6,51,17,1,6,2,-1,7,0,0,-1,53
6,51,17,2,6,2,-1,32,0,0,-1,58
6,51,17,3,6,2,-1,128,0,0,-1,29
6,51,18,1,6,2,-1,8,0,0,-1,53
6,51,18,2,6,2,-1,32,0,0,-1,58
6,51,18,3,6,2,-1,124,0,0,-1,29
6,51,19,1,6,1,-1,8,0,0,-1,53
6,51,19,2,6,1,-1,32,0,0,-1,58
6,51,19,3,6,1,-1,128,0,0,-1,29
6,51,20,1,6,4,-1,7,0,0,-1,53
6,51,20,2,6,4,-1,31,0,0,-1,58
6,51,20,3,6,4,-1,120,0,0,-1,29
6,51,21,1,6,3,-1,7,0,0,-1,53
6,51,21,2,6,3,-1,26,0,0,-1,58
6,51,21,3,6,3,-1,128,0,0,-1,29
6,51,22,1,6,3,-1,8,0,0,-1,53
6,51,22,2,6,3,-1,31,0,0,-1,58
6,51,22,3,6,3,-1,125,0,0,-1,29
6,51,23,1,6,2,-1,8,0,0,-1,53
6,51,23,2,6,2,-1,31,0,0,-1,58
6,51,23,3,6,2,-1,126,0,0,-1,29
6,51,24,1,6,4,-1,8,0,0,-1,53
6,51,24,2,6,4,-1,32,0,0,-1,58
6,51,24,3,6,4,-1,126,0,0,-1,29
6,51,25,1,6,3,-1,8,0,0,-1,53
6,51,25,2,6,3,-1,31,0,0,-1,58
6,51,25,3,6,3,-1,126,0,0,-1,29
6,51,26,1,6,3,-1,8,0,0,-1,53
6,51,26,2,6,3,-1,32,0,0,-1,58
6,51,26,3,6,3,-1,128,0,0,-1,29
6,51,27,1,6,2,-1,8,0,0,-1,53
6,51,27,2,6,2,-1,32,0,0,-1,58
6,51,27,3,6,2,-1,124,0,0,-1,29
6,51,28,1,6,5,-1,8,0,0,-1,53
6,51,28,2,6,5,-1,31,0,0,-1,58
6,51,28,3,6,5,-1,128,0,0,-1,29
6,51,29,1,6,4,-1,8,0,0,-1,53
6,51,29,2,6,4,-1,31,0,0,-1,58
6,51,29,3,6,4,-1,114,0,8,-1,17
6,51,30,1,6,4,-1,8,0,0,-1,53
6,51,30,2,6,4,-1,32,0,0,-1,58
6,51,30,3,6,4,-1,126,0,0,-1,29
6,51,31,1,6,3,-1,8,0,0,-1,53
6,51,31,2,6,3,-1,32,0,0,-1,58
6,51,31,3,6,3,-1,110,0,0,-1,29
6,51,32,1,6,3,-1,8,0,0,-1,53
6,51,32,2,6,3,-1,31,0,0,-1,58
6,51,32,3,6,3,-1,128,0,0,-1,29
6,51,33,1,6,2,-1,8,0,0,-1,53
6,51,33,2,6,2,-1,30,0,0,-1,58
6,51,33,3,6,2,-1,124,0,0,-1,29
6,51,34,1,6,2,-1,8,0,0,-1,53
6,51,34,2,6,2,-1,32,0,0,-1,58
6,51,34,3,6,2,-1,128,0,0,-1,29
6,51,35,1,6,1,-1,8,0,0,-1,53
6,51,35,2,6,1,-1,32,0,0,-1,58
6,51,35,3,6,1,-1,128,0,0,-1,29
6,51,36,1,6,4,-1,8,0,0,-1,53
6,51,36,2,6,4,-1,32,0,0,-1,58
6,51,36,3,6,4,-1,124,0,0,-1,29
6,51,37,1,6,3,-1,8,0,0,-1,53
6,51,37,2,6,3,-1,28,0,0,-1,58
6,51,37,3,6,3,-1,125,0,0,-1,29
6,51,38,1,6,3,-1,8,0,0,-1,53
6,51,38,2,6,3,-1,30,0,0,-1,58
6,51,38,3,6,3,-1,128,0,0,-1,29
6,51,39,1,6,2,-1,8,0,0,-1,53
6,51,39,2,6,2,-1,30,0,0,-1,58
6,51,39,3,6,2,-1,128,0,0,-1,29
6,51,40,1,6,4,-1,8,0,0,-1,53
6,51,40,2,6,4,-1,32,0,0,-1,58
6,51,40,3,6,4,-1,128,0,0,-1,29
6,51,41,1,6,3,-1,7,0,0,-1,53
6,51,41,2,6,3,-1,29,0,0,-1,58
6,51,41,3,6,3,-1,126,0,0,-1,29
6,51,42,1,6,3,-1,8,0,0,-1,53
6,51,42,2,6,3,-1,15,0,0,-1,58
6,51,42,3,6,3,-1,128,0,0,-1,29
6,51,43,1,6,2,-1,8,0,0,-1,53
6,51,43,2,6,2,-1,32,0,0,-1,58
6,51,43,3,6,2,-1,128,0,0,-1,29
6,51,44,1,6,5,-1,8,0,0,-1,53
6,51,44,2,6,5,-1,31,0,0,-1,58
6,51,44,3,6,5,-1,128,0,0,-1,29
6,51,45,1,6,4,-1,8,0,0,-1,53
6,51,45,2,6,4,-1,32,0,0,-1,58
6,51,45,3,6,4,-1,117,0,0,-1,29
6,51,46,1,6,4,-1,8,0,0,-1,53
6,51,46,2,6,4,-1,32,0,0,-1,58
6,51,46,3,6,4,-1,128,0,0,-1,29
6,51,47,1,6,3,-1,8,0,0,-1,53
6,51,47,2,6,3,-1,32,0,0,-1,58
6,51,47,3,6,3,-1,128,0,0,-1,29
6,51,48,1,6,2,-1,8,0,0,-1,53
6,51,48,2,6,2,-1,30,0,0,-1,58
6,51,48,3,6,2,-1,128,0,0,-1,29
6,51,49,1,6,1,-1,6,0,0,-1,53
6,51,49,2,6,1,-1,28,0,0,-1,58
6,51,49,3,6,1,-1,126,0,0,-1,29
6,51,50,1,6,1,-1,8,0,0,-1,53
6,51,50,2,6,1,-1,32,0,0,-1,58
6,51,50,3,6,1,-1,128,0,0,-1,29
6,51,52,1,6,3,-1,7,0,0,-1,53
6,51,52,2,6,3,-1,32,0,0,-1,58
6,51,52,3,6,3,-1,128,0,0,-1,29
6,51,53,1,6,2,-1,6,0,1,-1,61
6,51,53,2,6,2,-1,29,0,0,-1,58
6,51,53,3,6,2,-1,128,0,0,-1,29
6,51,54,1,6,2,-1,8,0,0,-1,53
6,51,54,2,6,2,-1,32,0,0,-1,58
6,51,54,3,6,2,-1,123,0,0,-1,29
6,51,55,1,6,1,-1,6,0,0,-1,53
6,51,55,2,6,1,-1,31,0,0,-1,58
6,51,55,3,6,1,-1,124,0,0,-1,29
6,51,56,1,6,3,-1,8,0,0,-1,53
6,51,56,2,6,3,-1,31,0,0,-1,58
6,51,56,3,6,3,-1,128,0,0,-1,29
6,51,57,1,6,2,-1,8,0,0,-1,53
6,51,57,2,6,2,-1,30,0,0,-1,58
6,51,57,3,6,2,-1,128,0,0,-1,29
6,51,58,1,6,2,-1,8,0,0,-1,53
6,51,58,2,6,2,-1,24,0,8,-1,62
6,51,58,3,6,2,-1,128,0,0,-1,29
6,51,59,1,6,1,-1,8,0,0,-1,53
6,51,59,2,6,1,-1,32,0,0,-1,58
6,51,59,3,6,1,-1,128,0,0,-1,29
6,51,60,1,6,4,-1,8,0,0,-1,53
6,51,60,2,6,4,-1,32,0,0,-1,58
6,51,60,3,6,4,-1,128,0,0,-1,29
6,51,61,1,6,3,-1,8,0,0,-1,53
6,51,61,2,6,3,-1,29,0,0,-1,58
6,51,61,3,6,3,-1,119,0,0,-1,29
6,51,62,1,6,3,-1,8,0,0,-1,53
6,51,62,2,6,3,-1,27,0,0,-1,58
6,51,62,3,6,3,-1,128,0,0,-1,29
6,51,63,1,6,2,-1,5,0,0,-1,53
6,51,63,2,6,2,-1,20,0,0,-1,58
6,51,63,3,6,2,-1,80,0,0,-1,29
6,52,0,1,6,3,-1,5,0,0,-1,25
6,52,0,2,6,3,-1,21,0,0,-1,42
6,52,0,3,6,3,-1,85,0,0,-1,21
6,52,1,1,6,4,-1,8,0,0,-1,25
6,52,1,2,6,4,-1,32,0,0,-1,42
6,52,1,3,6,4,-1,127,0,0,-1,21
6,52,2,1,6,4,-1,8,0,0,-1,25
6,52,2,2,6,4,-1,32,0,0,-1,42
6,52,2,3,6,4,-1,115,0,0,-1,21
6,52,3,1,6,5,-1,8,0,0,-1,25
6,52,3,2,6,5,-1,32,0,0,-1,42
6,52,3,3,6,5,-1,121,0,0,-1,21
6,52,4,1,6,2,-1,8,0,0,-1,25
6,52,4,2,6,2,-1,32,0,0,-1,42
6,52,4,3,6,2,-1,128,0,0,-1,21
6,52,5,1,6,3,-1,8,0,0,-1,25
6,52,5,2,6,3,-1,32,0,0,-1,42
6,52,5,3,6,3,-1,115,0,0,-1,21
6,52,6,1,6,3,-1,8,0,0,-1,25
6,52,6,2,6,3,-1,32,0,0,-1,42
6,52,6,3,6,3,-1,128,0,0,-1,21
6,52,7,1,6,4,-1,8,0,0,-1,25
6,52,7,2,6,4,-1,31,0,0,-1,42
6,52,7,3,6,4,-1,128,0,0,-1,21
6,52,8,1,6,4,-1,8,0,0,-1,25
6,52,8,2,6,4,-1,29,0,0,-1,42
6,52,8,3,6,4,-1,128,0,0,-1,21
6,52,9,1,6,5,-1,8,0,0,-1,25
6,52,9,2,6,5,-1,32,0,0,-1,42
6,52,9,3,6,5,-1,123,0,0,-1,21
6,52,10,1,6,5,-1,8,0,0,-1,25
6,52,10,2,6,5,-1,32,0,0,-1,42
6,52,10,3,6,5,-1,128,0,0,-1,21
6,52,11,1,6,6,-1,8,0,0,-1,25
6,52,11,2,6,6,-1,30,0,0,-1,42
6,52,11,3,6,6,-1,127,0,0,-1,21
6,52,12,1,6,3,-1,7,0,0,-1,25
6,52,12,2,6,3,-1,32,0,0,-1,42
6,52,12,3,6,3,-1,128,0,0,-1,21
6,52,13,1,6,4,-1,8,0,0,-1,25
6,52,13,2,6,4,-1,32,0,0,-1,42
6,52,13,3,6,4,-1,122,0,0,-1,21
6,52,14,1,6,4,-1,8,0,0,-1,25
6,52,14,2,6,4,-1,32,0,0,-1,42
6,52,14,3,6,4,-1,128,0,0,-1,21
6,52,15,1,6,5,-1,8,0,0,-1,25
6,52,15,2,6,5,-1,32,0,0,-1,42
6,52,15,3,6,5,-1,121,0,0,-1,21
6,52,16,1,6,2,-1,7,0,0,-1,25
6,52,16,2,6,2,-1,29,0,0,-1,42
6,52,16,3,6,2,-1,127,0,0,-1,21
6,52,17,1,6,3,-1,8,0,0,-1,25
6,52,17,2,6,3,-1,26,0,0,-1,42
6,52,17,3,6,3,-1,127,0,0,-1,21
6,52,18,1,6,3,-1,7,0,0,-1,25
6,52,18,2,6,3,-1,29,0,0,-1,42
6,52,18,3,6,3,-1,122,0,0,-1,21
6,52,19,1,6,4,-1,8,0,0,-1,25
6,52,19,2,6,4,-1,32,0,0,-1,42
6,52,19,3,6,4,-1,122,0,0,-1,21
6,52,20,1,6,1,-1,8,0,0,-1,25
6,52,20,2,6,1,-1,32,0,0,-1,42
6,52,20,3,6,1,-1,125,0,0,-1,21
6,52,21,1,6,2,-1,8,0,0,-1,25
6,52,21,2,6,2,-1,27,0,0,-1,42
6,52,21,3,6,2,-1,119,0,2,-1,23
6,52,22,1,6,2,-1,8,0,0,-1,25
6,52,22,2,6,2,-1,31,0,0,-1,42
6,52,22,3,6,2,-1,126,0,0,-1,21
6,52,23,1,6,3,-1,8,0,0,-1,25
6,52,23,2,6,3,-1,32,0,0,-1,42
6,52,23,3,6,3,-1,115,0,0,-1,21
6,52,24,1,6,3,-1,7,0,0,-1,25
6,52,24,2,6,3,-1,29,0,0,-1,42
6,52,24,3,6,3,-1,126,0,0,-1,21
6,52,25,1,6,4,-1,7,0,1,-1,27
6,52,25,2,6,4,-1,29,0,0,-1,42
6,52,25,3,6,4,-1,127,0,0,-1,21
6,52,26,1,6,4,-1,8,0,0,-1,25
6,52,26,2,6,4,-1,30,0,0,-1,42
6,52,26,3,6,4,-1,126,0,0,-1,21
6,52,27,1,6,5,-1,8,0,0,-1,25
6,52,27,2,6,5,-1,32,0,0,-1,42
6,52,27,3,6,5,-1,123,0,0,-1,21
6,52,28,1,6,2,-1,8,0,0,-1,25
6,52,28,2,6,2,-1,30,0,0,-1,42
6,52,28,3,6,2,-1,125,0,0,-1,21
6,52,29,1,6,3,-1,8,0,0,-1,25
6,52,29,2,6,3,-1,26,0,0,-1,42
6,52,29,3,6,3,-1,127,0,0,-1,21
6,52,30,1,6,3,-1,8,0,0,-1,25
6,52,30,2,6,3,-1,30,0,0,-1,42
6,52,30,3,6,3,-1,128,0,0,-1,21
6,52,31,1,6,4,-1,8,0,0,-1,25
6,52,31,2,6,4,-1,32,0,0,-1,42
6,52,31,3,6,4,-1,127,0,0,-1,21
6,52,32,1,6,2,-1,8,0,0,-1,25
6,52,32,2,6,2,-1,32,0,0,-1,42
6,52,32,3,6,2,-1,128,0,0,-1,21
6,52,33,1,6,3,-1,8,0,0,-1,25
6,52,33,2,6,3,-1,30,0,0,-1,42
6,52,33,3,6,3,-1,128,0,0,-1,21
6,52,34,1,6,3,-1,8,0,0,-1,25
6,52,34,2,6,3,-1,31,0,0,-1,42
6,52,34,3,6,3,-1,119,0,0,-1,21
6,52,35,1,6,4,-1,8,0,0,-1,25
6,52,35,2,6,4,-1,32,0,0,-1,42
6,52,35,3,6,4,-1,128,0,0,-1,21
6,52,36,1,6,1,-1,8,0,0,-1,25
6,52,36,2,6,1,-1,32,0,0,-1,42
6,52,36,3,6,1,-1,120,0,0,-1,21
6,52,37,1,6,2,-1,8,0,0,-1,25
6,52,37,2,6,2,-1,31,0,0,-1,42
6,52,37,3,6,2,-1,126,0,0,-1,21
6,52,38,1,6,2,-1,8,0,0,-1,25
6,52,38,2,6,2,-1,32,0,0,-1,42
6,52,38,3,6,2,-1,120,0,0,-1,21
6,52,39,1,6,3,-1,8,0,0,-1,25
6,52,39,2,6,3,-1,32,0,0,-1,42
6,52,39,3,6,3,-1,128,0,0,-1,21
6,52,40,1,6,3,-1,8,0,0,-1,25
6,52,40,2,6,3,-1,32,0,0,-1,42
6,52,40,3,6,3,-1,128,0,0,-1,21
6,52,41,1,6,4,-1,8,0,0,-1,25
6,52,41,2,6,4,-1,30,0,0,-1,42
6,52,41,3,6,4,-1,126,0,0,-1,21
6,52,42,1,6,4,-1,8,0,0,-1,25
6,52,42,2,6,4,-1,10,0,2,-1,14
6,52,42,3,6,4,-1,127,0,0,-1,21
6,52,43,1,6,5,-1,8,0,0,-1,25
6,52,43,2,6,5,-1,32,0,0,-1,42
6,52,43,3,6,5,-1,128,0,0,-1,21
6,52,44,1,6,2,-1,8,0,0,-1,25
6,52,44,2,6,2,-1,32,0,0,-1,42
6,52,44,3,6,2,-1,128,0,0,-1,21
6,52,45,1,6,3,-1,7,0,0,-1,25
6,52,45,2,6,3,-1,29,0,0,-1,42
6,52,45,3,6,3,-1,122,0,0,-1,21
6,52,46,1,6,3,-1,8,0,0,-1,25
6,52,46,2,6,3,-1,31,0,0,-1,42
6,52,46,3,6,3,-1,119,0,0,-1,21
6,52,47,1,6,4,-1,8,0,0,-1,25
6,52,47,2,6,4,-1,32,0,0,-1,42
6,52,47,3,6,4,-1,115,0,0,-1,21
6,52,48,1,6,1,-1,8,0,0,-1,25
6,52,48,2,6,1,-1,32,0,0,-1,42
6,52,48,3,6,1,-1,128,0,0,-1,21
6,52,49,1,6,2,-1,8,0,0,-1,25
6,52,49,2,6,2,-1,30,0,0,-1,42
6,52,49,3,6,2,-1,125,0,0,-1,21
6,52,50,1,6,2,-1,8,0,0,-1,25
6,52,50,2,6,2,-1,32,0,0,-1,42
6,52,50,3,6,2,-1,128,0,0,-1,21
6,52,51,1,6,3,-1,7,0,0,-1,25
6,52,51,2,6,3,-1,32,0,0,-1,42
6,52,51,3,6,3,-1,128,0,0,-1,21
6,52,53,1,6,1,-1,8,0,0,-1,25
6,52,53,2,6,1,-1,32,0,0,-1,42
6,52,53,3,6,1,-1,125,0,0,-1,21
6,52,54,1,6,1,-1,8,0,0,-1,25
6,52,54,2,6,1,-1,32,0,0,-1,42
6,52,54,3,6,1,-1,120,0,0,-1,21
6,52,55,1,6,2,-1,8,0,0,-1,25
6,52,55,2,6,2,-1,32,0,0,-1,42
6,52,55,3,6,2,-1,128,0,0,-1,21
6,52,56,1,6,2,-1,8,0,0,-1,25
6,52,56,2,6,2,-1,32,0,0,-1,42
6,52,56,3,6,2,-1,128,0,0,-1,21
6,52,57,1,6,3,-1,7,0,0,-1,25
6,52,57,2,6,3,-1,29,0,0,-1,42
6,52,57,3,6,3,-1,126,0,0,-1,21
6,52,58,1,6,3,-1,8,0,0,-1,25
6,52,58,2,6,3,-1,32,0,0,-1,42
6,52,58,3,6,3,-1,128,0,0,-1,21
6,52,59,1,6,4,-1,8,0,0,-1,25
6,52,59,2,6,4,-1,29,0,0,-1,42
6,52,59,3,6,4,-1,128,0,0,-1,21
6,52,60,1,6,1,-1,8,0,0,-1,25
6,52,60,2,6,1,-1,32,0,0,-1,42
6,52,60,3,6,1,-1,128,0,0,-1,21
6,52,61,1,6,2,-1,7,0,0,-1,25
6,52,61,2,6,2,-1,29,0,0,-1,42
6,52,61,3,6,2,-1,127,0,0,-1,21
6,52,62,1,6,2,-1,8,0,0,-1,25
6,52,62,2,6,2,-1,32,0,0,-1,42
6,52,62,3,6,2,-1,128,0,0,-1,21
6,52,63,1,6,3,-1,5,0,0,-1,25
6,52,63,2,6,3,-1,21,0,0,-1,42
6,52,63,3,6,3,-1,85,0,0,-1,21
6,53,0,1,6,4,-1,5,0,0,-1,58
6,53,0,2,6,4,-1,21,0,0,-1,29
6,53,0,3,6,4,-1,93,0,0,-1,46
6,53,1,1,6,3,-1,8,0,0,-1,58
6,53,1,2,6,3,-1,32,0,0,-1,29
6,53,1,3,6,3,-1,128,0,0,-1,46
6,53,2,1,6,5,-1,8,0,0,-1,58
6,53,2,2,6,5,-1,29,0,0,-1,29
6,53,2,3,6,5,-1,126,0,0,-1,46
6,53,3,1,6,4,-1,8,0,0,-1,58
6,53,3,2,6,4,-1,28,0,0,-1,29
6,53,3,3,6,4,-1,128,0,0,-1,46
6,53,4,1,6,3,-1,8,0,0,-1,58
6,53,4,2,6,3,-1,30,0,0,-1,29
6,53,4,3,6,3,-1,128,0,0,-1,46
6,53,5,1,6,2,-1,8,0,0,-1,58
6,53,5,2,6,2,-1,32,0,0,-1,29
6,53,5,3,6,2,-1,128,0,0,-1,46
6,53,6,1,6,4,-1,8,0,0,-1,58
6,53,6,2,6,4,-1,29,0,0,-1,29
6,53,6,3,6,4,-1,128,0,0,-1,46
6,53,7,1,6,3,-1,8,0,0,-1,58
6,53,7,2,6,3,-1,26,0,0,-1,29
6,53,7,3,6,3,-1,128,0,0,-1,46
6,53,8,1,6,5,-1,8,0,0,-1,58
6,53,8,2,6,5,-1,29,0,0,-1,29
6,53,8,3,6,5,-1,125,0,0,-1,46
6,53,9,1,6,4,-1,8,0,0,-1,58
6,53,9,2,6,4,-1,32,0,0,-1,29
6,53,9,3,6,4,-1,118,0,0,-1,46
6,53,10,1,6,6,-1,8,0,0,-1,58
6,53,10,2,6,6,-1,24,0,0,-1,29
6,53,10,3,6,6,-1,128,0,0,-1,46
6,53,11,1,6,5,-1,8,0,0,-1,58
6,53,11,2,6,5,-1,31,0,0,-1,29
6,53,11,3,6,5,-1,119,0,0,-1,46
6,53,12,1,6,4,-1,7,0,0,-1,58
6,53,12,2,6,4,-1,31,0,0,-1,29
6,53,12,3,6,4,-1,120,0,0,-1,46
6,53,13,1,6,3,-1,8,0,0,-1,58
6,53,13,2,6,3,-1,32,0,0,-1,29
6,53,13,3,6,3,-1,115,0,0,-1,46
6,53,14,1,6,5,-1,8,0,0,-1,58
6,53,14,2,6,5,-1,30,0,0,-1,29
6,53,14,3,6,5,-1,121,0,0,-1,46
6,53,15,1,6,4,-1,8,0,0,-1,58
6,53,15,2,6,4,-1,31,0,0,-1,29
6,53,15,3,6,4,-1,114,0,0,-1,46
6,53,16,1,6,3,-1,8,0,0,-1,58
6,53,16,2,6,3,-1,31,0,0,-1,29
6,53,16,3,6,3,-1,128,0,0,-1,46
6,53,17,1,6,2,-1,8,0,0,-1,58
6,53,17,2,6,2,-1,32,0,0,-1,29
6,53,17,3,6,2,-1,128,0,0,-1,46
6,53,18,1,6,4,-1,8,0,0,-1,58
6,53,18,2,6,4,-1,31,0,0,-1,29
6,53,18,3,6,4,-1,124,0,0,-1,46
6,53,19,1,6,3,-1,8,0,0,-1,58
6,53,19,2,6,3,-1,26,0,0,-1,29
6,53,19,3,6,3,-1,127,0,0,-1,46
6,53,20,1,6,2,-1,8,0,0,-1,58
6,53,20,2,6,2,-1,30,0,0,-1,29
6,53,20,3,6,2,-1,128,0,0,-1,46
6,53,21,1,6,1,-1,8,0,0,-1,58
6,53,21,2,6,1,-1,16,0,0,-1,29
6,53,21,3,6,1,-1,128,0,0,-1,46
6,53,22,1,6,3,-1,8,0,0,-1,58
6,53,22,2,6,3,-1,31,0,0,-1,29
6,53,22,3,6,3,-1,128,0,0,-1,46
6,53,23,1,6,2,-1,8,0,0,-1,58
6,53,23,2,6,2,-1,16,0,0,-1,29
6,53,23,3,6,2,-1,128,0,0,-1,46
6,53,24,1,6,4,-1,8,0,0,-1,58
6,53,24,2,6,4,-1,32,0,0,-1,29
6,53,24,3,6,4,-1,128,0,0,-1,46
6,53,25,1,6,3,-1,8,0,0,-1,58
6,53,25,2,6,3,-1,32,0,0,-1,29
6,53,25,3,6,3,-1,128,0,0,-1,46
6,53,26,1,6,5,-1,8,0,0,-1,58
6,53,26,2,6,5,-1,32,0,0,-1,29
6,53,26,3,6,5,-1,128,0,0,-1,46
6,53,27,1,6,4,-1,8,0,0,-1,58
6,53,27,2,6,4,-1,26,0,0,-1,29
6,53,27,3,6,4,-1,120,0,0,-1,46
6,53,28,1,6,3,-1,8,0,0,-1,58
6,53,28,2,6,3,-1,32,0,0,-1,29
6,53,28,3,6,3,-1,128,0,0,-1,46
6,53,29,1,6,2,-1,8,0,0,-1,58
6,53,29,2,6,2,-1,16,0,16,-1,23
6,53,29,3,6,2,-1,128,0,0,-1,46
6,53,30,1,6,4,-1,8,0,0,-1,58
6,53,30,2,6,4,-1,32,0,0,-1,29
6,53,30,3,6,4,-1,128,0,0,-1,46
6,53,31,1,6,3,-1,8,0,0,-1,58
6,53,31,2,6,3,-1,32,0,0,-1,29
6,53,31,3,6,3,-1,128,0,0,-1,46
6,53,32,1,6,3,-1,8,0,0,-1,58
6,53,32,2,6,3,-1,31,0,0,-1,29
6,53,32,3,6,3,-1,127,0,0,-1,46
6,53,33,1,6,2,-1,8,0,0,-1,58
6,53,33,2,6,2,-1,32,0,0,-1,29
6,53,33,3,6,2,-1,128,0,0,-1,46
6,53,34,1,6,4,-1,8,0,0,-1,58
6,53,34,2,6,4,-1,32,0,0,-1,29
6,53,34,3,6,4,-1,128,0,0,-1,46
6,53,35,1,6,3,-1,8,0,0,-1,58
6,53,35,2,6,3,-1,29,0,0,-1,29
6,53,35,3,6,3,-1,128,0,0,-1,46
6,53,36,1,6,2,-1,8,0,0,-1,58
6,53,36,2,6,2,-1,30,0,0,-1,29
6,53,36,3,6,2,-1,121,0,0,-1,46
6,53,37,1,6,1,-1,8,0,0,-1,58
6,53,37,2,6,1,-1,32,0,0,-1,29
6,53,37,3,6,1,-1,128,0,0,-1,46
6,53,38,1,6,3,-1,8,0,0,-1,58
6,53,38,2,6,3,-1,31,0,0,-1,29
6,53,38,3,6,3,-1,119,0,0,-1,46
6,53,39,1,6,2,-1,8,0,0,-1,58
6,53,39,2,6,2,-1,24,0,0,-1,29
6,53,39,3,6,2,-1,128,0,0,-1,46
6,53,40,1,6,4,-1,8,0,0,-1,58
6,53,40,2,6,4,-1,30,0,0,-1,29
6,53,40,3,6,4,-1,128,0,0,-1,46
6,53,41,1,6,3,-1,8,0,0,-1,58
6,53,41,2,6,3,-1,32,0,0,-1,29
6,53,41,3,6,3,-1,128,0,0,-1,46
6,53,42,1,6,5,-1,7,0,0,-1,58
6,53,42,2,6,5,-1,22,0,0,-1,29
6,53,42,3,6,5,-1,122,0,0,-1,46
6,53,43,1,6,4,-1,6,0,0,-1,58
6,53,43,2,6,4,-1,32,0,0,-1,29
6,53,43,3,6,4,-1,128,0,0,-1,46
6,53,44,1,6,3,-1,8,0,0,-1,58
6,53,44,2,6,3,-1,31,0,0,-1,29
6,53,44,3,6,3,-1,127,0,0,-1,46
6,53,45,1,6,2,-1,8,0,0,-1,58
6,53,45,2,6,2,-1,32,0,0,-1,29
6,53,45,3,6,2,-1,112,0,0,-1,46
6,53,46,1,6,4,-1,8,0,0,-1,58
6,53,46,2,6,4,-1,28,0,0,-1,29
6,53,46,3,6,4,-1,104,0,8,-1,28
6,53,47,1,6,3,-1,8,0,0,-1,58
6,53,47,2,6,3,-1,32,0,0,-1,29
6,53,47,3,6,3,-1,128,0,0,-1,46
6,53,48,1,6,2,-1,7,0,0,-1,58
6,53,48,2,6,2,-1,32,0,0,-1,29
6,53,48,3,6,2,-1,128,0,0,-1,46
6,53,49,1,6,1,-1,8,0,0,-1,58
6,53,49,2,6,1,-1,32,0,0,-1,29
6,53,49,3,6,1,-1,128,0,0,-1,46
6,53,50,1,6,3,-1,6,0,0,-1,58
6,53,50,2,6,3,-1,32,0,0,-1,29
6,53,50,3,6,3,-1,124,0,0,-1,46
6,53,51,1,6,2,-1,6,0,0,-1,58
6,53,51,2,6,2,-1,29,0,0,-1,29
6,53,51,3,6,2,-1,128,0,0,-1,46
6,53,52,1,6,1,-1,8,0,0,-1,58
6,53,52,2,6,1,-1,32,0,0,-1,29
6,53,52,3,6,1,-1,125,0,0,-1,46
6,53,54,1,6,2,-1,8,0,0,-1,58
6,53,54,2,6,2,-1,32,0,0,-1,29
6,53,54,3,6,2,-1,114,0,0,-1,46
6,53,55,1,6,1,-1,8,0,0,-1,58
6,53,55,2,6,1,-1,32,0,0,-1,29
6,53,55,3,6,1,-1,128,0,0,-1,46
6,53,56,1,6,3,-1,7,0,0,-1,58
6,53,56,2,6,3,-1,30,0,0,-1,29
6,53,56,3,6,3,-1,126,0,0,-1,46
6,53,57,1,6,2,-1,8,0,0,-1,58
6,53,57,2,6,2,-1,32,0,0,-1,29
6,53,57,3,6,2,-1,128,0,0,-1,46
6,53,58,1,6,4,-1,6,0,2,-1,59
6,53,58,2,6,4,-1,32,0,0,-1,29
6,53,58,3,6,4,-1,128,0,0,-1,46
6,53,59,1,6,3,-1,7,0,0,-1,58
6,53,59,2,6,3,-1,31,0,0,-1,29
6,53,59,3,6,3,-1,128,0,0,-1,46
6,53,60,1,6,2,-1,8,0,0,-1,58
6,53,60,2,6,2,-1,31,0,0,-1,29
6,53,60,3,6,2,-1,126,0,0,-1,46
6,53,61,1,6,1,-1,8,0,0,-1,58
6,53,61,2,6,1,-1,32,0,0,-1,29
6,53,61,3,6,1,-1,128,0,0,-1,46
6,53,62,1,6,3,-1,8,0,0,-1,58
6,53,62,2,6,3,-1,32,0,0,-1,29
6,53,62,3,6,3,-1,109,0,0,-1,46
6,53,63,1,6,2,-1,4,0,0,-1,58
6,53,63,2,6,2,-1,16,0,0,-1,29
6,53,63,3,6,2,-1,64,0,0,-1,46
6,54,0,1,3,4,-1,5,0,0,-1,27
6,54,0,2,3,4,-1,17,0,0,-1,45
6,54,0,3,3,4,-1,79,0,2,-1,36
6,54,1,1,6,5,-1,8,0,0,-1,27
6,54,1,2,6,5,-1,28,0,0,-1,45
6,54,1,3,6,5,-1,122,0,2,-1,38
6,54,2,1,6,3,-1,8,0,0,-1,27
6,54,2,2,6,3,-1,30,0,0,-1,45
6,54,2,3,6,3,-1,124,0,2,-1,36
6,54,3,1,6,4,-1,8,0,0,-1,27
6,54,3,2,6,4,-1,31,0,0,-1,45
6,54,3,3,6,4,-1,123,0,2,-1,38
6,54,4,1,6,3,-1,8,0,0,-1,27
6,54,4,2,6,3,-1,30,0,0,-1,45
6,54,4,3,6,3,-1,124,0,2,-1,52
6,54,5,1,6,4,-1,8,0,0,-1,27
6,54,5,2,6,4,-1,32,0,0,-1,45
6,54,5,3,6,4,-1,118,0,4,-1,50
6,54,6,1,6,2,-1,8,0,0,-1,27
6,54,6,2,6,2,-1,32,0,0,-1,45
6,54,6,3,6,2,-1,124,0,2,-1,52
6,54,7,1,6,3,-1,8,0,0,-1,27
6,54,7,2,6,3,-1,32,0,0,-1,45
6,54,7,3,6,3,-1,116,0,6,-1,22
6,54,8,1,6,5,-1,8,0,0,-1,27
6,54,8,2,6,5,-1,28,0,0,-1,45
6,54,8,3,6,5,-1,122,0,2,-1,52
6,54,9,1,3,6,-1,8,0,0,-1,27
6,54,9,2,3,6,-1,28,0,0,-1,45
6,54,9,3,3,6,-1,78,0,6,-1,36
6,54,10,1,6,4,-1,8,0,0,-1,27
6,54,10,2,6,4,-1,31,0,0,-1,45
6,54,10,3,6,4,-1,124,0,2,-1,52
6,54,11,1,6,5,-1,8,0,0,-1,27
6,54,11,2,6,5,-1,32,0,0,-1,45
6,54,11,3,6,5,-1,120,0,8,-1,62
6,54,12,1,6,4,-1,8,0,0,-1,27
6,54,12,2,6,4,-1,32,0,0,-1,45
6,54,12,3,6,4,-1,124,0,2,-1,52
6,54,13,1,6,5,-1,8,0,0,-1,27
6,54,13,2,6,5,-1,32,0,0,-1,45
6,54,13,3,6,5,-1,123,0,4,-1,50
6,54,14,1,6,3,-1,7,0,0,-1,27
6,54,14,2,6,3,-1,32,0,0,-1,45
6,54,14,3,6,3,-1,122,0,2,-1,52
6,54,15,1,6,4,-1,8,0,0,-1,27
6,54,15,2,6,4,-1,32,0,0,-1,45
6,54,15,3,6,4,-1,117,0,6,-1,38
6,54,16,1,6,3,-1,8,0,0,-1,27
6,54,16,2,6,3,-1,30,0,0,-1,45
6,54,16,3,6,3,-1,124,0,2,-1,36
6,54,17,1,6,4,-1,8,0,0,-1,27
6,54,17,2,6,4,-1,31,0,0,-1,45
6,54,17,3,6,4,-1,124,0,2,-1,38
6,54,18,1,3,2,-1,6,0,0,-1,27
6,54,18,2,3,2,-1,24,0,0,-1,45
6,54,18,3,3,2,-1,98,0,2,-1,36
6,54,19,1,6,3,-1,7,0,0,-1,27
6,54,19,2,6,3,-1,29,0,0,-1,45
6,54,19,3,6,3,-1,122,0,2,-1,38
6,54,20,1,6,2,-1,8,0,0,-1,27
6,54,20,2,6,2,-1,30,0,0,-1,45
6,54,20,3,6,2,-1,121,0,2,-1,52
6,54,21,1,6,3,-1,8,0,0,-1,27
6,54,21,2,6,3,-1,22,0,0,-1,45
6,54,21,3,6,3,-1,120,0,4,-1,50
6,54,22,1,6,1,-1,8,0,0,-1,27
6,54,22,2,6,1,-1,32,0,0,-1,45
6,54,22,3,6,1,-1,124,0,2,-1,52
6,54,23,1,6,2,-1,8,0,0,-1,27
6,54,23,2,6,2,-1,32,0,0,-1,45
6,54,23,3,6,2,-1,112,0,16,-1,46
6,54,24,1,6,4,-1,8,0,0,-1,27
6,54,24,2,6,4,-1,31,0,0,-1,45
6,54,24,3,6,4,-1,123,0,2,-1,52
6,54,25,1,6,5,-1,8,0,0,-1,27
6,54,25,2,6,5,-1,32,0,0,-1,45
6,54,25,3,6,5,-1,120,0,8,-1,55
6,54,26,1,6,3,-1,7,0,0,-1,27
6,54,26,2,6,3,-1,29,0,0,-1,45
6,54,26,3,6,3,-1,122,0,2,-1,52
6,54,27,1,3,4,-1,6,0,2,-1,63
6,54,27,2,3,4,-1,24,0,0,-1,45
6,54,27,3,3,4,-1,93,0,13,-1,63
6,54,28,1,6,3,-1,8,0,0,-1,27
6,54,28,2,6,3,-1,31,0,0,-1,45
6,54,28,3,6,3,-1,124,0,2,-1,52
6,54,29,1,6,4,-1,8,0,0,-1,27
6,54,29,2,6,4,-1,26,0,0,-1,45
6,54,29,3,6,4,-1,120,0,4,-1,50
6,54,30,1,6,2,-1,8,0,0,-1,27
6,54,30,2,6,2,-1,32,0,0,-1,45
6,54,30,3,6,2,-1,123,0,2,-1,52
6,54,31,1,6,3,-1,8,0,0,-1,27
6,54,31,2,6,3,-1,32,0,0,-1,45
6,54,31,3,6,3,-1,112,0,16,-1,46
6,54,32,1,6,3,-1,8,0,0,-1,27
6,54,32,2,6,3,-1,30,0,0,-1,45
6,54,32,3,6,3,-1,124,0,2,-1,38
6,54,33,1,6,4,-1,8,0,0,-1,27
6,54,33,2,6,4,-1,32,0,0,-1,45
6,54,33,3,6,4,-1,124,0,2,-1,38
6,54,34,1,6,2,-1,8,0,0,-1,27
6,54,34,2,6,2,-1,30,0,0,-1,45
6,54,34,3,6,2,-1,121,0,2,-1,38
6,54,35,1,6,3,-1,8,0,0,-1,27
6,54,35,2,6,3,-1,31,0,0,-1,45
6,54,35,3,6,3,-1,124,0,2,-1,38
6,54,36,1,3,2,-1,8,0,0,-1,27
6,54,36,2,3,2,-1,24,0,0,-1,45
6,54,36,3,3,2,-1,96,0,4,-1,18
6,54,37,1,6,3,-1,8,0,0,-1,27
6,54,37,2,6,3,-1,31,0,0,-1,45
6,54,37,3,6,3,-1,124,0,4,-1,18
6,54,38,1,6,1,-1,8,0,0,-1,27
6,54,38,2,6,1,-1,32,0,0,-1,45
6,54,38,3,6,1,-1,120,0,4,-1,22
6,54,39,1,6,2,-1,8,0,0,-1,27
6,54,39,2,6,2,-1,32,0,0,-1,45
6,54,39,3,6,2,-1,124,0,4,-1,22
6,54,40,1,6,4,-1,8,0,0,-1,27
6,54,40,2,6,4,-1,32,0,0,-1,45
6,54,40,3,6,4,-1,118,0,4,-1,22
6,54,41,1,6,5,-1,8,0,0,-1,27
6,54,41,2,6,5,-1,32,0,0,-1,45
6,54,41,3,6,5,-1,123,0,4,-1,22
6,54,42,1,6,3,-1,8,0,0,-1,27
6,54,42,2,6,3,-1,22,0,0,-1,45
6,54,42,3,6,3,-1,120,0,4,-1,22
6,54,43,1,6,4,-1,8,0,0,-1,27
6,54,43,2,6,4,-1,26,0,0,-1,45
6,54,43,3,6,4,-1,120,0,4,-1,22
6,54,44,1,6,3,-1,8,0,0,-1,27
6,54,44,2,6,3,-1,31,0,0,-1,45
6,54,44,3,6,3,-1,124,0,4,-1,18
6,54,45,1,3,4,-1,6,0,0,-1,27
6,54,45,2,3,4,-1,24,0,2,-1,9
6,54,45,3,3,4,-1,93,0,4,-1,18
6,54,46,1,6,2,-1,8,0,0,-1,27
6,54,46,2,6,2,-1,32,0,0,-1,45
6,54,46,3,6,2,-1,114,0,4,-1,22
6,54,47,1,6,3,-1,8,0,0,-1,27
6,54,47,2,6,3,-1,31,0,0,-1,45
6,54,47,3,6,3,-1,118,0,4,-1,22
6,54,48,1,6,2,-1,8,0,0,-1,27
6,54,48,2,6,2,-1,32,0,0,-1,45
6,54,48,3,6,2,-1,124,0,2,-1,38
6,54,49,1,6,3,-1,7,0,0,-1,27
6,54,49,2,6,3,-1,32,0,0,-1,45
6,54,49,3,6,3,-1,122,0,2,-1,38
6,54,50,1,6,1,-1,8,0,0,-1,27
6,54,50,2,6,1,-1,32,0,0,-1,45
6,54,50,3,6,1,-1,124,0,2,-1,38
6,54,51,1,6,2,-1,8,0,0,-1,27
6,54,51,2,6,2,-1,32,0,0,-1,45
6,54,51,3,6,2,-1,123,0,2,-1,38
6,54,52,1,6,1,-1,8,0,0,-1,27
6,54,52,2,6,1,-1,32,0,0,-1,45
6,54,52,3,6,1,-1,120,0,4,-1,50
6,54,53,1,6,2,-1,8,0,0,-1,27
6,54,53,2,6,2,-1,32,0,0,-1,45
6,54,53,3,6,2,-1,114,0,4,-1,50
6,54,55,1,6,1,-1,8,0,0,-1,27
6,54,55,2,6,1,-1,32,0,0,-1,45
6,54,55,3,6,1,-1,64,0,64,-1,62
6,54,56,1,6,3,-1,8,0,0,-1,27
6,54,56,2,6,3,-1,32,0,0,-1,45
6,54,56,3,6,3,-1,116,0,6,-1,50
6,54,57,1,6,4,-1,8,0,0,-1,27
6,54,57,2,6,4,-1,32,0,0,-1,45
6,54,57,3,6,4,-1,117,0,6,-1,52
6,54,58,1,6,2,-1,8,0,0,-1,27
6,54,58,2,6,2,-1,32,0,0,-1,45
6,54,58,3,6,2,-1,112,0,16,-1,53
6,54,59,1,6,3,-1,8,0,0,-1,27
6,54,59,2,6,3,-1,32,0,0,-1,45
6,54,59,3,6,3,-1,112,0,16,-1,53
6,54,60,1,6,2,-1,8,0,0,-1,27
6,54,60,2,6,2,-1,32,0,0,-1,45
6,54,60,3,6,2,-1,124,0,4,-1,50
6,54,61,1,6,3,-1,8,0,0,-1,27
6,54,61,2,6,3,-1,31,0,0,-1,45
6,54,61,3,6,3,-1,118,0,4,-1,50
6,54,62,1,6,1,-1,8,0,0,-1,27
6,54,62,2,6,1,-1,32,0,0,-1,45
6,54,62,3,6,1,-1,64,0,64,-1,55
6,54,63,1,3,2,-1,4,0,0,-1,27
6,54,63,2,3,2,-1,16,0,0,-1,45
6,54,63,3,3,2,-1,0,64,64,0,63
6,55,0,1,6,5,-1,5,0,0,-1,59
6,55,0,2,6,5,-1,20,0,0,-1,61
6,55,0,3,6,5,-1,96,0,0,-1,62
6,55,1,1,6,4,-1,8,0,0,-1,59
6,55,1,2,6,4,-1,30,0,0,-1,61
6,55,1,3,6,4,-1,128,0,0,-1,62
6,55,2,1,6,4,-1,8,0,0,-1,59
6,55,2,2,6,4,-1,32,0,0,-1,61
6,55,2,3,6,4,-1,128,0,0,-1,62
6,55,3,1,6,3,-1,8,0,0,-1,59
6,55,3,2,6,3,-1,32,0,0,-1,61
6,55,3,3,6,3,-1,127,0,0,-1,62
6,55,4,1,6,4,-1,8,0,0,-1,59
6,55,4,2,6,4,-1,32,0,0,-1,61
6,55,4,3,6,4,-1,128,0,0,-1,62
6,55,5,1,6,3,-1,8,0,0,-1,59
6,55,5,2,6,3,-1,32,0,0,-1,61
6,55,5,3,6,3,-1,128,0,0,-1,62
6,55,6,1,6,3,-1,8,0,0,-1,59
6,55,6,2,6,3,-1,32,0,0,-1,61
6,55,6,3,6,3,-1,128,0,0,-1,62
6,55,7,1,6,2,-1,8,0,0,-1,59
6,55,7,2,6,2,-1,32,0,0,-1,61
6,55,7,3,6,2,-1,128,0,0,-1,62
6,55,8,1,6,6,-1,8,0,0,-1,59
6,55,8,2,6,6,-1,24,0,0,-1,61
6,55,8,3,6,6,-1,128,0,0,-1,62
6,55,9,1,6,5,-1,8,0,0,-1,59
6,55,9,2,6,5,-1,28,0,0,-1,61
6,55,9,3,6,5,-1,122,0,0,-1,62
6,55,10,1,6,5,-1,8,0,0,-1,59
6,55,10,2,6,5,-1,29,0,0,-1,61
6,55,10,3,6,5,-1,126,0,0,-1,62
6,55,11,1,6,4,-1,8,0,0,-1,59
6,55,11,2,6,4,-1,31,0,0,-1,61
6,55,11,3,6,4,-1,121,0,0,-1,62
6,55,12,1,6,5,-1,8,0,0,-1,59
6,55,12,2,6,5,-1,31,0,0,-1,61
6,55,12,3,6,5,-1,121,0,0,-1,62
6,55,13,1,6,4,-1,8,0,0,-1,59
6,55,13,2,6,4,-1,32,0,0,-1,61
6,55,13,3,6,4,-1,127,0,0,-1,62
6,55,14,1,6,4,-1,8,0,0,-1,59
6,55,14,2,6,4,-1,30,0,0,-1,61
6,55,14,3,6,4,-1,122,0,0,-1,62
6,55,15,1,6,3,-1,8,0,0,-1,59
6,55,15,2,6,3,-1,29,0,0,-1,61
6,55,15,3,6,3,-1,119,0,0,-1,62
6,55,16,1,6,4,-1,8,0,0,-1,59
6,55,16,2,6,4,-1,30,0,0,-1,61
6,55,16,3,6,4,-1,128,0,0,-1,62
6,55,17,1,6,3,-1,8,0,0,-1,59
6,55,17,2,6,3,-1,31,0,0,-1,61
6,55,17,3,6,3,-1,128,0,0,-1,62
6,55,18,1,6,3,-1,8,0,0,-1,59
6,55,18,2,6,3,-1,30,0,0,-1,61
6,55,18,3,6,3,-1,124,0,0,-1,62
6,55,19,1,6,2,-1,7,0,0,-1,59
6,55,19,2,6,2,-1,29,0,0,-1,61
6,55,19,3,6,2,-1,127,0,0,-1,62
6,55,20,1,6,3,-1,8,0,0,-1,59
6,55,20,2,6,3,-1,30,0,0,-1,61
6,55,20,3,6,3,-1,128,0,0,-1,62
6,55,21,1,6,2,-1,8,0,0,-1,59
6,55,21,2,6,2,-1,16,0,0,-1,61
6,55,21,3,6,2,-1,128,0,0,-1,62
6,55,22,1,6,2,-1,8,0,0,-1,59
6,55,22,2,6,2,-1,32,0,0,-1,61
6,55,22,3,6,2,-1,128,0,0,-1,62
6,55,23,1,6,1,-1,8,0,0,-1,59
6,55,23,2,6,1,-1,32,0,0,-1,61
6,55,23,3,6,1,-1,128,0,0,-1,62
6,55,24,1,6,5,-1,8,0,0,-1,59
6,55,24,2,6,5,-1,32,0,0,-1,61
6,55,24,3,6,5,-1,128,0,0,-1,62
6,55,25,1,6,4,-1,8,0,0,-1,59
6,55,25,2,6,4,-1,32,0,0,-1,61
6,55,25,3,6,4,-1,128,0,0,-1,62
6,55,26,1,6,4,-1,8,0,0,-1,59
6,55,26,2,6,4,-1,32,0,0,-1,61
6,55,26,3,6,4,-1,115,0,0,-1,62
6,55,27,1,6,3,-1,8,0,0,-1,59
6,55,27,2,6,3,-1,31,0,0,-1,61
6,55,27,3,6,3,-1,118,0,0,-1,62
6,55,28,1,6,4,-1,8,0,0,-1,59
6,55,28,2,6,4,-1,27,0,0,-1,61
6,55,28,3,6,4,-1,128,0,0,-1,62
6,55,29,1,6,3,-1,8,0,0,-1,59
6,55,29,2,6,3,-1,32,0,0,-1,61
6,55,29,3,6,3,-1,128,0,0,-1,62
6,55,30,1,6,3,-1,8,0,0,-1,59
6,55,30,2,6,3,-1,27,0,0,-1,61
6,55,30,3,6,3,-1,128,0,0,-1,62
6,55,31,1,6,2,-1,8,0,0,-1,59
6,55,31,2,6,2,-1,16,0,0,-1,61
6,55,31,3,6,2,-1,128,0,0,-1,62
6,55,32,1,6,4,-1,8,0,0,-1,59
6,55,32,2,6,4,-1,32,0,0,-1,61
6,55,32,3,6,4,-1,124,0,0,-1,62
6,55,33,1,6,3,-1,8,0,0,-1,59
6,55,33,2,6,3,-1,31,0,0,-1,61
6,55,33,3,6,3,-1,128,0,0,-1,62
6,55,34,1,6,3,-1,8,0,0,-1,59
6,55,34,2,6,3,-1,31,0,0,-1,61
6,55,34,3,6,3,-1,127,0,0,-1,62
6,55,35,1,6,2,-1,8,0,0,-1,59
6,55,35,2,6,2,-1,30,0,0,-1,61
6,55,35,3,6,2,-1,122,0,0,-1,62
6,55,36,1,6,3,-1,8,0,0,-1,59
6,55,36,2,6,3,-1,30,0,0,-1,61
6,55,36,3,6,3,-1,124,0,0,-1,62
6,55,37,1,6,2,-1,8,0,0,-1,59
6,55,37,2,6,2,-1,32,0,0,-1,61
6,55,37,3,6,2,-1,128,0,0,-1,62
6,55,38,1,6,2,-1,8,0,0,-1,59
6,55,38,2,6,2,-1,32,0,0,-1,61
6,55,38,3,6,2,-1,128,0,0,-1,62
6,55,39,1,6,1,-1,8,0,0,-1,59
6,55,39,2,6,1,-1,32,0,0,-1,61
6,55,39,3,6,1,-1,128,0,0,-1,62
6,55,40,1,6,5,-1,8,0,0,-1,59
6,55,40,2,6,5,-1,29,0,0,-1,61
6,55,40,3,6,5,-1,125,0,0,-1,62
6,55,41,1,6,4,-1,8,0,0,-1,59
6,55,41,2,6,4,-1,29,0,0,-1,61
6,55,41,3,6,4,-1,128,0,0,-1,62
6,55,42,1,6,4,-1,7,0,0,-1,59
6,55,42,2,6,4,-1,20,0,0,-1,61
6,55,42,3,6,4,-1,124,0,0,-1,62
6,55,43,1,6,3,-1,7,0,0,-1,59
6,55,43,2,6,3,-1,31,0,0,-1,61
6,55,43,3,6,3,-1,128,0,0,-1,62
6,55,44,1,6,4,-1,8,0,0,-1,59
6,55,44,2,6,4,-1,31,0,0,-1,61
6,55,44,3,6,4,-1,122,0,0,-1,62
6,55,45,1,6,3,-1,8,0,0,-1,59
6,55,45,2,6,3,-1,32,0,0,-1,61
6,55,45,3,6,3,-1,112,0,0,-1,62
6,55,46,1,6,3,-1,8,0,0,-1,59
6,55,46,2,6,3,-1,32,0,0,-1,61
6,55,46,3,6,3,-1,109,0,0,-1,62
6,55,47,1,6,2,-1,6,0,0,-1,59
6,55,47,2,6,2,-1,30,0,0,-1,61
6,55,47,3,6,2,-1,128,0,0,-1,62
6,55,48,1,6,3,-1,8,0,0,-1,59
6,55,48,2,6,3,-1,32,0,0,-1,61
6,55,48,3,6,3,-1,120,0,0,-1,62
6,55,49,1,6,2,-1,8,0,0,-1,59
6,55,49,2,6,2,-1,32,0,0,-1,61
6,55,49,3,6,2,-1,128,0,0,-1,62
6,55,50,1,6,2,-1,7,0,0,-1,59
6,55,50,2,6,2,-1,31,0,0,-1,61
6,55,50,3,6,2,-1,124,0,0,-1,62
6,55,51,1,6,1,-1,6,0,0,-1,59
6,55,51,2,6,1,-1,31,0,0,-1,61
6,55,51,3,6,1,-1,124,0,0,-1,62
6,55,52,1,6,2,-1,8,0,0,-1,59
6,55,52,2,6,2,-1,32,0,0,-1,61
6,55,52,3,6,2,-1,128,0,0,-1,62
6,55,53,1,6,1,-1,8,0,0,-1,59
6,55,53,2,6,1,-1,32,0,0,-1,61
6,55,53,3,6,1,-1,128,0,0,-1,62
6,55,54,1,6,1,-1,8,0,0,-1,59
6,55,54,2,6,1,-1,32,0,0,-1,61
6,55,54,3,6,1,-1,64,0,0,-1,62
6,55,56,1,6,4,-1,8,0,0,-1,59
6,55,56,2,6,4,-1,31,0,0,-1,61
6,55,56,3,6,4,-1,124,0,0,-1,62
6,55,57,1,6,3,-1,8,0,0,-1,59
6,55,57,2,6,3,-1,32,0,0,-1,61
6,55,57,3,6,3,-1,128,0,0,-1,62
6,55,58,1,6,3,-1,8,0,0,-1,59
6,55,58,2,6,3,-1,32,0,0,-1,61
6,55,58,3,6,3,-1,128,0,0,-1,62
6,55,59,1,6,2,-1,6,0,2,-1,63
6,55,59,2,6,2,-1,30,0,0,-1,61
6,55,59,3,6,2,-1,128,0,0,-1,62
6,55,60,1,6,3,-1,8,0,0,-1,59
6,55,60,2,6,3,-1,32,0,0,-1,61
6,55,60,3,6,3,-1,110,0,0,-1,62
6,55,61,1,6,2,-1,8,0,0,-1,59
6,55,61,2,6,2,-1,16,0,16,-1,31
6,55,61,3,6,2,-1,128,0,0,-1,62
6,55,62,1,6,2,-1,8,0,0,-1,59
6,55,62,2,6,2,-1,32,0,0,-1,61
6,55,62,3,6,2,-1,0,64,64,0,55
6,55,63,1,6,1,-1,4,0,0,-1,59
6,55,63,2,6,1,-1,16,0,0,-1,61
6,55,63,3,6,1,-1,64,0,0,-1,62
6,56,0,1,6,3,-1,5,0,0,-1,25
6,56,0,2,6,3,-1,22,0,0,-1,42
6,56,0,3,6,3,-1,95,0,0,-1,21
6,56,1,1,6,4,-1,8,0,0,-1,25
6,56,1,2,6,4,-1,30,0,0,-1,42
6,56,1,3,6,4,-1,122,0,0,-1,21
6,56,2,1,6,4,-1,8,0,0,-1,25
6,56,2,2,6,4,-1,27,0,0,-1,42
6,56,2,3,6,4,-1,128,0,0,-1,21
6,56,3,1,6,5,-1,8,0,0,-1,25
6,56,3,2,6,5,-1,32,0,0,-1,42
6,56,3,3,6,5,-1,128,0,0,-1,21
6,56,4,1,6,4,-1,8,0,0,-1,25
6,56,4,2,6,4,-1,31,0,0,-1,42
6,56,4,3,6,4,-1,124,0,0,-1,21
6,56,5,1,6,5,-1,8,0,0,-1,25
6,56,5,2,6,5,-1,30,0,0,-1,42
6,56,5,3,6,5,-1,121,0,0,-1,21
6,56,6,1,6,5,-1,8,0,0,-1,25
6,56,6,2,6,5,-1,31,0,0,-1,42
6,56,6,3,6,5,-1,128,0,0,-1,21
6,56,7,1,6,6,-1,8,0,0,-1,25
6,56,7,2,6,6,-1,32,0,0,-1,42
6,56,7,3,6,6,-1,112,0,0,-1,21
6,56,8,1,6,2,-1,8,0,0,-1,25
6,56,8,2,6,2,-1,32,0,0,-1,42
6,56,8,3,6,2,-1,128,0,0,-1,21
6,56,9,1,6,3,-1,7,0,0,-1,25
6,56,9,2,6,3,-1,32,0,0,-1,42
6,56,9,3,6,3,-1,122,0,0,-1,21
6,56,10,1,6,3,-1,8,0,0,-1,25
6,56,10,2,6,3,-1,32,0,0,-1,42
6,56,10,3,6,3,-1,128,0,0,-1,21
6,56,11,1,6,4,-1,7,0,0,-1,25
6,56,11,2,6,4,-1,32,0,0,-1,42
6,56,11,3,6,4,-1,128,0,0,-1,21
6,56,12,1,6,3,-1,8,0,0,-1,25
6,56,12,2,6,3,-1,31,0,0,-1,42
6,56,12,3,6,3,-1,128,0,0,-1,21
6,56,13,1,6,4,-1,8,0,0,-1,25
6,56,13,2,6,4,-1,32,0,0,-1,42
6,56,13,3,6,4,-1,128,0,0,-1,21
6,56,14,1,6,4,-1,8,0,0,-1,25
6,56,14,2,6,4,-1,30,0,0,-1,42
6,56,14,3,6,4,-1,128,0,0,-1,21
6,56,15,1,6,5,-1,8,0,0,-1,25
6,56,15,2,6,5,-1,32,0,0,-1,42
6,56,15,3,6,5,-1,128,0,0,-1,21
6,56,16,1,6,2,-1,8,0,0,-1,25
6,56,16,2,6,2,-1,30,0,0,-1,42
6,56,16,3,6,2,-1,122,0,0,-1,21
6,56,17,1,6,3,-1,8,0,0,-1,25
6,56,17,2,6,3,-1,29,0,0,-1,42
6,56,17,3,6,3,-1,128,0,0,-1,21
6,56,18,1,6,3,-1,8,0,0,-1,25
6,56,18,2,6,3,-1,31,0,0,-1,42
6,56,18,3,6,3,-1,124,0,0,-1,21
6,56,19,1,6,4,-1,8,0,0,-1,25
6,56,19,2,6,4,-1,32,0,0,-1,42
6,56,19,3,6,4,-1,128,0,0,-1,21
6,56,20,1,6,3,-1,7,0,0,-1,25
6,56,20,2,6,3,-1,30,0,0,-1,42
6,56,20,3,6,3,-1,126,0,0,-1,21
6,56,21,1,6,4,-1,8,0,0,-1,25
6,56,21,2,6,4,-1,27,0,0,-1,42
6,56,21,3,6,4,-1,119,0,3,-1,23
6,56,22,1,6,4,-1,8,0,0,-1,25
6,56,22,2,6,4,-1,31,0,0,-1,42
6,56,22,3,6,4,-1,127,0,0,-1,21
6,56,23,1,6,5,-1,8,0,0,-1,25
6,56,23,2,6,5,-1,30,0,0,-1,42
6,56,23,3,6,5,-1,121,0,0,-1,21
6,56,24,1,6,1,-1,6,0,0,-1,25
6,56,24,2,6,1,-1,28,0,0,-1,42
6,56,24,3,6,1,-1,126,0,0,-1,21
6,56,25,1,6,2,-1,6,0,1,-1,27
6,56,25,2,6,2,-1,27,0,0,-1,42
6,56,25,3,6,2,-1,127,0,0,-1,21
6,56,26,1,6,2,-1,8,0,0,-1,25
6,56,26,2,6,2,-1,30,0,0,-1,42
6,56,26,3,6,2,-1,125,0,0,-1,21
6,56,27,1,6,3,-1,7,0,0,-1,25
6,56,27,2,6,3,-1,32,0,0,-1,42
6,56,27,3,6,3,-1,122,0,0,-1,21
6,56,28,1,6,2,-1,8,0,0,-1,25
6,56,28,2,6,2,-1,30,0,0,-1,42
6,56,28,3,6,2,-1,126,0,0,-1,21
6,56,29,1,6,3,-1,8,0,0,-1,25
6,56,29,2,6,3,-1,29,0,0,-1,42
6,56,29,3,6,3,-1,128,0,0,-1,21
6,56,30,1,6,3,-1,8,0,0,-1,25
6,56,30,2,6,3,-1,32,0,0,-1,42
6,56,30,3,6,3,-1,126,0,0,-1,21
6,56,31,1,6,4,-1,8,0,0,-1,25
6,56,31,2,6,4,-1,30,0,0,-1,42
6,56,31,3,6,4,-1,122,0,0,-1,21
6,56,32,1,6,2,-1,8,0,0,-1,25
6,56,32,2,6,2,-1,32,0,0,-1,42
6,56,32,3,6,2,-1,128,0,0,-1,21
6,56,33,1,6,3,-1,8,0,0,-1,25
6,56,33,2,6,3,-1,32,0,0,-1,42
6,56,33,3,6,3,-1,126,0,0,-1,21
6,56,34,1,6,3,-1,8,0,0,-1,25
6,56,34,2,6,3,-1,26,0,0,-1,42
6,56,34,3,6,3,-1,128,0,0,-1,21
6,56,35,1,6,4,-1,8,0,0,-1,25
6,56,35,2,6,4,-1,30,0,0,-1,42
6,56,35,3,6,4,-1,128,0,0,-1,21
6,56,36,1,6,3,-1,8,0,0,-1,25
6,56,36,2,6,3,-1,32,0,0,-1,42
6,56,36,3,6,3,-1,116,0,0,-1,21
6,56,37,1,6,4,-1,8,0,0,-1,25
6,56,37,2,6,4,-1,31,0,0,-1,42
6,56,37,3,6,4,-1,127,0,0,-1,21
6,56,38,1,6,4,-1,8,0,0,-1,25
6,56,38,2,6,4,-1,31,0,0,-1,42
6,56,38,3,6,4,-1,128,0,0,-1,21
6,56,39,1,6,5,-1,8,0,0,-1,25
6,56,39,2,6,5,-1,31,0,0,-1,42
6,56,39,3,6,5,-1,128,0,0,-1,21
6,56,40,1,6,1,-1,8,0,0,-1,25
6,56,40,2,6,1,-1,32,0,0,-1,42
6,56,40,3,6,1,-1,128,0,0,-1,21
6,56,41,1,6,2,-1,8,0,0,-1,25
6,56,41,2,6,2,-1,30,0,0,-1,42
6,56,41,3,6,2,-1,125,0,0,-1,21
6,56,42,1,6,2,-1,8,0,0,-1,25
6,56,42,2,6,2,-1,19,0,2,-1,46
6,56,42,3,6,2,-1,128,0,0,-1,21
6,56,43,1,6,3,-1,8,0,0,-1,25
6,56,43,2,6,3,-1,32,0,0,-1,42
6,56,43,3,6,3,-1,128,0,0,-1,21
6,56,44,1,6,2,-1,8,0,0,-1,25
6,56,44,2,6,2,-1,32,0,0,-1,42
6,56,44,3,6,2,-1,128,0,0,-1,21
6,56,45,1,6,3,-1,8,0,0,-1,25
6,56,45,2,6,3,-1,31,0,0,-1,42
6,56,45,3,6,3,-1,124,0,0,-1,21
6,56,46,1,6,3,-1,8,0,0,-1,25
6,56,46,2,6,3,-1,26,0,0,-1,42
6,56,46,3,6,3,-1,128,0,0,-1,21
6,56,47,1,6,4,-1,8,0,0,-1,25
6,56,47,2,6,4,-1,27,0,0,-1,42
6,56,47,3,6,4,-1,128,0,0,-1,21
6,56,48,1,6,1,-1,8,0,0,-1,25
6,56,48,2,6,1,-1,32,0,0,-1,42
6,56,48,3,6,1,-1,128,0,0,-1,21
6,56,49,1,6,2,-1,8,0,0,-1,25
6,56,49,2,6,2,-1,30,0,0,-1,42
6,56,49,3,6,2,-1,126,0,0,-1,21
6,56,50,1,6,2,-1,8,0,0,-1,25
6,56,50,2,6,2,-1,32,0,0,-1,42
6,56,50,3,6,2,-1,128,0,0,-1,21
6,56,51,1,6,3,-1,8,0,0,-1,25
6,56,51,2,6,3,-1,31,0,0,-1,42
6,56,51,3,6,3,-1,128,0,0,-1,21
6,56,52,1,6,2,-1,8,0,0,-1,25
6,56,52,2,6,2,-1,32,0,0,-1,42
6,56,52,3,6,2,-1,128,0,0,-1,21
6,56,53,1,6,3,-1,7,0,0,-1,25
6,56,53,2,6,3,-1,30,0,0,-1,42
6,56,53,3,6,3,-1,126,0,0,-1,21
6,56,54,1,6,3,-1,8,0,0,-1,25
6,56,54,2,6,3,-1,32,0,0,-1,42
6,56,54,3,6,3,-1,116,0,0,-1,21
6,56,55,1,6,4,-1,8,0,0,-1,25
6,56,55,2,6,4,-1,31,0,0,-1,42
6,56,55,3,6,4,-1,124,0,0,-1,21
6,56,57,1,6,1,-1,6,0,0,-1,25
6,56,57,2,6,1,-1,28,0,0,-1,42
6,56,57,3,6,1,-1,126,0,0,-1,21
6,56,58,1,6,1,-1,8,0,0,-1,25
6,56,58,2,6,1,-1,32,0,0,-1,42
6,56,58,3,6,1,-1,128,0,0,-1,21
6,56,59,1,6,2,-1,8,0,0,-1,25
6,56,59,2,6,2,-1,32,0,0,-1,42
6,56,59,3,6,2,-1,128,0,0,-1,21
6,56,60,1,6,1,-1,8,0,0,-1,25
6,56,60,2,6,1,-1,32,0,0,-1,42
6,56,60,3,6,1,-1,128,0,0,-1,21
6,56,61,1,6,2,-1,8,0,0,-1,25
6,56,61,2,6,2,-1,30,0,0,-1,42
6,56,61,3,6,2,-1,122,0,0,-1,21
6,56,62,1,6,2,-1,8,0,0,-1,25
6,56,62,2,6,2,-1,32,0,0,-1,42
6,56,62,3,6,2,-1,128,0,0,-1,21
6,56,63,1,6,3,-1,5,0,0,-1,25
6,56,63,2,6,3,-1,22,0,0,-1,42
6,56,63,3,6,3,-1,95,0,0,-1,21
6,57,0,1,6,4,-1,5,0,0,-1,58
6,57,0,2,6,4,-1,22,0,0,-1,29
6,57,0,3,6,4,-1,99,0,0,-1,46
6,57,1,1,6,3,-1,8,0,0,-1,58
6,57,1,2,6,3,-1,32,0,0,-1,29
6,57,1,3,6,3,-1,128,0,0,-1,46
6,57,2,1,6,5,-1,8,0,0,-1,58
6,57,2,2,6,5,-1,31,0,0,-1,29
6,57,2,3,6,5,-1,121,0,0,-1,46
6,57,3,1,6,4,-1,8,0,0,-1,58
6,57,3,2,6,4,-1,32,0,0,-1,29
6,57,3,3,6,4,-1,128,0,0,-1,46
6,57,4,1,6,5,-1,8,0,0,-1,58
6,57,4,2,6,5,-1,32,0,0,-1,29
6,57,4,3,6,5,-1,128,0,0,-1,46
6,57,5,1,6,4,-1,8,0,0,-1,58
6,57,5,2,6,4,-1,29,0,0,-1,29
6,57,5,3,6,4,-1,128,0,0,-1,46
6,57,6,1,6,6,-1,8,0,0,-1,58
6,57,6,2,6,6,-1,32,0,0,-1,29
6,57,6,3,6,6,-1,128,0,0,-1,46
6,57,7,1,6,5,-1,8,0,0,-1,58
6,57,7,2,6,5,-1,32,0,0,-1,29
6,57,7,3,6,5,-1,128,0,0,-1,46
6,57,8,1,6,3,-1,8,0,0,-1,58
6,57,8,2,6,3,-1,32,0,0,-1,29
6,57,8,3,6,3,-1,120,0,0,-1,46
6,57,9,1,6,2,-1,8,0,0,-1,58
6,57,9,2,6,2,-1,32,0,0,-1,29
6,57,9,3,6,2,-1,124,0,0,-1,46
6,57,10,1,6,4,-1,7,0,0,-1,58
6,57,10,2,6,4,-1,31,0,0,-1,29
6,57,10,3,6,4,-1,120,0,0,-1,46
6,57,11,1,6,3,-1,8,0,0,-1,58
6,57,11,2,6,3,-1,31,0,0,-1,29
6,57,11,3,6,3,-1,125,0,0,-1,46
6,57,12,1,6,4,-1,8,0,0,-1,58
6,57,12,2,6,4,-1,32,0,0,-1,29
6,57,12,3,6,4,-1,126,0,0,-1,46
6,57,13,1,6,3,-1,8,0,0,-1,58
6,57,13,2,6,3,-1,32,0,0,-1,29
6,57,13,3,6,3,-1,128,0,0,-1,46
6,57,14,1,6,5,-1,8,0,0,-1,58
6,57,14,2,6,5,-1,31,0,0,-1,29
6,57,14,3,6,5,-1,128,0,0,-1,46
6,57,15,1,6,4,-1,8,0,0,-1,58
6,57,15,2,6,4,-1,32,0,0,-1,29
6,57,15,3,6,4,-1,126,0,0,-1,46
6,57,16,1,6,3,-1,8,0,0,-1,58
6,57,16,2,6,3,-1,31,0,0,-1,29
6,57,16,3,6,3,-1,128,0,0,-1,46
6,57,17,1,6,2,-1,8,0,0,-1,58
6,57,17,2,6,2,-1,32,0,0,-1,29
6,57,17,3,6,2,-1,128,0,0,-1,46
6,57,18,1,6,4,-1,8,0,0,-1,58
6,57,18,2,6,4,-1,32,0,0,-1,29
6,57,18,3,6,4,-1,124,0,0,-1,46
6,57,19,1,6,3,-1,8,0,0,-1,58
6,57,19,2,6,3,-1,30,0,0,-1,29
6,57,19,3,6,3,-1,128,0,0,-1,46
6,57,20,1,6,4,-1,8,0,0,-1,58
6,57,20,2,6,4,-1,32,0,0,-1,29
6,57,20,3,6,4,-1,128,0,0,-1,46
6,57,21,1,6,3,-1,8,0,0,-1,58
6,57,21,2,6,3,-1,15,0,0,-1,29
6,57,21,3,6,3,-1,128,0,0,-1,46
6,57,22,1,6,5,-1,8,0,0,-1,58
6,57,22,2,6,5,-1,31,0,0,-1,29
6,57,22,3,6,5,-1,128,0,0,-1,46
6,57,23,1,6,4,-1,8,0,0,-1,58
6,57,23,2,6,4,-1,32,0,0,-1,29
6,57,23,3,6,4,-1,128,0,0,-1,46
6,57,24,1,6,2,-1,8,0,0,-1,58
6,57,24,2,6,2,-1,30,0,0,-1,29
6,57,24,3,6,2,-1,128,0,0,-1,46
6,57,25,1,6,1,-1,8,0,0,-1,58
6,57,25,2,6,1,-1,32,0,0,-1,29
6,57,25,3,6,1,-1,128,0,0,-1,46
6,57,26,1,6,3,-1,7,0,0,-1,58
6,57,26,2,6,3,-1,32,0,0,-1,29
6,57,26,3,6,3,-1,128,0,0,-1,46
6,57,27,1,6,2,-1,8,0,0,-1,58
6,57,27,2,6,2,-1,32,0,0,-1,29
6,57,27,3,6,2,-1,123,0,0,-1,46
6,57,28,1,6,3,-1,8,0,0,-1,58
6,57,28,2,6,3,-1,31,0,0,-1,29
6,57,28,3,6,3,-1,128,0,0,-1,46
6,57,29,1,6,2,-1,8,0,0,-1,58
6,57,29,2,6,2,-1,24,0,8,-1,31
6,57,29,3,6,2,-1,128,0,0,-1,46
6,57,30,1,6,4,-1,8,0,0,-1,58
6,57,30,2,6,4,-1,32,0,0,-1,29
6,57,30,3,6,4,-1,128,0,0,-1,46
6,57,31,1,6,3,-1,8,0,0,-1,58
6,57,31,2,6,3,-1,27,0,0,-1,29
6,57,31,3,6,3,-1,128,0,0,-1,46
6,57,32,1,6,3,-1,8,0,0,-1,58
6,57,32,2,6,3,-1,32,0,0,-1,29
6,57,32,3,6,3,-1,127,0,0,-1,46
6,57,33,1,6,2,-1,8,0,0,-1,58
6,57,33,2,6,2,-1,32,0,0,-1,29
6,57,33,3,6,2,-1,128,0,0,-1,46
6,57,34,1,6,4,-1,8,0,0,-1,58
6,57,34,2,6,4,-1,28,0,0,-1,29
6,57,34,3,6,4,-1,128,0,0,-1,46
6,57,35,1,6,3,-1,8,0,0,-1,58
6,57,35,2,6,3,-1,32,0,0,-1,29
6,57,35,3,6,3,-1,126,0,0,-1,46
6,57,36,1,6,4,-1,8,0,0,-1,58
6,57,36,2,6,4,-1,31,0,0,-1,29
6,57,36,3,6,4,-1,123,0,0,-1,46
6,57,37,1,6,3,-1,8,0,0,-1,58
6,57,37,2,6,3,-1,32,0,0,-1,29
6,57,37,3,6,3,-1,128,0,0,-1,46
6,57,38,1,6,5,-1,8,0,0,-1,58
6,57,38,2,6,5,-1,32,0,0,-1,29
6,57,38,3,6,5,-1,121,0,0,-1,46
6,57,39,1,6,4,-1,8,0,0,-1,58
6,57,39,2,6,4,-1,32,0,0,-1,29
6,57,39,3,6,4,-1,128,0,0,-1,46
6,57,40,1,6,2,-1,7,0,0,-1,58
6,57,40,2,6,2,-1,32,0,0,-1,29
6,57,40,3,6,2,-1,128,0,0,-1,46
6,57,41,1,6,1,-1,8,0,0,-1,58
6,57,41,2,6,1,-1,32,0,0,-1,29
6,57,41,3,6,1,-1,128,0,0,-1,46
6,57,42,1,6,3,-1,7,0,0,-1,58
6,57,42,2,6,3,-1,26,0,0,-1,29
6,57,42,3,6,3,-1,128,0,0,-1,46
6,57,43,1,6,2,-1,8,0,0,-1,58
6,57,43,2,6,2,-1,31,0,0,-1,29
6,57,43,3,6,2,-1,126,0,0,-1,46
6,57,44,1,6,3,-1,8,0,0,-1,58
6,57,44,2,6,3,-1,31,0,0,-1,29
6,57,44,3,6,3,-1,126,0,0,-1,46
6,57,45,1,6,2,-1,8,0,0,-1,58
6,57,45,2,6,2,-1,32,0,0,-1,29
6,57,45,3,6,2,-1,124,0,0,-1,46
6,57,46,1,6,4,-1,8,0,0,-1,58
6,57,46,2,6,4,-1,31,0,0,-1,29
6,57,46,3,6,4,-1,114,0,8,-1,40
6,57,47,1,6,3,-1,8,0,0,-1,58
6,57,47,2,6,3,-1,32,0,0,-1,29
6,57,47,3,6,3,-1,110,0,0,-1,46
6,57,48,1,6,2,-1,8,0,0,-1,58
6,57,48,2,6,2,-1,30,0,0,-1,29
6,57,48,3,6,2,-1,124,0,0,-1,46
6,57,49,1,6,1,-1,8,0,0,-1,58
6,57,49,2,6,1,-1,32,0,0,-1,29
6,57,49,3,6,1,-1,128,0,0,-1,46
6,57,50,1,6,3,-1,8,0,0,-1,58
6,57,50,2,6,3,-1,28,0,0,-1,29
6,57,50,3,6,3,-1,125,0,0,-1,46
6,57,51,1,6,2,-1,8,0,0,-1,58
6,57,51,2,6,2,-1,30,0,0,-1,29
6,57,51,3,6,2,-1,128,0,0,-1,46
6,57,52,1,6,3,-1,7,0,0,-1,58
6,57,52,2,6,3,-1,29,0,0,-1,29
6,57,52,3,6,3,-1,126,0,0,-1,46
6,57,53,1,6,2,-1,8,0,0,-1,58
6,57,53,2,6,2,-1,32,0,0,-1,29
6,57,53,3,6,2,-1,128,0,0,-1,46
6,57,54,1,6,4,-1,8,0,0,-1,58
6,57,54,2,6,4,-1,32,0,0,-1,29
6,57,54,3,6,4,-1,117,0,0,-1,46
6,57,55,1,6,3,-1,8,0,0,-1,58
6,57,55,2,6,3,-1,32,0,0,-1,29
6,57,55,3,6,3,-1,128,0,0,-1,46
6,57,56,1,6,1,-1,6,0,0,-1,58
6,57,56,2,6,1,-1,28,0,0,-1,29
6,57,56,3,6,1,-1,126,0,0,-1,46
6,57,58,1,6,2,-1,6,0,1,-1,62
6,57,58,2,6,2,-1,29,0,0,-1,29
6,57,58,3,6,2,-1,128,0,0,-1,46
6,57,59,1,6,1,-1,6,0,0,-1,58
6,57,59,2,6,1,-1,31,0,0,-1,29
6,57,59,3,6,1,-1,124,0,0,-1,46
6,57,60,1,6,2,-1,8,0,0,-1,58
6,57,60,2,6,2,-1,30,0,0,-1,29
6,57,60,3,6,2,-1,128,0,0,-1,46
6,57,61,1,6,1,-1,8,0,0,-1,58
6,57,61,2,6,1,-1,32,0,0,-1,29
6,57,61,3,6,1,-1,128,0,0,-1,46
6,57,62,1,6,3,-1,8,0,0,-1,58
6,57,62,2,6,3,-1,29,0,0,-1,29
6,57,62,3,6,3,-1,119,0,0,-1,46
6,57,63,1,6,2,-1,5,0,0,-1,58
6,57,63,2,6,2,-1,20,0,0,-1,29
6,57,63,3,6,2,-1,80,0,0,-1,46
6,58,0,1,6,4,-1,5,0,0,-1,29
6,58,0,2,6,4,-1,21,0,0,-1,46
6,58,0,3,6,4,-1,93,0,0,-1,23
6,58,1,1,6,5,-1,8,0,0,-1,29
6,58,1,2,6,5,-1,29,0,0,-1,46
6,58,1,3,6,5,-1,126,0,0,-1,23
6,58,2,1,6,3,-1,8,0,0,-1,29
6,58,2,2,6,3,-1,30,0,0,-1,46
6,58,2,3,6,3,-1,128,0,0,-1,23
6,58,3,1,6,4,-1,8,0,0,-1,29
6,58,3,2,6,4,-1,29,0,0,-1,46
6,58,3,3,6,4,-1,128,0,0,-1,23
6,58,4,1,6,5,-1,8,0,0,-1,29
6,58,4,2,6,5,-1,29,0,0,-1,46
6,58,4,3,6,5,-1,125,0,0,-1,23
6,58,5,1,6,6,-1,8,0,0,-1,29
6,58,5,2,6,6,-1,24,0,0,-1,46
6,58,5,3,6,6,-1,128,0,0,-1,23
6,58,6,1,6,4,-1,7,0,0,-1,29
6,58,6,2,6,4,-1,31,0,0,-1,46
6,58,6,3,6,4,-1,120,0,0,-1,23
6,58,7,1,6,5,-1,8,0,0,-1,29
6,58,7,2,6,5,-1,30,0,0,-1,46
6,58,7,3,6,5,-1,121,0,0,-1,23
6,58,8,1,6,3,-1,8,0,0,-1,29
6,58,8,2,6,3,-1,31,0,0,-1,46
6,58,8,3,6,3,-1,128,0,0,-1,23
6,58,9,1,6,4,-1,8,0,0,-1,29
6,58,9,2,6,4,-1,31,0,0,-1,46
6,58,9,3,6,4,-1,124,0,0,-1,23
6,58,10,1,6,2,-1,8,0,0,-1,29
6,58,10,2,6,2,-1,30,0,0,-1,46
6,58,10,3,6,2,-1,128,0,0,-1,23
6,58,11,1,6,3,-1,8,0,0,-1,29
6,58,11,2,6,3,-1,31,0,0,-1,46
6,58,11,3,6,3,-1,128,0,0,-1,23
6,58,12,1,6,4,-1,8,0,0,-1,29
6,58,12,2,6,4,-1,32,0,0,-1,46
6,58,12,3,6,4,-1,128,0,0,-1,23
6,58,13,1,6,5,-1,8,0,0,-1,29
6,58,13,2,6,5,-1,32,0,0,-1,46
6,58,13,3,6,5,-1,128,0,0,-1,23
6,58,14,1,6,3,-1,8,0,0,-1,29
6,58,14,2,6,3,-1,32,0,0,-1,46
6,58,14,3,6,3,-1,128,0,0,-1,23
6,58,15,1,6,4,-1,8,0,0,-1,29
6,58,15,2,6,4,-1,32,0,0,-1,46
6,58,15,3,6,4,-1,128,0,0,-1,23
6,58,16,1,6,3,-1,8,0,0,-1,29
6,58,16,2,6,3,-1,31,0,0,-1,46
6,58,16,3,6,3,-1,127,0,0,-1,23
6,58,17,1,6,4,-1,8,0,0,-1,29
6,58,17,2,6,4,-1,32,0,0,-1,46
6,58,17,3,6,4,-1,128,0,0,-1,23
6,58,18,1,6,2,-1,8,0,0,-1,29
6,58,18,2,6,2,-1,30,0,0,-1,46
6,58,18,3,6,2,-1,121,0,0,-1,23
6,58,19,1,6,3,-1,8,0,0,-1,29
6,58,19,2,6,3,-1,31,0,0,-1,46
6,58,19,3,6,3,-1,119,0,0,-1,23
6,58,20,1,6,4,-1,8,0,0,-1,29
6,58,20,2,6,4,-1,30,0,0,-1,46
6,58,20,3,6,4,-1,128,0,0,-1,23
6,58,21,1,6,5,-1,7,0,0,-1,29
6,58,21,2,6,5,-1,22,0,0,-1,46
6,58,21,3,6,5,-1,122,0,0,-1,23
6,58,22,1,6,3,-1,8,0,0,-1,29
6,58,22,2,6,3,-1,31,0,0,-1,46
6,58,22,3,6,3,-1,127,0,0,-1,23
6,58,23,1,6,4,-1,8,0,0,-1,29
6,58,23,2,6,4,-1,28,0,0,-1,46
6,58,23,3,6,4,-1,104,0,8,-1,14
6,58,24,1,6,2,-1,7,0,0,-1,29
6,58,24,2,6,2,-1,32,0,0,-1,46
6,58,24,3,6,2,-1,128,0,0,-1,23
6,58,25,1,6,3,-1,6,0,0,-1,29
6,58,25,2,6,3,-1,32,0,0,-1,46
6,58,25,3,6,3,-1,124,0,0,-1,23
6,58,26,1,6,1,-1,8,0,0,-1,29
6,58,26,2,6,1,-1,32,0,0,-1,46
6,58,26,3,6,1,-1,125,0,0,-1,23
6,58,27,1,6,2,-1,8,0,0,-1,29
6,58,27,2,6,2,-1,32,0,0,-1,46
6,58,27,3,6,2,-1,114,0,0,-1,23
6,58,28,1,6,3,-1,7,0,0,-1,29
6,58,28,2,6,3,-1,30,0,0,-1,46
6,58,28,3,6,3,-1,126,0,0,-1,23
6,58,29,1,6,4,-1,6,0,2,-1,61
6,58,29,2,6,4,-1,32,0,0,-1,46
6,58,29,3,6,4,-1,128,0,0,-1,23
6,58,30,1,6,2,-1,8,0,0,-1,29
6,58,30,2,6,2,-1,31,0,0,-1,46
6,58,30,3,6,2,-1,126,0,0,-1,23
6,58,31,1,6,3,-1,8,0,0,-1,29
6,58,31,2,6,3,-1,32,0,0,-1,46
6,58,31,3,6,3,-1,109,0,0,-1,23
6,58,32,1,6,3,-1,8,0,0,-1,29
6,58,32,2,6,3,-1,32,0,0,-1,46
6,58,32,3,6,3,-1,128,0,0,-1,23
6,58,33,1,6,4,-1,8,0,0,-1,29
6,58,33,2,6,4,-1,28,0,0,-1,46
6,58,33,3,6,4,-1,128,0,0,-1,23
6,58,34,1,6,2,-1,8,0,0,-1,29
6,58,34,2,6,2,-1,32,0,0,-1,46
6,58,34,3,6,2,-1,128,0,0,-1,23
6,58,35,1,6,3,-1,8,0,0,-1,29
6,58,35,2,6,3,-1,26,0,0,-1,46
6,58,35,3,6,3,-1,128,0,0,-1,23
6,58,36,1,6,4,-1,8,0,0,-1,29
6,58,36,2,6,4,-1,32,0,0,-1,46
6,58,36,3,6,4,-1,118,0,0,-1,23
6,58,37,1,6,5,-1,8,0,0,-1,29
6,58,37,2,6,5,-1,31,0,0,-1,46
6,58,37,3,6,5,-1,119,0,0,-1,23
6,58,38,1,6,3,-1,8,0,0,-1,29
6,58,38,2,6,3,-1,32,0,0,-1,46
6,58,38,3,6,3,-1,115,0,0,-1,23
6,58,39,1,6,4,-1,8,0,0,-1,29
6,58,39,2,6,4,-1,31,0,0,-1,46
6,58,39,3,6,4,-1,114,0,0,-1,23
6,58,40,1,6,2,-1,8,0,0,-1,29
6,58,40,2,6,2,-1,32,0,0,-1,46
6,58,40,3,6,2,-1,128,0,0,-1,23
6,58,41,1,6,3,-1,8,0,0,-1,29
6,58,41,2,6,3,-1,26,0,0,-1,46
6,58,41,3,6,3,-1,127,0,0,-1,23
6,58,42,1,6,1,-1,8,0,0,-1,29
6,58,42,2,6,1,-1,16,0,0,-1,46
6,58,42,3,6,1,-1,128,0,0,-1,23
6,58,43,1,6,2,-1,8,0,0,-1,29
6,58,43,2,6,2,-1,16,0,0,-1,46
6,58,43,3,6,2,-1,128,0,0,-1,23
6,58,44,1,6,3,-1,8,0,0,-1,29
6,58,44,2,6,3,-1,32,0,0,-1,46
6,58,44,3,6,3,-1,128,0,0,-1,23
6,58,45,1,6,4,-1,8,0,0,-1,29
6,58,45,2,6,4,-1,26,0,0,-1,46
6,58,45,3,6,4,-1,120,0,0,-1,23
6,58,46,1,6,2,-1,8,0,0,-1,29
6,58,46,2,6,2,-1,16,0,16,-1,43
6,58,46,3,6,2,-1,128,0,0,-1,23
6,58,47,1,6,3,-1,8,0,0,-1,29
6,58,47,2,6,3,-1,32,0,0,-1,46
6,58,47,3,6,3,-1,128,0,0,-1,23
6,58,48,1,6,2,-1,8,0,0,-1,29
6,58,48,2,6,2,-1,32,0,0,-1,46
6,58,48,3,6,2,-1,128,0,0,-1,23
6,58,49,1,6,3,-1,8,0,0,-1,29
6,58,49,2,6,3,-1,29,0,0,-1,46
6,58,49,3,6,3,-1,128,0,0,-1,23
6,58,50,1,6,1,-1,8,0,0,-1,29
6,58,50,2,6,1,-1,32,0,0,-1,46
6,58,50,3,6,1,-1,128,0,0,-1,23
6,58,51,1,6,2,-1,8,0,0,-1,29
6,58,51,2,6,2,-1,24,0,0,-1,46
6,58,51,3,6,2,-1,128,0,0,-1,23
6,58,52,1,6,3,-1,8,0,0,-1,29
6,58,52,2,6,3,-1,32,0,0,-1,46
6,58,52,3,6,3,-1,128,0,0,-1,23
6,58,53,1,6,4,-1,6,0,0,-1,29
6,58,53,2,6,4,-1,32,0,0,-1,46
6,58,53,3,6,4,-1,128,0,0,-1,23
6,58,54,1,6,2,-1,8,0,0,-1,29
6,58,54,2,6,2,-1,32,0,0,-1,46
6,58,54,3,6,2,-1,112,0,0,-1,23
6,58,55,1,6,3,-1,8,0,0,-1,29
6,58,55,2,6,3,-1,32,0,0,-1,46
6,58,55,3,6,3,-1,128,0,0,-1,23
6,58,56,1,6,1,-1,8,0,0,-1,29
6,58,56,2,6,1,-1,32,0,0,-1,46
6,58,56,3,6,1,-1,128,0,0,-1,23
6,58,57,1,6,2,-1,6,0,0,-1,29
6,58,57,2,6,2,-1,29,0,0,-1,46
6,58,57,3,6,2,-1,128,0,0,-1,23
6,58,59,1,6,1,-1,8,0,0,-1,29
6,58,59,2,6,1,-1,32,0,0,-1,46
6,58,59,3,6,1,-1,128,0,0,-1,23
6,58,60,1,6,2,-1,8,0,0,-1,29
6,58,60,2,6,2,-1,32,0,0,-1,46
6,58,60,3,6,2,-1,128,0,0,-1,23
6,58,61,1,6,3,-1,7,0,0,-1,29
6,58,61,2,6,3,-1,31,0,0,-1,46
6,58,61,3,6,3,-1,128,0,0,-1,23
6,58,62,1,6,1,-1,8,0,0,-1,29
6,58,62,2,6,1,-1,32,0,0,-1,46
6,58,62,3,6,1,-1,128,0,0,-1,23
6,58,63,1,6,2,-1,4,0,0,-1,29
6,58,63,2,6,2,-1,16,0,0,-1,46
6,58,63,3,6,2,-1,64,0,0,-1,23
6,59,0,1,6,5,-1,5,0,0,-1,61
6,59,0,2,6,5,-1,20,0,0,-1,62
6,59,0,3,6,5,-1,96,0,0,-1,31
6,59,1,1,6,4,-1,8,0,0,-1,61
6,59,1,2,6,4,-1,32,0,0,-1,62
6,59,1,3,6,4,-1,128,0,0,-1,31
6,59,2,1,6,4,-1,8,0,0,-1,61
6,59,2,2,6,4,-1,32,0,0,-1,62
6,59,2,3,6,4,-1,128,0,0,-1,31
6,59,3,1,6,3,-1,8,0,0,-1,61
6,59,3,2,6,3,-1,32,0,0,-1,62
6,59,3,3,6,3,-1,128,0,0,-1,31
6,59,4,1,6,6,-1,8,0,0,-1,61
6,59,4,2,6,6,-1,24,0,0,-1,62
6,59,4,3,6,6,-1,128,0,0,-1,31
6,59,5,1,6,5,-1,8,0,0,-1,61
6,59,5,2,6,5,-1,29,0,0,-1,62
6,59,5,3,6,5,-1,126,0,0,-1,31
6,59,6,1,6,5,-1,8,0,0,-1,61
6,59,6,2,6,5,-1,31,0,0,-1,62
6,59,6,3,6,5,-1,121,0,0,-1,31
6,59,7,1,6,4,-1,8,0,0,-1,61
6,59,7,2,6,4,-1,30,0,0,-1,62
6,59,7,3,6,4,-1,122,0,0,-1,31
6,59,8,1,6,4,-1,8,0,0,-1,61
6,59,8,2,6,4,-1,30,0,0,-1,62
6,59,8,3,6,4,-1,128,0,0,-1,31
6,59,9,1,6,3,-1,8,0,0,-1,61
6,59,9,2,6,3,-1,30,0,0,-1,62
6,59,9,3,6,3,-1,124,0,0,-1,31
6,59,10,1,6,3,-1,8,0,0,-1,61
6,59,10,2,6,3,-1,30,0,0,-1,62
6,59,10,3,6,3,-1,128,0,0,-1,31
6,59,11,1,6,2,-1,8,0,0,-1,61
6,59,11,2,6,2,-1,32,0,0,-1,62
6,59,11,3,6,2,-1,128,0,0,-1,31
6,59,12,1,6,5,-1,8,0,0,-1,61
6,59,12,2,6,5,-1,32,0,0,-1,62
6,59,12,3,6,5,-1,128,0,0,-1,31
6,59,13,1,6,4,-1,8,0,0,-1,61
6,59,13,2,6,4,-1,32,0,0,-1,62
6,59,13,3,6,4,-1,115,0,0,-1,31
6,59,14,1,6,4,-1,8,0,0,-1,61
6,59,14,2,6,4,-1,27,0,0,-1,62
6,59,14,3,6,4,-1,128,0,0,-1,31
6,59,15,1,6,3,-1,8,0,0,-1,61
6,59,15,2,6,3,-1,27,0,0,-1,62
6,59,15,3,6,3,-1,128,0,0,-1,31
6,59,16,1,6,4,-1,8,0,0,-1,61
6,59,16,2,6,4,-1,32,0,0,-1,62
6,59,16,3,6,4,-1,124,0,0,-1,31
6,59,17,1,6,3,-1,8,0,0,-1,61
6,59,17,2,6,3,-1,31,0,0,-1,62
6,59,17,3,6,3,-1,127,0,0,-1,31
6,59,18,1,6,3,-1,8,0,0,-1,61
6,59,18,2,6,3,-1,30,0,0,-1,62
6,59,18,3,6,3,-1,124,0,0,-1,31
6,59,19,1,6,2,-1,8,0,0,-1,61
6,59,19,2,6,2,-1,32,0,0,-1,62
6,59,19,3,6,2,-1,128,0,0,-1,31
6,59,20,1,6,5,-1,8,0,0,-1,61
6,59,20,2,6,5,-1,29,0,0,-1,62
6,59,20,3,6,5,-1,125,0,0,-1,31
6,59,21,1,6,4,-1,7,0,0,-1,61
6,59,21,2,6,4,-1,20,0,0,-1,62
6,59,21,3,6,4,-1,124,0,0,-1,31
6,59,22,1,6,4,-1,8,0,0,-1,61
6,59,22,2,6,4,-1,31,0,0,-1,62
6,59,22,3,6,4,-1,122,0,0,-1,31
6,59,23,1,6,3,-1,8,0,0,-1,61
6,59,23,2,6,3,-1,32,0,0,-1,62
6,59,23,3,6,3,-1,109,0,0,-1,31
6,59,24,1,6,3,-1,8,0,0,-1,61
6,59,24,2,6,3,-1,32,0,0,-1,62
6,59,24,3,6,3,-1,120,0,0,-1,31
6,59,25,1,6,2,-1,7,0,0,-1,61
6,59,25,2,6,2,-1,31,0,0,-1,62
6,59,25,3,6,2,-1,124,0,0,-1,31
6,59,26,1,6,2,-1,8,0,0,-1,61
6,59,26,2,6,2,-1,32,0,0,-1,62
6,59,26,3,6,2,-1,128,0,0,-1,31
6,59,27,1,6,1,-1,8,0,0,-1,61
6,59,27,2,6,1,-1,32,0,0,-1,62
6,59,27,3,6,1,-1,64,0,0,-1,31
6,59,28,1,6,4,-1,8,0,0,-1,61
6,59,28,2,6,4,-1,31,0,0,-1,62
6,59,28,3,6,4,-1,124,0,0,-1,31
6,59,29,1,6,3,-1,8,0,0,-1,61
6,59,29,2,6,3,-1,32,0,0,-1,62
6,59,29,3,6,3,-1,128,0,0,-1,31
6,59,30,1,6,3,-1,8,0,0,-1,61
6,59,30,2,6,3,-1,32,0,0,-1,62
6,59,30,3,6,3,-1,110,0,0,-1,31
6,59,31,1,6,2,-1,8,0,0,-1,61
6,59,31,2,6,2,-1,32,0,0,-1,62
6,59,31,3,6,2,-1,0,64,64,0,59
6,59,32,1,6,4,-1,8,0,0,-1,61
6,59,32,2,6,4,-1,30,0,0,-1,62
6,59,32,3,6,4,-1,128,0,0,-1,31
6,59,33,1,6,3,-1,8,0,0,-1,61
6,59,33,2,6,3,-1,32,0,0,-1,62
6,59,33,3,6,3,-1,127,0,0,-1,31
6,59,34,1,6,3,-1,8,0,0,-1,61
6,59,34,2,6,3,-1,32,0,0,-1,62
6,59,34,3,6,3,-1,128,0,0,-1,31
6,59,35,1,6,2,-1,8,0,0,-1,61
6,59,35,2,6,2,-1,32,0,0,-1,62
6,59,35,3,6,2,-1,128,0,0,-1,31
6,59,36,1,6,5,-1,8,0,0,-1,61
6,59,36,2,6,5,-1,28,0,0,-1,62
6,59,36,3,6,5,-1,122,0,0,-1,31
6,59,37,1,6,4,-1,8,0,0,-1,61
6,59,37,2,6,4,-1,31,0,0,-1,62
6,59,37,3,6,4,-1,121,0,0,-1,31
6,59,38,1,6,4,-1,8,0,0,-1,61
6,59,38,2,6,4,-1,32,0,0,-1,62
6,59,38,3,6,4,-1,127,0,0,-1,31
6,59,39,1,6,3,-1,8,0,0,-1,61
6,59,39,2,6,3,-1,29,0,0,-1,62
6,59,39,3,6,3,-1,119,0,0,-1,31
6,59,40,1,6,3,-1,8,0,0,-1,61
6,59,40,2,6,3,-1,31,0,0,-1,62
6,59,40,3,6,3,-1,128,0,0,-1,31
6,59,41,1,6,2,-1,7,0,0,-1,61
6,59,41,2,6,2,-1,29,0,0,-1,62
6,59,41,3,6,2,-1,127,0,0,-1,31
6,59,42,1,6,2,-1,8,0,0,-1,61
6,59,42,2,6,2,-1,16,0,0,-1,62
6,59,42,3,6,2,-1,128,0,0,-1,31
6,59,43,1,6,1,-1,8,0,0,-1,61
6,59,43,2,6,1,-1,32,0,0,-1,62
6,59,43,3,6,1,-1,128,0,0,-1,31
6,59,44,1,6,4,-1,8,0,0,-1,61
6,59,44,2,6,4,-1,32,0,0,-1,62
6,59,44,3,6,4,-1,128,0,0,-1,31
6,59,45,1,6,3,-1,8,0,0,-1,61
6,59,45,2,6,3,-1,31,0,0,-1,62
6,59,45,3,6,3,-1,118,0,0,-1,31
6,59,46,1,6,3,-1,8,0,0,-1,61
6,59,46,2,6,3,-1,32,0,0,-1,62
6,59,46,3,6,3,-1,128,0,0,-1,31
6,59,47,1,6,2,-1,8,0,0,-1,61
6,59,47,2,6,2,-1,16,0,0,-1,62
6,59,47,3,6,2,-1,128,0,0,-1,31
6,59,48,1,6,3,-1,8,0,0,-1,61
6,59,48,2,6,3,-1,31,0,0,-1,62
6,59,48,3,6,3,-1,128,0,0,-1,31
6,59,49,1,6,2,-1,8,0,0,-1,61
6,59,49,2,6,2,-1,30,0,0,-1,62
6,59,49,3,6,2,-1,122,0,0,-1,31
6,59,50,1,6,2,-1,8,0,0,-1,61
6,59,50,2,6,2,-1,32,0,0,-1,62
6,59,50,3,6,2,-1,128,0,0,-1,31
6,59,51,1,6,1,-1,8,0,0,-1,61
6,59,51,2,6,1,-1,32,0,0,-1,62
6,59,51,3,6,1,-1,128,0,0,-1,31
6,59,52,1,6,4,-1,8,0,0,-1,61
6,59,52,2,6,4,-1,29,0,0,-1,62
6,59,52,3,6,4,-1,128,0,0,-1,31
6,59,53,1,6,3,-1,7,0,0,-1,61
6,59,53,2,6,3,-1,31,0,0,-1,62
6,59,53,3,6,3,-1,128,0,0,-1,31
6,59,54,1,6,3,-1,8,0,0,-1,61
6,59,54,2,6,3,-1,32,0,0,-1,62
6,59,54,3,6,3,-1,112,0,0,-1,31
6,59,55,1,6,2,-1,6,0,0,-1,61
6,59,55,2,6,2,-1,30,0,0,-1,62
6,59,55,3,6,2,-1,128,0,0,-1,31
6,59,56,1,6,2,-1,8,0,0,-1,61
6,59,56,2,6,2,-1,32,0,0,-1,62
6,59,56,3,6,2,-1,128,0,0,-1,31
6,59,57,1,6,1,-1,6,0,0,-1,61
6,59,57,2,6,1,-1,31,0,0,-1,62
6,59,57,3,6,1,-1,124,0,0,-1,31
6,59,58,1,6,1,-1,8,0,0,-1,61
6,59,58,2,6,1,-1,32,0,0,-1,62
6,59,58,3,6,1,-1,128,0,0,-1,31
6,59,60,1,6,3,-1,8,0,0,-1,61
6,59,60,2,6,3,-1,32,0,0,-1,62
6,59,60,3,6,3,-1,128,0,0,-1,31
6,59,61,1,6,2,-1,6,0,2,-1,63
6,59,61,2,6,2,-1,30,0,0,-1,62
6,59,61,3,6,2,-1,128,0,0,-1,31
6,59,62,1,6,2,-1,8,0,0,-1,61
6,59,62,2,6,2,-1,16,0,16,-1,47
6,59,62,3,6,2,-1,128,0,0,-1,31
6,59,63,1,6,1,-1,4,0,0,-1,61
6,59,63,2,6,1,-1,16,0,0,-1,62
6,59,63,3,6,1,-1,64,0,0,-1,31
6,60,0,1,6,4,-1,5,0,0,-1,29
6,60,0,2,6,4,-1,22,0,0,-1,46
6,60,0,3,6,4,-1,99,0,0,-1,23
6,60,1,1,6,5,-1,8,0,0,-1,29
6,60,1,2,6,5,-1,31,0,0,-1,46
6,60,1,3,6,5,-1,121,0,0,-1,23
6,60,2,1,6,5,-1,8,0,0,-1,29
6,60,2,2,6,5,-1,32,0,0,-1,46
6,60,2,3,6,5,-1,128,0,0,-1,23
6,60,3,1,6,6,-1,8,0,0,-1,29
6,60,3,2,6,6,-1,32,0,0,-1,46
6,60,3,3,6,6,-1,128,0,0,-1,23
6,60,4,1,6,3,-1,8,0,0,-1,29
6,60,4,2,6,3,-1,32,0,0,-1,46
6,60,4,3,6,3,-1,120,0,0,-1,23
6,60,5,1,6,4,-1,7,0,0,-1,29
6,60,5,2,6,4,-1,31,0,0,-1,46
6,60,5,3,6,4,-1,120,0,0,-1,23
6,60,6,1,6,4,-1,8,0,0,-1,29
6,60,6,2,6,4,-1,32,0,0,-1,46
6,60,6,3,6,4,-1,126,0,0,-1,23
6,60,7,1,6,5,-1,8,0,0,-1,29
6,60,7,2,6,5,-1,31,0,0,-1,46
6,60,7,3,6,5,-1,128,0,0,-1,23
6,60,8,1,6,3,-1,8,0,0,-1,29
6,60,8,2,6,3,-1,31,0,0,-1,46
6,60,8,3,6,3,-1,128,0,0,-1,23
6,60,9,1,6,4,-1,8,0,0,-1,29
6,60,9,2,6,4,-1,32,0,0,-1,46
6,60,9,3,6,4,-1,124,0,0,-1,23
6,60,10,1,6,4,-1,8,0,0,-1,29
6,60,10,2,6,4,-1,32,0,0,-1,46
6,60,10,3,6,4,-1,128,0,0,-1,23
6,60,11,1,6,5,-1,8,0,0,-1,29
6,60,11,2,6,5,-1,31,0,0,-1,46
6,60,11,3,6,5,-1,128,0,0,-1,23
6,60,12,1,6,2,-1,8,0,0,-1,29
6,60,12,2,6,2,-1,30,0,0,-1,46
6,60,12,3,6,2,-1,128,0,0,-1,23
6,60,13,1,6,3,-1,7,0,0,-1,29
6,60,13,2,6,3,-1,32,0,0,-1,46
6,60,13,3,6,3,-1,128,0,0,-1,23
6,60,14,1,6,3,-1,8,0,0,-1,29
6,60,14,2,6,3,-1,31,0,0,-1,46
6,60,14,3,6,3,-1,128,0,0,-1,23
6,60,15,1,6,4,-1,8,0,0,-1,29
6,60,15,2,6,4,-1,32,0,0,-1,46
6,60,15,3,6,4,-1,128,0,0,-1,23
6,60,16,1,6,3,-1,8,0,0,-1,29
6,60,16,2,6,3,-1,32,0,0,-1,46
6,60,16,3,6,3,-1,127,0,0,-1,23
6,60,17,1,6,4,-1,8,0,0,-1,29
6,60,17,2,6,4,-1,28,0,0,-1,46
6,60,17,3,6,4,-1,128,0,0,-1,23
6,60,18,1,6,4,-1,8,0,0,-1,29
6,60,18,2,6,4,-1,31,0,0,-1,46
6,60,18,3,6,4,-1,123,0,0,-1,23
6,60,19,1,6,5,-1,8,0,0,-1,29
6,60,19,2,6,5,-1,32,0,0,-1,46
6,60,19,3,6,5,-1,121,0,0,-1,23
6,60,20,1,6,2,-1,7,0,0,-1,29
6,60,20,2,6,2,-1,32,0,0,-1,46
6,60,20,3,6,2,-1,128,0,0,-1,23
6,60,21,1,6,3,-1,7,0,0,-1,29
6,60,21,2,6,3,-1,26,0,0,-1,46
6,60,21,3,6,3,-1,128,0,0,-1,23
6,60,22,1,6,3,-1,8,0,0,-1,29
6,60,22,2,6,3,-1,31,0,0,-1,46
6,60,22,3,6,3,-1,126,0,0,-1,23
6,60,23,1,6,4,-1,8,0,0,-1,29
6,60,23,2,6,4,-1,31,0,0,-1,46
6,60,23,3,6,4,-1,114,0,8,-1,20
6,60,24,1,6,2,-1,8,0,0,-1,29
6,60,24,2,6,2,-1,30,0,0,-1,46
6,60,24,3,6,2,-1,124,0,0,-1,23
6,60,25,1,6,3,-1,8,0,0,-1,29
6,60,25,2,6,3,-1,28,0,0,-1,46
6,60,25,3,6,3,-1,125,0,0,-1,23
6,60,26,1,6,3,-1,7,0,0,-1,29
6,60,26,2,6,3,-1,29,0,0,-1,46
6,60,26,3,6,3,-1,126,0,0,-1,23
6,60,27,1,6,4,-1,8,0,0,-1,29
6,60,27,2,6,4,-1,32,0,0,-1,46
6,60,27,3,6,4,-1,117,0,0,-1,23
6,60,28,1,6,1,-1,6,0,0,-1,29
6,60,28,2,6,1,-1,28,0,0,-1,46
6,60,28,3,6,1,-1,126,0,0,-1,23
6,60,29,1,6,2,-1,6,0,1,-1,31
6,60,29,2,6,2,-1,29,0,0,-1,46
6,60,29,3,6,2,-1,128,0,0,-1,23
6,60,30,1,6,2,-1,8,0,0,-1,29
6,60,30,2,6,2,-1,30,0,0,-1,46
6,60,30,3,6,2,-1,128,0,0,-1,23
6,60,31,1,6,3,-1,8,0,0,-1,29
6,60,31,2,6,3,-1,29,0,0,-1,46
6,60,31,3,6,3,-1,119,0,0,-1,23
6,60,32,1,6,3,-1,8,0,0,-1,29
6,60,32,2,6,3,-1,32,0,0,-1,46
6,60,32,3,6,3,-1,128,0,0,-1,23
6,60,33,1,6,4,-1,8,0,0,-1,29
6,60,33,2,6,4,-1,32,0,0,-1,46
6,60,33,3,6,4,-1,128,0,0,-1,23
6,60,34,1,6,4,-1,8,0,0,-1,29
6,60,34,2,6,4,-1,29,0,0,-1,46
6,60,34,3,6,4,-1,128,0,0,-1,23
6,60,35,1,6,5,-1,8,0,0,-1,29
6,60,35,2,6,5,-1,32,0,0,-1,46
6,60,35,3,6,5,-1,128,0,0,-1,23
6,60,36,1,6,2,-1,8,0,0,-1,29
6,60,36,2,6,2,-1,32,0,0,-1,46
6,60,36,3,6,2,-1,124,0,0,-1,23
6,60,37,1,6,3,-1,8,0,0,-1,29
6,60,37,2,6,3,-1,31,0,0,-1,46
6,60,37,3,6,3,-1,125,0,0,-1,23
6,60,38,1,6,3,-1,8,0,0,-1,29
6,60,38,2,6,3,-1,32,0,0,-1,46
6,60,38,3,6,3,-1,128,0,0,-1,23
6,60,39,1,6,4,-1,8,0,0,-1,29
6,60,39,2,6,4,-1,32,0,0,-1,46
6,60,39,3,6,4,-1,126,0,0,-1,23
6,60,40,1,6,2,-1,8,0,0,-1,29
6,60,40,2,6,2,-1,32,0,0,-1,46
6,60,40,3,6,2,-1,128,0,0,-1,23
6,60,41,1,6,3,-1,8,0,0,-1,29
6,60,41,2,6,3,-1,30,0,0,-1,46
6,60,41,3,6,3,-1,128,0,0,-1,23
6,60,42,1,6,3,-1,8,0,0,-1,29
6,60,42,2,6,3,-1,15,0,0,-1,46
6,60,42,3,6,3,-1,128,0,0,-1,23
6,60,43,1,6,4,-1,8,0,0,-1,29
6,60,43,2,6,4,-1,32,0,0,-1,46
6,60,43,3,6,4,-1,128,0,0,-1,23
6,60,44,1,6,1,-1,8,0,0,-1,29
6,60,44,2,6,1,-1,32,0,0,-1,46
6,60,44,3,6,1,-1,128,0,0,-1,23
6,60,45,1,6,2,-1,8,0,0,-1,29
6,60,45,2,6,2,-1,32,0,0,-1,46
6,60,45,3,6,2,-1,123,0,0,-1,23
6,60,46,1,6,2,-1,8,0,0,-1,29
6,60,46,2,6,2,-1,24,0,8,-1,47
6,60,46,3,6,2,-1,128,0,0,-1,23
6,60,47,1,6,3,-1,8,0,0,-1,29
6,60,47,2,6,3,-1,27,0,0,-1,46
6,60,47,3,6,3,-1,128,0,0,-1,23
6,60,48,1,6,2,-1,8,0,0,-1,29
6,60,48,2,6,2,-1,32,0,0,-1,46
6,60,48,3,6,2,-1,128,0,0,-1,23
6,60,49,1,6,3,-1,8,0,0,-1,29
6,60,49,2,6,3,-1,32,0,0,-1,46
6,60,49,3,6,3,-1,126,0,0,-1,23
6,60,50,1,6,3,-1,8,0,0,-1,29
6,60,50,2,6,3,-1,32,0,0,-1,46
6,60,50,3,6,3,-1,128,0,0,-1,23
6,60,51,1,6,4,-1,8,0,0,-1,29
6,60,51,2,6,4,-1,32,0,0,-1,46
6,60,51,3,6,4,-1,128,0,0,-1,23
6,60,52,1,6,1,-1,8,0,0,-1,29
6,60,52,2,6,1,-1,32,0,0,-1,46
6,60,52,3,6,1,-1,128,0,0,-1,23
6,60,53,1,6,2,-1,8,0,0,-1,29
6,60,53,2,6,2,-1,31,0,0,-1,46
6,60,53,3,6,2,-1,126,0,0,-1,23
6,60,54,1,6,2,-1,8,0,0,-1,29
6,60,54,2,6,2,-1,32,0,0,-1,46
6,60,54,3,6,2,-1,124,0,0,-1,23
6,60,55,1,6,3,-1,8,0,0,-1,29
6,60,55,2,6,3,-1,32,0,0,-1,46
6,60,55,3,6,3,-1,110,0,0,-1,23
6,60,56,1,6,1,-1,8,0,0,-1,29
6,60,56,2,6,1,-1,32,0,0,-1,46
6,60,56,3,6,1,-1,128,0,0,-1,23
6,60,57,1,6,2,-1,8,0,0,-1,29
6,60,57,2,6,2,-1,30,0,0,-1,46
6,60,57,3,6,2,-1,128,0,0,-1,23
6,60,58,1,6,2,-1,8,0,0,-1,29
6,60,58,2,6,2,-1,32,0,0,-1,46
6,60,58,3,6,2,-1,128,0,0,-1,23
6,60,59,1,6,3,-1,8,0,0,-1,29
6,60,59,2,6,3,-1,32,0,0,-1,46
6,60,59,3,6,3,-1,128,0,0,-1,23
6,60,61,1,6,1,-1,6,0,0,-1,29
6,60,61,2,6,1,-1,31,0,0,-1,46
6,60,61,3,6,1,-1,124,0,0,-1,23
6,60,62,1,6,1,-1,8,0,0,-1,29
6,60,62,2,6,1,-1,32,0,0,-1,46
6,60,62,3,6,1,-1,128,0,0,-1,23
6,60,63,1,6,2,-1,5,0,0,-1,29
6,60,63,2,6,2,-1,20,0,0,-1,46
6,60,63,3,6,2,-1,80,0,0,-1,23
6,61,0,1,6,5,-1,5,0,0,-1,62
6,61,0,2,6,5,-1,20,0,0,-1,31
6,61,0,3,6,5,-1,96,0,0,-1,47
6,61,1,1,6,4,-1,8,0,0,-1,62
6,61,1,2,6,4,-1,32,0,0,-1,31
6,61,1,3,6,4,-1,128,0,0,-1,47
6,61,2,1,6,6,-1,8,0,0,-1,62
6,61,2,2,6,6,-1,24,0,0,-1,31
6,61,2,3,6,6,-1,128,0,0,-1,47
6,61,3,1,6,5,-1,8,0,0,-1,62
6,61,3,2,6,5,-1,31,0,0,-1,31
6,61,3,3,6,5,-1,121,0,0,-1,47
6,61,4,1,6,4,-1,8,0,0,-1,62
6,61,4,2,6,4,-1,30,0,0,-1,31
6,61,4,3,6,4,-1,128,0,0,-1,47
6,61,5,1,6,3,-1,8,0,0,-1,62
6,61,5,2,6,3,-1,30,0,0,-1,31
6,61,5,3,6,3,-1,128,0,0,-1,47
6,61,6,1,6,5,-1,8,0,0,-1,62
6,61,6,2,6,5,-1,32,0,0,-1,31
6,61,6,3,6,5,-1,128,0,0,-1,47
6,61,7,1,6,4,-1,8,0,0,-1,62
6,61,7,2,6,4,-1,27,0,0,-1,31
6,61,7,3,6,4,-1,128,0,0,-1,47
6,61,8,1,6,4,-1,8,0,0,-1,62
6,61,8,2,6,4,-1,32,0,0,-1,31
6,61,8,3,6,4,-1,124,0,0,-1,47
6,61,9,1,6,3,-1,8,0,0,-1,62
6,61,9,2,6,3,-1,30,0,0,-1,31
6,61,9,3,6,3,-1,124,0,0,-1,47
6,61,10,1,6,5,-1,8,0,0,-1,62
6,61,10,2,6,5,-1,29,0,0,-1,31
6,61,10,3,6,5,-1,125,0,0,-1,47
6,61,11,1,6,4,-1,8,0,0,-1,62
6,61,11,2,6,4,-1,31,0,0,-1,31
6,61,11,3,6,4,-1,122,0,0,-1,47
6,61,12,1,6,3,-1,8,0,0,-1,62
6,61,12,2,6,3,-1,32,0,0,-1,31
6,61,12,3,6,3,-1,120,0,0,-1,47
6,61,13,1,6,2,-1,8,0,0,-1,62
6,61,13,2,6,2,-1,32,0,0,-1,31
6,61,13,3,6,2,-1,128,0,0,-1,47
6,61,14,1,6,4,-1,8,0,0,-1,62
6,61,14,2,6,4,-1,31,0,0,-1,31
6,61,14,3,6,4,-1,124,0,0,-1,47
6,61,15,1,6,3,-1,8,0,0,-1,62
6,61,15,2,6,3,-1,32,0,0,-1,31
6,61,15,3,6,3,-1,110,0,0,-1,47
6,61,16,1,6,4,-1,8,0,0,-1,62
6,61,16,2,6,4,-1,30,0,0,-1,31
6,61,16,3,6,4,-1,128,0,0,-1,47
6,61,17,1,6,3,-1,8,0,0,-1,62
6,61,17,2,6,3,-1,32,0,0,-1,31
6,61,17,3,6,3,-1,128,0,0,-1,47
6,61,18,1,6,5,-1,8,0,0,-1,62
6,61,18,2,6,5,-1,28,0,0,-1,31
6,61,18,3,6,5,-1,122,0,0,-1,47
6,61,19,1,6,4,-1,8,0,0,-1,62
6,61,19,2,6,4,-1,32,0,0,-1,31
6,61,19,3,6,4,-1,127,0,0,-1,47
6,61,20,1,6,3,-1,8,0,0,-1,62
6,61,20,2,6,3,-1,31,0,0,-1,31
6,61,20,3,6,3,-1,128,0,0,-1,47
6,61,21,1,6,2,-1,8,0,0,-1,62
6,61,21,2,6,2,-1,16,0,0,-1,31
6,61,21,3,6,2,-1,128,0,0,-1,47
6,61,22,1,6,4,-1,8,0,0,-1,62
6,61,22,2,6,4,-1,32,0,0,-1,31
6,61,22,3,6,4,-1,128,0,0,-1,47
6,61,23,1,6,3,-1,8,0,0,-1,62
6,61,23,2,6,3,-1,32,0,0,-1,31
6,61,23,3,6,3,-1,128,0,0,-1,47
6,61,24,1,6,3,-1,8,0,0,-1,62
6,61,24,2,6,3,-1,31,0,0,-1,31
6,61,24,3,6,3,-1,128,0,0,-1,47
6,61,25,1,6,2,-1,8,0,0,-1,62
6,61,25,2,6,2,-1,32,0,0,-1,31
6,61,25,3,6,2,-1,128,0,0,-1,47
6,61,26,1,6,4,-1,8,0,0,-1,62
6,61,26,2,6,4,-1,29,0,0,-1,31
6,61,26,3,6,4,-1,128,0,0,-1,47
6,61,27,1,6,3,-1,8,0,0,-1,62
6,61,27,2,6,3,-1,32,0,0,-1,31
6,61,27,3,6,3,-1,112,0,0,-1,47
6,61,28,1,6,2,-1,8,0,0,-1,62
6,61,28,2,6,2,-1,32,0,0,-1,31
6,61,28,3,6,2,-1,128,0,0,-1,47
6,61,29,1,6,1,-1,8,0,0,-1,62
6,61,29,2,6,1,-1,32,0,0,-1,31
6,61,29,3,6,1,-1,128,0,0,-1,47
6,61,30,1,6,3,-1,8,0,0,-1,62
6,61,30,2,6,3,-1,32,0,0,-1,31
6,61,30,3,6,3,-1,128,0,0,-1,47
6,61,31,1,6,2,-1,8,0,0,-1,62
6,61,31,2,6,2,-1,16,0,16,-1,55
6,61,31,3,6,2,-1,128,0,0,-1,47
6,61,32,1,6,4,-1,8,0,0,-1,62
6,61,32,2,6,4,-1,32,0,0,-1,31
6,61,32,3,6,4,-1,128,0,0,-1,47
6,61,33,1,6,3,-1,8,0,0,-1,62
6,61,33,2,6,3,-1,32,0,0,-1,31
6,61,33,3,6,3,-1,128,0,0,-1,47
6,61,34,1,6,5,-1,8,0,0,-1,62
6,61,34,2,6,5,-1,29,0,0,-1,31
6,61,34,3,6,5,-1,126,0,0,-1,47
6,61,35,1,6,4,-1,8,0,0,-1,62
6,61,35,2,6,4,-1,30,0,0,-1,31
6,61,35,3,6,4,-1,122,0,0,-1,47
6,61,36,1,6,3,-1,8,0,0,-1,62
6,61,36,2,6,3,-1,30,0,0,-1,31
6,61,36,3,6,3,-1,124,0,0,-1,47
6,61,37,1,6,2,-1,8,0,0,-1,62
6,61,37,2,6,2,-1,32,0,0,-1,31
6,61,37,3,6,2,-1,128,0,0,-1,47
6,61,38,1,6,4,-1,8,0,0,-1,62
6,61,38,2,6,4,-1,32,0,0,-1,31
6,61,38,3,6,4,-1,115,0,0,-1,47
6,61,39,1,6,3,-1,8,0,0,-1,62
6,61,39,2,6,3,-1,27,0,0,-1,31
6,61,39,3,6,3,-1,128,0,0,-1,47
6,61,40,1,6,3,-1,8,0,0,-1,62
6,61,40,2,6,3,-1,31,0,0,-1,31
6,61,40,3,6,3,-1,127,0,0,-1,47
6,61,41,1,6,2,-1,8,0,0,-1,62
6,61,41,2,6,2,-1,32,0,0,-1,31
6,61,41,3,6,2,-1,128,0,0,-1,47
6,61,42,1,6,4,-1,7,0,0,-1,62
6,61,42,2,6,4,-1,20,0,0,-1,31
6,61,42,3,6,4,-1,124,0,0,-1,47
6,61,43,1,6,3,-1,8,0,0,-1,62
6,61,43,2,6,3,-1,32,0,0,-1,31
6,61,43,3,6,3,-1,109,0,0,-1,47
6,61,44,1,6,2,-1,7,0,0,-1,62
6,61,44,2,6,2,-1,31,0,0,-1,31
6,61,44,3,6,2,-1,124,0,0,-1,47
6,61,45,1,6,1,-1,8,0,0,-1,62
6,61,45,2,6,1,-1,32,0,0,-1,31
6,61,45,3,6,1,-1,64,0,0,-1,47
6,61,46,1,6,3,-1,8,0,0,-1,62
6,61,46,2,6,3,-1,32,0,0,-1,31
6,61,46,3,6,3,-1,128,0,0,-1,47
6,61,47,1,6,2,-1,8,0,0,-1,62
6,61,47,2,6,2,-1,32,0,0,-1,31
6,61,47,3,6,2,-1,0,64,64,0,61
6,61,48,1,6,3,-1,8,0,0,-1,62
6,61,48,2,6,3,-1,32,0,0,-1,31
6,61,48,3,6,3,-1,127,0,0,-1,47
6,61,49,1,6,2,-1,8,0,0,-1,62
6,61,49,2,6,2,-1,32,0,0,-1,31
6,61,49,3,6,2,-1,128,0,0,-1,47
6,61,50,1,6,4,-1,8,0,0,-1,62
6,61,50,2,6,4,-1,31,0,0,-1,31
6,61,50,3,6,4,-1,121,0,0,-1,47
6,61,51,1,6,3,-1,8,0,0,-1,62
6,61,51,2,6,3,-1,29,0,0,-1,31
6,61,51,3,6,3,-1,119,0,0,-1,47
6,61,52,1,6,2,-1,7,0,0,-1,62
6,61,52,2,6,2,-1,29,0,0,-1,31
6,61,52,3,6,2,-1,127,0,0,-1,47
6,61,53,1,6,1,-1,8,0,0,-1,62
6,61,53,2,6,1,-1,32,0,0,-1,31
6,61,53,3,6,1,-1,128,0,0,-1,47
6,61,54,1,6,3,-1,8,0,0,-1,62
6,61,54,2,6,3,-1,31,0,0,-1,31
6,61,54,3,6,3,-1,118,0,0,-1,47
6,61,55,1,6,2,-1,8,0,0,-1,62
6,61,55,2,6,2,-1,16,0,0,-1,31
6,61,55,3,6,2,-1,128,0,0,-1,47
6,61,56,1,6,2,-1,8,0,0,-1,62
6,61,56,2,6,2,-1,30,0,0,-1,31
6,61,56,3,6,2,-1,122,0,0,-1,47
6,61,57,1,6,1,-1,8,0,0,-1,62
6,61,57,2,6,1,-1,32,0,0,-1,31
6,61,57,3,6,1,-1,128,0,0,-1,47
6,61,58,1,6,3,-1,7,0,0,-1,62
6,61,58,2,6,3,-1,31,0,0,-1,31
6,61,58,3,6,3,-1,128,0,0,-1,47
6,61,59,1,6,2,-1,6,0,0,-1,62
6,61,59,2,6,2,-1,30,0,0,-1,31
6,61,59,3,6,2,-1,128,0,0,-1,47
6,61,60,1,6,1,-1,6,0,0,-1,62
6,61,60,2,6,1,-1,31,0,0,-1,31
6,61,60,3,6,1,-1,124,0,0,-1,47
6,61,62,1,6,2,-1,6,0,2,-1,63
6,61,62,2,6,2,-1,30,0,0,-1,31
6,61,62,3,6,2,-1,128,0,0,-1,47
6,61,63,1,6,1,-1,4,0,0,-1,62
6,61,63,2,6,1,-1,16,0,0,-1,31
6,61,63,3,6,1,-1,64,0,0,-1,47
6,62,0,1,6,5,-1,5,0,0,-1,31
6,62,0,2,6,5,-1,20,0,0,-1,47
6,62,0,3,6,5,-1,96,0,0,-1,55
6,62,1,1,6,6,-1,8,0,0,-1,31
6,62,1,2,6,6,-1,24,0,0,-1,47
6,62,1,3,6,6,-1,128,0,0,-1,55
6,62,2,1,6,4,-1,8,0,0,-1,31
6,62,2,2,6,4,-1,30,0,0,-1,47
6,62,2,3,6,4,-1,128,0,0,-1,55
6,62,3,1,6,5,-1,8,0,0,-1,31
6,62,3,2,6,5,-1,32,0,0,-1,47
6,62,3,3,6,5,-1,128,0,0,-1,55
6,62,4,1,6,4,-1,8,0,0,-1,31
6,62,4,2,6,4,-1,32,0,0,-1,47
6,62,4,3,6,4,-1,124,0,0,-1,55
6,62,5,1,6,5,-1,8,0,0,-1,31
6,62,5,2,6,5,-1,29,0,0,-1,47
6,62,5,3,6,5,-1,125,0,0,-1,55
6,62,6,1,6,3,-1,8,0,0,-1,31
6,62,6,2,6,3,-1,32,0,0,-1,47
6,62,6,3,6,3,-1,120,0,0,-1,55
6,62,7,1,6,4,-1,8,0,0,-1,31
6,62,7,2,6,4,-1,31,0,0,-1,47
6,62,7,3,6,4,-1,124,0,0,-1,55
6,62,8,1,6,4,-1,8,0,0,-1,31
6,62,8,2,6,4,-1,30,0,0,-1,47
6,62,8,3,6,4,-1,128,0,0,-1,55
6,62,9,1,6,5,-1,8,0,0,-1,31
6,62,9,2,6,5,-1,28,0,0,-1,47
6,62,9,3,6,5,-1,122,0,0,-1,55
6,62,10,1,6,3,-1,8,0,0,-1,31
6,62,10,2,6,3,-1,31,0,0,-1,47
6,62,10,3,6,3,-1,128,0,0,-1,55
6,62,11,1,6,4,-1,8,0,0,-1,31
6,62,11,2,6,4,-1,32,0,0,-1,47
6,62,11,3,6,4,-1,128,0,0,-1,55
6,62,12,1,6,3,-1,8,0,0,-1,31
6,62,12,2,6,3,-1,31,0,0,-1,47
6,62,12,3,6,3,-1,128,0,0,-1,55
6,62,13,1,6,4,-1,8,0,0,-1,31
6,62,13,2,6,4,-1,29,0,0,-1,47
6,62,13,3,6,4,-1,128,0,0,-1,55
6,62,14,1,6,2,-1,8,0,0,-1,31
6,62,14,2,6,2,-1,32,0,0,-1,47
6,62,14,3,6,2,-1,128,0,0,-1,55
6,62,15,1,6,3,-1,8,0,0,-1,31
6,62,15,2,6,3,-1,32,0,0,-1,47
6,62,15,3,6,3,-1,128,0,0,-1,55
6,62,16,1,6,4,-1,8,0,0,-1,31
6,62,16,2,6,4,-1,32,0,0,-1,47
6,62,16,3,6,4,-1,128,0,0,-1,55
6,62,17,1,6,5,-1,8,0,0,-1,31
6,62,17,2,6,5,-1,29,0,0,-1,47
6,62,17,3,6,5,-1,126,0,0,-1,55
6,62,18,1,6,3,-1,8,0,0,-1,31
6,62,18,2,6,3,-1,30,0,0,-1,47
6,62,18,3,6,3,-1,124,0,0,-1,55
6,62,19,1,6,4,-1,8,0,0,-1,31
6,62,19,2,6,4,-1,32,0,0,-1,47
6,62,19,3,6,4,-1,115,0,0,-1,55
6,62,20,1,6,3,-1,8,0,0,-1,31
6,62,20,2,6,3,-1,31,0,0,-1,47
6,62,20,3,6,3,-1,127,0,0,-1,55
6,62,21,1,6,4,-1,7,0,0,-1,31
6,62,21,2,6,4,-1,20,0,0,-1,47
6,62,21,3,6,4,-1,124,0,0,-1,55
6,62,22,1,6,2,-1,7,0,0,-1,31
6,62,22,2,6,2,-1,31,0,0,-1,47
6,62,22,3,6,2,-1,124,0,0,-1,55
6,62,23,1,6,3,-1,8,0,0,-1,31
6,62,23,2,6,3,-1,32,0,0,-1,47
6,62,23,3,6,3,-1,128,0,0,-1,55
6,62,24,1,6,3,-1,8,0,0,-1,31
6,62,24,2,6,3,-1,32,0,0,-1,47
6,62,24,3,6,3,-1,127,0,0,-1,55
6,62,25,1,6,4,-1,8,0,0,-1,31
6,62,25,2,6,4,-1,31,0,0,-1,47
6,62,25,3,6,4,-1,121,0,0,-1,55
6,62,26,1,6,2,-1,7,0,0,-1,31
6,62,26,2,6,2,-1,29,0,0,-1,47
6,62,26,3,6,2,-1,127,0,0,-1,55
6,62,27,1,6,3,-1,8,0,0,-1,31
6,62,27,2,6,3,-1,31,0,0,-1,47
6,62,27,3,6,3,-1,118,0,0,-1,55
6,62,28,1,6,2,-1,8,0,0,-1,31
6,62,28,2,6,2,-1,30,0,0,-1,47
6,62,28,3,6,2,-1,122,0,0,-1,55
6,62,29,1,6,3,-1,7,0,0,-1,31
6,62,29,2,6,3,-1,31,0,0,-1,47
6,62,29,3,6,3,-1,128,0,0,-1,55
6,62,30,1,6,1,-1,6,0,0,-1,31
6,62,30,2,6,1,-1,31,0,0,-1,47
6,62,30,3,6,1,-1,124,0,0,-1,55
6,62,31,1,6,2,-1,6,0,2,-1,63
6,62,31,2,6,2,-1,30,0,0,-1,47
6,62,31,3,6,2,-1,128,0,0,-1,55
6,62,32,1,6,4,-1,8,0,0,-1,31
6,62,32,2,6,4,-1,32,0,0,-1,47
6,62,32,3,6,4,-1,128,0,0,-1,55
6,62,33,1,6,5,-1,8,0,0,-1,31
6,62,33,2,6,5,-1,31,0,0,-1,47
6,62,33,3,6,5,-1,121,0,0,-1,55
6,62,34,1,6,3,-1,8,0,0,-1,31
6,62,34,2,6,3,-1,30,0,0,-1,47
6,62,34,3,6,3,-1,128,0,0,-1,55
6,62,35,1,6,4,-1,8,0,0,-1,31
6,62,35,2,6,4,-1,27,0,0,-1,47
6,62,35,3,6,4,-1,128,0,0,-1,55
6,62,36,1,6,3,-1,8,0,0,-1,31
6,62,36,2,6,3,-1,30,0,0,-1,47
6,62,36,3,6,3,-1,124,0,0,-1,55
6,62,37,1,6,4,-1,8,0,0,-1,31
6,62,37,2,6,4,-1,31,0,0,-1,47
6,62,37,3,6,4,-1,122,0,0,-1,55
6,62,38,1,6,2,-1,8,0,0,-1,31
6,62,38,2,6,2,-1,32,0,0,-1,47
6,62,38,3,6,2,-1,128,0,0,-1,55
6,62,39,1,6,3,-1,8,0,0,-1,31
6,62,39,2,6,3,-1,32,0,0,-1,47
6,62,39,3,6,3,-1,110,0,0,-1,55
6,62,40,1,6,3,-1,8,0,0,-1,31
6,62,40,2,6,3,-1,32,0,0,-1,47
6,62,40,3,6,3,-1,128,0,0,-1,55
6,62,41,1,6,4,-1,8,0,0,-1,31
6,62,41,2,6,4,-1,32,0,0,-1,47
6,62,41,3,6,4,-1,127,0,0,-1,55
6,62,42,1,6,2,-1,8,0,0,-1,31
6,62,42,2,6,2,-1,16,0,0,-1,47
6,62,42,3,6,2,-1,128,0,0,-1,55
6,62,43,1,6,3,-1,8,0,0,-1,31
6,62,43,2,6,3,-1,32,0,0,-1,47
6,62,43,3,6,3,-1,128,0,0,-1,55
6,62,44,1,6,2,-1,8,0,0,-1,31
6,62,44,2,6,2,-1,32,0,0,-1,47
6,62,44,3,6,2,-1,128,0,0,-1,55
6,62,45,1,6,3,-1,8,0,0,-1,31
6,62,45,2,6,3,-1,32,0,0,-1,47
6,62,45,3,6,3,-1,112,0,0,-1,55
6,62,46,1,6,1,-1,8,0,0,-1,31
6,62,46,2,6,1,-1,32,0,0,-1,47
6,62,46,3,6,1,-1,128,0,0,-1,55
6,62,47,1,6,2,-1,8,0,0,-1,31
6,62,47,2,6,2,-1,16,0,16,-1,59
6,62,47,3,6,2,-1,128,0,0,-1,55
6,62,48,1,6,3,-1,8,0,0,-1,31
6,62,48,2,6,3,-1,32,0,0,-1,47
6,62,48,3,6,3,-1,128,0,0,-1,55
6,62,49,1,6,4,-1,8,0,0,-1,31
6,62,49,2,6,4,-1,30,0,0,-1,47
6,62,49,3,6,4,-1,122,0,0,-1,55
6,62,50,1,6,2,-1,8,0,0,-1,31
6,62,50,2,6,2,-1,32,0,0,-1,47
6,62,50,3,6,2,-1,128,0,0,-1,55
6,62,51,1,6,3,-1,8,0,0,-1,31
6,62,51,2,6,3,-1,27,0,0,-1,47
6,62,51,3,6,3,-1,128,0,0,-1,55
6,62,52,1,6,2,-1,8,0,0,-1,31
6,62,52,2,6,2,-1,32,0,0,-1,47
6,62,52,3,6,2,-1,128,0,0,-1,55
6,62,53,1,6,3,-1,8,0,0,-1,31
6,62,53,2,6,3,-1,32,0,0,-1,47
6,62,53,3,6,3,-1,109,0,0,-1,55
6,62,54,1,6,1,-1,8,0,0,-1,31
6,62,54,2,6,1,-1,32,0,0,-1,47
6,62,54,3,6,1,-1,64,0,0,-1,55
6,62,55,1,6,2,-1,8,0,0,-1,31
6,62,55,2,6,2,-1,32,0,0,-1,47
6,62,55,3,6,2,-1,0,64,64,0,62
6,62,56,1,6,2,-1,8,0,0,-1,31
6,62,56,2,6,2,-1,32,0,0,-1,47
6,62,56,3,6,2,-1,128,0,0,-1,55
6,62,57,1,6,3,-1,8,0,0,-1,31
6,62,57,2,6,3,-1,29,0,0,-1,47
6,62,57,3,6,3,-1,119,0,0,-1,55
6,62,58,1,6,1,-1,8,0,0,-1,31
6,62,58,2,6,1,-1,32,0,0,-1,47
6,62,58,3,6,1,-1,128,0,0,-1,55
6,62,59,1,6,2,-1,8,0,0,-1,31
6,62,59,2,6,2,-1,16,0,0,-1,47
6,62,59,3,6,2,-1,128,0,0,-1,55
6,62,60,1,6,1,-1,8,0,0,-1,31
6,62,60,2,6,1,-1,32,0,0,-1,47
6,62,60,3,6,1,-1,128,0,0,-1,55
6,62,61,1,6,2,-1,6,0,0,-1,31
6,62,61,2,6,2,-1,30,0,0,-1,47
6,62,61,3,6,2,-1,128,0,0,-1,55
6,62,63,1,6,1,-1,4,0,0,-1,31
6,62,63,2,6,1,-1,16,0,0,-1,47
6,62,63,3,6,1,-1,64,0,0,-1,55
6,63,0,1,1,6,232,0,0,-1,-1,-1
6,63,0,2,1,6,-1,0,4,11,10,0
6,63,0,3,1,6,-1,0,16,22,20,0
6,63,1,1,6,5,-1,5,0,3,-1,3
6,63,1,2,6,5,-1,20,0,6,-1,7
6,63,1,3,6,5,-1,96,0,12,-1,15
6,63,2,1,6,5,-1,5,0,3,-1,6
6,63,2,2,6,5,-1,20,0,6,-1,14
6,63,2,3,6,5,-1,96,0,12,-1,30
6,63,3,1,6,4,-1,5,0,3,-1,7
6,63,3,2,6,4,-1,22,0,6,-1,15
6,63,3,3,6,4,-1,99,0,12,-1,31
6,63,4,1,6,5,-1,5,0,3,-1,12
6,63,4,2,6,5,-1,20,0,6,-1,28
6,63,4,3,6,5,-1,96,0,12,-1,60
6,63,5,1,6,4,-1,5,0,3,-1,15
6,63,5,2,6,4,-1,21,0,6,-1,31
6,63,5,3,6,4,-1,93,0,13,-1,47
6,63,6,1,6,4,-1,5,0,3,-1,14
6,63,6,2,6,4,-1,22,0,6,-1,30
6,63,6,3,6,4,-1,99,0,12,-1,62
6,63,7,1,6,3,-1,5,0,3,-1,15
6,63,7,2,6,3,-1,22,0,6,-1,31
6,63,7,3,6,3,-1,95,0,13,-1,47
6,63,8,1,6,5,-1,5,0,3,-1,24
6,63,8,2,6,5,-1,20,0,6,-1,56
6,63,8,3,6,5,-1,96,0,12,-1,57
6,63,9,1,3,4,-1,5,0,3,-1,27
6,63,9,2,3,4,-1,17,0,11,-1,27
6,63,9,3,3,4,-1,79,0,22,-1,45
6,63,10,1,6,4,-1,5,0,3,-1,30
6,63,10,2,6,4,-1,21,0,6,-1,62
6,63,10,3,6,4,-1,93,0,13,-1,31
6,63,11,1,6,3,-1,5,0,3,-1,31
6,63,11,2,6,3,-1,20,0,12,-1,47
6,63,11,3,6,3,-1,80,0,48,-1,55
6,63,12,1,6,4,-1,5,0,3,-1,28
6,63,12,2,6,4,-1,22,0,6,-1,60
6,63,12,3,6,4,-1,99,0,12,-1,61
6,63,13,1,6,3,-1,5,0,3,-1,31
6,63,13,2,6,3,-1,21,0,11,-1,31
6,63,13,3,6,3,-1,85,0,22,-1,47
6,63,14,1,6,3,-1,5,0,3,-1,30
6,63,14,2,6,3,-1,22,0,6,-1,62
6,63,14,3,6,3,-1,95,0,13,-1,31
6,63,15,1,6,2,-1,5,0,3,-1,31
6,63,15,2,6,2,-1,20,0,12,-1,47
6,63,15,3,6,2,-1,80,0,48,-1,55
6,63,16,1,6,5,-1,5,0,3,-1,48
6,63,16,2,6,5,-1,20,0,6,-1,49
6,63,16,3,6,5,-1,96,0,12,-1,51
6,63,17,1,6,4,-1,5,0,3,-1,51
6,63,17,2,6,4,-1,21,0,6,-1,55
6,63,17,3,6,4,-1,93,0,13,-1,59
6,63,18,1,3,4,-1,5,0,3,-1,54
6,63,18,2,3,4,-1,17,0,11,-1,54
6,63,18,3,3,4,-1,79,0,22,-1,27
6,63,19,1,6,3,-1,5,0,3,-1,55
6,63,19,2,6,3,-1,21,0,11,-1,55
6,63,19,3,6,3,-1,85,0,22,-1,59
6,63,20,1,6,4,-1,5,0,3,-1,60
6,63,20,2,6,4,-1,21,0,6,-1,61
6,63,20,3,6,4,-1,93,0,13,-1,62
6,63,21,1,2,3,-1,4,0,4,-1,42
6,63,21,2,2,3,-1,0,16,16,0,21
6,63,21,3,2,3,-1,64,0,64,-1,42
6,63,22,1,6,3,-1,5,0,3,-1,62
6,63,22,2,6,3,-1,20,0,12,-1,31
6,63,22,3,6,3,-1,80,0,48,-1,47
6,63,23,1,6,2,-1,4,0,4,-1,43
6,63,23,2,6,2,-1,16,0,16,-1,53
6,63,23,3,6,2,-1,64,0,64,-1,58
6,63,24,1,6,4,-1,5,0,3,-1,56
6,63,24,2,6,4,-1,22,0,6,-1,57
6,63,24,3,6,4,-1,99,0,12,-1,59
6,63,25,1,6,3,-1,5,0,3,-1,59
6,63,25,2,6,3,-1,20,0,12,-1,61
6,63,25,3,6,3,-1,80,0,48,-1,62
6,63,26,1,6,3,-1,5,0,3,-1,62
6,63,26,2,6,3,-1,21,0,11,-1,62
6,63,26,3,6,3,-1,85,0,22,-1,31
6,63,27,1,3,2,-1,4,0,4,-1,45
6,63,27,2,3,2,-1,16,0,16,-1,54
6,63,27,3,3,2,-1,0,64,64,0,27
6,63,28,1,6,3,-1,5,0,3,-1,60
6,63,28,2,6,3,-1,22,0,6,-1,61
6,63,28,3,6,3,-1,95,0,13,-1,62
6,63,29,1,6,2,-1,4,0,4,-1,46
6,63,29,2,6,2,-1,16,0,16,-1,23
6,63,29,3,6,2,-1,64,0,64,-1,43
6,63,30,1,6,2,-1,5,0,3,-1,62
6,63,30,2,6,2,-1,20,0,12,-1,31
6,63,30,3,6,2,-1,80,0,48,-1,47
6,63,31,1,6,1,-1,4,0,4,-1,47
6,63,31,2,6,1,-1,16,0,16,-1,55
6,63,31,3,6,1,-1,64,0,64,-1,59
6,63,32,1,6,5,-1,5,0,3,-1,33
6,63,32,2,6,5,-1,20,0,6,-1,35
6,63,32,3,6,5,-1,96,0,12,-1,39
6,63,33,1,6,4,-1,5,0,3,-1,35
6,63,33,2,6,4,-1,22,0,6,-1,39
6,63,33,3,6,4,-1,99,0,12,-1,47
6,63,34,1,6,4,-1,5,0,3,-1,39
6,63,34,2,6,4,-1,21,0,6,-1,47
6,63,34,3,6,4,-1,93,0,13,-1,55
6,63,35,1,6,3,-1,5,0,3,-1,39
6,63,35,2,6,3,-1,22,0,6,-1,47
6,63,35,3,6,3,-1,95,0,13,-1,55
6,63,36,1,3,4,-1,5,0,3,-1,45
6,63,36,2,3,4,-1,17,0,11,-1,45
6,63,36,3,3,4,-1,79,0,22,-1,54
6,63,37,1,6,3,-1,5,0,3,-1,47
6,63,37,2,6,3,-1,20,0,12,-1,55
6,63,37,3,6,3,-1,80,0,48,-1,59
6,63,38,1,6,3,-1,5,0,3,-1,47
6,63,38,2,6,3,-1,21,0,11,-1,47
6,63,38,3,6,3,-1,85,0,22,-1,55
6,63,39,1,6,2,-1,5,0,3,-1,47
6,63,39,2,6,2,-1,20,0,12,-1,55
6,63,39,3,6,2,-1,80,0,48,-1,59
6,63,40,1,6,4,-1,5,0,3,-1,57
6,63,40,2,6,4,-1,21,0,6,-1,59
6,63,40,3,6,4,-1,93,0,13,-1,61
6,63,41,1,6,3,-1,5,0,3,-1,59
6,63,41,2,6,3,-1,21,0,11,-1,59
6,63,41,3,6,3,-1,85,0,22,-1,61
6,63,42,1,2,3,-1,4,0,4,-1,21
6,63,42,2,2,3,-1,0,16,16,0,42
6,63,42,3,2,3,-1,64,0,64,-1,21
6,63,43,1,6,2,-1,4,0,4,-1,53
6,63,43,2,6,2,-1,16,0,16,-1,58
6,63,43,3,6,2,-1,64,0,64,-1,29
6,63,44,1,6,3,-1,5,0,3,-1,61
6,63,44,2,6,3,-1,20,0,12,-1,62
6,63,44,3,6,3,-1,80,0,48,-1,31
6,63,45,1,3,2,-1,4,0,4,-1,54
6,63,45,2,3,2,-1,16,0,16,-1,27
6,63,45,3,3,2,-1,0,64,64,0,45
6,63,46,1,6,2,-1,4,0,4,-1,23
6,63,46,2,6,2,-1,16,0,16,-1,43
6,63,46,3,6,2,-1,64,0,64,-1,53
6,63,47,1,6,1,-1,4,0,4,-1,55
6,63,47,2,6,1,-1,16,0,16,-1,59
6,63,47,3,6,1,-1,64,0,64,-1,61
6,63,48,1,6,4,-1,5,0,3,-1,49
6,63,48,2,6,4,-1,22,0,6,-1,51
6,63,48,3,6,4,-1,99,0,12,-1,55
6,63,49,1,6,3,-1,5,0,3,-1,51
6,63,49,2,6,3,-1,22,0,6,-1,55
6,63,49,3,6,3,-1,95,0,13,-1,59
6,63,50,1,6,3,-1,5,0,3,-1,55
6,63,50,2,6,3,-1,20,0,12,-1,59
6,63,50,3,6,3,-1,80,0,48,-1,61
6,63,51,1,6,2,-1,5,0,3,-1,55
6,63,51,2,6,2,-1,20,0,12,-1,59
6,63,51,3,6,2,-1,80,0,48,-1,61
6,63,52,1,6,3,-1,5,0,3,-1,61
6,63,52,2,6,3,-1,21,0,11,-1,61
6,63,52,3,6,3,-1,85,0,22,-1,62
6,63,53,1,6,2,-1,4,0,4,-1,58
6,63,53,2,6,2,-1,16,0,16,-1,29
6,63,53,3,6,2,-1,64,0,64,-1,46
6,63,54,1,3,2,-1,4,0,4,-1,27
6,63,54,2,3,2,-1,16,0,16,-1,45
6,63,54,3,3,2,-1,0,64,64,0,54
6,63,55,1,6,1,-1,4,0,4,-1,59
6,63,55,2,6,1,-1,16,0,16,-1,61
6,63,55,3,6,1,-1,64,0,64,-1,62
6,63,56,1,6,3,-1,5,0,3,-1,57
6,63,56,2,6,3,-1,22,0,6,-1,59
6,63,56,3,6,3,-1,95,0,13,-1,61
6,63,57,1,6,2,-1,5,0,3,-1,59
6,63,57,2,6,2,-1,20,0,12,-1,61
6,63,57,3,6,2,-1,80,0,48,-1,62
6,63,58,1,6,2,-1,4,0,4,-1,29
6,63,58,2,6,2,-1,16,0,16,-1,46
6,63,58,3,6,2,-1,64,0,64,-1,23
6,63,59,1,6,1,-1,4,0,4,-1,61
6,63,59,2,6,1,-1,16,0,16,-1,62
6,63,59,3,6,1,-1,64,0,64,-1,31
6,63,60,1,6,2,-1,5,0,3,-1,61
6,63,60,2,6,2,-1,20,0,12,-1,62
6,63,60,3,6,2,-1,80,0,48,-1,31
6,63,61,1,6,1,-1,4,0,4,-1,62
6,63,61,2,6,1,-1,16,0,16,-1,31
6,63,61,3,6,1,-1,64,0,64,-1,47
6,63,62,1,6,1,-1,4,0,4,-1,31
6,63,62,2,6,1,-1,16,0,16,-1,47
6,63,62,3,6,1,-1,64,0,64,-1,55
