n,A,B,h,observation,initial_states,action_words,noncommuting_states,sum_prepared_hamming,different_sets,equal_sets,unequal_sizes,equal_size_different_sets,AB_strict_subset_BA,BA_strict_subset_AB,incomparable_sets,changed_response_maps,equal_sets_different_maps,different_prepared_equal_sets,different_word_endpoints,sum_repertoire_AB,sum_repertoire_BA,min_repertoire_AB,max_repertoire_AB,min_repertoire_BA,max_repertoire_BA,mean_jaccard_distance
6,0,4,0,identity,64,1,0,0,0,64,0,0,0,0,0,0,0,0,0,64,64,1,1,1,1,0.0
6,0,4,0,population_count,64,1,0,0,0,64,0,0,0,0,0,0,0,0,0,64,64,1,1,1,1,0.0
6,0,4,1,identity,64,2,0,0,0,64,0,0,0,0,0,0,0,0,0,64,64,1,1,1,1,0.0
6,0,4,1,population_count,64,2,0,0,0,64,0,0,0,0,0,0,0,0,0,64,64,1,1,1,1,0.0
6,0,4,2,identity,64,4,0,0,0,64,0,0,0,0,0,0,0,0,0,64,64,1,1,1,1,0.0
6,0,4,2,population_count,64,4,0,0,0,64,0,0,0,0,0,0,0,0,0,64,64,1,1,1,1,0.0
6,0,4,3,identity,64,8,0,0,0,64,0,0,0,0,0,0,0,0,0,64,64,1,1,1,1,0.0
6,0,4,3,population_count,64,8,0,0,0,64,0,0,0,0,0,0,0,0,0,64,64,1,1,1,1,0.0
6,0,4,4,identity,64,16,0,0,0,64,0,0,0,0,0,0,0,0,0,64,64,1,1,1,1,0.0
6,0,4,4,population_count,64,16,0,0,0,64,0,0,0,0,0,0,0,0,0,64,64,1,1,1,1,0.0
6,0,4,5,identity,64,32,0,0,0,64,0,0,0,0,0,0,0,0,0,64,64,1,1,1,1,0.0
6,0,4,5,population_count,64,32,0,0,0,64,0,0,0,0,0,0,0,0,0,64,64,1,1,1,1,0.0
6,0,4,6,identity,64,64,0,0,0,64,0,0,0,0,0,0,0,0,0,64,64,1,1,1,1,0.0
6,0,4,6,population_count,64,64,0,0,0,64,0,0,0,0,0,0,0,0,0,64,64,1,1,1,1,0.0
6,0,30,0,identity,64,1,0,0,0,64,0,0,0,0,0,0,0,0,0,64,64,1,1,1,1,0.0
6,0,30,0,population_count,64,1,0,0,0,64,0,0,0,0,0,0,0,0,0,64,64,1,1,1,1,0.0
6,0,30,1,identity,64,2,0,0,0,64,0,0,0,0,0,0,0,0,0,64,64,1,1,1,1,0.0
6,0,30,1,population_count,64,2,0,0,0,64,0,0,0,0,0,0,0,0,0,64,64,1,1,1,1,0.0
6,0,30,2,identity,64,4,0,0,0,64,0,0,0,0,0,0,0,0,0,64,64,1,1,1,1,0.0
6,0,30,2,population_count,64,4,0,0,0,64,0,0,0,0,0,0,0,0,0,64,64,1,1,1,1,0.0
6,0,30,3,identity,64,8,0,0,0,64,0,0,0,0,0,0,0,0,0,64,64,1,1,1,1,0.0
6,0,30,3,population_count,64,8,0,0,0,64,0,0,0,0,0,0,0,0,0,64,64,1,1,1,1,0.0
6,0,30,4,identity,64,16,0,0,0,64,0,0,0,0,0,0,0,0,0,64,64,1,1,1,1,0.0
6,0,30,4,population_count,64,16,0,0,0,64,0,0,0,0,0,0,0,0,0,64,64,1,1,1,1,0.0
6,0,30,5,identity,64,32,0,0,0,64,0,0,0,0,0,0,0,0,0,64,64,1,1,1,1,0.0
6,0,30,5,population_count,64,32,0,0,0,64,0,0,0,0,0,0,0,0,0,64,64,1,1,1,1,0.0
6,0,30,6,identity,64,64,0,0,0,64,0,0,0,0,0,0,0,0,0,64,64,1,1,1,1,0.0
6,0,30,6,population_count,64,64,0,0,0,64,0,0,0,0,0,0,0,0,0,64,64,1,1,1,1,0.0
6,0,51,0,identity,64,1,64,384,64,0,0,64,0,0,64,64,0,0,64,64,64,1,1,1,1,1.0
6,0,51,0,population_count,64,1,64,384,64,0,0,64,0,0,64,64,0,0,64,64,64,1,1,1,1,1.0
6,0,51,1,identity,64,2,64,384,64,0,64,0,64,0,0,64,0,0,64,64,128,1,1,2,2,0.5
6,0,51,1,population_count,64,2,64,384,64,0,64,0,64,0,0,64,0,0,64,64,128,1,1,2,2,0.5
6,0,51,2,identity,64,4,64,384,0,64,0,0,0,0,0,64,64,64,64,128,128,2,2,2,2,0.0
6,0,51,2,population_count,64,4,64,384,0,64,0,0,0,0,0,64,64,64,64,128,128,2,2,2,2,0.0
6,0,51,3,identity,64,8,64,384,0,64,0,0,0,0,0,64,64,64,64,128,128,2,2,2,2,0.0
6,0,51,3,population_count,64,8,64,384,0,64,0,0,0,0,0,64,64,64,64,128,128,2,2,2,2,0.0
6,0,51,4,identity,64,16,64,384,0,64,0,0,0,0,0,64,64,64,64,128,128,2,2,2,2,0.0
6,0,51,4,population_count,64,16,64,384,0,64,0,0,0,0,0,64,64,64,64,128,128,2,2,2,2,0.0
6,0,51,5,identity,64,32,64,384,0,64,0,0,0,0,0,64,64,64,64,128,128,2,2,2,2,0.0
6,0,51,5,population_count,64,32,64,384,0,64,0,0,0,0,0,64,64,64,64,128,128,2,2,2,2,0.0
6,0,51,6,identity,64,64,64,384,0,64,0,0,0,0,0,64,64,64,64,128,128,2,2,2,2,0.0
6,0,51,6,population_count,64,64,64,384,0,64,0,0,0,0,0,64,64,64,64,128,128,2,2,2,2,0.0
6,0,54,0,identity,64,1,0,0,0,64,0,0,0,0,0,0,0,0,0,64,64,1,1,1,1,0.0
6,0,54,0,population_count,64,1,0,0,0,64,0,0,0,0,0,0,0,0,0,64,64,1,1,1,1,0.0
6,0,54,1,identity,64,2,0,0,0,64,0,0,0,0,0,0,0,0,0,64,64,1,1,1,1,0.0
6,0,54,1,population_count,64,2,0,0,0,64,0,0,0,0,0,0,0,0,0,64,64,1,1,1,1,0.0
6,0,54,2,identity,64,4,0,0,0,64,0,0,0,0,0,0,0,0,0,64,64,1,1,1,1,0.0
6,0,54,2,population_count,64,4,0,0,0,64,0,0,0,0,0,0,0,0,0,64,64,1,1,1,1,0.0
6,0,54,3,identity,64,8,0,0,0,64,0,0,0,0,0,0,0,0,0,64,64,1,1,1,1,0.0
6,0,54,3,population_count,64,8,0,0,0,64,0,0,0,0,0,0,0,0,0,64,64,1,1,1,1,0.0
6,0,54,4,identity,64,16,0,0,0,64,0,0,0,0,0,0,0,0,0,64,64,1,1,1,1,0.0
6,0,54,4,population_count,64,16,0,0,0,64,0,0,0,0,0,0,0,0,0,64,64,1,1,1,1,0.0
6,0,54,5,identity,64,32,0,0,0,64,0,0,0,0,0,0,0,0,0,64,64,1,1,1,1,0.0
6,0,54,5,population_count,64,32,0,0,0,64,0,0,0,0,0,0,0,0,0,64,64,1,1,1,1,0.0
6,0,54,6,identity,64,64,0,0,0,64,0,0,0,0,0,0,0,0,0,64,64,1,1,1,1,0.0
6,0,54,6,population_count,64,64,0,0,0,64,0,0,0,0,0,0,0,0,0,64,64,1,1,1,1,0.0
6,0,90,0,identity,64,1,0,0,0,64,0,0,0,0,0,0,0,0,0,64,64,1,1,1,1,0.0
6,0,90,0,population_count,64,1,0,0,0,64,0,0,0,0,0,0,0,0,0,64,64,1,1,1,1,0.0
6,0,90,1,identity,64,2,0,0,0,64,0,0,0,0,0,0,0,0,0,64,64,1,1,1,1,0.0
6,0,90,1,population_count,64,2,0,0,0,64,0,0,0,0,0,0,0,0,0,64,64,1,1,1,1,0.0
6,0,90,2,identity,64,4,0,0,0,64,0,0,0,0,0,0,0,0,0,64,64,1,1,1,1,0.0
6,0,90,2,population_count,64,4,0,0,0,64,0,0,0,0,0,0,0,0,0,64,64,1,1,1,1,0.0
6,0,90,3,identity,64,8,0,0,0,64,0,0,0,0,0,0,0,0,0,64,64,1,1,1,1,0.0
6,0,90,3,population_count,64,8,0,0,0,64,0,0,0,0,0,0,0,0,0,64,64,1,1,1,1,0.0
6,0,90,4,identity,64,16,0,0,0,64,0,0,0,0,0,0,0,0,0,64,64,1,1,1,1,0.0
6,0,90,4,population_count,64,16,0,0,0,64,0,0,0,0,0,0,0,0,0,64,64,1,1,1,1,0.0
6,0,90,5,identity,64,32,0,0,0,64,0,0,0,0,0,0,0,0,0,64,64,1,1,1,1,0.0
6,0,90,5,population_count,64,32,0,0,0,64,0,0,0,0,0,0,0,0,0,64,64,1,1,1,1,0.0
6,0,90,6,identity,64,64,0,0,0,64,0,0,0,0,0,0,0,0,0,64,64,1,1,1,1,0.0
6,0,90,6,population_count,64,64,0,0,0,64,0,0,0,0,0,0,0,0,0,64,64,1,1,1,1,0.0
6,0,110,0,identity,64,1,0,0,0,64,0,0,0,0,0,0,0,0,0,64,64,1,1,1,1,0.0
6,0,110,0,population_count,64,1,0,0,0,64,0,0,0,0,0,0,0,0,0,64,64,1,1,1,1,0.0
6,0,110,1,identity,64,2,0,0,0,64,0,0,0,0,0,0,0,0,0,64,64,1,1,1,1,0.0
6,0,110,1,population_count,64,2,0,0,0,64,0,0,0,0,0,0,0,0,0,64,64,1,1,1,1,0.0
6,0,110,2,identity,64,4,0,0,0,64,0,0,0,0,0,0,0,0,0,64,64,1,1,1,1,0.0
6,0,110,2,population_count,64,4,0,0,0,64,0,0,0,0,0,0,0,0,0,64,64,1,1,1,1,0.0
6,0,110,3,identity,64,8,0,0,0,64,0,0,0,0,0,0,0,0,0,64,64,1,1,1,1,0.0
6,0,110,3,population_count,64,8,0,0,0,64,0,0,0,0,0,0,0,0,0,64,64,1,1,1,1,0.0
6,0,110,4,identity,64,16,0,0,0,64,0,0,0,0,0,0,0,0,0,64,64,1,1,1,1,0.0
6,0,110,4,population_count,64,16,0,0,0,64,0,0,0,0,0,0,0,0,0,64,64,1,1,1,1,0.0
6,0,110,5,identity,64,32,0,0,0,64,0,0,0,0,0,0,0,0,0,64,64,1,1,1,1,0.0
6,0,110,5,population_count,64,32,0,0,0,64,0,0,0,0,0,0,0,0,0,64,64,1,1,1,1,0.0
6,0,110,6,identity,64,64,0,0,0,64,0,0,0,0,0,0,0,0,0,64,64,1,1,1,1,0.0
6,0,110,6,population_count,64,64,0,0,0,64,0,0,0,0,0,0,0,0,0,64,64,1,1,1,1,0.0
6,0,150,0,identity,64,1,0,0,0,64,0,0,0,0,0,0,0,0,0,64,64,1,1,1,1,0.0
6,0,150,0,population_count,64,1,0,0,0,64,0,0,0,0,0,0,0,0,0,64,64,1,1,1,1,0.0
6,0,150,1,identity,64,2,0,0,0,64,0,0,0,0,0,0,0,0,0,64,64,1,1,1,1,0.0
6,0,150,1,population_count,64,2,0,0,0,64,0,0,0,0,0,0,0,0,0,64,64,1,1,1,1,0.0
6,0,150,2,identity,64,4,0,0,0,64,0,0,0,0,0,0,0,0,0,64,64,1,1,1,1,0.0
6,0,150,2,population_count,64,4,0,0,0,64,0,0,0,0,0,0,0,0,0,64,64,1,1,1,1,0.0
6,0,150,3,identity,64,8,0,0,0,64,0,0,0,0,0,0,0,0,0,64,64,1,1,1,1,0.0
6,0,150,3,population_count,64,8,0,0,0,64,0,0,0,0,0,0,0,0,0,64,64,1,1,1,1,0.0
6,0,150,4,identity,64,16,0,0,0,64,0,0,0,0,0,0,0,0,0,64,64,1,1,1,1,0.0
6,0,150,4,population_count,64,16,0,0,0,64,0,0,0,0,0,0,0,0,0,64,64,1,1,1,1,0.0
6,0,150,5,identity,64,32,0,0,0,64,0,0,0,0,0,0,0,0,0,64,64,1,1,1,1,0.0
6,0,150,5,population_count,64,32,0,0,0,64,0,0,0,0,0,0,0,0,0,64,64,1,1,1,1,0.0
6,0,150,6,identity,64,64,0,0,0,64,0,0,0,0,0,0,0,0,0,64,64,1,1,1,1,0.0
6,0,150,6,population_count,64,64,0,0,0,64,0,0,0,0,0,0,0,0,0,64,64,1,1,1,1,0.0
6,0,170,0,identity,64,1,0,0,0,64,0,0,0,0,0,0,0,0,0,64,64,1,1,1,1,0.0
6,0,170,0,population_count,64,1,0,0,0,64,0,0,0,0,0,0,0,0,0,64,64,1,1,1,1,0.0
6,0,170,1,identity,64,2,0,0,0,64,0,0,0,0,0,0,0,0,0,64,64,1,1,1,1,0.0
6,0,170,1,population_count,64,2,0,0,0,64,0,0,0,0,0,0,0,0,0,64,64,1,1,1,1,0.0
6,0,170,2,identity,64,4,0,0,0,64,0,0,0,0,0,0,0,0,0,64,64,1,1,1,1,0.0
6,0,170,2,population_count,64,4,0,0,0,64,0,0,0,0,0,0,0,0,0,64,64,1,1,1,1,0.0
6,0,170,3,identity,64,8,0,0,0,64,0,0,0,0,0,0,0,0,0,64,64,1,1,1,1,0.0
6,0,170,3,population_count,64,8,0,0,0,64,0,0,0,0,0,0,0,0,0,64,64,1,1,1,1,0.0
6,0,170,4,identity,64,16,0,0,0,64,0,0,0,0,0,0,0,0,0,64,64,1,1,1,1,0.0
6,0,170,4,population_count,64,16,0,0,0,64,0,0,0,0,0,0,0,0,0,64,64,1,1,1,1,0.0
6,0,170,5,identity,64,32,0,0,0,64,0,0,0,0,0,0,0,0,0,64,64,1,1,1,1,0.0
6,0,170,5,population_count,64,32,0,0,0,64,0,0,0,0,0,0,0,0,0,64,64,1,1,1,1,0.0
6,0,170,6,identity,64,64,0,0,0,64,0,0,0,0,0,0,0,0,0,64,64,1,1,1,1,0.0
6,0,170,6,population_count,64,64,0,0,0,64,0,0,0,0,0,0,0,0,0,64,64,1,1,1,1,0.0
6,0,184,0,identity,64,1,0,0,0,64,0,0,0,0,0,0,0,0,0,64,64,1,1,1,1,0.0
6,0,184,0,population_count,64,1,0,0,0,64,0,0,0,0,0,0,0,0,0,64,64,1,1,1,1,0.0
6,0,184,1,identity,64,2,0,0,0,64,0,0,0,0,0,0,0,0,0,64,64,1,1,1,1,0.0
6,0,184,1,population_count,64,2,0,0,0,64,0,0,0,0,0,0,0,0,0,64,64,1,1,1,1,0.0
6,0,184,2,identity,64,4,0,0,0,64,0,0,0,0,0,0,0,0,0,64,64,1,1,1,1,0.0
6,0,184,2,population_count,64,4,0,0,0,64,0,0,0,0,0,0,0,0,0,64,64,1,1,1,1,0.0
6,0,184,3,identity,64,8,0,0,0,64,0,0,0,0,0,0,0,0,0,64,64,1,1,1,1,0.0
6,0,184,3,population_count,64,8,0,0,0,64,0,0,0,0,0,0,0,0,0,64,64,1,1,1,1,0.0
6,0,184,4,identity,64,16,0,0,0,64,0,0,0,0,0,0,0,0,0,64,64,1,1,1,1,0.0
6,0,184,4,population_count,64,16,0,0,0,64,0,0,0,0,0,0,0,0,0,64,64,1,1,1,1,0.0
6,0,184,5,identity,64,32,0,0,0,64,0,0,0,0,0,0,0,0,0,64,64,1,1,1,1,0.0
6,0,184,5,population_count,64,32,0,0,0,64,0,0,0,0,0,0,0,0,0,64,64,1,1,1,1,0.0
6,0,184,6,identity,64,64,0,0,0,64,0,0,0,0,0,0,0,0,0,64,64,1,1,1,1,0.0
6,0,184,6,population_count,64,64,0,0,0,64,0,0,0,0,0,0,0,0,0,64,64,1,1,1,1,0.0
6,0,204,0,identity,64,1,0,0,0,64,0,0,0,0,0,0,0,0,0,64,64,1,1,1,1,0.0
6,0,204,0,population_count,64,1,0,0,0,64,0,0,0,0,0,0,0,0,0,64,64,1,1,1,1,0.0
6,0,204,1,identity,64,2,0,0,0,64,0,0,0,0,0,0,0,0,0,64,64,1,1,1,1,0.0
6,0,204,1,population_count,64,2,0,0,0,64,0,0,0,0,0,0,0,0,0,64,64,1,1,1,1,0.0
6,0,204,2,identity,64,4,0,0,0,64,0,0,0,0,0,0,0,0,0,64,64,1,1,1,1,0.0
6,0,204,2,population_count,64,4,0,0,0,64,0,0,0,0,0,0,0,0,0,64,64,1,1,1,1,0.0
6,0,204,3,identity,64,8,0,0,0,64,0,0,0,0,0,0,0,0,0,64,64,1,1,1,1,0.0
6,0,204,3,population_count,64,8,0,0,0,64,0,0,0,0,0,0,0,0,0,64,64,1,1,1,1,0.0
6,0,204,4,identity,64,16,0,0,0,64,0,0,0,0,0,0,0,0,0,64,64,1,1,1,1,0.0
6,0,204,4,population_count,64,16,0,0,0,64,0,0,0,0,0,0,0,0,0,64,64,1,1,1,1,0.0
6,0,204,5,identity,64,32,0,0,0,64,0,0,0,0,0,0,0,0,0,64,64,1,1,1,1,0.0
6,0,204,5,population_count,64,32,0,0,0,64,0,0,0,0,0,0,0,0,0,64,64,1,1,1,1,0.0
6,0,204,6,identity,64,64,0,0,0,64,0,0,0,0,0,0,0,0,0,64,64,1,1,1,1,0.0
6,0,204,6,population_count,64,64,0,0,0,64,0,0,0,0,0,0,0,0,0,64,64,1,1,1,1,0.0
6,0,250,0,identity,64,1,0,0,0,64,0,0,0,0,0,0,0,0,0,64,64,1,1,1,1,0.0
6,0,250,0,population_count,64,1,0,0,0,64,0,0,0,0,0,0,0,0,0,64,64,1,1,1,1,0.0
6,0,250,1,identity,64,2,0,0,0,64,0,0,0,0,0,0,0,0,0,64,64,1,1,1,1,0.0
6,0,250,1,population_count,64,2,0,0,0,64,0,0,0,0,0,0,0,0,0,64,64,1,1,1,1,0.0
6,0,250,2,identity,64,4,0,0,0,64,0,0,0,0,0,0,0,0,0,64,64,1,1,1,1,0.0
6,0,250,2,population_count,64,4,0,0,0,64,0,0,0,0,0,0,0,0,0,64,64,1,1,1,1,0.0
6,0,250,3,identity,64,8,0,0,0,64,0,0,0,0,0,0,0,0,0,64,64,1,1,1,1,0.0
6,0,250,3,population_count,64,8,0,0,0,64,0,0,0,0,0,0,0,0,0,64,64,1,1,1,1,0.0
6,0,250,4,identity,64,16,0,0,0,64,0,0,0,0,0,0,0,0,0,64,64,1,1,1,1,0.0
6,0,250,4,population_count,64,16,0,0,0,64,0,0,0,0,0,0,0,0,0,64,64,1,1,1,1,0.0
6,0,250,5,identity,64,32,0,0,0,64,0,0,0,0,0,0,0,0,0,64,64,1,1,1,1,0.0
6,0,250,5,population_count,64,32,0,0,0,64,0,0,0,0,0,0,0,0,0,64,64,1,1,1,1,0.0
6,0,250,6,identity,64,64,0,0,0,64,0,0,0,0,0,0,0,0,0,64,64,1,1,1,1,0.0
6,0,250,6,population_count,64,64,0,0,0,64,0,0,0,0,0,0,0,0,0,64,64,1,1,1,1,0.0
6,4,30,0,identity,64,1,54,144,54,10,0,54,0,0,54,54,0,0,54,64,64,1,1,1,1,0.84375
6,4,30,0,population_count,64,1,54,144,54,10,0,54,0,0,54,54,0,0,54,64,64,1,1,1,1,0.84375
6,4,30,1,identity,64,2,54,144,51,13,39,12,0,18,33,51,0,3,84,94,97,1,2,1,2,0.65625
6,4,30,1,population_count,64,2,54,144,51,13,39,12,0,18,33,51,0,3,78,94,97,1,2,1,2,0.625
6,4,30,2,identity,64,4,54,144,51,13,51,0,21,18,12,51,0,3,144,124,160,1,3,1,4,0.5640625
6,4,30,2,population_count,64,4,54,144,51,13,39,12,21,18,12,51,0,3,144,124,130,1,3,1,3,0.5
6,4,30,3,identity,64,8,54,144,51,13,45,6,21,18,12,51,0,3,234,172,214,1,5,1,6,0.6016369047619048
6,4,30,3,population_count,64,8,54,144,51,13,39,12,21,18,12,51,0,3,234,148,160,1,4,1,4,0.5453125000000001
6,4,30,4,identity,64,16,54,144,51,13,51,0,21,18,12,51,0,3,396,244,286,1,8,1,9,0.6363636363636365
6,4,30,4,population_count,64,16,54,144,45,19,45,0,21,18,6,51,6,9,396,172,184,1,5,1,5,0.515625
6,4,30,5,identity,64,32,54,144,51,13,51,0,21,18,12,51,0,3,654,316,358,1,11,1,12,0.6532670454545455
6,4,30,5,population_count,64,32,54,144,45,19,45,0,21,18,6,51,6,9,654,172,184,1,5,1,5,0.515625
6,4,30,6,identity,64,64,54,144,51,13,45,6,21,18,12,51,0,3,1092,412,430,1,15,1,15,0.6479295665634676
6,4,30,6,population_count,64,64,54,144,51,13,51,0,21,30,0,51,0,3,1092,196,184,1,6,1,5,0.5218750000000001
6,4,51,0,identity,64,1,62,288,62,2,0,62,0,0,62,62,0,0,62,64,64,1,1,1,1,0.96875
6,4,51,0,population_count,64,1,62,288,62,2,0,62,0,0,62,62,0,0,62,64,64,1,1,1,1,0.96875
6,4,51,1,identity,64,2,62,288,62,2,29,33,20,0,42,62,0,0,89,99,128,1,2,2,2,0.734375
6,4,51,1,population_count,64,2,62,288,62,2,29,33,20,0,42,62,0,0,89,97,126,1,2,1,2,0.671875
6,4,51,2,identity,64,4,62,288,42,22,42,0,0,9,33,62,20,20,143,194,161,2,4,2,3,0.46640625
6,4,51,2,population_count,64,4,62,288,42,22,42,0,0,21,21,62,20,20,143,192,159,1,4,1,3,0.35703125
6,4,51,3,identity,64,8,62,288,42,22,24,18,9,9,24,62,20,20,230,200,194,2,5,2,4,0.37500000000000006
6,4,51,3,population_count,64,8,62,288,30,34,24,6,9,9,12,62,32,32,230,198,192,1,5,1,4,0.25
6,4,51,4,identity,64,16,62,288,42,22,30,12,9,15,18,62,20,20,383,206,200,2,6,2,5,0.34375
6,4,51,4,population_count,64,16,62,288,30,34,30,0,9,15,6,62,32,32,383,204,198,1,6,1,5,0.21875
6,4,51,5,identity,64,32,62,288,42,22,30,12,15,15,12,62,20,20,641,206,206,2,6,2,6,0.328125
6,4,51,5,population_count,64,32,62,288,30,34,30,0,15,15,0,62,32,32,641,204,204,1,6,1,6,0.203125
6,4,51,6,identity,64,64,62,288,42,22,30,12,15,15,12,62,20,20,1082,206,206,2,6,2,6,0.328125
6,4,51,6,population_count,64,64,62,288,30,34,30,0,15,15,0,62,32,32,1082,204,204,1,6,1,6,0.203125
6,4,54,0,identity,64,1,56,168,56,8,0,56,0,0,56,56,0,0,56,64,64,1,1,1,1,0.875
6,4,54,0,population_count,64,1,56,168,56,8,0,56,0,0,56,56,0,0,56,64,64,1,1,1,1,0.875
6,4,54,1,identity,64,2,56,168,51,13,51,0,0,30,21,51,0,5,72,94,85,1,2,1,2,0.5625
6,4,54,1,population_count,64,2,56,168,51,13,51,0,0,30,21,51,0,5,72,94,85,1,2,1,2,0.5625
6,4,54,2,identity,64,4,56,168,51,13,51,0,21,30,0,51,0,5,114,124,118,1,3,1,4,0.5468750000000001
6,4,54,2,population_count,64,4,56,168,51,13,51,0,21,30,0,51,0,5,114,124,118,1,3,1,4,0.5468750000000001
6,4,54,3,identity,64,8,56,168,51,13,51,0,21,30,0,51,0,5,168,154,130,1,4,1,5,0.5953125
6,4,54,3,population_count,64,8,56,168,51,13,51,0,21,30,0,51,0,5,168,154,130,1,4,1,5,0.5953125
6,4,54,4,identity,64,16,56,168,51,13,51,0,21,30,0,51,0,5,264,184,130,1,5,1,5,0.6187499999999999
6,4,54,4,population_count,64,16,56,168,51,13,51,0,21,30,0,51,0,5,264,184,130,1,5,1,5,0.6187499999999999
6,4,54,5,identity,64,32,56,168,51,13,51,0,21,30,0,51,0,5,414,184,130,1,5,1,5,0.6187499999999999
6,4,54,5,population_count,64,32,56,168,51,13,51,0,21,30,0,51,0,5,414,184,130,1,5,1,5,0.6187499999999999
6,4,54,6,identity,64,64,56,168,51,13,51,0,21,30,0,51,0,5,660,184,130,1,5,1,5,0.6187499999999999
6,4,54,6,population_count,64,64,56,168,51,13,51,0,21,30,0,51,0,5,660,184,130,1,5,1,5,0.6187499999999999
6,4,90,0,identity,64,1,27,72,27,37,0,27,0,0,27,27,0,0,27,64,64,1,1,1,1,0.421875
6,4,90,0,population_count,64,1,27,72,21,43,0,21,0,0,21,21,0,6,21,64,64,1,1,1,1,0.328125
6,4,90,1,identity,64,2,27,72,21,43,21,0,0,3,18,27,6,6,51,97,88,1,2,1,2,0.3046875
6,4,90,1,population_count,64,2,27,72,21,43,3,18,0,3,18,21,0,6,39,67,64,1,2,1,1,0.3046875
6,4,90,2,identity,64,4,27,72,21,43,21,0,0,3,18,27,6,6,99,97,88,1,2,1,2,0.3046875
6,4,90,2,population_count,64,4,27,72,21,43,3,18,0,3,18,21,0,6,75,67,64,1,2,1,1,0.3046875
6,4,90,3,identity,64,8,27,72,21,43,21,0,0,3,18,27,6,6,195,97,88,1,2,1,2,0.3046875
6,4,90,3,population_count,64,8,27,72,21,43,3,18,0,3,18,21,0,6,147,67,64,1,2,1,1,0.3046875
6,4,90,4,identity,64,16,27,72,21,43,21,0,0,3,18,27,6,6,387,97,88,1,2,1,2,0.3046875
6,4,90,4,population_count,64,16,27,72,21,43,3,18,0,3,18,21,0,6,291,67,64,1,2,1,1,0.3046875
6,4,90,5,identity,64,32,27,72,21,43,21,0,0,3,18,27,6,6,771,97,88,1,2,1,2,0.3046875
6,4,90,5,population_count,64,32,27,72,21,43,3,18,0,3,18,21,0,6,579,67,64,1,2,1,1,0.3046875
6,4,90,6,identity,64,64,27,72,21,43,21,0,0,3,18,27,6,6,1539,97,88,1,2,1,2,0.3046875
6,4,90,6,population_count,64,64,27,72,21,43,3,18,0,3,18,21,0,6,1155,67,64,1,2,1,1,0.3046875
6,4,110,0,identity,64,1,47,108,47,17,0,47,0,0,47,47,0,0,47,64,64,1,1,1,1,0.734375
6,4,110,0,population_count,64,1,47,108,47,17,0,47,0,0,47,47,0,0,47,64,64,1,1,1,1,0.734375
6,4,110,1,identity,64,2,47,108,45,19,45,0,0,33,12,45,0,2,57,97,76,1,2,1,2,0.4453125
6,4,110,1,population_count,64,2,47,108,45,19,45,0,0,33,12,45,0,2,57,97,76,1,2,1,2,0.4453125
6,4,110,2,identity,64,4,47,108,42,22,42,0,12,30,0,42,0,5,72,100,100,1,3,1,4,0.390625
6,4,110,2,population_count,64,4,47,108,42,22,42,0,12,30,0,42,0,5,72,100,100,1,3,1,4,0.390625
6,4,110,3,identity,64,8,47,108,42,22,42,0,12,30,0,42,0,5,114,130,112,1,4,1,5,0.4703125
6,4,110,3,population_count,64,8,47,108,42,22,42,0,12,30,0,42,0,5,114,130,100,1,4,1,4,0.46093750000000006
6,4,110,4,identity,64,16,47,108,42,22,42,0,12,30,0,42,0,5,168,160,124,1,5,1,6,0.5125
6,4,110,4,population_count,64,16,47,108,42,22,42,0,12,30,0,42,0,5,168,154,112,1,4,1,5,0.5015625
6,4,110,5,identity,64,32,47,108,42,22,42,0,12,30,0,42,0,5,240,196,136,1,7,1,7,0.5410714285714285
6,4,110,5,population_count,64,32,47,108,42,22,42,0,12,30,0,42,0,5,240,160,112,1,5,1,5,0.50625
6,4,110,6,identity,64,64,47,108,42,22,42,0,12,30,0,42,0,5,354,256,148,1,9,1,8,0.5688244047619049
6,4,110,6,population_count,64,64,47,108,42,22,42,0,12,30,0,42,0,5,354,184,112,1,5,1,5,0.525
6,4,150,0,identity,64,1,45,144,45,19,0,45,0,0,45,45,0,0,45,64,64,1,1,1,1,0.703125
6,4,150,0,population_count,64,1,45,144,45,19,0,45,0,0,45,45,0,0,45,64,64,1,1,1,1,0.703125
6,4,150,1,identity,64,2,45,144,39,25,27,12,0,21,18,39,0,6,57,91,76,1,2,1,2,0.4453125
6,4,150,1,population_count,64,2,45,144,39,25,27,12,0,21,18,39,0,6,57,91,76,1,2,1,2,0.4453125
6,4,150,2,identity,64,4,45,144,39,25,33,6,6,21,12,39,0,6,105,91,88,1,2,1,3,0.390625
6,4,150,2,population_count,64,4,45,144,39,25,33,6,6,21,12,39,0,6,105,91,88,1,2,1,3,0.390625
6,4,150,3,identity,64,8,45,144,39,25,33,6,6,21,12,39,0,6,189,91,88,1,2,1,3,0.390625
6,4,150,3,population_count,64,8,45,144,39,25,33,6,6,21,12,39,0,6,189,91,88,1,2,1,3,0.390625
6,4,150,4,identity,64,16,45,144,39,25,33,6,6,21,12,39,0,6,345,91,88,1,2,1,3,0.390625
6,4,150,4,population_count,64,16,45,144,39,25,33,6,6,21,12,39,0,6,345,91,88,1,2,1,3,0.390625
6,4,150,5,identity,64,32,45,144,39,25,33,6,6,21,12,39,0,6,645,91,88,1,2,1,3,0.390625
6,4,150,5,population_count,64,32,45,144,39,25,33,6,6,21,12,39,0,6,645,91,88,1,2,1,3,0.390625
6,4,150,6,identity,64,64,45,144,39,25,33,6,6,21,12,39,0,6,1233,91,88,1,2,1,3,0.390625
6,4,150,6,population_count,64,64,45,144,39,25,33,6,6,21,12,39,0,6,1233,91,88,1,2,1,3,0.390625
6,4,170,0,identity,64,1,0,0,0,64,0,0,0,0,0,0,0,0,0,64,64,1,1,1,1,0.0
6,4,170,0,population_count,64,1,0,0,0,64,0,0,0,0,0,0,0,0,0,64,64,1,1,1,1,0.0
6,4,170,1,identity,64,2,0,0,0,64,0,0,0,0,0,0,0,0,0,99,99,1,2,1,2,0.0
6,4,170,1,population_count,64,2,0,0,0,64,0,0,0,0,0,0,0,0,0,64,64,1,1,1,1,0.0
6,4,170,2,identity,64,4,0,0,0,64,0,0,0,0,0,0,0,0,0,132,132,1,3,1,3,0.0
6,4,170,2,population_count,64,4,0,0,0,64,0,0,0,0,0,0,0,0,0,64,64,1,1,1,1,0.0
6,4,170,3,identity,64,8,0,0,0,64,0,0,0,0,0,0,0,0,0,162,162,1,4,1,4,0.0
6,4,170,3,population_count,64,8,0,0,0,64,0,0,0,0,0,0,0,0,0,64,64,1,1,1,1,0.0
6,4,170,4,identity,64,16,0,0,0,64,0,0,0,0,0,0,0,0,0,192,192,1,5,1,5,0.0
6,4,170,4,population_count,64,16,0,0,0,64,0,0,0,0,0,0,0,0,0,64,64,1,1,1,1,0.0
6,4,170,5,identity,64,32,0,0,0,64,0,0,0,0,0,0,0,0,0,222,222,1,6,1,6,0.0
6,4,170,5,population_count,64,32,0,0,0,64,0,0,0,0,0,0,0,0,0,64,64,1,1,1,1,0.0
6,4,170,6,identity,64,64,0,0,0,64,0,0,0,0,0,0,0,0,0,222,222,1,6,1,6,0.0
6,4,170,6,population_count,64,64,0,0,0,64,0,0,0,0,0,0,0,0,0,64,64,1,1,1,1,0.0
6,4,184,0,identity,64,1,36,60,36,28,0,36,0,0,36,36,0,0,36,64,64,1,1,1,1,0.5625
6,4,184,0,population_count,64,1,36,60,24,40,0,24,0,0,24,24,0,12,24,64,64,1,1,1,1,0.375
6,4,184,1,identity,64,2,36,60,36,28,18,18,0,0,36,36,0,0,72,99,117,1,2,1,2,0.5625
6,4,184,1,population_count,64,2,36,60,24,40,0,24,0,0,24,24,0,12,48,64,64,1,1,1,1,0.375
6,4,184,2,identity,64,4,36,60,36,28,24,12,0,0,36,36,0,0,144,132,162,1,3,1,3,0.54375
6,4,184,2,population_count,64,4,36,60,24,40,0,24,0,0,24,24,0,12,96,64,64,1,1,1,1,0.375
6,4,184,3,identity,64,8,36,60,36,28,24,12,0,0,36,36,0,0,288,162,204,1,4,1,4,0.5
6,4,184,3,population_count,64,8,36,60,24,40,0,24,0,0,24,24,0,12,192,64,64,1,1,1,1,0.375
6,4,184,4,identity,64,16,36,60,36,28,24,12,0,0,36,36,0,0,576,192,246,1,5,1,5,0.4375
6,4,184,4,population_count,64,16,36,60,24,40,0,24,0,0,24,24,0,12,384,64,64,1,1,1,1,0.375
6,4,184,5,identity,64,32,36,60,24,40,24,0,0,0,24,36,12,12,1152,222,288,1,6,1,6,0.375
6,4,184,5,population_count,64,32,36,60,24,40,0,24,0,0,24,24,0,12,768,64,64,1,1,1,1,0.375
6,4,184,6,identity,64,64,36,60,24,40,24,0,0,0,24,36,12,12,2304,222,288,1,6,1,6,0.375
6,4,184,6,population_count,64,64,36,60,24,40,0,24,0,0,24,24,0,12,1536,64,64,1,1,1,1,0.375
6,4,204,0,identity,64,1,0,0,0,64,0,0,0,0,0,0,0,0,0,64,64,1,1,1,1,0.0
6,4,204,0,population_count,64,1,0,0,0,64,0,0,0,0,0,0,0,0,0,64,64,1,1,1,1,0.0
6,4,204,1,identity,64,2,0,0,0,64,0,0,0,0,0,0,0,0,0,64,64,1,1,1,1,0.0
6,4,204,1,population_count,64,2,0,0,0,64,0,0,0,0,0,0,0,0,0,64,64,1,1,1,1,0.0
6,4,204,2,identity,64,4,0,0,0,64,0,0,0,0,0,0,0,0,0,64,64,1,1,1,1,0.0
6,4,204,2,population_count,64,4,0,0,0,64,0,0,0,0,0,0,0,0,0,64,64,1,1,1,1,0.0
6,4,204,3,identity,64,8,0,0,0,64,0,0,0,0,0,0,0,0,0,64,64,1,1,1,1,0.0
6,4,204,3,population_count,64,8,0,0,0,64,0,0,0,0,0,0,0,0,0,64,64,1,1,1,1,0.0
6,4,204,4,identity,64,16,0,0,0,64,0,0,0,0,0,0,0,0,0,64,64,1,1,1,1,0.0
6,4,204,4,population_count,64,16,0,0,0,64,0,0,0,0,0,0,0,0,0,64,64,1,1,1,1,0.0
6,4,204,5,identity,64,32,0,0,0,64,0,0,0,0,0,0,0,0,0,64,64,1,1,1,1,0.0
6,4,204,5,population_count,64,32,0,0,0,64,0,0,0,0,0,0,0,0,0,64,64,1,1,1,1,0.0
6,4,204,6,identity,64,64,0,0,0,64,0,0,0,0,0,0,0,0,0,64,64,1,1,1,1,0.0
6,4,204,6,population_count,64,64,0,0,0,64,0,0,0,0,0,0,0,0,0,64,64,1,1,1,1,0.0
6,4,250,0,identity,64,1,21,48,21,43,0,21,0,0,21,21,0,0,21,64,64,1,1,1,1,0.328125
6,4,250,0,population_count,64,1,21,48,21,43,0,21,0,0,21,21,0,0,21,64,64,1,1,1,1,0.328125
6,4,250,1,identity,64,2,21,48,21,43,21,0,0,3,18,21,0,0,39,99,78,1,2,1,2,0.3046875
6,4,250,1,population_count,64,2,21,48,21,43,21,0,0,3,18,21,0,0,39,91,70,1,2,1,2,0.3046875
6,4,250,2,identity,64,4,21,48,21,43,21,0,0,3,18,21,0,0,75,123,84,1,3,1,3,0.3046875
6,4,250,2,population_count,64,4,21,48,21,43,21,0,0,3,18,21,0,0,75,91,70,1,2,1,2,0.3046875
6,4,250,3,identity,64,8,21,48,21,43,21,0,0,3,18,21,0,0,147,123,84,1,3,1,3,0.3046875
6,4,250,3,population_count,64,8,21,48,21,43,21,0,0,3,18,21,0,0,147,91,70,1,2,1,2,0.3046875
6,4,250,4,identity,64,16,21,48,21,43,21,0,0,3,18,21,0,0,291,123,84,1,3,1,3,0.3046875
6,4,250,4,population_count,64,16,21,48,21,43,21,0,0,3,18,21,0,0,291,91,70,1,2,1,2,0.3046875
6,4,250,5,identity,64,32,21,48,21,43,21,0,0,3,18,21,0,0,579,123,84,1,3,1,3,0.3046875
6,4,250,5,population_count,64,32,21,48,21,43,21,0,0,3,18,21,0,0,579,91,70,1,2,1,2,0.3046875
6,4,250,6,identity,64,64,21,48,21,43,21,0,0,3,18,21,0,0,1155,123,84,1,3,1,3,0.3046875
6,4,250,6,population_count,64,64,21,48,21,43,21,0,0,3,18,21,0,0,1155,91,70,1,2,1,2,0.3046875
6,30,51,0,identity,64,1,62,192,62,2,0,62,0,0,62,62,0,0,62,64,64,1,1,1,1,0.96875
6,30,51,0,population_count,64,1,62,192,32,32,0,32,0,0,32,32,0,30,32,64,64,1,1,1,1,0.5
6,30,51,1,identity,64,2,62,192,62,2,5,57,2,0,60,62,0,0,122,126,125,1,2,1,2,0.9375
6,30,51,1,population_count,64,2,62,192,50,14,38,12,14,12,24,50,0,12,74,91,93,1,2,1,2,0.5625
6,30,51,2,identity,64,4,62,192,60,4,18,42,0,0,60,62,2,2,239,233,233,2,4,2,4,0.8828125
6,30,51,2,population_count,64,4,62,192,54,10,36,18,12,18,24,62,8,8,167,132,126,1,3,1,3,0.5
6,30,51,3,identity,64,8,62,192,60,4,30,30,3,0,57,62,2,2,467,368,368,2,7,2,7,0.8233001373626374
6,30,51,3,population_count,64,8,62,192,42,22,33,9,9,12,21,62,20,20,359,156,159,1,3,1,3,0.375
6,30,51,4,identity,64,16,62,192,60,4,42,18,3,3,54,62,2,2,905,569,569,2,12,2,12,0.7522050865800867
6,30,51,4,population_count,64,16,62,192,42,22,36,6,15,9,18,62,20,20,731,171,177,1,3,1,4,0.3046875
6,30,51,5,identity,64,32,62,192,60,4,48,12,9,3,48,62,2,2,1745,791,785,2,19,2,19,0.6977073712027915
6,30,51,5,population_count,64,32,62,192,48,16,42,6,21,15,12,62,14,14,1457,189,189,1,4,1,4,0.3015625
6,30,51,6,identity,64,64,62,192,60,4,60,0,9,9,42,62,2,2,3365,1037,1025,2,28,2,27,0.6252483934339514
6,30,51,6,population_count,64,64,62,192,42,22,6,36,3,3,36,62,20,20,2867,213,213,1,4,1,4,0.33125000000000004
6,30,54,0,identity,64,1,56,144,56,8,0,56,0,0,56,56,0,0,56,64,64,1,1,1,1,0.875
6,30,54,0,population_count,64,1,56,144,38,26,0,38,0,0,38,38,0,18,38,64,64,1,1,1,1,0.59375
6,30,54,1,identity,64,2,56,144,54,10,6,48,0,0,54,54,0,2,108,112,106,1,2,1,2,0.84375
6,30,54,1,population_count,64,2,56,144,36,28,24,12,0,18,18,36,0,20,54,106,82,1,2,1,2,0.421875
6,30,54,2,identity,64,4,56,144,54,10,30,24,6,0,48,54,0,2,216,190,178,1,4,1,4,0.796875
6,30,54,2,population_count,64,4,56,144,42,22,24,18,6,0,36,42,0,14,132,106,106,1,2,1,2,0.515625
6,30,54,3,identity,64,8,56,144,54,10,42,12,6,0,48,54,0,2,432,274,334,1,8,1,8,0.7536057692307692
6,30,54,3,population_count,64,8,56,144,42,22,30,12,6,0,36,42,0,14,264,142,148,1,3,1,4,0.5125000000000001
6,30,54,4,identity,64,16,56,144,54,10,42,12,6,12,36,54,0,2,768,442,496,1,11,1,14,0.7314664502164503
6,30,54,4,population_count,64,16,56,144,42,22,36,6,6,12,24,42,0,14,528,190,208,1,5,1,5,0.5272321428571429
6,30,54,5,identity,64,32,56,144,54,10,42,12,6,12,36,54,0,2,1428,688,730,1,19,1,19,0.6618718577174459
6,30,54,5,population_count,64,32,56,144,42,22,42,0,12,12,18,42,0,14,1008,250,262,1,7,1,7,0.48616071428571433
6,30,54,6,identity,64,64,56,144,54,10,42,12,12,12,30,54,0,2,2520,964,1000,1,25,1,25,0.585966939953639
6,30,54,6,population_count,64,64,56,144,42,22,42,0,18,12,12,42,0,14,1692,286,298,1,7,1,7,0.4040178571428571
6,30,90,0,identity,64,1,48,144,48,16,0,48,0,0,48,48,0,0,48,64,64,1,1,1,1,0.75
6,30,90,0,population_count,64,1,48,144,48,16,0,48,0,0,48,48,0,0,48,64,64,1,1,1,1,0.75
6,30,90,1,identity,64,2,48,144,48,16,3,45,0,0,48,48,0,0,87,121,124,1,2,1,2,0.703125
6,30,90,1,population_count,64,2,48,144,24,40,3,21,0,0,24,36,12,24,57,121,124,1,2,1,2,0.265625
6,30,90,2,identity,64,4,48,144,48,16,30,18,3,0,45,48,0,0,156,217,232,1,4,1,4,0.653125
6,30,90,2,population_count,64,4,48,144,42,22,27,15,15,6,21,48,6,6,114,142,160,1,3,1,3,0.34375000000000006
6,30,90,3,identity,64,8,48,144,48,16,48,0,3,3,42,48,0,0,282,331,400,1,6,1,8,0.5584134615384615
6,30,90,3,population_count,64,8,48,144,45,19,39,6,33,0,12,48,3,3,228,199,244,1,4,1,4,0.24609375
6,30,90,4,identity,64,16,48,144,48,16,36,12,9,3,36,48,0,0,504,460,532,1,10,1,12,0.4508567090803933
6,30,90,4,population_count,64,16,48,144,33,31,27,6,27,0,6,48,15,15,396,235,268,1,4,1,5,0.14765625
6,30,90,5,identity,64,32,48,144,48,16,36,12,15,3,30,48,0,0,894,553,616,1,13,1,14,0.34350818452380955
6,30,90,5,population_count,64,32,48,144,21,43,21,0,15,6,0,48,27,27,696,253,268,1,5,1,5,0.09140625
6,30,90,6,identity,64,64,48,144,45,19,33,12,15,18,12,48,3,3,1608,589,628,1,14,1,14,0.28818824404761906
6,30,90,6,population_count,64,64,48,144,21,43,21,0,15,6,0,48,27,27,1242,253,268,1,5,1,5,0.09140625
6,30,110,0,identity,64,1,56,216,56,8,0,56,0,0,56,56,0,0,56,64,64,1,1,1,1,0.875
6,30,110,0,population_count,64,1,56,216,56,8,0,56,0,0,56,56,0,0,56,64,64,1,1,1,1,0.875
6,30,110,1,identity,64,2,56,216,54,10,12,42,0,0,54,54,0,2,102,115,121,1,2,1,2,0.7500000000000001
6,30,110,1,population_count,64,2,56,216,54,10,24,30,6,6,42,54,0,2,90,103,109,1,2,1,2,0.6875
6,30,110,2,identity,64,4,56,216,54,10,30,24,3,3,48,54,0,2,186,214,214,1,4,1,4,0.690625
6,30,110,2,population_count,64,4,56,216,54,10,54,0,15,21,18,54,0,2,132,142,142,1,4,1,4,0.540625
6,30,110,3,identity,64,8,56,216,54,10,48,6,3,3,48,54,0,2,360,382,388,1,8,1,8,0.6688041125541127
6,30,110,3,population_count,64,8,56,216,48,16,42,6,9,9,30,54,6,8,282,202,214,1,5,1,5,0.4375
6,30,110,4,identity,64,16,56,216,54,10,48,6,3,3,48,54,0,2,690,634,646,1,15,1,13,0.6372781826416338
6,30,110,4,population_count,64,16,56,216,36,28,12,24,3,3,30,54,18,20,498,262,286,1,5,1,5,0.3035714285714286
6,30,110,5,identity,64,32,56,216,54,10,48,6,3,3,48,54,0,2,1344,1006,1054,1,25,1,21,0.573727639599575
6,30,110,5,population_count,64,32,56,216,48,16,48,0,27,15,6,54,6,8,906,280,334,1,7,1,7,0.2946428571428571
6,30,110,6,identity,64,64,56,216,54,10,48,6,9,3,42,54,0,2,2628,1504,1582,1,36,1,32,0.5026719770265966
6,30,110,6,population_count,64,64,56,216,48,16,48,0,33,15,0,54,6,8,1692,322,370,1,7,1,7,0.22321428571428573
6,30,150,0,identity,64,1,60,192,60,4,0,60,0,0,60,60,0,0,60,64,64,1,1,1,1,0.9375
6,30,150,0,population_count,64,1,60,192,42,22,0,42,0,0,42,42,0,18,42,64,64,1,1,1,1,0.65625
6,30,150,1,identity,64,2,60,192,60,4,24,36,0,6,54,60,0,0,114,100,100,1,2,1,2,0.859375
6,30,150,1,population_count,64,2,60,192,54,10,30,24,12,6,36,54,0,6,90,82,100,1,2,1,2,0.671875
6,30,150,2,identity,64,4,60,192,54,10,54,0,6,6,42,60,6,6,204,124,160,1,3,1,4,0.75
6,30,150,2,population_count,64,4,60,192,54,10,30,24,12,12,30,60,6,6,162,106,112,1,2,1,2,0.625
6,30,150,3,identity,64,8,60,192,54,10,48,6,6,12,36,60,6,6,354,160,184,1,5,1,5,0.6895833333333333
6,30,150,3,population_count,64,8,60,192,54,10,48,6,12,12,30,60,6,6,288,106,136,1,2,1,3,0.6015625
6,30,150,4,identity,64,16,60,192,54,10,54,0,24,12,18,60,6,6,630,178,256,1,6,1,8,0.6368202110389611
6,30,150,4,population_count,64,16,60,192,54,10,54,0,24,12,18,60,6,6,516,124,160,1,3,1,4,0.540625
6,30,150,5,identity,64,32,60,192,54,10,54,0,24,18,12,60,6,6,1164,214,232,1,8,1,7,0.6137885551948052
6,30,150,5,population_count,64,32,60,192,54,10,48,6,24,18,12,60,6,6,948,142,160,1,4,1,4,0.50625
6,30,150,6,identity,64,64,60,192,54,10,54,0,24,18,12,60,6,6,2142,196,256,1,7,1,8,0.6171367694805194
6,30,150,6,population_count,64,64,60,192,54,10,48,6,24,18,12,60,6,6,1716,142,160,1,4,1,4,0.50625
6,30,170,0,identity,64,1,0,0,0,64,0,0,0,0,0,0,0,0,0,64,64,1,1,1,1,0.0
6,30,170,0,population_count,64,1,0,0,0,64,0,0,0,0,0,0,0,0,0,64,64,1,1,1,1,0.0
6,30,170,1,identity,64,2,0,0,0,64,0,0,0,0,0,0,0,0,0,126,126,1,2,1,2,0.0
6,30,170,1,population_count,64,2,0,0,0,64,0,0,0,0,0,0,0,0,0,112,112,1,2,1,2,0.0
6,30,170,2,identity,64,4,0,0,0,64,0,0,0,0,0,0,0,0,0,183,183,1,3,1,3,0.0
6,30,170,2,population_count,64,4,0,0,0,64,0,0,0,0,0,0,0,0,0,139,139,1,3,1,3,0.0
6,30,170,3,identity,64,8,0,0,0,64,0,0,0,0,0,0,0,0,0,237,237,1,4,1,4,0.0
6,30,170,3,population_count,64,8,0,0,0,64,0,0,0,0,0,0,0,0,0,169,169,1,4,1,4,0.0
6,30,170,4,identity,64,16,0,0,0,64,0,0,0,0,0,0,0,0,0,285,285,1,5,1,5,0.0
6,30,170,4,population_count,64,16,0,0,0,64,0,0,0,0,0,0,0,0,0,193,193,1,4,1,4,0.0
6,30,170,5,identity,64,32,0,0,0,64,0,0,0,0,0,0,0,0,0,327,327,1,6,1,6,0.0
6,30,170,5,population_count,64,32,0,0,0,64,0,0,0,0,0,0,0,0,0,211,211,1,4,1,4,0.0
6,30,170,6,identity,64,64,0,0,0,64,0,0,0,0,0,0,0,0,0,363,363,1,7,1,7,0.0
6,30,170,6,population_count,64,64,0,0,0,64,0,0,0,0,0,0,0,0,0,229,229,1,5,1,5,0.0
6,30,184,0,identity,64,1,57,168,57,7,0,57,0,0,57,57,0,0,57,64,64,1,1,1,1,0.890625
6,30,184,0,population_count,64,1,57,168,24,40,0,24,0,0,24,24,0,33,24,64,64,1,1,1,1,0.375
6,30,184,1,identity,64,2,57,168,57,7,0,57,0,0,57,57,0,0,111,126,126,1,2,1,2,0.875
6,30,184,1,population_count,64,2,57,168,30,34,18,12,0,6,24,36,6,27,54,118,112,1,2,1,2,0.35937500000000006
6,30,184,2,identity,64,4,57,168,57,7,12,45,0,0,57,57,0,0,207,225,225,1,4,1,4,0.7957589285714286
6,30,184,2,population_count,64,4,57,168,30,34,24,6,12,0,18,36,6,27,114,127,145,1,3,1,3,0.31250000000000006
6,30,184,3,identity,64,8,57,168,57,7,36,21,0,0,57,57,0,0,381,351,375,1,8,1,8,0.6857819264069265
6,30,184,3,population_count,64,8,57,168,24,40,18,6,6,0,18,36,12,33,222,163,181,1,4,1,4,0.265625
6,30,184,4,identity,64,16,57,168,57,7,30,27,0,0,57,57,0,0,711,489,537,1,14,1,14,0.6103335084033613
6,30,184,4,population_count,64,16,57,168,24,40,18,6,0,0,24,36,12,33,450,187,199,1,4,1,4,0.29062499999999997
6,30,184,5,identity,64,32,57,168,57,7,36,21,0,0,57,57,0,0,1335,651,687,1,22,1,22,0.5631184998833109
6,30,184,5,population_count,64,32,57,168,30,34,24,6,6,0,24,36,6,27,918,199,211,1,4,1,4,0.3046875
6,30,184,6,identity,64,64,57,168,57,7,36,21,6,0,51,57,0,0,2529,807,813,1,30,1,30,0.4913529179154179
6,30,184,6,population_count,64,64,57,168,30,34,24,6,12,0,18,36,6,27,1872,217,229,1,4,1,5,0.2625
6,30,204,0,identity,64,1,0,0,0,64,0,0,0,0,0,0,0,0,0,64,64,1,1,1,1,0.0
6,30,204,0,population_count,64,1,0,0,0,64,0,0,0,0,0,0,0,0,0,64,64,1,1,1,1,0.0
6,30,204,1,identity,64,2,0,0,0,64,0,0,0,0,0,0,0,0,0,124,124,1,2,1,2,0.0
6,30,204,1,population_count,64,2,0,0,0,64,0,0,0,0,0,0,0,0,0,112,112,1,2,1,2,0.0
6,30,204,2,identity,64,4,0,0,0,64,0,0,0,0,0,0,0,0,0,181,181,1,3,1,3,0.0
6,30,204,2,population_count,64,4,0,0,0,64,0,0,0,0,0,0,0,0,0,139,139,1,3,1,3,0.0
6,30,204,3,identity,64,8,0,0,0,64,0,0,0,0,0,0,0,0,0,235,235,1,4,1,4,0.0
6,30,204,3,population_count,64,8,0,0,0,64,0,0,0,0,0,0,0,0,0,169,169,1,4,1,4,0.0
6,30,204,4,identity,64,16,0,0,0,64,0,0,0,0,0,0,0,0,0,283,283,1,5,1,5,0.0
6,30,204,4,population_count,64,16,0,0,0,64,0,0,0,0,0,0,0,0,0,193,193,1,4,1,4,0.0
6,30,204,5,identity,64,32,0,0,0,64,0,0,0,0,0,0,0,0,0,325,325,1,6,1,6,0.0
6,30,204,5,population_count,64,32,0,0,0,64,0,0,0,0,0,0,0,0,0,211,211,1,4,1,4,0.0
6,30,204,6,identity,64,64,0,0,0,64,0,0,0,0,0,0,0,0,0,361,361,1,7,1,7,0.0
6,30,204,6,population_count,64,64,0,0,0,64,0,0,0,0,0,0,0,0,0,229,229,1,5,1,5,0.0
6,30,250,0,identity,64,1,60,192,60,4,0,60,0,0,60,60,0,0,60,64,64,1,1,1,1,0.9375
6,30,250,0,population_count,64,1,60,192,60,4,0,60,0,0,60,60,0,0,60,64,64,1,1,1,1,0.9375
6,30,250,1,identity,64,2,60,192,60,4,15,45,0,0,60,60,0,0,114,126,111,1,2,1,2,0.890625
6,30,250,1,population_count,64,2,60,192,60,4,27,33,6,0,54,60,0,0,108,118,103,1,2,1,2,0.84375
6,30,250,2,identity,64,4,60,192,60,4,36,24,3,9,48,60,0,0,201,201,180,1,4,1,4,0.7975446428571429
6,30,250,2,population_count,64,4,60,192,60,4,54,6,9,9,42,60,0,0,183,187,148,1,4,1,4,0.7537946428571429
6,30,250,3,identity,64,8,60,192,60,4,54,6,9,15,36,60,0,0,375,267,270,1,6,1,7,0.7287439123376624
6,30,250,3,population_count,64,8,60,192,60,4,60,0,9,15,36,60,0,0,363,223,232,1,5,1,6,0.6274553571428572
6,30,250,4,identity,64,16,60,192,60,4,54,6,15,15,30,60,0,0,669,327,366,1,8,1,11,0.6962253891941392
6,30,250,4,population_count,64,16,60,192,42,22,42,0,15,21,6,60,18,18,639,283,262,1,7,1,7,0.49218750000000006
6,30,250,5,identity,64,32,60,192,60,4,54,6,15,15,30,60,0,0,1215,387,426,1,10,1,13,0.7183865307486631
6,30,250,5,population_count,64,32,60,192,42,22,42,0,15,21,6,60,18,18,1161,283,262,1,7,1,7,0.49218750000000006
6,30,250,6,identity,64,64,60,192,60,4,54,6,15,21,24,60,0,0,2205,447,486,1,12,1,15,0.7052866541353384
6,30,250,6,population_count,64,64,60,192,42,22,42,0,15,21,6,60,18,18,2127,283,262,1,7,1,7,0.49218750000000006
6,51,54,0,identity,64,1,64,192,64,0,0,64,0,0,64,64,0,0,64,64,64,1,1,1,1,1.0
6,51,54,0,population_count,64,1,64,192,64,0,0,64,0,0,64,64,0,0,64,64,64,1,1,1,1,1.0
6,51,54,1,identity,64,2,64,192,64,0,40,24,2,8,54,64,0,0,118,105,105,1,2,1,2,0.84375
6,51,54,1,population_count,64,2,64,192,64,0,40,24,14,8,42,64,0,0,106,105,105,1,2,1,2,0.75
6,51,54,2,identity,64,4,64,192,60,4,48,12,6,12,42,64,4,4,223,170,182,2,4,2,4,0.60625
6,51,54,2,population_count,64,4,64,192,60,4,48,12,18,12,30,64,4,4,199,170,182,2,4,2,4,0.48125
6,51,54,3,identity,64,8,64,192,60,4,39,21,18,21,21,64,4,4,427,221,218,2,5,2,5,0.44375
6,51,54,3,population_count,64,8,64,192,60,4,39,21,18,21,21,64,4,4,379,221,218,2,5,2,5,0.35
6,51,54,4,identity,64,16,64,192,42,22,36,6,9,15,18,64,22,22,799,245,251,2,5,2,5,0.29531250000000003
6,51,54,4,population_count,64,16,64,192,42,22,36,6,21,15,6,64,22,22,727,245,251,2,5,2,5,0.18593749999999998
6,51,54,5,identity,64,32,64,192,30,34,18,12,9,9,12,64,34,34,1513,263,263,2,5,2,5,0.20312500000000003
6,51,54,5,population_count,64,32,64,192,18,46,18,0,9,9,0,64,46,46,1393,263,263,2,5,2,5,0.078125
6,51,54,6,identity,64,64,64,192,30,34,18,12,9,9,12,64,34,34,2797,263,263,2,5,2,5,0.20312500000000003
6,51,54,6,population_count,64,64,64,192,18,46,18,0,9,9,0,64,46,46,2629,263,263,2,5,2,5,0.078125
6,51,90,0,identity,64,1,64,384,64,0,0,64,0,0,64,64,0,0,64,64,64,1,1,1,1,1.0
6,51,90,0,population_count,64,1,64,384,64,0,0,64,0,0,64,64,0,0,64,64,64,1,1,1,1,1.0
6,51,90,1,identity,64,2,64,384,64,0,16,48,0,16,48,64,0,0,64,128,112,2,2,1,2,0.6250000000000001
6,51,90,1,population_count,64,2,64,384,64,0,64,0,0,64,0,64,0,0,64,128,64,2,2,1,1,0.5
6,51,90,2,identity,64,4,64,384,48,16,48,0,48,0,0,64,16,16,64,176,224,2,3,2,4,0.1875
6,51,90,2,population_count,64,4,64,384,0,64,0,0,0,0,0,64,64,64,64,128,128,2,2,2,2,0.0
6,51,90,3,identity,64,8,64,384,0,64,0,0,0,0,0,64,64,64,64,224,224,2,4,2,4,0.0
6,51,90,3,population_count,64,8,64,384,0,64,0,0,0,0,0,64,64,64,64,128,128,2,2,2,2,0.0
6,51,90,4,identity,64,16,64,384,0,64,0,0,0,0,0,64,64,64,64,224,224,2,4,2,4,0.0
6,51,90,4,population_count,64,16,64,384,0,64,0,0,0,0,0,64,64,64,64,128,128,2,2,2,2,0.0
6,51,90,5,identity,64,32,64,384,0,64,0,0,0,0,0,64,64,64,64,224,224,2,4,2,4,0.0
6,51,90,5,population_count,64,32,64,384,0,64,0,0,0,0,0,64,64,64,64,128,128,2,2,2,2,0.0
6,51,90,6,identity,64,64,64,384,0,64,0,0,0,0,0,64,64,64,64,224,224,2,4,2,4,0.0
6,51,90,6,population_count,64,64,64,384,0,64,0,0,0,0,0,64,64,64,64,128,128,2,2,2,2,0.0
6,51,110,0,identity,64,1,64,288,64,0,0,64,0,0,64,64,0,0,64,64,64,1,1,1,1,1.0
6,51,110,0,population_count,64,1,64,288,46,18,0,46,0,0,46,46,0,18,46,64,64,1,1,1,1,0.71875
6,51,110,1,identity,64,2,64,288,64,0,7,57,2,2,60,64,0,0,124,123,126,1,2,1,2,0.921875
6,51,110,1,population_count,64,2,64,288,58,6,28,30,14,14,30,58,0,6,82,111,111,1,2,1,2,0.6093750000000001
6,51,110,2,identity,64,4,64,288,60,4,6,54,0,0,60,64,4,4,235,239,239,2,4,2,4,0.8292410714285715
6,51,110,2,population_count,64,4,64,288,54,10,24,30,12,12,30,58,4,10,145,164,164,2,3,2,3,0.446875
6,51,110,3,identity,64,8,64,288,60,4,18,42,0,3,57,64,4,4,451,398,398,2,7,2,7,0.6982572115384617
6,51,110,3,population_count,64,8,64,288,54,10,45,9,12,21,21,58,4,10,253,221,200,2,4,2,4,0.32343750000000004
6,51,110,4,identity,64,16,64,288,60,4,36,24,3,3,54,64,4,4,871,617,617,2,12,2,12,0.5938080495356037
6,51,110,4,population_count,64,16,64,288,42,22,30,12,15,15,12,58,16,22,469,257,257,2,5,2,5,0.18125
6,51,110,5,identity,64,32,64,288,60,4,48,12,3,3,54,64,4,4,1699,845,845,2,17,2,17,0.496453216941811
6,51,110,5,population_count,64,32,64,288,24,40,24,0,3,21,0,58,34,40,865,293,275,2,5,2,5,0.0875
6,51,110,6,identity,64,64,64,288,60,4,54,6,9,3,48,64,4,4,3325,1073,1091,2,22,2,22,0.41991524327122154
6,51,110,6,population_count,64,64,64,288,6,58,6,0,3,3,0,58,52,58,1633,293,293,2,5,2,5,0.03125
6,51,150,0,identity,64,1,0,0,0,64,0,0,0,0,0,0,0,0,0,64,64,1,1,1,1,0.0
6,51,150,0,population_count,64,1,0,0,0,64,0,0,0,0,0,0,0,0,0,64,64,1,1,1,1,0.0
6,51,150,1,identity,64,2,0,0,0,64,0,0,0,0,0,0,0,0,0,128,128,2,2,2,2,0.0
6,51,150,1,population_count,64,2,0,0,0,64,0,0,0,0,0,0,0,0,0,96,96,1,2,1,2,0.0
6,51,150,2,identity,64,4,0,0,0,64,0,0,0,0,0,0,0,0,0,176,176,2,3,2,3,0.0
6,51,150,2,population_count,64,4,0,0,0,64,0,0,0,0,0,0,0,0,0,120,120,1,3,1,3,0.0
6,51,150,3,identity,64,8,0,0,0,64,0,0,0,0,0,0,0,0,0,176,176,2,3,2,3,0.0
6,51,150,3,population_count,64,8,0,0,0,64,0,0,0,0,0,0,0,0,0,120,120,1,3,1,3,0.0
6,51,150,4,identity,64,16,0,0,0,64,0,0,0,0,0,0,0,0,0,176,176,2,3,2,3,0.0
6,51,150,4,population_count,64,16,0,0,0,64,0,0,0,0,0,0,0,0,0,120,120,1,3,1,3,0.0
6,51,150,5,identity,64,32,0,0,0,64,0,0,0,0,0,0,0,0,0,176,176,2,3,2,3,0.0
6,51,150,5,population_count,64,32,0,0,0,64,0,0,0,0,0,0,0,0,0,120,120,1,3,1,3,0.0
6,51,150,6,identity,64,64,0,0,0,64,0,0,0,0,0,0,0,0,0,176,176,2,3,2,3,0.0
6,51,150,6,population_count,64,64,0,0,0,64,0,0,0,0,0,0,0,0,0,120,120,1,3,1,3,0.0
6,51,170,0,identity,64,1,0,0,0,64,0,0,0,0,0,0,0,0,0,64,64,1,1,1,1,0.0
6,51,170,0,population_count,64,1,0,0,0,64,0,0,0,0,0,0,0,0,0,64,64,1,1,1,1,0.0
6,51,170,1,identity,64,2,0,0,0,64,0,0,0,0,0,0,0,0,0,126,126,1,2,1,2,0.0
6,51,170,1,population_count,64,2,0,0,0,64,0,0,0,0,0,0,0,0,0,108,108,1,2,1,2,0.0
6,51,170,2,identity,64,4,0,0,0,64,0,0,0,0,0,0,0,0,0,186,186,1,3,1,3,0.0
6,51,170,2,population_count,64,4,0,0,0,64,0,0,0,0,0,0,0,0,0,108,108,1,2,1,2,0.0
6,51,170,3,identity,64,8,0,0,0,64,0,0,0,0,0,0,0,0,0,240,240,1,4,1,4,0.0
6,51,170,3,population_count,64,8,0,0,0,64,0,0,0,0,0,0,0,0,0,108,108,1,2,1,2,0.0
6,51,170,4,identity,64,16,0,0,0,64,0,0,0,0,0,0,0,0,0,294,294,1,5,1,5,0.0
6,51,170,4,population_count,64,16,0,0,0,64,0,0,0,0,0,0,0,0,0,108,108,1,2,1,2,0.0
6,51,170,5,identity,64,32,0,0,0,64,0,0,0,0,0,0,0,0,0,348,348,1,6,1,6,0.0
6,51,170,5,population_count,64,32,0,0,0,64,0,0,0,0,0,0,0,0,0,108,108,1,2,1,2,0.0
6,51,170,6,identity,64,64,0,0,0,64,0,0,0,0,0,0,0,0,0,348,348,1,6,1,6,0.0
6,51,170,6,population_count,64,64,0,0,0,64,0,0,0,0,0,0,0,0,0,108,108,1,2,1,2,0.0
6,51,184,0,identity,64,1,60,192,60,4,0,60,0,0,60,60,0,0,60,64,64,1,1,1,1,0.9375
6,51,184,0,population_count,64,1,60,192,0,64,0,0,0,0,0,0,0,60,0,64,64,1,1,1,1,0.0
6,51,184,1,identity,64,2,60,192,60,4,12,48,0,0,60,60,0,0,120,120,120,1,2,1,2,0.9375
6,51,184,1,population_count,64,2,60,192,0,64,0,0,0,0,0,0,0,60,0,108,108,1,2,1,2,0.0
6,51,184,2,identity,64,4,60,192,60,4,18,42,6,0,54,60,0,0,234,216,228,1,4,1,4,0.7421875
6,51,184,2,population_count,64,4,60,192,0,64,0,0,0,0,0,0,0,60,0,108,108,1,2,1,2,0.0
6,51,184,3,identity,64,8,60,192,30,34,12,18,6,6,18,60,30,30,462,312,312,1,6,1,6,0.390625
6,51,184,3,population_count,64,8,60,192,0,64,0,0,0,0,0,0,0,60,0,108,108,1,2,1,2,0.0
6,51,184,4,identity,64,16,60,192,30,34,12,18,6,6,18,60,30,30,906,312,312,1,6,1,6,0.390625
6,51,184,4,population_count,64,16,60,192,0,64,0,0,0,0,0,0,0,60,0,108,108,1,2,1,2,0.0
6,51,184,5,identity,64,32,60,192,30,34,12,18,6,6,18,60,30,30,1794,312,312,1,6,1,6,0.390625
6,51,184,5,population_count,64,32,60,192,0,64,0,0,0,0,0,0,0,60,0,108,108,1,2,1,2,0.0
6,51,184,6,identity,64,64,60,192,30,34,12,18,6,6,18,60,30,30,3546,312,312,1,6,1,6,0.390625
6,51,184,6,population_count,64,64,60,192,0,64,0,0,0,0,0,0,0,60,0,108,108,1,2,1,2,0.0
6,51,204,0,identity,64,1,0,0,0,64,0,0,0,0,0,0,0,0,0,64,64,1,1,1,1,0.0
6,51,204,0,population_count,64,1,0,0,0,64,0,0,0,0,0,0,0,0,0,64,64,1,1,1,1,0.0
6,51,204,1,identity,64,2,0,0,0,64,0,0,0,0,0,0,0,0,0,128,128,2,2,2,2,0.0
6,51,204,1,population_count,64,2,0,0,0,64,0,0,0,0,0,0,0,0,0,108,108,1,2,1,2,0.0
6,51,204,2,identity,64,4,0,0,0,64,0,0,0,0,0,0,0,0,0,128,128,2,2,2,2,0.0
6,51,204,2,population_count,64,4,0,0,0,64,0,0,0,0,0,0,0,0,0,108,108,1,2,1,2,0.0
6,51,204,3,identity,64,8,0,0,0,64,0,0,0,0,0,0,0,0,0,128,128,2,2,2,2,0.0
6,51,204,3,population_count,64,8,0,0,0,64,0,0,0,0,0,0,0,0,0,108,108,1,2,1,2,0.0
6,51,204,4,identity,64,16,0,0,0,64,0,0,0,0,0,0,0,0,0,128,128,2,2,2,2,0.0
6,51,204,4,population_count,64,16,0,0,0,64,0,0,0,0,0,0,0,0,0,108,108,1,2,1,2,0.0
6,51,204,5,identity,64,32,0,0,0,64,0,0,0,0,0,0,0,0,0,128,128,2,2,2,2,0.0
6,51,204,5,population_count,64,32,0,0,0,64,0,0,0,0,0,0,0,0,0,108,108,1,2,1,2,0.0
6,51,204,6,identity,64,64,0,0,0,64,0,0,0,0,0,0,0,0,0,128,128,2,2,2,2,0.0
6,51,204,6,population_count,64,64,0,0,0,64,0,0,0,0,0,0,0,0,0,108,108,1,2,1,2,0.0
6,51,250,0,identity,64,1,60,192,60,4,0,60,0,0,60,60,0,0,60,64,64,1,1,1,1,0.9375
6,51,250,0,population_count,64,1,60,192,60,4,0,60,0,0,60,60,0,0,60,64,64,1,1,1,1,0.9375
6,51,250,1,identity,64,2,60,192,60,4,15,45,0,0,60,60,0,0,120,120,117,1,2,1,2,0.890625
6,51,250,1,population_count,64,2,60,192,60,4,21,39,0,0,60,60,0,0,120,120,111,1,2,1,2,0.890625
6,51,250,2,identity,64,4,60,192,60,4,39,21,6,9,45,60,0,0,219,189,186,1,4,1,4,0.7379464285714287
6,51,250,2,population_count,64,4,60,192,60,4,33,27,6,9,45,60,0,0,219,183,180,1,4,1,4,0.7145089285714286
6,51,250,3,identity,64,8,60,192,60,4,42,18,21,15,24,60,0,0,417,219,225,1,5,1,5,0.5669642857142857
6,51,250,3,population_count,64,8,60,192,60,4,42,18,21,15,24,60,0,0,417,213,219,1,5,1,5,0.5357142857142858
6,51,250,4,identity,64,16,60,192,60,4,42,18,21,21,18,60,0,0,792,225,225,1,5,1,5,0.5482142857142857
6,51,250,4,population_count,64,16,60,192,60,4,42,18,21,21,18,60,0,0,792,219,219,1,5,1,5,0.5169642857142858
6,51,250,5,identity,64,32,60,192,60,4,42,18,21,21,18,60,0,0,1542,225,225,1,5,1,5,0.5482142857142857
6,51,250,5,population_count,64,32,60,192,60,4,42,18,21,21,18,60,0,0,1542,219,219,1,5,1,5,0.5169642857142858
6,51,250,6,identity,64,64,60,192,60,4,42,18,21,21,18,60,0,0,3000,225,225,1,5,1,5,0.5482142857142857
6,51,250,6,population_count,64,64,60,192,60,4,42,18,21,21,18,60,0,0,3000,219,219,1,5,1,5,0.5169642857142858
6,54,90,0,identity,64,1,60,192,60,4,0,60,0,0,60,60,0,0,60,64,64,1,1,1,1,0.9375
6,54,90,0,population_count,64,1,60,192,54,10,0,54,0,0,54,54,0,6,54,64,64,1,1,1,1,0.84375
6,54,90,1,identity,64,2,60,192,60,4,3,57,0,0,60,60,0,0,93,121,124,1,2,1,2,0.7968750000000002
6,54,90,1,population_count,64,2,60,192,36,28,3,33,0,0,36,36,0,24,57,121,124,1,2,1,2,0.42187500000000006
6,54,90,2,identity,64,4,60,192,60,4,27,33,3,0,57,60,0,0,168,214,232,1,4,1,4,0.7171875000000001
6,54,90,2,population_count,64,4,60,192,54,10,21,33,21,0,33,54,0,6,114,160,184,1,3,1,3,0.4671875
6,54,90,3,identity,64,8,60,192,57,7,45,12,3,0,54,60,3,3,330,325,340,1,7,1,6,0.6253720238095238
6,54,90,3,population_count,64,8,60,192,57,7,9,48,3,6,48,60,3,3,228,217,220,1,4,1,4,0.47957589285714286
6,54,90,4,identity,64,16,60,192,51,13,39,12,21,0,30,60,9,9,606,379,460,1,8,1,9,0.5022152326839827
6,54,90,4,population_count,64,16,60,192,21,43,21,0,3,0,18,60,39,39,438,253,268,1,5,1,5,0.23604910714285718
6,54,90,5,identity,64,32,60,192,51,13,39,12,21,0,30,60,9,9,1164,415,508,1,10,1,11,0.4785409902597403
6,54,90,5,population_count,64,32,60,192,33,31,33,0,15,0,18,60,27,27,870,253,292,1,5,1,6,0.24051339285714285
6,54,90,6,identity,64,64,60,192,51,13,39,12,33,0,18,60,9,9,2154,433,532,1,11,1,12,0.4536830357142857
6,54,90,6,population_count,64,64,60,192,33,31,33,0,27,0,6,60,27,27,1656,271,316,1,6,1,7,0.1958705357142857
6,54,110,0,identity,64,1,60,156,60,4,0,60,0,0,60,60,0,0,60,64,64,1,1,1,1,0.9375
6,54,110,0,population_count,64,1,60,156,48,16,0,48,0,0,48,48,0,12,48,64,64,1,1,1,1,0.75
6,54,110,1,identity,64,2,60,156,60,4,6,54,0,0,60,60,0,0,120,121,121,1,2,1,2,0.9375
6,54,110,1,population_count,64,2,60,156,42,22,6,36,0,0,42,42,0,18,84,121,121,1,2,1,2,0.625
6,54,110,2,identity,64,4,60,156,60,4,18,42,3,3,54,60,0,0,216,226,226,1,4,1,4,0.8794642857142858
6,54,110,2,population_count,64,4,60,156,54,10,42,12,9,21,24,54,0,6,120,178,178,1,4,1,4,0.503125
6,54,110,3,identity,64,8,60,156,60,4,30,30,3,3,54,60,0,0,402,412,412,1,8,1,8,0.8397321428571429
6,54,110,3,population_count,64,8,60,156,54,10,54,0,27,3,24,54,0,6,258,226,262,1,5,1,5,0.4397321428571429
6,54,110,4,identity,64,16,60,156,60,4,48,12,3,3,54,60,0,0,774,748,730,1,16,1,16,0.758106296277252
6,54,110,4,population_count,64,16,60,156,54,10,48,6,27,3,24,54,0,6,450,298,340,1,6,1,7,0.3482142857142857
6,54,110,5,identity,64,32,60,156,60,4,54,6,9,9,42,60,0,0,1470,1234,1210,1,29,1,26,0.6481759507410867
6,54,110,5,population_count,64,32,60,156,36,28,30,6,21,9,6,54,18,24,876,352,364,1,7,1,7,0.22321428571428567
6,54,110,6,identity,64,64,60,156,60,4,54,6,9,9,42,60,0,0,2814,1804,1732,1,40,1,38,0.5582125019087856
6,54,110,6,population_count,64,64,60,156,18,46,18,0,9,9,0,54,36,42,1704,370,370,1,7,1,7,0.16964285714285715
6,54,150,0,identity,64,1,48,144,48,16,0,48,0,0,48,48,0,0,48,64,64,1,1,1,1,0.75
6,54,150,0,population_count,64,1,48,144,48,16,0,48,0,0,48,48,0,0,48,64,64,1,1,1,1,0.75
6,54,150,1,identity,64,2,48,144,48,16,12,36,0,6,42,48,0,0,90,120,108,1,2,1,2,0.640625
6,54,150,1,population_count,64,2,48,144,48,16,12,36,0,6,42,48,0,0,90,120,108,1,2,1,2,0.640625
6,54,150,2,identity,64,4,48,144,42,22,36,6,0,12,30,48,6,6,150,162,168,1,4,1,4,0.47500000000000003
6,54,150,2,population_count,64,4,48,144,42,22,36,6,0,12,30,48,6,6,150,162,168,1,4,1,4,0.4397321428571429
6,54,150,3,identity,64,8,48,144,42,22,42,0,12,18,12,48,6,6,240,186,192,1,6,1,5,0.35580357142857144
6,54,150,3,population_count,64,8,48,144,42,22,42,0,18,24,0,48,6,6,234,174,168,1,5,1,4,0.27031249999999996
6,54,150,4,identity,64,16,48,144,42,22,42,0,18,18,6,48,6,6,372,186,240,1,6,1,7,0.36328125
6,54,150,4,population_count,64,16,48,144,42,22,42,0,24,18,0,48,6,6,366,162,216,1,4,1,6,0.32812500000000006
6,54,150,5,identity,64,32,48,144,42,22,42,0,18,18,6,48,6,6,558,198,288,1,7,1,9,0.39092261904761905
6,54,150,5,population_count,64,32,48,144,42,22,42,0,24,18,0,48,6,6,552,186,240,1,6,1,7,0.34151785714285715
6,54,150,6,identity,64,64,48,144,42,22,42,0,18,18,6,48,6,6,804,222,264,1,9,1,8,0.3783854166666667
6,54,150,6,population_count,64,64,48,144,42,22,42,0,18,24,0,48,6,6,798,198,192,1,7,1,5,0.321875
6,54,170,0,identity,64,1,0,0,0,64,0,0,0,0,0,0,0,0,0,64,64,1,1,1,1,0.0
6,54,170,0,population_count,64,1,0,0,0,64,0,0,0,0,0,0,0,0,0,64,64,1,1,1,1,0.0
6,54,170,1,identity,64,2,0,0,0,64,0,0,0,0,0,0,0,0,0,126,126,1,2,1,2,0.0
6,54,170,1,population_count,64,2,0,0,0,64,0,0,0,0,0,0,0,0,0,120,120,1,2,1,2,0.0
6,54,170,2,identity,64,4,0,0,0,64,0,0,0,0,0,0,0,0,0,183,183,1,3,1,3,0.0
6,54,170,2,population_count,64,4,0,0,0,64,0,0,0,0,0,0,0,0,0,165,165,1,3,1,3,0.0
6,54,170,3,identity,64,8,0,0,0,64,0,0,0,0,0,0,0,0,0,231,231,1,4,1,4,0.0
6,54,170,3,population_count,64,8,0,0,0,64,0,0,0,0,0,0,0,0,0,213,213,1,4,1,4,0.0
6,54,170,4,identity,64,16,0,0,0,64,0,0,0,0,0,0,0,0,0,273,273,1,5,1,5,0.0
6,54,170,4,population_count,64,16,0,0,0,64,0,0,0,0,0,0,0,0,0,225,225,1,4,1,4,0.0
6,54,170,5,identity,64,32,0,0,0,64,0,0,0,0,0,0,0,0,0,303,303,1,6,1,6,0.0
6,54,170,5,population_count,64,32,0,0,0,64,0,0,0,0,0,0,0,0,0,225,225,1,4,1,4,0.0
6,54,170,6,identity,64,64,0,0,0,64,0,0,0,0,0,0,0,0,0,333,333,1,7,1,7,0.0
6,54,170,6,population_count,64,64,0,0,0,64,0,0,0,0,0,0,0,0,0,225,225,1,4,1,4,0.0
6,54,184,0,identity,64,1,57,144,57,7,0,57,0,0,57,57,0,0,57,64,64,1,1,1,1,0.890625
6,54,184,0,population_count,64,1,57,144,24,40,0,24,0,0,24,24,0,33,24,64,64,1,1,1,1,0.375
6,54,184,1,identity,64,2,57,144,57,7,0,57,0,0,57,57,0,0,105,126,126,1,2,1,2,0.84375
6,54,184,1,population_count,64,2,57,144,42,22,0,42,0,0,42,42,0,15,66,126,126,1,2,1,2,0.5000000000000001
6,54,184,2,identity,64,4,57,144,57,7,12,45,0,0,57,57,0,0,195,231,225,1,4,1,4,0.7823660714285715
6,54,184,2,population_count,64,4,57,144,36,28,12,24,0,0,36,42,6,21,138,195,195,1,4,1,4,0.39375
6,54,184,3,identity,64,8,57,144,57,7,36,21,0,0,57,57,0,0,381,393,411,1,8,1,8,0.7361778846153847
6,54,184,3,population_count,64,8,57,144,42,22,42,0,12,0,30,42,0,15,282,249,279,1,5,1,6,0.3491071428571429
6,54,184,4,identity,64,16,57,144,57,7,42,15,0,0,57,57,0,0,747,615,687,1,14,1,15,0.6606186545764551
6,54,184,4,population_count,64,16,57,144,42,22,42,0,30,0,12,42,0,15,570,297,339,1,6,1,7,0.28125
6,54,184,5,identity,64,32,57,144,57,7,42,15,0,6,51,57,0,0,1467,879,999,1,20,1,23,0.5985829722472868
6,54,184,5,population_count,64,32,57,144,24,40,24,0,12,6,6,42,18,33,1140,345,357,1,7,1,7,0.1875
6,54,184,6,identity,64,64,57,144,57,7,42,15,0,6,51,57,0,0,2865,1191,1347,1,27,1,31,0.539673257097504
6,54,184,6,population_count,64,64,57,144,24,40,24,0,18,6,0,42,18,33,2232,363,369,1,7,1,7,0.14732142857142858
6,54,204,0,identity,64,1,0,0,0,64,0,0,0,0,0,0,0,0,0,64,64,1,1,1,1,0.0
6,54,204,0,population_count,64,1,0,0,0,64,0,0,0,0,0,0,0,0,0,64,64,1,1,1,1,0.0
6,54,204,1,identity,64,2,0,0,0,64,0,0,0,0,0,0,0,0,0,126,126,1,2,1,2,0.0
6,54,204,1,population_count,64,2,0,0,0,64,0,0,0,0,0,0,0,0,0,120,120,1,2,1,2,0.0
6,54,204,2,identity,64,4,0,0,0,64,0,0,0,0,0,0,0,0,0,183,183,1,3,1,3,0.0
6,54,204,2,population_count,64,4,0,0,0,64,0,0,0,0,0,0,0,0,0,165,165,1,3,1,3,0.0
6,54,204,3,identity,64,8,0,0,0,64,0,0,0,0,0,0,0,0,0,231,231,1,4,1,4,0.0
6,54,204,3,population_count,64,8,0,0,0,64,0,0,0,0,0,0,0,0,0,213,213,1,4,1,4,0.0
6,54,204,4,identity,64,16,0,0,0,64,0,0,0,0,0,0,0,0,0,243,243,1,5,1,5,0.0
6,54,204,4,population_count,64,16,0,0,0,64,0,0,0,0,0,0,0,0,0,225,225,1,4,1,4,0.0
6,54,204,5,identity,64,32,0,0,0,64,0,0,0,0,0,0,0,0,0,243,243,1,5,1,5,0.0
6,54,204,5,population_count,64,32,0,0,0,64,0,0,0,0,0,0,0,0,0,225,225,1,4,1,4,0.0
6,54,204,6,identity,64,64,0,0,0,64,0,0,0,0,0,0,0,0,0,243,243,1,5,1,5,0.0
6,54,204,6,population_count,64,64,0,0,0,64,0,0,0,0,0,0,0,0,0,225,225,1,4,1,4,0.0
6,54,250,0,identity,64,1,48,168,48,16,0,48,0,0,48,48,0,0,48,64,64,1,1,1,1,0.75
6,54,250,0,population_count,64,1,48,168,48,16,0,48,0,0,48,48,0,0,48,64,64,1,1,1,1,0.75
6,54,250,1,identity,64,2,48,168,48,16,15,33,0,0,48,48,0,0,90,126,111,1,2,1,2,0.703125
6,54,250,1,population_count,64,2,48,168,48,16,15,33,0,0,48,48,0,0,90,126,111,1,2,1,2,0.671875
6,54,250,2,identity,64,4,48,168,48,16,36,12,3,9,36,48,0,0,153,183,156,1,4,1,4,0.5984375
6,54,250,2,population_count,64,4,48,168,48,16,36,12,3,9,36,48,0,0,153,183,156,1,4,1,4,0.5765625000000001
6,54,250,3,identity,64,8,48,168,48,16,48,0,9,15,24,48,0,0,267,207,192,1,5,1,5,0.46875
6,54,250,3,population_count,64,8,48,168,48,16,48,0,9,15,24,48,0,0,267,201,192,1,5,1,5,0.4640625
6,54,250,4,identity,64,16,48,168,48,16,48,0,27,15,6,48,0,0,435,207,240,1,5,1,6,0.4276785714285714
6,54,250,4,population_count,64,16,48,168,48,16,42,6,27,15,6,48,0,0,435,207,216,1,5,1,5,0.39687500000000003
6,54,250,5,identity,64,32,48,168,48,16,42,6,27,15,6,48,0,0,681,219,246,1,6,1,6,0.4142857142857143
6,54,250,5,population_count,64,32,48,168,48,16,42,6,27,15,6,48,0,0,681,207,216,1,5,1,5,0.39687500000000003
6,54,250,6,identity,64,64,48,168,48,16,42,6,27,15,6,48,0,0,1065,225,246,1,6,1,6,0.4174107142857143
6,54,250,6,population_count,64,64,48,168,48,16,48,0,33,15,0,48,0,0,1065,207,240,1,5,1,6,0.40312500000000007
6,90,110,0,identity,64,1,48,120,48,16,0,48,0,0,48,48,0,0,48,64,64,1,1,1,1,0.75
6,90,110,0,population_count,64,1,48,120,42,22,0,42,0,0,42,42,0,6,42,64,64,1,1,1,1,0.65625
6,90,110,1,identity,64,2,48,120,45,19,9,36,0,0,45,45,0,3,84,112,121,1,2,1,2,0.671875
6,90,110,1,population_count,64,2,48,120,45,19,9,36,0,0,45,45,0,3,72,112,121,1,2,1,2,0.515625
6,90,110,2,identity,64,4,48,120,45,19,39,6,3,0,42,45,0,3,162,208,202,1,4,1,4,0.65625
6,90,110,2,population_count,64,4,48,120,33,31,9,24,3,0,30,45,12,15,132,160,178,1,3,1,3,0.36874999999999997
6,90,110,3,identity,64,8,48,120,45,19,39,6,3,0,42,45,0,3,312,352,310,1,7,1,7,0.6225378787878788
6,90,110,3,population_count,64,8,48,120,21,43,21,0,3,0,18,45,24,27,258,208,220,1,4,1,4,0.28125
6,90,110,4,identity,64,16,48,120,45,19,39,6,3,0,42,45,0,3,606,544,460,1,11,1,11,0.5855468749999999
6,90,110,4,population_count,64,16,48,120,39,25,39,0,3,18,18,45,6,9,498,232,220,1,5,1,4,0.321875
6,90,110,5,identity,64,32,48,120,45,19,45,0,3,6,36,45,0,3,1182,784,628,1,17,1,15,0.5503398715255333
6,90,110,5,population_count,64,32,48,120,45,19,45,0,3,30,12,45,0,3,942,280,244,1,6,1,5,0.33125000000000004
6,90,110,6,identity,64,64,48,120,45,19,45,0,9,6,30,45,0,3,2298,1000,820,1,21,1,20,0.5110531655844156
6,90,110,6,population_count,64,64,48,120,39,25,39,0,9,30,0,45,6,9,1794,304,286,1,6,1,6,0.24999999999999997
6,90,150,0,identity,64,1,0,0,0,64,0,0,0,0,0,0,0,0,0,64,64,1,1,1,1,0.0
6,90,150,0,population_count,64,1,0,0,0,64,0,0,0,0,0,0,0,0,0,64,64,1,1,1,1,0.0
6,90,150,1,identity,64,2,0,0,0,64,0,0,0,0,0,0,0,0,0,112,112,1,2,1,2,0.0
6,90,150,1,population_count,64,2,0,0,0,64,0,0,0,0,0,0,0,0,0,112,112,1,2,1,2,0.0
6,90,150,2,identity,64,4,0,0,0,64,0,0,0,0,0,0,0,0,0,112,112,1,2,1,2,0.0
6,90,150,2,population_count,64,4,0,0,0,64,0,0,0,0,0,0,0,0,0,112,112,1,2,1,2,0.0
6,90,150,3,identity,64,8,0,0,0,64,0,0,0,0,0,0,0,0,0,112,112,1,2,1,2,0.0
6,90,150,3,population_count,64,8,0,0,0,64,0,0,0,0,0,0,0,0,0,112,112,1,2,1,2,0.0
6,90,150,4,identity,64,16,0,0,0,64,0,0,0,0,0,0,0,0,0,112,112,1,2,1,2,0.0
6,90,150,4,population_count,64,16,0,0,0,64,0,0,0,0,0,0,0,0,0,112,112,1,2,1,2,0.0
6,90,150,5,identity,64,32,0,0,0,64,0,0,0,0,0,0,0,0,0,112,112,1,2,1,2,0.0
6,90,150,5,population_count,64,32,0,0,0,64,0,0,0,0,0,0,0,0,0,112,112,1,2,1,2,0.0
6,90,150,6,identity,64,64,0,0,0,64,0,0,0,0,0,0,0,0,0,112,112,1,2,1,2,0.0
6,90,150,6,population_count,64,64,0,0,0,64,0,0,0,0,0,0,0,0,0,112,112,1,2,1,2,0.0
6,90,170,0,identity,64,1,0,0,0,64,0,0,0,0,0,0,0,0,0,64,64,1,1,1,1,0.0
6,90,170,0,population_count,64,1,0,0,0,64,0,0,0,0,0,0,0,0,0,64,64,1,1,1,1,0.0
6,90,170,1,identity,64,2,0,0,0,64,0,0,0,0,0,0,0,0,0,124,124,1,2,1,2,0.0
6,90,170,1,population_count,64,2,0,0,0,64,0,0,0,0,0,0,0,0,0,64,64,1,1,1,1,0.0
6,90,170,2,identity,64,4,0,0,0,64,0,0,0,0,0,0,0,0,0,184,184,1,3,1,3,0.0
6,90,170,2,population_count,64,4,0,0,0,64,0,0,0,0,0,0,0,0,0,64,64,1,1,1,1,0.0
6,90,170,3,identity,64,8,0,0,0,64,0,0,0,0,0,0,0,0,0,184,184,1,3,1,3,0.0
6,90,170,3,population_count,64,8,0,0,0,64,0,0,0,0,0,0,0,0,0,64,64,1,1,1,1,0.0
6,90,170,4,identity,64,16,0,0,0,64,0,0,0,0,0,0,0,0,0,184,184,1,3,1,3,0.0
6,90,170,4,population_count,64,16,0,0,0,64,0,0,0,0,0,0,0,0,0,64,64,1,1,1,1,0.0
6,90,170,5,identity,64,32,0,0,0,64,0,0,0,0,0,0,0,0,0,184,184,1,3,1,3,0.0
6,90,170,5,population_count,64,32,0,0,0,64,0,0,0,0,0,0,0,0,0,64,64,1,1,1,1,0.0
6,90,170,6,identity,64,64,0,0,0,64,0,0,0,0,0,0,0,0,0,184,184,1,3,1,3,0.0
6,90,170,6,population_count,64,64,0,0,0,64,0,0,0,0,0,0,0,0,0,64,64,1,1,1,1,0.0
6,90,184,0,identity,64,1,45,144,45,19,0,45,0,0,45,45,0,0,45,64,64,1,1,1,1,0.703125
6,90,184,0,population_count,64,1,45,144,18,46,0,18,0,0,18,18,0,27,18,64,64,1,1,1,1,0.28125
6,90,184,1,identity,64,2,45,144,45,19,6,39,0,0,45,45,0,0,84,124,118,1,2,1,2,0.5937500000000001
6,90,184,1,population_count,64,2,45,144,24,40,24,0,0,18,6,24,0,21,30,88,64,1,2,1,1,0.234375
6,90,184,2,identity,64,4,45,144,30,34,24,6,0,6,24,45,15,15,168,208,184,1,4,1,4,0.3850446428571429
6,90,184,2,population_count,64,4,45,144,24,40,24,0,6,12,6,30,6,21,54,88,76,1,2,1,2,0.234375
6,90,184,3,identity,64,8,45,144,30,34,30,0,6,6,18,45,15,15,336,208,220,1,4,1,7,0.34486607142857145
6,90,184,3,population_count,64,8,45,144,24,40,24,0,6,12,6,30,6,21,102,88,76,1,2,1,2,0.234375
6,90,184,4,identity,64,16,45,144,30,34,30,0,6,6,18,45,15,15,660,208,220,1,4,1,7,0.34486607142857145
6,90,184,4,population_count,64,16,45,144,24,40,24,0,6,12,6,30,6,21,198,88,76,1,2,1,2,0.234375
6,90,184,5,identity,64,32,45,144,30,34,30,0,6,6,18,45,15,15,1314,208,220,1,4,1,7,0.34486607142857145
6,90,184,5,population_count,64,32,45,144,24,40,24,0,6,12,6,30,6,21,390,88,76,1,2,1,2,0.234375
6,90,184,6,identity,64,64,45,144,30,34,30,0,6,6,18,45,15,15,2622,208,220,1,4,1,7,0.34486607142857145
6,90,184,6,population_count,64,64,45,144,24,40,24,0,6,12,6,30,6,21,774,88,76,1,2,1,2,0.234375
6,90,204,0,identity,64,1,0,0,0,64,0,0,0,0,0,0,0,0,0,64,64,1,1,1,1,0.0
6,90,204,0,population_count,64,1,0,0,0,64,0,0,0,0,0,0,0,0,0,64,64,1,1,1,1,0.0
6,90,204,1,identity,64,2,0,0,0,64,0,0,0,0,0,0,0,0,0,112,112,1,2,1,2,0.0
6,90,204,1,population_count,64,2,0,0,0,64,0,0,0,0,0,0,0,0,0,64,64,1,1,1,1,0.0
6,90,204,2,identity,64,4,0,0,0,64,0,0,0,0,0,0,0,0,0,112,112,1,2,1,2,0.0
6,90,204,2,population_count,64,4,0,0,0,64,0,0,0,0,0,0,0,0,0,64,64,1,1,1,1,0.0
6,90,204,3,identity,64,8,0,0,0,64,0,0,0,0,0,0,0,0,0,112,112,1,2,1,2,0.0
6,90,204,3,population_count,64,8,0,0,0,64,0,0,0,0,0,0,0,0,0,64,64,1,1,1,1,0.0
6,90,204,4,identity,64,16,0,0,0,64,0,0,0,0,0,0,0,0,0,112,112,1,2,1,2,0.0
6,90,204,4,population_count,64,16,0,0,0,64,0,0,0,0,0,0,0,0,0,64,64,1,1,1,1,0.0
6,90,204,5,identity,64,32,0,0,0,64,0,0,0,0,0,0,0,0,0,112,112,1,2,1,2,0.0
6,90,204,5,population_count,64,32,0,0,0,64,0,0,0,0,0,0,0,0,0,64,64,1,1,1,1,0.0
6,90,204,6,identity,64,64,0,0,0,64,0,0,0,0,0,0,0,0,0,112,112,1,2,1,2,0.0
6,90,204,6,population_count,64,64,0,0,0,64,0,0,0,0,0,0,0,0,0,64,64,1,1,1,1,0.0
6,90,250,0,identity,64,1,60,192,60,4,0,60,0,0,60,60,0,0,60,64,64,1,1,1,1,0.9375
6,90,250,0,population_count,64,1,60,192,60,4,0,60,0,0,60,60,0,0,60,64,64,1,1,1,1,0.9375
6,90,250,1,identity,64,2,60,192,60,4,21,39,0,21,39,60,0,0,78,124,103,1,2,1,2,0.6640625000000001
6,90,250,1,population_count,64,2,60,192,60,4,21,39,0,21,39,60,0,0,78,124,103,1,2,1,2,0.6640625000000001
6,90,250,2,identity,64,4,60,192,60,4,60,0,21,21,18,60,0,0,117,124,142,1,2,1,3,0.48437500000000006
6,90,250,2,population_count,64,4,60,192,60,4,60,0,21,21,18,60,0,0,117,124,142,1,2,1,3,0.48437500000000006
6,90,250,3,identity,64,8,60,192,60,4,60,0,21,21,18,60,0,0,156,124,142,1,2,1,3,0.48437500000000006
6,90,250,3,population_count,64,8,60,192,60,4,60,0,21,21,18,60,0,0,156,124,142,1,2,1,3,0.48437500000000006
6,90,250,4,identity,64,16,60,192,60,4,60,0,21,21,18,60,0,0,195,124,142,1,2,1,3,0.48437500000000006
6,90,250,4,population_count,64,16,60,192,60,4,60,0,21,21,18,60,0,0,195,124,142,1,2,1,3,0.48437500000000006
6,90,250,5,identity,64,32,60,192,60,4,60,0,21,21,18,60,0,0,234,124,142,1,2,1,3,0.48437500000000006
6,90,250,5,population_count,64,32,60,192,60,4,60,0,21,21,18,60,0,0,234,124,142,1,2,1,3,0.48437500000000006
6,90,250,6,identity,64,64,60,192,60,4,60,0,21,21,18,60,0,0,273,124,142,1,2,1,3,0.48437500000000006
6,90,250,6,population_count,64,64,60,192,60,4,60,0,21,21,18,60,0,0,273,124,142,1,2,1,3,0.48437500000000006
6,110,150,0,identity,64,1,57,168,57,7,0,57,0,0,57,57,0,0,57,64,64,1,1,1,1,0.890625
6,110,150,0,population_count,64,1,57,168,39,25,0,39,0,0,39,39,0,18,39,64,64,1,1,1,1,0.609375
6,110,150,1,identity,64,2,57,168,51,13,3,48,0,3,48,57,6,6,105,123,120,1,2,1,2,0.7421875
6,110,150,1,population_count,64,2,57,168,51,13,33,18,12,3,36,57,6,6,87,93,120,1,2,1,2,0.6171875000000001
6,110,150,2,identity,64,4,57,168,51,13,39,12,0,9,42,57,6,6,183,195,168,1,4,1,4,0.6279017857142857
6,110,150,2,population_count,64,4,57,168,51,13,51,0,0,27,24,57,6,6,165,165,96,1,3,1,2,0.546875
6,110,150,3,identity,64,8,57,168,51,13,51,0,0,27,24,57,6,6,315,255,240,1,6,1,7,0.5257812500000001
6,110,150,3,population_count,64,8,57,168,51,13,33,18,0,27,24,57,6,6,267,165,144,1,3,1,3,0.35937500000000006
6,110,150,4,identity,64,16,57,168,51,13,51,0,12,27,12,57,6,6,537,315,288,1,8,1,9,0.49834280303030304
6,110,150,4,population_count,64,16,57,168,39,25,39,0,12,27,0,57,18,18,489,195,168,1,4,1,4,0.265625
6,110,150,5,identity,64,32,57,168,51,13,51,0,12,27,12,57,6,6,897,345,312,1,9,1,10,0.5036057692307693
6,110,150,5,population_count,64,32,57,168,39,25,39,0,12,27,0,57,18,18,837,195,168,1,4,1,4,0.265625
6,110,150,6,identity,64,64,57,168,51,13,51,0,12,27,12,57,6,6,1485,375,336,1,10,1,11,0.5075065559440559
6,110,150,6,population_count,64,64,57,168,39,25,39,0,12,27,0,57,18,18,1377,195,168,1,4,1,4,0.265625
6,110,170,0,identity,64,1,0,0,0,64,0,0,0,0,0,0,0,0,0,64,64,1,1,1,1,0.0
6,110,170,0,population_count,64,1,0,0,0,64,0,0,0,0,0,0,0,0,0,64,64,1,1,1,1,0.0
6,110,170,1,identity,64,2,0,0,0,64,0,0,0,0,0,0,0,0,0,126,126,1,2,1,2,0.0
6,110,170,1,population_count,64,2,0,0,0,64,0,0,0,0,0,0,0,0,0,114,114,1,2,1,2,0.0
6,110,170,2,identity,64,4,0,0,0,64,0,0,0,0,0,0,0,0,0,183,183,1,3,1,3,0.0
6,110,170,2,population_count,64,4,0,0,0,64,0,0,0,0,0,0,0,0,0,135,135,1,3,1,3,0.0
6,110,170,3,identity,64,8,0,0,0,64,0,0,0,0,0,0,0,0,0,237,237,1,4,1,4,0.0
6,110,170,3,population_count,64,8,0,0,0,64,0,0,0,0,0,0,0,0,0,141,141,1,3,1,3,0.0
6,110,170,4,identity,64,16,0,0,0,64,0,0,0,0,0,0,0,0,0,291,291,1,5,1,5,0.0
6,110,170,4,population_count,64,16,0,0,0,64,0,0,0,0,0,0,0,0,0,141,141,1,3,1,3,0.0
6,110,170,5,identity,64,32,0,0,0,64,0,0,0,0,0,0,0,0,0,345,345,1,6,1,6,0.0
6,110,170,5,population_count,64,32,0,0,0,64,0,0,0,0,0,0,0,0,0,141,141,1,3,1,3,0.0
6,110,170,6,identity,64,64,0,0,0,64,0,0,0,0,0,0,0,0,0,399,399,1,7,1,7,0.0
6,110,170,6,population_count,64,64,0,0,0,64,0,0,0,0,0,0,0,0,0,141,141,1,3,1,3,0.0
6,110,184,0,identity,64,1,51,108,51,13,0,51,0,0,51,51,0,0,51,64,64,1,1,1,1,0.796875
6,110,184,0,population_count,64,1,51,108,24,40,0,24,0,0,24,24,0,27,24,64,64,1,1,1,1,0.375
6,110,184,1,identity,64,2,51,108,51,13,0,51,0,0,51,51,0,0,93,126,126,1,2,1,2,0.75
6,110,184,1,population_count,64,2,51,108,36,28,6,30,0,6,30,42,6,15,66,126,120,1,2,1,2,0.39062500000000006
6,110,184,2,identity,64,4,51,108,51,13,18,33,0,0,51,51,0,0,177,225,213,1,4,1,4,0.7109375
6,110,184,2,population_count,64,4,51,108,30,34,18,12,0,12,18,42,12,21,126,165,147,1,3,1,3,0.2734375
6,110,184,3,identity,64,8,51,108,51,13,24,27,0,0,51,51,0,0,339,363,351,1,7,1,8,0.6498433857808859
6,110,184,3,population_count,64,8,51,108,30,34,24,6,0,12,18,42,12,21,234,189,159,1,4,1,4,0.29062499999999997
6,110,184,4,identity,64,16,51,108,51,13,30,21,6,0,45,51,0,0,663,477,507,1,11,1,14,0.5543452182009168
6,110,184,4,population_count,64,16,51,108,36,28,24,12,12,6,18,42,6,15,480,207,207,1,4,1,5,0.2203125
6,110,184,5,identity,64,32,51,108,51,13,42,9,12,6,33,51,0,0,1257,567,657,1,15,1,20,0.49388561007406917
6,110,184,5,population_count,64,32,51,108,30,34,30,0,24,6,0,42,12,21,948,237,249,1,5,1,6,0.12343749999999999
6,110,184,6,identity,64,64,51,108,51,13,36,15,12,6,33,51,0,0,2331,651,717,1,21,1,21,0.4584789166502722
6,110,184,6,population_count,64,64,51,108,18,46,18,0,12,6,0,42,24,33,1818,249,249,1,6,1,6,0.08906249999999999
6,110,204,0,identity,64,1,0,0,0,64,0,0,0,0,0,0,0,0,0,64,64,1,1,1,1,0.0
6,110,204,0,population_count,64,1,0,0,0,64,0,0,0,0,0,0,0,0,0,64,64,1,1,1,1,0.0
6,110,204,1,identity,64,2,0,0,0,64,0,0,0,0,0,0,0,0,0,126,126,1,2,1,2,0.0
6,110,204,1,population_count,64,2,0,0,0,64,0,0,0,0,0,0,0,0,0,114,114,1,2,1,2,0.0
6,110,204,2,identity,64,4,0,0,0,64,0,0,0,0,0,0,0,0,0,183,183,1,3,1,3,0.0
6,110,204,2,population_count,64,4,0,0,0,64,0,0,0,0,0,0,0,0,0,135,135,1,3,1,3,0.0
6,110,204,3,identity,64,8,0,0,0,64,0,0,0,0,0,0,0,0,0,237,237,1,4,1,4,0.0
6,110,204,3,population_count,64,8,0,0,0,64,0,0,0,0,0,0,0,0,0,141,141,1,3,1,3,0.0
6,110,204,4,identity,64,16,0,0,0,64,0,0,0,0,0,0,0,0,0,291,291,1,5,1,5,0.0
6,110,204,4,population_count,64,16,0,0,0,64,0,0,0,0,0,0,0,0,0,141,141,1,3,1,3,0.0
6,110,204,5,identity,64,32,0,0,0,64,0,0,0,0,0,0,0,0,0,345,345,1,6,1,6,0.0
6,110,204,5,population_count,64,32,0,0,0,64,0,0,0,0,0,0,0,0,0,141,141,1,3,1,3,0.0
6,110,204,6,identity,64,64,0,0,0,64,0,0,0,0,0,0,0,0,0,399,399,1,7,1,7,0.0
6,110,204,6,population_count,64,64,0,0,0,64,0,0,0,0,0,0,0,0,0,141,141,1,3,1,3,0.0
6,110,250,0,identity,64,1,45,156,45,19,0,45,0,0,45,45,0,0,45,64,64,1,1,1,1,0.703125
6,110,250,0,population_count,64,1,45,156,45,19,0,45,0,0,45,45,0,0,45,64,64,1,1,1,1,0.703125
6,110,250,1,identity,64,2,45,156,45,19,15,30,0,3,42,45,0,0,87,126,111,1,2,1,2,0.6796875
6,110,250,1,population_count,64,2,45,156,45,19,21,24,0,3,42,45,0,0,81,126,105,1,2,1,2,0.6484375
6,110,250,2,identity,64,4,45,156,45,19,39,6,0,15,30,45,0,0,123,186,177,1,4,1,4,0.5296875000000001
6,110,250,2,population_count,64,4,45,156,45,19,45,0,0,27,18,45,0,0,117,180,141,1,4,1,3,0.4453125
6,110,250,3,identity,64,8,45,156,45,19,45,0,18,15,12,45,0,0,225,210,243,1,5,1,6,0.4597098214285714
6,110,250,3,population_count,64,8,45,156,33,31,33,0,18,15,0,45,12,12,219,180,177,1,4,1,4,0.3046875
6,110,250,4,identity,64,16,45,156,45,19,45,0,18,15,12,45,0,0,375,246,291,1,6,1,8,0.4719866071428571
6,110,250,4,population_count,64,16,45,156,33,31,33,0,18,15,0,45,12,12,363,186,183,1,4,1,4,0.3046875
6,110,250,5,identity,64,32,45,156,45,19,45,0,18,15,12,45,0,0,615,282,339,1,8,1,10,0.48102678571428575
6,110,250,5,population_count,64,32,45,156,33,31,33,0,18,15,0,45,12,12,597,186,183,1,4,1,4,0.3046875
6,110,250,6,identity,64,64,45,156,45,19,45,0,18,15,12,45,0,0,987,318,387,1,10,1,12,0.4776442307692308
6,110,250,6,population_count,64,64,45,156,33,31,33,0,18,15,0,45,12,12,963,186,183,1,4,1,4,0.3046875
6,150,170,0,identity,64,1,0,0,0,64,0,0,0,0,0,0,0,0,0,64,64,1,1,1,1,0.0
6,150,170,0,population_count,64,1,0,0,0,64,0,0,0,0,0,0,0,0,0,64,64,1,1,1,1,0.0
6,150,170,1,identity,64,2,0,0,0,64,0,0,0,0,0,0,0,0,0,120,120,1,2,1,2,0.0
6,150,170,1,population_count,64,2,0,0,0,64,0,0,0,0,0,0,0,0,0,88,88,1,2,1,2,0.0
6,150,170,2,identity,64,4,0,0,0,64,0,0,0,0,0,0,0,0,0,144,144,1,3,1,3,0.0
6,150,170,2,population_count,64,4,0,0,0,64,0,0,0,0,0,0,0,0,0,88,88,1,2,1,2,0.0
6,150,170,3,identity,64,8,0,0,0,64,0,0,0,0,0,0,0,0,0,144,144,1,3,1,3,0.0
6,150,170,3,population_count,64,8,0,0,0,64,0,0,0,0,0,0,0,0,0,88,88,1,2,1,2,0.0
6,150,170,4,identity,64,16,0,0,0,64,0,0,0,0,0,0,0,0,0,144,144,1,3,1,3,0.0
6,150,170,4,population_count,64,16,0,0,0,64,0,0,0,0,0,0,0,0,0,88,88,1,2,1,2,0.0
6,150,170,5,identity,64,32,0,0,0,64,0,0,0,0,0,0,0,0,0,144,144,1,3,1,3,0.0
6,150,170,5,population_count,64,32,0,0,0,64,0,0,0,0,0,0,0,0,0,88,88,1,2,1,2,0.0
6,150,170,6,identity,64,64,0,0,0,64,0,0,0,0,0,0,0,0,0,144,144,1,3,1,3,0.0
6,150,170,6,population_count,64,64,0,0,0,64,0,0,0,0,0,0,0,0,0,88,88,1,2,1,2,0.0
6,150,184,0,identity,64,1,54,144,54,10,0,54,0,0,54,54,0,0,54,64,64,1,1,1,1,0.84375
6,150,184,0,population_count,64,1,54,144,12,52,0,12,0,0,12,12,0,42,12,64,64,1,1,1,1,0.1875
6,150,184,1,identity,64,2,54,144,54,10,0,54,0,0,54,54,0,0,84,120,120,1,2,1,2,0.65625
6,150,184,1,population_count,64,2,54,144,12,52,0,12,0,0,12,12,0,42,24,88,88,1,2,1,2,0.1875
6,150,184,2,identity,64,4,54,144,54,10,12,42,6,6,42,54,0,0,132,144,144,1,3,1,3,0.515625
6,150,184,2,population_count,64,4,54,144,12,52,0,12,0,0,12,12,0,42,48,88,88,1,2,1,2,0.1875
6,150,184,3,identity,64,8,54,144,54,10,12,42,6,6,42,54,0,0,228,144,144,1,3,1,3,0.515625
6,150,184,3,population_count,64,8,54,144,12,52,0,12,0,0,12,12,0,42,96,88,88,1,2,1,2,0.1875
6,150,184,4,identity,64,16,54,144,54,10,12,42,6,6,42,54,0,0,420,144,144,1,3,1,3,0.515625
6,150,184,4,population_count,64,16,54,144,12,52,0,12,0,0,12,12,0,42,192,88,88,1,2,1,2,0.1875
6,150,184,5,identity,64,32,54,144,54,10,12,42,6,6,42,54,0,0,804,144,144,1,3,1,3,0.515625
6,150,184,5,population_count,64,32,54,144,12,52,0,12,0,0,12,12,0,42,384,88,88,1,2,1,2,0.1875
6,150,184,6,identity,64,64,54,144,54,10,12,42,6,6,42,54,0,0,1572,144,144,1,3,1,3,0.515625
6,150,184,6,population_count,64,64,54,144,12,52,0,12,0,0,12,12,0,42,768,88,88,1,2,1,2,0.1875
6,150,204,0,identity,64,1,0,0,0,64,0,0,0,0,0,0,0,0,0,64,64,1,1,1,1,0.0
6,150,204,0,population_count,64,1,0,0,0,64,0,0,0,0,0,0,0,0,0,64,64,1,1,1,1,0.0
6,150,204,1,identity,64,2,0,0,0,64,0,0,0,0,0,0,0,0,0,112,112,1,2,1,2,0.0
6,150,204,1,population_count,64,2,0,0,0,64,0,0,0,0,0,0,0,0,0,88,88,1,2,1,2,0.0
6,150,204,2,identity,64,4,0,0,0,64,0,0,0,0,0,0,0,0,0,112,112,1,2,1,2,0.0
6,150,204,2,population_count,64,4,0,0,0,64,0,0,0,0,0,0,0,0,0,88,88,1,2,1,2,0.0
6,150,204,3,identity,64,8,0,0,0,64,0,0,0,0,0,0,0,0,0,112,112,1,2,1,2,0.0
6,150,204,3,population_count,64,8,0,0,0,64,0,0,0,0,0,0,0,0,0,88,88,1,2,1,2,0.0
6,150,204,4,identity,64,16,0,0,0,64,0,0,0,0,0,0,0,0,0,112,112,1,2,1,2,0.0
6,150,204,4,population_count,64,16,0,0,0,64,0,0,0,0,0,0,0,0,0,88,88,1,2,1,2,0.0
6,150,204,5,identity,64,32,0,0,0,64,0,0,0,0,0,0,0,0,0,112,112,1,2,1,2,0.0
6,150,204,5,population_count,64,32,0,0,0,64,0,0,0,0,0,0,0,0,0,88,88,1,2,1,2,0.0
6,150,204,6,identity,64,64,0,0,0,64,0,0,0,0,0,0,0,0,0,112,112,1,2,1,2,0.0
6,150,204,6,population_count,64,64,0,0,0,64,0,0,0,0,0,0,0,0,0,88,88,1,2,1,2,0.0
6,150,250,0,identity,64,1,48,144,48,16,0,48,0,0,48,48,0,0,48,64,64,1,1,1,1,0.75
6,150,250,0,population_count,64,1,48,144,42,22,0,42,0,0,42,42,0,6,42,64,64,1,1,1,1,0.65625
6,150,250,1,identity,64,2,48,144,48,16,12,36,0,6,42,48,0,0,84,108,108,1,2,1,2,0.640625
6,150,250,1,population_count,64,2,48,144,48,16,12,36,6,6,36,48,0,0,66,100,100,1,2,1,2,0.5625000000000001
6,150,250,2,identity,64,4,48,144,48,16,42,6,6,6,36,48,0,0,138,132,156,1,3,1,4,0.5546875
6,150,250,2,population_count,64,4,48,144,48,16,30,18,6,18,24,48,0,0,120,124,100,1,3,1,2,0.49218750000000006
6,150,250,3,identity,64,8,48,144,48,16,30,18,6,6,36,48,0,0,264,156,156,1,4,1,4,0.5296875
6,150,250,3,population_count,64,8,48,144,48,16,30,18,18,6,24,48,0,0,228,100,124,1,2,1,3,0.49218750000000006
6,150,250,4,identity,64,16,48,144,48,16,30,18,6,6,36,48,0,0,510,156,156,1,4,1,4,0.5296875
6,150,250,4,population_count,64,16,48,144,48,16,30,18,6,18,24,48,0,0,444,124,100,1,3,1,2,0.49218750000000006
6,150,250,5,identity,64,32,48,144,48,16,30,18,6,6,36,48,0,0,1014,156,156,1,4,1,4,0.5296875
6,150,250,5,population_count,64,32,48,144,48,16,30,18,18,6,24,48,0,0,876,100,124,1,2,1,3,0.49218750000000006
6,150,250,6,identity,64,64,48,144,48,16,30,18,6,6,36,48,0,0,1998,156,156,1,4,1,4,0.5296875
6,150,250,6,population_count,64,64,48,144,48,16,30,18,6,18,24,48,0,0,1740,124,100,1,3,1,2,0.49218750000000006
6,170,184,0,identity,64,1,0,0,0,64,0,0,0,0,0,0,0,0,0,64,64,1,1,1,1,0.0
6,170,184,0,population_count,64,1,0,0,0,64,0,0,0,0,0,0,0,0,0,64,64,1,1,1,1,0.0
6,170,184,1,identity,64,2,0,0,0,64,0,0,0,0,0,0,0,0,0,97,97,1,2,1,2,0.0
6,170,184,1,population_count,64,2,0,0,0,64,0,0,0,0,0,0,0,0,0,64,64,1,1,1,1,0.0
6,170,184,2,identity,64,4,0,0,0,64,0,0,0,0,0,0,0,0,0,118,118,1,3,1,3,0.0
6,170,184,2,population_count,64,4,0,0,0,64,0,0,0,0,0,0,0,0,0,64,64,1,1,1,1,0.0
6,170,184,3,identity,64,8,0,0,0,64,0,0,0,0,0,0,0,0,0,118,118,1,3,1,3,0.0
6,170,184,3,population_count,64,8,0,0,0,64,0,0,0,0,0,0,0,0,0,64,64,1,1,1,1,0.0
6,170,184,4,identity,64,16,0,0,0,64,0,0,0,0,0,0,0,0,0,118,118,1,3,1,3,0.0
6,170,184,4,population_count,64,16,0,0,0,64,0,0,0,0,0,0,0,0,0,64,64,1,1,1,1,0.0
6,170,184,5,identity,64,32,0,0,0,64,0,0,0,0,0,0,0,0,0,118,118,1,3,1,3,0.0
6,170,184,5,population_count,64,32,0,0,0,64,0,0,0,0,0,0,0,0,0,64,64,1,1,1,1,0.0
6,170,184,6,identity,64,64,0,0,0,64,0,0,0,0,0,0,0,0,0,118,118,1,3,1,3,0.0
6,170,184,6,population_count,64,64,0,0,0,64,0,0,0,0,0,0,0,0,0,64,64,1,1,1,1,0.0
6,170,204,0,identity,64,1,0,0,0,64,0,0,0,0,0,0,0,0,0,64,64,1,1,1,1,0.0
6,170,204,0,population_count,64,1,0,0,0,64,0,0,0,0,0,0,0,0,0,64,64,1,1,1,1,0.0
6,170,204,1,identity,64,2,0,0,0,64,0,0,0,0,0,0,0,0,0,126,126,1,2,1,2,0.0
6,170,204,1,population_count,64,2,0,0,0,64,0,0,0,0,0,0,0,0,0,64,64,1,1,1,1,0.0
6,170,204,2,identity,64,4,0,0,0,64,0,0,0,0,0,0,0,0,0,186,186,1,3,1,3,0.0
6,170,204,2,population_count,64,4,0,0,0,64,0,0,0,0,0,0,0,0,0,64,64,1,1,1,1,0.0
6,170,204,3,identity,64,8,0,0,0,64,0,0,0,0,0,0,0,0,0,240,240,1,4,1,4,0.0
6,170,204,3,population_count,64,8,0,0,0,64,0,0,0,0,0,0,0,0,0,64,64,1,1,1,1,0.0
6,170,204,4,identity,64,16,0,0,0,64,0,0,0,0,0,0,0,0,0,294,294,1,5,1,5,0.0
6,170,204,4,population_count,64,16,0,0,0,64,0,0,0,0,0,0,0,0,0,64,64,1,1,1,1,0.0
6,170,204,5,identity,64,32,0,0,0,64,0,0,0,0,0,0,0,0,0,348,348,1,6,1,6,0.0
6,170,204,5,population_count,64,32,0,0,0,64,0,0,0,0,0,0,0,0,0,64,64,1,1,1,1,0.0
6,170,204,6,identity,64,64,0,0,0,64,0,0,0,0,0,0,0,0,0,348,348,1,6,1,6,0.0
6,170,204,6,population_count,64,64,0,0,0,64,0,0,0,0,0,0,0,0,0,64,64,1,1,1,1,0.0
6,170,250,0,identity,64,1,0,0,0,64,0,0,0,0,0,0,0,0,0,64,64,1,1,1,1,0.0
6,170,250,0,population_count,64,1,0,0,0,64,0,0,0,0,0,0,0,0,0,64,64,1,1,1,1,0.0
6,170,250,1,identity,64,2,0,0,0,64,0,0,0,0,0,0,0,0,0,103,103,1,2,1,2,0.0
6,170,250,1,population_count,64,2,0,0,0,64,0,0,0,0,0,0,0,0,0,103,103,1,2,1,2,0.0
6,170,250,2,identity,64,4,0,0,0,64,0,0,0,0,0,0,0,0,0,103,103,1,2,1,2,0.0
6,170,250,2,population_count,64,4,0,0,0,64,0,0,0,0,0,0,0,0,0,103,103,1,2,1,2,0.0
6,170,250,3,identity,64,8,0,0,0,64,0,0,0,0,0,0,0,0,0,103,103,1,2,1,2,0.0
6,170,250,3,population_count,64,8,0,0,0,64,0,0,0,0,0,0,0,0,0,103,103,1,2,1,2,0.0
6,170,250,4,identity,64,16,0,0,0,64,0,0,0,0,0,0,0,0,0,103,103,1,2,1,2,0.0
6,170,250,4,population_count,64,16,0,0,0,64,0,0,0,0,0,0,0,0,0,103,103,1,2,1,2,0.0
6,170,250,5,identity,64,32,0,0,0,64,0,0,0,0,0,0,0,0,0,103,103,1,2,1,2,0.0
6,170,250,5,population_count,64,32,0,0,0,64,0,0,0,0,0,0,0,0,0,103,103,1,2,1,2,0.0
6,170,250,6,identity,64,64,0,0,0,64,0,0,0,0,0,0,0,0,0,103,103,1,2,1,2,0.0
6,170,250,6,population_count,64,64,0,0,0,64,0,0,0,0,0,0,0,0,0,103,103,1,2,1,2,0.0
6,184,204,0,identity,64,1,0,0,0,64,0,0,0,0,0,0,0,0,0,64,64,1,1,1,1,0.0
6,184,204,0,population_count,64,1,0,0,0,64,0,0,0,0,0,0,0,0,0,64,64,1,1,1,1,0.0
6,184,204,1,identity,64,2,0,0,0,64,0,0,0,0,0,0,0,0,0,126,126,1,2,1,2,0.0
6,184,204,1,population_count,64,2,0,0,0,64,0,0,0,0,0,0,0,0,0,64,64,1,1,1,1,0.0
6,184,204,2,identity,64,4,0,0,0,64,0,0,0,0,0,0,0,0,0,180,180,1,3,1,3,0.0
6,184,204,2,population_count,64,4,0,0,0,64,0,0,0,0,0,0,0,0,0,64,64,1,1,1,1,0.0
6,184,204,3,identity,64,8,0,0,0,64,0,0,0,0,0,0,0,0,0,216,216,1,4,1,4,0.0
6,184,204,3,population_count,64,8,0,0,0,64,0,0,0,0,0,0,0,0,0,64,64,1,1,1,1,0.0
6,184,204,4,identity,64,16,0,0,0,64,0,0,0,0,0,0,0,0,0,252,252,1,5,1,5,0.0
6,184,204,4,population_count,64,16,0,0,0,64,0,0,0,0,0,0,0,0,0,64,64,1,1,1,1,0.0
6,184,204,5,identity,64,32,0,0,0,64,0,0,0,0,0,0,0,0,0,288,288,1,6,1,6,0.0
6,184,204,5,population_count,64,32,0,0,0,64,0,0,0,0,0,0,0,0,0,64,64,1,1,1,1,0.0
6,184,204,6,identity,64,64,0,0,0,64,0,0,0,0,0,0,0,0,0,288,288,1,6,1,6,0.0
6,184,204,6,population_count,64,64,0,0,0,64,0,0,0,0,0,0,0,0,0,64,64,1,1,1,1,0.0
6,184,250,0,identity,64,1,27,48,27,37,0,27,0,0,27,27,0,0,27,64,64,1,1,1,1,0.421875
6,184,250,0,population_count,64,1,27,48,18,46,0,18,0,0,18,18,0,9,18,64,64,1,1,1,1,0.28125
6,184,250,1,identity,64,2,27,48,27,37,18,9,0,6,21,27,0,0,39,97,103,1,2,1,2,0.328125
6,184,250,1,population_count,64,2,27,48,18,46,18,0,0,6,12,18,0,9,30,97,103,1,2,1,2,0.234375
6,184,250,2,identity,64,4,27,48,27,37,18,9,0,6,21,27,0,0,63,97,109,1,2,1,3,0.328125
6,184,250,2,population_count,64,4,27,48,18,46,18,0,0,6,12,18,0,9,54,97,109,1,2,1,3,0.234375
6,184,250,3,identity,64,8,27,48,27,37,18,9,0,6,21,27,0,0,111,97,109,1,2,1,3,0.328125
6,184,250,3,population_count,64,8,27,48,18,46,18,0,0,6,12,18,0,9,102,97,109,1,2,1,3,0.234375
6,184,250,4,identity,64,16,27,48,27,37,18,9,0,6,21,27,0,0,207,97,109,1,2,1,3,0.328125
6,184,250,4,population_count,64,16,27,48,18,46,18,0,0,6,12,18,0,9,198,97,109,1,2,1,3,0.234375
6,184,250,5,identity,64,32,27,48,27,37,18,9,0,6,21,27,0,0,399,97,109,1,2,1,3,0.328125
6,184,250,5,population_count,64,32,27,48,18,46,18,0,0,6,12,18,0,9,390,97,109,1,2,1,3,0.234375
6,184,250,6,identity,64,64,27,48,27,37,18,9,0,6,21,27,0,0,783,97,109,1,2,1,3,0.328125
6,184,250,6,population_count,64,64,27,48,18,46,18,0,0,6,12,18,0,9,774,97,109,1,2,1,3,0.234375
6,204,250,0,identity,64,1,0,0,0,64,0,0,0,0,0,0,0,0,0,64,64,1,1,1,1,0.0
6,204,250,0,population_count,64,1,0,0,0,64,0,0,0,0,0,0,0,0,0,64,64,1,1,1,1,0.0
6,204,250,1,identity,64,2,0,0,0,64,0,0,0,0,0,0,0,0,0,111,111,1,2,1,2,0.0
6,204,250,1,population_count,64,2,0,0,0,64,0,0,0,0,0,0,0,0,0,103,103,1,2,1,2,0.0
6,204,250,2,identity,64,4,0,0,0,64,0,0,0,0,0,0,0,0,0,117,117,1,3,1,3,0.0
6,204,250,2,population_count,64,4,0,0,0,64,0,0,0,0,0,0,0,0,0,103,103,1,2,1,2,0.0
6,204,250,3,identity,64,8,0,0,0,64,0,0,0,0,0,0,0,0,0,117,117,1,3,1,3,0.0
6,204,250,3,population_count,64,8,0,0,0,64,0,0,0,0,0,0,0,0,0,103,103,1,2,1,2,0.0
6,204,250,4,identity,64,16,0,0,0,64,0,0,0,0,0,0,0,0,0,117,117,1,3,1,3,0.0
6,204,250,4,population_count,64,16,0,0,0,64,0,0,0,0,0,0,0,0,0,103,103,1,2,1,2,0.0
6,204,250,5,identity,64,32,0,0,0,64,0,0,0,0,0,0,0,0,0,117,117,1,3,1,3,0.0
6,204,250,5,population_count,64,32,0,0,0,64,0,0,0,0,0,0,0,0,0,103,103,1,2,1,2,0.0
6,204,250,6,identity,64,64,0,0,0,64,0,0,0,0,0,0,0,0,0,117,117,1,3,1,3,0.0
6,204,250,6,population_count,64,64,0,0,0,64,0,0,0,0,0,0,0,0,0,103,103,1,2,1,2,0.0
9,0,4,0,identity,512,1,0,0,0,512,0,0,0,0,0,0,0,0,0,512,512,1,1,1,1,0.0
9,0,4,0,population_count,512,1,0,0,0,512,0,0,0,0,0,0,0,0,0,512,512,1,1,1,1,0.0
9,0,4,1,identity,512,2,0,0,0,512,0,0,0,0,0,0,0,0,0,512,512,1,1,1,1,0.0
9,0,4,1,population_count,512,2,0,0,0,512,0,0,0,0,0,0,0,0,0,512,512,1,1,1,1,0.0
9,0,4,2,identity,512,4,0,0,0,512,0,0,0,0,0,0,0,0,0,512,512,1,1,1,1,0.0
9,0,4,2,population_count,512,4,0,0,0,512,0,0,0,0,0,0,0,0,0,512,512,1,1,1,1,0.0
9,0,4,3,identity,512,8,0,0,0,512,0,0,0,0,0,0,0,0,0,512,512,1,1,1,1,0.0
9,0,4,3,population_count,512,8,0,0,0,512,0,0,0,0,0,0,0,0,0,512,512,1,1,1,1,0.0
9,0,4,4,identity,512,16,0,0,0,512,0,0,0,0,0,0,0,0,0,512,512,1,1,1,1,0.0
9,0,4,4,population_count,512,16,0,0,0,512,0,0,0,0,0,0,0,0,0,512,512,1,1,1,1,0.0
9,0,4,5,identity,512,32,0,0,0,512,0,0,0,0,0,0,0,0,0,512,512,1,1,1,1,0.0
9,0,4,5,population_count,512,32,0,0,0,512,0,0,0,0,0,0,0,0,0,512,512,1,1,1,1,0.0
9,0,4,6,identity,512,64,0,0,0,512,0,0,0,0,0,0,0,0,0,512,512,1,1,1,1,0.0
9,0,4,6,population_count,512,64,0,0,0,512,0,0,0,0,0,0,0,0,0,512,512,1,1,1,1,0.0
9,0,30,0,identity,512,1,0,0,0,512,0,0,0,0,0,0,0,0,0,512,512,1,1,1,1,0.0
9,0,30,0,population_count,512,1,0,0,0,512,0,0,0,0,0,0,0,0,0,512,512,1,1,1,1,0.0
9,0,30,1,identity,512,2,0,0,0,512,0,0,0,0,0,0,0,0,0,512,512,1,1,1,1,0.0
9,0,30,1,population_count,512,2,0,0,0,512,0,0,0,0,0,0,0,0,0,512,512,1,1,1,1,0.0
9,0,30,2,identity,512,4,0,0,0,512,0,0,0,0,0,0,0,0,0,512,512,1,1,1,1,0.0
9,0,30,2,population_count,512,4,0,0,0,512,0,0,0,0,0,0,0,0,0,512,512,1,1,1,1,0.0
9,0,30,3,identity,512,8,0,0,0,512,0,0,0,0,0,0,0,0,0,512,512,1,1,1,1,0.0
9,0,30,3,population_count,512,8,0,0,0,512,0,0,0,0,0,0,0,0,0,512,512,1,1,1,1,0.0
9,0,30,4,identity,512,16,0,0,0,512,0,0,0,0,0,0,0,0,0,512,512,1,1,1,1,0.0
9,0,30,4,population_count,512,16,0,0,0,512,0,0,0,0,0,0,0,0,0,512,512,1,1,1,1,0.0
9,0,30,5,identity,512,32,0,0,0,512,0,0,0,0,0,0,0,0,0,512,512,1,1,1,1,0.0
9,0,30,5,population_count,512,32,0,0,0,512,0,0,0,0,0,0,0,0,0,512,512,1,1,1,1,0.0
9,0,30,6,identity,512,64,0,0,0,512,0,0,0,0,0,0,0,0,0,512,512,1,1,1,1,0.0
9,0,30,6,population_count,512,64,0,0,0,512,0,0,0,0,0,0,0,0,0,512,512,1,1,1,1,0.0
9,0,51,0,identity,512,1,512,4608,512,0,0,512,0,0,512,512,0,0,512,512,512,1,1,1,1,1.0
9,0,51,0,population_count,512,1,512,4608,512,0,0,512,0,0,512,512,0,0,512,512,512,1,1,1,1,1.0
9,0,51,1,identity,512,2,512,4608,512,0,512,0,512,0,0,512,0,0,512,512,1024,1,1,2,2,0.5
9,0,51,1,population_count,512,2,512,4608,512,0,512,0,512,0,0,512,0,0,512,512,1024,1,1,2,2,0.5
9,0,51,2,identity,512,4,512,4608,0,512,0,0,0,0,0,512,512,512,512,1024,1024,2,2,2,2,0.0
9,0,51,2,population_count,512,4,512,4608,0,512,0,0,0,0,0,512,512,512,512,1024,1024,2,2,2,2,0.0
9,0,51,3,identity,512,8,512,4608,0,512,0,0,0,0,0,512,512,512,512,1024,1024,2,2,2,2,0.0
9,0,51,3,population_count,512,8,512,4608,0,512,0,0,0,0,0,512,512,512,512,1024,1024,2,2,2,2,0.0
9,0,51,4,identity,512,16,512,4608,0,512,0,0,0,0,0,512,512,512,512,1024,1024,2,2,2,2,0.0
9,0,51,4,population_count,512,16,512,4608,0,512,0,0,0,0,0,512,512,512,512,1024,1024,2,2,2,2,0.0
9,0,51,5,identity,512,32,512,4608,0,512,0,0,0,0,0,512,512,512,512,1024,1024,2,2,2,2,0.0
9,0,51,5,population_count,512,32,512,4608,0,512,0,0,0,0,0,512,512,512,512,1024,1024,2,2,2,2,0.0
9,0,51,6,identity,512,64,512,4608,0,512,0,0,0,0,0,512,512,512,512,1024,1024,2,2,2,2,0.0
9,0,51,6,population_count,512,64,512,4608,0,512,0,0,0,0,0,512,512,512,512,1024,1024,2,2,2,2,0.0
9,0,54,0,identity,512,1,0,0,0,512,0,0,0,0,0,0,0,0,0,512,512,1,1,1,1,0.0
9,0,54,0,population_count,512,1,0,0,0,512,0,0,0,0,0,0,0,0,0,512,512,1,1,1,1,0.0
9,0,54,1,identity,512,2,0,0,0,512,0,0,0,0,0,0,0,0,0,512,512,1,1,1,1,0.0
9,0,54,1,population_count,512,2,0,0,0,512,0,0,0,0,0,0,0,0,0,512,512,1,1,1,1,0.0
9,0,54,2,identity,512,4,0,0,0,512,0,0,0,0,0,0,0,0,0,512,512,1,1,1,1,0.0
9,0,54,2,population_count,512,4,0,0,0,512,0,0,0,0,0,0,0,0,0,512,512,1,1,1,1,0.0
9,0,54,3,identity,512,8,0,0,0,512,0,0,0,0,0,0,0,0,0,512,512,1,1,1,1,0.0
9,0,54,3,population_count,512,8,0,0,0,512,0,0,0,0,0,0,0,0,0,512,512,1,1,1,1,0.0
9,0,54,4,identity,512,16,0,0,0,512,0,0,0,0,0,0,0,0,0,512,512,1,1,1,1,0.0
9,0,54,4,population_count,512,16,0,0,0,512,0,0,0,0,0,0,0,0,0,512,512,1,1,1,1,0.0
9,0,54,5,identity,512,32,0,0,0,512,0,0,0,0,0,0,0,0,0,512,512,1,1,1,1,0.0
9,0,54,5,population_count,512,32,0,0,0,512,0,0,0,0,0,0,0,0,0,512,512,1,1,1,1,0.0
9,0,54,6,identity,512,64,0,0,0,512,0,0,0,0,0,0,0,0,0,512,512,1,1,1,1,0.0
9,0,54,6,population_count,512,64,0,0,0,512,0,0,0,0,0,0,0,0,0,512,512,1,1,1,1,0.0
9,0,90,0,identity,512,1,0,0,0,512,0,0,0,0,0,0,0,0,0,512,512,1,1,1,1,0.0
9,0,90,0,population_count,512,1,0,0,0,512,0,0,0,0,0,0,0,0,0,512,512,1,1,1,1,0.0
9,0,90,1,identity,512,2,0,0,0,512,0,0,0,0,0,0,0,0,0,512,512,1,1,1,1,0.0
9,0,90,1,population_count,512,2,0,0,0,512,0,0,0,0,0,0,0,0,0,512,512,1,1,1,1,0.0
9,0,90,2,identity,512,4,0,0,0,512,0,0,0,0,0,0,0,0,0,512,512,1,1,1,1,0.0
9,0,90,2,population_count,512,4,0,0,0,512,0,0,0,0,0,0,0,0,0,512,512,1,1,1,1,0.0
9,0,90,3,identity,512,8,0,0,0,512,0,0,0,0,0,0,0,0,0,512,512,1,1,1,1,0.0
9,0,90,3,population_count,512,8,0,0,0,512,0,0,0,0,0,0,0,0,0,512,512,1,1,1,1,0.0
9,0,90,4,identity,512,16,0,0,0,512,0,0,0,0,0,0,0,0,0,512,512,1,1,1,1,0.0
9,0,90,4,population_count,512,16,0,0,0,512,0,0,0,0,0,0,0,0,0,512,512,1,1,1,1,0.0
9,0,90,5,identity,512,32,0,0,0,512,0,0,0,0,0,0,0,0,0,512,512,1,1,1,1,0.0
9,0,90,5,population_count,512,32,0,0,0,512,0,0,0,0,0,0,0,0,0,512,512,1,1,1,1,0.0
9,0,90,6,identity,512,64,0,0,0,512,0,0,0,0,0,0,0,0,0,512,512,1,1,1,1,0.0
9,0,90,6,population_count,512,64,0,0,0,512,0,0,0,0,0,0,0,0,0,512,512,1,1,1,1,0.0
9,0,110,0,identity,512,1,0,0,0,512,0,0,0,0,0,0,0,0,0,512,512,1,1,1,1,0.0
9,0,110,0,population_count,512,1,0,0,0,512,0,0,0,0,0,0,0,0,0,512,512,1,1,1,1,0.0
9,0,110,1,identity,512,2,0,0,0,512,0,0,0,0,0,0,0,0,0,512,512,1,1,1,1,0.0
9,0,110,1,population_count,512,2,0,0,0,512,0,0,0,0,0,0,0,0,0,512,512,1,1,1,1,0.0
9,0,110,2,identity,512,4,0,0,0,512,0,0,0,0,0,0,0,0,0,512,512,1,1,1,1,0.0
9,0,110,2,population_count,512,4,0,0,0,512,0,0,0,0,0,0,0,0,0,512,512,1,1,1,1,0.0
9,0,110,3,identity,512,8,0,0,0,512,0,0,0,0,0,0,0,0,0,512,512,1,1,1,1,0.0
9,0,110,3,population_count,512,8,0,0,0,512,0,0,0,0,0,0,0,0,0,512,512,1,1,1,1,0.0
9,0,110,4,identity,512,16,0,0,0,512,0,0,0,0,0,0,0,0,0,512,512,1,1,1,1,0.0
9,0,110,4,population_count,512,16,0,0,0,512,0,0,0,0,0,0,0,0,0,512,512,1,1,1,1,0.0
9,0,110,5,identity,512,32,0,0,0,512,0,0,0,0,0,0,0,0,0,512,512,1,1,1,1,0.0
9,0,110,5,population_count,512,32,0,0,0,512,0,0,0,0,0,0,0,0,0,512,512,1,1,1,1,0.0
9,0,110,6,identity,512,64,0,0,0,512,0,0,0,0,0,0,0,0,0,512,512,1,1,1,1,0.0
9,0,110,6,population_count,512,64,0,0,0,512,0,0,0,0,0,0,0,0,0,512,512,1,1,1,1,0.0
9,0,150,0,identity,512,1,0,0,0,512,0,0,0,0,0,0,0,0,0,512,512,1,1,1,1,0.0
9,0,150,0,population_count,512,1,0,0,0,512,0,0,0,0,0,0,0,0,0,512,512,1,1,1,1,0.0
9,0,150,1,identity,512,2,0,0,0,512,0,0,0,0,0,0,0,0,0,512,512,1,1,1,1,0.0
9,0,150,1,population_count,512,2,0,0,0,512,0,0,0,0,0,0,0,0,0,512,512,1,1,1,1,0.0
9,0,150,2,identity,512,4,0,0,0,512,0,0,0,0,0,0,0,0,0,512,512,1,1,1,1,0.0
9,0,150,2,population_count,512,4,0,0,0,512,0,0,0,0,0,0,0,0,0,512,512,1,1,1,1,0.0
9,0,150,3,identity,512,8,0,0,0,512,0,0,0,0,0,0,0,0,0,512,512,1,1,1,1,0.0
9,0,150,3,population_count,512,8,0,0,0,512,0,0,0,0,0,0,0,0,0,512,512,1,1,1,1,0.0
9,0,150,4,identity,512,16,0,0,0,512,0,0,0,0,0,0,0,0,0,512,512,1,1,1,1,0.0
9,0,150,4,population_count,512,16,0,0,0,512,0,0,0,0,0,0,0,0,0,512,512,1,1,1,1,0.0
9,0,150,5,identity,512,32,0,0,0,512,0,0,0,0,0,0,0,0,0,512,512,1,1,1,1,0.0
9,0,150,5,population_count,512,32,0,0,0,512,0,0,0,0,0,0,0,0,0,512,512,1,1,1,1,0.0
9,0,150,6,identity,512,64,0,0,0,512,0,0,0,0,0,0,0,0,0,512,512,1,1,1,1,0.0
9,0,150,6,population_count,512,64,0,0,0,512,0,0,0,0,0,0,0,0,0,512,512,1,1,1,1,0.0
9,0,170,0,identity,512,1,0,0,0,512,0,0,0,0,0,0,0,0,0,512,512,1,1,1,1,0.0
9,0,170,0,population_count,512,1,0,0,0,512,0,0,0,0,0,0,0,0,0,512,512,1,1,1,1,0.0
9,0,170,1,identity,512,2,0,0,0,512,0,0,0,0,0,0,0,0,0,512,512,1,1,1,1,0.0
9,0,170,1,population_count,512,2,0,0,0,512,0,0,0,0,0,0,0,0,0,512,512,1,1,1,1,0.0
9,0,170,2,identity,512,4,0,0,0,512,0,0,0,0,0,0,0,0,0,512,512,1,1,1,1,0.0
9,0,170,2,population_count,512,4,0,0,0,512,0,0,0,0,0,0,0,0,0,512,512,1,1,1,1,0.0
9,0,170,3,identity,512,8,0,0,0,512,0,0,0,0,0,0,0,0,0,512,512,1,1,1,1,0.0
9,0,170,3,population_count,512,8,0,0,0,512,0,0,0,0,0,0,0,0,0,512,512,1,1,1,1,0.0
9,0,170,4,identity,512,16,0,0,0,512,0,0,0,0,0,0,0,0,0,512,512,1,1,1,1,0.0
9,0,170,4,population_count,512,16,0,0,0,512,0,0,0,0,0,0,0,0,0,512,512,1,1,1,1,0.0
9,0,170,5,identity,512,32,0,0,0,512,0,0,0,0,0,0,0,0,0,512,512,1,1,1,1,0.0
9,0,170,5,population_count,512,32,0,0,0,512,0,0,0,0,0,0,0,0,0,512,512,1,1,1,1,0.0
9,0,170,6,identity,512,64,0,0,0,512,0,0,0,0,0,0,0,0,0,512,512,1,1,1,1,0.0
9,0,170,6,population_count,512,64,0,0,0,512,0,0,0,0,0,0,0,0,0,512,512,1,1,1,1,0.0
9,0,184,0,identity,512,1,0,0,0,512,0,0,0,0,0,0,0,0,0,512,512,1,1,1,1,0.0
9,0,184,0,population_count,512,1,0,0,0,512,0,0,0,0,0,0,0,0,0,512,512,1,1,1,1,0.0
9,0,184,1,identity,512,2,0,0,0,512,0,0,0,0,0,0,0,0,0,512,512,1,1,1,1,0.0
9,0,184,1,population_count,512,2,0,0,0,512,0,0,0,0,0,0,0,0,0,512,512,1,1,1,1,0.0
9,0,184,2,identity,512,4,0,0,0,512,0,0,0,0,0,0,0,0,0,512,512,1,1,1,1,0.0
9,0,184,2,population_count,512,4,0,0,0,512,0,0,0,0,0,0,0,0,0,512,512,1,1,1,1,0.0
9,0,184,3,identity,512,8,0,0,0,512,0,0,0,0,0,0,0,0,0,512,512,1,1,1,1,0.0
9,0,184,3,population_count,512,8,0,0,0,512,0,0,0,0,0,0,0,0,0,512,512,1,1,1,1,0.0
9,0,184,4,identity,512,16,0,0,0,512,0,0,0,0,0,0,0,0,0,512,512,1,1,1,1,0.0
9,0,184,4,population_count,512,16,0,0,0,512,0,0,0,0,0,0,0,0,0,512,512,1,1,1,1,0.0
9,0,184,5,identity,512,32,0,0,0,512,0,0,0,0,0,0,0,0,0,512,512,1,1,1,1,0.0
9,0,184,5,population_count,512,32,0,0,0,512,0,0,0,0,0,0,0,0,0,512,512,1,1,1,1,0.0
9,0,184,6,identity,512,64,0,0,0,512,0,0,0,0,0,0,0,0,0,512,512,1,1,1,1,0.0
9,0,184,6,population_count,512,64,0,0,0,512,0,0,0,0,0,0,0,0,0,512,512,1,1,1,1,0.0
9,0,204,0,identity,512,1,0,0,0,512,0,0,0,0,0,0,0,0,0,512,512,1,1,1,1,0.0
9,0,204,0,population_count,512,1,0,0,0,512,0,0,0,0,0,0,0,0,0,512,512,1,1,1,1,0.0
9,0,204,1,identity,512,2,0,0,0,512,0,0,0,0,0,0,0,0,0,512,512,1,1,1,1,0.0
9,0,204,1,population_count,512,2,0,0,0,512,0,0,0,0,0,0,0,0,0,512,512,1,1,1,1,0.0
9,0,204,2,identity,512,4,0,0,0,512,0,0,0,0,0,0,0,0,0,512,512,1,1,1,1,0.0
9,0,204,2,population_count,512,4,0,0,0,512,0,0,0,0,0,0,0,0,0,512,512,1,1,1,1,0.0
9,0,204,3,identity,512,8,0,0,0,512,0,0,0,0,0,0,0,0,0,512,512,1,1,1,1,0.0
9,0,204,3,population_count,512,8,0,0,0,512,0,0,0,0,0,0,0,0,0,512,512,1,1,1,1,0.0
9,0,204,4,identity,512,16,0,0,0,512,0,0,0,0,0,0,0,0,0,512,512,1,1,1,1,0.0
9,0,204,4,population_count,512,16,0,0,0,512,0,0,0,0,0,0,0,0,0,512,512,1,1,1,1,0.0
9,0,204,5,identity,512,32,0,0,0,512,0,0,0,0,0,0,0,0,0,512,512,1,1,1,1,0.0
9,0,204,5,population_count,512,32,0,0,0,512,0,0,0,0,0,0,0,0,0,512,512,1,1,1,1,0.0
9,0,204,6,identity,512,64,0,0,0,512,0,0,0,0,0,0,0,0,0,512,512,1,1,1,1,0.0
9,0,204,6,population_count,512,64,0,0,0,512,0,0,0,0,0,0,0,0,0,512,512,1,1,1,1,0.0
9,0,250,0,identity,512,1,0,0,0,512,0,0,0,0,0,0,0,0,0,512,512,1,1,1,1,0.0
9,0,250,0,population_count,512,1,0,0,0,512,0,0,0,0,0,0,0,0,0,512,512,1,1,1,1,0.0
9,0,250,1,identity,512,2,0,0,0,512,0,0,0,0,0,0,0,0,0,512,512,1,1,1,1,0.0
9,0,250,1,population_count,512,2,0,0,0,512,0,0,0,0,0,0,0,0,0,512,512,1,1,1,1,0.0
9,0,250,2,identity,512,4,0,0,0,512,0,0,0,0,0,0,0,0,0,512,512,1,1,1,1,0.0
9,0,250,2,population_count,512,4,0,0,0,512,0,0,0,0,0,0,0,0,0,512,512,1,1,1,1,0.0
9,0,250,3,identity,512,8,0,0,0,512,0,0,0,0,0,0,0,0,0,512,512,1,1,1,1,0.0
9,0,250,3,population_count,512,8,0,0,0,512,0,0,0,0,0,0,0,0,0,512,512,1,1,1,1,0.0
9,0,250,4,identity,512,16,0,0,0,512,0,0,0,0,0,0,0,0,0,512,512,1,1,1,1,0.0
9,0,250,4,population_count,512,16,0,0,0,512,0,0,0,0,0,0,0,0,0,512,512,1,1,1,1,0.0
9,0,250,5,identity,512,32,0,0,0,512,0,0,0,0,0,0,0,0,0,512,512,1,1,1,1,0.0
9,0,250,5,population_count,512,32,0,0,0,512,0,0,0,0,0,0,0,0,0,512,512,1,1,1,1,0.0
9,0,250,6,identity,512,64,0,0,0,512,0,0,0,0,0,0,0,0,0,512,512,1,1,1,1,0.0
9,0,250,6,population_count,512,64,0,0,0,512,0,0,0,0,0,0,0,0,0,512,512,1,1,1,1,0.0
9,4,30,0,identity,512,1,492,1728,492,20,0,492,0,0,492,492,0,0,492,512,512,1,1,1,1,0.9609375
9,4,30,0,population_count,512,1,492,1728,474,38,0,474,0,0,474,474,0,18,474,512,512,1,1,1,1,0.92578125
9,4,30,1,identity,512,2,492,1728,489,23,273,216,0,135,354,489,0,3,825,863,866,1,2,1,2,0.8115234375
9,4,30,1,population_count,512,2,492,1728,489,23,273,216,0,135,354,489,0,3,753,863,866,1,2,1,2,0.7529296875
9,4,30,2,identity,512,4,492,1728,489,23,462,27,138,135,216,489,0,3,1500,1241,1571,1,4,1,4,0.7130161830357143
9,4,30,2,population_count,512,4,492,1728,489,23,336,153,138,135,216,489,0,3,1500,1241,1301,1,4,1,4,0.63818359375
9,4,30,3,identity,512,8,492,1728,489,23,489,0,138,135,216,489,0,3,2580,1727,2273,1,8,1,7,0.7693080357142859
9,4,30,3,population_count,512,8,492,1728,489,23,408,81,165,135,189,489,0,3,2535,1592,1688,1,6,1,6,0.6332031250000001
9,4,30,4,identity,512,16,492,1728,489,23,444,45,138,135,216,489,0,3,4398,2537,3083,1,12,1,12,0.8025682870667936
9,4,30,4,population_count,512,16,492,1728,489,23,453,36,228,153,108,489,0,3,4326,1736,1985,1,7,1,7,0.5968331473214287
9,4,30,5,identity,512,32,492,1728,489,23,489,0,138,135,216,489,0,3,7404,3698,3965,1,17,1,17,0.8204532693221218
9,4,30,5,population_count,512,32,492,1728,426,86,381,45,192,162,72,489,63,66,7251,2078,2111,1,8,1,8,0.5512765066964285
9,4,30,6,identity,512,64,492,1728,489,23,390,99,138,135,216,489,0,3,12354,5228,5162,1,24,1,23,0.8371984280430512
9,4,30,6,population_count,512,64,492,1728,426,86,399,27,201,180,45,489,63,66,12102,2168,2147,1,8,1,8,0.5398716517857144
9,4,51,0,identity,512,1,512,3456,512,0,0,512,0,0,512,512,0,0,512,512,512,1,1,1,1,1.0
9,4,51,0,population_count,512,1,512,3456,512,0,0,512,0,0,512,512,0,0,512,512,512,1,1,1,1,1.0
9,4,51,1,identity,512,2,512,3456,512,0,158,354,74,0,438,512,0,0,812,866,1024,1,2,2,2,0.837890625
9,4,51,1,population_count,512,2,512,3456,512,0,158,354,74,0,438,512,0,0,812,866,1024,1,2,2,2,0.755859375
9,4,51,2,identity,512,4,512,3456,438,74,438,0,0,84,354,512,74,74,1412,1732,1378,2,4,2,3,0.631640625
9,4,51,2,population_count,512,4,512,3456,438,74,438,0,0,210,228,512,74,74,1412,1732,1378,2,4,2,3,0.47636718749999996
9,4,51,3,identity,512,8,512,3456,438,74,276,162,84,84,270,512,74,74,2402,1840,1732,2,5,2,4,0.5231584821428572
9,4,51,3,population_count,512,8,512,3456,348,164,276,72,84,120,144,512,164,164,2402,1840,1732,2,5,2,4,0.3497209821428572
9,4,51,4,identity,512,16,512,3456,438,74,312,126,84,120,234,512,74,74,4172,1948,1840,2,6,2,5,0.4870396205357143
9,4,51,4,population_count,512,16,512,3456,348,164,312,36,84,156,108,512,164,164,4172,1948,1840,2,6,2,5,0.3182896205357143
9,4,51,5,identity,512,32,512,3456,438,74,267,171,120,120,198,512,74,74,7220,1975,1948,2,7,2,6,0.46298828125
9,4,51,5,population_count,512,32,512,3456,312,200,267,45,120,120,72,512,200,200,7220,1975,1948,2,7,2,6,0.28955078125
9,4,51,6,identity,512,64,512,3456,438,74,276,162,120,129,189,512,74,74,12542,2002,1975,2,8,2,7,0.456884765625
9,4,51,6,population_count,512,64,512,3456,312,200,276,36,120,129,63,512,200,200,12542,2002,1975,2,8,2,7,0.283447265625
9,4,54,0,identity,512,1,492,2016,492,20,0,492,0,0,492,492,0,0,492,512,512,1,1,1,1,0.9609375
9,4,54,0,population_count,512,1,492,2016,492,20,0,492,0,0,492,492,0,0,492,512,512,1,1,1,1,0.9609375
9,4,54,1,identity,512,2,492,2016,480,32,327,153,0,189,291,480,0,12,771,854,803,1,2,1,2,0.7529296875
9,4,54,1,population_count,512,2,492,2016,480,32,327,153,0,189,291,480,0,12,771,854,803,1,2,1,2,0.7470703125
9,4,54,2,identity,512,4,492,2016,480,32,480,0,138,189,153,480,0,12,1374,1178,1373,1,3,1,4,0.689453125
9,4,54,2,population_count,512,4,492,2016,471,41,471,0,138,189,144,480,9,21,1374,1178,1319,1,3,1,4,0.60185546875
9,4,54,3,identity,512,8,492,2016,480,32,480,0,138,189,153,480,0,12,2292,1538,1679,1,5,1,6,0.751416015625
9,4,54,3,population_count,512,8,492,2016,480,32,471,9,282,189,9,480,0,12,2292,1439,1607,1,5,1,6,0.5409179687500001
9,4,54,4,identity,512,16,492,2016,480,32,354,126,138,189,153,480,0,12,3822,2087,1958,1,7,1,9,0.7909648944805195
9,4,54,4,population_count,512,16,492,2016,480,32,480,0,138,324,18,480,0,12,3822,1934,1625,1,6,1,6,0.560546875
9,4,54,5,identity,512,32,492,2016,480,32,480,0,138,189,153,480,0,12,6306,2726,2183,1,9,1,10,0.807216416396104
9,4,54,5,population_count,512,32,492,2016,354,158,354,0,156,198,0,480,126,138,6306,1970,1823,1,6,1,6,0.5212890625
9,4,54,6,identity,512,64,492,2016,480,32,480,0,138,189,153,480,0,12,10491,2951,2588,1,10,1,11,0.8145833658528973
9,4,54,6,population_count,512,64,492,2016,354,158,354,0,156,198,0,480,126,138,10455,1988,1823,1,6,1,6,0.5224609375
9,4,90,0,identity,512,1,381,864,381,131,0,381,0,0,381,381,0,0,381,512,512,1,1,1,1,0.744140625
9,4,90,0,population_count,512,1,381,864,309,203,0,309,0,0,309,309,0,72,309,512,512,1,1,1,1,0.603515625
9,4,90,1,identity,512,2,381,864,381,131,156,225,0,12,369,381,0,0,723,866,854,1,2,1,2,0.703125
9,4,90,1,population_count,512,2,381,864,345,167,255,90,117,48,180,345,0,36,525,677,764,1,2,1,2,0.4892578125
9,4,90,2,identity,512,4,381,864,381,131,246,135,9,21,351,381,0,0,1425,1298,1268,1,4,1,4,0.6791015625
9,4,90,2,population_count,512,4,381,864,309,203,201,108,9,57,243,363,54,72,984,938,872,1,3,1,3,0.45703125
9,4,90,3,identity,512,8,381,864,381,131,291,90,18,48,315,381,0,0,2775,1811,1754,1,7,1,7,0.6637416294642857
9,4,90,3,population_count,512,8,381,864,354,158,309,45,135,75,144,363,9,27,2046,1037,1106,1,4,1,3,0.4130859375
9,4,90,4,identity,512,16,381,864,381,131,345,36,36,93,252,381,0,0,5241,2432,2294,1,11,1,10,0.623485059862013
9,4,90,4,population_count,512,16,381,864,354,158,246,108,81,129,144,363,9,27,3990,1316,1268,1,5,1,4,0.38320312500000003
9,4,90,5,identity,512,32,381,864,381,131,237,144,72,93,216,381,0,0,9561,2873,2834,1,16,1,12,0.6018577728567389
9,4,90,5,population_count,512,32,381,864,363,149,309,54,189,120,54,363,0,18,7473,1361,1448,1,4,1,4,0.33076171875000004
9,4,90,6,identity,512,64,381,864,363,149,237,126,72,102,189,381,18,18,16716,3314,3230,1,21,1,14,0.5975402039366883
9,4,90,6,population_count,512,64,381,864,327,185,174,153,72,84,171,363,36,54,13521,1577,1538,1,5,1,4,0.3626953125
9,4,110,0,identity,512,1,435,1296,435,77,0,435,0,0,435,435,0,0,435,512,512,1,1,1,1,0.849609375
9,4,110,0,population_count,512,1,435,1296,435,77,0,435,0,0,435,435,0,0,435,512,512,1,1,1,1,0.849609375
9,4,110,1,identity,512,2,435,1296,435,77,372,63,0,291,144,435,0,0,579,866,656,1,2,1,2,0.5654296875
9,4,110,1,population_count,512,2,435,1296,435,77,372,63,0,291,144,435,0,0,579,866,656,1,2,1,2,0.5654296875
9,4,110,2,identity,512,4,435,1296,432,80,432,0,81,288,63,432,0,3,810,953,944,1,3,1,4,0.52529296875
9,4,110,2,population_count,512,4,435,1296,432,80,432,0,135,288,9,432,0,3,756,953,944,1,3,1,4,0.48955078125000007
9,4,110,3,identity,512,8,435,1296,432,80,432,0,81,288,63,432,0,3,1305,1304,1088,1,5,1,5,0.6184779575892858
9,4,110,3,population_count,512,8,435,1296,432,80,423,9,81,288,63,432,0,3,1305,1295,944,1,4,1,4,0.57421875
9,4,110,4,identity,512,16,435,1296,432,80,432,0,81,288,63,432,0,3,1971,1682,1232,1,8,1,6,0.669287109375
9,4,110,4,population_count,512,16,435,1296,432,80,423,9,135,288,9,432,0,3,1971,1637,1088,1,5,1,5,0.5789062500000001
9,4,110,5,identity,512,32,435,1296,432,80,432,0,81,288,63,432,0,3,3087,2105,1376,1,12,1,7,0.7028700791396105
9,4,110,5,population_count,512,32,435,1296,369,143,369,0,81,288,0,432,63,66,3087,1871,1088,1,5,1,5,0.56953125
9,4,110,6,identity,512,64,435,1296,432,80,423,9,81,288,63,432,0,3,4653,2609,1520,1,16,1,8,0.7274164556146978
9,4,110,6,population_count,512,64,435,1296,423,89,369,54,81,288,54,432,9,12,4635,1907,1088,1,6,1,5,0.6076171875
9,4,150,0,identity,512,1,462,1728,462,50,0,462,0,0,462,462,0,0,462,512,512,1,1,1,1,0.90234375
9,4,150,0,population_count,512,1,462,1728,462,50,0,462,0,0,462,462,0,0,462,512,512,1,1,1,1,0.90234375
9,4,150,1,identity,512,2,462,1728,462,50,246,216,0,138,324,462,0,0,768,866,836,1,2,1,2,0.755859375
9,4,150,1,population_count,512,2,462,1728,444,68,246,198,0,138,306,444,0,18,678,866,836,1,2,1,2,0.650390625
9,4,150,2,identity,512,4,462,1728,462,50,462,0,81,138,243,462,0,0,1425,1199,1484,1,3,1,4,0.67529296875
9,4,150,2,population_count,512,4,462,1728,435,77,264,171,99,138,198,462,27,27,1407,1199,1196,1,3,1,4,0.551953125
9,4,150,3,identity,512,8,462,1728,462,50,336,126,81,138,243,462,0,0,2541,1784,1916,1,6,1,6,0.7108049665178573
9,4,150,3,population_count,512,8,462,1728,390,122,318,72,135,156,99,462,72,72,2505,1478,1448,1,5,1,4,0.5207310267857144
9,4,150,4,identity,512,16,462,1728,462,50,426,36,108,156,198,462,0,0,4557,2441,2384,1,8,1,9,0.7243483567214037
9,4,150,4,population_count,512,16,462,1728,336,176,273,63,108,156,72,462,126,126,4467,1586,1520,1,7,1,5,0.4898018973214286
9,4,150,5,identity,512,32,462,1728,462,50,435,27,108,165,189,462,0,0,8193,3089,2744,1,9,1,11,0.7405082078996372
9,4,150,5,population_count,512,32,462,1728,408,104,399,9,117,219,72,462,54,54,7815,1793,1592,1,6,1,7,0.5092633928571428
9,4,150,6,identity,512,64,462,1728,462,50,453,9,108,174,180,462,0,0,14466,3746,3176,1,12,1,12,0.7470790979168858
9,4,150,6,population_count,512,64,462,1728,408,104,399,9,108,219,81,462,54,54,13980,2207,1700,1,7,1,7,0.518408203125
9,4,170,0,identity,512,1,0,0,0,512,0,0,0,0,0,0,0,0,0,512,512,1,1,1,1,0.0
9,4,170,0,population_count,512,1,0,0,0,512,0,0,0,0,0,0,0,0,0,512,512,1,1,1,1,0.0
9,4,170,1,identity,512,2,0,0,0,512,0,0,0,0,0,0,0,0,0,866,866,1,2,1,2,0.0
9,4,170,1,population_count,512,2,0,0,0,512,0,0,0,0,0,0,0,0,0,512,512,1,1,1,1,0.0
9,4,170,2,identity,512,4,0,0,0,512,0,0,0,0,0,0,0,0,0,1220,1220,1,3,1,3,0.0
9,4,170,2,population_count,512,4,0,0,0,512,0,0,0,0,0,0,0,0,0,512,512,1,1,1,1,0.0
9,4,170,3,identity,512,8,0,0,0,512,0,0,0,0,0,0,0,0,0,1571,1571,1,4,1,4,0.0
9,4,170,3,population_count,512,8,0,0,0,512,0,0,0,0,0,0,0,0,0,512,512,1,1,1,1,0.0
9,4,170,4,identity,512,16,0,0,0,512,0,0,0,0,0,0,0,0,0,1922,1922,1,5,1,5,0.0
9,4,170,4,population_count,512,16,0,0,0,512,0,0,0,0,0,0,0,0,0,512,512,1,1,1,1,0.0
9,4,170,5,identity,512,32,0,0,0,512,0,0,0,0,0,0,0,0,0,2273,2273,1,6,1,6,0.0
9,4,170,5,population_count,512,32,0,0,0,512,0,0,0,0,0,0,0,0,0,512,512,1,1,1,1,0.0
9,4,170,6,identity,512,64,0,0,0,512,0,0,0,0,0,0,0,0,0,2624,2624,1,7,1,7,0.0
9,4,170,6,population_count,512,64,0,0,0,512,0,0,0,0,0,0,0,0,0,512,512,1,1,1,1,0.0
9,4,184,0,identity,512,1,405,720,405,107,0,405,0,0,405,405,0,0,405,512,512,1,1,1,1,0.791015625
9,4,184,0,population_count,512,1,405,720,270,242,0,270,0,0,270,270,0,135,270,512,512,1,1,1,1,0.52734375
9,4,184,1,identity,512,2,405,720,405,107,126,279,0,0,405,405,0,0,810,866,992,1,2,1,2,0.791015625
9,4,184,1,population_count,512,2,405,720,270,242,0,270,0,0,270,270,0,135,540,512,512,1,1,1,1,0.52734375
9,4,184,2,identity,512,4,405,720,405,107,126,279,0,0,405,405,0,0,1620,1220,1472,1,3,1,3,0.7734375
9,4,184,2,population_count,512,4,405,720,270,242,0,270,0,0,270,270,0,135,1080,512,512,1,1,1,1,0.52734375
9,4,184,3,identity,512,8,405,720,405,107,126,279,0,0,405,405,0,0,3240,1571,1949,1,4,1,4,0.7516741071428572
9,4,184,3,population_count,512,8,405,720,270,242,0,270,0,0,270,270,0,135,2160,512,512,1,1,1,1,0.52734375
9,4,184,4,identity,512,16,405,720,405,107,126,279,0,0,405,405,0,0,6480,1922,2426,1,5,1,5,0.7318638392857143
9,4,184,4,population_count,512,16,405,720,270,242,0,270,0,0,270,270,0,135,4320,512,512,1,1,1,1,0.52734375
9,4,184,5,identity,512,32,405,720,405,107,126,279,0,0,405,405,0,0,12960,2273,2903,1,6,1,6,0.7119140625
9,4,184,5,population_count,512,32,405,720,270,242,0,270,0,0,270,270,0,135,8640,512,512,1,1,1,1,0.52734375
9,4,184,6,identity,512,64,405,720,405,107,126,279,0,0,405,405,0,0,25920,2624,3380,1,7,1,7,0.68359375
9,4,184,6,population_count,512,64,405,720,270,242,0,270,0,0,270,270,0,135,17280,512,512,1,1,1,1,0.52734375
9,4,204,0,identity,512,1,0,0,0,512,0,0,0,0,0,0,0,0,0,512,512,1,1,1,1,0.0
9,4,204,0,population_count,512,1,0,0,0,512,0,0,0,0,0,0,0,0,0,512,512,1,1,1,1,0.0
9,4,204,1,identity,512,2,0,0,0,512,0,0,0,0,0,0,0,0,0,512,512,1,1,1,1,0.0
9,4,204,1,population_count,512,2,0,0,0,512,0,0,0,0,0,0,0,0,0,512,512,1,1,1,1,0.0
9,4,204,2,identity,512,4,0,0,0,512,0,0,0,0,0,0,0,0,0,512,512,1,1,1,1,0.0
9,4,204,2,population_count,512,4,0,0,0,512,0,0,0,0,0,0,0,0,0,512,512,1,1,1,1,0.0
9,4,204,3,identity,512,8,0,0,0,512,0,0,0,0,0,0,0,0,0,512,512,1,1,1,1,0.0
9,4,204,3,population_count,512,8,0,0,0,512,0,0,0,0,0,0,0,0,0,512,512,1,1,1,1,0.0
9,4,204,4,identity,512,16,0,0,0,512,0,0,0,0,0,0,0,0,0,512,512,1,1,1,1,0.0
9,4,204,4,population_count,512,16,0,0,0,512,0,0,0,0,0,0,0,0,0,512,512,1,1,1,1,0.0
9,4,204,5,identity,512,32,0,0,0,512,0,0,0,0,0,0,0,0,0,512,512,1,1,1,1,0.0
9,4,204,5,population_count,512,32,0,0,0,512,0,0,0,0,0,0,0,0,0,512,512,1,1,1,1,0.0
9,4,204,6,identity,512,64,0,0,0,512,0,0,0,0,0,0,0,0,0,512,512,1,1,1,1,0.0
9,4,204,6,population_count,512,64,0,0,0,512,0,0,0,0,0,0,0,0,0,512,512,1,1,1,1,0.0
9,4,250,0,identity,512,1,309,576,309,203,0,309,0,0,309,309,0,0,309,512,512,1,1,1,1,0.603515625
9,4,250,0,population_count,512,1,309,576,309,203,0,309,0,0,309,309,0,0,309,512,512,1,1,1,1,0.603515625
9,4,250,1,identity,512,2,309,576,309,203,111,198,0,3,306,309,0,0,579,866,755,1,2,1,2,0.5771484375
9,4,250,1,population_count,512,2,309,576,309,203,111,198,0,3,306,309,0,0,579,866,755,1,2,1,2,0.5068359375
9,4,250,2,identity,512,4,309,576,309,203,165,144,0,3,306,309,0,0,1137,1316,1016,1,4,1,4,0.5443359375000001
9,4,250,2,population_count,512,4,309,576,309,203,156,153,0,3,306,309,0,0,1137,1280,1016,1,4,1,4,0.437109375
9,4,250,3,identity,512,8,309,576,309,203,165,144,0,21,288,309,0,0,2217,1802,1286,1,7,1,6,0.5223214285714285
9,4,250,3,population_count,512,8,309,576,309,203,165,144,0,21,288,309,0,0,2217,1766,1286,1,6,1,6,0.3945033482142857
9,4,250,4,identity,512,16,309,576,309,203,219,90,0,48,261,309,0,0,4278,2315,1592,1,9,1,8,0.49273158482142865
9,4,250,4,population_count,512,16,309,576,309,203,219,90,0,66,243,309,0,0,4278,2279,1583,1,8,1,8,0.3462960379464286
9,4,250,5,identity,512,32,309,576,309,203,219,90,0,84,225,309,0,0,8346,2765,1898,1,10,1,10,0.4717862215909091
9,4,250,5,population_count,512,32,309,576,309,203,219,90,0,102,207,309,0,0,8346,2729,1889,1,10,1,10,0.3197544642857143
9,4,250,6,identity,512,64,309,576,273,239,273,0,0,84,189,309,36,36,16284,3332,2222,1,11,1,11,0.4481356534090909
9,4,250,6,population_count,512,64,309,576,273,239,273,0,0,192,81,309,36,36,16284,3296,2213,1,10,1,10,0.26572265625
9,30,51,0,identity,512,1,512,2304,512,0,0,512,0,0,512,512,0,0,512,512,512,1,1,1,1,1.0
9,30,51,0,population_count,512,1,512,2304,512,0,0,512,0,0,512,512,0,0,512,512,512,1,1,1,1,1.0
9,30,51,1,identity,512,2,512,2304,512,0,5,507,2,0,510,512,0,0,1022,1022,1021,1,2,1,2,0.99609375
9,30,51,1,population_count,512,2,512,2304,467,45,227,240,56,9,402,512,45,45,941,830,859,1,2,1,2,0.7646484375
9,30,51,2,identity,512,4,512,2304,510,2,6,504,0,0,510,512,2,2,2039,2035,2035,2,4,2,4,0.9730747767857144
9,30,51,2,population_count,512,4,512,2304,456,56,306,150,81,99,276,512,56,56,1814,1330,1312,2,4,2,4,0.52958984375
9,30,51,3,identity,512,8,512,2304,510,2,150,360,3,0,507,512,2,2,4067,3478,3478,2,7,2,7,0.9629001857517483
9,30,51,3,population_count,512,8,512,2304,420,92,318,102,111,117,192,512,92,92,3473,1699,1684,2,5,2,5,0.421875
9,30,51,4,identity,512,16,512,2304,510,2,186,324,3,3,504,512,2,2,8117,5857,5848,2,12,2,12,0.950792434068489
9,30,51,4,population_count,512,16,512,2304,411,101,330,81,138,93,180,512,101,101,6875,1999,2035,2,5,2,5,0.3642578125
9,30,51,5,identity,512,32,512,2304,510,2,366,144,3,3,504,512,2,2,16205,9448,9439,2,20,2,20,0.9430169630750428
9,30,51,5,population_count,512,32,512,2304,357,155,258,99,93,102,162,512,155,155,13568,2332,2341,2,6,2,6,0.25966796875
9,30,51,6,identity,512,64,512,2304,510,2,420,90,3,3,504,512,2,2,32369,15091,15100,2,33,2,33,0.9304811161260099
9,30,51,6,population_count,512,64,512,2304,339,173,213,126,102,102,135,512,173,173,27077,2620,2611,2,6,2,6,0.17441406250000002
9,30,54,0,identity,512,1,504,1728,504,8,0,504,0,0,504,504,0,0,504,512,512,1,1,1,1,0.984375
9,30,54,0,population_count,512,1,504,1728,405,107,0,405,0,0,405,405,0,99,405,512,512,1,1,1,1,0.791015625
9,30,54,1,identity,512,2,504,1728,504,8,81,423,0,0,504,504,0,0,1008,935,980,1,2,1,2,0.984375
9,30,54,1,population_count,512,2,504,1728,387,125,198,189,45,18,324,387,0,117,702,845,845,1,2,1,2,0.6826171875
9,30,54,2,identity,512,4,504,1728,504,8,198,306,0,0,504,504,0,0,2016,1727,1799,1,4,1,4,0.984375
9,30,54,2,population_count,512,4,504,1728,441,71,315,126,81,36,324,441,0,63,1512,1079,1178,1,4,1,4,0.6837890625
9,30,54,3,identity,512,8,504,1728,504,8,342,162,0,0,504,504,0,0,4032,3185,3482,1,8,1,8,0.9830228365384616
9,30,54,3,population_count,512,8,504,1728,432,80,369,63,117,81,234,459,27,72,3006,1808,1826,1,7,1,7,0.5238071986607142
9,30,54,4,identity,512,16,504,1728,504,8,432,72,0,0,504,504,0,0,8010,6020,6497,1,16,1,16,0.9698569324323045
9,30,54,4,population_count,512,16,504,1728,432,80,342,90,72,117,243,459,27,72,5778,2402,2312,1,7,1,7,0.43168945312499996
9,30,54,5,identity,512,32,504,1728,504,8,441,63,0,0,504,504,0,0,15975,11267,12104,1,32,1,31,0.9492639955724009
9,30,54,5,population_count,512,32,504,1728,432,80,369,63,99,117,216,459,27,72,11754,2924,2834,1,8,1,8,0.32532784598214287
9,30,54,6,identity,512,64,504,1728,504,8,459,45,0,0,504,504,0,0,31788,20456,21887,1,58,1,58,0.914370621503231
9,30,54,6,population_count,512,64,504,1728,432,80,369,63,81,108,243,459,27,72,23454,3365,3437,1,9,1,9,0.29194335937500004
9,30,90,0,identity,512,1,474,1728,474,38,0,474,0,0,474,474,0,0,474,512,512,1,1,1,1,0.92578125
9,30,90,0,population_count,512,1,474,1728,384,128,0,384,0,0,384,384,0,90,384,512,512,1,1,1,1,0.75
9,30,90,1,identity,512,2,474,1728,474,38,3,471,0,0,474,474,0,0,945,1019,1022,1,2,1,2,0.923828125
9,30,90,1,population_count,512,2,474,1728,420,92,201,219,45,63,312,429,9,54,648,911,860,1,2,1,2,0.619140625
9,30,90,2,identity,512,4,474,1728,474,38,87,387,3,0,471,474,0,0,1866,1988,1982,1,4,1,4,0.9164620535714285
9,30,90,2,population_count,512,4,474,1728,456,56,300,156,75,45,336,474,18,18,1371,1382,1406,1,4,1,4,0.58544921875
9,30,90,3,identity,512,8,474,1728,474,38,186,288,3,3,468,474,0,0,3717,3857,3848,1,8,1,8,0.9101036658653847
9,30,90,3,population_count,512,8,474,1728,435,77,318,117,39,108,288,474,39,39,2700,2006,1916,1,6,1,5,0.43995535714285716
9,30,90,4,identity,512,16,474,1728,474,38,312,162,3,3,468,474,0,0,7383,7469,7400,1,16,1,16,0.8976585573917784
9,30,90,4,population_count,512,16,474,1728,453,59,372,81,138,135,180,474,21,21,5304,2645,2654,1,7,1,7,0.2971121651785714
9,30,90,5,identity,512,32,474,1728,474,38,411,63,3,3,468,474,0,0,14754,14303,14066,1,32,1,32,0.8768284832843161
9,30,90,5,population_count,512,32,474,1728,426,86,363,63,183,153,90,474,48,48,10596,3167,3176,1,8,1,8,0.19509626116071427
9,30,90,6,identity,512,64,474,1728,471,41,444,27,3,0,468,474,3,3,29463,26642,26222,1,61,1,61,0.844042531465846
9,30,90,6,population_count,512,64,474,1728,381,131,264,117,138,126,117,474,93,93,20859,3536,3572,1,8,1,8,0.1350795200892857
9,30,110,0,identity,512,1,492,2592,492,20,0,492,0,0,492,492,0,0,492,512,512,1,1,1,1,0.9609375
9,30,110,0,population_count,512,1,492,2592,465,47,0,465,0,0,465,465,0,27,465,512,512,1,1,1,1,0.908203125
9,30,110,1,identity,512,2,492,2592,492,20,24,468,0,0,492,492,0,0,957,1010,1010,1,2,1,2,0.943359375
9,30,110,1,population_count,512,2,492,2592,456,56,222,234,36,27,393,465,9,36,831,857,911,1,2,1,2,0.7529296875
9,30,110,2,identity,512,4,492,2592,492,20,96,396,3,3,486,492,0,0,1893,2003,1931,1,4,1,4,0.9316685267857143
9,30,110,2,population_count,512,4,492,2592,474,38,375,99,39,39,396,492,18,18,1551,1454,1391,1,4,1,4,0.6716796875
9,30,110,3,identity,512,8,492,2592,492,20,186,306,3,3,486,492,0,0,3765,3902,3812,1,8,1,8,0.929060782967033
9,30,110,3,population_count,512,8,492,2592,465,47,348,117,48,138,279,492,27,27,2901,2363,2246,1,7,1,7,0.39873744419642854
9,30,110,4,identity,512,16,492,2592,492,20,303,189,3,3,486,492,0,0,7509,7655,7439,1,16,1,16,0.9211953993449684
9,30,110,4,population_count,512,16,492,2592,438,74,393,45,120,129,189,492,54,54,5835,2876,2930,1,8,1,8,0.303271484375
9,30,110,5,identity,512,32,492,2592,492,20,474,18,3,3,486,492,0,0,15006,14918,14315,1,32,1,32,0.9018104607240599
9,30,110,5,population_count,512,32,492,2592,429,83,366,63,120,147,162,492,63,63,11838,3470,3452,1,9,1,9,0.23158482142857145
9,30,110,6,identity,512,64,492,2592,492,20,447,45,12,3,477,492,0,0,29973,28229,27275,1,62,1,62,0.8687206125837135
9,30,110,6,population_count,512,64,492,2592,411,101,276,135,111,111,189,492,81,81,23988,4019,4010,1,9,1,10,0.18405412946428573
9,30,150,0,identity,512,1,510,2304,510,2,0,510,0,0,510,510,0,0,510,512,512,1,1,1,1,0.99609375
9,30,150,0,population_count,512,1,510,2304,375,137,0,375,0,0,375,375,0,135,375,512,512,1,1,1,1,0.732421875
9,30,150,1,identity,512,2,510,2304,510,2,123,387,0,6,504,510,0,0,1014,959,944,1,2,1,2,0.990234375
9,30,150,1,population_count,512,2,510,2304,492,20,231,261,63,51,378,501,9,18,852,851,872,1,2,1,2,0.767578125
9,30,150,2,identity,512,4,510,2304,510,2,312,198,0,6,504,510,0,0,2022,1742,1772,1,4,1,4,0.984375
9,30,150,2,population_count,512,4,510,2304,492,20,312,180,9,51,432,501,9,18,1752,1364,1232,1,4,1,4,0.72275390625
9,30,150,3,identity,512,8,510,2304,510,2,438,72,0,6,504,510,0,0,4038,3182,3320,1,8,1,8,0.9845271915584415
9,30,150,3,population_count,512,8,510,2304,465,47,348,117,45,105,315,501,36,45,3309,1823,1736,1,5,1,4,0.53759765625
9,30,150,4,identity,512,16,510,2304,510,2,429,81,0,6,504,510,0,0,8061,5927,6056,1,14,1,14,0.9706920520885365
9,30,150,4,population_count,512,16,510,2304,465,47,384,81,144,96,225,501,36,45,6360,2264,2276,1,5,1,6,0.37031250000000004
9,30,150,5,identity,512,32,510,2304,510,2,465,45,0,6,504,510,0,0,16089,10832,10808,1,27,1,27,0.9463927212442699
9,30,150,5,population_count,512,32,510,2304,321,191,294,27,135,141,45,501,180,189,12534,2741,2744,1,6,1,6,0.15761718749999998
9,30,150,6,identity,512,64,510,2304,510,2,492,18,0,6,504,510,0,0,32118,19139,19232,1,48,1,47,0.9087395898488733
9,30,150,6,population_count,512,64,510,2304,87,425,87,0,45,42,0,501,414,423,24558,2993,2996,1,6,1,6,0.03222656249999999
9,30,170,0,identity,512,1,0,0,0,512,0,0,0,0,0,0,0,0,0,512,512,1,1,1,1,0.0
9,30,170,0,population_count,512,1,0,0,0,512,0,0,0,0,0,0,0,0,0,512,512,1,1,1,1,0.0
9,30,170,1,identity,512,2,0,0,0,512,0,0,0,0,0,0,0,0,0,1022,1022,1,2,1,2,0.0
9,30,170,1,population_count,512,2,0,0,0,512,0,0,0,0,0,0,0,0,0,914,914,1,2,1,2,0.0
9,30,170,2,identity,512,4,0,0,0,512,0,0,0,0,0,0,0,0,0,1529,1529,1,3,1,3,0.0
9,30,170,2,population_count,512,4,0,0,0,512,0,0,0,0,0,0,0,0,0,1241,1241,1,3,1,3,0.0
9,30,170,3,identity,512,8,0,0,0,512,0,0,0,0,0,0,0,0,0,2033,2033,1,4,1,4,0.0
9,30,170,3,population_count,512,8,0,0,0,512,0,0,0,0,0,0,0,0,0,1538,1538,1,4,1,4,0.0
9,30,170,4,identity,512,16,0,0,0,512,0,0,0,0,0,0,0,0,0,2537,2537,1,5,1,5,0.0
9,30,170,4,population_count,512,16,0,0,0,512,0,0,0,0,0,0,0,0,0,1754,1754,1,5,1,5,0.0
9,30,170,5,identity,512,32,0,0,0,512,0,0,0,0,0,0,0,0,0,3041,3041,1,6,1,6,0.0
9,30,170,5,population_count,512,32,0,0,0,512,0,0,0,0,0,0,0,0,0,1934,1934,1,6,1,6,0.0
9,30,170,6,identity,512,64,0,0,0,512,0,0,0,0,0,0,0,0,0,3545,3545,1,7,1,7,0.0
9,30,170,6,population_count,512,64,0,0,0,512,0,0,0,0,0,0,0,0,0,2105,2105,1,6,1,6,0.0
9,30,184,0,identity,512,1,507,2016,507,5,0,507,0,0,507,507,0,0,507,512,512,1,1,1,1,0.990234375
9,30,184,0,population_count,512,1,507,2016,261,251,0,261,0,0,261,261,0,246,261,512,512,1,1,1,1,0.509765625
9,30,184,1,identity,512,2,507,2016,507,5,0,507,0,0,507,507,0,0,1002,1022,1022,1,2,1,2,0.982421875
9,30,184,1,population_count,512,2,507,2016,351,161,180,171,18,54,279,369,18,156,603,959,905,1,2,1,2,0.55078125
9,30,184,2,identity,512,4,507,2016,507,5,0,507,0,0,507,507,0,0,1992,2033,2033,1,4,1,4,0.9462890625
9,30,184,2,population_count,512,4,507,2016,351,161,198,153,9,45,297,387,36,156,1233,1448,1367,1,4,1,3,0.44853515624999996
9,30,184,3,identity,512,8,507,2016,507,5,180,327,0,0,507,507,0,0,3963,3824,3968,1,8,1,8,0.9114137815309691
9,30,184,3,population_count,512,8,507,2016,360,152,279,81,90,72,198,405,45,147,2502,1880,1943,1,5,1,5,0.3287109375
9,30,184,4,identity,512,16,507,2016,507,5,306,201,0,0,507,507,0,0,7905,7019,7343,1,16,1,16,0.8644210703482106
9,30,184,4,population_count,512,16,507,2016,315,197,225,90,135,45,135,405,90,192,5076,2231,2411,1,6,1,6,0.22968750000000004
9,30,184,5,identity,512,32,507,2016,507,5,396,111,0,0,507,507,0,0,15744,12149,13076,1,31,1,32,0.8180302814489968
9,30,184,5,population_count,512,32,507,2016,297,215,279,18,180,81,36,405,108,210,9945,2465,2618,1,7,1,7,0.186328125
9,30,184,6,identity,512,64,507,2016,507,5,387,120,0,0,507,507,0,0,31449,19817,21716,1,54,1,61,0.7593568273024132
9,30,184,6,population_count,512,64,507,2016,297,215,297,0,198,81,18,405,108,210,19251,2618,2762,1,7,1,7,0.16757812500000002
9,30,204,0,identity,512,1,0,0,0,512,0,0,0,0,0,0,0,0,0,512,512,1,1,1,1,0.0
9,30,204,0,population_count,512,1,0,0,0,512,0,0,0,0,0,0,0,0,0,512,512,1,1,1,1,0.0
9,30,204,1,identity,512,2,0,0,0,512,0,0,0,0,0,0,0,0,0,1022,1022,1,2,1,2,0.0
9,30,204,1,population_count,512,2,0,0,0,512,0,0,0,0,0,0,0,0,0,914,914,1,2,1,2,0.0
9,30,204,2,identity,512,4,0,0,0,512,0,0,0,0,0,0,0,0,0,1529,1529,1,3,1,3,0.0
9,30,204,2,population_count,512,4,0,0,0,512,0,0,0,0,0,0,0,0,0,1241,1241,1,3,1,3,0.0
9,30,204,3,identity,512,8,0,0,0,512,0,0,0,0,0,0,0,0,0,2033,2033,1,4,1,4,0.0
9,30,204,3,population_count,512,8,0,0,0,512,0,0,0,0,0,0,0,0,0,1538,1538,1,4,1,4,0.0
9,30,204,4,identity,512,16,0,0,0,512,0,0,0,0,0,0,0,0,0,2537,2537,1,5,1,5,0.0
9,30,204,4,population_count,512,16,0,0,0,512,0,0,0,0,0,0,0,0,0,1754,1754,1,5,1,5,0.0
9,30,204,5,identity,512,32,0,0,0,512,0,0,0,0,0,0,0,0,0,3041,3041,1,6,1,6,0.0
9,30,204,5,population_count,512,32,0,0,0,512,0,0,0,0,0,0,0,0,0,1934,1934,1,6,1,6,0.0
9,30,204,6,identity,512,64,0,0,0,512,0,0,0,0,0,0,0,0,0,3545,3545,1,7,1,7,0.0
9,30,204,6,population_count,512,64,0,0,0,512,0,0,0,0,0,0,0,0,0,2105,2105,1,6,1,6,0.0
9,30,250,0,identity,512,1,510,2304,510,2,0,510,0,0,510,510,0,0,510,512,512,1,1,1,1,0.99609375
9,30,250,0,population_count,512,1,510,2304,510,2,0,510,0,0,510,510,0,0,510,512,512,1,1,1,1,0.99609375
9,30,250,1,identity,512,2,510,2304,510,2,75,435,0,9,501,510,0,0,1002,1022,947,1,2,1,2,0.9794921875
9,30,250,1,population_count,512,2,510,2304,510,2,93,417,0,9,501,510,0,0,984,1022,929,1,2,1,2,0.9326171875
9,30,250,2,identity,512,4,510,2304,510,2,141,369,3,12,495,510,0,0,1959,1889,1814,1,4,1,4,0.9655412946428572
9,30,250,2,population_count,512,4,510,2304,510,2,420,90,3,12,495,510,0,0,1815,1853,1481,1,4,1,4,0.8131975446428571
9,30,250,3,identity,512,8,510,2304,510,2,420,90,3,48,459,510,0,0,3756,3284,3353,1,8,1,8,0.9105987762237763
9,30,250,3,population_count,512,8,510,2304,510,2,420,90,3,93,414,510,0,0,3495,2834,2678,1,8,1,7,0.5879952566964286
9,30,250,4,identity,512,16,510,2304,510,2,447,63,48,66,396,510,0,0,7227,5318,5999,1,15,1,15,0.881174570945369
9,30,250,4,population_count,512,16,510,2304,501,11,429,72,183,120,198,510,9,9,6786,3599,3776,1,10,1,10,0.4122349330357143
9,30,250,5,identity,512,32,510,2304,510,2,483,27,66,75,369,510,0,0,13668,8531,9734,1,25,1,27,0.8798204472067354
9,30,250,5,population_count,512,32,510,2304,366,146,339,27,237,102,27,510,144,144,12831,4112,4307,1,10,1,10,0.2922154017857143
9,30,250,6,identity,512,64,510,2304,510,2,501,9,66,75,369,510,0,0,25833,13310,15782,1,43,1,48,0.8775441927080396
9,30,250,6,population_count,512,64,510,2304,195,317,195,0,84,111,0,510,315,315,24447,4436,4361,1,10,1,10,0.233984375
9,51,54,0,identity,512,1,512,2304,512,0,0,512,0,0,512,512,0,0,512,512,512,1,1,1,1,1.0
9,51,54,0,population_count,512,1,512,2304,512,0,0,512,0,0,512,512,0,0,512,512,512,1,1,1,1,1.0
9,51,54,1,identity,512,2,512,2304,494,18,200,294,0,11,483,512,18,18,995,922,902,1,2,1,2,0.9111328125
9,51,54,1,population_count,512,2,512,2304,494,18,254,240,27,20,447,512,18,18,950,850,884,1,2,1,2,0.8583984375
9,51,54,2,identity,512,4,512,2304,492,20,315,177,0,27,465,512,20,20,1958,1654,1672,2,4,2,4,0.8095842633928572
9,51,54,2,population_count,512,4,512,2304,483,29,387,96,18,45,420,512,29,29,1823,1438,1510,2,4,2,4,0.71533203125
9,51,54,3,identity,512,8,512,2304,483,29,408,75,0,39,444,512,29,29,3833,2557,2266,2,7,2,7,0.7317737926136363
9,51,54,3,population_count,512,8,512,2304,474,38,372,102,18,93,363,512,38,38,3473,2071,1825,2,6,2,5,0.5704101562499999
9,51,54,4,identity,512,16,512,2304,474,38,420,54,30,39,405,512,38,38,7523,3331,3295,2,11,2,12,0.6463915679908326
9,51,54,4,population_count,512,16,512,2304,447,65,402,45,102,111,234,512,65,65,6740,2404,2467,2,7,2,7,0.4145438058035714
9,51,54,5,identity,512,32,512,2304,465,47,429,36,39,57,369,512,47,47,14756,4294,4132,2,16,2,16,0.5645165381493507
9,51,54,5,population_count,512,32,512,2304,438,74,384,54,138,129,171,512,74,74,13109,2791,2854,2,8,2,8,0.3021065848214286
9,51,54,6,identity,512,64,512,2304,438,74,402,36,30,84,324,512,74,74,28994,5122,4960,2,21,2,21,0.5092520732455404
9,51,54,6,population_count,512,64,512,2304,366,146,330,36,93,147,126,512,146,146,25691,3070,2998,2,8,2,8,0.24246651785714285
9,51,90,0,identity,512,1,512,4608,512,0,0,512,0,0,512,512,0,0,512,512,512,1,1,1,1,1.0
9,51,90,0,population_count,512,1,512,4608,512,0,0,512,0,0,512,512,0,0,512,512,512,1,1,1,1,1.0
9,51,90,1,identity,512,2,512,4608,512,0,8,504,0,8,504,512,0,0,512,1024,1016,2,2,1,2,0.6640625
9,51,90,1,population_count,512,2,512,4608,512,0,188,324,0,188,324,512,0,0,512,1024,836,2,2,1,2,0.60546875
9,51,90,2,identity,512,4,512,4608,504,8,0,504,0,0,504,512,8,8,512,2032,2032,2,4,2,4,0.39375000000000004
9,51,90,2,population_count,512,4,512,4608,324,188,144,180,144,0,180,512,188,188,512,1528,1672,2,4,2,4,0.2390625
9,51,90,3,identity,512,8,512,4608,504,8,0,504,0,0,504,512,8,8,512,3040,3040,2,6,2,6,0.2812499999999999
9,51,90,3,population_count,512,8,512,4608,180,332,36,144,0,36,144,512,332,332,512,2032,1996,2,5,2,5,0.13242187500000002
9,51,90,4,identity,512,16,512,4608,504,8,0,504,0,0,504,512,8,8,512,4048,4048,2,8,2,8,0.21875000000000006
9,51,90,4,population_count,512,16,512,4608,144,368,108,36,108,0,36,512,368,368,512,2212,2320,2,6,2,6,0.064453125
9,51,90,5,identity,512,32,512,4608,504,8,0,504,0,0,504,512,8,8,512,5056,5056,2,10,2,10,0.17897727272727262
9,51,90,5,population_count,512,32,512,4608,36,476,0,36,0,0,36,512,476,476,512,2392,2392,2,6,2,6,0.023437500000000003
9,51,90,6,identity,512,64,512,4608,504,8,0,504,0,0,504,512,8,8,512,6064,6064,2,12,2,12,0.15144230769230765
9,51,90,6,population_count,512,64,512,4608,36,476,0,36,0,0,36,512,476,476,512,2464,2464,2,6,2,6,0.023437500000000003
9,51,110,0,identity,512,1,512,3456,512,0,0,512,0,0,512,512,0,0,512,512,512,1,1,1,1,1.0
9,51,110,0,population_count,512,1,512,3456,494,18,0,494,0,0,494,494,0,18,494,512,512,1,1,1,1,0.96484375
9,51,110,1,identity,512,2,512,3456,512,0,14,498,0,2,510,512,0,0,1022,1012,1022,1,2,1,2,0.984375
9,51,110,1,population_count,512,2,512,3456,485,27,128,357,9,47,429,494,9,27,887,985,929,1,2,1,2,0.78515625
9,51,110,2,identity,512,4,512,3456,510,2,24,486,0,0,510,512,2,2,2030,2017,2017,2,4,2,4,0.9638671875
9,51,110,2,population_count,512,4,512,3456,474,38,270,204,36,36,402,494,20,38,1652,1681,1600,2,4,2,4,0.53837890625
9,51,110,3,identity,512,8,512,3456,510,2,87,423,0,3,507,512,2,2,4031,3469,3478,2,7,2,7,0.9457106370192307
9,51,110,3,population_count,512,8,512,3456,447,65,291,156,27,93,327,494,47,65,3149,2170,2041,2,5,2,6,0.39169921875
9,51,110,4,identity,512,16,512,3456,510,2,222,288,3,3,504,512,2,2,8018,5866,5794,2,12,2,12,0.9260092740907212
9,51,110,4,population_count,512,16,512,3456,411,101,312,99,111,111,189,494,83,101,6038,2521,2485,2,6,2,6,0.28038504464285713
9,51,110,5,identity,512,32,512,3456,510,2,384,126,3,3,504,512,2,2,15962,9475,9313,2,20,2,20,0.9050127383742173
9,51,110,5,population_count,512,32,512,3456,330,182,258,72,66,111,153,494,164,182,11705,2773,2746,2,6,2,6,0.2185267857142857
9,51,110,6,identity,512,64,512,3456,510,2,429,81,3,3,504,512,2,2,31829,14920,14749,2,33,2,33,0.8767726207596379
9,51,110,6,population_count,512,64,512,3456,267,245,204,63,39,75,153,494,227,245,22811,3052,2944,2,7,2,7,0.18795340401785715
9,51,150,0,identity,512,1,0,0,0,512,0,0,0,0,0,0,0,0,0,512,512,1,1,1,1,0.0
9,51,150,0,population_count,512,1,0,0,0,512,0,0,0,0,0,0,0,0,0,512,512,1,1,1,1,0.0
9,51,150,1,identity,512,2,0,0,0,512,0,0,0,0,0,0,0,0,0,1024,1024,2,2,2,2,0.0
9,51,150,1,population_count,512,2,0,0,0,512,0,0,0,0,0,0,0,0,0,1024,1024,2,2,2,2,0.0
9,51,150,2,identity,512,4,0,0,0,512,0,0,0,0,0,0,0,0,0,1528,1528,2,3,2,3,0.0
9,51,150,2,population_count,512,4,0,0,0,512,0,0,0,0,0,0,0,0,0,1384,1384,2,3,2,3,0.0
9,51,150,3,identity,512,8,0,0,0,512,0,0,0,0,0,0,0,0,0,2032,2032,2,4,2,4,0.0
9,51,150,3,population_count,512,8,0,0,0,512,0,0,0,0,0,0,0,0,0,1744,1744,2,4,2,4,0.0
9,51,150,4,identity,512,16,0,0,0,512,0,0,0,0,0,0,0,0,0,2536,2536,2,5,2,5,0.0
9,51,150,4,population_count,512,16,0,0,0,512,0,0,0,0,0,0,0,0,0,1960,1960,2,5,2,5,0.0
9,51,150,5,identity,512,32,0,0,0,512,0,0,0,0,0,0,0,0,0,3040,3040,2,6,2,6,0.0
9,51,150,5,population_count,512,32,0,0,0,512,0,0,0,0,0,0,0,0,0,2176,2176,2,5,2,5,0.0
9,51,150,6,identity,512,64,0,0,0,512,0,0,0,0,0,0,0,0,0,3544,3544,2,7,2,7,0.0
9,51,150,6,population_count,512,64,0,0,0,512,0,0,0,0,0,0,0,0,0,2392,2392,2,5,2,5,0.0
9,51,170,0,identity,512,1,0,0,0,512,0,0,0,0,0,0,0,0,0,512,512,1,1,1,1,0.0
9,51,170,0,population_count,512,1,0,0,0,512,0,0,0,0,0,0,0,0,0,512,512,1,1,1,1,0.0
9,51,170,1,identity,512,2,0,0,0,512,0,0,0,0,0,0,0,0,0,1024,1024,2,2,2,2,0.0
9,51,170,1,population_count,512,2,0,0,0,512,0,0,0,0,0,0,0,0,0,1024,1024,2,2,2,2,0.0
9,51,170,2,identity,512,4,0,0,0,512,0,0,0,0,0,0,0,0,0,1534,1534,2,3,2,3,0.0
9,51,170,2,population_count,512,4,0,0,0,512,0,0,0,0,0,0,0,0,0,1024,1024,2,2,2,2,0.0
9,51,170,3,identity,512,8,0,0,0,512,0,0,0,0,0,0,0,0,0,2044,2044,2,4,2,4,0.0
9,51,170,3,population_count,512,8,0,0,0,512,0,0,0,0,0,0,0,0,0,1024,1024,2,2,2,2,0.0
9,51,170,4,identity,512,16,0,0,0,512,0,0,0,0,0,0,0,0,0,2554,2554,2,5,2,5,0.0
9,51,170,4,population_count,512,16,0,0,0,512,0,0,0,0,0,0,0,0,0,1024,1024,2,2,2,2,0.0
9,51,170,5,identity,512,32,0,0,0,512,0,0,0,0,0,0,0,0,0,3064,3064,2,6,2,6,0.0
9,51,170,5,population_count,512,32,0,0,0,512,0,0,0,0,0,0,0,0,0,1024,1024,2,2,2,2,0.0
9,51,170,6,identity,512,64,0,0,0,512,0,0,0,0,0,0,0,0,0,3568,3568,2,7,2,7,0.0
9,51,170,6,population_count,512,64,0,0,0,512,0,0,0,0,0,0,0,0,0,1024,1024,2,2,2,2,0.0
9,51,184,0,identity,512,1,510,2304,510,2,0,510,0,0,510,510,0,0,510,512,512,1,1,1,1,0.99609375
9,51,184,0,population_count,512,1,510,2304,0,512,0,0,0,0,0,0,0,510,0,512,512,1,1,1,1,0.0
9,51,184,1,identity,512,2,510,2304,510,2,0,510,0,0,510,510,0,0,1020,1024,1024,2,2,2,2,0.99609375
9,51,184,1,population_count,512,2,510,2304,0,512,0,0,0,0,0,0,0,510,0,1024,1024,2,2,2,2,0.0
9,51,184,2,identity,512,4,510,2304,510,2,0,510,0,0,510,510,0,0,2040,2044,2044,2,4,2,4,0.8666294642857143
9,51,184,2,population_count,512,4,510,2304,0,512,0,0,0,0,0,0,0,510,0,1024,1024,2,2,2,2,0.0
9,51,184,3,identity,512,8,510,2304,504,8,144,360,0,0,504,510,6,6,4080,3208,3064,2,7,2,6,0.7857244318181817
9,51,184,3,population_count,512,8,510,2304,0,512,0,0,0,0,0,0,0,510,0,1024,1024,2,2,2,2,0.0
9,51,184,4,identity,512,16,510,2304,504,8,198,306,0,0,504,510,6,6,8124,4450,4378,2,11,2,10,0.7214192819081074
9,51,184,4,population_count,512,16,510,2304,0,512,0,0,0,0,0,0,0,510,0,1024,1024,2,2,2,2,0.0
9,51,184,5,identity,512,32,510,2304,504,8,180,324,0,0,504,510,6,6,16194,5854,5854,2,16,2,16,0.6095756939471972
9,51,184,5,population_count,512,32,510,2304,0,512,0,0,0,0,0,0,0,510,0,1024,1024,2,2,2,2,0.0
9,51,184,6,identity,512,64,510,2304,504,8,180,324,0,0,504,510,6,6,32226,7006,7006,2,20,2,20,0.5162902679887165
9,51,184,6,population_count,512,64,510,2304,0,512,0,0,0,0,0,0,0,510,0,1024,1024,2,2,2,2,0.0
9,51,204,0,identity,512,1,0,0,0,512,0,0,0,0,0,0,0,0,0,512,512,1,1,1,1,0.0
9,51,204,0,population_count,512,1,0,0,0,512,0,0,0,0,0,0,0,0,0,512,512,1,1,1,1,0.0
9,51,204,1,identity,512,2,0,0,0,512,0,0,0,0,0,0,0,0,0,1024,1024,2,2,2,2,0.0
9,51,204,1,population_count,512,2,0,0,0,512,0,0,0,0,0,0,0,0,0,1024,1024,2,2,2,2,0.0
9,51,204,2,identity,512,4,0,0,0,512,0,0,0,0,0,0,0,0,0,1024,1024,2,2,2,2,0.0
9,51,204,2,population_count,512,4,0,0,0,512,0,0,0,0,0,0,0,0,0,1024,1024,2,2,2,2,0.0
9,51,204,3,identity,512,8,0,0,0,512,0,0,0,0,0,0,0,0,0,1024,1024,2,2,2,2,0.0
9,51,204,3,population_count,512,8,0,0,0,512,0,0,0,0,0,0,0,0,0,1024,1024,2,2,2,2,0.0
9,51,204,4,identity,512,16,0,0,0,512,0,0,0,0,0,0,0,0,0,1024,1024,2,2,2,2,0.0
9,51,204,4,population_count,512,16,0,0,0,512,0,0,0,0,0,0,0,0,0,1024,1024,2,2,2,2,0.0
9,51,204,5,identity,512,32,0,0,0,512,0,0,0,0,0,0,0,0,0,1024,1024,2,2,2,2,0.0
9,51,204,5,population_count,512,32,0,0,0,512,0,0,0,0,0,0,0,0,0,1024,1024,2,2,2,2,0.0
9,51,204,6,identity,512,64,0,0,0,512,0,0,0,0,0,0,0,0,0,1024,1024,2,2,2,2,0.0
9,51,204,6,population_count,512,64,0,0,0,512,0,0,0,0,0,0,0,0,0,1024,1024,2,2,2,2,0.0
9,51,250,0,identity,512,1,510,2304,510,2,0,510,0,0,510,510,0,0,510,512,512,1,1,1,1,0.99609375
9,51,250,0,population_count,512,1,510,2304,510,2,0,510,0,0,510,510,0,0,510,512,512,1,1,1,1,0.99609375
9,51,250,1,identity,512,2,510,2304,492,20,48,444,0,0,492,510,18,18,1020,1006,994,1,2,1,2,0.953125
9,51,250,1,population_count,512,2,510,2304,456,56,48,408,0,0,456,510,54,54,1020,1006,994,1,2,1,2,0.84765625
9,51,250,2,identity,512,4,510,2304,492,20,237,255,9,21,462,510,18,18,2010,1819,1771,2,4,2,4,0.8277622767857143
9,51,250,2,population_count,512,4,510,2304,456,56,237,219,9,21,426,510,54,54,2010,1810,1771,2,4,2,4,0.6845424107142857
9,51,250,3,identity,512,8,510,2304,492,20,375,117,57,57,378,510,18,18,3945,2476,2449,2,7,2,6,0.711569729099026
9,51,250,3,population_count,512,8,510,2304,456,56,330,126,75,75,306,510,54,54,3945,2449,2413,2,7,2,6,0.5098353794642858
9,51,250,4,identity,512,16,510,2304,474,38,375,99,93,93,288,510,36,36,7713,2890,2890,2,9,2,9,0.6331022980925325
9,51,250,4,population_count,512,16,510,2304,420,92,384,36,129,129,162,510,90,90,7713,2836,2800,2,9,2,8,0.3959193638392857
9,51,250,5,identity,512,32,510,2304,456,56,357,99,120,93,243,510,54,54,15087,3115,3133,2,11,2,11,0.5904854910714286
9,51,250,5,population_count,512,32,510,2304,366,146,357,9,165,129,72,510,144,144,15087,2980,3043,2,9,2,10,0.33310546875
9,51,250,6,identity,512,64,510,2304,438,74,330,108,138,111,189,510,72,72,29496,3223,3259,2,12,2,12,0.5674094460227272
9,51,250,6,population_count,512,64,510,2304,321,191,321,0,156,147,18,510,189,189,29496,3079,3097,2,10,2,10,0.30800083705357145
9,54,90,0,identity,512,1,510,2304,510,2,0,510,0,0,510,510,0,0,510,512,512,1,1,1,1,0.99609375
9,54,90,0,population_count,512,1,510,2304,402,110,0,402,0,0,402,402,0,108,402,512,512,1,1,1,1,0.78515625
9,54,90,1,identity,512,2,510,2304,510,2,30,480,0,0,510,510,0,0,990,1010,1004,1,2,1,2,0.958984375
9,54,90,1,population_count,512,2,510,2304,420,92,102,318,36,18,366,420,0,90,675,938,932,1,2,1,2,0.630859375
9,54,90,2,identity,512,4,510,2304,510,2,75,435,3,9,498,510,0,0,1920,1967,1946,1,4,1,4,0.9129464285714286
9,54,90,2,population_count,512,4,510,2304,474,38,282,192,39,63,372,474,0,36,1488,1544,1370,1,4,1,4,0.5977539062499999
9,54,90,3,identity,512,8,510,2304,507,5,264,243,3,9,495,510,3,3,3825,3626,3626,1,8,1,8,0.8808096688467782
9,54,90,3,population_count,512,8,510,2304,471,41,363,108,111,54,306,492,21,39,2835,2087,2276,1,6,1,6,0.5214913504464286
9,54,90,4,identity,512,16,510,2304,507,5,381,126,3,18,486,510,3,3,7527,5930,6380,1,16,1,16,0.8106205177342806
9,54,90,4,population_count,512,16,510,2304,462,50,381,81,48,36,378,492,30,48,5817,2888,3032,1,8,1,8,0.4240373883928572
9,54,90,5,identity,512,32,510,2304,507,5,480,27,12,27,468,510,3,3,14844,9665,9998,1,32,1,31,0.7207151383391199
9,54,90,5,population_count,512,32,510,2304,471,41,372,99,66,135,270,492,21,39,11316,3644,3518,1,10,1,10,0.34426618303571427
9,54,90,6,identity,512,64,510,2304,507,5,444,63,30,54,423,510,3,3,29238,14498,15218,1,59,1,59,0.6201002605248428
9,54,90,6,population_count,512,64,510,2304,471,41,408,63,84,252,135,492,21,39,22587,4274,3878,1,10,1,10,0.2643973214285714
9,54,110,0,identity,512,1,510,1872,510,2,0,510,0,0,510,510,0,0,510,512,512,1,1,1,1,0.99609375
9,54,110,0,population_count,512,1,510,1872,420,92,0,420,0,0,420,420,0,90,420,512,512,1,1,1,1,0.8203125
9,54,110,1,identity,512,2,510,1872,510,2,24,486,0,0,510,510,0,0,1020,1010,1010,1,2,1,2,0.990234375
9,54,110,1,population_count,512,2,510,1872,474,38,213,261,9,0,465,483,9,36,939,920,875,1,2,1,2,0.8232421875
9,54,110,2,identity,512,4,510,1872,510,2,42,468,3,3,504,510,0,0,1992,1994,1994,1,4,1,4,0.9737723214285715
9,54,110,2,population_count,512,4,510,1872,474,38,240,234,3,48,423,492,18,36,1614,1580,1490,1,4,1,4,0.58818359375
9,54,110,3,identity,512,8,510,1872,510,2,69,441,3,3,504,510,0,0,3954,3911,3938,1,8,1,8,0.9642299107142858
9,54,110,3,population_count,512,8,510,1872,492,20,312,180,48,48,396,492,0,18,3063,2381,2471,1,6,1,6,0.43613281249999997
9,54,110,4,identity,512,16,510,1872,510,2,240,270,3,3,504,510,0,0,7860,7538,7655,1,16,1,16,0.9464232246407538
9,54,110,4,population_count,512,16,510,1872,465,47,294,171,66,111,288,492,27,45,5790,3092,3074,1,7,1,8,0.33912527901785716
9,54,110,5,identity,512,32,510,1872,510,2,420,90,3,3,504,510,0,0,15600,14315,14504,1,32,1,32,0.9177785392805773
9,54,110,5,population_count,512,32,510,1872,465,47,402,63,228,75,162,492,27,45,11244,3425,3758,1,9,1,9,0.25673828125
9,54,110,6,identity,512,64,510,1872,510,2,474,36,12,12,486,510,0,0,30990,26537,26780,1,60,1,62,0.8700831088622496
9,54,110,6,population_count,512,64,510,1872,384,128,348,36,219,93,72,492,108,126,21378,4136,4343,1,10,1,10,0.1861537388392857
9,54,150,0,identity,512,1,474,1728,474,38,0,474,0,0,474,474,0,0,474,512,512,1,1,1,1,0.92578125
9,54,150,0,population_count,512,1,474,1728,366,146,0,366,0,0,366,366,0,108,366,512,512,1,1,1,1,0.71484375
9,54,150,1,identity,512,2,474,1728,474,38,141,333,0,15,459,474,0,0,906,1013,872,1,2,1,2,0.8876953125
9,54,150,1,population_count,512,2,474,1728,447,65,141,306,0,42,405,447,0,27,798,1013,872,1,2,1,2,0.755859375
9,54,150,2,identity,512,4,474,1728,474,38,375,99,0,15,459,474,0,0,1788,1697,1268,1,4,1,4,0.87861328125
9,54,150,2,population_count,512,4,474,1728,438,74,330,108,0,51,387,456,18,36,1563,1589,1196,1,4,1,4,0.6451171874999999
9,54,150,3,identity,512,8,474,1728,474,38,375,99,0,15,459,474,0,0,3516,2606,2024,1,6,1,6,0.8506544237012987
9,54,150,3,population_count,512,8,474,1728,429,83,348,81,18,123,288,456,27,45,2958,2291,1844,1,6,1,5,0.47410714285714284
9,54,150,4,identity,512,16,474,1728,474,38,366,108,0,24,450,474,0,0,6918,4064,3140,1,10,1,9,0.8096746371734883
9,54,150,4,population_count,512,16,474,1728,438,74,393,45,81,177,180,456,18,36,5892,2750,2492,1,7,1,7,0.3538643973214286
9,54,150,5,identity,512,32,474,1728,474,38,357,117,9,24,441,474,0,0,13659,5603,4724,1,15,1,15,0.7597949196399092
9,54,150,5,population_count,512,32,474,1728,438,74,321,117,90,132,216,456,18,36,11643,3056,2960,1,8,1,8,0.3243582589285714
9,54,150,6,identity,512,64,474,1728,474,38,393,81,9,33,432,474,0,0,26925,7367,6308,1,18,1,17,0.7195337112874258
9,54,150,6,population_count,512,64,474,1728,384,128,303,81,81,168,135,456,72,90,22722,3542,3356,1,8,1,8,0.2255859375
9,54,170,0,identity,512,1,0,0,0,512,0,0,0,0,0,0,0,0,0,512,512,1,1,1,1,0.0
9,54,170,0,population_count,512,1,0,0,0,512,0,0,0,0,0,0,0,0,0,512,512,1,1,1,1,0.0
9,54,170,1,identity,512,2,0,0,0,512,0,0,0,0,0,0,0,0,0,1022,1022,1,2,1,2,0.0
9,54,170,1,population_count,512,2,0,0,0,512,0,0,0,0,0,0,0,0,0,950,950,1,2,1,2,0.0
9,54,170,2,identity,512,4,0,0,0,512,0,0,0,0,0,0,0,0,0,1520,1520,1,3,1,3,0.0
9,54,170,2,population_count,512,4,0,0,0,512,0,0,0,0,0,0,0,0,0,1268,1268,1,3,1,3,0.0
9,54,170,3,identity,512,8,0,0,0,512,0,0,0,0,0,0,0,0,0,2006,2006,1,4,1,4,0.0
9,54,170,3,population_count,512,8,0,0,0,512,0,0,0,0,0,0,0,0,0,1502,1502,1,4,1,4,0.0
9,54,170,4,identity,512,16,0,0,0,512,0,0,0,0,0,0,0,0,0,2492,2492,1,5,1,5,0.0
9,54,170,4,population_count,512,16,0,0,0,512,0,0,0,0,0,0,0,0,0,1655,1655,1,5,1,5,0.0
9,54,170,5,identity,512,32,0,0,0,512,0,0,0,0,0,0,0,0,0,2978,2978,1,6,1,6,0.0
9,54,170,5,population_count,512,32,0,0,0,512,0,0,0,0,0,0,0,0,0,1754,1754,1,5,1,5,0.0
9,54,170,6,identity,512,64,0,0,0,512,0,0,0,0,0,0,0,0,0,3464,3464,1,7,1,7,0.0
9,54,170,6,population_count,512,64,0,0,0,512,0,0,0,0,0,0,0,0,0,1790,1790,1,6,1,6,0.0
9,54,184,0,identity,512,1,498,1728,498,14,0,498,0,0,498,498,0,0,498,512,512,1,1,1,1,0.97265625
9,54,184,0,population_count,512,1,498,1728,270,242,0,270,0,0,270,270,0,228,270,512,512,1,1,1,1,0.52734375
9,54,184,1,identity,512,2,498,1728,498,14,0,498,0,0,498,498,0,0,975,1022,1022,1,2,1,2,0.953125
9,54,184,1,population_count,512,2,498,1728,432,80,45,387,9,9,414,432,0,66,702,995,986,1,2,1,2,0.685546875
9,54,184,2,identity,512,4,498,1728,498,14,54,444,0,9,489,498,0,0,1902,1988,1943,1,4,1,4,0.9220145089285715
9,54,184,2,population_count,512,4,498,1728,378,134,216,162,72,9,297,441,63,120,1404,1583,1655,1,4,1,4,0.51123046875
9,54,184,3,identity,512,8,498,1728,498,14,180,318,0,9,489,498,0,0,3738,3698,3743,1,8,1,8,0.9046617445054945
9,54,184,3,population_count,512,8,498,1728,387,125,288,99,27,72,288,441,54,111,2754,2276,2249,1,6,1,6,0.4132952008928572
9,54,184,4,identity,512,16,498,1728,498,14,297,201,0,9,489,498,0,0,7383,6776,7136,1,16,1,16,0.8857401082682617
9,54,184,4,population_count,512,16,498,1728,369,143,324,45,81,108,180,441,72,129,5274,2789,2807,1,8,1,8,0.32979910714285715
9,54,184,5,identity,512,32,498,1728,498,14,414,84,0,9,489,498,0,0,14619,12266,12986,1,31,1,31,0.849877892795722
9,54,184,5,population_count,512,32,498,1728,369,143,333,36,90,144,135,441,72,129,10296,3338,3293,1,10,1,9,0.272412109375
9,54,184,6,identity,512,64,498,1728,498,14,441,57,0,9,489,498,0,0,29019,21500,23066,1,58,1,56,0.805997117904218
9,54,184,6,population_count,512,64,498,1728,360,152,324,36,153,108,99,441,81,138,20106,3680,3734,1,10,1,10,0.22779715401785716
9,54,204,0,identity,512,1,0,0,0,512,0,0,0,0,0,0,0,0,0,512,512,1,1,1,1,0.0
9,54,204,0,population_count,512,1,0,0,0,512,0,0,0,0,0,0,0,0,0,512,512,1,1,1,1,0.0
9,54,204,1,identity,512,2,0,0,0,512,0,0,0,0,0,0,0,0,0,1022,1022,1,2,1,2,0.0
9,54,204,1,population_count,512,2,0,0,0,512,0,0,0,0,0,0,0,0,0,950,950,1,2,1,2,0.0
9,54,204,2,identity,512,4,0,0,0,512,0,0,0,0,0,0,0,0,0,1520,1520,1,3,1,3,0.0
9,54,204,2,population_count,512,4,0,0,0,512,0,0,0,0,0,0,0,0,0,1268,1268,1,3,1,3,0.0
9,54,204,3,identity,512,8,0,0,0,512,0,0,0,0,0,0,0,0,0,2006,2006,1,4,1,4,0.0
9,54,204,3,population_count,512,8,0,0,0,512,0,0,0,0,0,0,0,0,0,1502,1502,1,4,1,4,0.0
9,54,204,4,identity,512,16,0,0,0,512,0,0,0,0,0,0,0,0,0,2393,2393,1,5,1,5,0.0
9,54,204,4,population_count,512,16,0,0,0,512,0,0,0,0,0,0,0,0,0,1655,1655,1,5,1,5,0.0
9,54,204,5,identity,512,32,0,0,0,512,0,0,0,0,0,0,0,0,0,2726,2726,1,6,1,6,0.0
9,54,204,5,population_count,512,32,0,0,0,512,0,0,0,0,0,0,0,0,0,1754,1754,1,5,1,5,0.0
9,54,204,6,identity,512,64,0,0,0,512,0,0,0,0,0,0,0,0,0,2987,2987,1,7,1,7,0.0
9,54,204,6,population_count,512,64,0,0,0,512,0,0,0,0,0,0,0,0,0,1790,1790,1,6,1,6,0.0
9,54,250,0,identity,512,1,474,2016,474,38,0,474,0,0,474,474,0,0,474,512,512,1,1,1,1,0.92578125
9,54,250,0,population_count,512,1,474,2016,474,38,0,474,0,0,474,474,0,0,474,512,512,1,1,1,1,0.92578125
9,54,250,1,identity,512,2,474,2016,474,38,75,399,0,0,474,474,0,0,885,1022,947,1,2,1,2,0.8828125
9,54,250,1,population_count,512,2,474,2016,474,38,84,390,9,0,465,474,0,0,858,995,947,1,2,1,2,0.8330078125
9,54,250,2,identity,512,4,474,2016,474,38,285,189,30,21,423,474,0,0,1680,1808,1625,1,4,1,4,0.8317801339285715
9,54,250,2,population_count,512,4,474,2016,474,38,303,171,30,30,414,474,0,0,1581,1808,1589,1,4,1,4,0.7035016741071428
9,54,250,3,identity,512,8,474,2016,474,38,447,27,57,66,351,474,0,0,3117,2825,2444,1,8,1,8,0.770175625156094
9,54,250,3,population_count,512,8,474,2016,474,38,438,36,57,93,324,474,0,0,2937,2618,2201,1,8,1,8,0.5759486607142859
9,54,250,4,identity,512,16,474,2016,474,38,420,54,84,93,297,474,0,0,5868,3536,3623,1,11,1,15,0.7249338604470179
9,54,250,4,population_count,512,16,474,2016,474,38,429,45,201,138,135,474,0,0,5571,2924,3137,1,9,1,9,0.4454799107142857
9,54,250,5,identity,512,32,474,2016,474,38,438,36,111,93,270,474,0,0,10842,4094,4712,1,13,1,23,0.6935721788514753
9,54,250,5,population_count,512,32,474,2016,438,74,393,45,255,93,90,474,36,36,10230,3257,3578,1,9,1,10,0.37075892857142856
9,54,250,6,identity,512,64,474,2016,465,47,411,54,111,102,252,474,9,9,19893,4949,5342,1,16,1,33,0.6744516390566844
9,54,250,6,population_count,512,64,474,2016,357,155,294,63,156,84,117,474,117,117,18921,3635,3776,1,9,1,10,0.336474609375
9,90,110,0,identity,512,1,474,1440,474,38,0,474,0,0,474,474,0,0,474,512,512,1,1,1,1,0.92578125
9,90,110,0,population_count,512,1,474,1440,411,101,0,411,0,0,411,411,0,63,411,512,512,1,1,1,1,0.802734375
9,90,110,1,identity,512,2,474,1440,471,41,12,459,0,0,471,471,0,3,942,1016,1010,1,2,1,2,0.919921875
9,90,110,1,population_count,512,2,474,1440,426,86,174,252,9,27,390,444,18,48,717,926,920,1,2,1,2,0.6796875
9,90,110,2,identity,512,4,474,1440,471,41,93,378,3,0,468,471,0,3,1869,2024,1922,1,4,1,4,0.9104352678571429
9,90,110,2,population_count,512,4,474,1440,435,77,264,171,21,27,387,462,27,39,1338,1538,1445,1,4,1,4,0.5587890625
9,90,110,3,identity,512,8,474,1440,471,41,183,288,3,0,468,471,0,3,3714,3932,3731,1,8,1,8,0.9013693337912088
9,90,110,3,population_count,512,8,474,1440,444,68,363,81,57,99,288,462,18,30,2823,2312,2210,1,6,1,6,0.3970703125
9,90,110,4,identity,512,16,474,1440,471,41,264,207,3,0,468,471,0,3,7395,7532,7187,1,16,1,16,0.8927981468769255
9,90,110,4,population_count,512,16,474,1440,426,86,291,135,120,90,216,462,36,48,5046,2870,2840,1,7,1,7,0.26071428571428573
9,90,110,5,identity,512,32,474,1440,471,41,354,117,3,0,468,471,0,3,14721,14444,13469,1,32,1,32,0.8676370954699846
9,90,110,5,population_count,512,32,474,1440,219,293,210,9,75,117,27,462,243,255,9951,3428,3290,1,7,1,7,0.09765625
9,90,110,6,identity,512,64,474,1440,471,41,417,54,3,0,468,471,0,3,29355,27026,24818,1,61,1,60,0.8304808658783875
9,90,110,6,population_count,512,64,474,1440,84,428,84,0,21,54,9,462,378,390,19743,3518,3434,1,7,1,7,0.04157366071428572
9,90,150,0,identity,512,1,0,0,0,512,0,0,0,0,0,0,0,0,0,512,512,1,1,1,1,0.0
9,90,150,0,population_count,512,1,0,0,0,512,0,0,0,0,0,0,0,0,0,512,512,1,1,1,1,0.0
9,90,150,1,identity,512,2,0,0,0,512,0,0,0,0,0,0,0,0,0,1016,1016,1,2,1,2,0.0
9,90,150,1,population_count,512,2,0,0,0,512,0,0,0,0,0,0,0,0,0,872,872,1,2,1,2,0.0
9,90,150,2,identity,512,4,0,0,0,512,0,0,0,0,0,0,0,0,0,1520,1520,1,3,1,3,0.0
9,90,150,2,population_count,512,4,0,0,0,512,0,0,0,0,0,0,0,0,0,1088,1088,1,3,1,3,0.0
9,90,150,3,identity,512,8,0,0,0,512,0,0,0,0,0,0,0,0,0,2024,2024,1,4,1,4,0.0
9,90,150,3,population_count,512,8,0,0,0,512,0,0,0,0,0,0,0,0,0,1304,1304,1,3,1,3,0.0
9,90,150,4,identity,512,16,0,0,0,512,0,0,0,0,0,0,0,0,0,2528,2528,1,5,1,5,0.0
9,90,150,4,population_count,512,16,0,0,0,512,0,0,0,0,0,0,0,0,0,1376,1376,1,3,1,3,0.0
9,90,150,5,identity,512,32,0,0,0,512,0,0,0,0,0,0,0,0,0,3032,3032,1,6,1,6,0.0
9,90,150,5,population_count,512,32,0,0,0,512,0,0,0,0,0,0,0,0,0,1448,1448,1,3,1,3,0.0
9,90,150,6,identity,512,64,0,0,0,512,0,0,0,0,0,0,0,0,0,3536,3536,1,7,1,7,0.0
9,90,150,6,population_count,512,64,0,0,0,512,0,0,0,0,0,0,0,0,0,1520,1520,1,3,1,3,0.0
9,90,170,0,identity,512,1,0,0,0,512,0,0,0,0,0,0,0,0,0,512,512,1,1,1,1,0.0
9,90,170,0,population_count,512,1,0,0,0,512,0,0,0,0,0,0,0,0,0,512,512,1,1,1,1,0.0
9,90,170,1,identity,512,2,0,0,0,512,0,0,0,0,0,0,0,0,0,1022,1022,1,2,1,2,0.0
9,90,170,1,population_count,512,2,0,0,0,512,0,0,0,0,0,0,0,0,0,836,836,1,2,1,2,0.0
9,90,170,2,identity,512,4,0,0,0,512,0,0,0,0,0,0,0,0,0,1532,1532,1,3,1,3,0.0
9,90,170,2,population_count,512,4,0,0,0,512,0,0,0,0,0,0,0,0,0,1016,1016,1,3,1,3,0.0
9,90,170,3,identity,512,8,0,0,0,512,0,0,0,0,0,0,0,0,0,2036,2036,1,4,1,4,0.0
9,90,170,3,population_count,512,8,0,0,0,512,0,0,0,0,0,0,0,0,0,1160,1160,1,3,1,3,0.0
9,90,170,4,identity,512,16,0,0,0,512,0,0,0,0,0,0,0,0,0,2540,2540,1,5,1,5,0.0
9,90,170,4,population_count,512,16,0,0,0,512,0,0,0,0,0,0,0,0,0,1196,1196,1,3,1,3,0.0
9,90,170,5,identity,512,32,0,0,0,512,0,0,0,0,0,0,0,0,0,3044,3044,1,6,1,6,0.0
9,90,170,5,population_count,512,32,0,0,0,512,0,0,0,0,0,0,0,0,0,1232,1232,1,3,1,3,0.0
9,90,170,6,identity,512,64,0,0,0,512,0,0,0,0,0,0,0,0,0,3548,3548,1,7,1,7,0.0
9,90,170,6,population_count,512,64,0,0,0,512,0,0,0,0,0,0,0,0,0,1268,1268,1,3,1,3,0.0
9,90,184,0,identity,512,1,471,1728,471,41,0,471,0,0,471,471,0,0,471,512,512,1,1,1,1,0.919921875
9,90,184,0,population_count,512,1,471,1728,198,314,0,198,0,0,198,198,0,273,198,512,512,1,1,1,1,0.38671875
9,90,184,1,identity,512,2,471,1728,471,41,0,471,0,0,471,471,0,0,924,1022,1022,1,2,1,2,0.90625
9,90,184,1,population_count,512,2,471,1728,342,170,234,108,108,99,135,378,36,129,486,854,836,1,2,1,2,0.39550781250000006
9,90,184,2,identity,512,4,471,1728,468,44,36,432,0,0,468,471,3,3,1830,1982,1982,1,4,1,4,0.8806640625000001
9,90,184,2,population_count,512,4,471,1728,342,170,216,126,81,135,126,423,81,129,954,1142,1070,1,3,1,3,0.322265625
9,90,184,3,identity,512,8,471,1728,468,44,180,288,0,0,468,471,3,3,3642,3746,3638,1,8,1,8,0.8684199589473027
9,90,184,3,population_count,512,8,471,1728,243,269,180,63,90,81,72,423,180,228,1854,1340,1358,1,3,1,3,0.19189453125000006
9,90,184,4,identity,512,16,471,1728,468,44,360,108,0,0,468,471,3,3,7239,6896,6536,1,16,1,16,0.8443544619706146
9,90,184,4,population_count,512,16,471,1728,207,305,135,72,117,18,72,423,216,264,3366,1430,1556,1,3,1,4,0.15673828125
9,90,184,5,identity,512,32,471,1728,468,44,387,81,0,0,468,471,3,3,14397,12224,11594,1,32,1,32,0.8090754147846022
9,90,184,5,population_count,512,32,471,1728,252,260,234,18,144,90,18,423,171,219,6354,1646,1718,1,4,1,4,0.140625
9,90,184,6,identity,512,64,471,1728,468,44,414,54,0,0,468,471,3,3,28677,20594,19838,1,58,1,57,0.7640332724670209
9,90,184,6,population_count,512,64,471,1728,180,332,180,0,99,81,0,423,243,291,12141,1826,1844,1,4,1,4,0.087890625
9,90,204,0,identity,512,1,0,0,0,512,0,0,0,0,0,0,0,0,0,512,512,1,1,1,1,0.0
9,90,204,0,population_count,512,1,0,0,0,512,0,0,0,0,0,0,0,0,0,512,512,1,1,1,1,0.0
9,90,204,1,identity,512,2,0,0,0,512,0,0,0,0,0,0,0,0,0,1016,1016,1,2,1,2,0.0
9,90,204,1,population_count,512,2,0,0,0,512,0,0,0,0,0,0,0,0,0,836,836,1,2,1,2,0.0
9,90,204,2,identity,512,4,0,0,0,512,0,0,0,0,0,0,0,0,0,1520,1520,1,3,1,3,0.0
9,90,204,2,population_count,512,4,0,0,0,512,0,0,0,0,0,0,0,0,0,1016,1016,1,3,1,3,0.0
9,90,204,3,identity,512,8,0,0,0,512,0,0,0,0,0,0,0,0,0,2024,2024,1,4,1,4,0.0
9,90,204,3,population_count,512,8,0,0,0,512,0,0,0,0,0,0,0,0,0,1160,1160,1,3,1,3,0.0
9,90,204,4,identity,512,16,0,0,0,512,0,0,0,0,0,0,0,0,0,2528,2528,1,5,1,5,0.0
9,90,204,4,population_count,512,16,0,0,0,512,0,0,0,0,0,0,0,0,0,1196,1196,1,3,1,3,0.0
9,90,204,5,identity,512,32,0,0,0,512,0,0,0,0,0,0,0,0,0,3032,3032,1,6,1,6,0.0
9,90,204,5,population_count,512,32,0,0,0,512,0,0,0,0,0,0,0,0,0,1232,1232,1,3,1,3,0.0
9,90,204,6,identity,512,64,0,0,0,512,0,0,0,0,0,0,0,0,0,3536,3536,1,7,1,7,0.0
9,90,204,6,population_count,512,64,0,0,0,512,0,0,0,0,0,0,0,0,0,1268,1268,1,3,1,3,0.0
9,90,250,0,identity,512,1,510,2304,510,2,0,510,0,0,510,510,0,0,510,512,512,1,1,1,1,0.99609375
9,90,250,0,population_count,512,1,510,2304,510,2,0,510,0,0,510,510,0,0,510,512,512,1,1,1,1,0.99609375
9,90,250,1,identity,512,2,510,2304,510,2,273,237,0,30,480,510,0,0,978,1022,749,1,2,1,2,0.958984375
9,90,250,1,population_count,512,2,510,2304,510,2,273,237,0,120,390,510,0,0,816,1022,749,1,2,1,2,0.82421875
9,90,250,2,identity,512,4,510,2304,510,2,411,99,3,48,459,510,0,0,1881,1652,1049,1,4,1,3,0.9201171875
9,90,250,2,population_count,512,4,510,2304,501,11,411,90,3,102,396,510,9,9,1575,1652,1049,1,4,1,3,0.74287109375
9,90,250,3,identity,512,8,510,2304,510,2,447,63,3,84,423,510,0,0,3603,2300,1571,1,7,1,6,0.8744140625
9,90,250,3,population_count,512,8,510,2304,501,11,438,63,21,93,387,510,9,9,3063,2066,1490,1,6,1,6,0.67314453125
9,90,250,4,identity,512,16,510,2304,501,11,465,36,12,84,405,510,9,9,6963,2966,2354,1,9,1,10,0.8481404337849652
9,90,250,4,population_count,512,16,510,2304,501,11,456,45,30,138,333,510,9,9,5694,2426,1904,1,7,1,8,0.5916015625000001
9,90,250,5,identity,512,32,510,2304,501,11,465,36,30,93,378,510,9,9,13518,3938,3146,1,13,1,13,0.8233720017223972
9,90,250,5,population_count,512,32,510,2304,501,11,465,36,93,165,243,510,9,9,11466,2804,2300,1,8,1,8,0.49952566964285716
9,90,250,6,identity,512,64,510,2304,501,11,501,0,30,111,360,510,9,9,26238,4982,4172,1,17,1,18,0.7920210979763527
9,90,250,6,population_count,512,64,510,2304,492,20,429,63,75,174,243,510,18,18,22962,2984,2633,1,8,1,8,0.4522181919642857
9,110,150,0,identity,512,1,507,2016,507,5,0,507,0,0,507,507,0,0,507,512,512,1,1,1,1,0.990234375
9,110,150,0,population_count,512,1,507,2016,408,104,0,408,0,0,408,408,0,99,408,512,512,1,1,1,1,0.796875
9,110,150,1,identity,512,2,507,2016,507,5,3,504,0,3,504,507,0,0,1002,1019,1016,1,2,1,2,0.9814453125
9,110,150,1,population_count,512,2,507,2016,480,32,93,387,27,12,441,498,18,27,858,929,980,1,2,1,2,0.7529296875
9,110,150,2,identity,512,4,507,2016,507,5,48,459,0,3,504,507,0,0,1992,2009,1988,1,4,1,4,0.9760044642857143
9,110,150,2,population_count,512,4,507,2016,480,32,255,225,36,57,387,507,27,27,1524,1550,1448,1,4,1,4,0.5841796875
9,110,150,3,identity,512,8,507,2016,507,5,93,414,0,3,504,507,0,0,3963,3944,3968,1,8,1,8,0.9692852069805195
9,110,150,3,population_count,512,8,507,2016,462,50,435,27,72,210,180,507,45,45,3162,2324,2096,1,6,1,6,0.3780970982142857
9,110,150,4,identity,512,16,507,2016,507,5,255,252,0,3,504,507,0,0,7914,7796,7748,1,16,1,16,0.950998809064846
9,110,150,4,population_count,512,16,507,2016,426,86,264,162,90,102,234,507,81,81,6123,2729,2708,1,7,1,7,0.2857700892857143
9,110,150,5,identity,512,32,507,2016,507,5,480,27,0,3,504,507,0,0,15780,15068,14732,1,32,1,32,0.9068476253312678
9,110,150,5,population_count,512,32,507,2016,291,221,201,90,99,84,108,507,216,216,11937,3233,3320,1,7,1,7,0.13351004464285715
9,110,150,6,identity,512,64,507,2016,507,5,480,27,0,3,504,507,0,0,31476,27713,27476,1,60,1,61,0.8366974365450306
9,110,150,6,population_count,512,64,507,2016,75,437,75,0,27,39,9,507,432,432,23862,3467,3500,1,7,1,7,0.0380859375
9,110,170,0,identity,512,1,0,0,0,512,0,0,0,0,0,0,0,0,0,512,512,1,1,1,1,0.0
9,110,170,0,population_count,512,1,0,0,0,512,0,0,0,0,0,0,0,0,0,512,512,1,1,1,1,0.0
9,110,170,1,identity,512,2,0,0,0,512,0,0,0,0,0,0,0,0,0,1022,1022,1,2,1,2,0.0
9,110,170,1,population_count,512,2,0,0,0,512,0,0,0,0,0,0,0,0,0,923,923,1,2,1,2,0.0
9,110,170,2,identity,512,4,0,0,0,512,0,0,0,0,0,0,0,0,0,1520,1520,1,3,1,3,0.0
9,110,170,2,population_count,512,4,0,0,0,512,0,0,0,0,0,0,0,0,0,1205,1205,1,3,1,3,0.0
9,110,170,3,identity,512,8,0,0,0,512,0,0,0,0,0,0,0,0,0,2015,2015,1,4,1,4,0.0
9,110,170,3,population_count,512,8,0,0,0,512,0,0,0,0,0,0,0,0,0,1439,1439,1,4,1,4,0.0
9,110,170,4,identity,512,16,0,0,0,512,0,0,0,0,0,0,0,0,0,2510,2510,1,5,1,5,0.0
9,110,170,4,population_count,512,16,0,0,0,512,0,0,0,0,0,0,0,0,0,1565,1565,1,4,1,4,0.0
9,110,170,5,identity,512,32,0,0,0,512,0,0,0,0,0,0,0,0,0,3005,3005,1,6,1,6,0.0
9,110,170,5,population_count,512,32,0,0,0,512,0,0,0,0,0,0,0,0,0,1691,1691,1,5,1,5,0.0
9,110,170,6,identity,512,64,0,0,0,512,0,0,0,0,0,0,0,0,0,3500,3500,1,7,1,7,0.0
9,110,170,6,population_count,512,64,0,0,0,512,0,0,0,0,0,0,0,0,0,1871,1871,1,5,1,5,0.0
9,110,184,0,identity,512,1,480,1296,480,32,0,480,0,0,480,480,0,0,480,512,512,1,1,1,1,0.9375
9,110,184,0,population_count,512,1,480,1296,270,242,0,270,0,0,270,270,0,210,270,512,512,1,1,1,1,0.52734375
9,110,184,1,identity,512,2,480,1296,480,32,0,480,0,0,480,480,0,0,921,1022,1022,1,2,1,2,0.912109375
9,110,184,1,population_count,512,2,480,1296,423,89,90,333,27,36,360,441,18,57,684,986,968,1,2,1,2,0.6416015625
9,110,184,2,identity,512,4,480,1296,480,32,171,309,0,0,480,480,0,0,1812,1925,1871,1,4,1,4,0.9012555803571428
9,110,184,2,population_count,512,4,480,1296,414,98,243,171,18,81,315,450,36,66,1413,1457,1313,1,4,1,4,0.50390625
9,110,184,3,identity,512,8,480,1296,480,32,306,174,0,0,480,480,0,0,3585,3482,3509,1,8,1,8,0.8841057867913338
9,110,184,3,population_count,512,8,480,1296,378,134,288,90,54,54,270,450,72,102,2664,1889,1790,1,6,1,6,0.42099609375
9,110,184,4,identity,512,16,480,1296,480,32,405,75,0,0,480,480,0,0,7140,6173,6479,1,16,1,16,0.8672574877966981
9,110,184,4,population_count,512,16,480,1296,369,143,288,81,54,126,189,450,81,111,5157,2321,2204,1,7,1,7,0.3326869419642857
9,110,184,5,identity,512,32,480,1296,480,32,450,30,0,0,480,480,0,0,14223,10763,11807,1,32,1,32,0.8365950205480233
9,110,184,5,population_count,512,32,480,1296,351,161,324,27,72,153,126,450,99,129,10251,2609,2420,1,7,1,7,0.2982421875
9,110,184,6,identity,512,64,480,1296,480,32,450,30,0,0,480,480,0,0,28326,18773,20816,1,63,1,63,0.7991315956910712
9,110,184,6,population_count,512,64,480,1296,324,188,315,9,108,117,99,450,126,156,20538,2843,2834,1,8,1,8,0.22286551339285715
9,110,204,0,identity,512,1,0,0,0,512,0,0,0,0,0,0,0,0,0,512,512,1,1,1,1,0.0
9,110,204,0,population_count,512,1,0,0,0,512,0,0,0,0,0,0,0,0,0,512,512,1,1,1,1,0.0
9,110,204,1,identity,512,2,0,0,0,512,0,0,0,0,0,0,0,0,0,1022,1022,1,2,1,2,0.0
9,110,204,1,population_count,512,2,0,0,0,512,0,0,0,0,0,0,0,0,0,923,923,1,2,1,2,0.0
9,110,204,2,identity,512,4,0,0,0,512,0,0,0,0,0,0,0,0,0,1520,1520,1,3,1,3,0.0
9,110,204,2,population_count,512,4,0,0,0,512,0,0,0,0,0,0,0,0,0,1205,1205,1,3,1,3,0.0
9,110,204,3,identity,512,8,0,0,0,512,0,0,0,0,0,0,0,0,0,1997,1997,1,4,1,4,0.0
9,110,204,3,population_count,512,8,0,0,0,512,0,0,0,0,0,0,0,0,0,1439,1439,1,4,1,4,0.0
9,110,204,4,identity,512,16,0,0,0,512,0,0,0,0,0,0,0,0,0,2474,2474,1,5,1,5,0.0
9,110,204,4,population_count,512,16,0,0,0,512,0,0,0,0,0,0,0,0,0,1565,1565,1,4,1,4,0.0
9,110,204,5,identity,512,32,0,0,0,512,0,0,0,0,0,0,0,0,0,2951,2951,1,6,1,6,0.0
9,110,204,5,population_count,512,32,0,0,0,512,0,0,0,0,0,0,0,0,0,1691,1691,1,5,1,5,0.0
9,110,204,6,identity,512,64,0,0,0,512,0,0,0,0,0,0,0,0,0,3428,3428,1,7,1,7,0.0
9,110,204,6,population_count,512,64,0,0,0,512,0,0,0,0,0,0,0,0,0,1871,1871,1,5,1,5,0.0
9,110,250,0,identity,512,1,435,1872,435,77,0,435,0,0,435,435,0,0,435,512,512,1,1,1,1,0.849609375
9,110,250,0,population_count,512,1,435,1872,435,77,0,435,0,0,435,435,0,0,435,512,512,1,1,1,1,0.849609375
9,110,250,1,identity,512,2,435,1872,435,77,75,360,0,21,414,435,0,0,795,1022,947,1,2,1,2,0.7939453125
9,110,250,1,population_count,512,2,435,1872,435,77,84,351,0,21,414,435,0,0,696,1013,929,1,2,1,2,0.7177734375
9,110,250,2,identity,512,4,435,1872,435,77,264,171,45,57,333,435,0,0,1398,1598,1739,1,4,1,4,0.7161830357142858
9,110,250,2,population_count,512,4,435,1872,435,77,363,72,45,66,324,435,0,0,1272,1526,1469,1,4,1,4,0.57451171875
9,110,250,3,identity,512,8,435,1872,435,77,381,54,108,66,261,435,0,0,2541,2291,3017,1,8,1,8,0.6857651137924576
9,110,250,3,population_count,512,8,435,1872,435,77,291,144,108,84,243,435,0,0,2298,1886,2144,1,6,1,6,0.49595424107142855
9,110,250,4,identity,512,16,435,1872,435,77,399,36,171,75,189,435,0,0,4800,3245,4673,1,13,1,13,0.7052259146378004
9,110,250,4,population_count,512,16,435,1872,435,77,372,63,243,120,72,435,0,0,4539,2156,2630,1,6,1,7,0.41752232142857143
9,110,250,5,identity,512,32,435,1872,435,77,435,0,171,75,189,435,0,0,8742,4631,7022,1,20,1,20,0.7294360212565212
9,110,250,5,population_count,512,32,435,1872,309,203,309,0,189,120,0,435,126,126,8274,2426,2909,1,7,1,7,0.36914062500000006
9,110,250,6,identity,512,64,435,1872,435,77,435,0,171,75,189,435,0,0,15636,6764,10766,1,32,1,33,0.732997117606409
9,110,250,6,population_count,512,64,435,1872,255,257,255,0,171,84,0,435,180,180,14907,2462,2963,1,7,1,7,0.3519810267857143
9,150,170,0,identity,512,1,0,0,0,512,0,0,0,0,0,0,0,0,0,512,512,1,1,1,1,0.0
9,150,170,0,population_count,512,1,0,0,0,512,0,0,0,0,0,0,0,0,0,512,512,1,1,1,1,0.0
9,150,170,1,identity,512,2,0,0,0,512,0,0,0,0,0,0,0,0,0,1016,1016,1,2,1,2,0.0
9,150,170,1,population_count,512,2,0,0,0,512,0,0,0,0,0,0,0,0,0,872,872,1,2,1,2,0.0
9,150,170,2,identity,512,4,0,0,0,512,0,0,0,0,0,0,0,0,0,1520,1520,1,3,1,3,0.0
9,150,170,2,population_count,512,4,0,0,0,512,0,0,0,0,0,0,0,0,0,1088,1088,1,3,1,3,0.0
9,150,170,3,identity,512,8,0,0,0,512,0,0,0,0,0,0,0,0,0,2024,2024,1,4,1,4,0.0
9,150,170,3,population_count,512,8,0,0,0,512,0,0,0,0,0,0,0,0,0,1304,1304,1,3,1,3,0.0
9,150,170,4,identity,512,16,0,0,0,512,0,0,0,0,0,0,0,0,0,2528,2528,1,5,1,5,0.0
9,150,170,4,population_count,512,16,0,0,0,512,0,0,0,0,0,0,0,0,0,1376,1376,1,3,1,3,0.0
9,150,170,5,identity,512,32,0,0,0,512,0,0,0,0,0,0,0,0,0,3032,3032,1,6,1,6,0.0
9,150,170,5,population_count,512,32,0,0,0,512,0,0,0,0,0,0,0,0,0,1448,1448,1,3,1,3,0.0
9,150,170,6,identity,512,64,0,0,0,512,0,0,0,0,0,0,0,0,0,3536,3536,1,7,1,7,0.0
9,150,170,6,population_count,512,64,0,0,0,512,0,0,0,0,0,0,0,0,0,1520,1520,1,3,1,3,0.0
9,150,184,0,identity,512,1,504,1728,504,8,0,504,0,0,504,504,0,0,504,512,512,1,1,1,1,0.984375
9,150,184,0,population_count,512,1,504,1728,144,368,0,144,0,0,144,144,0,360,144,512,512,1,1,1,1,0.28125
9,150,184,1,identity,512,2,504,1728,504,8,0,504,0,0,504,504,0,0,972,1016,1016,1,2,1,2,0.94921875
9,150,184,1,population_count,512,2,504,1728,306,206,180,126,108,36,162,324,18,198,450,800,908,1,2,1,2,0.37500000000000006
9,150,184,2,identity,512,4,504,1728,504,8,72,432,0,0,504,504,0,0,1926,2024,1952,1,4,1,4,0.9318080357142857
9,150,184,2,population_count,512,4,504,1728,252,260,144,108,144,0,108,396,144,252,972,1016,1160,1,2,1,3,0.23437500000000003
9,150,184,3,identity,512,8,504,1728,504,8,216,288,0,0,504,504,0,0,3834,3896,3824,1,8,1,8,0.9018522493131869
9,150,184,3,population_count,512,8,504,1728,252,260,234,18,144,90,18,432,180,252,2106,1304,1358,1,3,1,3,0.17578125000000003
9,150,184,4,identity,512,16,504,1728,504,8,360,144,0,0,504,504,0,0,7668,7208,7082,1,16,1,16,0.8533681605595582
9,150,184,4,population_count,512,16,504,1728,72,440,72,0,72,0,0,432,360,432,4014,1448,1520,1,3,1,3,0.046875
9,150,184,5,identity,512,32,504,1728,504,8,414,90,0,0,504,504,0,0,15336,12536,12716,1,29,1,28,0.7771350428958101
9,150,184,5,population_count,512,32,504,1728,0,512,0,0,0,0,0,432,432,504,7866,1520,1520,1,3,1,3,0.0
9,150,184,6,identity,512,64,504,1728,504,8,432,72,0,0,504,504,0,0,30654,20024,21230,1,43,1,48,0.6570587872455507
9,150,184,6,population_count,512,64,504,1728,0,512,0,0,0,0,0,432,432,504,15408,1520,1520,1,3,1,3,0.0
9,150,204,0,identity,512,1,0,0,0,512,0,0,0,0,0,0,0,0,0,512,512,1,1,1,1,0.0
9,150,204,0,population_count,512,1,0,0,0,512,0,0,0,0,0,0,0,0,0,512,512,1,1,1,1,0.0
9,150,204,1,identity,512,2,0,0,0,512,0,0,0,0,0,0,0,0,0,1016,1016,1,2,1,2,0.0
9,150,204,1,population_count,512,2,0,0,0,512,0,0,0,0,0,0,0,0,0,872,872,1,2,1,2,0.0
9,150,204,2,identity,512,4,0,0,0,512,0,0,0,0,0,0,0,0,0,1520,1520,1,3,1,3,0.0
9,150,204,2,population_count,512,4,0,0,0,512,0,0,0,0,0,0,0,0,0,1088,1088,1,3,1,3,0.0
9,150,204,3,identity,512,8,0,0,0,512,0,0,0,0,0,0,0,0,0,2024,2024,1,4,1,4,0.0
9,150,204,3,population_count,512,8,0,0,0,512,0,0,0,0,0,0,0,0,0,1304,1304,1,3,1,3,0.0
9,150,204,4,identity,512,16,0,0,0,512,0,0,0,0,0,0,0,0,0,2528,2528,1,5,1,5,0.0
9,150,204,4,population_count,512,16,0,0,0,512,0,0,0,0,0,0,0,0,0,1376,1376,1,3,1,3,0.0
9,150,204,5,identity,512,32,0,0,0,512,0,0,0,0,0,0,0,0,0,3032,3032,1,6,1,6,0.0
9,150,204,5,population_count,512,32,0,0,0,512,0,0,0,0,0,0,0,0,0,1448,1448,1,3,1,3,0.0
9,150,204,6,identity,512,64,0,0,0,512,0,0,0,0,0,0,0,0,0,3536,3536,1,7,1,7,0.0
9,150,204,6,population_count,512,64,0,0,0,512,0,0,0,0,0,0,0,0,0,1520,1520,1,3,1,3,0.0
9,150,250,0,identity,512,1,474,1728,474,38,0,474,0,0,474,474,0,0,474,512,512,1,1,1,1,0.92578125
9,150,250,0,population_count,512,1,474,1728,456,56,0,456,0,0,456,456,0,18,456,512,512,1,1,1,1,0.890625
9,150,250,1,identity,512,2,474,1728,474,38,126,348,0,36,438,474,0,0,858,944,944,1,2,1,2,0.85546875
9,150,250,1,population_count,512,2,474,1728,474,38,126,348,0,36,438,474,0,0,777,944,944,1,2,1,2,0.779296875
9,150,250,2,identity,512,4,474,1728,474,38,288,186,36,45,393,474,0,0,1500,1556,1682,1,4,1,4,0.7728097098214286
9,150,250,2,population_count,512,4,474,1728,474,38,288,186,36,45,393,474,0,0,1311,1520,1619,1,4,1,4,0.6244419642857142
9,150,250,3,identity,512,8,474,1728,474,38,378,96,63,63,348,474,0,0,2712,2276,2618,1,8,1,8,0.7620125967782219
9,150,250,3,population_count,512,8,474,1728,456,56,387,69,99,117,240,474,18,18,2388,2024,2294,1,6,1,6,0.5037806919642858
9,150,250,4,identity,512,16,474,1728,474,38,405,69,63,63,348,474,0,0,4623,3140,3689,1,11,1,10,0.7568028679730197
9,150,250,4,population_count,512,16,474,1728,465,47,423,42,171,180,114,474,9,9,4218,2564,2735,1,7,1,7,0.38998325892857144
9,150,250,5,identity,512,32,474,1728,474,38,468,6,63,63,348,474,0,0,8031,4472,4769,1,13,1,14,0.7294133514693029
9,150,250,5,population_count,512,32,474,1728,402,110,351,51,189,162,51,474,72,72,7302,2996,3050,1,8,1,8,0.3087681361607143
9,150,250,6,identity,512,64,474,1728,474,38,405,69,72,72,330,474,0,0,13785,5804,6353,1,18,1,19,0.7096762537545975
9,150,250,6,population_count,512,64,474,1728,249,263,243,6,153,90,6,474,225,225,12453,3176,3266,1,8,1,8,0.25216238839285715
9,170,184,0,identity,512,1,0,0,0,512,0,0,0,0,0,0,0,0,0,512,512,1,1,1,1,0.0
9,170,184,0,population_count,512,1,0,0,0,512,0,0,0,0,0,0,0,0,0,512,512,1,1,1,1,0.0
9,170,184,1,identity,512,2,0,0,0,512,0,0,0,0,0,0,0,0,0,866,866,1,2,1,2,0.0
9,170,184,1,population_count,512,2,0,0,0,512,0,0,0,0,0,0,0,0,0,512,512,1,1,1,1,0.0
9,170,184,2,identity,512,4,0,0,0,512,0,0,0,0,0,0,0,0,0,1166,1166,1,3,1,3,0.0
9,170,184,2,population_count,512,4,0,0,0,512,0,0,0,0,0,0,0,0,0,512,512,1,1,1,1,0.0
9,170,184,3,identity,512,8,0,0,0,512,0,0,0,0,0,0,0,0,0,1418,1418,1,4,1,4,0.0
9,170,184,3,population_count,512,8,0,0,0,512,0,0,0,0,0,0,0,0,0,512,512,1,1,1,1,0.0
9,170,184,4,identity,512,16,0,0,0,512,0,0,0,0,0,0,0,0,0,1670,1670,1,5,1,5,0.0
9,170,184,4,population_count,512,16,0,0,0,512,0,0,0,0,0,0,0,0,0,512,512,1,1,1,1,0.0
9,170,184,5,identity,512,32,0,0,0,512,0,0,0,0,0,0,0,0,0,1922,1922,1,6,1,6,0.0
9,170,184,5,population_count,512,32,0,0,0,512,0,0,0,0,0,0,0,0,0,512,512,1,1,1,1,0.0
9,170,184,6,identity,512,64,0,0,0,512,0,0,0,0,0,0,0,0,0,2174,2174,1,7,1,7,0.0
9,170,184,6,population_count,512,64,0,0,0,512,0,0,0,0,0,0,0,0,0,512,512,1,1,1,1,0.0
9,170,204,0,identity,512,1,0,0,0,512,0,0,0,0,0,0,0,0,0,512,512,1,1,1,1,0.0
9,170,204,0,population_count,512,1,0,0,0,512,0,0,0,0,0,0,0,0,0,512,512,1,1,1,1,0.0
9,170,204,1,identity,512,2,0,0,0,512,0,0,0,0,0,0,0,0,0,1022,1022,1,2,1,2,0.0
9,170,204,1,population_count,512,2,0,0,0,512,0,0,0,0,0,0,0,0,0,512,512,1,1,1,1,0.0
9,170,204,2,identity,512,4,0,0,0,512,0,0,0,0,0,0,0,0,0,1532,1532,1,3,1,3,0.0
9,170,204,2,population_count,512,4,0,0,0,512,0,0,0,0,0,0,0,0,0,512,512,1,1,1,1,0.0
9,170,204,3,identity,512,8,0,0,0,512,0,0,0,0,0,0,0,0,0,2036,2036,1,4,1,4,0.0
9,170,204,3,population_count,512,8,0,0,0,512,0,0,0,0,0,0,0,0,0,512,512,1,1,1,1,0.0
9,170,204,4,identity,512,16,0,0,0,512,0,0,0,0,0,0,0,0,0,2540,2540,1,5,1,5,0.0
9,170,204,4,population_count,512,16,0,0,0,512,0,0,0,0,0,0,0,0,0,512,512,1,1,1,1,0.0
9,170,204,5,identity,512,32,0,0,0,512,0,0,0,0,0,0,0,0,0,3044,3044,1,6,1,6,0.0
9,170,204,5,population_count,512,32,0,0,0,512,0,0,0,0,0,0,0,0,0,512,512,1,1,1,1,0.0
9,170,204,6,identity,512,64,0,0,0,512,0,0,0,0,0,0,0,0,0,3548,3548,1,7,1,7,0.0
9,170,204,6,population_count,512,64,0,0,0,512,0,0,0,0,0,0,0,0,0,512,512,1,1,1,1,0.0
9,170,250,0,identity,512,1,0,0,0,512,0,0,0,0,0,0,0,0,0,512,512,1,1,1,1,0.0
9,170,250,0,population_count,512,1,0,0,0,512,0,0,0,0,0,0,0,0,0,512,512,1,1,1,1,0.0
9,170,250,1,identity,512,2,0,0,0,512,0,0,0,0,0,0,0,0,0,947,947,1,2,1,2,0.0
9,170,250,1,population_count,512,2,0,0,0,512,0,0,0,0,0,0,0,0,0,947,947,1,2,1,2,0.0
9,170,250,2,identity,512,4,0,0,0,512,0,0,0,0,0,0,0,0,0,1217,1217,1,3,1,3,0.0
9,170,250,2,population_count,512,4,0,0,0,512,0,0,0,0,0,0,0,0,0,1217,1217,1,3,1,3,0.0
9,170,250,3,identity,512,8,0,0,0,512,0,0,0,0,0,0,0,0,0,1361,1361,1,4,1,4,0.0
9,170,250,3,population_count,512,8,0,0,0,512,0,0,0,0,0,0,0,0,0,1361,1361,1,4,1,4,0.0
9,170,250,4,identity,512,16,0,0,0,512,0,0,0,0,0,0,0,0,0,1433,1433,1,5,1,5,0.0
9,170,250,4,population_count,512,16,0,0,0,512,0,0,0,0,0,0,0,0,0,1433,1433,1,5,1,5,0.0
9,170,250,5,identity,512,32,0,0,0,512,0,0,0,0,0,0,0,0,0,1469,1469,1,6,1,6,0.0
9,170,250,5,population_count,512,32,0,0,0,512,0,0,0,0,0,0,0,0,0,1469,1469,1,6,1,6,0.0
9,170,250,6,identity,512,64,0,0,0,512,0,0,0,0,0,0,0,0,0,1487,1487,1,7,1,7,0.0
9,170,250,6,population_count,512,64,0,0,0,512,0,0,0,0,0,0,0,0,0,1487,1487,1,7,1,7,0.0
9,184,204,0,identity,512,1,0,0,0,512,0,0,0,0,0,0,0,0,0,512,512,1,1,1,1,0.0
9,184,204,0,population_count,512,1,0,0,0,512,0,0,0,0,0,0,0,0,0,512,512,1,1,1,1,0.0
9,184,204,1,identity,512,2,0,0,0,512,0,0,0,0,0,0,0,0,0,1022,1022,1,2,1,2,0.0
9,184,204,1,population_count,512,2,0,0,0,512,0,0,0,0,0,0,0,0,0,512,512,1,1,1,1,0.0
9,184,204,2,identity,512,4,0,0,0,512,0,0,0,0,0,0,0,0,0,1532,1532,1,3,1,3,0.0
9,184,204,2,population_count,512,4,0,0,0,512,0,0,0,0,0,0,0,0,0,512,512,1,1,1,1,0.0
9,184,204,3,identity,512,8,0,0,0,512,0,0,0,0,0,0,0,0,0,2036,2036,1,4,1,4,0.0
9,184,204,3,population_count,512,8,0,0,0,512,0,0,0,0,0,0,0,0,0,512,512,1,1,1,1,0.0
9,184,204,4,identity,512,16,0,0,0,512,0,0,0,0,0,0,0,0,0,2540,2540,1,5,1,5,0.0
9,184,204,4,population_count,512,16,0,0,0,512,0,0,0,0,0,0,0,0,0,512,512,1,1,1,1,0.0
9,184,204,5,identity,512,32,0,0,0,512,0,0,0,0,0,0,0,0,0,3044,3044,1,6,1,6,0.0
9,184,204,5,population_count,512,32,0,0,0,512,0,0,0,0,0,0,0,0,0,512,512,1,1,1,1,0.0
9,184,204,6,identity,512,64,0,0,0,512,0,0,0,0,0,0,0,0,0,3548,3548,1,7,1,7,0.0
9,184,204,6,population_count,512,64,0,0,0,512,0,0,0,0,0,0,0,0,0,512,512,1,1,1,1,0.0
9,184,250,0,identity,512,1,291,576,291,221,0,291,0,0,291,291,0,0,291,512,512,1,1,1,1,0.568359375
9,184,250,0,population_count,512,1,291,576,198,314,0,198,0,0,198,198,0,93,198,512,512,1,1,1,1,0.38671875
9,184,250,1,identity,512,2,291,576,291,221,45,246,0,27,264,291,0,0,507,992,947,1,2,1,2,0.4990234375
9,184,250,1,population_count,512,2,291,576,225,287,45,180,0,27,198,225,0,66,378,992,947,1,2,1,2,0.3310546875
9,184,250,2,identity,512,4,291,576,291,221,126,165,0,36,255,291,0,0,885,1388,1298,1,4,1,4,0.4563755580357143
9,184,250,2,population_count,512,4,291,576,234,278,144,90,27,54,153,234,0,57,702,1352,1280,1,4,1,4,0.2701171875
9,184,250,3,identity,512,8,291,576,291,221,189,102,0,54,237,291,0,0,1551,1784,1595,1,7,1,7,0.42252308238636366
9,184,250,3,population_count,512,8,291,576,225,287,171,54,18,108,99,234,9,66,1242,1640,1487,1,5,1,6,0.2192243303571429
9,184,250,4,identity,512,16,291,576,291,221,207,84,0,81,210,291,0,0,2640,2117,1811,1,11,1,11,0.3884959279002248
9,184,250,4,population_count,512,16,291,576,225,287,198,27,18,162,45,234,9,66,2115,1793,1559,1,6,1,6,0.18976004464285715
9,184,250,5,identity,512,32,291,576,291,221,216,75,0,99,192,291,0,0,4332,2432,2027,1,16,1,16,0.3791171231112637
9,184,250,5,population_count,512,32,291,576,225,287,198,27,18,180,27,234,9,66,3474,1856,1595,1,6,1,6,0.18138950892857145
9,184,250,6,identity,512,64,291,576,291,221,216,75,9,108,174,291,0,0,6852,2729,2243,1,20,1,20,0.37599010307247904
9,184,250,6,population_count,512,64,291,576,225,287,207,18,18,189,18,234,9,66,5517,1883,1613,1,7,1,7,0.17887834821428572
9,204,250,0,identity,512,1,0,0,0,512,0,0,0,0,0,0,0,0,0,512,512,1,1,1,1,0.0
9,204,250,0,population_count,512,1,0,0,0,512,0,0,0,0,0,0,0,0,0,512,512,1,1,1,1,0.0
9,204,250,1,identity,512,2,0,0,0,512,0,0,0,0,0,0,0,0,0,947,947,1,2,1,2,0.0
9,204,250,1,population_count,512,2,0,0,0,512,0,0,0,0,0,0,0,0,0,947,947,1,2,1,2,0.0
9,204,250,2,identity,512,4,0,0,0,512,0,0,0,0,0,0,0,0,0,1217,1217,1,3,1,3,0.0
9,204,250,2,population_count,512,4,0,0,0,512,0,0,0,0,0,0,0,0,0,1217,1217,1,3,1,3,0.0
9,204,250,3,identity,512,8,0,0,0,512,0,0,0,0,0,0,0,0,0,1361,1361,1,4,1,4,0.0
9,204,250,3,population_count,512,8,0,0,0,512,0,0,0,0,0,0,0,0,0,1361,1361,1,4,1,4,0.0
9,204,250,4,identity,512,16,0,0,0,512,0,0,0,0,0,0,0,0,0,1433,1433,1,5,1,5,0.0
9,204,250,4,population_count,512,16,0,0,0,512,0,0,0,0,0,0,0,0,0,1433,1433,1,5,1,5,0.0
9,204,250,5,identity,512,32,0,0,0,512,0,0,0,0,0,0,0,0,0,1469,1469,1,6,1,6,0.0
9,204,250,5,population_count,512,32,0,0,0,512,0,0,0,0,0,0,0,0,0,1469,1469,1,6,1,6,0.0
9,204,250,6,identity,512,64,0,0,0,512,0,0,0,0,0,0,0,0,0,1487,1487,1,7,1,7,0.0
9,204,250,6,population_count,512,64,0,0,0,512,0,0,0,0,0,0,0,0,0,1487,1487,1,7,1,7,0.0
11,0,4,0,identity,2048,1,0,0,0,2048,0,0,0,0,0,0,0,0,0,2048,2048,1,1,1,1,0.0
11,0,4,0,population_count,2048,1,0,0,0,2048,0,0,0,0,0,0,0,0,0,2048,2048,1,1,1,1,0.0
11,0,4,1,identity,2048,2,0,0,0,2048,0,0,0,0,0,0,0,0,0,2048,2048,1,1,1,1,0.0
11,0,4,1,population_count,2048,2,0,0,0,2048,0,0,0,0,0,0,0,0,0,2048,2048,1,1,1,1,0.0
11,0,4,2,identity,2048,4,0,0,0,2048,0,0,0,0,0,0,0,0,0,2048,2048,1,1,1,1,0.0
11,0,4,2,population_count,2048,4,0,0,0,2048,0,0,0,0,0,0,0,0,0,2048,2048,1,1,1,1,0.0
11,0,4,3,identity,2048,8,0,0,0,2048,0,0,0,0,0,0,0,0,0,2048,2048,1,1,1,1,0.0
11,0,4,3,population_count,2048,8,0,0,0,2048,0,0,0,0,0,0,0,0,0,2048,2048,1,1,1,1,0.0
11,0,4,4,identity,2048,16,0,0,0,2048,0,0,0,0,0,0,0,0,0,2048,2048,1,1,1,1,0.0
11,0,4,4,population_count,2048,16,0,0,0,2048,0,0,0,0,0,0,0,0,0,2048,2048,1,1,1,1,0.0
11,0,4,5,identity,2048,32,0,0,0,2048,0,0,0,0,0,0,0,0,0,2048,2048,1,1,1,1,0.0
11,0,4,5,population_count,2048,32,0,0,0,2048,0,0,0,0,0,0,0,0,0,2048,2048,1,1,1,1,0.0
11,0,4,6,identity,2048,64,0,0,0,2048,0,0,0,0,0,0,0,0,0,2048,2048,1,1,1,1,0.0
11,0,4,6,population_count,2048,64,0,0,0,2048,0,0,0,0,0,0,0,0,0,2048,2048,1,1,1,1,0.0
11,0,30,0,identity,2048,1,0,0,0,2048,0,0,0,0,0,0,0,0,0,2048,2048,1,1,1,1,0.0
11,0,30,0,population_count,2048,1,0,0,0,2048,0,0,0,0,0,0,0,0,0,2048,2048,1,1,1,1,0.0
11,0,30,1,identity,2048,2,0,0,0,2048,0,0,0,0,0,0,0,0,0,2048,2048,1,1,1,1,0.0
11,0,30,1,population_count,2048,2,0,0,0,2048,0,0,0,0,0,0,0,0,0,2048,2048,1,1,1,1,0.0
11,0,30,2,identity,2048,4,0,0,0,2048,0,0,0,0,0,0,0,0,0,2048,2048,1,1,1,1,0.0
11,0,30,2,population_count,2048,4,0,0,0,2048,0,0,0,0,0,0,0,0,0,2048,2048,1,1,1,1,0.0
11,0,30,3,identity,2048,8,0,0,0,2048,0,0,0,0,0,0,0,0,0,2048,2048,1,1,1,1,0.0
11,0,30,3,population_count,2048,8,0,0,0,2048,0,0,0,0,0,0,0,0,0,2048,2048,1,1,1,1,0.0
11,0,30,4,identity,2048,16,0,0,0,2048,0,0,0,0,0,0,0,0,0,2048,2048,1,1,1,1,0.0
11,0,30,4,population_count,2048,16,0,0,0,2048,0,0,0,0,0,0,0,0,0,2048,2048,1,1,1,1,0.0
11,0,30,5,identity,2048,32,0,0,0,2048,0,0,0,0,0,0,0,0,0,2048,2048,1,1,1,1,0.0
11,0,30,5,population_count,2048,32,0,0,0,2048,0,0,0,0,0,0,0,0,0,2048,2048,1,1,1,1,0.0
11,0,30,6,identity,2048,64,0,0,0,2048,0,0,0,0,0,0,0,0,0,2048,2048,1,1,1,1,0.0
11,0,30,6,population_count,2048,64,0,0,0,2048,0,0,0,0,0,0,0,0,0,2048,2048,1,1,1,1,0.0
11,0,51,0,identity,2048,1,2048,22528,2048,0,0,2048,0,0,2048,2048,0,0,2048,2048,2048,1,1,1,1,1.0
11,0,51,0,population_count,2048,1,2048,22528,2048,0,0,2048,0,0,2048,2048,0,0,2048,2048,2048,1,1,1,1,1.0
11,0,51,1,identity,2048,2,2048,22528,2048,0,2048,0,2048,0,0,2048,0,0,2048,2048,4096,1,1,2,2,0.5
11,0,51,1,population_count,2048,2,2048,22528,2048,0,2048,0,2048,0,0,2048,0,0,2048,2048,4096,1,1,2,2,0.5
11,0,51,2,identity,2048,4,2048,22528,0,2048,0,0,0,0,0,2048,2048,2048,2048,4096,4096,2,2,2,2,0.0
11,0,51,2,population_count,2048,4,2048,22528,0,2048,0,0,0,0,0,2048,2048,2048,2048,4096,4096,2,2,2,2,0.0
11,0,51,3,identity,2048,8,2048,22528,0,2048,0,0,0,0,0,2048,2048,2048,2048,4096,4096,2,2,2,2,0.0
11,0,51,3,population_count,2048,8,2048,22528,0,2048,0,0,0,0,0,2048,2048,2048,2048,4096,4096,2,2,2,2,0.0
11,0,51,4,identity,2048,16,2048,22528,0,2048,0,0,0,0,0,2048,2048,2048,2048,4096,4096,2,2,2,2,0.0
11,0,51,4,population_count,2048,16,2048,22528,0,2048,0,0,0,0,0,2048,2048,2048,2048,4096,4096,2,2,2,2,0.0
11,0,51,5,identity,2048,32,2048,22528,0,2048,0,0,0,0,0,2048,2048,2048,2048,4096,4096,2,2,2,2,0.0
11,0,51,5,population_count,2048,32,2048,22528,0,2048,0,0,0,0,0,2048,2048,2048,2048,4096,4096,2,2,2,2,0.0
11,0,51,6,identity,2048,64,2048,22528,0,2048,0,0,0,0,0,2048,2048,2048,2048,4096,4096,2,2,2,2,0.0
11,0,51,6,population_count,2048,64,2048,22528,0,2048,0,0,0,0,0,2048,2048,2048,2048,4096,4096,2,2,2,2,0.0
11,0,54,0,identity,2048,1,0,0,0,2048,0,0,0,0,0,0,0,0,0,2048,2048,1,1,1,1,0.0
11,0,54,0,population_count,2048,1,0,0,0,2048,0,0,0,0,0,0,0,0,0,2048,2048,1,1,1,1,0.0
11,0,54,1,identity,2048,2,0,0,0,2048,0,0,0,0,0,0,0,0,0,2048,2048,1,1,1,1,0.0
11,0,54,1,population_count,2048,2,0,0,0,2048,0,0,0,0,0,0,0,0,0,2048,2048,1,1,1,1,0.0
11,0,54,2,identity,2048,4,0,0,0,2048,0,0,0,0,0,0,0,0,0,2048,2048,1,1,1,1,0.0
11,0,54,2,population_count,2048,4,0,0,0,2048,0,0,0,0,0,0,0,0,0,2048,2048,1,1,1,1,0.0
11,0,54,3,identity,2048,8,0,0,0,2048,0,0,0,0,0,0,0,0,0,2048,2048,1,1,1,1,0.0
11,0,54,3,population_count,2048,8,0,0,0,2048,0,0,0,0,0,0,0,0,0,2048,2048,1,1,1,1,0.0
11,0,54,4,identity,2048,16,0,0,0,2048,0,0,0,0,0,0,0,0,0,2048,2048,1,1,1,1,0.0
11,0,54,4,population_count,2048,16,0,0,0,2048,0,0,0,0,0,0,0,0,0,2048,2048,1,1,1,1,0.0
11,0,54,5,identity,2048,32,0,0,0,2048,0,0,0,0,0,0,0,0,0,2048,2048,1,1,1,1,0.0
11,0,54,5,population_count,2048,32,0,0,0,2048,0,0,0,0,0,0,0,0,0,2048,2048,1,1,1,1,0.0
11,0,54,6,identity,2048,64,0,0,0,2048,0,0,0,0,0,0,0,0,0,2048,2048,1,1,1,1,0.0
11,0,54,6,population_count,2048,64,0,0,0,2048,0,0,0,0,0,0,0,0,0,2048,2048,1,1,1,1,0.0
11,0,90,0,identity,2048,1,0,0,0,2048,0,0,0,0,0,0,0,0,0,2048,2048,1,1,1,1,0.0
11,0,90,0,population_count,2048,1,0,0,0,2048,0,0,0,0,0,0,0,0,0,2048,2048,1,1,1,1,0.0
11,0,90,1,identity,2048,2,0,0,0,2048,0,0,0,0,0,0,0,0,0,2048,2048,1,1,1,1,0.0
11,0,90,1,population_count,2048,2,0,0,0,2048,0,0,0,0,0,0,0,0,0,2048,2048,1,1,1,1,0.0
11,0,90,2,identity,2048,4,0,0,0,2048,0,0,0,0,0,0,0,0,0,2048,2048,1,1,1,1,0.0
11,0,90,2,population_count,2048,4,0,0,0,2048,0,0,0,0,0,0,0,0,0,2048,2048,1,1,1,1,0.0
11,0,90,3,identity,2048,8,0,0,0,2048,0,0,0,0,0,0,0,0,0,2048,2048,1,1,1,1,0.0
11,0,90,3,population_count,2048,8,0,0,0,2048,0,0,0,0,0,0,0,0,0,2048,2048,1,1,1,1,0.0
11,0,90,4,identity,2048,16,0,0,0,2048,0,0,0,0,0,0,0,0,0,2048,2048,1,1,1,1,0.0
11,0,90,4,population_count,2048,16,0,0,0,2048,0,0,0,0,0,0,0,0,0,2048,2048,1,1,1,1,0.0
11,0,90,5,identity,2048,32,0,0,0,2048,0,0,0,0,0,0,0,0,0,2048,2048,1,1,1,1,0.0
11,0,90,5,population_count,2048,32,0,0,0,2048,0,0,0,0,0,0,0,0,0,2048,2048,1,1,1,1,0.0
11,0,90,6,identity,2048,64,0,0,0,2048,0,0,0,0,0,0,0,0,0,2048,2048,1,1,1,1,0.0
11,0,90,6,population_count,2048,64,0,0,0,2048,0,0,0,0,0,0,0,0,0,2048,2048,1,1,1,1,0.0
11,0,110,0,identity,2048,1,0,0,0,2048,0,0,0,0,0,0,0,0,0,2048,2048,1,1,1,1,0.0
11,0,110,0,population_count,2048,1,0,0,0,2048,0,0,0,0,0,0,0,0,0,2048,2048,1,1,1,1,0.0
11,0,110,1,identity,2048,2,0,0,0,2048,0,0,0,0,0,0,0,0,0,2048,2048,1,1,1,1,0.0
11,0,110,1,population_count,2048,2,0,0,0,2048,0,0,0,0,0,0,0,0,0,2048,2048,1,1,1,1,0.0
11,0,110,2,identity,2048,4,0,0,0,2048,0,0,0,0,0,0,0,0,0,2048,2048,1,1,1,1,0.0
11,0,110,2,population_count,2048,4,0,0,0,2048,0,0,0,0,0,0,0,0,0,2048,2048,1,1,1,1,0.0
11,0,110,3,identity,2048,8,0,0,0,2048,0,0,0,0,0,0,0,0,0,2048,2048,1,1,1,1,0.0
11,0,110,3,population_count,2048,8,0,0,0,2048,0,0,0,0,0,0,0,0,0,2048,2048,1,1,1,1,0.0
11,0,110,4,identity,2048,16,0,0,0,2048,0,0,0,0,0,0,0,0,0,2048,2048,1,1,1,1,0.0
11,0,110,4,population_count,2048,16,0,0,0,2048,0,0,0,0,0,0,0,0,0,2048,2048,1,1,1,1,0.0
11,0,110,5,identity,2048,32,0,0,0,2048,0,0,0,0,0,0,0,0,0,2048,2048,1,1,1,1,0.0
11,0,110,5,population_count,2048,32,0,0,0,2048,0,0,0,0,0,0,0,0,0,2048,2048,1,1,1,1,0.0
11,0,110,6,identity,2048,64,0,0,0,2048,0,0,0,0,0,0,0,0,0,2048,2048,1,1,1,1,0.0
11,0,110,6,population_count,2048,64,0,0,0,2048,0,0,0,0,0,0,0,0,0,2048,2048,1,1,1,1,0.0
11,0,150,0,identity,2048,1,0,0,0,2048,0,0,0,0,0,0,0,0,0,2048,2048,1,1,1,1,0.0
11,0,150,0,population_count,2048,1,0,0,0,2048,0,0,0,0,0,0,0,0,0,2048,2048,1,1,1,1,0.0
11,0,150,1,identity,2048,2,0,0,0,2048,0,0,0,0,0,0,0,0,0,2048,2048,1,1,1,1,0.0
11,0,150,1,population_count,2048,2,0,0,0,2048,0,0,0,0,0,0,0,0,0,2048,2048,1,1,1,1,0.0
11,0,150,2,identity,2048,4,0,0,0,2048,0,0,0,0,0,0,0,0,0,2048,2048,1,1,1,1,0.0
11,0,150,2,population_count,2048,4,0,0,0,2048,0,0,0,0,0,0,0,0,0,2048,2048,1,1,1,1,0.0
11,0,150,3,identity,2048,8,0,0,0,2048,0,0,0,0,0,0,0,0,0,2048,2048,1,1,1,1,0.0
11,0,150,3,population_count,2048,8,0,0,0,2048,0,0,0,0,0,0,0,0,0,2048,2048,1,1,1,1,0.0
11,0,150,4,identity,2048,16,0,0,0,2048,0,0,0,0,0,0,0,0,0,2048,2048,1,1,1,1,0.0
11,0,150,4,population_count,2048,16,0,0,0,2048,0,0,0,0,0,0,0,0,0,2048,2048,1,1,1,1,0.0
11,0,150,5,identity,2048,32,0,0,0,2048,0,0,0,0,0,0,0,0,0,2048,2048,1,1,1,1,0.0
11,0,150,5,population_count,2048,32,0,0,0,2048,0,0,0,0,0,0,0,0,0,2048,2048,1,1,1,1,0.0
11,0,150,6,identity,2048,64,0,0,0,2048,0,0,0,0,0,0,0,0,0,2048,2048,1,1,1,1,0.0
11,0,150,6,population_count,2048,64,0,0,0,2048,0,0,0,0,0,0,0,0,0,2048,2048,1,1,1,1,0.0
11,0,170,0,identity,2048,1,0,0,0,2048,0,0,0,0,0,0,0,0,0,2048,2048,1,1,1,1,0.0
11,0,170,0,population_count,2048,1,0,0,0,2048,0,0,0,0,0,0,0,0,0,2048,2048,1,1,1,1,0.0
11,0,170,1,identity,2048,2,0,0,0,2048,0,0,0,0,0,0,0,0,0,2048,2048,1,1,1,1,0.0
11,0,170,1,population_count,2048,2,0,0,0,2048,0,0,0,0,0,0,0,0,0,2048,2048,1,1,1,1,0.0
11,0,170,2,identity,2048,4,0,0,0,2048,0,0,0,0,0,0,0,0,0,2048,2048,1,1,1,1,0.0
11,0,170,2,population_count,2048,4,0,0,0,2048,0,0,0,0,0,0,0,0,0,2048,2048,1,1,1,1,0.0
11,0,170,3,identity,2048,8,0,0,0,2048,0,0,0,0,0,0,0,0,0,2048,2048,1,1,1,1,0.0
11,0,170,3,population_count,2048,8,0,0,0,2048,0,0,0,0,0,0,0,0,0,2048,2048,1,1,1,1,0.0
11,0,170,4,identity,2048,16,0,0,0,2048,0,0,0,0,0,0,0,0,0,2048,2048,1,1,1,1,0.0
11,0,170,4,population_count,2048,16,0,0,0,2048,0,0,0,0,0,0,0,0,0,2048,2048,1,1,1,1,0.0
11,0,170,5,identity,2048,32,0,0,0,2048,0,0,0,0,0,0,0,0,0,2048,2048,1,1,1,1,0.0
11,0,170,5,population_count,2048,32,0,0,0,2048,0,0,0,0,0,0,0,0,0,2048,2048,1,1,1,1,0.0
11,0,170,6,identity,2048,64,0,0,0,2048,0,0,0,0,0,0,0,0,0,2048,2048,1,1,1,1,0.0
11,0,170,6,population_count,2048,64,0,0,0,2048,0,0,0,0,0,0,0,0,0,2048,2048,1,1,1,1,0.0
11,0,184,0,identity,2048,1,0,0,0,2048,0,0,0,0,0,0,0,0,0,2048,2048,1,1,1,1,0.0
11,0,184,0,population_count,2048,1,0,0,0,2048,0,0,0,0,0,0,0,0,0,2048,2048,1,1,1,1,0.0
11,0,184,1,identity,2048,2,0,0,0,2048,0,0,0,0,0,0,0,0,0,2048,2048,1,1,1,1,0.0
11,0,184,1,population_count,2048,2,0,0,0,2048,0,0,0,0,0,0,0,0,0,2048,2048,1,1,1,1,0.0
11,0,184,2,identity,2048,4,0,0,0,2048,0,0,0,0,0,0,0,0,0,2048,2048,1,1,1,1,0.0
11,0,184,2,population_count,2048,4,0,0,0,2048,0,0,0,0,0,0,0,0,0,2048,2048,1,1,1,1,0.0
11,0,184,3,identity,2048,8,0,0,0,2048,0,0,0,0,0,0,0,0,0,2048,2048,1,1,1,1,0.0
11,0,184,3,population_count,2048,8,0,0,0,2048,0,0,0,0,0,0,0,0,0,2048,2048,1,1,1,1,0.0
11,0,184,4,identity,2048,16,0,0,0,2048,0,0,0,0,0,0,0,0,0,2048,2048,1,1,1,1,0.0
11,0,184,4,population_count,2048,16,0,0,0,2048,0,0,0,0,0,0,0,0,0,2048,2048,1,1,1,1,0.0
11,0,184,5,identity,2048,32,0,0,0,2048,0,0,0,0,0,0,0,0,0,2048,2048,1,1,1,1,0.0
11,0,184,5,population_count,2048,32,0,0,0,2048,0,0,0,0,0,0,0,0,0,2048,2048,1,1,1,1,0.0
11,0,184,6,identity,2048,64,0,0,0,2048,0,0,0,0,0,0,0,0,0,2048,2048,1,1,1,1,0.0
11,0,184,6,population_count,2048,64,0,0,0,2048,0,0,0,0,0,0,0,0,0,2048,2048,1,1,1,1,0.0
11,0,204,0,identity,2048,1,0,0,0,2048,0,0,0,0,0,0,0,0,0,2048,2048,1,1,1,1,0.0
11,0,204,0,population_count,2048,1,0,0,0,2048,0,0,0,0,0,0,0,0,0,2048,2048,1,1,1,1,0.0
11,0,204,1,identity,2048,2,0,0,0,2048,0,0,0,0,0,0,0,0,0,2048,2048,1,1,1,1,0.0
11,0,204,1,population_count,2048,2,0,0,0,2048,0,0,0,0,0,0,0,0,0,2048,2048,1,1,1,1,0.0
11,0,204,2,identity,2048,4,0,0,0,2048,0,0,0,0,0,0,0,0,0,2048,2048,1,1,1,1,0.0
11,0,204,2,population_count,2048,4,0,0,0,2048,0,0,0,0,0,0,0,0,0,2048,2048,1,1,1,1,0.0
11,0,204,3,identity,2048,8,0,0,0,2048,0,0,0,0,0,0,0,0,0,2048,2048,1,1,1,1,0.0
11,0,204,3,population_count,2048,8,0,0,0,2048,0,0,0,0,0,0,0,0,0,2048,2048,1,1,1,1,0.0
11,0,204,4,identity,2048,16,0,0,0,2048,0,0,0,0,0,0,0,0,0,2048,2048,1,1,1,1,0.0
11,0,204,4,population_count,2048,16,0,0,0,2048,0,0,0,0,0,0,0,0,0,2048,2048,1,1,1,1,0.0
11,0,204,5,identity,2048,32,0,0,0,2048,0,0,0,0,0,0,0,0,0,2048,2048,1,1,1,1,0.0
11,0,204,5,population_count,2048,32,0,0,0,2048,0,0,0,0,0,0,0,0,0,2048,2048,1,1,1,1,0.0
11,0,204,6,identity,2048,64,0,0,0,2048,0,0,0,0,0,0,0,0,0,2048,2048,1,1,1,1,0.0
11,0,204,6,population_count,2048,64,0,0,0,2048,0,0,0,0,0,0,0,0,0,2048,2048,1,1,1,1,0.0
11,0,250,0,identity,2048,1,0,0,0,2048,0,0,0,0,0,0,0,0,0,2048,2048,1,1,1,1,0.0
11,0,250,0,population_count,2048,1,0,0,0,2048,0,0,0,0,0,0,0,0,0,2048,2048,1,1,1,1,0.0
11,0,250,1,identity,2048,2,0,0,0,2048,0,0,0,0,0,0,0,0,0,2048,2048,1,1,1,1,0.0
11,0,250,1,population_count,2048,2,0,0,0,2048,0,0,0,0,0,0,0,0,0,2048,2048,1,1,1,1,0.0
11,0,250,2,identity,2048,4,0,0,0,2048,0,0,0,0,0,0,0,0,0,2048,2048,1,1,1,1,0.0
11,0,250,2,population_count,2048,4,0,0,0,2048,0,0,0,0,0,0,0,0,0,2048,2048,1,1,1,1,0.0
11,0,250,3,identity,2048,8,0,0,0,2048,0,0,0,0,0,0,0,0,0,2048,2048,1,1,1,1,0.0
11,0,250,3,population_count,2048,8,0,0,0,2048,0,0,0,0,0,0,0,0,0,2048,2048,1,1,1,1,0.0
11,0,250,4,identity,2048,16,0,0,0,2048,0,0,0,0,0,0,0,0,0,2048,2048,1,1,1,1,0.0
11,0,250,4,population_count,2048,16,0,0,0,2048,0,0,0,0,0,0,0,0,0,2048,2048,1,1,1,1,0.0
11,0,250,5,identity,2048,32,0,0,0,2048,0,0,0,0,0,0,0,0,0,2048,2048,1,1,1,1,0.0
11,0,250,5,population_count,2048,32,0,0,0,2048,0,0,0,0,0,0,0,0,0,2048,2048,1,1,1,1,0.0
11,0,250,6,identity,2048,64,0,0,0,2048,0,0,0,0,0,0,0,0,0,2048,2048,1,1,1,1,0.0
11,0,250,6,population_count,2048,64,0,0,0,2048,0,0,0,0,0,0,0,0,0,2048,2048,1,1,1,1,0.0
11,4,30,0,identity,2048,1,2013,8448,2013,35,0,2013,0,0,2013,2013,0,0,2013,2048,2048,1,1,1,1,0.98291015625
11,4,30,0,population_count,2048,1,2013,8448,1881,167,0,1881,0,0,1881,1881,0,132,1881,2048,2048,1,1,1,1,0.91845703125
11,4,30,1,identity,2048,2,2013,8448,2013,35,902,1111,0,451,1562,2013,0,0,3509,3610,3610,1,2,1,2,0.862060546875
11,4,30,1,population_count,2048,2,2013,8448,1991,57,902,1089,0,451,1540,1991,0,22,3135,3610,3610,1,2,1,2,0.776123046875
11,4,30,2,identity,2048,4,2013,8448,2013,35,1881,132,451,451,1111,2013,0,0,6512,5282,6734,1,4,1,4,0.752119373139881
11,4,30,2,population_count,2048,4,2013,8448,2013,35,1199,814,462,451,1100,2013,0,0,6457,5183,5579,1,4,1,4,0.6534830729166667
11,4,30,3,identity,2048,8,2013,8448,2013,35,2002,11,451,451,1111,2013,0,0,11308,7625,9902,1,8,1,7,0.8055360600770758
11,4,30,3,population_count,2048,8,2013,8448,2013,35,1320,693,484,451,1078,2013,0,0,11143,6866,7273,1,6,1,6,0.6419480096726191
11,4,30,4,identity,2048,16,2013,8448,2013,35,1793,220,451,451,1111,2013,0,0,19481,11398,13741,1,13,1,12,0.8390220126183685
11,4,30,4,population_count,2048,16,2013,8448,2013,35,1540,473,506,506,1001,2013,0,0,19107,8241,9044,1,8,1,8,0.654648941282242
11,4,30,5,identity,2048,32,2013,8448,2013,35,1947,66,451,451,1111,2013,0,0,33275,17151,18856,1,21,1,18,0.8621574384591206
11,4,30,5,population_count,2048,32,2013,8448,2013,35,1727,286,935,517,561,2013,0,0,32604,9836,11024,1,9,1,9,0.570497543092758
11,4,30,6,identity,2048,64,2013,8448,2013,35,1925,88,451,451,1111,2013,0,0,56386,25137,25951,1,30,1,26,0.8772171341538174
11,4,30,6,population_count,2048,64,2013,8448,1980,68,1793,187,891,605,484,2013,33,33,55154,11365,11816,1,10,1,9,0.5038341703869047
11,4,51,0,identity,2048,1,2048,16896,2048,0,0,2048,0,0,2048,2048,0,0,2048,2048,2048,1,1,1,1,1.0
11,4,51,0,population_count,2048,1,2048,16896,2048,0,0,2048,0,0,2048,2048,0,0,2048,2048,2048,1,1,1,1,1.0
11,4,51,1,identity,2048,2,2048,16896,2048,0,486,1562,200,0,1848,2048,0,0,3401,3610,4096,1,2,2,2,0.87060546875
11,4,51,1,population_count,2048,2,2048,16896,2048,0,486,1562,200,0,1848,2048,0,0,3401,3610,4096,1,2,2,2,0.7918294270833333
11,4,51,2,identity,2048,4,2048,16896,1848,200,1848,0,0,286,1562,2048,200,200,6107,7220,5658,2,4,2,3,0.6914388020833333
11,4,51,2,population_count,2048,4,2048,16896,1848,200,1848,0,0,770,1078,2048,200,200,6107,7220,5658,2,4,2,3,0.5356770833333333
11,4,51,3,identity,2048,8,2048,16896,1848,200,1089,759,286,286,1276,2048,200,200,10617,7737,7220,2,5,2,4,0.5811651320684523
11,4,51,3,population_count,2048,8,2048,16896,1540,508,1089,451,286,462,792,2048,508,508,10617,7737,7220,2,5,2,4,0.4060163225446429
11,4,51,4,identity,2048,16,2048,16896,1848,200,1254,594,286,429,1133,2048,200,200,18735,8254,7737,2,6,2,5,0.5414318266369047
11,4,51,4,population_count,2048,16,2048,16896,1540,508,1254,286,286,605,649,2048,508,508,18735,8254,7737,2,6,2,5,0.37009393601190477
11,4,51,5,identity,2048,32,2048,16896,1848,200,1034,814,429,429,990,2048,200,200,32826,8386,8254,2,7,2,6,0.5146999782986111
11,4,51,5,population_count,2048,32,2048,16896,1408,640,1034,374,429,473,506,2048,640,640,32826,8386,8254,2,7,2,6,0.3380165705605159
11,4,51,6,identity,2048,64,2048,16896,1848,200,1078,770,429,473,946,2048,200,200,57620,8518,8386,2,8,2,7,0.5067499069940476
11,4,51,6,population_count,2048,64,2048,16896,1408,640,1078,330,429,517,462,2048,640,640,57620,8518,8386,2,8,2,7,0.3312174479166667
11,4,54,0,identity,2048,1,2013,9856,2013,35,0,2013,0,0,2013,2013,0,0,2013,2048,2048,1,1,1,1,0.98291015625
11,4,54,0,population_count,2048,1,2013,9856,2013,35,0,2013,0,0,2013,2013,0,0,2013,2048,2048,1,1,1,1,0.98291015625
11,4,54,1,identity,2048,2,2013,9856,1991,57,1133,858,0,682,1309,1991,0,22,3300,3588,3357,1,2,1,2,0.8056640625
11,4,54,1,population_count,2048,2,2013,9856,1991,57,1133,858,0,682,1309,1991,0,22,3278,3588,3357,1,2,1,2,0.7644856770833333
11,4,54,2,identity,2048,4,2013,9856,1991,57,1991,0,451,682,858,1991,0,22,6083,5084,5953,1,3,1,4,0.7217854817708333
11,4,54,2,population_count,2048,4,2013,9856,1859,189,1815,44,506,682,671,1991,132,154,6083,5084,5634,1,3,1,4,0.5780192057291667
11,4,54,3,identity,2048,8,2013,9856,1991,57,1991,0,451,682,858,1991,0,22,10285,6756,7306,1,5,1,6,0.7773613823784723
11,4,54,3,population_count,2048,8,2013,9856,1991,57,1947,44,946,814,231,1991,0,22,10285,6503,6690,1,5,1,5,0.5316487630208334
11,4,54,4,identity,2048,16,2013,9856,1991,57,1782,209,451,682,858,1991,0,22,17237,8703,8582,1,8,1,9,0.8094873225732602
11,4,54,4,population_count,2048,16,2013,9856,1947,101,1298,649,473,803,671,1991,44,66,17237,7834,7130,1,6,1,7,0.5813761393229167
11,4,54,5,identity,2048,32,2013,9856,1991,57,1947,44,539,682,770,1991,0,22,28468,9990,9792,1,12,1,13,0.8182620764652015
11,4,54,5,population_count,2048,32,2013,9856,1826,222,1672,154,924,682,220,1991,165,187,28468,8230,8208,1,6,1,9,0.5512617807539683
11,4,54,6,identity,2048,64,2013,9856,1991,57,1925,66,539,682,770,1991,0,22,46695,10859,10199,1,17,1,18,0.8243628408394608
11,4,54,6,population_count,2048,64,2013,9856,1826,222,1672,154,924,682,220,1991,165,187,46453,8648,8230,1,6,1,9,0.5584104507688492
11,4,90,0,identity,2048,1,1650,4224,1650,398,0,1650,0,0,1650,1650,0,0,1650,2048,2048,1,1,1,1,0.8056640625
11,4,90,0,population_count,2048,1,1650,4224,1364,684,0,1364,0,0,1364,1364,0,286,1364,2048,2048,1,1,1,1,0.666015625
11,4,90,1,identity,2048,2,1650,4224,1650,398,528,1122,0,22,1628,1650,0,0,3190,3610,3588,1,2,1,2,0.77880859375
11,4,90,1,population_count,2048,2,1650,4224,1529,519,979,550,550,110,869,1529,0,121,2332,2763,3236,1,2,1,2,0.5388997395833333
11,4,90,2,identity,2048,4,1650,4224,1650,398,957,693,0,33,1617,1650,0,0,6336,5579,5436,1,4,1,4,0.7663655598958333
11,4,90,2,population_count,2048,4,1650,4224,1320,728,880,440,88,187,1045,1639,319,330,4411,3995,3786,1,4,1,4,0.4779378255208333
11,4,90,3,identity,2048,8,1650,4224,1650,398,1144,506,0,33,1617,1650,0,0,12617,7867,7702,1,7,1,7,0.7599748883928571
11,4,90,3,population_count,2048,8,1650,4224,1562,486,1474,88,792,165,605,1650,88,88,9119,4160,4798,1,4,1,4,0.4434733072916667
11,4,90,4,identity,2048,16,1650,4224,1650,398,1342,308,0,33,1617,1650,0,0,25146,10529,10232,1,10,1,11,0.7517568287831959
11,4,90,4,population_count,2048,16,1650,4224,1551,497,1408,143,671,198,682,1650,99,99,18766,4534,4952,1,5,1,5,0.45466308593750004
11,4,90,5,identity,2048,32,1650,4224,1650,398,1606,44,11,66,1573,1650,0,0,50204,14071,12718,1,15,1,15,0.7425013319630738
11,4,90,5,population_count,2048,32,1650,4224,1606,442,1331,275,583,242,781,1650,44,44,37763,5007,5326,1,5,1,5,0.47954915364583334
11,4,90,6,identity,2048,64,1650,4224,1650,398,1584,66,44,121,1485,1650,0,0,100166,17734,15974,1,22,1,21,0.7324665881211672
11,4,90,6,population_count,2048,64,1650,4224,1573,475,1078,495,319,275,979,1650,77,77,74206,6195,6008,1,7,1,6,0.4723749069940476
11,4,110,0,identity,2048,1,1848,6336,1848,200,0,1848,0,0,1848,1848,0,0,1848,2048,2048,1,1,1,1,0.90234375
11,4,110,0,population_count,2048,1,1848,6336,1848,200,0,1848,0,0,1848,1848,0,0,1848,2048,2048,1,1,1,1,0.90234375
11,4,110,1,identity,2048,2,1848,6336,1848,200,1452,396,0,1166,682,1848,0,0,2530,3610,2730,1,2,1,2,0.61767578125
11,4,110,1,population_count,2048,2,1848,6336,1848,200,1452,396,0,1166,682,1848,0,0,2530,3610,2730,1,2,1,2,0.61767578125
11,4,110,2,identity,2048,4,1848,6336,1848,200,1848,0,286,1166,396,1848,0,0,3652,4050,4094,1,3,1,4,0.5748860677083334
11,4,110,2,population_count,2048,4,1848,6336,1848,200,1848,0,594,1166,88,1848,0,0,3344,4050,4094,1,3,1,4,0.52099609375
11,4,110,3,identity,2048,8,1848,6336,1848,200,1848,0,286,1166,396,1848,0,0,5962,5678,4776,1,5,1,5,0.6728126162574405
11,4,110,3,population_count,2048,8,1848,6336,1848,200,1771,77,286,1166,396,1848,0,0,5962,5590,4094,1,4,1,4,0.6057698567708334
11,4,110,4,identity,2048,16,1848,6336,1848,200,1837,11,286,1166,396,1848,0,0,9075,7438,5458,1,8,1,6,0.7276679144965279
11,4,110,4,population_count,2048,16,1848,6336,1848,200,1771,77,561,1166,121,1848,0,0,9064,7119,4776,1,5,1,5,0.5960123697916666
11,4,110,5,identity,2048,32,1848,6336,1848,200,1848,0,286,1166,396,1848,0,0,14245,9462,6140,1,11,1,7,0.7638985770089287
11,4,110,5,population_count,2048,32,1848,6336,1507,541,1452,55,286,1166,55,1848,341,341,14223,8230,4798,1,5,1,6,0.5748860677083333
11,4,110,6,identity,2048,64,1848,6336,1848,200,1749,99,286,1166,396,1848,0,0,21626,11849,6822,1,14,1,8,0.7902836406247196
11,4,110,6,population_count,2048,64,1848,6336,1837,211,1518,319,286,1232,319,1848,11,11,21494,8714,4798,1,6,1,6,0.6304768880208333
11,4,150,0,identity,2048,1,1936,8448,1936,112,0,1936,0,0,1936,1936,0,0,1936,2048,2048,1,1,1,1,0.9453125
11,4,150,0,population_count,2048,1,1936,8448,1892,156,0,1892,0,0,1892,1892,0,44,1892,2048,2048,1,1,1,1,0.923828125
11,4,150,1,identity,2048,2,1936,8448,1936,112,748,1188,0,374,1562,1936,0,0,3432,3610,3610,1,2,1,2,0.84326171875
11,4,150,1,population_count,2048,2,1936,8448,1892,156,748,1144,0,374,1518,1892,0,44,3014,3610,3610,1,2,1,2,0.7340494791666666
11,4,150,2,identity,2048,4,1936,8448,1936,112,1859,77,319,374,1243,1936,0,0,6490,5117,6734,1,4,1,4,0.7303792317708333
11,4,150,2,population_count,2048,4,1936,8448,1870,178,913,957,352,374,1144,1936,66,66,6424,5040,5370,1,3,1,4,0.5997721354166667
11,4,150,3,identity,2048,8,1936,8448,1936,112,1375,561,319,374,1243,1936,0,0,11440,7768,8703,1,7,1,6,0.7646114288814485
11,4,150,3,population_count,2048,8,1936,8448,1529,519,1243,286,440,407,682,1936,407,407,11220,6503,6778,1,5,1,6,0.5265078590029761
11,4,150,4,identity,2048,16,1936,8448,1936,112,1881,55,363,473,1100,1936,0,0,20328,10496,10925,1,9,1,10,0.782326013463278
11,4,150,4,population_count,2048,16,1936,8448,1793,255,1529,264,396,814,583,1936,143,143,19998,7867,7240,1,6,1,7,0.5483204675099207
11,4,150,5,identity,2048,32,1936,8448,1936,112,1837,99,363,473,1100,1936,0,0,36564,12696,13213,1,13,1,14,0.8011060463515096
11,4,150,5,population_count,2048,32,1936,8448,1474,574,1342,132,418,473,583,1936,462,462,35607,8406,8142,1,7,1,8,0.5239288814484128
11,4,150,6,identity,2048,64,1936,8448,1936,112,1804,132,385,473,1078,1936,0,0,64955,15490,15765,1,18,1,19,0.8127109107899055
11,4,150,6,population_count,2048,64,1936,8448,1837,211,1738,99,495,825,517,1936,99,99,63096,9286,8560,1,8,1,8,0.5547210208953373
11,4,170,0,identity,2048,1,0,0,0,2048,0,0,0,0,0,0,0,0,0,2048,2048,1,1,1,1,0.0
11,4,170,0,population_count,2048,1,0,0,0,2048,0,0,0,0,0,0,0,0,0,2048,2048,1,1,1,1,0.0
11,4,170,1,identity,2048,2,0,0,0,2048,0,0,0,0,0,0,0,0,0,3610,3610,1,2,1,2,0.0
11,4,170,1,population_count,2048,2,0,0,0,2048,0,0,0,0,0,0,0,0,0,2048,2048,1,1,1,1,0.0
11,4,170,2,identity,2048,4,0,0,0,2048,0,0,0,0,0,0,0,0,0,5172,5172,1,3,1,3,0.0
11,4,170,2,population_count,2048,4,0,0,0,2048,0,0,0,0,0,0,0,0,0,2048,2048,1,1,1,1,0.0
11,4,170,3,identity,2048,8,0,0,0,2048,0,0,0,0,0,0,0,0,0,6734,6734,1,4,1,4,0.0
11,4,170,3,population_count,2048,8,0,0,0,2048,0,0,0,0,0,0,0,0,0,2048,2048,1,1,1,1,0.0
11,4,170,4,identity,2048,16,0,0,0,2048,0,0,0,0,0,0,0,0,0,8296,8296,1,5,1,5,0.0
11,4,170,4,population_count,2048,16,0,0,0,2048,0,0,0,0,0,0,0,0,0,2048,2048,1,1,1,1,0.0
11,4,170,5,identity,2048,32,0,0,0,2048,0,0,0,0,0,0,0,0,0,9858,9858,1,6,1,6,0.0
11,4,170,5,population_count,2048,32,0,0,0,2048,0,0,0,0,0,0,0,0,0,2048,2048,1,1,1,1,0.0
11,4,170,6,identity,2048,64,0,0,0,2048,0,0,0,0,0,0,0,0,0,11420,11420,1,7,1,7,0.0
11,4,170,6,population_count,2048,64,0,0,0,2048,0,0,0,0,0,0,0,0,0,2048,2048,1,1,1,1,0.0
11,4,184,0,identity,2048,1,1782,3520,1782,266,0,1782,0,0,1782,1782,0,0,1782,2048,2048,1,1,1,1,0.8701171875
11,4,184,0,population_count,2048,1,1782,3520,1232,816,0,1232,0,0,1232,1232,0,550,1232,2048,2048,1,1,1,1,0.6015625
11,4,184,1,identity,2048,2,1782,3520,1782,266,418,1364,0,0,1782,1782,0,0,3564,3610,4028,1,2,1,2,0.8701171875
11,4,184,1,population_count,2048,2,1782,3520,1232,816,0,1232,0,0,1232,1232,0,550,2464,2048,2048,1,1,1,1,0.6015625
11,4,184,2,identity,2048,4,1782,3520,1782,266,418,1364,0,0,1782,1782,0,0,7128,5172,6008,1,3,1,3,0.8572265625
11,4,184,2,population_count,2048,4,1782,3520,1232,816,0,1232,0,0,1232,1232,0,550,4928,2048,2048,1,1,1,1,0.6015625
11,4,184,3,identity,2048,8,1782,3520,1782,266,418,1364,0,0,1782,1782,0,0,14256,6734,7988,1,4,1,4,0.84326171875
11,4,184,3,population_count,2048,8,1782,3520,1232,816,0,1232,0,0,1232,1232,0,550,9856,2048,2048,1,1,1,1,0.6015625
11,4,184,4,identity,2048,16,1782,3520,1782,266,418,1364,0,0,1782,1782,0,0,28512,8296,9968,1,5,1,5,0.8301110646081349
11,4,184,4,population_count,2048,16,1782,3520,1232,816,0,1232,0,0,1232,1232,0,550,19712,2048,2048,1,1,1,1,0.6015625
11,4,184,5,identity,2048,32,1782,3520,1782,266,418,1364,0,0,1782,1782,0,0,57024,9858,11948,1,6,1,6,0.8185221354166666
11,4,184,5,population_count,2048,32,1782,3520,1232,816,0,1232,0,0,1232,1232,0,550,39424,2048,2048,1,1,1,1,0.6015625
11,4,184,6,identity,2048,64,1782,3520,1782,266,418,1364,0,0,1782,1782,0,0,114048,11420,13928,1,7,1,7,0.8075520833333334
11,4,184,6,population_count,2048,64,1782,3520,1232,816,0,1232,0,0,1232,1232,0,550,78848,2048,2048,1,1,1,1,0.6015625
11,4,204,0,identity,2048,1,0,0,0,2048,0,0,0,0,0,0,0,0,0,2048,2048,1,1,1,1,0.0
11,4,204,0,population_count,2048,1,0,0,0,2048,0,0,0,0,0,0,0,0,0,2048,2048,1,1,1,1,0.0
11,4,204,1,identity,2048,2,0,0,0,2048,0,0,0,0,0,0,0,0,0,2048,2048,1,1,1,1,0.0
11,4,204,1,population_count,2048,2,0,0,0,2048,0,0,0,0,0,0,0,0,0,2048,2048,1,1,1,1,0.0
11,4,204,2,identity,2048,4,0,0,0,2048,0,0,0,0,0,0,0,0,0,2048,2048,1,1,1,1,0.0
11,4,204,2,population_count,2048,4,0,0,0,2048,0,0,0,0,0,0,0,0,0,2048,2048,1,1,1,1,0.0
11,4,204,3,identity,2048,8,0,0,0,2048,0,0,0,0,0,0,0,0,0,2048,2048,1,1,1,1,0.0
11,4,204,3,population_count,2048,8,0,0,0,2048,0,0,0,0,0,0,0,0,0,2048,2048,1,1,1,1,0.0
11,4,204,4,identity,2048,16,0,0,0,2048,0,0,0,0,0,0,0,0,0,2048,2048,1,1,1,1,0.0
11,4,204,4,population_count,2048,16,0,0,0,2048,0,0,0,0,0,0,0,0,0,2048,2048,1,1,1,1,0.0
11,4,204,5,identity,2048,32,0,0,0,2048,0,0,0,0,0,0,0,0,0,2048,2048,1,1,1,1,0.0
11,4,204,5,population_count,2048,32,0,0,0,2048,0,0,0,0,0,0,0,0,0,2048,2048,1,1,1,1,0.0
11,4,204,6,identity,2048,64,0,0,0,2048,0,0,0,0,0,0,0,0,0,2048,2048,1,1,1,1,0.0
11,4,204,6,population_count,2048,64,0,0,0,2048,0,0,0,0,0,0,0,0,0,2048,2048,1,1,1,1,0.0
11,4,250,0,identity,2048,1,1397,2816,1397,651,0,1397,0,0,1397,1397,0,0,1397,2048,2048,1,1,1,1,0.68212890625
11,4,250,0,population_count,2048,1,1397,2816,1397,651,0,1397,0,0,1397,1397,0,0,1397,2048,2048,1,1,1,1,0.68212890625
11,4,250,1,identity,2048,2,1397,2816,1397,651,429,968,0,0,1397,1397,0,0,2684,3610,3181,1,2,1,2,0.6642252604166667
11,4,250,1,population_count,2048,2,1397,2816,1397,651,429,968,0,0,1397,1397,0,0,2684,3610,3181,1,2,1,2,0.5711263020833334
11,4,250,2,identity,2048,4,1397,2816,1397,651,704,693,0,11,1386,1397,0,0,5313,5634,4402,1,4,1,4,0.6340576171875001
11,4,250,2,population_count,2048,4,1397,2816,1397,651,539,858,0,11,1386,1397,0,0,5247,5326,4347,1,4,1,4,0.4981689453125
11,4,250,3,identity,2048,8,1397,2816,1397,651,715,682,0,44,1353,1397,0,0,10450,7955,5711,1,7,1,7,0.610716804625496
11,4,250,3,population_count,2048,8,1397,2816,1397,651,671,726,0,44,1353,1397,0,0,10384,7361,5557,1,6,1,6,0.444521949404762
11,4,250,4,identity,2048,16,1397,2816,1397,651,880,517,0,44,1353,1397,0,0,20383,10408,7141,1,11,1,11,0.5866770612742293
11,4,250,4,population_count,2048,16,1397,2816,1397,651,880,517,0,264,1133,1397,0,0,20317,9770,6833,1,8,1,8,0.387603275359623
11,4,250,5,identity,2048,32,1397,2816,1397,651,880,517,33,187,1177,1397,0,0,39765,12619,8615,1,13,1,16,0.5654786423158005
11,4,250,5,population_count,2048,32,1397,2816,1364,684,847,517,0,374,990,1397,33,33,39699,11915,8296,1,10,1,10,0.35922793433779765
11,4,250,6,identity,2048,64,1397,2816,1386,662,1078,308,33,220,1133,1397,11,11,77737,14808,10056,1,18,1,18,0.5496238922752594
11,4,250,6,population_count,2048,64,1397,2816,1353,695,1045,308,0,517,836,1397,44,44,77671,14104,9726,1,12,1,12,0.3259847005208333
11,30,51,0,identity,2048,1,2048,11264,2048,0,0,2048,0,0,2048,2048,0,0,2048,2048,2048,1,1,1,1,1.0
11,30,51,0,population_count,2048,1,2048,11264,2048,0,0,2048,0,0,2048,2048,0,0,2048,2048,2048,1,1,1,1,1.0
11,30,51,1,identity,2048,2,2048,11264,2048,0,2,2046,2,0,2046,2048,0,0,4094,4094,4096,1,2,2,2,0.99951171875
11,30,51,1,population_count,2048,2,2048,11264,1883,165,750,1133,145,66,1672,2048,165,165,3808,3467,3535,1,2,1,2,0.7748209635416666
11,30,51,2,identity,2048,4,2048,11264,2046,2,0,2046,0,0,2046,2048,2,2,8186,8188,8188,2,4,2,4,0.9852120535714286
11,30,51,2,population_count,2048,4,2048,11264,1925,123,1331,594,319,319,1287,2048,123,123,7317,5735,5636,2,4,2,4,0.5558186848958333
11,30,51,3,identity,2048,8,2048,11264,2046,2,374,1672,0,0,2046,2048,2,2,16370,14139,14139,2,7,2,7,0.9797050280448718
11,30,51,3,population_count,2048,8,2048,11264,1771,277,1221,550,319,264,1188,2048,277,277,14137,7440,7319,2,6,2,6,0.45564778645833337
11,30,51,4,identity,2048,16,2048,11264,2046,2,506,1540,0,0,2046,2048,2,2,32738,23995,24006,2,12,2,12,0.9718844631376101
11,30,51,4,population_count,2048,16,2048,11264,1881,167,1474,407,396,418,1067,2048,167,167,27821,8980,8980,2,7,2,7,0.3996669224330357
11,30,51,5,identity,2048,32,2048,11264,2046,2,1001,1045,0,0,2046,2048,2,2,65474,39296,39340,2,20,2,20,0.9670514619770876
11,30,51,5,population_count,2048,32,2048,11264,1859,189,1430,429,418,407,1034,2048,189,189,55024,10553,10542,2,8,2,8,0.3428164527529762
11,30,51,6,identity,2048,64,2048,11264,2046,2,1419,627,0,0,2046,2048,2,2,130946,63749,63815,2,33,2,33,0.9604801400718912
11,30,51,6,population_count,2048,64,2048,11264,1760,288,1298,462,506,462,792,2048,288,288,109232,12137,12148,2,8,2,8,0.2624482654389881
11,30,54,0,identity,2048,1,2046,8448,2046,2,0,2046,0,0,2046,2046,0,0,2046,2048,2048,1,1,1,1,0.9990234375
11,30,54,0,population_count,2048,1,2046,8448,1694,354,0,1694,0,0,1694,1694,0,352,1694,2048,2048,1,1,1,1,0.8271484375
11,30,54,1,identity,2048,2,2046,8448,2046,2,220,1826,0,0,2046,2046,0,0,4092,3874,4028,1,2,1,2,0.9972330729166666
11,30,54,1,population_count,2048,2,2046,8448,1694,354,869,825,176,66,1452,1705,11,352,3113,3456,3467,1,2,1,2,0.7430013020833333
11,30,54,2,identity,2048,4,2046,8448,2046,2,726,1320,0,0,2046,2046,0,0,8173,7394,7372,1,4,1,4,0.9948032924107143
11,30,54,2,population_count,2048,4,2046,8448,1782,266,1111,671,143,110,1529,1837,55,264,6490,4600,4743,1,4,1,4,0.7184733072916667
11,30,54,3,identity,2048,8,2046,8448,2046,2,1078,968,0,0,2046,2046,0,0,16346,13840,14335,1,8,1,8,0.9943150111607144
11,30,54,3,population_count,2048,8,2046,8448,1870,178,1496,374,330,220,1320,1925,55,176,12353,7306,7592,1,7,1,6,0.558830333891369
11,30,54,4,identity,2048,16,2046,8448,2046,2,1397,649,0,0,2046,2046,0,0,32659,26435,27513,1,16,1,16,0.9913438008414269
11,30,54,4,population_count,2048,16,2046,8448,1881,167,1606,275,363,286,1232,1936,55,165,25784,10342,10595,1,10,1,10,0.498432849702381
11,30,54,5,identity,2048,32,2046,8448,2046,2,1749,297,0,0,2046,2046,0,0,65296,50613,52219,1,32,1,32,0.9840679884606509
11,30,54,5,population_count,2048,32,2046,8448,1881,167,1639,242,506,462,913,1936,55,165,51315,13642,13565,1,11,1,10,0.37788783482142857
11,30,54,6,identity,2048,64,2046,8448,2046,2,1870,176,0,0,2046,2046,0,0,130471,96274,98793,1,64,1,64,0.9746662551344052
11,30,54,6,population_count,2048,64,2046,8448,1771,277,1584,187,539,550,682,1936,165,275,102817,16238,16524,1,12,1,12,0.2953506711929563
11,30,90,0,identity,2048,1,1958,8448,1958,90,0,1958,0,0,1958,1958,0,0,1958,2048,2048,1,1,1,1,0.9560546875
11,30,90,0,population_count,2048,1,1958,8448,1628,420,0,1628,0,0,1628,1628,0,330,1628,2048,2048,1,1,1,1,0.794921875
11,30,90,1,identity,2048,2,1958,8448,1958,90,0,1958,0,0,1958,1958,0,0,3905,4094,4094,1,2,1,2,0.9524739583333333
11,30,90,1,population_count,2048,2,1958,8448,1782,266,627,1155,121,176,1485,1804,22,176,2838,3709,3676,1,2,1,2,0.6883951822916667
11,30,90,2,identity,2048,4,1958,8448,1958,90,209,1749,0,0,1958,1958,0,0,7755,8043,8054,1,4,1,4,0.9478701636904762
11,30,90,2,population_count,2048,4,1958,8448,1903,145,1133,770,231,198,1474,1947,44,55,5709,5865,5986,1,4,1,4,0.5905773344494047
11,30,90,3,identity,2048,8,1958,8448,1958,90,561,1397,0,0,1958,1958,0,0,15466,15776,15842,1,8,1,8,0.9447714557577839
11,30,90,3,population_count,2048,8,1958,8448,1936,112,1419,517,319,275,1342,1958,22,22,11330,8516,8582,1,8,1,7,0.47557411799355165
11,30,90,4,identity,2048,16,1958,8448,1958,90,1210,748,0,0,1958,1958,0,0,30899,30769,30626,1,16,1,16,0.9400959046860919
11,30,90,4,population_count,2048,16,1958,8448,1826,222,1430,396,495,264,1067,1958,132,132,22638,11288,11662,1,10,1,10,0.3379782056051587
11,30,90,5,identity,2048,32,1958,8448,1958,90,1705,253,0,0,1958,1958,0,0,61743,59325,59336,1,32,1,32,0.934646955845214
11,30,90,5,population_count,2048,32,1958,8448,1837,211,1254,583,517,396,924,1958,121,121,45463,13741,13972,1,10,1,10,0.2520470997643849
11,30,90,6,identity,2048,64,1958,8448,1958,90,1870,88,0,0,1958,1958,0,0,123453,113885,113896,1,64,1,64,0.9250997391447827
11,30,90,6,population_count,2048,64,1958,8448,1749,299,1452,297,583,594,572,1958,209,209,91674,15776,15820,1,10,1,10,0.19004933190724208
11,30,110,0,identity,2048,1,2013,12672,2013,35,0,2013,0,0,2013,2013,0,0,2013,2048,2048,1,1,1,1,0.98291015625
11,30,110,0,population_count,2048,1,2013,12672,1870,178,0,1870,0,0,1870,1870,0,143,1870,2048,2048,1,1,1,1,0.9130859375
11,30,110,1,identity,2048,2,2013,12672,2013,35,44,1969,0,0,2013,2013,0,0,3971,4072,4072,1,2,1,2,0.9739583333333334
11,30,110,1,population_count,2048,2,2013,12672,1914,134,759,1155,77,66,1771,1947,33,99,3509,3555,3632,1,2,1,2,0.8119303385416666
11,30,110,2,identity,2048,4,2013,12672,2013,35,253,1760,0,0,2013,2013,0,0,7898,8109,7922,1,4,1,4,0.9682547433035715
11,30,110,2,population_count,2048,4,2013,12672,1958,90,1331,627,99,132,1727,2002,44,55,6424,5986,5986,1,4,1,4,0.6978457496279762
11,30,110,3,identity,2048,8,2013,12672,2013,35,528,1485,0,0,2013,2013,0,0,15774,15963,15732,1,8,1,8,0.9672719207875459
11,30,110,3,population_count,2048,8,2013,12672,1991,57,1397,594,165,231,1595,2013,22,22,12870,9671,9462,1,7,1,7,0.49725884331597225
11,30,110,4,identity,2048,16,2013,12672,2013,35,957,1056,0,0,2013,2013,0,0,31526,31583,30604,1,16,1,16,0.9649756399896587
11,30,110,4,population_count,2048,16,2013,12672,1947,101,1529,418,253,330,1364,2013,66,66,25036,12828,12938,1,9,1,9,0.38344280908978173
11,30,110,5,identity,2048,32,2013,12672,2013,35,1551,462,0,0,2013,2013,0,0,63030,61668,60040,1,32,1,32,0.9601168529231109
11,30,110,5,population_count,2048,32,2013,12672,1914,134,1584,330,396,484,1034,2013,99,99,50358,16073,15886,1,10,1,10,0.26387203156001987
11,30,110,6,identity,2048,64,2013,12672,2013,35,1859,154,11,0,2002,2013,0,0,125983,120221,116239,1,64,1,64,0.9486418111261719
11,30,110,6,population_count,2048,64,2013,12672,1782,266,1408,374,330,594,858,2013,231,231,101464,18625,18097,1,12,1,11,0.21313573443700395
11,30,150,0,identity,2048,1,2046,11264,2046,2,0,2046,0,0,2046,2046,0,0,2046,2048,2048,1,1,1,1,0.9990234375
11,30,150,0,population_count,2048,1,2046,11264,1639,409,0,1639,0,0,1639,1639,0,407,1639,2048,2048,1,1,1,1,0.80029296875
11,30,150,1,identity,2048,2,2046,11264,2046,2,352,1694,0,0,2046,2046,0,0,4092,3918,3896,1,2,1,2,0.9990234375
11,30,150,1,population_count,2048,2,2046,11264,1991,57,946,1045,143,176,1672,2024,33,55,3454,3533,3467,1,2,1,2,0.8101399739583333
11,30,150,2,identity,2048,4,2046,11264,2046,2,836,1210,0,0,2046,2046,0,0,8184,7416,7416,1,4,1,4,0.9952125186011904
11,30,150,2,population_count,2048,4,2046,11264,2013,35,1320,693,198,187,1628,2046,33,33,7007,5601,5634,1,4,1,4,0.7066952659970238
11,30,150,3,identity,2048,8,2046,11264,2046,2,1342,704,0,0,2046,2046,0,0,16368,14027,13983,1,8,1,8,0.995067390562996
11,30,150,3,population_count,2048,8,2046,11264,1958,90,1408,550,297,264,1397,2046,88,88,13981,8307,8274,1,7,1,7,0.5232596261160715
11,30,150,4,identity,2048,16,2046,11264,2046,2,1826,220,0,0,2046,2046,0,0,32703,26369,26369,1,16,1,16,0.9929085763934172
11,30,150,4,population_count,2048,16,2046,11264,1947,101,1551,396,396,440,1111,2046,99,99,27368,10815,10837,1,8,1,8,0.38899293929811507
11,30,150,5,identity,2048,32,2046,11264,2046,2,1947,99,0,0,2046,2046,0,0,65406,49546,49458,1,32,1,32,0.9893084488621653
11,30,150,5,population_count,2048,32,2046,11264,2013,35,1606,407,506,528,979,2046,33,33,54681,13279,13246,1,9,1,9,0.30955403645833335
11,30,150,6,identity,2048,64,2046,11264,2046,2,1969,77,0,0,2046,2046,0,0,130801,92534,92512,1,62,1,62,0.9830881499335171
11,30,150,6,population_count,2048,64,2046,11264,1848,200,1430,418,605,462,781,2046,198,198,110055,15270,15391,1,10,1,10,0.21786605592757938
11,30,170,0,identity,2048,1,0,0,0,2048,0,0,0,0,0,0,0,0,0,2048,2048,1,1,1,1,0.0
11,30,170,0,population_count,2048,1,0,0,0,2048,0,0,0,0,0,0,0,0,0,2048,2048,1,1,1,1,0.0
11,30,170,1,identity,2048,2,0,0,0,2048,0,0,0,0,0,0,0,0,0,4094,4094,1,2,1,2,0.0
11,30,170,1,population_count,2048,2,0,0,0,2048,0,0,0,0,0,0,0,0,0,3786,3786,1,2,1,2,0.0
11,30,170,2,identity,2048,4,0,0,0,2048,0,0,0,0,0,0,0,0,0,6140,6140,1,3,1,3,0.0
11,30,170,2,population_count,2048,4,0,0,0,2048,0,0,0,0,0,0,0,0,0,5161,5161,1,3,1,3,0.0
11,30,170,3,identity,2048,8,0,0,0,2048,0,0,0,0,0,0,0,0,0,8186,8186,1,4,1,4,0.0
11,30,170,3,population_count,2048,8,0,0,0,2048,0,0,0,0,0,0,0,0,0,6360,6360,1,4,1,4,0.0
11,30,170,4,identity,2048,16,0,0,0,2048,0,0,0,0,0,0,0,0,0,10232,10232,1,5,1,5,0.0
11,30,170,4,population_count,2048,16,0,0,0,2048,0,0,0,0,0,0,0,0,0,7306,7306,1,5,1,5,0.0
11,30,170,5,identity,2048,32,0,0,0,2048,0,0,0,0,0,0,0,0,0,12278,12278,1,6,1,6,0.0
11,30,170,5,population_count,2048,32,0,0,0,2048,0,0,0,0,0,0,0,0,0,8098,8098,1,6,1,6,0.0
11,30,170,6,identity,2048,64,0,0,0,2048,0,0,0,0,0,0,0,0,0,14324,14324,1,7,1,7,0.0
11,30,170,6,population_count,2048,64,0,0,0,2048,0,0,0,0,0,0,0,0,0,8813,8813,1,6,1,6,0.0
11,30,184,0,identity,2048,1,2046,9856,2046,2,0,2046,0,0,2046,2046,0,0,2046,2048,2048,1,1,1,1,0.9990234375
11,30,184,0,population_count,2048,1,2046,9856,1144,904,0,1144,0,0,1144,1144,0,902,1144,2048,2048,1,1,1,1,0.55859375
11,30,184,1,identity,2048,2,2046,9856,2046,2,0,2046,0,0,2046,2046,0,0,4070,4094,4094,1,2,1,2,0.9954427083333334
11,30,184,1,population_count,2048,2,2046,9856,1551,497,561,990,121,132,1298,1595,44,495,2541,3786,3753,1,2,1,2,0.6078287760416667
11,30,184,2,identity,2048,4,2046,9856,2046,2,0,2046,0,0,2046,2046,0,0,8118,8186,8186,1,4,1,4,0.9693545386904763
11,30,184,2,population_count,2048,4,2046,9856,1661,387,1078,583,121,253,1287,1782,121,385,5291,5964,5711,1,4,1,4,0.5220703124999999
11,30,184,3,identity,2048,8,2046,9856,2046,2,682,1364,0,0,2046,2046,0,0,16225,15666,16106,1,8,1,8,0.9459391276041667
11,30,184,3,population_count,2048,8,2046,9856,1661,387,1243,418,473,264,924,1782,121,385,10703,7801,8296,1,6,1,7,0.40052373976934524
11,30,184,4,identity,2048,16,2046,9856,2046,2,1287,759,0,0,2046,2046,0,0,32417,28932,30494,1,16,1,16,0.9252864517500925
11,30,184,4,population_count,2048,16,2046,9856,1639,409,1298,341,572,297,770,1782,143,407,21945,9682,10518,1,7,1,8,0.3188660636780754
11,30,184,5,identity,2048,32,2046,9856,2046,2,1628,418,0,0,2046,2046,0,0,64724,52164,56047,1,32,1,32,0.8973693052989925
11,30,184,5,population_count,2048,32,2046,9856,1628,420,1463,165,748,374,506,1782,154,418,44242,11255,12146,1,8,1,8,0.269795154389881
11,30,184,6,identity,2048,64,2046,9856,2046,2,1771,275,0,0,2046,2046,0,0,129316,90323,98474,1,61,1,62,0.8623008549544908
11,30,184,6,population_count,2048,64,2046,9856,1540,508,1485,55,869,418,253,1782,242,506,87956,12663,13532,1,9,1,9,0.22954818483382938
11,30,204,0,identity,2048,1,0,0,0,2048,0,0,0,0,0,0,0,0,0,2048,2048,1,1,1,1,0.0
11,30,204,0,population_count,2048,1,0,0,0,2048,0,0,0,0,0,0,0,0,0,2048,2048,1,1,1,1,0.0
11,30,204,1,identity,2048,2,0,0,0,2048,0,0,0,0,0,0,0,0,0,4094,4094,1,2,1,2,0.0
11,30,204,1,population_count,2048,2,0,0,0,2048,0,0,0,0,0,0,0,0,0,3786,3786,1,2,1,2,0.0
11,30,204,2,identity,2048,4,0,0,0,2048,0,0,0,0,0,0,0,0,0,6140,6140,1,3,1,3,0.0
11,30,204,2,population_count,2048,4,0,0,0,2048,0,0,0,0,0,0,0,0,0,5161,5161,1,3,1,3,0.0
11,30,204,3,identity,2048,8,0,0,0,2048,0,0,0,0,0,0,0,0,0,8186,8186,1,4,1,4,0.0
11,30,204,3,population_count,2048,8,0,0,0,2048,0,0,0,0,0,0,0,0,0,6360,6360,1,4,1,4,0.0
11,30,204,4,identity,2048,16,0,0,0,2048,0,0,0,0,0,0,0,0,0,10232,10232,1,5,1,5,0.0
11,30,204,4,population_count,2048,16,0,0,0,2048,0,0,0,0,0,0,0,0,0,7306,7306,1,5,1,5,0.0
11,30,204,5,identity,2048,32,0,0,0,2048,0,0,0,0,0,0,0,0,0,12278,12278,1,6,1,6,0.0
11,30,204,5,population_count,2048,32,0,0,0,2048,0,0,0,0,0,0,0,0,0,8098,8098,1,6,1,6,0.0
11,30,204,6,identity,2048,64,0,0,0,2048,0,0,0,0,0,0,0,0,0,14324,14324,1,7,1,7,0.0
11,30,204,6,population_count,2048,64,0,0,0,2048,0,0,0,0,0,0,0,0,0,8813,8813,1,6,1,6,0.0
11,30,250,0,identity,2048,1,2046,11264,2046,2,0,2046,0,0,2046,2046,0,0,2046,2048,2048,1,1,1,1,0.9990234375
11,30,250,0,population_count,2048,1,2046,11264,2046,2,0,2046,0,0,2046,2046,0,0,2046,2048,2048,1,1,1,1,0.9990234375
11,30,250,1,identity,2048,2,2046,11264,2046,2,198,1848,0,0,2046,2046,0,0,4070,4094,3896,1,2,1,2,0.9954427083333334
11,30,250,1,population_count,2048,2,2046,11264,2046,2,286,1760,0,0,2046,2046,0,0,3894,4094,3808,1,2,1,2,0.9381510416666666
11,30,250,2,identity,2048,4,2046,11264,2046,2,396,1650,0,44,2002,2046,0,0,8030,7790,7592,1,4,1,4,0.9794828869047619
11,30,250,2,population_count,2048,4,2046,11264,2046,2,1507,539,0,55,1991,2046,0,0,7590,7647,6294,1,4,1,4,0.8390415736607144
11,30,250,3,identity,2048,8,2046,11264,2046,2,1419,627,22,77,1947,2046,0,0,15741,13884,14225,1,8,1,8,0.9491710844494048
11,30,250,3,population_count,2048,8,2046,11264,2046,2,1639,407,22,132,1892,2046,0,0,14718,12058,11332,1,8,1,8,0.6780376131572421
11,30,250,4,identity,2048,16,2046,11264,2046,2,1793,253,99,165,1782,2046,0,0,30547,23476,26182,1,16,1,16,0.9289459595479657
11,30,250,4,population_count,2048,16,2046,11264,2046,2,1727,319,352,418,1276,2046,0,0,28336,16436,16436,1,12,1,12,0.4587859623015873
11,30,250,5,identity,2048,32,2046,11264,2046,2,1914,132,154,187,1705,2046,0,0,59323,39712,45311,1,29,1,29,0.9269108801350806
11,30,250,5,population_count,2048,32,2046,11264,1980,68,1683,297,792,451,737,2046,66,66,54967,19186,19879,1,12,1,12,0.32521158854166665
11,30,250,6,identity,2048,64,2046,11264,2046,2,1958,88,198,198,1650,2046,0,0,114147,66497,77123,1,52,1,53,0.9225042549039848
11,30,250,6,population_count,2048,64,2046,11264,1452,596,1419,33,1177,242,33,2046,594,594,106535,20957,22090,1,12,1,12,0.2275390625
11,51,54,0,identity,2048,1,2048,11264,2048,0,0,2048,0,0,2048,2048,0,0,2048,2048,2048,1,1,1,1,1.0
11,51,54,0,population_count,2048,1,2048,11264,2048,0,0,2048,0,0,2048,2048,0,0,2048,2048,2048,1,1,1,1,1.0
11,51,54,1,identity,2048,2,2048,11264,2048,0,563,1485,0,24,2024,2048,0,0,4039,3810,3731,1,2,1,2,0.9583333333333333
11,51,54,1,population_count,2048,2,2048,11264,2026,22,761,1265,55,79,1892,2048,22,22,3885,3590,3555,1,2,1,2,0.8759765625
11,51,54,2,identity,2048,4,2048,11264,2046,2,1012,1034,11,33,2002,2048,2,2,8021,7077,7154,2,4,2,4,0.8862944103422621
11,51,54,2,population_count,2048,4,2048,11264,2046,2,1364,682,99,165,1782,2048,2,2,7570,6153,6329,2,4,2,4,0.7354178292410715
11,51,54,3,identity,2048,8,2048,11264,2046,2,1628,418,33,44,1969,2048,2,2,15897,11422,10201,2,7,2,7,0.8203247815552503
11,51,54,3,population_count,2048,8,2048,11264,2013,35,1342,671,132,242,1639,2048,35,35,14555,8870,8023,2,7,2,7,0.6012875511532737
11,51,54,4,identity,2048,16,2048,11264,2046,2,1672,374,55,55,1936,2048,2,2,31528,16097,15569,2,12,2,12,0.7589097103039195
11,51,54,4,population_count,2048,16,2048,11264,2002,46,1606,396,308,418,1276,2048,46,46,28239,10993,10740,2,8,2,8,0.4539575970362103
11,51,54,5,identity,2048,32,2048,11264,2046,2,1892,154,88,88,1870,2048,2,2,62570,22213,20629,2,18,2,18,0.7069942186979572
11,51,54,5,population_count,2048,32,2048,11264,1782,266,1474,308,264,616,902,2048,266,266,54804,12962,12445,2,9,2,8,0.33954613095238095
11,51,54,6,identity,2048,64,2048,11264,2046,2,1892,154,99,187,1760,2048,2,2,124269,28109,26316,2,25,2,25,0.6588844720644058
11,51,54,6,population_count,2048,64,2048,11264,1573,475,1397,176,363,561,649,2048,475,475,107131,14315,14106,2,9,2,10,0.25919518849206347
11,51,90,0,identity,2048,1,2048,22528,2048,0,0,2048,0,0,2048,2048,0,0,2048,2048,2048,1,1,1,1,1.0
11,51,90,0,population_count,2048,1,2048,22528,2048,0,0,2048,0,0,2048,2048,0,0,2048,2048,2048,1,1,1,1,1.0
11,51,90,1,identity,2048,2,2048,22528,2048,0,2,2046,0,2,2046,2048,0,0,2048,4096,4094,2,2,1,2,0.66650390625
11,51,90,1,population_count,2048,2,2048,22528,2048,0,662,1386,0,662,1386,2048,0,0,2048,4096,3434,2,2,1,2,0.61279296875
11,51,90,2,identity,2048,4,2048,22528,2046,2,0,2046,0,0,2046,2048,2,2,2048,8188,8188,2,4,2,4,0.39960937500000004
11,51,90,2,population_count,2048,4,2048,22528,1386,662,418,968,418,0,968,2048,662,662,2048,6450,6868,2,4,2,4,0.260498046875
11,51,90,3,identity,2048,8,2048,22528,2046,2,0,2046,0,0,2046,2048,2,2,2048,12280,12280,2,6,2,6,0.2854352678571428
11,51,90,3,population_count,2048,8,2048,22528,968,1080,242,726,0,242,726,2048,1080,1080,2048,8804,8562,2,6,2,6,0.15936802455357146
11,51,90,4,identity,2048,16,2048,22528,2046,2,0,2046,0,0,2046,2048,2,2,2048,16372,16372,2,8,2,8,0.22200520833333343
11,51,90,4,population_count,2048,16,2048,22528,726,1322,176,550,176,0,550,2048,1322,1322,2048,10080,10256,2,7,2,7,0.10772879464285715
11,51,90,5,identity,2048,32,2048,22528,2046,2,0,2046,0,0,2046,2048,2,2,2048,20464,20464,2,10,2,10,0.1816406249999999
11,51,90,5,population_count,2048,32,2048,22528,550,1498,176,374,0,176,374,2048,1498,1498,2048,11356,11180,2,8,2,8,0.0737885974702381
11,51,90,6,identity,2048,64,2048,22528,2046,2,0,2046,0,0,2046,2048,2,2,2048,24556,24556,2,12,2,12,0.1536959134615384
11,51,90,6,population_count,2048,64,2048,22528,374,1674,88,286,88,0,286,2048,1674,1674,2048,12016,12104,2,8,2,8,0.05030498201884921
11,51,110,0,identity,2048,1,2048,16896,2048,0,0,2048,0,0,2048,2048,0,0,2048,2048,2048,1,1,1,1,1.0
11,51,110,0,population_count,2048,1,2048,16896,1718,330,0,1718,0,0,1718,1718,0,330,1718,2048,2048,1,1,1,1,0.8388671875
11,51,110,1,identity,2048,2,2048,16896,2048,0,24,2024,0,2,2046,2048,0,0,4094,4074,4094,1,2,1,2,0.9923502604166666
11,51,110,1,population_count,2048,2,2048,16896,1927,121,442,1485,132,112,1683,1993,66,121,3324,3854,3786,1,2,1,2,0.7596028645833333
11,51,110,2,identity,2048,4,2048,16896,2046,2,77,1969,0,0,2046,2048,2,2,8153,8122,8133,2,4,2,4,0.9864908854166667
11,51,110,2,population_count,2048,4,2048,16896,1969,79,1243,726,209,231,1529,2015,46,79,6404,6351,6032,1,4,1,4,0.6276123046875
11,51,110,3,identity,2048,8,2048,16896,2046,2,176,1870,0,0,2046,2048,2,2,16260,14128,14139,2,7,2,7,0.9784793169070514
11,51,110,3,population_count,2048,8,2048,16896,1903,145,1474,429,297,440,1166,2037,134,145,12322,8628,8188,2,6,2,6,0.435627673921131
11,51,110,4,identity,2048,16,2048,16896,2046,2,572,1474,0,0,2046,2048,2,2,32441,24017,23885,2,12,2,12,0.9659805887896764
11,51,110,4,population_count,2048,16,2048,16896,1782,266,1474,308,462,528,792,2048,266,266,24213,10234,9992,2,7,2,7,0.30456232948908735
11,51,110,5,identity,2048,32,2048,16896,2046,2,1309,737,0,0,2046,2048,2,2,64759,39252,38856,2,20,2,20,0.953614236985406
11,51,110,5,population_count,2048,32,2048,16896,1749,299,1408,341,385,583,781,2048,299,299,47643,11356,11147,2,8,2,8,0.276287357390873
11,51,110,6,identity,2048,64,2048,16896,2046,2,1672,374,11,0,2035,2048,2,2,129340,62924,62429,2,33,2,33,0.9418552192748744
11,51,110,6,population_count,2048,64,2048,16896,1793,255,1518,275,451,528,814,2048,255,255,94811,12401,12324,2,8,2,8,0.28590843563988094
11,51,150,0,identity,2048,1,0,0,0,2048,0,0,0,0,0,0,0,0,0,2048,2048,1,1,1,1,0.0
11,51,150,0,population_count,2048,1,0,0,0,2048,0,0,0,0,0,0,0,0,0,2048,2048,1,1,1,1,0.0
11,51,150,1,identity,2048,2,0,0,0,2048,0,0,0,0,0,0,0,0,0,4096,4096,2,2,2,2,0.0
11,51,150,1,population_count,2048,2,0,0,0,2048,0,0,0,0,0,0,0,0,0,4096,4096,2,2,2,2,0.0
11,51,150,2,identity,2048,4,0,0,0,2048,0,0,0,0,0,0,0,0,0,6142,6142,2,3,2,3,0.0
11,51,150,2,population_count,2048,4,0,0,0,2048,0,0,0,0,0,0,0,0,0,5460,5460,2,3,2,3,0.0
11,51,150,3,identity,2048,8,0,0,0,2048,0,0,0,0,0,0,0,0,0,8188,8188,2,4,2,4,0.0
11,51,150,3,population_count,2048,8,0,0,0,2048,0,0,0,0,0,0,0,0,0,6824,6824,2,4,2,4,0.0
11,51,150,4,identity,2048,16,0,0,0,2048,0,0,0,0,0,0,0,0,0,10234,10234,2,5,2,5,0.0
11,51,150,4,population_count,2048,16,0,0,0,2048,0,0,0,0,0,0,0,0,0,7748,7748,2,5,2,5,0.0
11,51,150,5,identity,2048,32,0,0,0,2048,0,0,0,0,0,0,0,0,0,12280,12280,2,6,2,6,0.0
11,51,150,5,population_count,2048,32,0,0,0,2048,0,0,0,0,0,0,0,0,0,8672,8672,2,6,2,6,0.0
11,51,150,6,identity,2048,64,0,0,0,2048,0,0,0,0,0,0,0,0,0,14326,14326,2,7,2,7,0.0
11,51,150,6,population_count,2048,64,0,0,0,2048,0,0,0,0,0,0,0,0,0,9354,9354,2,6,2,6,0.0
11,51,170,0,identity,2048,1,0,0,0,2048,0,0,0,0,0,0,0,0,0,2048,2048,1,1,1,1,0.0
11,51,170,0,population_count,2048,1,0,0,0,2048,0,0,0,0,0,0,0,0,0,2048,2048,1,1,1,1,0.0
11,51,170,1,identity,2048,2,0,0,0,2048,0,0,0,0,0,0,0,0,0,4096,4096,2,2,2,2,0.0
11,51,170,1,population_count,2048,2,0,0,0,2048,0,0,0,0,0,0,0,0,0,4096,4096,2,2,2,2,0.0
11,51,170,2,identity,2048,4,0,0,0,2048,0,0,0,0,0,0,0,0,0,6142,6142,2,3,2,3,0.0
11,51,170,2,population_count,2048,4,0,0,0,2048,0,0,0,0,0,0,0,0,0,4096,4096,2,2,2,2,0.0
11,51,170,3,identity,2048,8,0,0,0,2048,0,0,0,0,0,0,0,0,0,8188,8188,2,4,2,4,0.0
11,51,170,3,population_count,2048,8,0,0,0,2048,0,0,0,0,0,0,0,0,0,4096,4096,2,2,2,2,0.0
11,51,170,4,identity,2048,16,0,0,0,2048,0,0,0,0,0,0,0,0,0,10234,10234,2,5,2,5,0.0
11,51,170,4,population_count,2048,16,0,0,0,2048,0,0,0,0,0,0,0,0,0,4096,4096,2,2,2,2,0.0
11,51,170,5,identity,2048,32,0,0,0,2048,0,0,0,0,0,0,0,0,0,12280,12280,2,6,2,6,0.0
11,51,170,5,population_count,2048,32,0,0,0,2048,0,0,0,0,0,0,0,0,0,4096,4096,2,2,2,2,0.0
11,51,170,6,identity,2048,64,0,0,0,2048,0,0,0,0,0,0,0,0,0,14326,14326,2,7,2,7,0.0
11,51,170,6,population_count,2048,64,0,0,0,2048,0,0,0,0,0,0,0,0,0,4096,4096,2,2,2,2,0.0
11,51,184,0,identity,2048,1,2046,11264,2046,2,0,2046,0,0,2046,2046,0,0,2046,2048,2048,1,1,1,1,0.9990234375
11,51,184,0,population_count,2048,1,2046,11264,0,2048,0,0,0,0,0,0,0,2046,0,2048,2048,1,1,1,1,0.0
11,51,184,1,identity,2048,2,2046,11264,2046,2,0,2046,0,0,2046,2046,0,0,4092,4096,4096,2,2,2,2,0.9990234375
11,51,184,1,population_count,2048,2,2046,11264,0,2048,0,0,0,0,0,0,0,2046,0,4096,4096,2,2,2,2,0.0
11,51,184,2,identity,2048,4,2046,11264,2046,2,0,2046,0,0,2046,2046,0,0,8184,8188,8188,2,4,2,4,0.8951822916666667
11,51,184,2,population_count,2048,4,2046,11264,0,2048,0,0,0,0,0,0,0,2046,0,4096,4096,2,2,2,2,0.0
11,51,184,3,identity,2048,8,2046,11264,2046,2,704,1342,0,0,2046,2046,0,0,16368,12984,12280,2,7,2,6,0.8296657986111111
11,51,184,3,population_count,2048,8,2046,11264,0,2048,0,0,0,0,0,0,0,2046,0,4096,4096,2,2,2,2,0.0
11,51,184,4,identity,2048,16,2046,11264,2046,2,1012,1034,0,0,2046,2046,0,0,32670,18220,17868,2,11,2,10,0.7765697157228804
11,51,184,4,population_count,2048,16,2046,11264,0,2048,0,0,0,0,0,0,0,2046,0,4096,4096,2,2,2,2,0.0
11,51,184,5,identity,2048,32,2046,11264,2046,2,990,1056,0,0,2046,2046,0,0,65230,24512,24292,2,17,2,16,0.7081040268084013
11,51,184,5,population_count,2048,32,2046,11264,0,2048,0,0,0,0,0,0,0,2046,0,4096,4096,2,2,2,2,0.0
11,51,184,6,identity,2048,64,2046,11264,2046,2,880,1166,0,0,2046,2046,0,0,130042,30936,30936,2,22,2,22,0.6286277177322939
11,51,184,6,population_count,2048,64,2046,11264,0,2048,0,0,0,0,0,0,0,2046,0,4096,4096,2,2,2,2,0.0
11,51,204,0,identity,2048,1,0,0,0,2048,0,0,0,0,0,0,0,0,0,2048,2048,1,1,1,1,0.0
11,51,204,0,population_count,2048,1,0,0,0,2048,0,0,0,0,0,0,0,0,0,2048,2048,1,1,1,1,0.0
11,51,204,1,identity,2048,2,0,0,0,2048,0,0,0,0,0,0,0,0,0,4096,4096,2,2,2,2,0.0
11,51,204,1,population_count,2048,2,0,0,0,2048,0,0,0,0,0,0,0,0,0,4096,4096,2,2,2,2,0.0
11,51,204,2,identity,2048,4,0,0,0,2048,0,0,0,0,0,0,0,0,0,4096,4096,2,2,2,2,0.0
11,51,204,2,population_count,2048,4,0,0,0,2048,0,0,0,0,0,0,0,0,0,4096,4096,2,2,2,2,0.0
11,51,204,3,identity,2048,8,0,0,0,2048,0,0,0,0,0,0,0,0,0,4096,4096,2,2,2,2,0.0
11,51,204,3,population_count,2048,8,0,0,0,2048,0,0,0,0,0,0,0,0,0,4096,4096,2,2,2,2,0.0
11,51,204,4,identity,2048,16,0,0,0,2048,0,0,0,0,0,0,0,0,0,4096,4096,2,2,2,2,0.0
11,51,204,4,population_count,2048,16,0,0,0,2048,0,0,0,0,0,0,0,0,0,4096,4096,2,2,2,2,0.0
11,51,204,5,identity,2048,32,0,0,0,2048,0,0,0,0,0,0,0,0,0,4096,4096,2,2,2,2,0.0
11,51,204,5,population_count,2048,32,0,0,0,2048,0,0,0,0,0,0,0,0,0,4096,4096,2,2,2,2,0.0
11,51,204,6,identity,2048,64,0,0,0,2048,0,0,0,0,0,0,0,0,0,4096,4096,2,2,2,2,0.0
11,51,204,6,population_count,2048,64,0,0,0,2048,0,0,0,0,0,0,0,0,0,4096,4096,2,2,2,2,0.0
11,51,250,0,identity,2048,1,2046,11264,2046,2,0,2046,0,0,2046,2046,0,0,2046,2048,2048,1,1,1,1,0.9990234375
11,51,250,0,population_count,2048,1,2046,11264,2046,2,0,2046,0,0,2046,2046,0,0,2046,2048,2048,1,1,1,1,0.9990234375
11,51,250,1,identity,2048,2,2046,11264,2024,24,99,1925,0,0,2024,2046,22,22,4092,4063,4030,1,2,1,2,0.98291015625
11,51,250,1,population_count,2048,2,2046,11264,1936,112,121,1815,0,0,1936,2046,110,110,4092,4063,4008,1,2,1,2,0.8987630208333333
11,51,250,2,identity,2048,4,2046,11264,2024,24,638,1386,11,33,1980,2046,22,22,8118,7638,7539,2,4,2,4,0.8920363653273811
11,51,250,2,population_count,2048,4,2046,11264,1936,112,704,1232,11,33,1892,2046,110,110,8118,7594,7495,2,4,2,4,0.7806245349702381
11,51,250,3,identity,2048,8,2046,11264,2024,24,1573,451,110,88,1826,2046,22,22,16038,10938,10839,2,7,2,6,0.8000007750496032
11,51,250,3,population_count,2048,8,2046,11264,1936,112,1540,396,165,165,1606,2046,110,110,16038,10784,10575,2,7,2,6,0.6194023980034723
11,51,250,4,identity,2048,16,2046,11264,2024,24,1804,220,209,220,1595,2046,22,22,31570,13501,13875,2,10,2,10,0.7303675911219857
11,51,250,4,population_count,2048,16,2046,11264,1914,134,1705,209,374,363,1177,2046,132,132,31570,12951,13171,2,10,2,9,0.48032865978422623
11,51,250,5,identity,2048,32,2046,11264,1969,79,1573,396,297,242,1430,2046,77,77,62073,15569,15723,2,13,2,13,0.6886604824722358
11,51,250,5,population_count,2048,32,2046,11264,1749,299,1529,220,528,429,792,2046,297,297,62073,14568,14601,2,11,2,12,0.3954508463541667
11,51,250,6,identity,2048,64,2046,11264,1925,123,1595,330,363,297,1265,2046,121,121,121946,16768,16933,2,14,2,14,0.6641569751134471
11,51,250,6,population_count,2048,64,2046,11264,1562,486,1408,154,605,539,418,2046,484,484,121946,15151,15272,2,12,2,12,0.35586247519841274
11,54,90,0,identity,2048,1,2046,11264,2046,2,0,2046,0,0,2046,2046,0,0,2046,2048,2048,1,1,1,1,0.9990234375
11,54,90,0,population_count,2048,1,2046,11264,1738,310,0,1738,0,0,1738,1738,0,308,1738,2048,2048,1,1,1,1,0.8486328125
11,54,90,1,identity,2048,2,2046,11264,2046,2,44,2002,0,0,2046,2046,0,0,4037,4072,4072,1,2,1,2,0.9847005208333334
11,54,90,1,population_count,2048,2,2046,11264,1705,343,341,1364,44,22,1639,1727,22,341,2915,3929,3918,1,2,1,2,0.7071940104166667
11,54,90,2,identity,2048,4,2046,11264,2046,2,176,1870,11,0,2035,2046,0,0,7997,8065,8032,1,4,1,4,0.9689453125
11,54,90,2,population_count,2048,4,2046,11264,1958,90,1056,902,143,143,1672,1980,22,88,5874,5964,6470,1,4,1,4,0.6315511067708333
11,54,90,3,identity,2048,8,2046,11264,2046,2,902,1144,11,0,2035,2046,0,0,15961,15556,15468,1,8,1,8,0.9540823949271215
11,54,90,3,population_count,2048,8,2046,11264,1991,57,1474,517,88,275,1628,2024,33,55,11979,9440,8890,1,7,1,6,0.5317809089781746
11,54,90,4,identity,2048,16,2046,11264,2046,2,1452,594,11,0,2035,2046,0,0,31823,29328,28932,1,16,1,16,0.9212617622086383
11,54,90,4,population_count,2048,16,2046,11264,2013,35,1474,539,352,176,1485,2024,11,33,24629,12553,13202,1,9,1,9,0.4315761021205357
11,54,90,5,identity,2048,32,2046,11264,2046,2,1859,187,22,11,2013,2046,0,0,63371,52692,51548,1,32,1,32,0.8680090562561169
11,54,90,5,population_count,2048,32,2046,11264,1925,123,1496,429,363,220,1342,2024,99,121,49577,16579,17030,1,11,1,11,0.30944301060267854
11,54,90,6,identity,2048,64,2046,11264,2046,2,1881,165,22,11,2013,2046,0,0,126368,88310,87100,1,63,1,64,0.7922885249129925
11,54,90,6,population_count,2048,64,2046,11264,1848,200,1386,462,308,407,1133,2024,176,198,99286,20033,19626,1,12,1,12,0.2275783962673611
11,54,110,0,identity,2048,1,2046,9152,2046,2,0,2046,0,0,2046,2046,0,0,2046,2048,2048,1,1,1,1,0.9990234375
11,54,110,0,population_count,2048,1,2046,9152,1738,310,0,1738,0,0,1738,1738,0,308,1738,2048,2048,1,1,1,1,0.8486328125
11,54,110,1,identity,2048,2,2046,9152,2046,2,44,2002,0,0,2046,2046,0,0,4092,4072,4072,1,2,1,2,0.9972330729166667
11,54,110,1,population_count,2048,2,2046,9152,1881,167,836,1045,11,88,1782,1925,44,165,3575,3797,3423,1,2,1,2,0.8065592447916667
11,54,110,2,identity,2048,4,2046,9152,2046,2,110,1936,0,11,2035,2046,0,0,8107,8065,8098,1,4,1,4,0.9916062127976191
11,54,110,2,population_count,2048,4,2046,9152,1991,57,1243,748,66,121,1804,1991,0,55,6567,6712,6283,1,4,1,4,0.6912981305803572
11,54,110,3,identity,2048,8,2046,9152,2046,2,352,1694,0,11,2035,2046,0,0,16148,15853,16062,1,8,1,8,0.9874726347870879
11,54,110,3,population_count,2048,8,2046,9152,1991,57,1474,517,77,99,1815,2013,22,55,13013,10089,10320,1,7,1,7,0.558696056547619
11,54,110,4,identity,2048,16,2046,9152,2046,2,1023,1023,11,11,2024,2046,0,0,32208,31011,31209,1,16,1,16,0.9823343841451362
11,54,110,4,population_count,2048,16,2046,9152,1936,112,1496,440,407,341,1188,2024,88,110,24134,13961,13796,1,9,1,9,0.3515656001984127
11,54,110,5,identity,2048,32,2046,9152,2046,2,1507,539,11,11,2024,2046,0,0,64185,60414,60689,1,32,1,32,0.9712703916673304
11,54,110,5,population_count,2048,32,2046,9152,1584,464,1210,374,374,286,924,2024,440,462,49203,16546,16810,1,11,1,11,0.23861490885416667
11,54,110,6,identity,2048,64,2046,9152,2046,2,1859,187,11,22,2013,2046,0,0,127798,116503,116437,1,64,1,64,0.952277526902666
11,54,110,6,population_count,2048,64,2046,9152,1672,376,1562,110,715,561,396,2024,352,374,96800,18361,19043,1,12,1,12,0.18501693483382936
11,54,150,0,identity,2048,1,1958,8448,1958,90,0,1958,0,0,1958,1958,0,0,1958,2048,2048,1,1,1,1,0.9560546875
11,54,150,0,population_count,2048,1,1958,8448,1628,420,0,1628,0,0,1628,1628,0,330,1628,2048,2048,1,1,1,1,0.794921875
11,54,150,1,identity,2048,2,1958,8448,1958,90,352,1606,0,44,1914,1958,0,0,3828,4061,3731,1,2,1,2,0.9363606770833334
11,54,150,1,population_count,2048,2,1958,8448,1859,189,704,1155,110,88,1661,1881,22,99,3377,3577,3555,1,2,1,2,0.78955078125
11,54,150,2,identity,2048,4,1958,8448,1958,90,1386,572,0,44,1914,1958,0,0,7612,7064,6195,1,4,1,4,0.9254394531250001
11,54,150,2,population_count,2048,4,1958,8448,1870,178,1221,649,22,253,1595,1936,66,88,6380,6173,5183,1,4,1,4,0.6788934616815476
11,54,150,3,identity,2048,8,1958,8448,1958,90,1760,198,0,44,1914,1958,0,0,15180,11849,10474,1,8,1,8,0.9201795193738553
11,54,150,3,population_count,2048,8,1958,8448,1892,156,1430,462,66,209,1617,1936,44,66,13013,8692,7779,1,7,1,8,0.5868836418030754
11,54,150,4,identity,2048,16,1958,8448,1958,90,1738,220,0,44,1914,1958,0,0,30283,19967,17712,1,15,1,16,0.9138290692044713
11,54,150,4,population_count,2048,16,1958,8448,1936,112,1474,462,121,396,1419,1936,0,22,26026,11871,10408,1,11,1,8,0.522294689360119
11,54,150,5,identity,2048,32,1958,8448,1958,90,1881,77,0,44,1914,1958,0,0,60478,32386,29911,1,27,1,30,0.9043779288446833
11,54,150,5,population_count,2048,32,1958,8448,1914,134,1683,231,385,495,1034,1936,22,44,52140,14654,13785,1,10,1,11,0.376976570250496
11,54,150,6,identity,2048,64,1958,8448,1958,90,1837,121,11,44,1903,1958,0,0,120780,53330,49106,1,50,1,52,0.888313042587387
11,54,150,6,population_count,2048,64,1958,8448,1826,222,1628,198,275,704,847,1936,110,132,104962,17382,16326,1,12,1,11,0.28749224950396823
11,54,170,0,identity,2048,1,0,0,0,2048,0,0,0,0,0,0,0,0,0,2048,2048,1,1,1,1,0.0
11,54,170,0,population_count,2048,1,0,0,0,2048,0,0,0,0,0,0,0,0,0,2048,2048,1,1,1,1,0.0
11,54,170,1,identity,2048,2,0,0,0,2048,0,0,0,0,0,0,0,0,0,4094,4094,1,2,1,2,0.0
11,54,170,1,population_count,2048,2,0,0,0,2048,0,0,0,0,0,0,0,0,0,3885,3885,1,2,1,2,0.0
11,54,170,2,identity,2048,4,0,0,0,2048,0,0,0,0,0,0,0,0,0,6118,6118,1,3,1,3,0.0
11,54,170,2,population_count,2048,4,0,0,0,2048,0,0,0,0,0,0,0,0,0,5326,5326,1,3,1,3,0.0
11,54,170,3,identity,2048,8,0,0,0,2048,0,0,0,0,0,0,0,0,0,8120,8120,1,4,1,4,0.0
11,54,170,3,population_count,2048,8,0,0,0,2048,0,0,0,0,0,0,0,0,0,6558,6558,1,4,1,4,0.0
11,54,170,4,identity,2048,16,0,0,0,2048,0,0,0,0,0,0,0,0,0,10111,10111,1,5,1,5,0.0
11,54,170,4,population_count,2048,16,0,0,0,2048,0,0,0,0,0,0,0,0,0,7636,7636,1,5,1,5,0.0
11,54,170,5,identity,2048,32,0,0,0,2048,0,0,0,0,0,0,0,0,0,12058,12058,1,6,1,6,0.0
11,54,170,5,population_count,2048,32,0,0,0,2048,0,0,0,0,0,0,0,0,0,8373,8373,1,6,1,6,0.0
11,54,170,6,identity,2048,64,0,0,0,2048,0,0,0,0,0,0,0,0,0,14005,14005,1,7,1,7,0.0
11,54,170,6,population_count,2048,64,0,0,0,2048,0,0,0,0,0,0,0,0,0,9187,9187,1,7,1,7,0.0
11,54,184,0,identity,2048,1,2024,8448,2024,24,0,2024,0,0,2024,2024,0,0,2024,2048,2048,1,1,1,1,0.98828125
11,54,184,0,population_count,2048,1,2024,8448,1232,816,0,1232,0,0,1232,1232,0,792,1232,2048,2048,1,1,1,1,0.6015625
11,54,184,1,identity,2048,2,2024,8448,2024,24,0,2024,0,0,2024,2024,0,0,3993,4094,4094,1,2,1,2,0.9793294270833333
11,54,184,1,population_count,2048,2,2024,8448,1826,222,176,1650,33,33,1760,1859,33,198,3091,3984,4006,1,2,1,2,0.751953125
11,54,184,2,identity,2048,4,2024,8448,2024,24,143,1881,0,0,2024,2024,0,0,7887,8087,7966,1,4,1,4,0.9632161458333335
11,54,184,2,population_count,2048,4,2024,8448,1727,321,1045,682,187,77,1463,1870,143,297,6138,6448,6811,1,4,1,4,0.5907691592261906
11,54,184,3,identity,2048,8,2024,8448,2024,24,506,1518,0,0,2024,2024,0,0,15664,15523,15644,1,8,1,8,0.9496033832703755
11,54,184,3,population_count,2048,8,2024,8448,1837,211,1298,539,165,242,1430,1870,33,187,12056,9627,9385,1,7,1,7,0.5142140221974206
11,54,184,4,identity,2048,16,2024,8448,2024,24,1199,825,0,0,2024,2024,0,0,31207,29361,30076,1,16,1,16,0.9344064836442347
11,54,184,4,population_count,2048,16,2024,8448,1815,233,1364,451,176,341,1298,1870,55,209,23650,12806,12465,1,9,1,9,0.4183551122271826
11,54,184,5,identity,2048,32,2024,8448,2024,24,1683,341,0,0,2024,2024,0,0,62271,54122,56652,1,32,1,32,0.9150784391064362
11,54,184,5,population_count,2048,32,2024,8448,1727,321,1518,209,319,440,968,1870,143,297,46640,15523,15578,1,12,1,11,0.32445320250496035
11,54,184,6,identity,2048,64,2024,8448,2024,24,1804,220,0,0,2024,2024,0,0,124168,98441,104700,1,60,1,62,0.8901526163269626
11,54,184,6,population_count,2048,64,2024,8448,1672,376,1397,275,484,484,704,1870,198,352,93126,17943,18185,1,12,1,12,0.24835069444444444
11,54,204,0,identity,2048,1,0,0,0,2048,0,0,0,0,0,0,0,0,0,2048,2048,1,1,1,1,0.0
11,54,204,0,population_count,2048,1,0,0,0,2048,0,0,0,0,0,0,0,0,0,2048,2048,1,1,1,1,0.0
11,54,204,1,identity,2048,2,0,0,0,2048,0,0,0,0,0,0,0,0,0,4094,4094,1,2,1,2,0.0
11,54,204,1,population_count,2048,2,0,0,0,2048,0,0,0,0,0,0,0,0,0,3885,3885,1,2,1,2,0.0
11,54,204,2,identity,2048,4,0,0,0,2048,0,0,0,0,0,0,0,0,0,6118,6118,1,3,1,3,0.0
11,54,204,2,population_count,2048,4,0,0,0,2048,0,0,0,0,0,0,0,0,0,5326,5326,1,3,1,3,0.0
11,54,204,3,identity,2048,8,0,0,0,2048,0,0,0,0,0,0,0,0,0,8120,8120,1,4,1,4,0.0
11,54,204,3,population_count,2048,8,0,0,0,2048,0,0,0,0,0,0,0,0,0,6558,6558,1,4,1,4,0.0
11,54,204,4,identity,2048,16,0,0,0,2048,0,0,0,0,0,0,0,0,0,10001,10001,1,5,1,5,0.0
11,54,204,4,population_count,2048,16,0,0,0,2048,0,0,0,0,0,0,0,0,0,7636,7636,1,5,1,5,0.0
11,54,204,5,identity,2048,32,0,0,0,2048,0,0,0,0,0,0,0,0,0,11772,11772,1,6,1,6,0.0
11,54,204,5,population_count,2048,32,0,0,0,2048,0,0,0,0,0,0,0,0,0,8373,8373,1,6,1,6,0.0
11,54,204,6,identity,2048,64,0,0,0,2048,0,0,0,0,0,0,0,0,0,13488,13488,1,7,1,7,0.0
11,54,204,6,population_count,2048,64,0,0,0,2048,0,0,0,0,0,0,0,0,0,9187,9187,1,7,1,7,0.0
11,54,250,0,identity,2048,1,1958,9856,1958,90,0,1958,0,0,1958,1958,0,0,1958,2048,2048,1,1,1,1,0.9560546875
11,54,250,0,population_count,2048,1,1958,9856,1958,90,0,1958,0,0,1958,1958,0,0,1958,2048,2048,1,1,1,1,0.9560546875
11,54,250,1,identity,2048,2,1958,9856,1958,90,198,1760,0,0,1958,1958,0,0,3751,4094,3896,1,2,1,2,0.92919921875
11,54,250,1,population_count,2048,2,1958,9856,1958,90,209,1749,11,0,1947,1958,0,0,3619,4061,3896,1,2,1,2,0.8763834635416667
11,54,250,2,identity,2048,4,1958,9856,1958,90,990,968,55,22,1881,1958,0,0,7260,7559,6921,1,4,1,4,0.8989164806547619
11,54,250,2,population_count,2048,4,1958,9856,1958,90,1100,858,55,33,1870,1958,0,0,6787,7537,6800,1,4,1,4,0.7725678943452382
11,54,250,3,identity,2048,8,1958,9856,1958,90,1727,231,143,110,1705,1958,0,0,13970,12531,11167,1,8,1,8,0.8574679904513889
11,54,250,3,population_count,2048,8,1958,9856,1958,90,1595,363,143,165,1650,1958,0,0,12804,11310,9770,1,8,1,8,0.64884033203125
11,54,250,4,identity,2048,16,1958,9856,1958,90,1848,110,231,176,1551,1958,0,0,26829,18548,17404,1,16,1,16,0.8192526215690958
11,54,250,4,population_count,2048,16,1958,9856,1925,123,1606,319,341,352,1232,1958,33,33,24728,14236,13521,1,11,1,11,0.5220443483382937
11,54,250,5,identity,2048,32,1958,9856,1958,90,1848,110,286,242,1430,1958,0,0,51700,24785,25060,1,28,1,28,0.7934495115045752
11,54,250,5,population_count,2048,32,1958,9856,1914,134,1826,88,627,451,836,1958,44,44,48081,16458,16194,1,12,1,12,0.44057675316220235
11,54,250,6,identity,2048,64,1958,9856,1958,90,1804,154,330,297,1331,1958,0,0,97537,31440,32947,1,40,1,42,0.7661036591120906
11,54,250,6,population_count,2048,64,1958,9856,1771,277,1716,55,693,506,572,1958,187,187,90332,17382,18141,1,12,1,12,0.3587404281374008
11,90,110,0,identity,2048,1,1958,7040,1958,90,0,1958,0,0,1958,1958,0,0,1958,2048,2048,1,1,1,1,0.9560546875
11,90,110,0,population_count,2048,1,1958,7040,1650,398,0,1650,0,0,1650,1650,0,308,1650,2048,2048,1,1,1,1,0.8056640625
11,90,110,1,identity,2048,2,1958,7040,1958,90,44,1914,0,0,1958,1958,0,0,3916,4072,4072,1,2,1,2,0.9560546875
11,90,110,1,population_count,2048,2,1958,7040,1793,255,825,968,165,187,1441,1837,44,165,2915,3478,3665,1,2,1,2,0.7018229166666667
11,90,110,2,identity,2048,4,1958,7040,1958,90,242,1716,0,0,1958,1958,0,0,7832,8120,7911,1,4,1,4,0.9537527901785714
11,90,110,2,population_count,2048,4,1958,7040,1903,145,1232,671,88,187,1628,1925,22,55,5973,6052,5887,1,4,1,4,0.6464494977678572
11,90,110,3,identity,2048,8,1958,7040,1958,90,517,1441,0,0,1958,1958,0,0,15653,15886,15523,1,8,1,8,0.9504199576465201
11,90,110,3,population_count,2048,8,1958,7040,1903,145,1320,583,121,77,1705,1925,22,55,11913,8824,8967,1,6,1,7,0.5387356228298612
11,90,110,4,identity,2048,16,1958,7040,1958,90,1034,924,0,0,1958,1958,0,0,31284,30956,30318,1,16,1,16,0.9451110257650213
11,90,110,4,population_count,2048,16,1958,7040,1892,156,1386,506,187,198,1507,1925,33,66,23408,12080,11926,1,9,1,9,0.41344633556547616
11,90,110,5,identity,2048,32,1958,7040,1958,90,1540,418,0,0,1958,1958,0,0,62513,60304,58610,1,32,1,32,0.936767623768572
11,90,110,5,population_count,2048,32,1958,7040,1815,233,1419,396,385,451,979,1925,110,143,46420,15446,15314,1,9,1,9,0.25932578435019843
11,90,110,6,identity,2048,64,1958,7040,1958,90,1793,165,0,0,1958,1958,0,0,124949,116272,112972,1,64,1,64,0.9222311142760382
11,90,110,6,population_count,2048,64,1958,7040,1243,805,1111,132,385,528,330,1925,682,715,93544,17954,17690,1,10,1,10,0.11961127387152778
11,90,150,0,identity,2048,1,0,0,0,2048,0,0,0,0,0,0,0,0,0,2048,2048,1,1,1,1,0.0
11,90,150,0,population_count,2048,1,0,0,0,2048,0,0,0,0,0,0,0,0,0,2048,2048,1,1,1,1,0.0
11,90,150,1,identity,2048,2,0,0,0,2048,0,0,0,0,0,0,0,0,0,4094,4094,1,2,1,2,0.0
11,90,150,1,population_count,2048,2,0,0,0,2048,0,0,0,0,0,0,0,0,0,3412,3412,1,2,1,2,0.0
11,90,150,2,identity,2048,4,0,0,0,2048,0,0,0,0,0,0,0,0,0,6140,6140,1,3,1,3,0.0
11,90,150,2,population_count,2048,4,0,0,0,2048,0,0,0,0,0,0,0,0,0,4314,4314,1,3,1,3,0.0
11,90,150,3,identity,2048,8,0,0,0,2048,0,0,0,0,0,0,0,0,0,8186,8186,1,4,1,4,0.0
11,90,150,3,population_count,2048,8,0,0,0,2048,0,0,0,0,0,0,0,0,0,4952,4952,1,4,1,4,0.0
11,90,150,4,identity,2048,16,0,0,0,2048,0,0,0,0,0,0,0,0,0,10232,10232,1,5,1,5,0.0
11,90,150,4,population_count,2048,16,0,0,0,2048,0,0,0,0,0,0,0,0,0,5414,5414,1,4,1,4,0.0
11,90,150,5,identity,2048,32,0,0,0,2048,0,0,0,0,0,0,0,0,0,12278,12278,1,6,1,6,0.0
11,90,150,5,population_count,2048,32,0,0,0,2048,0,0,0,0,0,0,0,0,0,5788,5788,1,4,1,4,0.0
11,90,150,6,identity,2048,64,0,0,0,2048,0,0,0,0,0,0,0,0,0,14324,14324,1,7,1,7,0.0
11,90,150,6,population_count,2048,64,0,0,0,2048,0,0,0,0,0,0,0,0,0,6030,6030,1,4,1,4,0.0
11,90,170,0,identity,2048,1,0,0,0,2048,0,0,0,0,0,0,0,0,0,2048,2048,1,1,1,1,0.0
11,90,170,0,population_count,2048,1,0,0,0,2048,0,0,0,0,0,0,0,0,0,2048,2048,1,1,1,1,0.0
11,90,170,1,identity,2048,2,0,0,0,2048,0,0,0,0,0,0,0,0,0,4094,4094,1,2,1,2,0.0
11,90,170,1,population_count,2048,2,0,0,0,2048,0,0,0,0,0,0,0,0,0,3434,3434,1,2,1,2,0.0
11,90,170,2,identity,2048,4,0,0,0,2048,0,0,0,0,0,0,0,0,0,6140,6140,1,3,1,3,0.0
11,90,170,2,population_count,2048,4,0,0,0,2048,0,0,0,0,0,0,0,0,0,4402,4402,1,3,1,3,0.0
11,90,170,3,identity,2048,8,0,0,0,2048,0,0,0,0,0,0,0,0,0,8186,8186,1,4,1,4,0.0
11,90,170,3,population_count,2048,8,0,0,0,2048,0,0,0,0,0,0,0,0,0,5128,5128,1,4,1,4,0.0
11,90,170,4,identity,2048,16,0,0,0,2048,0,0,0,0,0,0,0,0,0,10232,10232,1,5,1,5,0.0
11,90,170,4,population_count,2048,16,0,0,0,2048,0,0,0,0,0,0,0,0,0,5678,5678,1,4,1,4,0.0
11,90,170,5,identity,2048,32,0,0,0,2048,0,0,0,0,0,0,0,0,0,12278,12278,1,6,1,6,0.0
11,90,170,5,population_count,2048,32,0,0,0,2048,0,0,0,0,0,0,0,0,0,6052,6052,1,4,1,4,0.0
11,90,170,6,identity,2048,64,0,0,0,2048,0,0,0,0,0,0,0,0,0,14324,14324,1,7,1,7,0.0
11,90,170,6,population_count,2048,64,0,0,0,2048,0,0,0,0,0,0,0,0,0,6338,6338,1,5,1,5,0.0
11,90,184,0,identity,2048,1,1947,8448,1947,101,0,1947,0,0,1947,1947,0,0,1947,2048,2048,1,1,1,1,0.95068359375
11,90,184,0,population_count,2048,1,1947,8448,924,1124,0,924,0,0,924,924,0,1023,924,2048,2048,1,1,1,1,0.451171875
11,90,184,1,identity,2048,2,1947,8448,1947,101,0,1947,0,0,1947,1947,0,0,3850,4094,4094,1,2,1,2,0.9435221354166667
11,90,184,1,population_count,2048,2,1947,8448,1474,574,858,616,473,253,748,1628,154,473,2167,3346,3566,1,2,1,2,0.44938151041666674
11,90,184,2,identity,2048,4,1947,8448,1947,101,198,1749,0,0,1947,1947,0,0,7656,7966,8032,1,4,1,4,0.934237816220238
11,90,184,2,population_count,2048,4,1947,8448,1650,398,1067,583,286,385,979,1837,187,297,4598,4798,4710,1,4,1,3,0.45027669270833337
11,90,184,3,identity,2048,8,1947,8448,1947,101,770,1177,0,0,1947,1947,0,0,15257,15314,15094,1,8,1,8,0.9254642249027015
11,90,184,3,population_count,2048,8,1947,8448,1573,475,1111,462,429,462,682,1848,275,374,9394,6030,6206,1,4,1,4,0.3245035807291667
11,90,184,4,identity,2048,16,1947,8448,1947,101,1430,517,0,0,1947,1947,0,0,30470,28602,27898,1,16,1,16,0.9182551879444989
11,90,184,4,population_count,2048,16,1947,8448,1243,805,1122,121,605,473,165,1848,605,704,18293,7262,7460,1,5,1,5,0.19694010416666669
11,90,184,5,identity,2048,32,1947,8448,1947,101,1749,198,0,0,1947,1947,0,0,60885,52098,51086,1,32,1,32,0.9008261388270402
11,90,184,5,population_count,2048,32,1947,8448,891,1157,891,0,495,374,22,1848,957,1056,35717,8032,8230,1,5,1,5,0.10983886718749998
11,90,184,6,identity,2048,64,1947,8448,1947,101,1815,132,0,0,1947,1947,0,0,121616,92666,91962,1,62,1,63,0.8755375867105191
11,90,184,6,population_count,2048,64,1947,8448,814,1234,814,0,484,308,22,1848,1034,1133,69080,8582,8780,1,5,1,5,0.084326171875
11,90,204,0,identity,2048,1,0,0,0,2048,0,0,0,0,0,0,0,0,0,2048,2048,1,1,1,1,0.0
11,90,204,0,population_count,2048,1,0,0,0,2048,0,0,0,0,0,0,0,0,0,2048,2048,1,1,1,1,0.0
11,90,204,1,identity,2048,2,0,0,0,2048,0,0,0,0,0,0,0,0,0,4094,4094,1,2,1,2,0.0
11,90,204,1,population_count,2048,2,0,0,0,2048,0,0,0,0,0,0,0,0,0,3434,3434,1,2,1,2,0.0
11,90,204,2,identity,2048,4,0,0,0,2048,0,0,0,0,0,0,0,0,0,6140,6140,1,3,1,3,0.0
11,90,204,2,population_count,2048,4,0,0,0,2048,0,0,0,0,0,0,0,0,0,4402,4402,1,3,1,3,0.0
11,90,204,3,identity,2048,8,0,0,0,2048,0,0,0,0,0,0,0,0,0,8186,8186,1,4,1,4,0.0
11,90,204,3,population_count,2048,8,0,0,0,2048,0,0,0,0,0,0,0,0,0,5128,5128,1,4,1,4,0.0
11,90,204,4,identity,2048,16,0,0,0,2048,0,0,0,0,0,0,0,0,0,10232,10232,1,5,1,5,0.0
11,90,204,4,population_count,2048,16,0,0,0,2048,0,0,0,0,0,0,0,0,0,5678,5678,1,4,1,4,0.0
11,90,204,5,identity,2048,32,0,0,0,2048,0,0,0,0,0,0,0,0,0,12278,12278,1,6,1,6,0.0
11,90,204,5,population_count,2048,32,0,0,0,2048,0,0,0,0,0,0,0,0,0,6052,6052,1,4,1,4,0.0
11,90,204,6,identity,2048,64,0,0,0,2048,0,0,0,0,0,0,0,0,0,14324,14324,1,7,1,7,0.0
11,90,204,6,population_count,2048,64,0,0,0,2048,0,0,0,0,0,0,0,0,0,6338,6338,1,5,1,5,0.0
11,90,250,0,identity,2048,1,2046,11264,2046,2,0,2046,0,0,2046,2046,0,0,2046,2048,2048,1,1,1,1,0.9990234375
11,90,250,0,population_count,2048,1,2046,11264,2046,2,0,2046,0,0,2046,2046,0,0,2046,2048,2048,1,1,1,1,0.9990234375
11,90,250,1,identity,2048,2,2046,11264,2046,2,957,1089,0,55,1991,2046,0,0,4004,4094,3137,1,2,1,2,0.980224609375
11,90,250,1,population_count,2048,2,2046,11264,2046,2,957,1089,0,407,1639,2046,0,0,3399,4094,3137,1,2,1,2,0.8531087239583334
11,90,250,2,identity,2048,4,2046,11264,2046,2,1683,363,0,99,1947,2046,0,0,7810,6954,4490,1,4,1,3,0.955517578125
11,90,250,2,population_count,2048,4,2046,11264,2035,13,1683,352,0,275,1760,2046,11,11,6622,6954,4490,1,4,1,3,0.7810465494791667
11,90,250,3,identity,2048,8,2046,11264,2046,2,1793,253,11,165,1870,2046,0,0,15180,9968,6987,1,7,1,6,0.9288215758308531
11,90,250,3,population_count,2048,8,2046,11264,2024,24,1738,286,44,297,1683,2046,22,22,12672,9022,6646,1,7,1,6,0.7003479972718254
11,90,250,4,identity,2048,16,2046,11264,2035,13,1826,209,22,187,1826,2046,11,11,29656,13620,10760,1,12,1,9,0.9047219261658253
11,90,250,4,population_count,2048,16,2046,11264,1991,57,1837,154,88,473,1430,2046,55,55,23463,11090,8615,1,9,1,7,0.6101227291046627
11,90,250,5,identity,2048,32,2046,11264,2035,13,1914,121,44,209,1782,2046,11,11,58135,18592,15061,1,16,1,18,0.8924047818149585
11,90,250,5,population_count,2048,32,2046,11264,1991,57,1870,121,297,517,1177,2046,55,55,46552,12850,10705,1,10,1,11,0.5305536179315476
11,90,250,6,identity,2048,64,2046,11264,2035,13,1991,44,77,220,1738,2046,11,11,114180,24664,21089,1,25,1,23,0.8801105613276188
11,90,250,6,population_count,2048,64,2046,11264,1991,57,1782,209,396,550,1045,2046,55,55,92081,13862,12652,1,11,1,11,0.484449210999504
11,110,150,0,identity,2048,1,2046,9856,2046,2,0,2046,0,0,2046,2046,0,0,2046,2048,2048,1,1,1,1,0.9990234375
11,110,150,0,population_count,2048,1,2046,9856,1782,266,0,1782,0,0,1782,1782,0,264,1782,2048,2048,1,1,1,1,0.8701171875
11,110,150,1,identity,2048,2,2046,9856,2046,2,0,2046,0,0,2046,2046,0,0,4081,4094,4094,1,2,1,2,0.9972330729166667
11,110,150,1,population_count,2048,2,2046,9856,1936,112,517,1419,77,132,1727,1947,11,110,3388,3819,3720,1,2,1,2,0.7958170572916666
11,110,150,2,identity,2048,4,2046,9856,2046,2,110,1936,0,0,2046,2046,0,0,8162,8142,8076,1,4,1,4,0.9949311755952381
11,110,150,2,population_count,2048,4,2046,9856,1925,123,1166,759,99,209,1617,2002,77,121,6556,6382,5986,1,4,1,4,0.6480096726190476
11,110,150,3,identity,2048,8,2046,9856,2046,2,418,1628,0,0,2046,2046,0,0,16302,15930,16018,1,8,1,8,0.9903102106227106
11,110,150,3,population_count,2048,8,2046,9856,1969,79,1452,517,154,253,1562,2002,33,77,13222,9550,9154,1,8,1,7,0.5294939313616072
11,110,150,4,identity,2048,16,2046,9856,2046,2,913,1133,0,0,2046,2046,0,0,32571,31275,31308,1,16,1,16,0.986790954260772
11,110,150,4,population_count,2048,16,2046,9856,1936,112,1540,396,363,363,1210,2002,66,110,25982,12564,12322,1,10,1,10,0.3708372085813492
11,110,150,5,identity,2048,32,2046,9856,2046,2,1463,583,0,0,2046,2046,0,0,65120,60744,60964,1,32,1,32,0.9825157174288919
11,110,150,5,population_count,2048,32,2046,9856,1837,211,1573,264,495,605,737,2002,165,209,51183,15468,15083,1,12,1,12,0.27520190042162695
11,110,150,6,identity,2048,64,2046,9856,2046,2,1859,187,0,0,2046,2046,0,0,130163,117383,118142,1,64,1,64,0.9709184296024134
11,110,150,6,population_count,2048,64,2046,9856,1870,178,1705,165,506,847,517,2002,132,176,103059,18152,17415,1,12,1,12,0.23934209914434523
11,110,170,0,identity,2048,1,0,0,0,2048,0,0,0,0,0,0,0,0,0,2048,2048,1,1,1,1,0.0
11,110,170,0,population_count,2048,1,0,0,0,2048,0,0,0,0,0,0,0,0,0,2048,2048,1,1,1,1,0.0
11,110,170,1,identity,2048,2,0,0,0,2048,0,0,0,0,0,0,0,0,0,4094,4094,1,2,1,2,0.0
11,110,170,1,population_count,2048,2,0,0,0,2048,0,0,0,0,0,0,0,0,0,3819,3819,1,2,1,2,0.0
11,110,170,2,identity,2048,4,0,0,0,2048,0,0,0,0,0,0,0,0,0,6118,6118,1,3,1,3,0.0
11,110,170,2,population_count,2048,4,0,0,0,2048,0,0,0,0,0,0,0,0,0,5128,5128,1,3,1,3,0.0
11,110,170,3,identity,2048,8,0,0,0,2048,0,0,0,0,0,0,0,0,0,8131,8131,1,4,1,4,0.0
11,110,170,3,population_count,2048,8,0,0,0,2048,0,0,0,0,0,0,0,0,0,6162,6162,1,4,1,4,0.0
11,110,170,4,identity,2048,16,0,0,0,2048,0,0,0,0,0,0,0,0,0,10144,10144,1,5,1,5,0.0
11,110,170,4,population_count,2048,16,0,0,0,2048,0,0,0,0,0,0,0,0,0,6844,6844,1,5,1,5,0.0
11,110,170,5,identity,2048,32,0,0,0,2048,0,0,0,0,0,0,0,0,0,12157,12157,1,6,1,6,0.0
11,110,170,5,population_count,2048,32,0,0,0,2048,0,0,0,0,0,0,0,0,0,7438,7438,1,5,1,5,0.0
11,110,170,6,identity,2048,64,0,0,0,2048,0,0,0,0,0,0,0,0,0,14170,14170,1,7,1,7,0.0
11,110,170,6,population_count,2048,64,0,0,0,2048,0,0,0,0,0,0,0,0,0,8054,8054,1,6,1,6,0.0
11,110,184,0,identity,2048,1,1980,6336,1980,68,0,1980,0,0,1980,1980,0,0,1980,2048,2048,1,1,1,1,0.966796875
11,110,184,0,population_count,2048,1,1980,6336,1232,816,0,1232,0,0,1232,1232,0,748,1232,2048,2048,1,1,1,1,0.6015625
11,110,184,1,identity,2048,2,1980,6336,1980,68,0,1980,0,0,1980,1980,0,0,3883,4094,4094,1,2,1,2,0.9542643229166667
11,110,184,1,population_count,2048,2,1980,6336,1804,244,451,1353,143,77,1584,1859,55,176,3014,3764,3973,1,2,1,2,0.708984375
11,110,184,2,identity,2048,4,1980,6336,1980,68,462,1518,0,0,1980,1980,0,0,7689,7944,7713,1,4,1,4,0.9470261346726191
11,110,184,2,population_count,2048,4,1980,6336,1771,277,1045,726,110,132,1529,1881,110,209,6127,5865,5557,1,4,1,4,0.6074195498511905
11,110,184,3,identity,2048,8,1980,6336,1980,68,913,1067,0,0,1980,1980,0,0,15323,14929,15006,1,8,1,8,0.9414007948431777
11,110,184,3,population_count,2048,8,1980,6336,1760,288,1243,517,220,77,1463,1892,132,220,11506,7757,7757,1,7,1,6,0.5279849097842262
11,110,184,4,identity,2048,16,1980,6336,1980,68,1408,572,0,0,1980,1980,0,0,30492,27964,28492,1,16,1,16,0.9264498962134416
11,110,184,4,population_count,2048,16,1980,6336,1848,200,1584,264,275,374,1199,1892,44,132,22099,10199,10221,1,8,1,8,0.43269062344990084
11,110,184,5,identity,2048,32,1980,6336,1980,68,1771,209,0,0,1980,1980,0,0,60709,51845,53627,1,32,1,32,0.9115481750640966
11,110,184,5,population_count,2048,32,1980,6336,1705,343,1540,165,440,429,836,1892,187,275,43087,12069,12014,1,9,1,9,0.3377267020089286
11,110,184,6,identity,2048,64,1980,6336,1980,68,1859,121,0,0,1980,1980,0,0,120802,94580,99090,1,64,1,64,0.8892445154566642
11,110,184,6,population_count,2048,64,1980,6336,1639,409,1540,99,605,484,550,1892,253,341,84942,13587,14005,1,9,1,9,0.28174583798363095
11,110,204,0,identity,2048,1,0,0,0,2048,0,0,0,0,0,0,0,0,0,2048,2048,1,1,1,1,0.0
11,110,204,0,population_count,2048,1,0,0,0,2048,0,0,0,0,0,0,0,0,0,2048,2048,1,1,1,1,0.0
11,110,204,1,identity,2048,2,0,0,0,2048,0,0,0,0,0,0,0,0,0,4094,4094,1,2,1,2,0.0
11,110,204,1,population_count,2048,2,0,0,0,2048,0,0,0,0,0,0,0,0,0,3819,3819,1,2,1,2,0.0
11,110,204,2,identity,2048,4,0,0,0,2048,0,0,0,0,0,0,0,0,0,6118,6118,1,3,1,3,0.0
11,110,204,2,population_count,2048,4,0,0,0,2048,0,0,0,0,0,0,0,0,0,5128,5128,1,3,1,3,0.0
11,110,204,3,identity,2048,8,0,0,0,2048,0,0,0,0,0,0,0,0,0,8131,8131,1,4,1,4,0.0
11,110,204,3,population_count,2048,8,0,0,0,2048,0,0,0,0,0,0,0,0,0,6162,6162,1,4,1,4,0.0
11,110,204,4,identity,2048,16,0,0,0,2048,0,0,0,0,0,0,0,0,0,10144,10144,1,5,1,5,0.0
11,110,204,4,population_count,2048,16,0,0,0,2048,0,0,0,0,0,0,0,0,0,6844,6844,1,5,1,5,0.0
11,110,204,5,identity,2048,32,0,0,0,2048,0,0,0,0,0,0,0,0,0,12157,12157,1,6,1,6,0.0
11,110,204,5,population_count,2048,32,0,0,0,2048,0,0,0,0,0,0,0,0,0,7438,7438,1,5,1,5,0.0
11,110,204,6,identity,2048,64,0,0,0,2048,0,0,0,0,0,0,0,0,0,14170,14170,1,7,1,7,0.0
11,110,204,6,population_count,2048,64,0,0,0,2048,0,0,0,0,0,0,0,0,0,8054,8054,1,6,1,6,0.0
11,110,250,0,identity,2048,1,1848,9152,1848,200,0,1848,0,0,1848,1848,0,0,1848,2048,2048,1,1,1,1,0.90234375
11,110,250,0,population_count,2048,1,1848,9152,1848,200,0,1848,0,0,1848,1848,0,0,1848,2048,2048,1,1,1,1,0.90234375
11,110,250,1,identity,2048,2,1848,9152,1848,200,198,1650,0,55,1793,1848,0,0,3487,4094,3896,1,2,1,2,0.8638509114583334
11,110,250,1,population_count,2048,2,1848,9152,1848,200,264,1584,0,88,1760,1848,0,0,2959,4094,3830,1,2,1,2,0.7662760416666666
11,110,250,2,identity,2048,4,1848,9152,1848,200,836,1012,99,132,1617,1848,0,0,6303,6690,7449,1,4,1,4,0.8016613188244048
11,110,250,2,population_count,2048,4,1848,9152,1848,200,1254,594,99,143,1606,1848,0,0,5731,6349,6734,1,4,1,4,0.6525111607142857
11,110,250,3,identity,2048,8,1848,9152,1848,200,1584,264,341,176,1331,1848,0,0,11957,10089,13631,1,8,1,8,0.7729400672027626
11,110,250,3,population_count,2048,8,1848,9152,1848,200,1430,418,341,176,1331,1848,0,0,11022,8527,10364,1,7,1,7,0.5653331938244047
11,110,250,4,identity,2048,16,1848,9152,1848,200,1760,88,495,187,1166,1848,0,0,22803,15688,23135,1,16,1,16,0.7834698758329167
11,110,250,4,population_count,2048,16,1848,9152,1815,233,1430,385,616,242,957,1848,33,33,21043,10672,13301,1,9,1,8,0.4554389105902778
11,110,250,5,identity,2048,32,1848,9152,1848,200,1793,55,627,198,1023,1848,0,0,43758,24312,38722,1,26,1,26,0.8044371912691296
11,110,250,5,population_count,2048,32,1848,9152,1683,365,1518,165,1045,462,176,1848,165,165,40590,12157,15413,1,9,1,9,0.3736213805183532
11,110,250,6,identity,2048,64,1848,9152,1848,200,1804,44,627,198,1023,1848,0,0,82489,38656,63527,1,43,1,44,0.8145459463999745
11,110,250,6,population_count,2048,64,1848,9152,1001,1047,979,22,682,297,22,1848,847,847,76835,13070,16161,1,9,1,9,0.3239067925347222
11,150,170,0,identity,2048,1,0,0,0,2048,0,0,0,0,0,0,0,0,0,2048,2048,1,1,1,1,0.0
11,150,170,0,population_count,2048,1,0,0,0,2048,0,0,0,0,0,0,0,0,0,2048,2048,1,1,1,1,0.0
11,150,170,1,identity,2048,2,0,0,0,2048,0,0,0,0,0,0,0,0,0,4094,4094,1,2,1,2,0.0
11,150,170,1,population_count,2048,2,0,0,0,2048,0,0,0,0,0,0,0,0,0,3412,3412,1,2,1,2,0.0
11,150,170,2,identity,2048,4,0,0,0,2048,0,0,0,0,0,0,0,0,0,6140,6140,1,3,1,3,0.0
11,150,170,2,population_count,2048,4,0,0,0,2048,0,0,0,0,0,0,0,0,0,4336,4336,1,3,1,3,0.0
11,150,170,3,identity,2048,8,0,0,0,2048,0,0,0,0,0,0,0,0,0,8186,8186,1,4,1,4,0.0
11,150,170,3,population_count,2048,8,0,0,0,2048,0,0,0,0,0,0,0,0,0,5018,5018,1,4,1,4,0.0
11,150,170,4,identity,2048,16,0,0,0,2048,0,0,0,0,0,0,0,0,0,10232,10232,1,5,1,5,0.0
11,150,170,4,population_count,2048,16,0,0,0,2048,0,0,0,0,0,0,0,0,0,5436,5436,1,4,1,4,0.0
11,150,170,5,identity,2048,32,0,0,0,2048,0,0,0,0,0,0,0,0,0,12278,12278,1,6,1,6,0.0
11,150,170,5,population_count,2048,32,0,0,0,2048,0,0,0,0,0,0,0,0,0,5788,5788,1,4,1,4,0.0
11,150,170,6,identity,2048,64,0,0,0,2048,0,0,0,0,0,0,0,0,0,14324,14324,1,7,1,7,0.0
11,150,170,6,population_count,2048,64,0,0,0,2048,0,0,0,0,0,0,0,0,0,6052,6052,1,5,1,5,0.0
11,150,184,0,identity,2048,1,2024,8448,2024,24,0,2024,0,0,2024,2024,0,0,2024,2048,2048,1,1,1,1,0.98828125
11,150,184,0,population_count,2048,1,2024,8448,638,1410,0,638,0,0,638,638,0,1386,638,2048,2048,1,1,1,1,0.3115234375
11,150,184,1,identity,2048,2,2024,8448,2024,24,0,2024,0,0,2024,2024,0,0,4004,4094,4094,1,2,1,2,0.9739583333333333
11,150,184,1,population_count,2048,2,2024,8448,1364,684,748,616,418,286,660,1474,110,660,1980,3478,3610,1,2,1,2,0.4117838541666667
11,150,184,2,identity,2048,4,2024,8448,2024,24,220,1804,0,0,2024,2024,0,0,7876,8098,8010,1,4,1,4,0.9586635044642857
11,150,184,2,population_count,2048,4,2024,8448,1320,728,858,462,418,242,660,1738,418,704,4510,4336,4512,1,3,1,3,0.35628255208333337
11,150,184,3,identity,2048,8,2024,8448,2024,24,726,1298,0,0,2024,2024,0,0,15730,15622,15710,1,8,1,8,0.9423943190056472
11,150,184,3,population_count,2048,8,2024,8448,1254,794,1034,220,616,220,418,1892,638,770,9328,5282,5722,1,4,1,4,0.26586914062500006
11,150,184,4,identity,2048,16,2024,8448,2024,24,1386,638,0,0,2024,2024,0,0,31416,29592,30318,1,16,1,16,0.9229834388415251
11,150,184,4,population_count,2048,16,2024,8448,1100,948,1012,88,660,264,176,1892,792,924,19052,6184,6778,1,5,1,5,0.18583984375
11,150,184,5,identity,2048,32,2024,8448,2024,24,1760,264,0,0,2024,2024,0,0,62722,54496,56212,1,32,1,32,0.8999220336226003
11,150,184,5,population_count,2048,32,2024,8448,1100,948,1034,66,704,330,66,1892,792,924,37796,7064,7548,1,5,1,5,0.15200195312499998
11,150,184,6,identity,2048,64,2024,8448,2024,24,1870,154,0,0,2024,2024,0,0,125312,96670,102742,1,62,1,62,0.867600489440549
11,150,184,6,population_count,2048,64,2024,8448,1056,992,924,132,506,418,132,1892,836,968,75020,7812,7966,1,5,1,5,0.14125976562499998
11,150,204,0,identity,2048,1,0,0,0,2048,0,0,0,0,0,0,0,0,0,2048,2048,1,1,1,1,0.0
11,150,204,0,population_count,2048,1,0,0,0,2048,0,0,0,0,0,0,0,0,0,2048,2048,1,1,1,1,0.0
11,150,204,1,identity,2048,2,0,0,0,2048,0,0,0,0,0,0,0,0,0,4094,4094,1,2,1,2,0.0
11,150,204,1,population_count,2048,2,0,0,0,2048,0,0,0,0,0,0,0,0,0,3412,3412,1,2,1,2,0.0
11,150,204,2,identity,2048,4,0,0,0,2048,0,0,0,0,0,0,0,0,0,6140,6140,1,3,1,3,0.0
11,150,204,2,population_count,2048,4,0,0,0,2048,0,0,0,0,0,0,0,0,0,4336,4336,1,3,1,3,0.0
11,150,204,3,identity,2048,8,0,0,0,2048,0,0,0,0,0,0,0,0,0,8186,8186,1,4,1,4,0.0
11,150,204,3,population_count,2048,8,0,0,0,2048,0,0,0,0,0,0,0,0,0,5018,5018,1,4,1,4,0.0
11,150,204,4,identity,2048,16,0,0,0,2048,0,0,0,0,0,0,0,0,0,10232,10232,1,5,1,5,0.0
11,150,204,4,population_count,2048,16,0,0,0,2048,0,0,0,0,0,0,0,0,0,5436,5436,1,4,1,4,0.0
11,150,204,5,identity,2048,32,0,0,0,2048,0,0,0,0,0,0,0,0,0,12278,12278,1,6,1,6,0.0
11,150,204,5,population_count,2048,32,0,0,0,2048,0,0,0,0,0,0,0,0,0,5788,5788,1,4,1,4,0.0
11,150,204,6,identity,2048,64,0,0,0,2048,0,0,0,0,0,0,0,0,0,14324,14324,1,7,1,7,0.0
11,150,204,6,population_count,2048,64,0,0,0,2048,0,0,0,0,0,0,0,0,0,6052,6052,1,5,1,5,0.0
11,150,250,0,identity,2048,1,1958,8448,1958,90,0,1958,0,0,1958,1958,0,0,1958,2048,2048,1,1,1,1,0.9560546875
11,150,250,0,population_count,2048,1,1958,8448,1782,266,0,1782,0,0,1782,1782,0,176,1782,2048,2048,1,1,1,1,0.8701171875
11,150,250,1,identity,2048,2,1958,8448,1958,90,352,1606,0,66,1892,1958,0,0,3619,3896,3896,1,2,1,2,0.9005533854166666
11,150,250,1,population_count,2048,2,1958,8448,1914,134,352,1562,0,66,1848,1914,0,44,3212,3896,3896,1,2,1,2,0.7931315104166666
11,150,250,2,identity,2048,4,1958,8448,1958,90,957,1001,77,121,1760,1958,0,0,6567,6756,7042,1,4,1,4,0.8394252232142858
11,150,250,2,population_count,2048,4,1958,8448,1936,112,979,957,121,143,1672,1936,0,22,5918,6426,6921,1,4,1,4,0.6563732328869047
11,150,250,3,identity,2048,8,1958,8448,1958,90,1661,297,110,132,1716,1958,0,0,11979,10122,11420,1,8,1,8,0.8356394636179791
11,150,250,3,population_count,2048,8,1958,8448,1870,178,1485,385,220,220,1430,1936,66,88,10285,8945,9902,1,7,1,7,0.5212156265500992
11,150,250,4,identity,2048,16,1958,8448,1958,90,1650,308,165,176,1617,1958,0,0,20933,15468,16700,1,13,1,14,0.8347164837588366
11,150,250,4,population_count,2048,16,1958,8448,1881,167,1639,242,517,319,1045,1936,55,77,18359,11409,12179,1,8,1,8,0.42127704923115084
11,150,250,5,identity,2048,32,1958,8448,1958,90,1804,154,176,176,1606,1958,0,0,36905,22530,24257,1,20,1,22,0.8399817056206245
11,150,250,5,population_count,2048,32,1958,8448,1903,145,1672,231,847,561,495,1936,33,55,32461,13345,14104,1,9,1,10,0.34714316716269844
11,150,250,6,identity,2048,64,1958,8448,1958,90,1793,165,176,176,1606,1958,0,0,64746,31528,33904,1,32,1,34,0.8364103358384443
11,150,250,6,population_count,2048,64,1958,8448,1639,409,1430,209,748,561,330,1936,297,319,57376,15281,15809,1,11,1,10,0.26839541480654766
11,170,184,0,identity,2048,1,0,0,0,2048,0,0,0,0,0,0,0,0,0,2048,2048,1,1,1,1,0.0
11,170,184,0,population_count,2048,1,0,0,0,2048,0,0,0,0,0,0,0,0,0,2048,2048,1,1,1,1,0.0
11,170,184,1,identity,2048,2,0,0,0,2048,0,0,0,0,0,0,0,0,0,3610,3610,1,2,1,2,0.0
11,170,184,1,population_count,2048,2,0,0,0,2048,0,0,0,0,0,0,0,0,0,2048,2048,1,1,1,1,0.0
11,170,184,2,identity,2048,4,0,0,0,2048,0,0,0,0,0,0,0,0,0,4952,4952,1,3,1,3,0.0
11,170,184,2,population_count,2048,4,0,0,0,2048,0,0,0,0,0,0,0,0,0,2048,2048,1,1,1,1,0.0
11,170,184,3,identity,2048,8,0,0,0,2048,0,0,0,0,0,0,0,0,0,6129,6129,1,4,1,4,0.0
11,170,184,3,population_count,2048,8,0,0,0,2048,0,0,0,0,0,0,0,0,0,2048,2048,1,1,1,1,0.0
11,170,184,4,identity,2048,16,0,0,0,2048,0,0,0,0,0,0,0,0,0,7152,7152,1,5,1,5,0.0
11,170,184,4,population_count,2048,16,0,0,0,2048,0,0,0,0,0,0,0,0,0,2048,2048,1,1,1,1,0.0
11,170,184,5,identity,2048,32,0,0,0,2048,0,0,0,0,0,0,0,0,0,8175,8175,1,6,1,6,0.0
11,170,184,5,population_count,2048,32,0,0,0,2048,0,0,0,0,0,0,0,0,0,2048,2048,1,1,1,1,0.0
11,170,184,6,identity,2048,64,0,0,0,2048,0,0,0,0,0,0,0,0,0,9198,9198,1,7,1,7,0.0
11,170,184,6,population_count,2048,64,0,0,0,2048,0,0,0,0,0,0,0,0,0,2048,2048,1,1,1,1,0.0
11,170,204,0,identity,2048,1,0,0,0,2048,0,0,0,0,0,0,0,0,0,2048,2048,1,1,1,1,0.0
11,170,204,0,population_count,2048,1,0,0,0,2048,0,0,0,0,0,0,0,0,0,2048,2048,1,1,1,1,0.0
11,170,204,1,identity,2048,2,0,0,0,2048,0,0,0,0,0,0,0,0,0,4094,4094,1,2,1,2,0.0
11,170,204,1,population_count,2048,2,0,0,0,2048,0,0,0,0,0,0,0,0,0,2048,2048,1,1,1,1,0.0
11,170,204,2,identity,2048,4,0,0,0,2048,0,0,0,0,0,0,0,0,0,6140,6140,1,3,1,3,0.0
11,170,204,2,population_count,2048,4,0,0,0,2048,0,0,0,0,0,0,0,0,0,2048,2048,1,1,1,1,0.0
11,170,204,3,identity,2048,8,0,0,0,2048,0,0,0,0,0,0,0,0,0,8186,8186,1,4,1,4,0.0
11,170,204,3,population_count,2048,8,0,0,0,2048,0,0,0,0,0,0,0,0,0,2048,2048,1,1,1,1,0.0
11,170,204,4,identity,2048,16,0,0,0,2048,0,0,0,0,0,0,0,0,0,10232,10232,1,5,1,5,0.0
11,170,204,4,population_count,2048,16,0,0,0,2048,0,0,0,0,0,0,0,0,0,2048,2048,1,1,1,1,0.0
11,170,204,5,identity,2048,32,0,0,0,2048,0,0,0,0,0,0,0,0,0,12278,12278,1,6,1,6,0.0
11,170,204,5,population_count,2048,32,0,0,0,2048,0,0,0,0,0,0,0,0,0,2048,2048,1,1,1,1,0.0
11,170,204,6,identity,2048,64,0,0,0,2048,0,0,0,0,0,0,0,0,0,14324,14324,1,7,1,7,0.0
11,170,204,6,population_count,2048,64,0,0,0,2048,0,0,0,0,0,0,0,0,0,2048,2048,1,1,1,1,0.0
11,170,250,0,identity,2048,1,0,0,0,2048,0,0,0,0,0,0,0,0,0,2048,2048,1,1,1,1,0.0
11,170,250,0,population_count,2048,1,0,0,0,2048,0,0,0,0,0,0,0,0,0,2048,2048,1,1,1,1,0.0
11,170,250,1,identity,2048,2,0,0,0,2048,0,0,0,0,0,0,0,0,0,3896,3896,1,2,1,2,0.0
11,170,250,1,population_count,2048,2,0,0,0,2048,0,0,0,0,0,0,0,0,0,3896,3896,1,2,1,2,0.0
11,170,250,2,identity,2048,4,0,0,0,2048,0,0,0,0,0,0,0,0,0,5128,5128,1,3,1,3,0.0
11,170,250,2,population_count,2048,4,0,0,0,2048,0,0,0,0,0,0,0,0,0,5128,5128,1,3,1,3,0.0
11,170,250,3,identity,2048,8,0,0,0,2048,0,0,0,0,0,0,0,0,0,5810,5810,1,4,1,4,0.0
11,170,250,3,population_count,2048,8,0,0,0,2048,0,0,0,0,0,0,0,0,0,5810,5810,1,4,1,4,0.0
11,170,250,4,identity,2048,16,0,0,0,2048,0,0,0,0,0,0,0,0,0,6162,6162,1,5,1,5,0.0
11,170,250,4,population_count,2048,16,0,0,0,2048,0,0,0,0,0,0,0,0,0,6162,6162,1,5,1,5,0.0
11,170,250,5,identity,2048,32,0,0,0,2048,0,0,0,0,0,0,0,0,0,6338,6338,1,6,1,6,0.0
11,170,250,5,population_count,2048,32,0,0,0,2048,0,0,0,0,0,0,0,0,0,6338,6338,1,6,1,6,0.0
11,170,250,6,identity,2048,64,0,0,0,2048,0,0,0,0,0,0,0,0,0,6426,6426,1,7,1,7,0.0
11,170,250,6,population_count,2048,64,0,0,0,2048,0,0,0,0,0,0,0,0,0,6426,6426,1,7,1,7,0.0
11,184,204,0,identity,2048,1,0,0,0,2048,0,0,0,0,0,0,0,0,0,2048,2048,1,1,1,1,0.0
11,184,204,0,population_count,2048,1,0,0,0,2048,0,0,0,0,0,0,0,0,0,2048,2048,1,1,1,1,0.0
11,184,204,1,identity,2048,2,0,0,0,2048,0,0,0,0,0,0,0,0,0,4094,4094,1,2,1,2,0.0
11,184,204,1,population_count,2048,2,0,0,0,2048,0,0,0,0,0,0,0,0,0,2048,2048,1,1,1,1,0.0
11,184,204,2,identity,2048,4,0,0,0,2048,0,0,0,0,0,0,0,0,0,6140,6140,1,3,1,3,0.0
11,184,204,2,population_count,2048,4,0,0,0,2048,0,0,0,0,0,0,0,0,0,2048,2048,1,1,1,1,0.0
11,184,204,3,identity,2048,8,0,0,0,2048,0,0,0,0,0,0,0,0,0,8186,8186,1,4,1,4,0.0
11,184,204,3,population_count,2048,8,0,0,0,2048,0,0,0,0,0,0,0,0,0,2048,2048,1,1,1,1,0.0
11,184,204,4,identity,2048,16,0,0,0,2048,0,0,0,0,0,0,0,0,0,10232,10232,1,5,1,5,0.0
11,184,204,4,population_count,2048,16,0,0,0,2048,0,0,0,0,0,0,0,0,0,2048,2048,1,1,1,1,0.0
11,184,204,5,identity,2048,32,0,0,0,2048,0,0,0,0,0,0,0,0,0,12278,12278,1,6,1,6,0.0
11,184,204,5,population_count,2048,32,0,0,0,2048,0,0,0,0,0,0,0,0,0,2048,2048,1,1,1,1,0.0
11,184,204,6,identity,2048,64,0,0,0,2048,0,0,0,0,0,0,0,0,0,14324,14324,1,7,1,7,0.0
11,184,204,6,population_count,2048,64,0,0,0,2048,0,0,0,0,0,0,0,0,0,2048,2048,1,1,1,1,0.0
11,184,250,0,identity,2048,1,1309,2816,1309,739,0,1309,0,0,1309,1309,0,0,1309,2048,2048,1,1,1,1,0.63916015625
11,184,250,0,population_count,2048,1,1309,2816,924,1124,0,924,0,0,924,924,0,385,924,2048,2048,1,1,1,1,0.451171875
11,184,250,1,identity,2048,2,1309,2816,1309,739,132,1177,0,77,1232,1309,0,0,2365,4028,3896,1,2,1,2,0.5863444010416666
11,184,250,1,population_count,2048,2,1309,2816,1100,948,132,968,0,77,1023,1100,0,209,1815,4028,3896,1,2,1,2,0.42700195312500006
11,184,250,2,identity,2048,4,1309,2816,1309,739,440,869,0,110,1199,1309,0,0,4103,5843,5502,1,4,1,4,0.5244617280505952
11,184,250,2,population_count,2048,4,1309,2816,1133,915,528,605,66,198,869,1133,0,176,3366,5667,5414,1,4,1,4,0.34983723958333335
11,184,250,3,identity,2048,8,1309,2816,1309,739,858,451,0,143,1166,1309,0,0,7128,7438,6811,1,7,1,7,0.4943429129464286
11,184,250,3,population_count,2048,8,1309,2816,1111,937,836,275,132,330,649,1144,33,198,6017,6910,6415,1,5,1,6,0.2877947126116071
11,184,250,4,identity,2048,16,1309,2816,1309,739,935,374,0,187,1122,1309,0,0,12397,8956,7878,1,11,1,11,0.47143477237913556
11,184,250,4,population_count,2048,16,1309,2816,1100,948,880,220,121,517,462,1144,44,209,10604,7812,6976,1,7,1,7,0.25010753813244047
11,184,250,5,identity,2048,32,1309,2816,1309,739,957,352,0,231,1078,1309,0,0,21296,10331,8736,1,16,1,16,0.4495756015998146
11,184,250,5,population_count,2048,32,1309,2816,1089,959,913,176,110,693,286,1144,55,220,18282,8274,7163,1,8,1,8,0.22813294425843256
11,184,250,6,identity,2048,64,1309,2816,1309,739,1001,308,0,275,1034,1309,0,0,35838,11618,9517,1,22,1,22,0.44381871496599823
11,184,250,6,population_count,2048,64,1309,2816,1089,959,946,143,110,759,220,1144,55,220,30778,8461,7251,1,8,1,8,0.22158958798363096
11,204,250,0,identity,2048,1,0,0,0,2048,0,0,0,0,0,0,0,0,0,2048,2048,1,1,1,1,0.0
11,204,250,0,population_count,2048,1,0,0,0,2048,0,0,0,0,0,0,0,0,0,2048,2048,1,1,1,1,0.0
11,204,250,1,identity,2048,2,0,0,0,2048,0,0,0,0,0,0,0,0,0,3896,3896,1,2,1,2,0.0
11,204,250,1,population_count,2048,2,0,0,0,2048,0,0,0,0,0,0,0,0,0,3896,3896,1,2,1,2,0.0
11,204,250,2,identity,2048,4,0,0,0,2048,0,0,0,0,0,0,0,0,0,5128,5128,1,3,1,3,0.0
11,204,250,2,population_count,2048,4,0,0,0,2048,0,0,0,0,0,0,0,0,0,5128,5128,1,3,1,3,0.0
11,204,250,3,identity,2048,8,0,0,0,2048,0,0,0,0,0,0,0,0,0,5810,5810,1,4,1,4,0.0
11,204,250,3,population_count,2048,8,0,0,0,2048,0,0,0,0,0,0,0,0,0,5810,5810,1,4,1,4,0.0
11,204,250,4,identity,2048,16,0,0,0,2048,0,0,0,0,0,0,0,0,0,6162,6162,1,5,1,5,0.0
11,204,250,4,population_count,2048,16,0,0,0,2048,0,0,0,0,0,0,0,0,0,6162,6162,1,5,1,5,0.0
11,204,250,5,identity,2048,32,0,0,0,2048,0,0,0,0,0,0,0,0,0,6338,6338,1,6,1,6,0.0
11,204,250,5,population_count,2048,32,0,0,0,2048,0,0,0,0,0,0,0,0,0,6338,6338,1,6,1,6,0.0
11,204,250,6,identity,2048,64,0,0,0,2048,0,0,0,0,0,0,0,0,0,6426,6426,1,7,1,7,0.0
11,204,250,6,population_count,2048,64,0,0,0,2048,0,0,0,0,0,0,0,0,0,6426,6426,1,7,1,7,0.0
