A,B,dispatch,trace,K,shift,useful_inheritance,cases,same_task_map,sum_uncompiled,sum_frozen,sum_replace,sum_revisable,revision_win_uncompiled,revision_tie_uncompiled,revision_loss_uncompiled,revision_win_frozen,revision_tie_frozen,revision_loss_frozen,revision_win_replace,revision_tie_replace,revision_loss_replace
0,51,0,0,1,unchanged,0,16,16,180,308,308,308,0,0,16,0,16,0,0,16,0
0,51,0,0,1,one_edit,0,64,40,720,1232,1232,1232,0,0,64,0,64,0,0,64,0
0,51,0,0,1,far,0,176,70,1980,3388,3388,3388,0,0,176,0,176,0,0,176,0
0,51,0,0,4,unchanged,0,16,16,240,368,368,368,0,0,16,0,16,0,0,16,0
0,51,0,0,4,one_edit,0,64,40,960,1472,1472,1472,0,0,64,0,64,0,0,64,0
0,51,0,0,4,far,0,176,70,2640,4048,4048,4048,0,0,176,0,176,0,0,176,0
0,51,0,0,16,unchanged,0,16,16,480,608,608,608,0,0,16,0,16,0,0,16,0
0,51,0,0,16,one_edit,0,64,40,1920,2432,2432,2432,0,0,64,0,64,0,0,64,0
0,51,0,0,16,far,0,176,70,5280,6688,6688,6688,0,0,176,0,176,0,0,176,0
0,51,0,2,1,unchanged,0,16,16,180,308,308,340,0,0,16,0,0,16,0,0,16
0,51,0,2,1,one_edit,0,64,40,720,1232,1232,1360,0,0,64,0,0,64,0,0,64
0,51,0,2,1,far,0,176,70,1980,3388,3388,3740,0,0,176,0,0,176,0,0,176
0,51,0,2,4,unchanged,0,16,16,240,368,368,400,0,0,16,0,0,16,0,0,16
0,51,0,2,4,one_edit,0,64,40,960,1472,1472,1600,0,0,64,0,0,64,0,0,64
0,51,0,2,4,far,0,176,70,2640,4048,4048,4400,0,0,176,0,0,176,0,0,176
0,51,0,2,16,unchanged,0,16,16,480,608,608,640,0,0,16,0,0,16,0,0,16
0,51,0,2,16,one_edit,0,64,40,1920,2432,2432,2560,0,0,64,0,0,64,0,0,64
0,51,0,2,16,far,0,176,70,5280,6688,6688,7040,0,0,176,0,0,176,0,0,176
0,51,0,4,1,unchanged,0,16,16,180,308,308,372,0,0,16,0,0,16,0,0,16
0,51,0,4,1,one_edit,0,64,40,720,1232,1232,1488,0,0,64,0,0,64,0,0,64
0,51,0,4,1,far,0,176,70,1980,3388,3388,4092,0,0,176,0,0,176,0,0,176
0,51,0,4,4,unchanged,0,16,16,240,368,368,432,0,0,16,0,0,16,0,0,16
0,51,0,4,4,one_edit,0,64,40,960,1472,1472,1728,0,0,64,0,0,64,0,0,64
0,51,0,4,4,far,0,176,70,2640,4048,4048,4752,0,0,176,0,0,176,0,0,176
0,51,0,4,16,unchanged,0,16,16,480,608,608,672,0,0,16,0,0,16,0,0,16
0,51,0,4,16,one_edit,0,64,40,1920,2432,2432,2688,0,0,64,0,0,64,0,0,64
0,51,0,4,16,far,0,176,70,5280,6688,6688,7392,0,0,176,0,0,176,0,0,176
0,51,0,8,1,unchanged,0,16,16,180,308,308,436,0,0,16,0,0,16,0,0,16
0,51,0,8,1,one_edit,0,64,40,720,1232,1232,1744,0,0,64,0,0,64,0,0,64
0,51,0,8,1,far,0,176,70,1980,3388,3388,4796,0,0,176,0,0,176,0,0,176
0,51,0,8,4,unchanged,0,16,16,240,368,368,496,0,0,16,0,0,16,0,0,16
0,51,0,8,4,one_edit,0,64,40,960,1472,1472,1984,0,0,64,0,0,64,0,0,64
0,51,0,8,4,far,0,176,70,2640,4048,4048,5456,0,0,176,0,0,176,0,0,176
0,51,0,8,16,unchanged,0,16,16,480,608,608,736,0,0,16,0,0,16,0,0,16
0,51,0,8,16,one_edit,0,64,40,1920,2432,2432,2944,0,0,64,0,0,64,0,0,64
0,51,0,8,16,far,0,176,70,5280,6688,6688,8096,0,0,176,0,0,176,0,0,176
0,51,1,0,1,unchanged,0,16,16,360,488,488,488,0,0,16,0,16,0,0,16,0
0,51,1,0,1,one_edit,0,64,40,1440,1952,1952,1952,0,0,64,0,64,0,0,64,0
0,51,1,0,1,far,0,176,70,3960,5368,5368,5368,0,0,176,0,176,0,0,176,0
0,51,1,0,4,unchanged,0,16,16,480,608,608,608,0,0,16,0,16,0,0,16,0
0,51,1,0,4,one_edit,0,64,40,1920,2432,2432,2432,0,0,64,0,64,0,0,64,0
0,51,1,0,4,far,0,176,70,5280,6688,6688,6688,0,0,176,0,176,0,0,176,0
0,51,1,0,16,unchanged,0,16,16,960,1088,1088,1088,0,0,16,0,16,0,0,16,0
0,51,1,0,16,one_edit,0,64,40,3840,4352,4352,4352,0,0,64,0,64,0,0,64,0
0,51,1,0,16,far,0,176,70,10560,11968,11968,11968,0,0,176,0,176,0,0,176,0
0,51,1,2,1,unchanged,0,16,16,360,488,488,520,0,0,16,0,0,16,0,0,16
0,51,1,2,1,one_edit,0,64,40,1440,1952,1952,2080,0,0,64,0,0,64,0,0,64
0,51,1,2,1,far,0,176,70,3960,5368,5368,5720,0,0,176,0,0,176,0,0,176
0,51,1,2,4,unchanged,0,16,16,480,608,608,640,0,0,16,0,0,16,0,0,16
0,51,1,2,4,one_edit,0,64,40,1920,2432,2432,2560,0,0,64,0,0,64,0,0,64
0,51,1,2,4,far,0,176,70,5280,6688,6688,7040,0,0,176,0,0,176,0,0,176
0,51,1,2,16,unchanged,0,16,16,960,1088,1088,1120,0,0,16,0,0,16,0,0,16
0,51,1,2,16,one_edit,0,64,40,3840,4352,4352,4480,0,0,64,0,0,64,0,0,64
0,51,1,2,16,far,0,176,70,10560,11968,11968,12320,0,0,176,0,0,176,0,0,176
0,51,1,4,1,unchanged,0,16,16,360,488,488,552,0,0,16,0,0,16,0,0,16
0,51,1,4,1,one_edit,0,64,40,1440,1952,1952,2208,0,0,64,0,0,64,0,0,64
0,51,1,4,1,far,0,176,70,3960,5368,5368,6072,0,0,176,0,0,176,0,0,176
0,51,1,4,4,unchanged,0,16,16,480,608,608,672,0,0,16,0,0,16,0,0,16
0,51,1,4,4,one_edit,0,64,40,1920,2432,2432,2688,0,0,64,0,0,64,0,0,64
0,51,1,4,4,far,0,176,70,5280,6688,6688,7392,0,0,176,0,0,176,0,0,176
0,51,1,4,16,unchanged,0,16,16,960,1088,1088,1152,0,0,16,0,0,16,0,0,16
0,51,1,4,16,one_edit,0,64,40,3840,4352,4352,4608,0,0,64,0,0,64,0,0,64
0,51,1,4,16,far,0,176,70,10560,11968,11968,12672,0,0,176,0,0,176,0,0,176
0,51,1,8,1,unchanged,0,16,16,360,488,488,616,0,0,16,0,0,16,0,0,16
0,51,1,8,1,one_edit,0,64,40,1440,1952,1952,2464,0,0,64,0,0,64,0,0,64
0,51,1,8,1,far,0,176,70,3960,5368,5368,6776,0,0,176,0,0,176,0,0,176
0,51,1,8,4,unchanged,0,16,16,480,608,608,736,0,0,16,0,0,16,0,0,16
0,51,1,8,4,one_edit,0,64,40,1920,2432,2432,2944,0,0,64,0,0,64,0,0,64
0,51,1,8,4,far,0,176,70,5280,6688,6688,8096,0,0,176,0,0,176,0,0,176
0,51,1,8,16,unchanged,0,16,16,960,1088,1088,1216,0,0,16,0,0,16,0,0,16
0,51,1,8,16,one_edit,0,64,40,3840,4352,4352,4864,0,0,64,0,0,64,0,0,64
0,51,1,8,16,far,0,176,70,10560,11968,11968,13376,0,0,176,0,0,176,0,0,176
0,51,2,0,1,unchanged,0,16,16,540,668,668,668,0,0,16,0,16,0,0,16,0
0,51,2,0,1,one_edit,0,64,40,2160,2672,2672,2672,0,0,64,0,64,0,0,64,0
0,51,2,0,1,far,0,176,70,5940,7348,7348,7348,0,0,176,0,176,0,0,176,0
0,51,2,0,4,unchanged,0,16,16,720,848,848,848,0,0,16,0,16,0,0,16,0
0,51,2,0,4,one_edit,0,64,40,2880,3392,3392,3392,0,0,64,0,64,0,0,64,0
0,51,2,0,4,far,0,176,70,7920,9328,9328,9328,0,0,176,0,176,0,0,176,0
0,51,2,0,16,unchanged,0,16,16,1440,1568,1568,1568,0,0,16,0,16,0,0,16,0
0,51,2,0,16,one_edit,0,64,40,5760,6272,6272,6272,0,0,64,0,64,0,0,64,0
0,51,2,0,16,far,0,176,70,15840,17248,17248,17248,0,0,176,0,176,0,0,176,0
0,51,2,2,1,unchanged,0,16,16,540,668,668,700,0,0,16,0,0,16,0,0,16
0,51,2,2,1,one_edit,0,64,40,2160,2672,2672,2800,0,0,64,0,0,64,0,0,64
0,51,2,2,1,far,0,176,70,5940,7348,7348,7700,0,0,176,0,0,176,0,0,176
0,51,2,2,4,unchanged,0,16,16,720,848,848,880,0,0,16,0,0,16,0,0,16
0,51,2,2,4,one_edit,0,64,40,2880,3392,3392,3520,0,0,64,0,0,64,0,0,64
0,51,2,2,4,far,0,176,70,7920,9328,9328,9680,0,0,176,0,0,176,0,0,176
0,51,2,2,16,unchanged,0,16,16,1440,1568,1568,1600,0,0,16,0,0,16,0,0,16
0,51,2,2,16,one_edit,0,64,40,5760,6272,6272,6400,0,0,64,0,0,64,0,0,64
0,51,2,2,16,far,0,176,70,15840,17248,17248,17600,0,0,176,0,0,176,0,0,176
0,51,2,4,1,unchanged,0,16,16,540,668,668,732,0,0,16,0,0,16,0,0,16
0,51,2,4,1,one_edit,0,64,40,2160,2672,2672,2928,0,0,64,0,0,64,0,0,64
0,51,2,4,1,far,0,176,70,5940,7348,7348,8052,0,0,176,0,0,176,0,0,176
0,51,2,4,4,unchanged,0,16,16,720,848,848,912,0,0,16,0,0,16,0,0,16
0,51,2,4,4,one_edit,0,64,40,2880,3392,3392,3648,0,0,64,0,0,64,0,0,64
0,51,2,4,4,far,0,176,70,7920,9328,9328,10032,0,0,176,0,0,176,0,0,176
0,51,2,4,16,unchanged,0,16,16,1440,1568,1568,1632,0,0,16,0,0,16,0,0,16
0,51,2,4,16,one_edit,0,64,40,5760,6272,6272,6528,0,0,64,0,0,64,0,0,64
0,51,2,4,16,far,0,176,70,15840,17248,17248,17952,0,0,176,0,0,176,0,0,176
0,51,2,8,1,unchanged,0,16,16,540,668,668,796,0,0,16,0,0,16,0,0,16
0,51,2,8,1,one_edit,0,64,40,2160,2672,2672,3184,0,0,64,0,0,64,0,0,64
0,51,2,8,1,far,0,176,70,5940,7348,7348,8756,0,0,176,0,0,176,0,0,176
0,51,2,8,4,unchanged,0,16,16,720,848,848,976,0,0,16,0,0,16,0,0,16
0,51,2,8,4,one_edit,0,64,40,2880,3392,3392,3904,0,0,64,0,0,64,0,0,64
0,51,2,8,4,far,0,176,70,7920,9328,9328,10736,0,0,176,0,0,176,0,0,176
0,51,2,8,16,unchanged,0,16,16,1440,1568,1568,1696,0,0,16,0,0,16,0,0,16
0,51,2,8,16,one_edit,0,64,40,5760,6272,6272,6784,0,0,64,0,0,64,0,0,64
0,51,2,8,16,far,0,176,70,15840,17248,17248,18656,0,0,176,0,0,176,0,0,176
0,51,4,0,1,unchanged,0,11,11,450,538,538,538,0,0,11,0,11,0,0,11,0
0,51,4,0,1,one_edit,0,44,30,1860,2212,2212,2212,0,0,44,0,44,0,0,44,0
0,51,4,0,1,far,0,121,60,5190,6158,6158,6158,0,0,121,0,121,0,0,121,0
0,51,4,0,1,one_edit,1,20,10,1740,1560,1560,1560,20,0,0,0,20,0,0,20,0
0,51,4,0,1,unchanged,1,5,5,450,400,400,400,5,0,0,0,5,0,0,5,0
0,51,4,0,1,far,1,55,10,4710,4250,4250,4250,55,0,0,0,55,0,0,55,0
0,51,4,0,4,unchanged,0,11,11,600,688,688,688,0,0,11,0,11,0,0,11,0
0,51,4,0,4,one_edit,0,44,30,2640,2992,2992,2942,0,0,44,10,34,0,10,34,0
0,51,4,0,4,far,0,121,60,7560,8528,8528,8333,0,0,121,45,76,0,45,76,0
0,51,4,0,4,one_edit,1,20,10,2160,1920,1920,1920,20,0,0,0,20,0,0,20,0
0,51,4,0,4,unchanged,1,5,5,600,520,520,520,5,0,0,0,5,0,0,5,0
0,51,4,0,4,far,1,55,10,5640,5120,5120,5120,55,0,0,0,55,0,0,55,0
0,51,4,0,16,unchanged,0,11,11,1200,1288,1288,1288,0,0,11,0,11,0,0,11,0
0,51,4,0,16,one_edit,0,44,30,5760,6112,5872,5822,10,0,34,10,34,0,10,34,0
0,51,4,0,16,far,0,121,60,17040,18008,16928,16733,45,0,76,45,76,0,45,76,0
0,51,4,0,16,one_edit,1,20,10,3840,3360,3360,3360,20,0,0,0,20,0,0,20,0
0,51,4,0,16,unchanged,1,5,5,1200,1000,1000,1000,5,0,0,0,5,0,0,5,0
0,51,4,0,16,far,1,55,10,9360,8600,8600,8600,55,0,0,0,55,0,0,55,0
0,51,4,2,1,unchanged,0,11,11,450,538,538,560,0,0,11,0,0,11,0,0,11
0,51,4,2,1,one_edit,0,44,30,1860,2212,2212,2300,0,0,44,0,0,44,0,0,44
0,51,4,2,1,far,0,121,60,5190,6158,6158,6400,0,0,121,0,0,121,0,0,121
0,51,4,2,1,one_edit,1,20,10,1740,1560,1560,1600,20,0,0,0,0,20,0,0,20
0,51,4,2,1,unchanged,1,5,5,450,400,400,410,5,0,0,0,0,5,0,0,5
0,51,4,2,1,far,1,55,10,4710,4250,4250,4360,55,0,0,0,0,55,0,0,55
0,51,4,2,4,unchanged,0,11,11,600,688,688,710,0,0,11,0,0,11,0,0,11
0,51,4,2,4,one_edit,0,44,30,2640,2992,2992,3030,0,0,44,10,0,34,10,0,34
0,51,4,2,4,far,0,121,60,7560,8528,8528,8575,0,0,121,45,0,76,45,0,76
0,51,4,2,4,one_edit,1,20,10,2160,1920,1920,1960,20,0,0,0,0,20,0,0,20
0,51,4,2,4,unchanged,1,5,5,600,520,520,530,5,0,0,0,0,5,0,0,5
0,51,4,2,4,far,1,55,10,5640,5120,5120,5230,55,0,0,0,0,55,0,0,55
0,51,4,2,16,unchanged,0,11,11,1200,1288,1288,1310,0,0,11,0,0,11,0,0,11
0,51,4,2,16,one_edit,0,44,30,5760,6112,5872,5910,10,0,34,10,0,34,10,0,34
0,51,4,2,16,far,0,121,60,17040,18008,16928,16975,45,0,76,45,0,76,45,0,76
0,51,4,2,16,one_edit,1,20,10,3840,3360,3360,3400,20,0,0,0,0,20,0,0,20
0,51,4,2,16,unchanged,1,5,5,1200,1000,1000,1010,5,0,0,0,0,5,0,0,5
0,51,4,2,16,far,1,55,10,9360,8600,8600,8710,55,0,0,0,0,55,0,0,55
0,51,4,4,1,unchanged,0,11,11,450,538,538,582,0,0,11,0,0,11,0,0,11
0,51,4,4,1,one_edit,0,44,30,1860,2212,2212,2388,0,0,44,0,0,44,0,0,44
0,51,4,4,1,far,0,121,60,5190,6158,6158,6642,0,0,121,0,0,121,0,0,121
0,51,4,4,1,one_edit,1,20,10,1740,1560,1560,1640,20,0,0,0,0,20,0,0,20
0,51,4,4,1,unchanged,1,5,5,450,400,400,420,5,0,0,0,0,5,0,0,5
0,51,4,4,1,far,1,55,10,4710,4250,4250,4470,55,0,0,0,0,55,0,0,55
0,51,4,4,4,unchanged,0,11,11,600,688,688,732,0,0,11,0,0,11,0,0,11
0,51,4,4,4,one_edit,0,44,30,2640,2992,2992,3118,0,0,44,10,0,34,10,0,34
0,51,4,4,4,far,0,121,60,7560,8528,8528,8817,0,0,121,30,0,91,30,0,91
0,51,4,4,4,one_edit,1,20,10,2160,1920,1920,2000,20,0,0,0,0,20,0,0,20
0,51,4,4,4,unchanged,1,5,5,600,520,520,540,5,0,0,0,0,5,0,0,5
0,51,4,4,4,far,1,55,10,5640,5120,5120,5340,55,0,0,0,0,55,0,0,55
0,51,4,4,16,unchanged,0,11,11,1200,1288,1288,1332,0,0,11,0,0,11,0,0,11
0,51,4,4,16,one_edit,0,44,30,5760,6112,5872,5998,10,0,34,10,0,34,10,0,34
0,51,4,4,16,far,0,121,60,17040,18008,16928,17217,45,0,76,45,0,76,30,0,91
0,51,4,4,16,one_edit,1,20,10,3840,3360,3360,3440,20,0,0,0,0,20,0,0,20
0,51,4,4,16,unchanged,1,5,5,1200,1000,1000,1020,5,0,0,0,0,5,0,0,5
0,51,4,4,16,far,1,55,10,9360,8600,8600,8820,55,0,0,0,0,55,0,0,55
0,51,4,8,1,unchanged,0,11,11,450,538,538,626,0,0,11,0,0,11,0,0,11
0,51,4,8,1,one_edit,0,44,30,1860,2212,2212,2564,0,0,44,0,0,44,0,0,44
0,51,4,8,1,far,0,121,60,5190,6158,6158,7126,0,0,121,0,0,121,0,0,121
0,51,4,8,1,one_edit,1,20,10,1740,1560,1560,1720,10,10,0,0,0,20,0,0,20
0,51,4,8,1,unchanged,1,5,5,450,400,400,440,5,0,0,0,0,5,0,0,5
0,51,4,8,1,far,1,55,10,4710,4250,4250,4690,10,45,0,0,0,55,0,0,55
0,51,4,8,4,unchanged,0,11,11,600,688,688,776,0,0,11,0,0,11,0,0,11
0,51,4,8,4,one_edit,0,44,30,2640,2992,2992,3294,0,0,44,0,0,44,0,0,44
0,51,4,8,4,far,0,121,60,7560,8528,8528,9301,0,0,121,0,0,121,0,0,121
0,51,4,8,4,one_edit,1,20,10,2160,1920,1920,2080,10,10,0,0,0,20,0,0,20
0,51,4,8,4,unchanged,1,5,5,600,520,520,560,5,0,0,0,0,5,0,0,5
0,51,4,8,4,far,1,55,10,5640,5120,5120,5560,10,45,0,0,0,55,0,0,55
0,51,4,8,16,unchanged,0,11,11,1200,1288,1288,1376,0,0,11,0,0,11,0,0,11
0,51,4,8,16,one_edit,0,44,30,5760,6112,5872,6174,10,0,34,10,0,34,0,0,44
0,51,4,8,16,far,0,121,60,17040,18008,16928,17701,45,0,76,45,0,76,0,0,121
0,51,4,8,16,one_edit,1,20,10,3840,3360,3360,3520,10,10,0,0,0,20,0,0,20
0,51,4,8,16,unchanged,1,5,5,1200,1000,1000,1040,5,0,0,0,0,5,0,0,5
0,51,4,8,16,far,1,55,10,9360,8600,8600,9040,10,45,0,0,0,55,0,0,55
4,30,0,0,1,unchanged,0,16,16,900,1028,1028,1028,0,0,16,0,16,0,0,16,0
4,30,0,0,1,one_edit,0,64,0,3600,4112,4112,4112,0,0,64,0,64,0,0,64,0
4,30,0,0,1,far,0,176,2,9900,11308,11308,11308,0,0,176,0,176,0,0,176,0
4,30,0,0,4,unchanged,0,16,16,1200,1328,1328,1328,0,0,16,0,16,0,0,16,0
4,30,0,0,4,one_edit,0,64,0,4800,5312,5312,5312,0,0,64,0,64,0,0,64,0
4,30,0,0,4,far,0,176,2,13200,14608,14608,14608,0,0,176,0,176,0,0,176,0
4,30,0,0,16,unchanged,0,16,16,2400,2528,2528,2528,0,0,16,0,16,0,0,16,0
4,30,0,0,16,one_edit,0,64,0,9600,10112,10112,10112,0,0,64,0,64,0,0,64,0
4,30,0,0,16,far,0,176,2,26400,27808,27808,27808,0,0,176,0,176,0,0,176,0
4,30,0,2,1,unchanged,0,16,16,900,1028,1028,1060,0,0,16,0,0,16,0,0,16
4,30,0,2,1,one_edit,0,64,0,3600,4112,4112,4240,0,0,64,0,0,64,0,0,64
4,30,0,2,1,far,0,176,2,9900,11308,11308,11660,0,0,176,0,0,176,0,0,176
4,30,0,2,4,unchanged,0,16,16,1200,1328,1328,1360,0,0,16,0,0,16,0,0,16
4,30,0,2,4,one_edit,0,64,0,4800,5312,5312,5440,0,0,64,0,0,64,0,0,64
4,30,0,2,4,far,0,176,2,13200,14608,14608,14960,0,0,176,0,0,176,0,0,176
4,30,0,2,16,unchanged,0,16,16,2400,2528,2528,2560,0,0,16,0,0,16,0,0,16
4,30,0,2,16,one_edit,0,64,0,9600,10112,10112,10240,0,0,64,0,0,64,0,0,64
4,30,0,2,16,far,0,176,2,26400,27808,27808,28160,0,0,176,0,0,176,0,0,176
4,30,0,4,1,unchanged,0,16,16,900,1028,1028,1092,0,0,16,0,0,16,0,0,16
4,30,0,4,1,one_edit,0,64,0,3600,4112,4112,4368,0,0,64,0,0,64,0,0,64
4,30,0,4,1,far,0,176,2,9900,11308,11308,12012,0,0,176,0,0,176,0,0,176
4,30,0,4,4,unchanged,0,16,16,1200,1328,1328,1392,0,0,16,0,0,16,0,0,16
4,30,0,4,4,one_edit,0,64,0,4800,5312,5312,5568,0,0,64,0,0,64,0,0,64
4,30,0,4,4,far,0,176,2,13200,14608,14608,15312,0,0,176,0,0,176,0,0,176
4,30,0,4,16,unchanged,0,16,16,2400,2528,2528,2592,0,0,16,0,0,16,0,0,16
4,30,0,4,16,one_edit,0,64,0,9600,10112,10112,10368,0,0,64,0,0,64,0,0,64
4,30,0,4,16,far,0,176,2,26400,27808,27808,28512,0,0,176,0,0,176,0,0,176
4,30,0,8,1,unchanged,0,16,16,900,1028,1028,1156,0,0,16,0,0,16,0,0,16
4,30,0,8,1,one_edit,0,64,0,3600,4112,4112,4624,0,0,64,0,0,64,0,0,64
4,30,0,8,1,far,0,176,2,9900,11308,11308,12716,0,0,176,0,0,176,0,0,176
4,30,0,8,4,unchanged,0,16,16,1200,1328,1328,1456,0,0,16,0,0,16,0,0,16
4,30,0,8,4,one_edit,0,64,0,4800,5312,5312,5824,0,0,64,0,0,64,0,0,64
4,30,0,8,4,far,0,176,2,13200,14608,14608,16016,0,0,176,0,0,176,0,0,176
4,30,0,8,16,unchanged,0,16,16,2400,2528,2528,2656,0,0,16,0,0,16,0,0,16
4,30,0,8,16,one_edit,0,64,0,9600,10112,10112,10624,0,0,64,0,0,64,0,0,64
4,30,0,8,16,far,0,176,2,26400,27808,27808,29216,0,0,176,0,0,176,0,0,176
4,30,1,0,1,unchanged,0,5,5,342,364,364,364,2,0,3,0,5,0,0,5,0
4,30,1,0,1,one_edit,0,20,0,1424,1520,1520,1506,4,4,12,6,14,0,6,14,0
4,30,1,0,1,far,0,55,2,4098,4356,4356,4342,12,10,33,14,41,0,14,41,0
4,30,1,0,1,far,1,121,0,15702,12014,12014,11998,121,0,0,16,105,0,16,105,0
4,30,1,0,1,one_edit,1,44,0,5776,4438,4438,4364,44,0,0,26,18,0,26,18,0
4,30,1,0,1,unchanged,1,11,11,1458,1078,1078,1078,11,0,0,0,11,0,0,11,0
4,30,1,0,4,unchanged,0,5,5,456,472,464,444,4,0,1,4,1,0,4,1,0
4,30,1,0,4,one_edit,0,20,0,2048,2144,2024,1960,8,2,10,16,4,0,16,4,0
4,30,1,0,4,far,0,55,2,6360,6600,6020,5882,48,0,7,55,0,0,50,5,0
4,30,1,0,4,far,1,121,0,20040,16112,15344,15033,121,0,0,101,20,0,97,24,0
4,30,1,0,4,one_edit,1,44,0,7552,6136,5704,5540,44,0,0,36,8,0,36,8,0
4,30,1,0,4,unchanged,1,11,11,1944,1408,1408,1405,11,0,0,3,8,0,3,8,0
4,30,1,0,16,unchanged,0,5,5,912,904,776,756,4,0,1,4,1,0,4,1,0
4,30,1,0,16,one_edit,0,20,0,4544,4640,3776,3712,16,2,2,16,4,0,16,4,0
4,30,1,0,16,far,0,55,2,15408,15576,11936,11798,55,0,0,55,0,0,50,5,0
4,30,1,0,16,far,1,121,0,37392,32504,26992,26680,121,0,0,103,18,0,98,23,0
4,30,1,0,16,one_edit,1,44,0,14656,12928,10336,10172,44,0,0,36,8,0,36,8,0
4,30,1,0,16,unchanged,1,11,11,3888,2728,2704,2689,11,0,0,3,8,0,3,8,0
4,30,1,2,1,unchanged,0,5,5,342,364,364,374,0,0,5,0,0,5,0,0,5
4,30,1,2,1,one_edit,0,20,0,1424,1520,1520,1546,2,0,18,4,0,16,4,0,16
4,30,1,2,1,far,0,55,2,4098,4356,4356,4452,0,0,55,0,0,55,0,0,55
4,30,1,2,1,far,1,121,0,15702,12014,12014,12240,121,0,0,0,0,121,0,0,121
4,30,1,2,1,one_edit,1,44,0,5776,4438,4438,4452,44,0,0,24,0,20,24,0,20
4,30,1,2,1,unchanged,1,11,11,1458,1078,1078,1100,11,0,0,0,0,11,0,0,11
4,30,1,2,4,unchanged,0,5,5,456,472,464,454,2,0,3,4,0,1,4,0,1
4,30,1,2,4,one_edit,0,20,0,2048,2144,2024,2000,8,0,12,16,0,4,16,0,4
4,30,1,2,4,far,0,55,2,6360,6600,6020,5992,42,0,13,53,0,2,32,0,23
4,30,1,2,4,far,1,121,0,20040,16112,15344,15275,121,0,0,101,0,20,76,0,45
4,30,1,2,4,one_edit,1,44,0,7552,6136,5704,5628,44,0,0,36,0,8,36,0,8
4,30,1,2,4,unchanged,1,11,11,1944,1408,1408,1427,11,0,0,0,0,11,0,0,11
4,30,1,2,16,unchanged,0,5,5,912,904,776,766,4,0,1,4,0,1,4,0,1
4,30,1,2,16,one_edit,0,20,0,4544,4640,3776,3752,16,0,4,16,0,4,16,0,4
4,30,1,2,16,far,0,55,2,15408,15576,11936,11908,55,0,0,55,0,0,32,0,23
4,30,1,2,16,far,1,121,0,37392,32504,26992,26922,121,0,0,103,0,18,76,0,45
4,30,1,2,16,one_edit,1,44,0,14656,12928,10336,10260,44,0,0,36,0,8,36,0,8
4,30,1,2,16,unchanged,1,11,11,3888,2728,2704,2711,11,0,0,3,0,8,3,0,8
4,30,1,4,1,unchanged,0,5,5,342,364,364,384,0,0,5,0,0,5,0,0,5
4,30,1,4,1,one_edit,0,20,0,1424,1520,1520,1586,0,0,20,0,0,20,0,0,20
4,30,1,4,1,far,0,55,2,4098,4356,4356,4562,0,0,55,0,0,55,0,0,55
4,30,1,4,1,far,1,121,0,15702,12014,12014,12482,121,0,0,0,0,121,0,0,121
4,30,1,4,1,one_edit,1,44,0,5776,4438,4438,4540,44,0,0,0,0,44,0,0,44
4,30,1,4,1,unchanged,1,11,11,1458,1078,1078,1122,11,0,0,0,0,11,0,0,11
4,30,1,4,4,unchanged,0,5,5,456,472,464,464,2,0,3,4,0,1,4,0,1
4,30,1,4,4,one_edit,0,20,0,2048,2144,2024,2040,8,0,12,16,0,4,8,0,12
4,30,1,4,4,far,0,55,2,6360,6600,6020,6102,41,0,14,53,0,2,12,0,43
4,30,1,4,4,far,1,121,0,20040,16112,15344,15517,121,0,0,95,4,22,31,0,90
4,30,1,4,4,one_edit,1,44,0,7552,6136,5704,5716,44,0,0,34,0,10,28,0,16
4,30,1,4,4,unchanged,1,11,11,1944,1408,1408,1449,11,0,0,0,0,11,0,0,11
4,30,1,4,16,unchanged,0,5,5,912,904,776,776,4,0,1,4,0,1,4,0,1
4,30,1,4,16,one_edit,0,20,0,4544,4640,3776,3792,16,0,4,16,0,4,8,0,12
4,30,1,4,16,far,0,55,2,15408,15576,11936,12018,55,0,0,55,0,0,12,0,43
4,30,1,4,16,far,1,121,0,37392,32504,26992,27164,121,0,0,103,0,18,31,0,90
4,30,1,4,16,one_edit,1,44,0,14656,12928,10336,10348,44,0,0,36,0,8,28,0,16
4,30,1,4,16,unchanged,1,11,11,3888,2728,2704,2733,11,0,0,3,0,8,3,0,8
4,30,1,8,1,unchanged,0,5,5,342,364,364,404,0,0,5,0,0,5,0,0,5
4,30,1,8,1,one_edit,0,20,0,1424,1520,1520,1666,0,0,20,0,0,20,0,0,20
4,30,1,8,1,far,0,55,2,4098,4356,4356,4782,0,0,55,0,0,55,0,0,55
4,30,1,8,1,far,1,121,0,15702,12014,12014,12966,108,13,0,0,0,121,0,0,121
4,30,1,8,1,one_edit,1,44,0,5776,4438,4438,4716,40,4,0,0,0,44,0,0,44
4,30,1,8,1,unchanged,1,11,11,1458,1078,1078,1166,11,0,0,0,0,11,0,0,11
4,30,1,8,4,unchanged,0,5,5,456,472,464,484,2,0,3,2,0,3,0,0,5
4,30,1,8,4,one_edit,0,20,0,2048,2144,2024,2120,8,0,12,8,0,12,0,0,20
4,30,1,8,4,far,0,55,2,6360,6600,6020,6322,36,3,16,42,0,13,0,0,55
4,30,1,8,4,far,1,121,0,20040,16112,15344,16001,118,3,0,60,0,61,0,0,121
4,30,1,8,4,one_edit,1,44,0,7552,6136,5704,5892,44,0,0,28,0,16,0,0,44
4,30,1,8,4,unchanged,1,11,11,1944,1408,1408,1493,11,0,0,0,0,11,0,0,11
4,30,1,8,16,unchanged,0,5,5,912,904,776,796,4,0,1,4,0,1,0,0,5
4,30,1,8,16,one_edit,0,20,0,4544,4640,3776,3872,16,0,4,16,0,4,0,0,20
4,30,1,8,16,far,0,55,2,15408,15576,11936,12238,55,0,0,55,0,0,0,0,55
4,30,1,8,16,far,1,121,0,37392,32504,26992,27648,118,3,0,103,0,18,0,0,121
4,30,1,8,16,one_edit,1,44,0,14656,12928,10336,10524,44,0,0,36,0,8,0,0,44
4,30,1,8,16,unchanged,1,11,11,3888,2728,2704,2777,11,0,0,3,0,8,0,0,11
4,30,2,0,1,unchanged,0,3,3,243,267,267,261,0,0,3,2,1,0,2,1,0
4,30,2,0,1,one_edit,0,12,0,1044,1140,1132,1106,2,0,10,10,2,0,10,2,0
4,30,2,0,1,far,0,33,0,3069,3333,3254,3200,0,0,33,31,2,0,28,5,0
4,30,2,0,1,one_edit,1,52,0,9756,6374,6266,6098,52,0,0,40,12,0,40,12,0
4,30,2,0,1,far,1,143,2,26631,17290,17111,16905,143,0,0,100,43,0,98,45,0
4,30,2,0,1,unchanged,1,13,13,2457,1508,1508,1508,13,0,0,0,13,0,0,13,0
4,30,2,0,4,unchanged,0,3,3,324,348,316,306,2,0,1,2,1,0,2,1,0
4,30,2,0,4,one_edit,0,12,0,1584,1680,1472,1430,10,0,2,10,2,0,10,2,0
4,30,2,0,4,far,0,33,0,5148,5412,4392,4318,33,0,0,33,0,0,30,3,0
4,30,2,0,4,one_edit,1,52,0,12816,9272,7952,7758,52,0,0,42,10,0,42,10,0
4,30,2,0,4,far,1,143,2,34452,24544,21644,21268,143,0,0,125,18,0,118,25,0
4,30,2,0,4,unchanged,1,13,13,3276,1976,1968,1958,13,0,0,2,11,0,2,11,0
4,30,2,0,16,unchanged,0,3,3,648,672,496,486,2,0,1,2,1,0,2,1,0
4,30,2,0,16,one_edit,0,12,0,3744,3840,2768,2726,10,0,2,10,2,0,10,2,0
4,30,2,0,16,far,0,33,0,13464,13728,8856,8782,33,0,0,33,0,0,30,3,0
4,30,2,0,16,one_edit,1,52,0,25056,20864,14576,14382,52,0,0,42,10,0,42,10,0
4,30,2,0,16,far,1,143,2,65736,53560,38960,38584,143,0,0,125,18,0,118,25,0
4,30,2,0,16,unchanged,1,13,13,6552,3848,3768,3758,13,0,0,2,11,0,2,11,0
4,30,2,2,1,unchanged,0,3,3,243,267,267,267,0,0,3,2,0,1,2,0,1
4,30,2,2,1,one_edit,0,12,0,1044,1140,1132,1130,0,0,12,6,0,6,6,0,6
4,30,2,2,1,far,0,33,0,3069,3333,3254,3266,0,0,33,24,2,7,13,0,20
4,30,2,2,1,one_edit,1,52,0,9756,6374,6266,6202,52,0,0,34,0,18,34,0,18
4,30,2,2,1,far,1,143,2,26631,17290,17111,17191,143,0,0,76,0,67,54,0,89
4,30,2,2,1,unchanged,1,13,13,2457,1508,1508,1534,13,0,0,0,0,13,0,0,13
4,30,2,2,4,unchanged,0,3,3,324,348,316,312,2,0,1,2,0,1,2,0,1
4,30,2,2,4,one_edit,0,12,0,1584,1680,1472,1454,10,0,2,10,0,2,10,0,2
4,30,2,2,4,far,0,33,0,5148,5412,4392,4384,33,0,0,33,0,0,18,0,15
4,30,2,2,4,one_edit,1,52,0,12816,9272,7952,7862,52,0,0,42,0,10,42,0,10
4,30,2,2,4,far,1,143,2,34452,24544,21644,21554,143,0,0,125,0,18,90,0,53
4,30,2,2,4,unchanged,1,13,13,3276,1976,1968,1984,13,0,0,2,0,11,2,0,11
4,30,2,2,16,unchanged,0,3,3,648,672,496,492,2,0,1,2,0,1,2,0,1
4,30,2,2,16,one_edit,0,12,0,3744,3840,2768,2750,10,0,2,10,0,2,10,0,2
4,30,2,2,16,far,0,33,0,13464,13728,8856,8848,33,0,0,33,0,0,18,0,15
4,30,2,2,16,one_edit,1,52,0,25056,20864,14576,14486,52,0,0,42,0,10,42,0,10
4,30,2,2,16,far,1,143,2,65736,53560,38960,38870,143,0,0,125,0,18,90,0,53
4,30,2,2,16,unchanged,1,13,13,6552,3848,3768,3784,13,0,0,2,0,11,2,0,11
4,30,2,4,1,unchanged,0,3,3,243,267,267,273,0,0,3,0,0,3,0,0,3
4,30,2,4,1,one_edit,0,12,0,1044,1140,1132,1154,0,0,12,2,0,10,2,0,10
4,30,2,4,1,far,0,33,0,3069,3333,3254,3332,0,0,33,16,4,13,0,0,33
4,30,2,4,1,one_edit,1,52,0,9756,6374,6266,6306,52,0,0,30,0,22,30,0,22
4,30,2,4,1,far,1,143,2,26631,17290,17111,17477,143,0,0,42,5,96,0,0,143
4,30,2,4,1,unchanged,1,13,13,2457,1508,1508,1560,13,0,0,0,0,13,0,0,13
4,30,2,4,4,unchanged,0,3,3,324,348,316,318,2,0,1,2,0,1,2,0,1
4,30,2,4,4,one_edit,0,12,0,1584,1680,1472,1478,10,0,2,10,0,2,6,0,6
4,30,2,4,4,far,0,33,0,5148,5412,4392,4450,33,0,0,33,0,0,4,0,29
4,30,2,4,4,one_edit,1,52,0,12816,9272,7952,7966,52,0,0,42,0,10,34,0,18
4,30,2,4,4,far,1,143,2,34452,24544,21644,21840,143,0,0,125,0,18,39,0,104
4,30,2,4,4,unchanged,1,13,13,3276,1976,1968,2010,13,0,0,2,0,11,2,0,11
4,30,2,4,16,unchanged,0,3,3,648,672,496,498,2,0,1,2,0,1,2,0,1
4,30,2,4,16,one_edit,0,12,0,3744,3840,2768,2774,10,0,2,10,0,2,6,0,6
4,30,2,4,16,far,0,33,0,13464,13728,8856,8914,33,0,0,33,0,0,4,0,29
4,30,2,4,16,one_edit,1,52,0,25056,20864,14576,14590,52,0,0,42,0,10,34,0,18
4,30,2,4,16,far,1,143,2,65736,53560,38960,39156,143,0,0,125,0,18,39,0,104
4,30,2,4,16,unchanged,1,13,13,6552,3848,3768,3810,13,0,0,2,0,11,2,0,11
4,30,2,8,1,unchanged,0,3,3,243,267,267,285,0,0,3,0,0,3,0,0,3
4,30,2,8,1,one_edit,0,12,0,1044,1140,1132,1202,0,0,12,2,0,10,0,0,12
4,30,2,8,1,far,0,33,0,3069,3333,3254,3464,0,0,33,0,0,33,0,0,33
4,30,2,8,1,one_edit,1,52,0,9756,6374,6266,6514,52,0,0,26,0,26,0,0,52
4,30,2,8,1,far,1,143,2,26631,17290,17111,18049,143,0,0,0,0,143,0,0,143
4,30,2,8,1,unchanged,1,13,13,2457,1508,1508,1612,13,0,0,0,0,13,0,0,13
4,30,2,8,4,unchanged,0,3,3,324,348,316,330,2,0,1,2,0,1,0,0,3
4,30,2,8,4,one_edit,0,12,0,1584,1680,1472,1526,10,0,2,10,0,2,0,0,12
4,30,2,8,4,far,0,33,0,5148,5412,4392,4582,33,0,0,33,0,0,0,0,33
4,30,2,8,4,one_edit,1,52,0,12816,9272,7952,8174,52,0,0,40,0,12,0,0,52
4,30,2,8,4,far,1,143,2,34452,24544,21644,22412,143,0,0,119,0,24,0,0,143
4,30,2,8,4,unchanged,1,13,13,3276,1976,1968,2062,13,0,0,2,0,11,0,0,13
4,30,2,8,16,unchanged,0,3,3,648,672,496,510,2,0,1,2,0,1,0,0,3
4,30,2,8,16,one_edit,0,12,0,3744,3840,2768,2822,10,0,2,10,0,2,0,0,12
4,30,2,8,16,far,0,33,0,13464,13728,8856,9046,33,0,0,33,0,0,0,0,33
4,30,2,8,16,one_edit,1,52,0,25056,20864,14576,14798,52,0,0,42,0,10,0,0,52
4,30,2,8,16,far,1,143,2,65736,53560,38960,39728,143,0,0,125,0,18,0,0,143
4,30,2,8,16,unchanged,1,13,13,6552,3848,3768,3862,13,0,0,2,0,11,0,0,13
4,30,4,0,1,unchanged,0,1,1,45,53,53,53,0,0,1,0,1,0,0,1,0
4,30,4,0,1,one_edit,0,4,0,250,282,266,254,0,0,4,4,0,0,4,0,0
4,30,4,0,1,far,0,11,0,845,933,792,770,11,0,0,11,0,0,10,1,0
4,30,4,0,1,one_edit,1,60,0,17750,9952,9396,9178,60,0,0,46,14,0,46,14,0
4,30,4,0,1,unchanged,1,15,15,4455,2280,2280,2270,15,0,0,2,13,0,2,13,0
4,30,4,0,1,far,1,165,2,48655,27120,25867,25521,165,0,0,139,26,0,130,35,0
4,30,4,0,4,unchanged,0,1,1,60,68,68,68,0,0,1,0,1,0,0,1,0
4,30,4,0,4,one_edit,0,4,0,520,552,392,380,4,0,0,4,0,0,4,0,0
4,30,4,0,4,far,0,11,0,2060,2148,1320,1298,11,0,0,11,0,0,10,1,0
4,30,4,0,4,one_edit,1,60,0,23480,15328,11976,11732,60,0,0,52,8,0,52,8,0
4,30,4,0,4,unchanged,1,15,15,5940,3000,2944,2924,15,0,0,4,11,0,4,11,0
4,30,4,0,4,far,1,165,2,63940,41160,32764,32400,165,0,0,151,14,0,140,25,0
4,30,4,0,16,unchanged,0,1,1,120,128,128,128,0,0,1,0,1,0,0,1,0
4,30,4,0,16,one_edit,0,4,0,1600,1632,896,884,4,0,0,4,0,0,4,0,0
4,30,4,0,16,far,0,11,0,6920,7008,3432,3410,11,0,0,11,0,0,10,1,0
4,30,4,0,16,one_edit,1,60,0,46400,36832,22176,21932,60,0,0,52,8,0,52,8,0
4,30,4,0,16,unchanged,1,15,15,11880,5880,5560,5540,15,0,0,4,11,0,4,11,0
4,30,4,0,16,far,1,165,2,125080,97320,60088,59724,165,0,0,152,13,0,140,25,0
4,30,4,2,1,unchanged,0,1,1,45,53,53,55,0,0,1,0,0,1,0,0,1
4,30,4,2,1,one_edit,0,4,0,250,282,266,262,0,0,4,4,0,0,4,0,0
4,30,4,2,1,far,0,11,0,845,933,792,792,8,0,3,11,0,0,6,0,5
4,30,4,2,1,one_edit,1,60,0,17750,9952,9396,9298,60,0,0,46,0,14,46,0,14
4,30,4,2,1,unchanged,1,15,15,4455,2280,2280,2300,15,0,0,2,0,13,2,0,13
4,30,4,2,1,far,1,165,2,48655,27120,25867,25851,165,0,0,131,8,26,88,8,69
4,30,4,2,4,unchanged,0,1,1,60,68,68,70,0,0,1,0,0,1,0,0,1
4,30,4,2,4,one_edit,0,4,0,520,552,392,388,4,0,0,4,0,0,4,0,0
4,30,4,2,4,far,0,11,0,2060,2148,1320,1320,11,0,0,11,0,0,6,0,5
4,30,4,2,4,one_edit,1,60,0,23480,15328,11976,11852,60,0,0,52,0,8,52,0,8
4,30,4,2,4,unchanged,1,15,15,5940,3000,2944,2954,15,0,0,4,0,11,4,0,11
4,30,4,2,4,far,1,165,2,63940,41160,32764,32730,165,0,0,149,0,16,92,0,73
4,30,4,2,16,unchanged,0,1,1,120,128,128,130,0,0,1,0,0,1,0,0,1
4,30,4,2,16,one_edit,0,4,0,1600,1632,896,892,4,0,0,4,0,0,4,0,0
4,30,4,2,16,far,0,11,0,6920,7008,3432,3432,11,0,0,11,0,0,6,0,5
4,30,4,2,16,one_edit,1,60,0,46400,36832,22176,22052,60,0,0,52,0,8,52,0,8
4,30,4,2,16,unchanged,1,15,15,11880,5880,5560,5570,15,0,0,4,0,11,4,0,11
4,30,4,2,16,far,1,165,2,125080,97320,60088,60054,165,0,0,152,0,13,92,0,73
4,30,4,4,1,unchanged,0,1,1,45,53,53,57,0,0,1,0,0,1,0,0,1
4,30,4,4,1,one_edit,0,4,0,250,282,266,270,0,0,4,4,0,0,0,0,4
4,30,4,4,1,far,0,11,0,845,933,792,814,8,0,3,11,0,0,0,0,11
4,30,4,4,1,one_edit,1,60,0,17750,9952,9396,9418,60,0,0,46,0,14,40,0,20
4,30,4,4,1,unchanged,1,15,15,4455,2280,2280,2330,15,0,0,2,0,13,2,0,13
4,30,4,4,1,far,1,165,2,48655,27120,25867,26181,165,0,0,124,5,36,16,0,149
4,30,4,4,4,unchanged,0,1,1,60,68,68,72,0,0,1,0,0,1,0,0,1
4,30,4,4,4,one_edit,0,4,0,520,552,392,396,4,0,0,4,0,0,0,0,4
4,30,4,4,4,far,0,11,0,2060,2148,1320,1342,11,0,0,11,0,0,0,0,11
4,30,4,4,4,one_edit,1,60,0,23480,15328,11976,11972,60,0,0,52,0,8,44,0,16
4,30,4,4,4,unchanged,1,15,15,5940,3000,2944,2984,15,0,0,4,0,11,4,0,11
4,30,4,4,4,far,1,165,2,63940,41160,32764,33060,165,0,0,147,0,18,20,0,145
4,30,4,4,16,unchanged,0,1,1,120,128,128,132,0,0,1,0,0,1,0,0,1
4,30,4,4,16,one_edit,0,4,0,1600,1632,896,900,4,0,0,4,0,0,0,0,4
4,30,4,4,16,far,0,11,0,6920,7008,3432,3454,11,0,0,11,0,0,0,0,11
4,30,4,4,16,one_edit,1,60,0,46400,36832,22176,22172,60,0,0,52,0,8,44,0,16
4,30,4,4,16,unchanged,1,15,15,11880,5880,5560,5600,15,0,0,4,0,11,4,0,11
4,30,4,4,16,far,1,165,2,125080,97320,60088,60384,165,0,0,152,0,13,20,0,145
4,30,4,8,1,unchanged,0,1,1,45,53,53,61,0,0,1,0,0,1,0,0,1
4,30,4,8,1,one_edit,0,4,0,250,282,266,286,0,0,4,0,0,4,0,0,4
4,30,4,8,1,far,0,11,0,845,933,792,858,6,1,4,11,0,0,0,0,11
4,30,4,8,1,one_edit,1,60,0,17750,9952,9396,9658,60,0,0,40,0,20,0,0,60
4,30,4,8,1,unchanged,1,15,15,4455,2280,2280,2390,15,0,0,0,0,15,0,0,15
4,30,4,8,1,far,1,165,2,48655,27120,25867,26841,165,0,0,90,0,75,0,0,165
4,30,4,8,4,unchanged,0,1,1,60,68,68,76,0,0,1,0,0,1,0,0,1
4,30,4,8,4,one_edit,0,4,0,520,552,392,412,4,0,0,4,0,0,0,0,4
4,30,4,8,4,far,0,11,0,2060,2148,1320,1386,11,0,0,11,0,0,0,0,11
4,30,4,8,4,one_edit,1,60,0,23480,15328,11976,12212,60,0,0,48,0,12,0,0,60
4,30,4,8,4,unchanged,1,15,15,5940,3000,2944,3044,15,0,0,4,0,11,0,0,15
4,30,4,8,4,far,1,165,2,63940,41160,32764,33720,165,0,0,147,0,18,0,0,165
4,30,4,8,16,unchanged,0,1,1,120,128,128,136,0,0,1,0,0,1,0,0,1
4,30,4,8,16,one_edit,0,4,0,1600,1632,896,916,4,0,0,4,0,0,0,0,4
4,30,4,8,16,far,0,11,0,6920,7008,3432,3498,11,0,0,11,0,0,0,0,11
4,30,4,8,16,one_edit,1,60,0,46400,36832,22176,22412,60,0,0,52,0,8,0,0,60
4,30,4,8,16,unchanged,1,15,15,11880,5880,5560,5660,15,0,0,4,0,11,0,0,15
4,30,4,8,16,far,1,165,2,125080,97320,60088,61044,165,0,0,152,0,13,0,0,165
30,110,0,0,1,unchanged,0,16,16,1152,1280,1280,1280,0,0,16,0,16,0,0,16,0
30,110,0,0,1,one_edit,0,64,0,4608,5120,5120,5120,0,0,64,0,64,0,0,64,0
30,110,0,0,1,far,0,176,0,12672,14080,14080,14080,0,0,176,0,176,0,0,176,0
30,110,0,0,4,unchanged,0,16,16,1536,1664,1664,1664,0,0,16,0,16,0,0,16,0
30,110,0,0,4,one_edit,0,64,0,6144,6656,6656,6656,0,0,64,0,64,0,0,64,0
30,110,0,0,4,far,0,176,0,16896,18304,18304,18304,0,0,176,0,176,0,0,176,0
30,110,0,0,16,unchanged,0,16,16,3072,3200,3200,3200,0,0,16,0,16,0,0,16,0
30,110,0,0,16,one_edit,0,64,0,12288,12800,12800,12800,0,0,64,0,64,0,0,64,0
30,110,0,0,16,far,0,176,0,33792,35200,35200,35200,0,0,176,0,176,0,0,176,0
30,110,0,2,1,unchanged,0,16,16,1152,1280,1280,1312,0,0,16,0,0,16,0,0,16
30,110,0,2,1,one_edit,0,64,0,4608,5120,5120,5248,0,0,64,0,0,64,0,0,64
30,110,0,2,1,far,0,176,0,12672,14080,14080,14432,0,0,176,0,0,176,0,0,176
30,110,0,2,4,unchanged,0,16,16,1536,1664,1664,1696,0,0,16,0,0,16,0,0,16
30,110,0,2,4,one_edit,0,64,0,6144,6656,6656,6784,0,0,64,0,0,64,0,0,64
30,110,0,2,4,far,0,176,0,16896,18304,18304,18656,0,0,176,0,0,176,0,0,176
30,110,0,2,16,unchanged,0,16,16,3072,3200,3200,3232,0,0,16,0,0,16,0,0,16
30,110,0,2,16,one_edit,0,64,0,12288,12800,12800,12928,0,0,64,0,0,64,0,0,64
30,110,0,2,16,far,0,176,0,33792,35200,35200,35552,0,0,176,0,0,176,0,0,176
30,110,0,4,1,unchanged,0,16,16,1152,1280,1280,1344,0,0,16,0,0,16,0,0,16
30,110,0,4,1,one_edit,0,64,0,4608,5120,5120,5376,0,0,64,0,0,64,0,0,64
30,110,0,4,1,far,0,176,0,12672,14080,14080,14784,0,0,176,0,0,176,0,0,176
30,110,0,4,4,unchanged,0,16,16,1536,1664,1664,1728,0,0,16,0,0,16,0,0,16
30,110,0,4,4,one_edit,0,64,0,6144,6656,6656,6912,0,0,64,0,0,64,0,0,64
30,110,0,4,4,far,0,176,0,16896,18304,18304,19008,0,0,176,0,0,176,0,0,176
30,110,0,4,16,unchanged,0,16,16,3072,3200,3200,3264,0,0,16,0,0,16,0,0,16
30,110,0,4,16,one_edit,0,64,0,12288,12800,12800,13056,0,0,64,0,0,64,0,0,64
30,110,0,4,16,far,0,176,0,33792,35200,35200,35904,0,0,176,0,0,176,0,0,176
30,110,0,8,1,unchanged,0,16,16,1152,1280,1280,1408,0,0,16,0,0,16,0,0,16
30,110,0,8,1,one_edit,0,64,0,4608,5120,5120,5632,0,0,64,0,0,64,0,0,64
30,110,0,8,1,far,0,176,0,12672,14080,14080,15488,0,0,176,0,0,176,0,0,176
30,110,0,8,4,unchanged,0,16,16,1536,1664,1664,1792,0,0,16,0,0,16,0,0,16
30,110,0,8,4,one_edit,0,64,0,6144,6656,6656,7168,0,0,64,0,0,64,0,0,64
30,110,0,8,4,far,0,176,0,16896,18304,18304,19712,0,0,176,0,0,176,0,0,176
30,110,0,8,16,unchanged,0,16,16,3072,3200,3200,3328,0,0,16,0,0,16,0,0,16
30,110,0,8,16,one_edit,0,64,0,12288,12800,12800,13312,0,0,64,0,0,64,0,0,64
30,110,0,8,16,far,0,176,0,33792,35200,35200,36608,0,0,176,0,0,176,0,0,176
30,110,1,0,1,unchanged,1,16,16,2304,1568,1568,1568,16,0,0,0,16,0,0,16,0
30,110,1,0,1,one_edit,1,64,0,9216,6656,6656,6464,64,0,0,64,0,0,64,0,0
30,110,1,0,1,far,1,176,0,25344,18190,18190,18126,176,0,0,64,112,0,64,112,0
30,110,1,0,4,unchanged,1,16,16,3072,2048,2048,2048,16,0,0,0,16,0,0,16,0
30,110,1,0,4,one_edit,1,64,0,12288,9728,8704,8384,64,0,0,64,0,0,64,0,0
30,110,1,0,4,far,1,176,0,33792,26296,23936,23584,176,0,0,176,0,0,160,16,0
30,110,1,0,16,unchanged,1,16,16,6144,3968,3968,3968,16,0,0,0,16,0,0,16,0
30,110,1,0,16,one_edit,1,64,0,24576,22016,16384,16064,64,0,0,64,0,0,64,0,0
30,110,1,0,16,far,1,176,0,67584,58720,45056,44704,176,0,0,176,0,0,160,16,0
30,110,1,2,1,unchanged,1,16,16,2304,1568,1568,1600,16,0,0,0,0,16,0,0,16
30,110,1,2,1,one_edit,1,64,0,9216,6656,6656,6592,64,0,0,64,0,0,64,0,0
30,110,1,2,1,far,1,176,0,25344,18190,18190,18478,176,0,0,0,0,176,0,0,176
30,110,1,2,4,unchanged,1,16,16,3072,2048,2048,2080,16,0,0,0,0,16,0,0,16
30,110,1,2,4,one_edit,1,64,0,12288,9728,8704,8512,64,0,0,64,0,0,64,0,0
30,110,1,2,4,far,1,176,0,33792,26296,23936,23936,176,0,0,176,0,0,96,0,80
30,110,1,2,16,unchanged,1,16,16,6144,3968,3968,4000,16,0,0,0,0,16,0,0,16
30,110,1,2,16,one_edit,1,64,0,24576,22016,16384,16192,64,0,0,64,0,0,64,0,0
30,110,1,2,16,far,1,176,0,67584,58720,45056,45056,176,0,0,176,0,0,96,0,80
30,110,1,4,1,unchanged,1,16,16,2304,1568,1568,1632,16,0,0,0,0,16,0,0,16
30,110,1,4,1,one_edit,1,64,0,9216,6656,6656,6720,64,0,0,0,0,64,0,0,64
30,110,1,4,1,far,1,176,0,25344,18190,18190,18830,176,0,0,0,0,176,0,0,176
30,110,1,4,4,unchanged,1,16,16,3072,2048,2048,2112,16,0,0,0,0,16,0,0,16
30,110,1,4,4,one_edit,1,64,0,12288,9728,8704,8640,64,0,0,64,0,0,64,0,0
30,110,1,4,4,far,1,176,0,33792,26296,23936,24288,176,0,0,170,6,0,0,0,176
30,110,1,4,16,unchanged,1,16,16,6144,3968,3968,4032,16,0,0,0,0,16,0,0,16
30,110,1,4,16,one_edit,1,64,0,24576,22016,16384,16320,64,0,0,64,0,0,64,0,0
30,110,1,4,16,far,1,176,0,67584,58720,45056,45408,176,0,0,176,0,0,0,0,176
30,110,1,8,1,unchanged,1,16,16,2304,1568,1568,1696,16,0,0,0,0,16,0,0,16
30,110,1,8,1,one_edit,1,64,0,9216,6656,6656,6976,64,0,0,0,0,64,0,0,64
30,110,1,8,1,far,1,176,0,25344,18190,18190,19534,176,0,0,0,0,176,0,0,176
30,110,1,8,4,unchanged,1,16,16,3072,2048,2048,2176,16,0,0,0,0,16,0,0,16
30,110,1,8,4,one_edit,1,64,0,12288,9728,8704,8896,64,0,0,64,0,0,0,0,64
30,110,1,8,4,far,1,176,0,33792,26296,23936,24992,176,0,0,138,0,38,0,0,176
30,110,1,8,16,unchanged,1,16,16,6144,3968,3968,4096,16,0,0,0,0,16,0,0,16
30,110,1,8,16,one_edit,1,64,0,24576,22016,16384,16576,64,0,0,64,0,0,0,0,64
30,110,1,8,16,far,1,176,0,67584,58720,45056,46112,176,0,0,176,0,0,0,0,176
30,110,2,0,1,unchanged,1,16,16,3456,1856,1856,1856,16,0,0,0,16,0,0,16,0
30,110,2,0,1,one_edit,1,64,0,13824,8192,7936,7616,64,0,0,64,0,0,64,0,0
30,110,2,0,1,far,1,176,0,38016,22300,21748,21460,176,0,0,170,6,0,160,16,0
30,110,2,0,4,unchanged,1,16,16,4608,2432,2432,2432,16,0,0,0,16,0,0,16,0
30,110,2,0,4,one_edit,1,64,0,18432,12800,10240,9920,64,0,0,64,0,0,64,0,0
30,110,2,0,4,far,1,176,0,50688,34288,28160,27808,176,0,0,176,0,0,160,16,0
30,110,2,0,16,unchanged,1,16,16,9216,4736,4736,4736,16,0,0,0,16,0,0,16,0
30,110,2,0,16,one_edit,1,64,0,36864,31232,19456,19136,64,0,0,64,0,0,64,0,0
30,110,2,0,16,far,1,176,0,101376,82240,53504,53152,176,0,0,176,0,0,160,16,0
30,110,2,2,1,unchanged,1,16,16,3456,1856,1856,1888,16,0,0,0,0,16,0,0,16
30,110,2,2,1,one_edit,1,64,0,13824,8192,7936,7744,64,0,0,64,0,0,64,0,0
30,110,2,2,1,far,1,176,0,38016,22300,21748,21812,176,0,0,138,0,38,64,0,112
30,110,2,2,4,unchanged,1,16,16,4608,2432,2432,2464,16,0,0,0,0,16,0,0,16
30,110,2,2,4,one_edit,1,64,0,18432,12800,10240,10048,64,0,0,64,0,0,64,0,0
30,110,2,2,4,far,1,176,0,50688,34288,28160,28160,176,0,0,176,0,0,96,0,80
30,110,2,2,16,unchanged,1,16,16,9216,4736,4736,4768,16,0,0,0,0,16,0,0,16
30,110,2,2,16,one_edit,1,64,0,36864,31232,19456,19264,64,0,0,64,0,0,64,0,0
30,110,2,2,16,far,1,176,0,101376,82240,53504,53504,176,0,0,176,0,0,96,0,80
30,110,2,4,1,unchanged,1,16,16,3456,1856,1856,1920,16,0,0,0,0,16,0,0,16
30,110,2,4,1,one_edit,1,64,0,13824,8192,7936,7872,64,0,0,64,0,0,64,0,0
30,110,2,4,1,far,1,176,0,38016,22300,21748,22164,176,0,0,128,10,38,0,0,176
30,110,2,4,4,unchanged,1,16,16,4608,2432,2432,2496,16,0,0,0,0,16,0,0,16
30,110,2,4,4,one_edit,1,64,0,18432,12800,10240,10176,64,0,0,64,0,0,64,0,0
30,110,2,4,4,far,1,176,0,50688,34288,28160,28512,176,0,0,176,0,0,0,0,176
30,110,2,4,16,unchanged,1,16,16,9216,4736,4736,4800,16,0,0,0,0,16,0,0,16
30,110,2,4,16,one_edit,1,64,0,36864,31232,19456,19392,64,0,0,64,0,0,64,0,0
30,110,2,4,16,far,1,176,0,101376,82240,53504,53856,176,0,0,176,0,0,0,0,176
30,110,2,8,1,unchanged,1,16,16,3456,1856,1856,1984,16,0,0,0,0,16,0,0,16
30,110,2,8,1,one_edit,1,64,0,13824,8192,7936,8128,64,0,0,64,0,0,0,0,64
30,110,2,8,1,far,1,176,0,38016,22300,21748,22868,176,0,0,0,0,176,0,0,176
30,110,2,8,4,unchanged,1,16,16,4608,2432,2432,2560,16,0,0,0,0,16,0,0,16
30,110,2,8,4,one_edit,1,64,0,18432,12800,10240,10432,64,0,0,64,0,0,0,0,64
30,110,2,8,4,far,1,176,0,50688,34288,28160,29216,176,0,0,176,0,0,0,0,176
30,110,2,8,16,unchanged,1,16,16,9216,4736,4736,4864,16,0,0,0,0,16,0,0,16
30,110,2,8,16,one_edit,1,64,0,36864,31232,19456,19648,64,0,0,64,0,0,0,0,64
30,110,2,8,16,far,1,176,0,101376,82240,53504,54560,176,0,0,176,0,0,0,0,176
30,110,4,0,1,unchanged,1,16,16,5760,2432,2432,2432,16,0,0,0,16,0,0,16,0
30,110,4,0,1,one_edit,1,64,0,23040,11264,10240,9920,64,0,0,64,0,0,64,0,0
30,110,4,0,1,far,1,176,0,63360,30520,28160,27808,176,0,0,176,0,0,160,16,0
30,110,4,0,4,unchanged,1,16,16,7680,3200,3200,3200,16,0,0,0,16,0,0,16,0
30,110,4,0,4,one_edit,1,64,0,30720,18944,13312,12992,64,0,0,64,0,0,64,0,0
30,110,4,0,4,far,1,176,0,84480,50272,36608,36256,176,0,0,176,0,0,160,16,0
30,110,4,0,16,unchanged,1,16,16,15360,6272,6272,6272,16,0,0,0,16,0,0,16,0
30,110,4,0,16,one_edit,1,64,0,61440,49664,25600,25280,64,0,0,64,0,0,64,0,0
30,110,4,0,16,far,1,176,0,168960,129280,70400,70048,176,0,0,176,0,0,160,16,0
30,110,4,2,1,unchanged,1,16,16,5760,2432,2432,2464,16,0,0,0,0,16,0,0,16
30,110,4,2,1,one_edit,1,64,0,23040,11264,10240,10048,64,0,0,64,0,0,64,0,0
30,110,4,2,1,far,1,176,0,63360,30520,28160,28160,176,0,0,176,0,0,96,0,80
30,110,4,2,4,unchanged,1,16,16,7680,3200,3200,3232,16,0,0,0,0,16,0,0,16
30,110,4,2,4,one_edit,1,64,0,30720,18944,13312,13120,64,0,0,64,0,0,64,0,0
30,110,4,2,4,far,1,176,0,84480,50272,36608,36608,176,0,0,176,0,0,96,0,80
30,110,4,2,16,unchanged,1,16,16,15360,6272,6272,6304,16,0,0,0,0,16,0,0,16
30,110,4,2,16,one_edit,1,64,0,61440,49664,25600,25408,64,0,0,64,0,0,64,0,0
30,110,4,2,16,far,1,176,0,168960,129280,70400,70400,176,0,0,176,0,0,96,0,80
30,110,4,4,1,unchanged,1,16,16,5760,2432,2432,2496,16,0,0,0,0,16,0,0,16
30,110,4,4,1,one_edit,1,64,0,23040,11264,10240,10176,64,0,0,64,0,0,64,0,0
30,110,4,4,1,far,1,176,0,63360,30520,28160,28512,176,0,0,170,6,0,0,0,176
30,110,4,4,4,unchanged,1,16,16,7680,3200,3200,3264,16,0,0,0,0,16,0,0,16
30,110,4,4,4,one_edit,1,64,0,30720,18944,13312,13248,64,0,0,64,0,0,64,0,0
30,110,4,4,4,far,1,176,0,84480,50272,36608,36960,176,0,0,176,0,0,0,0,176
30,110,4,4,16,unchanged,1,16,16,15360,6272,6272,6336,16,0,0,0,0,16,0,0,16
30,110,4,4,16,one_edit,1,64,0,61440,49664,25600,25536,64,0,0,64,0,0,64,0,0
30,110,4,4,16,far,1,176,0,168960,129280,70400,70752,176,0,0,176,0,0,0,0,176
30,110,4,8,1,unchanged,1,16,16,5760,2432,2432,2560,16,0,0,0,0,16,0,0,16
30,110,4,8,1,one_edit,1,64,0,23040,11264,10240,10432,64,0,0,64,0,0,0,0,64
30,110,4,8,1,far,1,176,0,63360,30520,28160,29216,176,0,0,138,0,38,0,0,176
30,110,4,8,4,unchanged,1,16,16,7680,3200,3200,3328,16,0,0,0,0,16,0,0,16
30,110,4,8,4,one_edit,1,64,0,30720,18944,13312,13504,64,0,0,64,0,0,0,0,64
30,110,4,8,4,far,1,176,0,84480,50272,36608,37664,176,0,0,176,0,0,0,0,176
30,110,4,8,16,unchanged,1,16,16,15360,6272,6272,6400,16,0,0,0,0,16,0,0,16
30,110,4,8,16,one_edit,1,64,0,61440,49664,25600,25792,64,0,0,64,0,0,0,0,64
30,110,4,8,16,far,1,176,0,168960,129280,70400,71456,176,0,0,176,0,0,0,0,176
51,170,0,0,1,unchanged,0,16,16,576,704,704,704,0,0,16,0,16,0,0,16,0
51,170,0,0,1,one_edit,0,64,0,2304,2816,2816,2816,0,0,64,0,64,0,0,64,0
51,170,0,0,1,far,0,176,54,6336,7744,7744,7744,0,0,176,0,176,0,0,176,0
51,170,0,0,4,unchanged,0,16,16,768,896,896,896,0,0,16,0,16,0,0,16,0
51,170,0,0,4,one_edit,0,64,0,3072,3584,3584,3584,0,0,64,0,64,0,0,64,0
51,170,0,0,4,far,0,176,54,8448,9856,9856,9856,0,0,176,0,176,0,0,176,0
51,170,0,0,16,unchanged,0,16,16,1536,1664,1664,1664,0,0,16,0,16,0,0,16,0
51,170,0,0,16,one_edit,0,64,0,6144,6656,6656,6656,0,0,64,0,64,0,0,64,0
51,170,0,0,16,far,0,176,54,16896,18304,18304,18304,0,0,176,0,176,0,0,176,0
51,170,0,2,1,unchanged,0,16,16,576,704,704,736,0,0,16,0,0,16,0,0,16
51,170,0,2,1,one_edit,0,64,0,2304,2816,2816,2944,0,0,64,0,0,64,0,0,64
51,170,0,2,1,far,0,176,54,6336,7744,7744,8096,0,0,176,0,0,176,0,0,176
51,170,0,2,4,unchanged,0,16,16,768,896,896,928,0,0,16,0,0,16,0,0,16
51,170,0,2,4,one_edit,0,64,0,3072,3584,3584,3712,0,0,64,0,0,64,0,0,64
51,170,0,2,4,far,0,176,54,8448,9856,9856,10208,0,0,176,0,0,176,0,0,176
51,170,0,2,16,unchanged,0,16,16,1536,1664,1664,1696,0,0,16,0,0,16,0,0,16
51,170,0,2,16,one_edit,0,64,0,6144,6656,6656,6784,0,0,64,0,0,64,0,0,64
51,170,0,2,16,far,0,176,54,16896,18304,18304,18656,0,0,176,0,0,176,0,0,176
51,170,0,4,1,unchanged,0,16,16,576,704,704,768,0,0,16,0,0,16,0,0,16
51,170,0,4,1,one_edit,0,64,0,2304,2816,2816,3072,0,0,64,0,0,64,0,0,64
51,170,0,4,1,far,0,176,54,6336,7744,7744,8448,0,0,176,0,0,176,0,0,176
51,170,0,4,4,unchanged,0,16,16,768,896,896,960,0,0,16,0,0,16,0,0,16
51,170,0,4,4,one_edit,0,64,0,3072,3584,3584,3840,0,0,64,0,0,64,0,0,64
51,170,0,4,4,far,0,176,54,8448,9856,9856,10560,0,0,176,0,0,176,0,0,176
51,170,0,4,16,unchanged,0,16,16,1536,1664,1664,1728,0,0,16,0,0,16,0,0,16
51,170,0,4,16,one_edit,0,64,0,6144,6656,6656,6912,0,0,64,0,0,64,0,0,64
51,170,0,4,16,far,0,176,54,16896,18304,18304,19008,0,0,176,0,0,176,0,0,176
51,170,0,8,1,unchanged,0,16,16,576,704,704,832,0,0,16,0,0,16,0,0,16
51,170,0,8,1,one_edit,0,64,0,2304,2816,2816,3328,0,0,64,0,0,64,0,0,64
51,170,0,8,1,far,0,176,54,6336,7744,7744,9152,0,0,176,0,0,176,0,0,176
51,170,0,8,4,unchanged,0,16,16,768,896,896,1024,0,0,16,0,0,16,0,0,16
51,170,0,8,4,one_edit,0,64,0,3072,3584,3584,4096,0,0,64,0,0,64,0,0,64
51,170,0,8,4,far,0,176,54,8448,9856,9856,11264,0,0,176,0,0,176,0,0,176
51,170,0,8,16,unchanged,0,16,16,1536,1664,1664,1792,0,0,16,0,0,16,0,0,16
51,170,0,8,16,one_edit,0,64,0,6144,6656,6656,7168,0,0,64,0,0,64,0,0,64
51,170,0,8,16,far,0,176,54,16896,18304,18304,19712,0,0,176,0,0,176,0,0,176
51,170,1,0,1,unchanged,0,11,11,576,664,664,664,0,0,11,0,11,0,0,11,0
51,170,1,0,1,one_edit,0,44,0,2352,2704,2704,2704,0,0,44,0,44,0,0,44,0
51,170,1,0,1,far,0,121,42,6672,7640,7640,7634,0,0,121,6,115,0,6,115,0
51,170,1,0,1,far,1,55,12,6000,5166,5166,5166,55,0,0,0,55,0,0,55,0
51,170,1,0,1,one_edit,1,20,0,2256,1956,1956,1944,20,0,0,4,16,0,4,16,0
51,170,1,0,1,unchanged,1,5,5,576,490,490,490,5,0,0,0,5,0,0,5,0
51,170,1,0,4,unchanged,0,11,11,768,856,832,814,0,0,11,6,5,0,6,5,0
51,170,1,0,4,one_edit,0,44,0,3264,3616,3520,3472,0,0,44,24,20,0,24,20,0
51,170,1,0,4,far,0,121,42,9792,10760,10264,10088,11,0,110,91,30,0,80,41,0
51,170,1,0,4,far,1,55,12,7104,6144,6096,6024,55,0,0,24,31,0,24,31,0
51,170,1,0,4,one_edit,1,20,0,2880,2544,2432,2352,20,0,0,16,4,0,16,4,0
51,170,1,0,4,unchanged,1,5,5,768,640,640,636,5,0,0,4,1,0,4,1,0
51,170,1,0,16,unchanged,0,11,11,1536,1624,1384,1366,6,0,5,6,5,0,6,5,0
51,170,1,0,16,one_edit,0,44,0,6912,7264,6304,6256,24,0,20,24,20,0,24,20,0
51,170,1,0,16,far,0,121,42,22272,23240,19072,18896,91,0,30,91,30,0,80,41,0
51,170,1,0,16,far,1,55,12,11520,10056,9480,9360,55,0,0,24,31,0,24,31,0
51,170,1,0,16,one_edit,1,20,0,5376,4896,4064,3984,20,0,0,16,4,0,16,4,0
51,170,1,0,16,unchanged,1,5,5,1536,1240,1208,1188,5,0,0,4,1,0,4,1,0
51,170,1,2,1,unchanged,0,11,11,576,664,664,686,0,0,11,0,0,11,0,0,11
51,170,1,2,1,one_edit,0,44,0,2352,2704,2704,2792,0,0,44,0,0,44,0,0,44
51,170,1,2,1,far,0,121,42,6672,7640,7640,7876,0,0,121,0,0,121,0,0,121
51,170,1,2,1,far,1,55,12,6000,5166,5166,5276,55,0,0,0,0,55,0,0,55
51,170,1,2,1,one_edit,1,20,0,2256,1956,1956,1984,20,0,0,4,0,16,4,0,16
51,170,1,2,1,unchanged,1,5,5,576,490,490,500,5,0,0,0,0,5,0,0,5
51,170,1,2,4,unchanged,0,11,11,768,856,832,836,0,0,11,6,0,5,6,0,5
51,170,1,2,4,one_edit,0,44,0,3264,3616,3520,3560,0,0,44,24,0,20,12,0,32
51,170,1,2,4,far,0,121,42,9792,10760,10264,10330,11,0,110,91,0,30,48,0,73
51,170,1,2,4,far,1,55,12,7104,6144,6096,6134,55,0,0,12,0,43,12,0,43
51,170,1,2,4,one_edit,1,20,0,2880,2544,2432,2392,20,0,0,16,0,4,16,0,4
51,170,1,2,4,unchanged,1,5,5,768,640,640,646,5,0,0,0,0,5,0,0,5
51,170,1,2,16,unchanged,0,11,11,1536,1624,1384,1388,6,0,5,6,0,5,6,0,5
51,170,1,2,16,one_edit,0,44,0,6912,7264,6304,6344,24,0,20,24,0,20,12,0,32
51,170,1,2,16,far,0,121,42,22272,23240,19072,19138,91,0,30,91,0,30,48,0,73
51,170,1,2,16,far,1,55,12,11520,10056,9480,9470,55,0,0,24,0,31,24,0,31
51,170,1,2,16,one_edit,1,20,0,5376,4896,4064,4024,20,0,0,16,0,4,16,0,4
51,170,1,2,16,unchanged,1,5,5,1536,1240,1208,1198,5,0,0,4,0,1,4,0,1
51,170,1,4,1,unchanged,0,11,11,576,664,664,708,0,0,11,0,0,11,0,0,11
51,170,1,4,1,one_edit,0,44,0,2352,2704,2704,2880,0,0,44,0,0,44,0,0,44
51,170,1,4,1,far,0,121,42,6672,7640,7640,8118,0,0,121,0,0,121,0,0,121
51,170,1,4,1,far,1,55,12,6000,5166,5166,5386,55,0,0,0,0,55,0,0,55
51,170,1,4,1,one_edit,1,20,0,2256,1956,1956,2024,20,0,0,0,0,20,0,0,20
51,170,1,4,1,unchanged,1,5,5,576,490,490,510,5,0,0,0,0,5,0,0,5
51,170,1,4,4,unchanged,0,11,11,768,856,832,858,0,0,11,6,0,5,0,0,11
51,170,1,4,4,one_edit,0,44,0,3264,3616,3520,3648,0,0,44,24,0,20,0,0,44
51,170,1,4,4,far,0,121,42,9792,10760,10264,10572,11,0,110,81,10,30,0,0,121
51,170,1,4,4,far,1,55,12,7104,6144,6096,6244,55,0,0,12,0,43,12,0,43
51,170,1,4,4,one_edit,1,20,0,2880,2544,2432,2432,20,0,0,16,0,4,16,0,4
51,170,1,4,4,unchanged,1,5,5,768,640,640,656,5,0,0,0,0,5,0,0,5
51,170,1,4,16,unchanged,0,11,11,1536,1624,1384,1410,6,0,5,6,0,5,0,0,11
51,170,1,4,16,one_edit,0,44,0,6912,7264,6304,6432,24,0,20,24,0,20,0,0,44
51,170,1,4,16,far,0,121,42,22272,23240,19072,19380,91,0,30,91,0,30,0,0,121
51,170,1,4,16,far,1,55,12,11520,10056,9480,9580,55,0,0,24,0,31,24,0,31
51,170,1,4,16,one_edit,1,20,0,5376,4896,4064,4064,20,0,0,16,0,4,16,0,4
51,170,1,4,16,unchanged,1,5,5,1536,1240,1208,1208,5,0,0,4,0,1,4,0,1
51,170,1,8,1,unchanged,0,11,11,576,664,664,752,0,0,11,0,0,11,0,0,11
51,170,1,8,1,one_edit,0,44,0,2352,2704,2704,3056,0,0,44,0,0,44,0,0,44
51,170,1,8,1,far,0,121,42,6672,7640,7640,8602,0,0,121,0,0,121,0,0,121
51,170,1,8,1,far,1,55,12,6000,5166,5166,5606,23,32,0,0,0,55,0,0,55
51,170,1,8,1,one_edit,1,20,0,2256,1956,1956,2104,8,12,0,0,0,20,0,0,20
51,170,1,8,1,unchanged,1,5,5,576,490,490,530,5,0,0,0,0,5,0,0,5
51,170,1,8,4,unchanged,0,11,11,768,856,832,902,0,0,11,0,0,11,0,0,11
51,170,1,8,4,one_edit,0,44,0,3264,3616,3520,3824,0,0,44,0,0,44,0,0,44
51,170,1,8,4,far,0,121,42,9792,10760,10264,11056,10,1,110,11,0,110,0,0,121
51,170,1,8,4,far,1,55,12,7104,6144,6096,6464,35,20,0,12,0,43,0,0,55
51,170,1,8,4,one_edit,1,20,0,2880,2544,2432,2512,20,0,0,16,0,4,0,0,20
51,170,1,8,4,unchanged,1,5,5,768,640,640,676,5,0,0,0,0,5,0,0,5
51,170,1,8,16,unchanged,0,11,11,1536,1624,1384,1454,6,0,5,6,0,5,0,0,11
51,170,1,8,16,one_edit,0,44,0,6912,7264,6304,6608,24,0,20,24,0,20,0,0,44
51,170,1,8,16,far,0,121,42,22272,23240,19072,19864,91,0,30,91,0,30,0,0,121
51,170,1,8,16,far,1,55,12,11520,10056,9480,9800,35,20,0,24,0,31,0,0,55
51,170,1,8,16,one_edit,1,20,0,5376,4896,4064,4144,20,0,0,16,0,4,0,0,20
51,170,1,8,16,unchanged,1,5,5,1536,1240,1208,1228,5,0,0,4,0,1,0,0,5
51,170,2,0,1,unchanged,0,11,11,864,952,952,946,0,0,11,6,5,0,6,5,0
51,170,2,0,1,one_edit,0,44,0,3528,3880,3880,3844,0,0,44,12,32,0,12,32,0
51,170,2,0,1,far,0,121,42,10008,10976,10932,10828,0,0,121,69,52,0,68,53,0
51,170,2,0,1,far,1,55,12,9000,6164,6164,6128,55,0,0,12,43,0,12,43,0
51,170,2,0,1,one_edit,1,20,0,3384,2368,2352,2296,20,0,0,16,4,0,16,4,0
51,170,2,0,1,unchanged,1,5,5,864,580,580,580,5,0,0,0,5,0,0,5,0
51,170,2,0,4,unchanged,0,11,11,1152,1240,1144,1126,6,0,5,6,5,0,6,5,0
51,170,2,0,4,one_edit,0,44,0,4896,5248,4864,4792,24,0,20,24,20,0,24,20,0
51,170,2,0,4,far,0,121,42,14688,15656,13936,13700,91,0,30,91,30,0,84,37,0
51,170,2,0,4,far,1,55,12,10656,7496,7304,7244,55,0,0,12,43,0,12,43,0
51,170,2,0,4,one_edit,1,20,0,4320,3232,2880,2800,20,0,0,16,4,0,16,4,0
51,170,2,0,4,unchanged,1,5,5,1152,760,760,760,5,0,0,0,5,0,0,5,0
51,170,2,0,16,unchanged,0,11,11,2304,2392,1864,1846,6,0,5,6,5,0,6,5,0
51,170,2,0,16,one_edit,0,44,0,10368,10720,8608,8536,24,0,20,24,20,0,24,20,0
51,170,2,0,16,far,0,121,42,33408,34376,25312,25076,91,0,30,91,30,0,84,37,0
51,170,2,0,16,far,1,55,12,17280,12824,11768,11708,55,0,0,12,43,0,12,43,0
51,170,2,0,16,one_edit,1,20,0,8064,6688,4896,4816,20,0,0,16,4,0,16,4,0
51,170,2,0,16,unchanged,1,5,5,2304,1480,1480,1480,5,0,0,0,5,0,0,5,0
51,170,2,2,1,unchanged,0,11,11,864,952,952,968,0,0,11,0,0,11,0,0,11
51,170,2,2,1,one_edit,0,44,0,3528,3880,3880,3932,0,0,44,12,0,32,12,0,32
51,170,2,2,1,far,0,121,42,10008,10976,10932,11070,0,0,121,23,0,98,18,0,103
51,170,2,2,1,far,1,55,12,9000,6164,6164,6238,55,0,0,12,0,43,12,0,43
51,170,2,2,1,one_edit,1,20,0,3384,2368,2352,2336,20,0,0,16,0,4,16,0,4
51,170,2,2,1,unchanged,1,5,5,864,580,580,590,5,0,0,0,0,5,0,0,5
51,170,2,2,4,unchanged,0,11,11,1152,1240,1144,1148,6,0,5,6,0,5,6,0,5
51,170,2,2,4,one_edit,0,44,0,4896,5248,4864,4880,24,0,20,24,0,20,12,0,32
51,170,2,2,4,far,0,121,42,14688,15656,13936,13942,91,0,30,91,0,30,64,0,57
51,170,2,2,4,far,1,55,12,10656,7496,7304,7354,55,0,0,12,0,43,12,0,43
51,170,2,2,4,one_edit,1,20,0,4320,3232,2880,2840,20,0,0,16,0,4,16,0,4
51,170,2,2,4,unchanged,1,5,5,1152,760,760,770,5,0,0,0,0,5,0,0,5
51,170,2,2,16,unchanged,0,11,11,2304,2392,1864,1868,6,0,5,6,0,5,6,0,5
51,170,2,2,16,one_edit,0,44,0,10368,10720,8608,8624,24,0,20,24,0,20,12,0,32
51,170,2,2,16,far,0,121,42,33408,34376,25312,25318,91,0,30,91,0,30,64,0,57
51,170,2,2,16,far,1,55,12,17280,12824,11768,11818,55,0,0,12,0,43,12,0,43
51,170,2,2,16,one_edit,1,20,0,8064,6688,4896,4856,20,0,0,16,0,4,16,0,4
51,170,2,2,16,unchanged,1,5,5,2304,1480,1480,1490,5,0,0,0,0,5,0,0,5
51,170,2,4,1,unchanged,0,11,11,864,952,952,990,0,0,11,0,0,11,0,0,11
51,170,2,4,1,one_edit,0,44,0,3528,3880,3880,4020,0,0,44,0,0,44,0,0,44
51,170,2,4,1,far,0,121,42,10008,10976,10932,11312,0,0,121,10,1,110,0,0,121
51,170,2,4,1,far,1,55,12,9000,6164,6164,6348,55,0,0,0,0,55,0,0,55
51,170,2,4,1,one_edit,1,20,0,3384,2368,2352,2376,20,0,0,4,0,16,4,0,16
51,170,2,4,1,unchanged,1,5,5,864,580,580,600,5,0,0,0,0,5,0,0,5
51,170,2,4,4,unchanged,0,11,11,1152,1240,1144,1170,6,0,5,6,0,5,0,0,11
51,170,2,4,4,one_edit,0,44,0,4896,5248,4864,4968,24,0,20,24,0,20,12,0,32
51,170,2,4,4,far,0,121,42,14688,15656,13936,14184,91,0,30,91,0,30,12,0,109
51,170,2,4,4,far,1,55,12,10656,7496,7304,7464,55,0,0,12,0,43,12,0,43
51,170,2,4,4,one_edit,1,20,0,4320,3232,2880,2880,20,0,0,16,0,4,16,0,4
51,170,2,4,4,unchanged,1,5,5,1152,760,760,780,5,0,0,0,0,5,0,0,5
51,170,2,4,16,unchanged,0,11,11,2304,2392,1864,1890,6,0,5,6,0,5,0,0,11
51,170,2,4,16,one_edit,0,44,0,10368,10720,8608,8712,24,0,20,24,0,20,12,0,32
51,170,2,4,16,far,0,121,42,33408,34376,25312,25560,91,0,30,91,0,30,12,0,109
51,170,2,4,16,far,1,55,12,17280,12824,11768,11928,55,0,0,12,0,43,12,0,43
51,170,2,4,16,one_edit,1,20,0,8064,6688,4896,4896,20,0,0,16,0,4,16,0,4
51,170,2,4,16,unchanged,1,5,5,2304,1480,1480,1500,5,0,0,0,0,5,0,0,5
51,170,2,8,1,unchanged,0,11,11,864,952,952,1034,0,0,11,0,0,11,0,0,11
51,170,2,8,1,one_edit,0,44,0,3528,3880,3880,4196,0,0,44,0,0,44,0,0,44
51,170,2,8,1,far,0,121,42,10008,10976,10932,11796,0,0,121,0,0,121,0,0,121
51,170,2,8,1,far,1,55,12,9000,6164,6164,6568,55,0,0,0,0,55,0,0,55
51,170,2,8,1,one_edit,1,20,0,3384,2368,2352,2456,20,0,0,4,0,16,0,0,20
51,170,2,8,1,unchanged,1,5,5,864,580,580,620,5,0,0,0,0,5,0,0,5
51,170,2,8,4,unchanged,0,11,11,1152,1240,1144,1214,6,0,5,6,0,5,0,0,11
51,170,2,8,4,one_edit,0,44,0,4896,5248,4864,5144,24,0,20,24,0,20,0,0,44
51,170,2,8,4,far,0,121,42,14688,15656,13936,14668,85,6,30,91,0,30,0,0,121
51,170,2,8,4,far,1,55,12,10656,7496,7304,7684,55,0,0,12,0,43,0,0,55
51,170,2,8,4,one_edit,1,20,0,4320,3232,2880,2960,20,0,0,16,0,4,0,0,20
51,170,2,8,4,unchanged,1,5,5,1152,760,760,800,5,0,0,0,0,5,0,0,5
51,170,2,8,16,unchanged,0,11,11,2304,2392,1864,1934,6,0,5,6,0,5,0,0,11
51,170,2,8,16,one_edit,0,44,0,10368,10720,8608,8888,24,0,20,24,0,20,0,0,44
51,170,2,8,16,far,0,121,42,33408,34376,25312,26044,91,0,30,91,0,30,0,0,121
51,170,2,8,16,far,1,55,12,17280,12824,11768,12148,55,0,0,12,0,43,0,0,55
51,170,2,8,16,one_edit,1,20,0,8064,6688,4896,4976,20,0,0,16,0,4,0,0,20
51,170,2,8,16,unchanged,1,5,5,2304,1480,1480,1520,5,0,0,0,0,5,0,0,5
51,170,4,0,1,unchanged,0,5,5,360,400,400,400,0,0,5,0,5,0,0,5,0
51,170,4,0,1,one_edit,0,20,0,1560,1720,1672,1660,0,0,20,12,8,0,12,8,0
51,170,4,0,1,far,0,55,12,4800,5240,4968,4900,21,0,34,43,12,0,36,19,0
51,170,4,0,1,far,1,121,42,26880,18264,18096,17868,121,0,0,60,61,0,60,61,0
51,170,4,0,1,one_edit,1,44,0,9960,6864,6728,6588,44,0,0,28,16,0,28,16,0
51,170,4,0,1,unchanged,1,11,11,2520,1672,1672,1654,11,0,0,6,5,0,6,5,0
51,170,4,0,4,unchanged,0,5,5,480,520,520,500,0,0,5,4,1,0,4,1,0
51,170,4,0,4,one_edit,0,20,0,2400,2560,2080,2056,12,0,8,16,4,0,16,4,0
51,170,4,0,4,far,0,55,12,8640,9080,6960,6832,43,0,12,55,0,0,48,7,0
51,170,4,0,4,far,1,121,42,33600,23688,21576,21256,121,0,0,80,41,0,80,41,0
51,170,4,0,4,one_edit,1,44,0,12960,9504,8288,8128,44,0,0,32,12,0,32,12,0
51,170,4,0,4,unchanged,1,11,11,3360,2200,2056,2038,11,0,0,6,5,0,6,5,0
51,170,4,0,16,unchanged,0,5,5,960,1000,904,884,4,0,1,4,1,0,4,1,0
51,170,4,0,16,one_edit,0,20,0,5760,5920,3616,3592,16,0,4,16,4,0,16,4,0
51,170,4,0,16,far,0,55,12,24000,24440,14640,14512,55,0,0,55,0,0,48,7,0
51,170,4,0,16,far,1,121,42,60480,45384,35016,34696,121,0,0,80,41,0,80,41,0
51,170,4,0,16,one_edit,1,44,0,24960,20064,14432,14272,44,0,0,32,12,0,32,12,0
51,170,4,0,16,unchanged,1,11,11,6720,4312,3592,3574,11,0,0,6,5,0,6,5,0
51,170,4,2,1,unchanged,0,5,5,360,400,400,410,0,0,5,0,0,5,0,0,5
51,170,4,2,1,one_edit,0,20,0,1560,1720,1672,1700,0,0,20,12,0,8,0,0,20
51,170,4,2,1,far,0,55,12,4800,5240,4968,5010,5,0,50,43,0,12,16,0,39
51,170,4,2,1,far,1,121,42,26880,18264,18096,18110,121,0,0,60,0,61,60,0,61
51,170,4,2,1,one_edit,1,44,0,9960,6864,6728,6676,44,0,0,28,0,16,28,0,16
51,170,4,2,1,unchanged,1,11,11,2520,1672,1672,1676,11,0,0,6,0,5,6,0,5
51,170,4,2,4,unchanged,0,5,5,480,520,520,510,0,0,5,4,0,1,4,0,1
51,170,4,2,4,one_edit,0,20,0,2400,2560,2080,2096,12,0,8,16,0,4,4,0,16
51,170,4,2,4,far,0,55,12,8640,9080,6960,6942,43,0,12,55,0,0,28,0,27
51,170,4,2,4,far,1,121,42,33600,23688,21576,21498,121,0,0,80,0,41,80,0,41
51,170,4,2,4,one_edit,1,44,0,12960,9504,8288,8216,44,0,0,32,0,12,32,0,12
51,170,4,2,4,unchanged,1,11,11,3360,2200,2056,2060,11,0,0,6,0,5,6,0,5
51,170,4,2,16,unchanged,0,5,5,960,1000,904,894,4,0,1,4,0,1,4,0,1
51,170,4,2,16,one_edit,0,20,0,5760,5920,3616,3632,16,0,4,16,0,4,4,0,16
51,170,4,2,16,far,0,55,12,24000,24440,14640,14622,55,0,0,55,0,0,28,0,27
51,170,4,2,16,far,1,121,42,60480,45384,35016,34938,121,0,0,80,0,41,80,0,41
51,170,4,2,16,one_edit,1,44,0,24960,20064,14432,14360,44,0,0,32,0,12,32,0,12
51,170,4,2,16,unchanged,1,11,11,6720,4312,3592,3596,11,0,0,6,0,5,6,0,5
51,170,4,4,1,unchanged,0,5,5,360,400,400,420,0,0,5,0,0,5,0,0,5
51,170,4,4,1,one_edit,0,20,0,1560,1720,1672,1740,0,0,20,12,0,8,0,0,20
51,170,4,4,1,far,0,55,12,4800,5240,4968,5120,5,0,50,37,6,12,0,0,55
51,170,4,4,1,far,1,121,42,26880,18264,18096,18352,121,0,0,30,0,91,24,0,97
51,170,4,4,1,one_edit,1,44,0,9960,6864,6728,6764,44,0,0,28,0,16,28,0,16
51,170,4,4,1,unchanged,1,11,11,2520,1672,1672,1698,11,0,0,0,0,11,0,0,11
51,170,4,4,4,unchanged,0,5,5,480,520,520,520,0,0,5,4,0,1,4,0,1
51,170,4,4,4,one_edit,0,20,0,2400,2560,2080,2136,12,0,8,12,0,8,0,0,20
51,170,4,4,4,far,0,55,12,8640,9080,6960,7052,43,0,12,55,0,0,12,0,43
51,170,4,4,4,far,1,121,42,33600,23688,21576,21740,121,0,0,76,0,45,40,0,81
51,170,4,4,4,one_edit,1,44,0,12960,9504,8288,8304,44,0,0,32,0,12,32,0,12
51,170,4,4,4,unchanged,1,11,11,3360,2200,2056,2082,11,0,0,6,0,5,0,0,11
51,170,4,4,16,unchanged,0,5,5,960,1000,904,904,4,0,1,4,0,1,4,0,1
51,170,4,4,16,one_edit,0,20,0,5760,5920,3616,3672,16,0,4,16,0,4,0,0,20
51,170,4,4,16,far,0,55,12,24000,24440,14640,14732,55,0,0,55,0,0,12,0,43
51,170,4,4,16,far,1,121,42,60480,45384,35016,35180,121,0,0,80,0,41,40,0,81
51,170,4,4,16,one_edit,1,44,0,24960,20064,14432,14448,44,0,0,32,0,12,32,0,12
51,170,4,4,16,unchanged,1,11,11,6720,4312,3592,3618,11,0,0,6,0,5,0,0,11
51,170,4,8,1,unchanged,0,5,5,360,400,400,440,0,0,5,0,0,5,0,0,5
51,170,4,8,1,one_edit,0,20,0,1560,1720,1672,1820,0,0,20,0,0,20,0,0,20
51,170,4,8,1,far,0,55,12,4800,5240,4968,5340,4,1,50,21,0,34,0,0,55
51,170,4,8,1,far,1,121,42,26880,18264,18096,18836,121,0,0,18,0,103,0,0,121
51,170,4,8,1,one_edit,1,44,0,9960,6864,6728,6940,44,0,0,16,0,28,0,0,44
51,170,4,8,1,unchanged,1,11,11,2520,1672,1672,1742,11,0,0,0,0,11,0,0,11
51,170,4,8,4,unchanged,0,5,5,480,520,520,540,0,0,5,0,0,5,0,0,5
51,170,4,8,4,one_edit,0,20,0,2400,2560,2080,2216,12,0,8,12,0,8,0,0,20
51,170,4,8,4,far,0,55,12,8640,9080,6960,7272,43,0,12,43,0,12,0,0,55
51,170,4,8,4,far,1,121,42,33600,23688,21576,22224,121,0,0,60,0,61,0,0,121
51,170,4,8,4,one_edit,1,44,0,12960,9504,8288,8480,44,0,0,28,0,16,0,0,44
51,170,4,8,4,unchanged,1,11,11,3360,2200,2056,2126,11,0,0,6,0,5,0,0,11
51,170,4,8,16,unchanged,0,5,5,960,1000,904,924,4,0,1,4,0,1,0,0,5
51,170,4,8,16,one_edit,0,20,0,5760,5920,3616,3752,16,0,4,16,0,4,0,0,20
51,170,4,8,16,far,0,55,12,24000,24440,14640,14952,55,0,0,55,0,0,0,0,55
51,170,4,8,16,far,1,121,42,60480,45384,35016,35664,121,0,0,80,0,41,0,0,121
51,170,4,8,16,one_edit,1,44,0,24960,20064,14432,14624,44,0,0,32,0,12,0,0,44
51,170,4,8,16,unchanged,1,11,11,6720,4312,3592,3662,11,0,0,6,0,5,0,0,11
54,110,0,0,1,unchanged,0,16,16,1152,1280,1280,1280,0,0,16,0,16,0,0,16,0
54,110,0,0,1,one_edit,0,64,0,4608,5120,5120,5120,0,0,64,0,64,0,0,64,0
54,110,0,0,1,far,0,176,0,12672,14080,14080,14080,0,0,176,0,176,0,0,176,0
54,110,0,0,4,unchanged,0,16,16,1536,1664,1664,1664,0,0,16,0,16,0,0,16,0
54,110,0,0,4,one_edit,0,64,0,6144,6656,6656,6656,0,0,64,0,64,0,0,64,0
54,110,0,0,4,far,0,176,0,16896,18304,18304,18304,0,0,176,0,176,0,0,176,0
54,110,0,0,16,unchanged,0,16,16,3072,3200,3200,3200,0,0,16,0,16,0,0,16,0
54,110,0,0,16,one_edit,0,64,0,12288,12800,12800,12800,0,0,64,0,64,0,0,64,0
54,110,0,0,16,far,0,176,0,33792,35200,35200,35200,0,0,176,0,176,0,0,176,0
54,110,0,2,1,unchanged,0,16,16,1152,1280,1280,1312,0,0,16,0,0,16,0,0,16
54,110,0,2,1,one_edit,0,64,0,4608,5120,5120,5248,0,0,64,0,0,64,0,0,64
54,110,0,2,1,far,0,176,0,12672,14080,14080,14432,0,0,176,0,0,176,0,0,176
54,110,0,2,4,unchanged,0,16,16,1536,1664,1664,1696,0,0,16,0,0,16,0,0,16
54,110,0,2,4,one_edit,0,64,0,6144,6656,6656,6784,0,0,64,0,0,64,0,0,64
54,110,0,2,4,far,0,176,0,16896,18304,18304,18656,0,0,176,0,0,176,0,0,176
54,110,0,2,16,unchanged,0,16,16,3072,3200,3200,3232,0,0,16,0,0,16,0,0,16
54,110,0,2,16,one_edit,0,64,0,12288,12800,12800,12928,0,0,64,0,0,64,0,0,64
54,110,0,2,16,far,0,176,0,33792,35200,35200,35552,0,0,176,0,0,176,0,0,176
54,110,0,4,1,unchanged,0,16,16,1152,1280,1280,1344,0,0,16,0,0,16,0,0,16
54,110,0,4,1,one_edit,0,64,0,4608,5120,5120,5376,0,0,64,0,0,64,0,0,64
54,110,0,4,1,far,0,176,0,12672,14080,14080,14784,0,0,176,0,0,176,0,0,176
54,110,0,4,4,unchanged,0,16,16,1536,1664,1664,1728,0,0,16,0,0,16,0,0,16
54,110,0,4,4,one_edit,0,64,0,6144,6656,6656,6912,0,0,64,0,0,64,0,0,64
54,110,0,4,4,far,0,176,0,16896,18304,18304,19008,0,0,176,0,0,176,0,0,176
54,110,0,4,16,unchanged,0,16,16,3072,3200,3200,3264,0,0,16,0,0,16,0,0,16
54,110,0,4,16,one_edit,0,64,0,12288,12800,12800,13056,0,0,64,0,0,64,0,0,64
54,110,0,4,16,far,0,176,0,33792,35200,35200,35904,0,0,176,0,0,176,0,0,176
54,110,0,8,1,unchanged,0,16,16,1152,1280,1280,1408,0,0,16,0,0,16,0,0,16
54,110,0,8,1,one_edit,0,64,0,4608,5120,5120,5632,0,0,64,0,0,64,0,0,64
54,110,0,8,1,far,0,176,0,12672,14080,14080,15488,0,0,176,0,0,176,0,0,176
54,110,0,8,4,unchanged,0,16,16,1536,1664,1664,1792,0,0,16,0,0,16,0,0,16
54,110,0,8,4,one_edit,0,64,0,6144,6656,6656,7168,0,0,64,0,0,64,0,0,64
54,110,0,8,4,far,0,176,0,16896,18304,18304,19712,0,0,176,0,0,176,0,0,176
54,110,0,8,16,unchanged,0,16,16,3072,3200,3200,3328,0,0,16,0,0,16,0,0,16
54,110,0,8,16,one_edit,0,64,0,12288,12800,12800,13312,0,0,64,0,0,64,0,0,64
54,110,0,8,16,far,0,176,0,33792,35200,35200,36608,0,0,176,0,0,176,0,0,176
54,110,1,0,1,unchanged,1,16,16,2304,1568,1568,1568,16,0,0,0,16,0,0,16,0
54,110,1,0,1,one_edit,1,64,0,9216,6656,6656,6464,64,0,0,64,0,0,64,0,0
54,110,1,0,1,far,1,176,0,25344,18190,18190,18126,176,0,0,64,112,0,64,112,0
54,110,1,0,4,unchanged,1,16,16,3072,2048,2048,2048,16,0,0,0,16,0,0,16,0
54,110,1,0,4,one_edit,1,64,0,12288,9728,8704,8384,64,0,0,64,0,0,64,0,0
54,110,1,0,4,far,1,176,0,33792,26296,23936,23584,176,0,0,176,0,0,160,16,0
54,110,1,0,16,unchanged,1,16,16,6144,3968,3968,3968,16,0,0,0,16,0,0,16,0
54,110,1,0,16,one_edit,1,64,0,24576,22016,16384,16064,64,0,0,64,0,0,64,0,0
54,110,1,0,16,far,1,176,0,67584,58720,45056,44704,176,0,0,176,0,0,160,16,0
54,110,1,2,1,unchanged,1,16,16,2304,1568,1568,1600,16,0,0,0,0,16,0,0,16
54,110,1,2,1,one_edit,1,64,0,9216,6656,6656,6592,64,0,0,64,0,0,64,0,0
54,110,1,2,1,far,1,176,0,25344,18190,18190,18478,176,0,0,0,0,176,0,0,176
54,110,1,2,4,unchanged,1,16,16,3072,2048,2048,2080,16,0,0,0,0,16,0,0,16
54,110,1,2,4,one_edit,1,64,0,12288,9728,8704,8512,64,0,0,64,0,0,64,0,0
54,110,1,2,4,far,1,176,0,33792,26296,23936,23936,176,0,0,176,0,0,96,0,80
54,110,1,2,16,unchanged,1,16,16,6144,3968,3968,4000,16,0,0,0,0,16,0,0,16
54,110,1,2,16,one_edit,1,64,0,24576,22016,16384,16192,64,0,0,64,0,0,64,0,0
54,110,1,2,16,far,1,176,0,67584,58720,45056,45056,176,0,0,176,0,0,96,0,80
54,110,1,4,1,unchanged,1,16,16,2304,1568,1568,1632,16,0,0,0,0,16,0,0,16
54,110,1,4,1,one_edit,1,64,0,9216,6656,6656,6720,64,0,0,0,0,64,0,0,64
54,110,1,4,1,far,1,176,0,25344,18190,18190,18830,176,0,0,0,0,176,0,0,176
54,110,1,4,4,unchanged,1,16,16,3072,2048,2048,2112,16,0,0,0,0,16,0,0,16
54,110,1,4,4,one_edit,1,64,0,12288,9728,8704,8640,64,0,0,64,0,0,64,0,0
54,110,1,4,4,far,1,176,0,33792,26296,23936,24288,176,0,0,170,6,0,0,0,176
54,110,1,4,16,unchanged,1,16,16,6144,3968,3968,4032,16,0,0,0,0,16,0,0,16
54,110,1,4,16,one_edit,1,64,0,24576,22016,16384,16320,64,0,0,64,0,0,64,0,0
54,110,1,4,16,far,1,176,0,67584,58720,45056,45408,176,0,0,176,0,0,0,0,176
54,110,1,8,1,unchanged,1,16,16,2304,1568,1568,1696,16,0,0,0,0,16,0,0,16
54,110,1,8,1,one_edit,1,64,0,9216,6656,6656,6976,64,0,0,0,0,64,0,0,64
54,110,1,8,1,far,1,176,0,25344,18190,18190,19534,176,0,0,0,0,176,0,0,176
54,110,1,8,4,unchanged,1,16,16,3072,2048,2048,2176,16,0,0,0,0,16,0,0,16
54,110,1,8,4,one_edit,1,64,0,12288,9728,8704,8896,64,0,0,64,0,0,0,0,64
54,110,1,8,4,far,1,176,0,33792,26296,23936,24992,176,0,0,138,0,38,0,0,176
54,110,1,8,16,unchanged,1,16,16,6144,3968,3968,4096,16,0,0,0,0,16,0,0,16
54,110,1,8,16,one_edit,1,64,0,24576,22016,16384,16576,64,0,0,64,0,0,0,0,64
54,110,1,8,16,far,1,176,0,67584,58720,45056,46112,176,0,0,176,0,0,0,0,176
54,110,2,0,1,unchanged,1,16,16,3456,1856,1856,1856,16,0,0,0,16,0,0,16,0
54,110,2,0,1,one_edit,1,64,0,13824,8192,7936,7616,64,0,0,64,0,0,64,0,0
54,110,2,0,1,far,1,176,0,38016,22300,21748,21460,176,0,0,170,6,0,160,16,0
54,110,2,0,4,unchanged,1,16,16,4608,2432,2432,2432,16,0,0,0,16,0,0,16,0
54,110,2,0,4,one_edit,1,64,0,18432,12800,10240,9920,64,0,0,64,0,0,64,0,0
54,110,2,0,4,far,1,176,0,50688,34288,28160,27808,176,0,0,176,0,0,160,16,0
54,110,2,0,16,unchanged,1,16,16,9216,4736,4736,4736,16,0,0,0,16,0,0,16,0
54,110,2,0,16,one_edit,1,64,0,36864,31232,19456,19136,64,0,0,64,0,0,64,0,0
54,110,2,0,16,far,1,176,0,101376,82240,53504,53152,176,0,0,176,0,0,160,16,0
54,110,2,2,1,unchanged,1,16,16,3456,1856,1856,1888,16,0,0,0,0,16,0,0,16
54,110,2,2,1,one_edit,1,64,0,13824,8192,7936,7744,64,0,0,64,0,0,64,0,0
54,110,2,2,1,far,1,176,0,38016,22300,21748,21812,176,0,0,138,0,38,64,0,112
54,110,2,2,4,unchanged,1,16,16,4608,2432,2432,2464,16,0,0,0,0,16,0,0,16
54,110,2,2,4,one_edit,1,64,0,18432,12800,10240,10048,64,0,0,64,0,0,64,0,0
54,110,2,2,4,far,1,176,0,50688,34288,28160,28160,176,0,0,176,0,0,96,0,80
54,110,2,2,16,unchanged,1,16,16,9216,4736,4736,4768,16,0,0,0,0,16,0,0,16
54,110,2,2,16,one_edit,1,64,0,36864,31232,19456,19264,64,0,0,64,0,0,64,0,0
54,110,2,2,16,far,1,176,0,101376,82240,53504,53504,176,0,0,176,0,0,96,0,80
54,110,2,4,1,unchanged,1,16,16,3456,1856,1856,1920,16,0,0,0,0,16,0,0,16
54,110,2,4,1,one_edit,1,64,0,13824,8192,7936,7872,64,0,0,64,0,0,64,0,0
54,110,2,4,1,far,1,176,0,38016,22300,21748,22164,176,0,0,128,10,38,0,0,176
54,110,2,4,4,unchanged,1,16,16,4608,2432,2432,2496,16,0,0,0,0,16,0,0,16
54,110,2,4,4,one_edit,1,64,0,18432,12800,10240,10176,64,0,0,64,0,0,64,0,0
54,110,2,4,4,far,1,176,0,50688,34288,28160,28512,176,0,0,176,0,0,0,0,176
54,110,2,4,16,unchanged,1,16,16,9216,4736,4736,4800,16,0,0,0,0,16,0,0,16
54,110,2,4,16,one_edit,1,64,0,36864,31232,19456,19392,64,0,0,64,0,0,64,0,0
54,110,2,4,16,far,1,176,0,101376,82240,53504,53856,176,0,0,176,0,0,0,0,176
54,110,2,8,1,unchanged,1,16,16,3456,1856,1856,1984,16,0,0,0,0,16,0,0,16
54,110,2,8,1,one_edit,1,64,0,13824,8192,7936,8128,64,0,0,64,0,0,0,0,64
54,110,2,8,1,far,1,176,0,38016,22300,21748,22868,176,0,0,0,0,176,0,0,176
54,110,2,8,4,unchanged,1,16,16,4608,2432,2432,2560,16,0,0,0,0,16,0,0,16
54,110,2,8,4,one_edit,1,64,0,18432,12800,10240,10432,64,0,0,64,0,0,0,0,64
54,110,2,8,4,far,1,176,0,50688,34288,28160,29216,176,0,0,176,0,0,0,0,176
54,110,2,8,16,unchanged,1,16,16,9216,4736,4736,4864,16,0,0,0,0,16,0,0,16
54,110,2,8,16,one_edit,1,64,0,36864,31232,19456,19648,64,0,0,64,0,0,0,0,64
54,110,2,8,16,far,1,176,0,101376,82240,53504,54560,176,0,0,176,0,0,0,0,176
54,110,4,0,1,unchanged,1,16,16,5760,2432,2432,2432,16,0,0,0,16,0,0,16,0
54,110,4,0,1,one_edit,1,64,0,23040,11264,10240,9920,64,0,0,64,0,0,64,0,0
54,110,4,0,1,far,1,176,0,63360,30520,28160,27808,176,0,0,176,0,0,160,16,0
54,110,4,0,4,unchanged,1,16,16,7680,3200,3200,3200,16,0,0,0,16,0,0,16,0
54,110,4,0,4,one_edit,1,64,0,30720,18944,13312,12992,64,0,0,64,0,0,64,0,0
54,110,4,0,4,far,1,176,0,84480,50272,36608,36256,176,0,0,176,0,0,160,16,0
54,110,4,0,16,unchanged,1,16,16,15360,6272,6272,6272,16,0,0,0,16,0,0,16,0
54,110,4,0,16,one_edit,1,64,0,61440,49664,25600,25280,64,0,0,64,0,0,64,0,0
54,110,4,0,16,far,1,176,0,168960,129280,70400,70048,176,0,0,176,0,0,160,16,0
54,110,4,2,1,unchanged,1,16,16,5760,2432,2432,2464,16,0,0,0,0,16,0,0,16
54,110,4,2,1,one_edit,1,64,0,23040,11264,10240,10048,64,0,0,64,0,0,64,0,0
54,110,4,2,1,far,1,176,0,63360,30520,28160,28160,176,0,0,176,0,0,96,0,80
54,110,4,2,4,unchanged,1,16,16,7680,3200,3200,3232,16,0,0,0,0,16,0,0,16
54,110,4,2,4,one_edit,1,64,0,30720,18944,13312,13120,64,0,0,64,0,0,64,0,0
54,110,4,2,4,far,1,176,0,84480,50272,36608,36608,176,0,0,176,0,0,96,0,80
54,110,4,2,16,unchanged,1,16,16,15360,6272,6272,6304,16,0,0,0,0,16,0,0,16
54,110,4,2,16,one_edit,1,64,0,61440,49664,25600,25408,64,0,0,64,0,0,64,0,0
54,110,4,2,16,far,1,176,0,168960,129280,70400,70400,176,0,0,176,0,0,96,0,80
54,110,4,4,1,unchanged,1,16,16,5760,2432,2432,2496,16,0,0,0,0,16,0,0,16
54,110,4,4,1,one_edit,1,64,0,23040,11264,10240,10176,64,0,0,64,0,0,64,0,0
54,110,4,4,1,far,1,176,0,63360,30520,28160,28512,176,0,0,170,6,0,0,0,176
54,110,4,4,4,unchanged,1,16,16,7680,3200,3200,3264,16,0,0,0,0,16,0,0,16
54,110,4,4,4,one_edit,1,64,0,30720,18944,13312,13248,64,0,0,64,0,0,64,0,0
54,110,4,4,4,far,1,176,0,84480,50272,36608,36960,176,0,0,176,0,0,0,0,176
54,110,4,4,16,unchanged,1,16,16,15360,6272,6272,6336,16,0,0,0,0,16,0,0,16
54,110,4,4,16,one_edit,1,64,0,61440,49664,25600,25536,64,0,0,64,0,0,64,0,0
54,110,4,4,16,far,1,176,0,168960,129280,70400,70752,176,0,0,176,0,0,0,0,176
54,110,4,8,1,unchanged,1,16,16,5760,2432,2432,2560,16,0,0,0,0,16,0,0,16
54,110,4,8,1,one_edit,1,64,0,23040,11264,10240,10432,64,0,0,64,0,0,0,0,64
54,110,4,8,1,far,1,176,0,63360,30520,28160,29216,176,0,0,138,0,38,0,0,176
54,110,4,8,4,unchanged,1,16,16,7680,3200,3200,3328,16,0,0,0,0,16,0,0,16
54,110,4,8,4,one_edit,1,64,0,30720,18944,13312,13504,64,0,0,64,0,0,0,0,64
54,110,4,8,4,far,1,176,0,84480,50272,36608,37664,176,0,0,176,0,0,0,0,176
54,110,4,8,16,unchanged,1,16,16,15360,6272,6272,6400,16,0,0,0,0,16,0,0,16
54,110,4,8,16,one_edit,1,64,0,61440,49664,25600,25792,64,0,0,64,0,0,0,0,64
54,110,4,8,16,far,1,176,0,168960,129280,70400,71456,176,0,0,176,0,0,0,0,176
90,150,0,0,1,unchanged,0,16,16,1152,1280,1280,1280,0,0,16,0,16,0,0,16,0
90,150,0,0,1,one_edit,0,64,0,4608,5120,5120,5120,0,0,64,0,64,0,0,64,0
90,150,0,0,1,far,0,176,54,12672,14080,14080,14080,0,0,176,0,176,0,0,176,0
90,150,0,0,4,unchanged,0,16,16,1536,1664,1664,1664,0,0,16,0,16,0,0,16,0
90,150,0,0,4,one_edit,0,64,0,6144,6656,6656,6656,0,0,64,0,64,0,0,64,0
90,150,0,0,4,far,0,176,54,16896,18304,18304,18304,0,0,176,0,176,0,0,176,0
90,150,0,0,16,unchanged,0,16,16,3072,3200,3200,3200,0,0,16,0,16,0,0,16,0
90,150,0,0,16,one_edit,0,64,0,12288,12800,12800,12800,0,0,64,0,64,0,0,64,0
90,150,0,0,16,far,0,176,54,33792,35200,35200,35200,0,0,176,0,176,0,0,176,0
90,150,0,2,1,unchanged,0,16,16,1152,1280,1280,1312,0,0,16,0,0,16,0,0,16
90,150,0,2,1,one_edit,0,64,0,4608,5120,5120,5248,0,0,64,0,0,64,0,0,64
90,150,0,2,1,far,0,176,54,12672,14080,14080,14432,0,0,176,0,0,176,0,0,176
90,150,0,2,4,unchanged,0,16,16,1536,1664,1664,1696,0,0,16,0,0,16,0,0,16
90,150,0,2,4,one_edit,0,64,0,6144,6656,6656,6784,0,0,64,0,0,64,0,0,64
90,150,0,2,4,far,0,176,54,16896,18304,18304,18656,0,0,176,0,0,176,0,0,176
90,150,0,2,16,unchanged,0,16,16,3072,3200,3200,3232,0,0,16,0,0,16,0,0,16
90,150,0,2,16,one_edit,0,64,0,12288,12800,12800,12928,0,0,64,0,0,64,0,0,64
90,150,0,2,16,far,0,176,54,33792,35200,35200,35552,0,0,176,0,0,176,0,0,176
90,150,0,4,1,unchanged,0,16,16,1152,1280,1280,1344,0,0,16,0,0,16,0,0,16
90,150,0,4,1,one_edit,0,64,0,4608,5120,5120,5376,0,0,64,0,0,64,0,0,64
90,150,0,4,1,far,0,176,54,12672,14080,14080,14784,0,0,176,0,0,176,0,0,176
90,150,0,4,4,unchanged,0,16,16,1536,1664,1664,1728,0,0,16,0,0,16,0,0,16
90,150,0,4,4,one_edit,0,64,0,6144,6656,6656,6912,0,0,64,0,0,64,0,0,64
90,150,0,4,4,far,0,176,54,16896,18304,18304,19008,0,0,176,0,0,176,0,0,176
90,150,0,4,16,unchanged,0,16,16,3072,3200,3200,3264,0,0,16,0,0,16,0,0,16
90,150,0,4,16,one_edit,0,64,0,12288,12800,12800,13056,0,0,64,0,0,64,0,0,64
90,150,0,4,16,far,0,176,54,33792,35200,35200,35904,0,0,176,0,0,176,0,0,176
90,150,0,8,1,unchanged,0,16,16,1152,1280,1280,1408,0,0,16,0,0,16,0,0,16
90,150,0,8,1,one_edit,0,64,0,4608,5120,5120,5632,0,0,64,0,0,64,0,0,64
90,150,0,8,1,far,0,176,54,12672,14080,14080,15488,0,0,176,0,0,176,0,0,176
90,150,0,8,4,unchanged,0,16,16,1536,1664,1664,1792,0,0,16,0,0,16,0,0,16
90,150,0,8,4,one_edit,0,64,0,6144,6656,6656,7168,0,0,64,0,0,64,0,0,64
90,150,0,8,4,far,0,176,54,16896,18304,18304,19712,0,0,176,0,0,176,0,0,176
90,150,0,8,16,unchanged,0,16,16,3072,3200,3200,3328,0,0,16,0,0,16,0,0,16
90,150,0,8,16,one_edit,0,64,0,12288,12800,12800,13312,0,0,64,0,0,64,0,0,64
90,150,0,8,16,far,0,176,54,33792,35200,35200,36608,0,0,176,0,0,176,0,0,176
90,150,1,0,1,unchanged,1,16,16,2304,1568,1568,1568,16,0,0,0,16,0,0,16,0
90,150,1,0,1,one_edit,1,64,0,9216,6488,6488,6464,64,0,0,8,56,0,8,56,0
90,150,1,0,1,far,1,176,54,25344,17800,17800,17756,176,0,0,44,132,0,44,132,0
90,150,1,0,4,unchanged,1,16,16,3072,2048,2048,2048,16,0,0,0,16,0,0,16,0
90,150,1,0,4,one_edit,1,64,0,12288,9056,8704,8384,64,0,0,64,0,0,64,0,0
90,150,1,0,4,far,1,176,54,33792,24736,23504,23080,176,0,0,122,54,0,120,56,0
90,150,1,0,16,unchanged,1,16,16,6144,3968,3968,3968,16,0,0,0,16,0,0,16,0
90,150,1,0,16,one_edit,1,64,0,24576,19328,16384,16064,64,0,0,64,0,0,64,0,0
90,150,1,0,16,far,1,176,54,67584,52480,44624,44200,176,0,0,122,54,0,120,56,0
90,150,1,2,1,unchanged,1,16,16,2304,1568,1568,1600,16,0,0,0,0,16,0,0,16
90,150,1,2,1,one_edit,1,64,0,9216,6488,6488,6592,64,0,0,8,0,56,8,0,56
90,150,1,2,1,far,1,176,54,25344,17800,17800,18108,176,0,0,0,0,176,0,0,176
90,150,1,2,4,unchanged,1,16,16,3072,2048,2048,2080,16,0,0,0,0,16,0,0,16
90,150,1,2,4,one_edit,1,64,0,12288,9056,8704,8512,64,0,0,64,0,0,64,0,0
90,150,1,2,4,far,1,176,54,33792,24736,23504,23432,176,0,0,122,0,54,104,0,72
90,150,1,2,16,unchanged,1,16,16,6144,3968,3968,4000,16,0,0,0,0,16,0,0,16
90,150,1,2,16,one_edit,1,64,0,24576,19328,16384,16192,64,0,0,64,0,0,64,0,0
90,150,1,2,16,far,1,176,54,67584,52480,44624,44552,176,0,0,122,0,54,104,0,72
90,150,1,4,1,unchanged,1,16,16,2304,1568,1568,1632,16,0,0,0,0,16,0,0,16
90,150,1,4,1,one_edit,1,64,0,9216,6488,6488,6720,64,0,0,0,0,64,0,0,64
90,150,1,4,1,far,1,176,54,25344,17800,17800,18460,176,0,0,0,0,176,0,0,176
90,150,1,4,4,unchanged,1,16,16,3072,2048,2048,2112,16,0,0,0,0,16,0,0,16
90,150,1,4,4,one_edit,1,64,0,12288,9056,8704,8640,64,0,0,64,0,0,64,0,0
90,150,1,4,4,far,1,176,54,33792,24736,23504,23784,176,0,0,122,0,54,48,0,128
90,150,1,4,16,unchanged,1,16,16,6144,3968,3968,4032,16,0,0,0,0,16,0,0,16
90,150,1,4,16,one_edit,1,64,0,24576,19328,16384,16320,64,0,0,64,0,0,64,0,0
90,150,1,4,16,far,1,176,54,67584,52480,44624,44904,176,0,0,122,0,54,48,0,128
90,150,1,8,1,unchanged,1,16,16,2304,1568,1568,1696,16,0,0,0,0,16,0,0,16
90,150,1,8,1,one_edit,1,64,0,9216,6488,6488,6976,64,0,0,0,0,64,0,0,64
90,150,1,8,1,far,1,176,54,25344,17800,17800,19164,176,0,0,0,0,176,0,0,176
90,150,1,8,4,unchanged,1,16,16,3072,2048,2048,2176,16,0,0,0,0,16,0,0,16
90,150,1,8,4,one_edit,1,64,0,12288,9056,8704,8896,64,0,0,64,0,0,0,0,64
90,150,1,8,4,far,1,176,54,33792,24736,23504,24488,176,0,0,110,0,66,0,0,176
90,150,1,8,16,unchanged,1,16,16,6144,3968,3968,4096,16,0,0,0,0,16,0,0,16
90,150,1,8,16,one_edit,1,64,0,24576,19328,16384,16576,64,0,0,64,0,0,0,0,64
90,150,1,8,16,far,1,176,54,67584,52480,44624,45608,176,0,0,122,0,54,0,0,176
90,150,2,0,1,unchanged,1,16,16,3456,1856,1856,1856,16,0,0,0,16,0,0,16,0
90,150,2,0,1,one_edit,1,64,0,13824,7856,7824,7616,64,0,0,64,0,0,64,0,0
90,150,2,0,1,far,1,176,54,38016,21520,21272,20968,176,0,0,122,54,0,120,56,0
90,150,2,0,4,unchanged,1,16,16,4608,2432,2432,2432,16,0,0,0,16,0,0,16,0
90,150,2,0,4,one_edit,1,64,0,18432,11456,10240,9920,64,0,0,64,0,0,64,0,0
90,150,2,0,4,far,1,176,54,50688,31168,27728,27304,176,0,0,122,54,0,120,56,0
90,150,2,0,16,unchanged,1,16,16,9216,4736,4736,4736,16,0,0,0,16,0,0,16,0
90,150,2,0,16,one_edit,1,64,0,36864,25856,19456,19136,64,0,0,64,0,0,64,0,0
90,150,2,0,16,far,1,176,54,101376,69760,53072,52648,176,0,0,122,54,0,120,56,0
90,150,2,2,1,unchanged,1,16,16,3456,1856,1856,1888,16,0,0,0,0,16,0,0,16
90,150,2,2,1,one_edit,1,64,0,13824,7856,7824,7744,64,0,0,64,0,0,64,0,0
90,150,2,2,1,far,1,176,54,38016,21520,21272,21320,176,0,0,110,0,66,92,0,84
90,150,2,2,4,unchanged,1,16,16,4608,2432,2432,2464,16,0,0,0,0,16,0,0,16
90,150,2,2,4,one_edit,1,64,0,18432,11456,10240,10048,64,0,0,64,0,0,64,0,0
90,150,2,2,4,far,1,176,54,50688,31168,27728,27656,176,0,0,122,0,54,104,0,72
90,150,2,2,16,unchanged,1,16,16,9216,4736,4736,4768,16,0,0,0,0,16,0,0,16
90,150,2,2,16,one_edit,1,64,0,36864,25856,19456,19264,64,0,0,64,0,0,64,0,0
90,150,2,2,16,far,1,176,54,101376,69760,53072,53000,176,0,0,122,0,54,104,0,72
90,150,2,4,1,unchanged,1,16,16,3456,1856,1856,1920,16,0,0,0,0,16,0,0,16
90,150,2,4,1,one_edit,1,64,0,13824,7856,7824,7872,64,0,0,8,0,56,8,0,56
90,150,2,4,1,far,1,176,54,38016,21520,21272,21672,176,0,0,60,2,114,0,0,176
90,150,2,4,4,unchanged,1,16,16,4608,2432,2432,2496,16,0,0,0,0,16,0,0,16
90,150,2,4,4,one_edit,1,64,0,18432,11456,10240,10176,64,0,0,64,0,0,64,0,0
90,150,2,4,4,far,1,176,54,50688,31168,27728,28008,176,0,0,122,0,54,48,0,128
90,150,2,4,16,unchanged,1,16,16,9216,4736,4736,4800,16,0,0,0,0,16,0,0,16
90,150,2,4,16,one_edit,1,64,0,36864,25856,19456,19392,64,0,0,64,0,0,64,0,0
90,150,2,4,16,far,1,176,54,101376,69760,53072,53352,176,0,0,122,0,54,48,0,128
90,150,2,8,1,unchanged,1,16,16,3456,1856,1856,1984,16,0,0,0,0,16,0,0,16
90,150,2,8,1,one_edit,1,64,0,13824,7856,7824,8128,64,0,0,8,0,56,0,0,64
90,150,2,8,1,far,1,176,54,38016,21520,21272,22376,176,0,0,0,0,176,0,0,176
90,150,2,8,4,unchanged,1,16,16,4608,2432,2432,2560,16,0,0,0,0,16,0,0,16
90,150,2,8,4,one_edit,1,64,0,18432,11456,10240,10432,64,0,0,64,0,0,0,0,64
90,150,2,8,4,far,1,176,54,50688,31168,27728,28712,176,0,0,122,0,54,0,0,176
90,150,2,8,16,unchanged,1,16,16,9216,4736,4736,4864,16,0,0,0,0,16,0,0,16
90,150,2,8,16,one_edit,1,64,0,36864,25856,19456,19648,64,0,0,64,0,0,0,0,64
90,150,2,8,16,far,1,176,54,101376,69760,53072,54056,176,0,0,122,0,54,0,0,176
90,150,4,0,1,unchanged,1,16,16,5760,2432,2432,2432,16,0,0,0,16,0,0,16,0
90,150,4,0,1,one_edit,1,64,0,23040,10592,10240,9920,64,0,0,64,0,0,64,0,0
90,150,4,0,1,far,1,176,54,63360,28960,27728,27304,176,0,0,122,54,0,120,56,0
90,150,4,0,4,unchanged,1,16,16,7680,3200,3200,3200,16,0,0,0,16,0,0,16,0
90,150,4,0,4,one_edit,1,64,0,30720,16256,13312,12992,64,0,0,64,0,0,64,0,0
90,150,4,0,4,far,1,176,54,84480,44032,36176,35752,176,0,0,122,54,0,120,56,0
90,150,4,0,16,unchanged,1,16,16,15360,6272,6272,6272,16,0,0,0,16,0,0,16,0
90,150,4,0,16,one_edit,1,64,0,61440,38912,25600,25280,64,0,0,64,0,0,64,0,0
90,150,4,0,16,far,1,176,54,168960,104320,69968,69544,176,0,0,122,54,0,120,56,0
90,150,4,2,1,unchanged,1,16,16,5760,2432,2432,2464,16,0,0,0,0,16,0,0,16
90,150,4,2,1,one_edit,1,64,0,23040,10592,10240,10048,64,0,0,64,0,0,64,0,0
90,150,4,2,1,far,1,176,54,63360,28960,27728,27656,176,0,0,122,0,54,104,0,72
90,150,4,2,4,unchanged,1,16,16,7680,3200,3200,3232,16,0,0,0,0,16,0,0,16
90,150,4,2,4,one_edit,1,64,0,30720,16256,13312,13120,64,0,0,64,0,0,64,0,0
90,150,4,2,4,far,1,176,54,84480,44032,36176,36104,176,0,0,122,0,54,104,0,72
90,150,4,2,16,unchanged,1,16,16,15360,6272,6272,6304,16,0,0,0,0,16,0,0,16
90,150,4,2,16,one_edit,1,64,0,61440,38912,25600,25408,64,0,0,64,0,0,64,0,0
90,150,4,2,16,far,1,176,54,168960,104320,69968,69896,176,0,0,122,0,54,104,0,72
90,150,4,4,1,unchanged,1,16,16,5760,2432,2432,2496,16,0,0,0,0,16,0,0,16
90,150,4,4,1,one_edit,1,64,0,23040,10592,10240,10176,64,0,0,64,0,0,64,0,0
90,150,4,4,1,far,1,176,54,63360,28960,27728,28008,176,0,0,122,0,54,48,0,128
90,150,4,4,4,unchanged,1,16,16,7680,3200,3200,3264,16,0,0,0,0,16,0,0,16
90,150,4,4,4,one_edit,1,64,0,30720,16256,13312,13248,64,0,0,64,0,0,64,0,0
90,150,4,4,4,far,1,176,54,84480,44032,36176,36456,176,0,0,122,0,54,48,0,128
90,150,4,4,16,unchanged,1,16,16,15360,6272,6272,6336,16,0,0,0,0,16,0,0,16
90,150,4,4,16,one_edit,1,64,0,61440,38912,25600,25536,64,0,0,64,0,0,64,0,0
90,150,4,4,16,far,1,176,54,168960,104320,69968,70248,176,0,0,122,0,54,48,0,128
90,150,4,8,1,unchanged,1,16,16,5760,2432,2432,2560,16,0,0,0,0,16,0,0,16
90,150,4,8,1,one_edit,1,64,0,23040,10592,10240,10432,64,0,0,64,0,0,0,0,64
90,150,4,8,1,far,1,176,54,63360,28960,27728,28712,176,0,0,110,0,66,0,0,176
90,150,4,8,4,unchanged,1,16,16,7680,3200,3200,3328,16,0,0,0,0,16,0,0,16
90,150,4,8,4,one_edit,1,64,0,30720,16256,13312,13504,64,0,0,64,0,0,0,0,64
90,150,4,8,4,far,1,176,54,84480,44032,36176,37160,176,0,0,122,0,54,0,0,176
90,150,4,8,16,unchanged,1,16,16,15360,6272,6272,6400,16,0,0,0,0,16,0,0,16
90,150,4,8,16,one_edit,1,64,0,61440,38912,25600,25792,64,0,0,64,0,0,0,0,64
90,150,4,8,16,far,1,176,54,168960,104320,69968,70952,176,0,0,122,0,54,0,0,176
110,184,0,0,1,unchanged,0,16,16,1152,1280,1280,1280,0,0,16,0,16,0,0,16,0
110,184,0,0,1,one_edit,0,64,0,4608,5120,5120,5120,0,0,64,0,64,0,0,64,0
110,184,0,0,1,far,0,176,0,12672,14080,14080,14080,0,0,176,0,176,0,0,176,0
110,184,0,0,4,unchanged,0,16,16,1536,1664,1664,1664,0,0,16,0,16,0,0,16,0
110,184,0,0,4,one_edit,0,64,0,6144,6656,6656,6656,0,0,64,0,64,0,0,64,0
110,184,0,0,4,far,0,176,0,16896,18304,18304,18304,0,0,176,0,176,0,0,176,0
110,184,0,0,16,unchanged,0,16,16,3072,3200,3200,3200,0,0,16,0,16,0,0,16,0
110,184,0,0,16,one_edit,0,64,0,12288,12800,12800,12800,0,0,64,0,64,0,0,64,0
110,184,0,0,16,far,0,176,0,33792,35200,35200,35200,0,0,176,0,176,0,0,176,0
110,184,0,2,1,unchanged,0,16,16,1152,1280,1280,1312,0,0,16,0,0,16,0,0,16
110,184,0,2,1,one_edit,0,64,0,4608,5120,5120,5248,0,0,64,0,0,64,0,0,64
110,184,0,2,1,far,0,176,0,12672,14080,14080,14432,0,0,176,0,0,176,0,0,176
110,184,0,2,4,unchanged,0,16,16,1536,1664,1664,1696,0,0,16,0,0,16,0,0,16
110,184,0,2,4,one_edit,0,64,0,6144,6656,6656,6784,0,0,64,0,0,64,0,0,64
110,184,0,2,4,far,0,176,0,16896,18304,18304,18656,0,0,176,0,0,176,0,0,176
110,184,0,2,16,unchanged,0,16,16,3072,3200,3200,3232,0,0,16,0,0,16,0,0,16
110,184,0,2,16,one_edit,0,64,0,12288,12800,12800,12928,0,0,64,0,0,64,0,0,64
110,184,0,2,16,far,0,176,0,33792,35200,35200,35552,0,0,176,0,0,176,0,0,176
110,184,0,4,1,unchanged,0,16,16,1152,1280,1280,1344,0,0,16,0,0,16,0,0,16
110,184,0,4,1,one_edit,0,64,0,4608,5120,5120,5376,0,0,64,0,0,64,0,0,64
110,184,0,4,1,far,0,176,0,12672,14080,14080,14784,0,0,176,0,0,176,0,0,176
110,184,0,4,4,unchanged,0,16,16,1536,1664,1664,1728,0,0,16,0,0,16,0,0,16
110,184,0,4,4,one_edit,0,64,0,6144,6656,6656,6912,0,0,64,0,0,64,0,0,64
110,184,0,4,4,far,0,176,0,16896,18304,18304,19008,0,0,176,0,0,176,0,0,176
110,184,0,4,16,unchanged,0,16,16,3072,3200,3200,3264,0,0,16,0,0,16,0,0,16
110,184,0,4,16,one_edit,0,64,0,12288,12800,12800,13056,0,0,64,0,0,64,0,0,64
110,184,0,4,16,far,0,176,0,33792,35200,35200,35904,0,0,176,0,0,176,0,0,176
110,184,0,8,1,unchanged,0,16,16,1152,1280,1280,1408,0,0,16,0,0,16,0,0,16
110,184,0,8,1,one_edit,0,64,0,4608,5120,5120,5632,0,0,64,0,0,64,0,0,64
110,184,0,8,1,far,0,176,0,12672,14080,14080,15488,0,0,176,0,0,176,0,0,176
110,184,0,8,4,unchanged,0,16,16,1536,1664,1664,1792,0,0,16,0,0,16,0,0,16
110,184,0,8,4,one_edit,0,64,0,6144,6656,6656,7168,0,0,64,0,0,64,0,0,64
110,184,0,8,4,far,0,176,0,16896,18304,18304,19712,0,0,176,0,0,176,0,0,176
110,184,0,8,16,unchanged,0,16,16,3072,3200,3200,3328,0,0,16,0,0,16,0,0,16
110,184,0,8,16,one_edit,0,64,0,12288,12800,12800,13312,0,0,64,0,0,64,0,0,64
110,184,0,8,16,far,0,176,0,33792,35200,35200,36608,0,0,176,0,0,176,0,0,176
110,184,1,0,1,unchanged,1,16,16,2304,1568,1568,1568,16,0,0,0,16,0,0,16,0
110,184,1,0,1,one_edit,1,64,0,9216,6656,6656,6464,64,0,0,64,0,0,64,0,0
110,184,1,0,1,far,1,176,0,25344,18190,18190,18126,176,0,0,64,112,0,64,112,0
110,184,1,0,4,unchanged,1,16,16,3072,2048,2048,2048,16,0,0,0,16,0,0,16,0
110,184,1,0,4,one_edit,1,64,0,12288,9728,8704,8384,64,0,0,64,0,0,64,0,0
110,184,1,0,4,far,1,176,0,33792,26296,23936,23584,176,0,0,176,0,0,160,16,0
110,184,1,0,16,unchanged,1,16,16,6144,3968,3968,3968,16,0,0,0,16,0,0,16,0
110,184,1,0,16,one_edit,1,64,0,24576,22016,16384,16064,64,0,0,64,0,0,64,0,0
110,184,1,0,16,far,1,176,0,67584,58720,45056,44704,176,0,0,176,0,0,160,16,0
110,184,1,2,1,unchanged,1,16,16,2304,1568,1568,1600,16,0,0,0,0,16,0,0,16
110,184,1,2,1,one_edit,1,64,0,9216,6656,6656,6592,64,0,0,64,0,0,64,0,0
110,184,1,2,1,far,1,176,0,25344,18190,18190,18478,176,0,0,0,0,176,0,0,176
110,184,1,2,4,unchanged,1,16,16,3072,2048,2048,2080,16,0,0,0,0,16,0,0,16
110,184,1,2,4,one_edit,1,64,0,12288,9728,8704,8512,64,0,0,64,0,0,64,0,0
110,184,1,2,4,far,1,176,0,33792,26296,23936,23936,176,0,0,176,0,0,96,0,80
110,184,1,2,16,unchanged,1,16,16,6144,3968,3968,4000,16,0,0,0,0,16,0,0,16
110,184,1,2,16,one_edit,1,64,0,24576,22016,16384,16192,64,0,0,64,0,0,64,0,0
110,184,1,2,16,far,1,176,0,67584,58720,45056,45056,176,0,0,176,0,0,96,0,80
110,184,1,4,1,unchanged,1,16,16,2304,1568,1568,1632,16,0,0,0,0,16,0,0,16
110,184,1,4,1,one_edit,1,64,0,9216,6656,6656,6720,64,0,0,0,0,64,0,0,64
110,184,1,4,1,far,1,176,0,25344,18190,18190,18830,176,0,0,0,0,176,0,0,176
110,184,1,4,4,unchanged,1,16,16,3072,2048,2048,2112,16,0,0,0,0,16,0,0,16
110,184,1,4,4,one_edit,1,64,0,12288,9728,8704,8640,64,0,0,64,0,0,64,0,0
110,184,1,4,4,far,1,176,0,33792,26296,23936,24288,176,0,0,170,6,0,0,0,176
110,184,1,4,16,unchanged,1,16,16,6144,3968,3968,4032,16,0,0,0,0,16,0,0,16
110,184,1,4,16,one_edit,1,64,0,24576,22016,16384,16320,64,0,0,64,0,0,64,0,0
110,184,1,4,16,far,1,176,0,67584,58720,45056,45408,176,0,0,176,0,0,0,0,176
110,184,1,8,1,unchanged,1,16,16,2304,1568,1568,1696,16,0,0,0,0,16,0,0,16
110,184,1,8,1,one_edit,1,64,0,9216,6656,6656,6976,64,0,0,0,0,64,0,0,64
110,184,1,8,1,far,1,176,0,25344,18190,18190,19534,176,0,0,0,0,176,0,0,176
110,184,1,8,4,unchanged,1,16,16,3072,2048,2048,2176,16,0,0,0,0,16,0,0,16
110,184,1,8,4,one_edit,1,64,0,12288,9728,8704,8896,64,0,0,64,0,0,0,0,64
110,184,1,8,4,far,1,176,0,33792,26296,23936,24992,176,0,0,138,0,38,0,0,176
110,184,1,8,16,unchanged,1,16,16,6144,3968,3968,4096,16,0,0,0,0,16,0,0,16
110,184,1,8,16,one_edit,1,64,0,24576,22016,16384,16576,64,0,0,64,0,0,0,0,64
110,184,1,8,16,far,1,176,0,67584,58720,45056,46112,176,0,0,176,0,0,0,0,176
110,184,2,0,1,unchanged,1,16,16,3456,1856,1856,1856,16,0,0,0,16,0,0,16,0
110,184,2,0,1,one_edit,1,64,0,13824,8192,7936,7616,64,0,0,64,0,0,64,0,0
110,184,2,0,1,far,1,176,0,38016,22300,21748,21460,176,0,0,170,6,0,160,16,0
110,184,2,0,4,unchanged,1,16,16,4608,2432,2432,2432,16,0,0,0,16,0,0,16,0
110,184,2,0,4,one_edit,1,64,0,18432,12800,10240,9920,64,0,0,64,0,0,64,0,0
110,184,2,0,4,far,1,176,0,50688,34288,28160,27808,176,0,0,176,0,0,160,16,0
110,184,2,0,16,unchanged,1,16,16,9216,4736,4736,4736,16,0,0,0,16,0,0,16,0
110,184,2,0,16,one_edit,1,64,0,36864,31232,19456,19136,64,0,0,64,0,0,64,0,0
110,184,2,0,16,far,1,176,0,101376,82240,53504,53152,176,0,0,176,0,0,160,16,0
110,184,2,2,1,unchanged,1,16,16,3456,1856,1856,1888,16,0,0,0,0,16,0,0,16
110,184,2,2,1,one_edit,1,64,0,13824,8192,7936,7744,64,0,0,64,0,0,64,0,0
110,184,2,2,1,far,1,176,0,38016,22300,21748,21812,176,0,0,138,0,38,64,0,112
110,184,2,2,4,unchanged,1,16,16,4608,2432,2432,2464,16,0,0,0,0,16,0,0,16
110,184,2,2,4,one_edit,1,64,0,18432,12800,10240,10048,64,0,0,64,0,0,64,0,0
110,184,2,2,4,far,1,176,0,50688,34288,28160,28160,176,0,0,176,0,0,96,0,80
110,184,2,2,16,unchanged,1,16,16,9216,4736,4736,4768,16,0,0,0,0,16,0,0,16
110,184,2,2,16,one_edit,1,64,0,36864,31232,19456,19264,64,0,0,64,0,0,64,0,0
110,184,2,2,16,far,1,176,0,101376,82240,53504,53504,176,0,0,176,0,0,96,0,80
110,184,2,4,1,unchanged,1,16,16,3456,1856,1856,1920,16,0,0,0,0,16,0,0,16
110,184,2,4,1,one_edit,1,64,0,13824,8192,7936,7872,64,0,0,64,0,0,64,0,0
110,184,2,4,1,far,1,176,0,38016,22300,21748,22164,176,0,0,128,10,38,0,0,176
110,184,2,4,4,unchanged,1,16,16,4608,2432,2432,2496,16,0,0,0,0,16,0,0,16
110,184,2,4,4,one_edit,1,64,0,18432,12800,10240,10176,64,0,0,64,0,0,64,0,0
110,184,2,4,4,far,1,176,0,50688,34288,28160,28512,176,0,0,176,0,0,0,0,176
110,184,2,4,16,unchanged,1,16,16,9216,4736,4736,4800,16,0,0,0,0,16,0,0,16
110,184,2,4,16,one_edit,1,64,0,36864,31232,19456,19392,64,0,0,64,0,0,64,0,0
110,184,2,4,16,far,1,176,0,101376,82240,53504,53856,176,0,0,176,0,0,0,0,176
110,184,2,8,1,unchanged,1,16,16,3456,1856,1856,1984,16,0,0,0,0,16,0,0,16
110,184,2,8,1,one_edit,1,64,0,13824,8192,7936,8128,64,0,0,64,0,0,0,0,64
110,184,2,8,1,far,1,176,0,38016,22300,21748,22868,176,0,0,0,0,176,0,0,176
110,184,2,8,4,unchanged,1,16,16,4608,2432,2432,2560,16,0,0,0,0,16,0,0,16
110,184,2,8,4,one_edit,1,64,0,18432,12800,10240,10432,64,0,0,64,0,0,0,0,64
110,184,2,8,4,far,1,176,0,50688,34288,28160,29216,176,0,0,176,0,0,0,0,176
110,184,2,8,16,unchanged,1,16,16,9216,4736,4736,4864,16,0,0,0,0,16,0,0,16
110,184,2,8,16,one_edit,1,64,0,36864,31232,19456,19648,64,0,0,64,0,0,0,0,64
110,184,2,8,16,far,1,176,0,101376,82240,53504,54560,176,0,0,176,0,0,0,0,176
110,184,4,0,1,unchanged,1,16,16,5760,2432,2432,2432,16,0,0,0,16,0,0,16,0
110,184,4,0,1,one_edit,1,64,0,23040,11264,10240,9920,64,0,0,64,0,0,64,0,0
110,184,4,0,1,far,1,176,0,63360,30520,28160,27808,176,0,0,176,0,0,160,16,0
110,184,4,0,4,unchanged,1,16,16,7680,3200,3200,3200,16,0,0,0,16,0,0,16,0
110,184,4,0,4,one_edit,1,64,0,30720,18944,13312,12992,64,0,0,64,0,0,64,0,0
110,184,4,0,4,far,1,176,0,84480,50272,36608,36256,176,0,0,176,0,0,160,16,0
110,184,4,0,16,unchanged,1,16,16,15360,6272,6272,6272,16,0,0,0,16,0,0,16,0
110,184,4,0,16,one_edit,1,64,0,61440,49664,25600,25280,64,0,0,64,0,0,64,0,0
110,184,4,0,16,far,1,176,0,168960,129280,70400,70048,176,0,0,176,0,0,160,16,0
110,184,4,2,1,unchanged,1,16,16,5760,2432,2432,2464,16,0,0,0,0,16,0,0,16
110,184,4,2,1,one_edit,1,64,0,23040,11264,10240,10048,64,0,0,64,0,0,64,0,0
110,184,4,2,1,far,1,176,0,63360,30520,28160,28160,176,0,0,176,0,0,96,0,80
110,184,4,2,4,unchanged,1,16,16,7680,3200,3200,3232,16,0,0,0,0,16,0,0,16
110,184,4,2,4,one_edit,1,64,0,30720,18944,13312,13120,64,0,0,64,0,0,64,0,0
110,184,4,2,4,far,1,176,0,84480,50272,36608,36608,176,0,0,176,0,0,96,0,80
110,184,4,2,16,unchanged,1,16,16,15360,6272,6272,6304,16,0,0,0,0,16,0,0,16
110,184,4,2,16,one_edit,1,64,0,61440,49664,25600,25408,64,0,0,64,0,0,64,0,0
110,184,4,2,16,far,1,176,0,168960,129280,70400,70400,176,0,0,176,0,0,96,0,80
110,184,4,4,1,unchanged,1,16,16,5760,2432,2432,2496,16,0,0,0,0,16,0,0,16
110,184,4,4,1,one_edit,1,64,0,23040,11264,10240,10176,64,0,0,64,0,0,64,0,0
110,184,4,4,1,far,1,176,0,63360,30520,28160,28512,176,0,0,170,6,0,0,0,176
110,184,4,4,4,unchanged,1,16,16,7680,3200,3200,3264,16,0,0,0,0,16,0,0,16
110,184,4,4,4,one_edit,1,64,0,30720,18944,13312,13248,64,0,0,64,0,0,64,0,0
110,184,4,4,4,far,1,176,0,84480,50272,36608,36960,176,0,0,176,0,0,0,0,176
110,184,4,4,16,unchanged,1,16,16,15360,6272,6272,6336,16,0,0,0,0,16,0,0,16
110,184,4,4,16,one_edit,1,64,0,61440,49664,25600,25536,64,0,0,64,0,0,64,0,0
110,184,4,4,16,far,1,176,0,168960,129280,70400,70752,176,0,0,176,0,0,0,0,176
110,184,4,8,1,unchanged,1,16,16,5760,2432,2432,2560,16,0,0,0,0,16,0,0,16
110,184,4,8,1,one_edit,1,64,0,23040,11264,10240,10432,64,0,0,64,0,0,0,0,64
110,184,4,8,1,far,1,176,0,63360,30520,28160,29216,176,0,0,138,0,38,0,0,176
110,184,4,8,4,unchanged,1,16,16,7680,3200,3200,3328,16,0,0,0,0,16,0,0,16
110,184,4,8,4,one_edit,1,64,0,30720,18944,13312,13504,64,0,0,64,0,0,0,0,64
110,184,4,8,4,far,1,176,0,84480,50272,36608,37664,176,0,0,176,0,0,0,0,176
110,184,4,8,16,unchanged,1,16,16,15360,6272,6272,6400,16,0,0,0,0,16,0,0,16
110,184,4,8,16,one_edit,1,64,0,61440,49664,25600,25792,64,0,0,64,0,0,0,0,64
110,184,4,8,16,far,1,176,0,168960,129280,70400,71456,176,0,0,176,0,0,0,0,176
184,250,0,0,1,unchanged,0,16,16,1152,1280,1280,1280,0,0,16,0,16,0,0,16,0
184,250,0,0,1,one_edit,0,64,0,4608,5120,5120,5120,0,0,64,0,64,0,0,64,0
184,250,0,0,1,far,0,176,0,12672,14080,14080,14080,0,0,176,0,176,0,0,176,0
184,250,0,0,4,unchanged,0,16,16,1536,1664,1664,1664,0,0,16,0,16,0,0,16,0
184,250,0,0,4,one_edit,0,64,0,6144,6656,6656,6656,0,0,64,0,64,0,0,64,0
184,250,0,0,4,far,0,176,0,16896,18304,18304,18304,0,0,176,0,176,0,0,176,0
184,250,0,0,16,unchanged,0,16,16,3072,3200,3200,3200,0,0,16,0,16,0,0,16,0
184,250,0,0,16,one_edit,0,64,0,12288,12800,12800,12800,0,0,64,0,64,0,0,64,0
184,250,0,0,16,far,0,176,0,33792,35200,35200,35200,0,0,176,0,176,0,0,176,0
184,250,0,2,1,unchanged,0,16,16,1152,1280,1280,1312,0,0,16,0,0,16,0,0,16
184,250,0,2,1,one_edit,0,64,0,4608,5120,5120,5248,0,0,64,0,0,64,0,0,64
184,250,0,2,1,far,0,176,0,12672,14080,14080,14432,0,0,176,0,0,176,0,0,176
184,250,0,2,4,unchanged,0,16,16,1536,1664,1664,1696,0,0,16,0,0,16,0,0,16
184,250,0,2,4,one_edit,0,64,0,6144,6656,6656,6784,0,0,64,0,0,64,0,0,64
184,250,0,2,4,far,0,176,0,16896,18304,18304,18656,0,0,176,0,0,176,0,0,176
184,250,0,2,16,unchanged,0,16,16,3072,3200,3200,3232,0,0,16,0,0,16,0,0,16
184,250,0,2,16,one_edit,0,64,0,12288,12800,12800,12928,0,0,64,0,0,64,0,0,64
184,250,0,2,16,far,0,176,0,33792,35200,35200,35552,0,0,176,0,0,176,0,0,176
184,250,0,4,1,unchanged,0,16,16,1152,1280,1280,1344,0,0,16,0,0,16,0,0,16
184,250,0,4,1,one_edit,0,64,0,4608,5120,5120,5376,0,0,64,0,0,64,0,0,64
184,250,0,4,1,far,0,176,0,12672,14080,14080,14784,0,0,176,0,0,176,0,0,176
184,250,0,4,4,unchanged,0,16,16,1536,1664,1664,1728,0,0,16,0,0,16,0,0,16
184,250,0,4,4,one_edit,0,64,0,6144,6656,6656,6912,0,0,64,0,0,64,0,0,64
184,250,0,4,4,far,0,176,0,16896,18304,18304,19008,0,0,176,0,0,176,0,0,176
184,250,0,4,16,unchanged,0,16,16,3072,3200,3200,3264,0,0,16,0,0,16,0,0,16
184,250,0,4,16,one_edit,0,64,0,12288,12800,12800,13056,0,0,64,0,0,64,0,0,64
184,250,0,4,16,far,0,176,0,33792,35200,35200,35904,0,0,176,0,0,176,0,0,176
184,250,0,8,1,unchanged,0,16,16,1152,1280,1280,1408,0,0,16,0,0,16,0,0,16
184,250,0,8,1,one_edit,0,64,0,4608,5120,5120,5632,0,0,64,0,0,64,0,0,64
184,250,0,8,1,far,0,176,0,12672,14080,14080,15488,0,0,176,0,0,176,0,0,176
184,250,0,8,4,unchanged,0,16,16,1536,1664,1664,1792,0,0,16,0,0,16,0,0,16
184,250,0,8,4,one_edit,0,64,0,6144,6656,6656,7168,0,0,64,0,0,64,0,0,64
184,250,0,8,4,far,0,176,0,16896,18304,18304,19712,0,0,176,0,0,176,0,0,176
184,250,0,8,16,unchanged,0,16,16,3072,3200,3200,3328,0,0,16,0,0,16,0,0,16
184,250,0,8,16,one_edit,0,64,0,12288,12800,12800,13312,0,0,64,0,0,64,0,0,64
184,250,0,8,16,far,0,176,0,33792,35200,35200,36608,0,0,176,0,0,176,0,0,176
184,250,1,0,1,unchanged,1,16,16,2304,1568,1568,1568,16,0,0,0,16,0,0,16,0
184,250,1,0,1,one_edit,1,64,0,9216,6656,6656,6464,64,0,0,64,0,0,64,0,0
184,250,1,0,1,far,1,176,0,25344,18190,18190,18126,176,0,0,64,112,0,64,112,0
184,250,1,0,4,unchanged,1,16,16,3072,2048,2048,2048,16,0,0,0,16,0,0,16,0
184,250,1,0,4,one_edit,1,64,0,12288,9728,8704,8384,64,0,0,64,0,0,64,0,0
184,250,1,0,4,far,1,176,0,33792,26296,23936,23584,176,0,0,176,0,0,160,16,0
184,250,1,0,16,unchanged,1,16,16,6144,3968,3968,3968,16,0,0,0,16,0,0,16,0
184,250,1,0,16,one_edit,1,64,0,24576,22016,16384,16064,64,0,0,64,0,0,64,0,0
184,250,1,0,16,far,1,176,0,67584,58720,45056,44704,176,0,0,176,0,0,160,16,0
184,250,1,2,1,unchanged,1,16,16,2304,1568,1568,1600,16,0,0,0,0,16,0,0,16
184,250,1,2,1,one_edit,1,64,0,9216,6656,6656,6592,64,0,0,64,0,0,64,0,0
184,250,1,2,1,far,1,176,0,25344,18190,18190,18478,176,0,0,0,0,176,0,0,176
184,250,1,2,4,unchanged,1,16,16,3072,2048,2048,2080,16,0,0,0,0,16,0,0,16
184,250,1,2,4,one_edit,1,64,0,12288,9728,8704,8512,64,0,0,64,0,0,64,0,0
184,250,1,2,4,far,1,176,0,33792,26296,23936,23936,176,0,0,176,0,0,96,0,80
184,250,1,2,16,unchanged,1,16,16,6144,3968,3968,4000,16,0,0,0,0,16,0,0,16
184,250,1,2,16,one_edit,1,64,0,24576,22016,16384,16192,64,0,0,64,0,0,64,0,0
184,250,1,2,16,far,1,176,0,67584,58720,45056,45056,176,0,0,176,0,0,96,0,80
184,250,1,4,1,unchanged,1,16,16,2304,1568,1568,1632,16,0,0,0,0,16,0,0,16
184,250,1,4,1,one_edit,1,64,0,9216,6656,6656,6720,64,0,0,0,0,64,0,0,64
184,250,1,4,1,far,1,176,0,25344,18190,18190,18830,176,0,0,0,0,176,0,0,176
184,250,1,4,4,unchanged,1,16,16,3072,2048,2048,2112,16,0,0,0,0,16,0,0,16
184,250,1,4,4,one_edit,1,64,0,12288,9728,8704,8640,64,0,0,64,0,0,64,0,0
184,250,1,4,4,far,1,176,0,33792,26296,23936,24288,176,0,0,170,6,0,0,0,176
184,250,1,4,16,unchanged,1,16,16,6144,3968,3968,4032,16,0,0,0,0,16,0,0,16
184,250,1,4,16,one_edit,1,64,0,24576,22016,16384,16320,64,0,0,64,0,0,64,0,0
184,250,1,4,16,far,1,176,0,67584,58720,45056,45408,176,0,0,176,0,0,0,0,176
184,250,1,8,1,unchanged,1,16,16,2304,1568,1568,1696,16,0,0,0,0,16,0,0,16
184,250,1,8,1,one_edit,1,64,0,9216,6656,6656,6976,64,0,0,0,0,64,0,0,64
184,250,1,8,1,far,1,176,0,25344,18190,18190,19534,176,0,0,0,0,176,0,0,176
184,250,1,8,4,unchanged,1,16,16,3072,2048,2048,2176,16,0,0,0,0,16,0,0,16
184,250,1,8,4,one_edit,1,64,0,12288,9728,8704,8896,64,0,0,64,0,0,0,0,64
184,250,1,8,4,far,1,176,0,33792,26296,23936,24992,176,0,0,138,0,38,0,0,176
184,250,1,8,16,unchanged,1,16,16,6144,3968,3968,4096,16,0,0,0,0,16,0,0,16
184,250,1,8,16,one_edit,1,64,0,24576,22016,16384,16576,64,0,0,64,0,0,0,0,64
184,250,1,8,16,far,1,176,0,67584,58720,45056,46112,176,0,0,176,0,0,0,0,176
184,250,2,0,1,unchanged,1,16,16,3456,1856,1856,1856,16,0,0,0,16,0,0,16,0
184,250,2,0,1,one_edit,1,64,0,13824,8192,7936,7616,64,0,0,64,0,0,64,0,0
184,250,2,0,1,far,1,176,0,38016,22300,21748,21460,176,0,0,170,6,0,160,16,0
184,250,2,0,4,unchanged,1,16,16,4608,2432,2432,2432,16,0,0,0,16,0,0,16,0
184,250,2,0,4,one_edit,1,64,0,18432,12800,10240,9920,64,0,0,64,0,0,64,0,0
184,250,2,0,4,far,1,176,0,50688,34288,28160,27808,176,0,0,176,0,0,160,16,0
184,250,2,0,16,unchanged,1,16,16,9216,4736,4736,4736,16,0,0,0,16,0,0,16,0
184,250,2,0,16,one_edit,1,64,0,36864,31232,19456,19136,64,0,0,64,0,0,64,0,0
184,250,2,0,16,far,1,176,0,101376,82240,53504,53152,176,0,0,176,0,0,160,16,0
184,250,2,2,1,unchanged,1,16,16,3456,1856,1856,1888,16,0,0,0,0,16,0,0,16
184,250,2,2,1,one_edit,1,64,0,13824,8192,7936,7744,64,0,0,64,0,0,64,0,0
184,250,2,2,1,far,1,176,0,38016,22300,21748,21812,176,0,0,138,0,38,64,0,112
184,250,2,2,4,unchanged,1,16,16,4608,2432,2432,2464,16,0,0,0,0,16,0,0,16
184,250,2,2,4,one_edit,1,64,0,18432,12800,10240,10048,64,0,0,64,0,0,64,0,0
184,250,2,2,4,far,1,176,0,50688,34288,28160,28160,176,0,0,176,0,0,96,0,80
184,250,2,2,16,unchanged,1,16,16,9216,4736,4736,4768,16,0,0,0,0,16,0,0,16
184,250,2,2,16,one_edit,1,64,0,36864,31232,19456,19264,64,0,0,64,0,0,64,0,0
184,250,2,2,16,far,1,176,0,101376,82240,53504,53504,176,0,0,176,0,0,96,0,80
184,250,2,4,1,unchanged,1,16,16,3456,1856,1856,1920,16,0,0,0,0,16,0,0,16
184,250,2,4,1,one_edit,1,64,0,13824,8192,7936,7872,64,0,0,64,0,0,64,0,0
184,250,2,4,1,far,1,176,0,38016,22300,21748,22164,176,0,0,128,10,38,0,0,176
184,250,2,4,4,unchanged,1,16,16,4608,2432,2432,2496,16,0,0,0,0,16,0,0,16
184,250,2,4,4,one_edit,1,64,0,18432,12800,10240,10176,64,0,0,64,0,0,64,0,0
184,250,2,4,4,far,1,176,0,50688,34288,28160,28512,176,0,0,176,0,0,0,0,176
184,250,2,4,16,unchanged,1,16,16,9216,4736,4736,4800,16,0,0,0,0,16,0,0,16
184,250,2,4,16,one_edit,1,64,0,36864,31232,19456,19392,64,0,0,64,0,0,64,0,0
184,250,2,4,16,far,1,176,0,101376,82240,53504,53856,176,0,0,176,0,0,0,0,176
184,250,2,8,1,unchanged,1,16,16,3456,1856,1856,1984,16,0,0,0,0,16,0,0,16
184,250,2,8,1,one_edit,1,64,0,13824,8192,7936,8128,64,0,0,64,0,0,0,0,64
184,250,2,8,1,far,1,176,0,38016,22300,21748,22868,176,0,0,0,0,176,0,0,176
184,250,2,8,4,unchanged,1,16,16,4608,2432,2432,2560,16,0,0,0,0,16,0,0,16
184,250,2,8,4,one_edit,1,64,0,18432,12800,10240,10432,64,0,0,64,0,0,0,0,64
184,250,2,8,4,far,1,176,0,50688,34288,28160,29216,176,0,0,176,0,0,0,0,176
184,250,2,8,16,unchanged,1,16,16,9216,4736,4736,4864,16,0,0,0,0,16,0,0,16
184,250,2,8,16,one_edit,1,64,0,36864,31232,19456,19648,64,0,0,64,0,0,0,0,64
184,250,2,8,16,far,1,176,0,101376,82240,53504,54560,176,0,0,176,0,0,0,0,176
184,250,4,0,1,unchanged,1,16,16,5760,2432,2432,2432,16,0,0,0,16,0,0,16,0
184,250,4,0,1,one_edit,1,64,0,23040,11264,10240,9920,64,0,0,64,0,0,64,0,0
184,250,4,0,1,far,1,176,0,63360,30520,28160,27808,176,0,0,176,0,0,160,16,0
184,250,4,0,4,unchanged,1,16,16,7680,3200,3200,3200,16,0,0,0,16,0,0,16,0
184,250,4,0,4,one_edit,1,64,0,30720,18944,13312,12992,64,0,0,64,0,0,64,0,0
184,250,4,0,4,far,1,176,0,84480,50272,36608,36256,176,0,0,176,0,0,160,16,0
184,250,4,0,16,unchanged,1,16,16,15360,6272,6272,6272,16,0,0,0,16,0,0,16,0
184,250,4,0,16,one_edit,1,64,0,61440,49664,25600,25280,64,0,0,64,0,0,64,0,0
184,250,4,0,16,far,1,176,0,168960,129280,70400,70048,176,0,0,176,0,0,160,16,0
184,250,4,2,1,unchanged,1,16,16,5760,2432,2432,2464,16,0,0,0,0,16,0,0,16
184,250,4,2,1,one_edit,1,64,0,23040,11264,10240,10048,64,0,0,64,0,0,64,0,0
184,250,4,2,1,far,1,176,0,63360,30520,28160,28160,176,0,0,176,0,0,96,0,80
184,250,4,2,4,unchanged,1,16,16,7680,3200,3200,3232,16,0,0,0,0,16,0,0,16
184,250,4,2,4,one_edit,1,64,0,30720,18944,13312,13120,64,0,0,64,0,0,64,0,0
184,250,4,2,4,far,1,176,0,84480,50272,36608,36608,176,0,0,176,0,0,96,0,80
184,250,4,2,16,unchanged,1,16,16,15360,6272,6272,6304,16,0,0,0,0,16,0,0,16
184,250,4,2,16,one_edit,1,64,0,61440,49664,25600,25408,64,0,0,64,0,0,64,0,0
184,250,4,2,16,far,1,176,0,168960,129280,70400,70400,176,0,0,176,0,0,96,0,80
184,250,4,4,1,unchanged,1,16,16,5760,2432,2432,2496,16,0,0,0,0,16,0,0,16
184,250,4,4,1,one_edit,1,64,0,23040,11264,10240,10176,64,0,0,64,0,0,64,0,0
184,250,4,4,1,far,1,176,0,63360,30520,28160,28512,176,0,0,170,6,0,0,0,176
184,250,4,4,4,unchanged,1,16,16,7680,3200,3200,3264,16,0,0,0,0,16,0,0,16
184,250,4,4,4,one_edit,1,64,0,30720,18944,13312,13248,64,0,0,64,0,0,64,0,0
184,250,4,4,4,far,1,176,0,84480,50272,36608,36960,176,0,0,176,0,0,0,0,176
184,250,4,4,16,unchanged,1,16,16,15360,6272,6272,6336,16,0,0,0,0,16,0,0,16
184,250,4,4,16,one_edit,1,64,0,61440,49664,25600,25536,64,0,0,64,0,0,64,0,0
184,250,4,4,16,far,1,176,0,168960,129280,70400,70752,176,0,0,176,0,0,0,0,176
184,250,4,8,1,unchanged,1,16,16,5760,2432,2432,2560,16,0,0,0,0,16,0,0,16
184,250,4,8,1,one_edit,1,64,0,23040,11264,10240,10432,64,0,0,64,0,0,0,0,64
184,250,4,8,1,far,1,176,0,63360,30520,28160,29216,176,0,0,138,0,38,0,0,176
184,250,4,8,4,unchanged,1,16,16,7680,3200,3200,3328,16,0,0,0,0,16,0,0,16
184,250,4,8,4,one_edit,1,64,0,30720,18944,13312,13504,64,0,0,64,0,0,0,0,64
184,250,4,8,4,far,1,176,0,84480,50272,36608,37664,176,0,0,176,0,0,0,0,176
184,250,4,8,16,unchanged,1,16,16,15360,6272,6272,6400,16,0,0,0,0,16,0,0,16
184,250,4,8,16,one_edit,1,64,0,61440,49664,25600,25792,64,0,0,64,0,0,0,0,64
184,250,4,8,16,far,1,176,0,168960,129280,70400,71456,176,0,0,176,0,0,0,0,176
