A,B,dispatch,trace,K,cycles,shift,useful_inheritance,cases,sum_uncompiled,sum_frozen,sum_replacement_oracle,sum_revision_oracle,sum_replacement_reactive_lex,sum_revision_reactive_lex,sum_replacement_reactive_stay,sum_revision_reactive_stay,revision_oracle_win_uncompiled,revision_oracle_tie_uncompiled,revision_oracle_loss_uncompiled,revision_oracle_win_frozen,revision_oracle_tie_frozen,revision_oracle_loss_frozen,revision_oracle_win_replacement,revision_oracle_tie_replacement,revision_oracle_loss_replacement,revision_reactive_lex_win_uncompiled,revision_reactive_lex_tie_uncompiled,revision_reactive_lex_loss_uncompiled,revision_reactive_lex_win_frozen,revision_reactive_lex_tie_frozen,revision_reactive_lex_loss_frozen,revision_reactive_lex_win_replacement,revision_reactive_lex_tie_replacement,revision_reactive_lex_loss_replacement,revision_reactive_stay_win_uncompiled,revision_reactive_stay_tie_uncompiled,revision_reactive_stay_loss_uncompiled,revision_reactive_stay_win_frozen,revision_reactive_stay_tie_frozen,revision_reactive_stay_loss_frozen,revision_reactive_stay_win_replacement,revision_reactive_stay_tie_replacement,revision_reactive_stay_loss_replacement,replacement_lex_regret_cases,replacement_lex_regret_sum,replacement_lex_regret_max,replacement_stay_regret_cases,replacement_stay_regret_sum,replacement_stay_regret_max,replacement_tie_changes_cost,revision_lex_regret_cases,revision_lex_regret_sum,revision_lex_regret_max,revision_stay_regret_cases,revision_stay_regret_sum,revision_stay_regret_max,revision_tie_changes_cost
0,51,0,0,1,1,unchanged,0,16,200,328,328,328,328,328,328,328,0,0,16,0,16,0,0,16,0,0,0,16,0,16,0,0,16,0,0,0,16,0,16,0,0,16,0,0,0,0,0,0,0,0,0,0,0,0,0,0,0
0,51,0,2,1,1,unchanged,0,16,200,328,328,360,328,360,328,360,0,0,16,0,0,16,0,0,16,0,0,16,0,0,16,0,0,16,0,0,16,0,0,16,0,0,16,0,0,0,0,0,0,0,0,0,0,0,0,0,0
0,51,0,4,1,1,unchanged,0,16,200,328,328,392,328,392,328,392,0,0,16,0,0,16,0,0,16,0,0,16,0,0,16,0,0,16,0,0,16,0,0,16,0,0,16,0,0,0,0,0,0,0,0,0,0,0,0,0,0
0,51,0,8,1,1,unchanged,0,16,200,328,328,456,328,456,328,456,0,0,16,0,0,16,0,0,16,0,0,16,0,0,16,0,0,16,0,0,16,0,0,16,0,0,16,0,0,0,0,0,0,0,0,0,0,0,0,0,0
0,51,0,0,1,1,one_edit,0,64,800,1312,1312,1312,1312,1312,1312,1312,0,0,64,0,64,0,0,64,0,0,0,64,0,64,0,0,64,0,0,0,64,0,64,0,0,64,0,0,0,0,0,0,0,0,0,0,0,0,0,0,0
0,51,0,2,1,1,one_edit,0,64,800,1312,1312,1440,1312,1440,1312,1440,0,0,64,0,0,64,0,0,64,0,0,64,0,0,64,0,0,64,0,0,64,0,0,64,0,0,64,0,0,0,0,0,0,0,0,0,0,0,0,0,0
0,51,0,4,1,1,one_edit,0,64,800,1312,1312,1568,1312,1568,1312,1568,0,0,64,0,0,64,0,0,64,0,0,64,0,0,64,0,0,64,0,0,64,0,0,64,0,0,64,0,0,0,0,0,0,0,0,0,0,0,0,0,0
0,51,0,8,1,1,one_edit,0,64,800,1312,1312,1824,1312,1824,1312,1824,0,0,64,0,0,64,0,0,64,0,0,64,0,0,64,0,0,64,0,0,64,0,0,64,0,0,64,0,0,0,0,0,0,0,0,0,0,0,0,0,0
0,51,0,0,1,1,far,0,176,2200,3608,3608,3608,3608,3608,3608,3608,0,0,176,0,176,0,0,176,0,0,0,176,0,176,0,0,176,0,0,0,176,0,176,0,0,176,0,0,0,0,0,0,0,0,0,0,0,0,0,0,0
0,51,0,2,1,1,far,0,176,2200,3608,3608,3960,3608,3960,3608,3960,0,0,176,0,0,176,0,0,176,0,0,176,0,0,176,0,0,176,0,0,176,0,0,176,0,0,176,0,0,0,0,0,0,0,0,0,0,0,0,0,0
0,51,0,4,1,1,far,0,176,2200,3608,3608,4312,3608,4312,3608,4312,0,0,176,0,0,176,0,0,176,0,0,176,0,0,176,0,0,176,0,0,176,0,0,176,0,0,176,0,0,0,0,0,0,0,0,0,0,0,0,0,0
0,51,0,8,1,1,far,0,176,2200,3608,3608,5016,3608,5016,3608,5016,0,0,176,0,0,176,0,0,176,0,0,176,0,0,176,0,0,176,0,0,176,0,0,176,0,0,176,0,0,0,0,0,0,0,0,0,0,0,0,0,0
0,51,0,0,1,2,unchanged,0,16,240,368,368,368,368,368,368,368,0,0,16,0,16,0,0,16,0,0,0,16,0,16,0,0,16,0,0,0,16,0,16,0,0,16,0,0,0,0,0,0,0,0,0,0,0,0,0,0,0
0,51,0,2,1,2,unchanged,0,16,240,368,368,400,368,400,368,400,0,0,16,0,0,16,0,0,16,0,0,16,0,0,16,0,0,16,0,0,16,0,0,16,0,0,16,0,0,0,0,0,0,0,0,0,0,0,0,0,0
0,51,0,4,1,2,unchanged,0,16,240,368,368,432,368,432,368,432,0,0,16,0,0,16,0,0,16,0,0,16,0,0,16,0,0,16,0,0,16,0,0,16,0,0,16,0,0,0,0,0,0,0,0,0,0,0,0,0,0
0,51,0,8,1,2,unchanged,0,16,240,368,368,496,368,496,368,496,0,0,16,0,0,16,0,0,16,0,0,16,0,0,16,0,0,16,0,0,16,0,0,16,0,0,16,0,0,0,0,0,0,0,0,0,0,0,0,0,0
0,51,0,0,1,2,one_edit,0,64,960,1472,1472,1472,1472,1472,1472,1472,0,0,64,0,64,0,0,64,0,0,0,64,0,64,0,0,64,0,0,0,64,0,64,0,0,64,0,0,0,0,0,0,0,0,0,0,0,0,0,0,0
0,51,0,2,1,2,one_edit,0,64,960,1472,1472,1600,1472,1600,1472,1600,0,0,64,0,0,64,0,0,64,0,0,64,0,0,64,0,0,64,0,0,64,0,0,64,0,0,64,0,0,0,0,0,0,0,0,0,0,0,0,0,0
0,51,0,4,1,2,one_edit,0,64,960,1472,1472,1728,1472,1728,1472,1728,0,0,64,0,0,64,0,0,64,0,0,64,0,0,64,0,0,64,0,0,64,0,0,64,0,0,64,0,0,0,0,0,0,0,0,0,0,0,0,0,0
0,51,0,8,1,2,one_edit,0,64,960,1472,1472,1984,1472,1984,1472,1984,0,0,64,0,0,64,0,0,64,0,0,64,0,0,64,0,0,64,0,0,64,0,0,64,0,0,64,0,0,0,0,0,0,0,0,0,0,0,0,0,0
0,51,0,0,1,2,far,0,176,2640,4048,4048,4048,4048,4048,4048,4048,0,0,176,0,176,0,0,176,0,0,0,176,0,176,0,0,176,0,0,0,176,0,176,0,0,176,0,0,0,0,0,0,0,0,0,0,0,0,0,0,0
0,51,0,2,1,2,far,0,176,2640,4048,4048,4400,4048,4400,4048,4400,0,0,176,0,0,176,0,0,176,0,0,176,0,0,176,0,0,176,0,0,176,0,0,176,0,0,176,0,0,0,0,0,0,0,0,0,0,0,0,0,0
0,51,0,4,1,2,far,0,176,2640,4048,4048,4752,4048,4752,4048,4752,0,0,176,0,0,176,0,0,176,0,0,176,0,0,176,0,0,176,0,0,176,0,0,176,0,0,176,0,0,0,0,0,0,0,0,0,0,0,0,0,0
0,51,0,8,1,2,far,0,176,2640,4048,4048,5456,4048,5456,4048,5456,0,0,176,0,0,176,0,0,176,0,0,176,0,0,176,0,0,176,0,0,176,0,0,176,0,0,176,0,0,0,0,0,0,0,0,0,0,0,0,0,0
0,51,0,0,1,4,unchanged,0,16,320,448,448,448,448,448,448,448,0,0,16,0,16,0,0,16,0,0,0,16,0,16,0,0,16,0,0,0,16,0,16,0,0,16,0,0,0,0,0,0,0,0,0,0,0,0,0,0,0
0,51,0,2,1,4,unchanged,0,16,320,448,448,480,448,480,448,480,0,0,16,0,0,16,0,0,16,0,0,16,0,0,16,0,0,16,0,0,16,0,0,16,0,0,16,0,0,0,0,0,0,0,0,0,0,0,0,0,0
0,51,0,4,1,4,unchanged,0,16,320,448,448,512,448,512,448,512,0,0,16,0,0,16,0,0,16,0,0,16,0,0,16,0,0,16,0,0,16,0,0,16,0,0,16,0,0,0,0,0,0,0,0,0,0,0,0,0,0
0,51,0,8,1,4,unchanged,0,16,320,448,448,576,448,576,448,576,0,0,16,0,0,16,0,0,16,0,0,16,0,0,16,0,0,16,0,0,16,0,0,16,0,0,16,0,0,0,0,0,0,0,0,0,0,0,0,0,0
0,51,0,0,1,4,one_edit,0,64,1280,1792,1792,1792,1792,1792,1792,1792,0,0,64,0,64,0,0,64,0,0,0,64,0,64,0,0,64,0,0,0,64,0,64,0,0,64,0,0,0,0,0,0,0,0,0,0,0,0,0,0,0
0,51,0,2,1,4,one_edit,0,64,1280,1792,1792,1920,1792,1920,1792,1920,0,0,64,0,0,64,0,0,64,0,0,64,0,0,64,0,0,64,0,0,64,0,0,64,0,0,64,0,0,0,0,0,0,0,0,0,0,0,0,0,0
0,51,0,4,1,4,one_edit,0,64,1280,1792,1792,2048,1792,2048,1792,2048,0,0,64,0,0,64,0,0,64,0,0,64,0,0,64,0,0,64,0,0,64,0,0,64,0,0,64,0,0,0,0,0,0,0,0,0,0,0,0,0,0
0,51,0,8,1,4,one_edit,0,64,1280,1792,1792,2304,1792,2304,1792,2304,0,0,64,0,0,64,0,0,64,0,0,64,0,0,64,0,0,64,0,0,64,0,0,64,0,0,64,0,0,0,0,0,0,0,0,0,0,0,0,0,0
0,51,0,0,1,4,far,0,176,3520,4928,4928,4928,4928,4928,4928,4928,0,0,176,0,176,0,0,176,0,0,0,176,0,176,0,0,176,0,0,0,176,0,176,0,0,176,0,0,0,0,0,0,0,0,0,0,0,0,0,0,0
0,51,0,2,1,4,far,0,176,3520,4928,4928,5280,4928,5280,4928,5280,0,0,176,0,0,176,0,0,176,0,0,176,0,0,176,0,0,176,0,0,176,0,0,176,0,0,176,0,0,0,0,0,0,0,0,0,0,0,0,0,0
0,51,0,4,1,4,far,0,176,3520,4928,4928,5632,4928,5632,4928,5632,0,0,176,0,0,176,0,0,176,0,0,176,0,0,176,0,0,176,0,0,176,0,0,176,0,0,176,0,0,0,0,0,0,0,0,0,0,0,0,0,0
0,51,0,8,1,4,far,0,176,3520,4928,4928,6336,4928,6336,4928,6336,0,0,176,0,0,176,0,0,176,0,0,176,0,0,176,0,0,176,0,0,176,0,0,176,0,0,176,0,0,0,0,0,0,0,0,0,0,0,0,0,0
0,51,0,0,4,1,unchanged,0,16,320,448,448,448,448,448,448,448,0,0,16,0,16,0,0,16,0,0,0,16,0,16,0,0,16,0,0,0,16,0,16,0,0,16,0,0,0,0,0,0,0,0,0,0,0,0,0,0,0
0,51,0,2,4,1,unchanged,0,16,320,448,448,480,448,480,448,480,0,0,16,0,0,16,0,0,16,0,0,16,0,0,16,0,0,16,0,0,16,0,0,16,0,0,16,0,0,0,0,0,0,0,0,0,0,0,0,0,0
0,51,0,4,4,1,unchanged,0,16,320,448,448,512,448,512,448,512,0,0,16,0,0,16,0,0,16,0,0,16,0,0,16,0,0,16,0,0,16,0,0,16,0,0,16,0,0,0,0,0,0,0,0,0,0,0,0,0,0
0,51,0,8,4,1,unchanged,0,16,320,448,448,576,448,576,448,576,0,0,16,0,0,16,0,0,16,0,0,16,0,0,16,0,0,16,0,0,16,0,0,16,0,0,16,0,0,0,0,0,0,0,0,0,0,0,0,0,0
0,51,0,0,4,1,one_edit,0,64,1280,1792,1792,1792,1792,1792,1792,1792,0,0,64,0,64,0,0,64,0,0,0,64,0,64,0,0,64,0,0,0,64,0,64,0,0,64,0,0,0,0,0,0,0,0,0,0,0,0,0,0,0
0,51,0,2,4,1,one_edit,0,64,1280,1792,1792,1920,1792,1920,1792,1920,0,0,64,0,0,64,0,0,64,0,0,64,0,0,64,0,0,64,0,0,64,0,0,64,0,0,64,0,0,0,0,0,0,0,0,0,0,0,0,0,0
0,51,0,4,4,1,one_edit,0,64,1280,1792,1792,2048,1792,2048,1792,2048,0,0,64,0,0,64,0,0,64,0,0,64,0,0,64,0,0,64,0,0,64,0,0,64,0,0,64,0,0,0,0,0,0,0,0,0,0,0,0,0,0
0,51,0,8,4,1,one_edit,0,64,1280,1792,1792,2304,1792,2304,1792,2304,0,0,64,0,0,64,0,0,64,0,0,64,0,0,64,0,0,64,0,0,64,0,0,64,0,0,64,0,0,0,0,0,0,0,0,0,0,0,0,0,0
0,51,0,0,4,1,far,0,176,3520,4928,4928,4928,4928,4928,4928,4928,0,0,176,0,176,0,0,176,0,0,0,176,0,176,0,0,176,0,0,0,176,0,176,0,0,176,0,0,0,0,0,0,0,0,0,0,0,0,0,0,0
0,51,0,2,4,1,far,0,176,3520,4928,4928,5280,4928,5280,4928,5280,0,0,176,0,0,176,0,0,176,0,0,176,0,0,176,0,0,176,0,0,176,0,0,176,0,0,176,0,0,0,0,0,0,0,0,0,0,0,0,0,0
0,51,0,4,4,1,far,0,176,3520,4928,4928,5632,4928,5632,4928,5632,0,0,176,0,0,176,0,0,176,0,0,176,0,0,176,0,0,176,0,0,176,0,0,176,0,0,176,0,0,0,0,0,0,0,0,0,0,0,0,0,0
0,51,0,8,4,1,far,0,176,3520,4928,4928,6336,4928,6336,4928,6336,0,0,176,0,0,176,0,0,176,0,0,176,0,0,176,0,0,176,0,0,176,0,0,176,0,0,176,0,0,0,0,0,0,0,0,0,0,0,0,0,0
0,51,0,0,4,2,unchanged,0,16,480,608,608,608,608,608,608,608,0,0,16,0,16,0,0,16,0,0,0,16,0,16,0,0,16,0,0,0,16,0,16,0,0,16,0,0,0,0,0,0,0,0,0,0,0,0,0,0,0
0,51,0,2,4,2,unchanged,0,16,480,608,608,640,608,640,608,640,0,0,16,0,0,16,0,0,16,0,0,16,0,0,16,0,0,16,0,0,16,0,0,16,0,0,16,0,0,0,0,0,0,0,0,0,0,0,0,0,0
0,51,0,4,4,2,unchanged,0,16,480,608,608,672,608,672,608,672,0,0,16,0,0,16,0,0,16,0,0,16,0,0,16,0,0,16,0,0,16,0,0,16,0,0,16,0,0,0,0,0,0,0,0,0,0,0,0,0,0
0,51,0,8,4,2,unchanged,0,16,480,608,608,736,608,736,608,736,0,0,16,0,0,16,0,0,16,0,0,16,0,0,16,0,0,16,0,0,16,0,0,16,0,0,16,0,0,0,0,0,0,0,0,0,0,0,0,0,0
0,51,0,0,4,2,one_edit,0,64,1920,2432,2432,2432,2432,2432,2432,2432,0,0,64,0,64,0,0,64,0,0,0,64,0,64,0,0,64,0,0,0,64,0,64,0,0,64,0,0,0,0,0,0,0,0,0,0,0,0,0,0,0
0,51,0,2,4,2,one_edit,0,64,1920,2432,2432,2560,2432,2560,2432,2560,0,0,64,0,0,64,0,0,64,0,0,64,0,0,64,0,0,64,0,0,64,0,0,64,0,0,64,0,0,0,0,0,0,0,0,0,0,0,0,0,0
0,51,0,4,4,2,one_edit,0,64,1920,2432,2432,2688,2432,2688,2432,2688,0,0,64,0,0,64,0,0,64,0,0,64,0,0,64,0,0,64,0,0,64,0,0,64,0,0,64,0,0,0,0,0,0,0,0,0,0,0,0,0,0
0,51,0,8,4,2,one_edit,0,64,1920,2432,2432,2944,2432,2944,2432,2944,0,0,64,0,0,64,0,0,64,0,0,64,0,0,64,0,0,64,0,0,64,0,0,64,0,0,64,0,0,0,0,0,0,0,0,0,0,0,0,0,0
0,51,0,0,4,2,far,0,176,5280,6688,6688,6688,6688,6688,6688,6688,0,0,176,0,176,0,0,176,0,0,0,176,0,176,0,0,176,0,0,0,176,0,176,0,0,176,0,0,0,0,0,0,0,0,0,0,0,0,0,0,0
0,51,0,2,4,2,far,0,176,5280,6688,6688,7040,6688,7040,6688,7040,0,0,176,0,0,176,0,0,176,0,0,176,0,0,176,0,0,176,0,0,176,0,0,176,0,0,176,0,0,0,0,0,0,0,0,0,0,0,0,0,0
0,51,0,4,4,2,far,0,176,5280,6688,6688,7392,6688,7392,6688,7392,0,0,176,0,0,176,0,0,176,0,0,176,0,0,176,0,0,176,0,0,176,0,0,176,0,0,176,0,0,0,0,0,0,0,0,0,0,0,0,0,0
0,51,0,8,4,2,far,0,176,5280,6688,6688,8096,6688,8096,6688,8096,0,0,176,0,0,176,0,0,176,0,0,176,0,0,176,0,0,176,0,0,176,0,0,176,0,0,176,0,0,0,0,0,0,0,0,0,0,0,0,0,0
0,51,0,0,4,4,unchanged,0,16,800,928,928,928,928,928,928,928,0,0,16,0,16,0,0,16,0,0,0,16,0,16,0,0,16,0,0,0,16,0,16,0,0,16,0,0,0,0,0,0,0,0,0,0,0,0,0,0,0
0,51,0,2,4,4,unchanged,0,16,800,928,928,960,928,960,928,960,0,0,16,0,0,16,0,0,16,0,0,16,0,0,16,0,0,16,0,0,16,0,0,16,0,0,16,0,0,0,0,0,0,0,0,0,0,0,0,0,0
0,51,0,4,4,4,unchanged,0,16,800,928,928,992,928,992,928,992,0,0,16,0,0,16,0,0,16,0,0,16,0,0,16,0,0,16,0,0,16,0,0,16,0,0,16,0,0,0,0,0,0,0,0,0,0,0,0,0,0
0,51,0,8,4,4,unchanged,0,16,800,928,928,1056,928,1056,928,1056,0,0,16,0,0,16,0,0,16,0,0,16,0,0,16,0,0,16,0,0,16,0,0,16,0,0,16,0,0,0,0,0,0,0,0,0,0,0,0,0,0
0,51,0,0,4,4,one_edit,0,64,3200,3712,3712,3712,3712,3712,3712,3712,0,0,64,0,64,0,0,64,0,0,0,64,0,64,0,0,64,0,0,0,64,0,64,0,0,64,0,0,0,0,0,0,0,0,0,0,0,0,0,0,0
0,51,0,2,4,4,one_edit,0,64,3200,3712,3712,3840,3712,3840,3712,3840,0,0,64,0,0,64,0,0,64,0,0,64,0,0,64,0,0,64,0,0,64,0,0,64,0,0,64,0,0,0,0,0,0,0,0,0,0,0,0,0,0
0,51,0,4,4,4,one_edit,0,64,3200,3712,3712,3968,3712,3968,3712,3968,0,0,64,0,0,64,0,0,64,0,0,64,0,0,64,0,0,64,0,0,64,0,0,64,0,0,64,0,0,0,0,0,0,0,0,0,0,0,0,0,0
0,51,0,8,4,4,one_edit,0,64,3200,3712,3712,4224,3712,4224,3712,4224,0,0,64,0,0,64,0,0,64,0,0,64,0,0,64,0,0,64,0,0,64,0,0,64,0,0,64,0,0,0,0,0,0,0,0,0,0,0,0,0,0
0,51,0,0,4,4,far,0,176,8800,10208,10208,10208,10208,10208,10208,10208,0,0,176,0,176,0,0,176,0,0,0,176,0,176,0,0,176,0,0,0,176,0,176,0,0,176,0,0,0,0,0,0,0,0,0,0,0,0,0,0,0
0,51,0,2,4,4,far,0,176,8800,10208,10208,10560,10208,10560,10208,10560,0,0,176,0,0,176,0,0,176,0,0,176,0,0,176,0,0,176,0,0,176,0,0,176,0,0,176,0,0,0,0,0,0,0,0,0,0,0,0,0,0
0,51,0,4,4,4,far,0,176,8800,10208,10208,10912,10208,10912,10208,10912,0,0,176,0,0,176,0,0,176,0,0,176,0,0,176,0,0,176,0,0,176,0,0,176,0,0,176,0,0,0,0,0,0,0,0,0,0,0,0,0,0
0,51,0,8,4,4,far,0,176,8800,10208,10208,11616,10208,11616,10208,11616,0,0,176,0,0,176,0,0,176,0,0,176,0,0,176,0,0,176,0,0,176,0,0,176,0,0,176,0,0,0,0,0,0,0,0,0,0,0,0,0,0
0,51,0,0,16,1,unchanged,0,16,800,928,928,928,928,928,928,928,0,0,16,0,16,0,0,16,0,0,0,16,0,16,0,0,16,0,0,0,16,0,16,0,0,16,0,0,0,0,0,0,0,0,0,0,0,0,0,0,0
0,51,0,2,16,1,unchanged,0,16,800,928,928,960,928,960,928,960,0,0,16,0,0,16,0,0,16,0,0,16,0,0,16,0,0,16,0,0,16,0,0,16,0,0,16,0,0,0,0,0,0,0,0,0,0,0,0,0,0
0,51,0,4,16,1,unchanged,0,16,800,928,928,992,928,992,928,992,0,0,16,0,0,16,0,0,16,0,0,16,0,0,16,0,0,16,0,0,16,0,0,16,0,0,16,0,0,0,0,0,0,0,0,0,0,0,0,0,0
0,51,0,8,16,1,unchanged,0,16,800,928,928,1056,928,1056,928,1056,0,0,16,0,0,16,0,0,16,0,0,16,0,0,16,0,0,16,0,0,16,0,0,16,0,0,16,0,0,0,0,0,0,0,0,0,0,0,0,0,0
0,51,0,0,16,1,one_edit,0,64,3200,3712,3712,3712,3712,3712,3712,3712,0,0,64,0,64,0,0,64,0,0,0,64,0,64,0,0,64,0,0,0,64,0,64,0,0,64,0,0,0,0,0,0,0,0,0,0,0,0,0,0,0
0,51,0,2,16,1,one_edit,0,64,3200,3712,3712,3840,3712,3840,3712,3840,0,0,64,0,0,64,0,0,64,0,0,64,0,0,64,0,0,64,0,0,64,0,0,64,0,0,64,0,0,0,0,0,0,0,0,0,0,0,0,0,0
0,51,0,4,16,1,one_edit,0,64,3200,3712,3712,3968,3712,3968,3712,3968,0,0,64,0,0,64,0,0,64,0,0,64,0,0,64,0,0,64,0,0,64,0,0,64,0,0,64,0,0,0,0,0,0,0,0,0,0,0,0,0,0
0,51,0,8,16,1,one_edit,0,64,3200,3712,3712,4224,3712,4224,3712,4224,0,0,64,0,0,64,0,0,64,0,0,64,0,0,64,0,0,64,0,0,64,0,0,64,0,0,64,0,0,0,0,0,0,0,0,0,0,0,0,0,0
0,51,0,0,16,1,far,0,176,8800,10208,10208,10208,10208,10208,10208,10208,0,0,176,0,176,0,0,176,0,0,0,176,0,176,0,0,176,0,0,0,176,0,176,0,0,176,0,0,0,0,0,0,0,0,0,0,0,0,0,0,0
0,51,0,2,16,1,far,0,176,8800,10208,10208,10560,10208,10560,10208,10560,0,0,176,0,0,176,0,0,176,0,0,176,0,0,176,0,0,176,0,0,176,0,0,176,0,0,176,0,0,0,0,0,0,0,0,0,0,0,0,0,0
0,51,0,4,16,1,far,0,176,8800,10208,10208,10912,10208,10912,10208,10912,0,0,176,0,0,176,0,0,176,0,0,176,0,0,176,0,0,176,0,0,176,0,0,176,0,0,176,0,0,0,0,0,0,0,0,0,0,0,0,0,0
0,51,0,8,16,1,far,0,176,8800,10208,10208,11616,10208,11616,10208,11616,0,0,176,0,0,176,0,0,176,0,0,176,0,0,176,0,0,176,0,0,176,0,0,176,0,0,176,0,0,0,0,0,0,0,0,0,0,0,0,0,0
0,51,0,0,16,2,unchanged,0,16,1440,1568,1568,1568,1568,1568,1568,1568,0,0,16,0,16,0,0,16,0,0,0,16,0,16,0,0,16,0,0,0,16,0,16,0,0,16,0,0,0,0,0,0,0,0,0,0,0,0,0,0,0
0,51,0,2,16,2,unchanged,0,16,1440,1568,1568,1600,1568,1600,1568,1600,0,0,16,0,0,16,0,0,16,0,0,16,0,0,16,0,0,16,0,0,16,0,0,16,0,0,16,0,0,0,0,0,0,0,0,0,0,0,0,0,0
0,51,0,4,16,2,unchanged,0,16,1440,1568,1568,1632,1568,1632,1568,1632,0,0,16,0,0,16,0,0,16,0,0,16,0,0,16,0,0,16,0,0,16,0,0,16,0,0,16,0,0,0,0,0,0,0,0,0,0,0,0,0,0
0,51,0,8,16,2,unchanged,0,16,1440,1568,1568,1696,1568,1696,1568,1696,0,0,16,0,0,16,0,0,16,0,0,16,0,0,16,0,0,16,0,0,16,0,0,16,0,0,16,0,0,0,0,0,0,0,0,0,0,0,0,0,0
0,51,0,0,16,2,one_edit,0,64,5760,6272,6272,6272,6272,6272,6272,6272,0,0,64,0,64,0,0,64,0,0,0,64,0,64,0,0,64,0,0,0,64,0,64,0,0,64,0,0,0,0,0,0,0,0,0,0,0,0,0,0,0
0,51,0,2,16,2,one_edit,0,64,5760,6272,6272,6400,6272,6400,6272,6400,0,0,64,0,0,64,0,0,64,0,0,64,0,0,64,0,0,64,0,0,64,0,0,64,0,0,64,0,0,0,0,0,0,0,0,0,0,0,0,0,0
0,51,0,4,16,2,one_edit,0,64,5760,6272,6272,6528,6272,6528,6272,6528,0,0,64,0,0,64,0,0,64,0,0,64,0,0,64,0,0,64,0,0,64,0,0,64,0,0,64,0,0,0,0,0,0,0,0,0,0,0,0,0,0
0,51,0,8,16,2,one_edit,0,64,5760,6272,6272,6784,6272,6784,6272,6784,0,0,64,0,0,64,0,0,64,0,0,64,0,0,64,0,0,64,0,0,64,0,0,64,0,0,64,0,0,0,0,0,0,0,0,0,0,0,0,0,0
0,51,0,0,16,2,far,0,176,15840,17248,17248,17248,17248,17248,17248,17248,0,0,176,0,176,0,0,176,0,0,0,176,0,176,0,0,176,0,0,0,176,0,176,0,0,176,0,0,0,0,0,0,0,0,0,0,0,0,0,0,0
0,51,0,2,16,2,far,0,176,15840,17248,17248,17600,17248,17600,17248,17600,0,0,176,0,0,176,0,0,176,0,0,176,0,0,176,0,0,176,0,0,176,0,0,176,0,0,176,0,0,0,0,0,0,0,0,0,0,0,0,0,0
0,51,0,4,16,2,far,0,176,15840,17248,17248,17952,17248,17952,17248,17952,0,0,176,0,0,176,0,0,176,0,0,176,0,0,176,0,0,176,0,0,176,0,0,176,0,0,176,0,0,0,0,0,0,0,0,0,0,0,0,0,0
0,51,0,8,16,2,far,0,176,15840,17248,17248,18656,17248,18656,17248,18656,0,0,176,0,0,176,0,0,176,0,0,176,0,0,176,0,0,176,0,0,176,0,0,176,0,0,176,0,0,0,0,0,0,0,0,0,0,0,0,0,0
0,51,0,0,16,4,unchanged,0,16,2720,2848,2848,2848,2848,2848,2848,2848,0,0,16,0,16,0,0,16,0,0,0,16,0,16,0,0,16,0,0,0,16,0,16,0,0,16,0,0,0,0,0,0,0,0,0,0,0,0,0,0,0
0,51,0,2,16,4,unchanged,0,16,2720,2848,2848,2880,2848,2880,2848,2880,0,0,16,0,0,16,0,0,16,0,0,16,0,0,16,0,0,16,0,0,16,0,0,16,0,0,16,0,0,0,0,0,0,0,0,0,0,0,0,0,0
0,51,0,4,16,4,unchanged,0,16,2720,2848,2848,2912,2848,2912,2848,2912,0,0,16,0,0,16,0,0,16,0,0,16,0,0,16,0,0,16,0,0,16,0,0,16,0,0,16,0,0,0,0,0,0,0,0,0,0,0,0,0,0
0,51,0,8,16,4,unchanged,0,16,2720,2848,2848,2976,2848,2976,2848,2976,0,0,16,0,0,16,0,0,16,0,0,16,0,0,16,0,0,16,0,0,16,0,0,16,0,0,16,0,0,0,0,0,0,0,0,0,0,0,0,0,0
0,51,0,0,16,4,one_edit,0,64,10880,11392,11392,11392,11392,11392,11392,11392,0,0,64,0,64,0,0,64,0,0,0,64,0,64,0,0,64,0,0,0,64,0,64,0,0,64,0,0,0,0,0,0,0,0,0,0,0,0,0,0,0
0,51,0,2,16,4,one_edit,0,64,10880,11392,11392,11520,11392,11520,11392,11520,0,0,64,0,0,64,0,0,64,0,0,64,0,0,64,0,0,64,0,0,64,0,0,64,0,0,64,0,0,0,0,0,0,0,0,0,0,0,0,0,0
0,51,0,4,16,4,one_edit,0,64,10880,11392,11392,11648,11392,11648,11392,11648,0,0,64,0,0,64,0,0,64,0,0,64,0,0,64,0,0,64,0,0,64,0,0,64,0,0,64,0,0,0,0,0,0,0,0,0,0,0,0,0,0
0,51,0,8,16,4,one_edit,0,64,10880,11392,11392,11904,11392,11904,11392,11904,0,0,64,0,0,64,0,0,64,0,0,64,0,0,64,0,0,64,0,0,64,0,0,64,0,0,64,0,0,0,0,0,0,0,0,0,0,0,0,0,0
0,51,0,0,16,4,far,0,176,29920,31328,31328,31328,31328,31328,31328,31328,0,0,176,0,176,0,0,176,0,0,0,176,0,176,0,0,176,0,0,0,176,0,176,0,0,176,0,0,0,0,0,0,0,0,0,0,0,0,0,0,0
0,51,0,2,16,4,far,0,176,29920,31328,31328,31680,31328,31680,31328,31680,0,0,176,0,0,176,0,0,176,0,0,176,0,0,176,0,0,176,0,0,176,0,0,176,0,0,176,0,0,0,0,0,0,0,0,0,0,0,0,0,0
0,51,0,4,16,4,far,0,176,29920,31328,31328,32032,31328,32032,31328,32032,0,0,176,0,0,176,0,0,176,0,0,176,0,0,176,0,0,176,0,0,176,0,0,176,0,0,176,0,0,0,0,0,0,0,0,0,0,0,0,0,0
0,51,0,8,16,4,far,0,176,29920,31328,31328,32736,31328,32736,31328,32736,0,0,176,0,0,176,0,0,176,0,0,176,0,0,176,0,0,176,0,0,176,0,0,176,0,0,176,0,0,0,0,0,0,0,0,0,0,0,0,0,0
0,51,1,0,1,1,unchanged,0,16,400,528,528,528,528,528,528,528,0,0,16,0,16,0,0,16,0,0,0,16,0,16,0,0,16,0,0,0,16,0,16,0,0,16,0,0,0,0,0,0,0,0,0,0,0,0,0,0,0
0,51,1,2,1,1,unchanged,0,16,400,528,528,560,528,560,528,560,0,0,16,0,0,16,0,0,16,0,0,16,0,0,16,0,0,16,0,0,16,0,0,16,0,0,16,0,0,0,0,0,0,0,0,0,0,0,0,0,0
0,51,1,4,1,1,unchanged,0,16,400,528,528,592,528,592,528,592,0,0,16,0,0,16,0,0,16,0,0,16,0,0,16,0,0,16,0,0,16,0,0,16,0,0,16,0,0,0,0,0,0,0,0,0,0,0,0,0,0
0,51,1,8,1,1,unchanged,0,16,400,528,528,656,528,656,528,656,0,0,16,0,0,16,0,0,16,0,0,16,0,0,16,0,0,16,0,0,16,0,0,16,0,0,16,0,0,0,0,0,0,0,0,0,0,0,0,0,0
0,51,1,0,1,1,one_edit,0,64,1600,2112,2112,2112,2112,2112,2112,2112,0,0,64,0,64,0,0,64,0,0,0,64,0,64,0,0,64,0,0,0,64,0,64,0,0,64,0,0,0,0,0,0,0,0,0,0,0,0,0,0,0
0,51,1,2,1,1,one_edit,0,64,1600,2112,2112,2240,2112,2240,2112,2240,0,0,64,0,0,64,0,0,64,0,0,64,0,0,64,0,0,64,0,0,64,0,0,64,0,0,64,0,0,0,0,0,0,0,0,0,0,0,0,0,0
0,51,1,4,1,1,one_edit,0,64,1600,2112,2112,2368,2112,2368,2112,2368,0,0,64,0,0,64,0,0,64,0,0,64,0,0,64,0,0,64,0,0,64,0,0,64,0,0,64,0,0,0,0,0,0,0,0,0,0,0,0,0,0
0,51,1,8,1,1,one_edit,0,64,1600,2112,2112,2624,2112,2624,2112,2624,0,0,64,0,0,64,0,0,64,0,0,64,0,0,64,0,0,64,0,0,64,0,0,64,0,0,64,0,0,0,0,0,0,0,0,0,0,0,0,0,0
0,51,1,0,1,1,far,0,176,4400,5808,5808,5808,5808,5808,5808,5808,0,0,176,0,176,0,0,176,0,0,0,176,0,176,0,0,176,0,0,0,176,0,176,0,0,176,0,0,0,0,0,0,0,0,0,0,0,0,0,0,0
0,51,1,2,1,1,far,0,176,4400,5808,5808,6160,5808,6160,5808,6160,0,0,176,0,0,176,0,0,176,0,0,176,0,0,176,0,0,176,0,0,176,0,0,176,0,0,176,0,0,0,0,0,0,0,0,0,0,0,0,0,0
0,51,1,4,1,1,far,0,176,4400,5808,5808,6512,5808,6512,5808,6512,0,0,176,0,0,176,0,0,176,0,0,176,0,0,176,0,0,176,0,0,176,0,0,176,0,0,176,0,0,0,0,0,0,0,0,0,0,0,0,0,0
0,51,1,8,1,1,far,0,176,4400,5808,5808,7216,5808,7216,5808,7216,0,0,176,0,0,176,0,0,176,0,0,176,0,0,176,0,0,176,0,0,176,0,0,176,0,0,176,0,0,0,0,0,0,0,0,0,0,0,0,0,0
0,51,1,0,1,2,unchanged,0,16,480,608,608,608,608,608,608,608,0,0,16,0,16,0,0,16,0,0,0,16,0,16,0,0,16,0,0,0,16,0,16,0,0,16,0,0,0,0,0,0,0,0,0,0,0,0,0,0,0
0,51,1,2,1,2,unchanged,0,16,480,608,608,640,608,640,608,640,0,0,16,0,0,16,0,0,16,0,0,16,0,0,16,0,0,16,0,0,16,0,0,16,0,0,16,0,0,0,0,0,0,0,0,0,0,0,0,0,0
0,51,1,4,1,2,unchanged,0,16,480,608,608,672,608,672,608,672,0,0,16,0,0,16,0,0,16,0,0,16,0,0,16,0,0,16,0,0,16,0,0,16,0,0,16,0,0,0,0,0,0,0,0,0,0,0,0,0,0
0,51,1,8,1,2,unchanged,0,16,480,608,608,736,608,736,608,736,0,0,16,0,0,16,0,0,16,0,0,16,0,0,16,0,0,16,0,0,16,0,0,16,0,0,16,0,0,0,0,0,0,0,0,0,0,0,0,0,0
0,51,1,0,1,2,one_edit,0,64,1920,2432,2432,2432,2432,2432,2432,2432,0,0,64,0,64,0,0,64,0,0,0,64,0,64,0,0,64,0,0,0,64,0,64,0,0,64,0,0,0,0,0,0,0,0,0,0,0,0,0,0,0
0,51,1,2,1,2,one_edit,0,64,1920,2432,2432,2560,2432,2560,2432,2560,0,0,64,0,0,64,0,0,64,0,0,64,0,0,64,0,0,64,0,0,64,0,0,64,0,0,64,0,0,0,0,0,0,0,0,0,0,0,0,0,0
0,51,1,4,1,2,one_edit,0,64,1920,2432,2432,2688,2432,2688,2432,2688,0,0,64,0,0,64,0,0,64,0,0,64,0,0,64,0,0,64,0,0,64,0,0,64,0,0,64,0,0,0,0,0,0,0,0,0,0,0,0,0,0
0,51,1,8,1,2,one_edit,0,64,1920,2432,2432,2944,2432,2944,2432,2944,0,0,64,0,0,64,0,0,64,0,0,64,0,0,64,0,0,64,0,0,64,0,0,64,0,0,64,0,0,0,0,0,0,0,0,0,0,0,0,0,0
0,51,1,0,1,2,far,0,176,5280,6688,6688,6688,6688,6688,6688,6688,0,0,176,0,176,0,0,176,0,0,0,176,0,176,0,0,176,0,0,0,176,0,176,0,0,176,0,0,0,0,0,0,0,0,0,0,0,0,0,0,0
0,51,1,2,1,2,far,0,176,5280,6688,6688,7040,6688,7040,6688,7040,0,0,176,0,0,176,0,0,176,0,0,176,0,0,176,0,0,176,0,0,176,0,0,176,0,0,176,0,0,0,0,0,0,0,0,0,0,0,0,0,0
0,51,1,4,1,2,far,0,176,5280,6688,6688,7392,6688,7392,6688,7392,0,0,176,0,0,176,0,0,176,0,0,176,0,0,176,0,0,176,0,0,176,0,0,176,0,0,176,0,0,0,0,0,0,0,0,0,0,0,0,0,0
0,51,1,8,1,2,far,0,176,5280,6688,6688,8096,6688,8096,6688,8096,0,0,176,0,0,176,0,0,176,0,0,176,0,0,176,0,0,176,0,0,176,0,0,176,0,0,176,0,0,0,0,0,0,0,0,0,0,0,0,0,0
0,51,1,0,1,4,unchanged,0,16,640,768,768,768,768,768,768,768,0,0,16,0,16,0,0,16,0,0,0,16,0,16,0,0,16,0,0,0,16,0,16,0,0,16,0,0,0,0,0,0,0,0,0,0,0,0,0,0,0
0,51,1,2,1,4,unchanged,0,16,640,768,768,800,768,800,768,800,0,0,16,0,0,16,0,0,16,0,0,16,0,0,16,0,0,16,0,0,16,0,0,16,0,0,16,0,0,0,0,0,0,0,0,0,0,0,0,0,0
0,51,1,4,1,4,unchanged,0,16,640,768,768,832,768,832,768,832,0,0,16,0,0,16,0,0,16,0,0,16,0,0,16,0,0,16,0,0,16,0,0,16,0,0,16,0,0,0,0,0,0,0,0,0,0,0,0,0,0
0,51,1,8,1,4,unchanged,0,16,640,768,768,896,768,896,768,896,0,0,16,0,0,16,0,0,16,0,0,16,0,0,16,0,0,16,0,0,16,0,0,16,0,0,16,0,0,0,0,0,0,0,0,0,0,0,0,0,0
0,51,1,0,1,4,one_edit,0,64,2560,3072,3072,3072,3072,3072,3072,3072,0,0,64,0,64,0,0,64,0,0,0,64,0,64,0,0,64,0,0,0,64,0,64,0,0,64,0,0,0,0,0,0,0,0,0,0,0,0,0,0,0
0,51,1,2,1,4,one_edit,0,64,2560,3072,3072,3200,3072,3200,3072,3200,0,0,64,0,0,64,0,0,64,0,0,64,0,0,64,0,0,64,0,0,64,0,0,64,0,0,64,0,0,0,0,0,0,0,0,0,0,0,0,0,0
0,51,1,4,1,4,one_edit,0,64,2560,3072,3072,3328,3072,3328,3072,3328,0,0,64,0,0,64,0,0,64,0,0,64,0,0,64,0,0,64,0,0,64,0,0,64,0,0,64,0,0,0,0,0,0,0,0,0,0,0,0,0,0
0,51,1,8,1,4,one_edit,0,64,2560,3072,3072,3584,3072,3584,3072,3584,0,0,64,0,0,64,0,0,64,0,0,64,0,0,64,0,0,64,0,0,64,0,0,64,0,0,64,0,0,0,0,0,0,0,0,0,0,0,0,0,0
0,51,1,0,1,4,far,0,176,7040,8448,8448,8448,8448,8448,8448,8448,0,0,176,0,176,0,0,176,0,0,0,176,0,176,0,0,176,0,0,0,176,0,176,0,0,176,0,0,0,0,0,0,0,0,0,0,0,0,0,0,0
0,51,1,2,1,4,far,0,176,7040,8448,8448,8800,8448,8800,8448,8800,0,0,176,0,0,176,0,0,176,0,0,176,0,0,176,0,0,176,0,0,176,0,0,176,0,0,176,0,0,0,0,0,0,0,0,0,0,0,0,0,0
0,51,1,4,1,4,far,0,176,7040,8448,8448,9152,8448,9152,8448,9152,0,0,176,0,0,176,0,0,176,0,0,176,0,0,176,0,0,176,0,0,176,0,0,176,0,0,176,0,0,0,0,0,0,0,0,0,0,0,0,0,0
0,51,1,8,1,4,far,0,176,7040,8448,8448,9856,8448,9856,8448,9856,0,0,176,0,0,176,0,0,176,0,0,176,0,0,176,0,0,176,0,0,176,0,0,176,0,0,176,0,0,0,0,0,0,0,0,0,0,0,0,0,0
0,51,1,0,4,1,unchanged,0,16,640,768,768,768,768,768,768,768,0,0,16,0,16,0,0,16,0,0,0,16,0,16,0,0,16,0,0,0,16,0,16,0,0,16,0,0,0,0,0,0,0,0,0,0,0,0,0,0,0
0,51,1,2,4,1,unchanged,0,16,640,768,768,800,768,800,768,800,0,0,16,0,0,16,0,0,16,0,0,16,0,0,16,0,0,16,0,0,16,0,0,16,0,0,16,0,0,0,0,0,0,0,0,0,0,0,0,0,0
0,51,1,4,4,1,unchanged,0,16,640,768,768,832,768,832,768,832,0,0,16,0,0,16,0,0,16,0,0,16,0,0,16,0,0,16,0,0,16,0,0,16,0,0,16,0,0,0,0,0,0,0,0,0,0,0,0,0,0
0,51,1,8,4,1,unchanged,0,16,640,768,768,896,768,896,768,896,0,0,16,0,0,16,0,0,16,0,0,16,0,0,16,0,0,16,0,0,16,0,0,16,0,0,16,0,0,0,0,0,0,0,0,0,0,0,0,0,0
0,51,1,0,4,1,one_edit,0,64,2560,3072,3072,3072,3072,3072,3072,3072,0,0,64,0,64,0,0,64,0,0,0,64,0,64,0,0,64,0,0,0,64,0,64,0,0,64,0,0,0,0,0,0,0,0,0,0,0,0,0,0,0
0,51,1,2,4,1,one_edit,0,64,2560,3072,3072,3200,3072,3200,3072,3200,0,0,64,0,0,64,0,0,64,0,0,64,0,0,64,0,0,64,0,0,64,0,0,64,0,0,64,0,0,0,0,0,0,0,0,0,0,0,0,0,0
0,51,1,4,4,1,one_edit,0,64,2560,3072,3072,3328,3072,3328,3072,3328,0,0,64,0,0,64,0,0,64,0,0,64,0,0,64,0,0,64,0,0,64,0,0,64,0,0,64,0,0,0,0,0,0,0,0,0,0,0,0,0,0
0,51,1,8,4,1,one_edit,0,64,2560,3072,3072,3584,3072,3584,3072,3584,0,0,64,0,0,64,0,0,64,0,0,64,0,0,64,0,0,64,0,0,64,0,0,64,0,0,64,0,0,0,0,0,0,0,0,0,0,0,0,0,0
0,51,1,0,4,1,far,0,176,7040,8448,8448,8448,8448,8448,8448,8448,0,0,176,0,176,0,0,176,0,0,0,176,0,176,0,0,176,0,0,0,176,0,176,0,0,176,0,0,0,0,0,0,0,0,0,0,0,0,0,0,0
0,51,1,2,4,1,far,0,176,7040,8448,8448,8800,8448,8800,8448,8800,0,0,176,0,0,176,0,0,176,0,0,176,0,0,176,0,0,176,0,0,176,0,0,176,0,0,176,0,0,0,0,0,0,0,0,0,0,0,0,0,0
0,51,1,4,4,1,far,0,176,7040,8448,8448,9152,8448,9152,8448,9152,0,0,176,0,0,176,0,0,176,0,0,176,0,0,176,0,0,176,0,0,176,0,0,176,0,0,176,0,0,0,0,0,0,0,0,0,0,0,0,0,0
0,51,1,8,4,1,far,0,176,7040,8448,8448,9856,8448,9856,8448,9856,0,0,176,0,0,176,0,0,176,0,0,176,0,0,176,0,0,176,0,0,176,0,0,176,0,0,176,0,0,0,0,0,0,0,0,0,0,0,0,0,0
0,51,1,0,4,2,unchanged,0,16,960,1088,1088,1088,1088,1088,1088,1088,0,0,16,0,16,0,0,16,0,0,0,16,0,16,0,0,16,0,0,0,16,0,16,0,0,16,0,0,0,0,0,0,0,0,0,0,0,0,0,0,0
0,51,1,2,4,2,unchanged,0,16,960,1088,1088,1120,1088,1120,1088,1120,0,0,16,0,0,16,0,0,16,0,0,16,0,0,16,0,0,16,0,0,16,0,0,16,0,0,16,0,0,0,0,0,0,0,0,0,0,0,0,0,0
0,51,1,4,4,2,unchanged,0,16,960,1088,1088,1152,1088,1152,1088,1152,0,0,16,0,0,16,0,0,16,0,0,16,0,0,16,0,0,16,0,0,16,0,0,16,0,0,16,0,0,0,0,0,0,0,0,0,0,0,0,0,0
0,51,1,8,4,2,unchanged,0,16,960,1088,1088,1216,1088,1216,1088,1216,0,0,16,0,0,16,0,0,16,0,0,16,0,0,16,0,0,16,0,0,16,0,0,16,0,0,16,0,0,0,0,0,0,0,0,0,0,0,0,0,0
0,51,1,0,4,2,one_edit,0,64,3840,4352,4352,4352,4352,4352,4352,4352,0,0,64,0,64,0,0,64,0,0,0,64,0,64,0,0,64,0,0,0,64,0,64,0,0,64,0,0,0,0,0,0,0,0,0,0,0,0,0,0,0
0,51,1,2,4,2,one_edit,0,64,3840,4352,4352,4480,4352,4480,4352,4480,0,0,64,0,0,64,0,0,64,0,0,64,0,0,64,0,0,64,0,0,64,0,0,64,0,0,64,0,0,0,0,0,0,0,0,0,0,0,0,0,0
0,51,1,4,4,2,one_edit,0,64,3840,4352,4352,4608,4352,4608,4352,4608,0,0,64,0,0,64,0,0,64,0,0,64,0,0,64,0,0,64,0,0,64,0,0,64,0,0,64,0,0,0,0,0,0,0,0,0,0,0,0,0,0
0,51,1,8,4,2,one_edit,0,64,3840,4352,4352,4864,4352,4864,4352,4864,0,0,64,0,0,64,0,0,64,0,0,64,0,0,64,0,0,64,0,0,64,0,0,64,0,0,64,0,0,0,0,0,0,0,0,0,0,0,0,0,0
0,51,1,0,4,2,far,0,176,10560,11968,11968,11968,11968,11968,11968,11968,0,0,176,0,176,0,0,176,0,0,0,176,0,176,0,0,176,0,0,0,176,0,176,0,0,176,0,0,0,0,0,0,0,0,0,0,0,0,0,0,0
0,51,1,2,4,2,far,0,176,10560,11968,11968,12320,11968,12320,11968,12320,0,0,176,0,0,176,0,0,176,0,0,176,0,0,176,0,0,176,0,0,176,0,0,176,0,0,176,0,0,0,0,0,0,0,0,0,0,0,0,0,0
0,51,1,4,4,2,far,0,176,10560,11968,11968,12672,11968,12672,11968,12672,0,0,176,0,0,176,0,0,176,0,0,176,0,0,176,0,0,176,0,0,176,0,0,176,0,0,176,0,0,0,0,0,0,0,0,0,0,0,0,0,0
0,51,1,8,4,2,far,0,176,10560,11968,11968,13376,11968,13376,11968,13376,0,0,176,0,0,176,0,0,176,0,0,176,0,0,176,0,0,176,0,0,176,0,0,176,0,0,176,0,0,0,0,0,0,0,0,0,0,0,0,0,0
0,51,1,0,4,4,unchanged,0,16,1600,1728,1728,1728,1728,1728,1728,1728,0,0,16,0,16,0,0,16,0,0,0,16,0,16,0,0,16,0,0,0,16,0,16,0,0,16,0,0,0,0,0,0,0,0,0,0,0,0,0,0,0
0,51,1,2,4,4,unchanged,0,16,1600,1728,1728,1760,1728,1760,1728,1760,0,0,16,0,0,16,0,0,16,0,0,16,0,0,16,0,0,16,0,0,16,0,0,16,0,0,16,0,0,0,0,0,0,0,0,0,0,0,0,0,0
0,51,1,4,4,4,unchanged,0,16,1600,1728,1728,1792,1728,1792,1728,1792,0,0,16,0,0,16,0,0,16,0,0,16,0,0,16,0,0,16,0,0,16,0,0,16,0,0,16,0,0,0,0,0,0,0,0,0,0,0,0,0,0
0,51,1,8,4,4,unchanged,0,16,1600,1728,1728,1856,1728,1856,1728,1856,0,0,16,0,0,16,0,0,16,0,0,16,0,0,16,0,0,16,0,0,16,0,0,16,0,0,16,0,0,0,0,0,0,0,0,0,0,0,0,0,0
0,51,1,0,4,4,one_edit,0,64,6400,6912,6912,6912,6912,6912,6912,6912,0,0,64,0,64,0,0,64,0,0,0,64,0,64,0,0,64,0,0,0,64,0,64,0,0,64,0,0,0,0,0,0,0,0,0,0,0,0,0,0,0
0,51,1,2,4,4,one_edit,0,64,6400,6912,6912,7040,6912,7040,6912,7040,0,0,64,0,0,64,0,0,64,0,0,64,0,0,64,0,0,64,0,0,64,0,0,64,0,0,64,0,0,0,0,0,0,0,0,0,0,0,0,0,0
0,51,1,4,4,4,one_edit,0,64,6400,6912,6912,7168,6912,7168,6912,7168,0,0,64,0,0,64,0,0,64,0,0,64,0,0,64,0,0,64,0,0,64,0,0,64,0,0,64,0,0,0,0,0,0,0,0,0,0,0,0,0,0
0,51,1,8,4,4,one_edit,0,64,6400,6912,6912,7424,6912,7424,6912,7424,0,0,64,0,0,64,0,0,64,0,0,64,0,0,64,0,0,64,0,0,64,0,0,64,0,0,64,0,0,0,0,0,0,0,0,0,0,0,0,0,0
0,51,1,0,4,4,far,0,176,17600,19008,19008,19008,19008,19008,19008,19008,0,0,176,0,176,0,0,176,0,0,0,176,0,176,0,0,176,0,0,0,176,0,176,0,0,176,0,0,0,0,0,0,0,0,0,0,0,0,0,0,0
0,51,1,2,4,4,far,0,176,17600,19008,19008,19360,19008,19360,19008,19360,0,0,176,0,0,176,0,0,176,0,0,176,0,0,176,0,0,176,0,0,176,0,0,176,0,0,176,0,0,0,0,0,0,0,0,0,0,0,0,0,0
0,51,1,4,4,4,far,0,176,17600,19008,19008,19712,19008,19712,19008,19712,0,0,176,0,0,176,0,0,176,0,0,176,0,0,176,0,0,176,0,0,176,0,0,176,0,0,176,0,0,0,0,0,0,0,0,0,0,0,0,0,0
0,51,1,8,4,4,far,0,176,17600,19008,19008,20416,19008,20416,19008,20416,0,0,176,0,0,176,0,0,176,0,0,176,0,0,176,0,0,176,0,0,176,0,0,176,0,0,176,0,0,0,0,0,0,0,0,0,0,0,0,0,0
0,51,1,0,16,1,unchanged,0,16,1600,1728,1728,1728,1728,1728,1728,1728,0,0,16,0,16,0,0,16,0,0,0,16,0,16,0,0,16,0,0,0,16,0,16,0,0,16,0,0,0,0,0,0,0,0,0,0,0,0,0,0,0
0,51,1,2,16,1,unchanged,0,16,1600,1728,1728,1760,1728,1760,1728,1760,0,0,16,0,0,16,0,0,16,0,0,16,0,0,16,0,0,16,0,0,16,0,0,16,0,0,16,0,0,0,0,0,0,0,0,0,0,0,0,0,0
0,51,1,4,16,1,unchanged,0,16,1600,1728,1728,1792,1728,1792,1728,1792,0,0,16,0,0,16,0,0,16,0,0,16,0,0,16,0,0,16,0,0,16,0,0,16,0,0,16,0,0,0,0,0,0,0,0,0,0,0,0,0,0
0,51,1,8,16,1,unchanged,0,16,1600,1728,1728,1856,1728,1856,1728,1856,0,0,16,0,0,16,0,0,16,0,0,16,0,0,16,0,0,16,0,0,16,0,0,16,0,0,16,0,0,0,0,0,0,0,0,0,0,0,0,0,0
0,51,1,0,16,1,one_edit,0,64,6400,6912,6912,6912,6912,6912,6912,6912,0,0,64,0,64,0,0,64,0,0,0,64,0,64,0,0,64,0,0,0,64,0,64,0,0,64,0,0,0,0,0,0,0,0,0,0,0,0,0,0,0
0,51,1,2,16,1,one_edit,0,64,6400,6912,6912,7040,6912,7040,6912,7040,0,0,64,0,0,64,0,0,64,0,0,64,0,0,64,0,0,64,0,0,64,0,0,64,0,0,64,0,0,0,0,0,0,0,0,0,0,0,0,0,0
0,51,1,4,16,1,one_edit,0,64,6400,6912,6912,7168,6912,7168,6912,7168,0,0,64,0,0,64,0,0,64,0,0,64,0,0,64,0,0,64,0,0,64,0,0,64,0,0,64,0,0,0,0,0,0,0,0,0,0,0,0,0,0
0,51,1,8,16,1,one_edit,0,64,6400,6912,6912,7424,6912,7424,6912,7424,0,0,64,0,0,64,0,0,64,0,0,64,0,0,64,0,0,64,0,0,64,0,0,64,0,0,64,0,0,0,0,0,0,0,0,0,0,0,0,0,0
0,51,1,0,16,1,far,0,176,17600,19008,19008,19008,19008,19008,19008,19008,0,0,176,0,176,0,0,176,0,0,0,176,0,176,0,0,176,0,0,0,176,0,176,0,0,176,0,0,0,0,0,0,0,0,0,0,0,0,0,0,0
0,51,1,2,16,1,far,0,176,17600,19008,19008,19360,19008,19360,19008,19360,0,0,176,0,0,176,0,0,176,0,0,176,0,0,176,0,0,176,0,0,176,0,0,176,0,0,176,0,0,0,0,0,0,0,0,0,0,0,0,0,0
0,51,1,4,16,1,far,0,176,17600,19008,19008,19712,19008,19712,19008,19712,0,0,176,0,0,176,0,0,176,0,0,176,0,0,176,0,0,176,0,0,176,0,0,176,0,0,176,0,0,0,0,0,0,0,0,0,0,0,0,0,0
0,51,1,8,16,1,far,0,176,17600,19008,19008,20416,19008,20416,19008,20416,0,0,176,0,0,176,0,0,176,0,0,176,0,0,176,0,0,176,0,0,176,0,0,176,0,0,176,0,0,0,0,0,0,0,0,0,0,0,0,0,0
0,51,1,0,16,2,unchanged,0,16,2880,3008,3008,3008,3008,3008,3008,3008,0,0,16,0,16,0,0,16,0,0,0,16,0,16,0,0,16,0,0,0,16,0,16,0,0,16,0,0,0,0,0,0,0,0,0,0,0,0,0,0,0
0,51,1,2,16,2,unchanged,0,16,2880,3008,3008,3040,3008,3040,3008,3040,0,0,16,0,0,16,0,0,16,0,0,16,0,0,16,0,0,16,0,0,16,0,0,16,0,0,16,0,0,0,0,0,0,0,0,0,0,0,0,0,0
0,51,1,4,16,2,unchanged,0,16,2880,3008,3008,3072,3008,3072,3008,3072,0,0,16,0,0,16,0,0,16,0,0,16,0,0,16,0,0,16,0,0,16,0,0,16,0,0,16,0,0,0,0,0,0,0,0,0,0,0,0,0,0
0,51,1,8,16,2,unchanged,0,16,2880,3008,3008,3136,3008,3136,3008,3136,0,0,16,0,0,16,0,0,16,0,0,16,0,0,16,0,0,16,0,0,16,0,0,16,0,0,16,0,0,0,0,0,0,0,0,0,0,0,0,0,0
0,51,1,0,16,2,one_edit,0,64,11520,12032,12032,12032,12032,12032,12032,12032,0,0,64,0,64,0,0,64,0,0,0,64,0,64,0,0,64,0,0,0,64,0,64,0,0,64,0,0,0,0,0,0,0,0,0,0,0,0,0,0,0
0,51,1,2,16,2,one_edit,0,64,11520,12032,12032,12160,12032,12160,12032,12160,0,0,64,0,0,64,0,0,64,0,0,64,0,0,64,0,0,64,0,0,64,0,0,64,0,0,64,0,0,0,0,0,0,0,0,0,0,0,0,0,0
0,51,1,4,16,2,one_edit,0,64,11520,12032,12032,12288,12032,12288,12032,12288,0,0,64,0,0,64,0,0,64,0,0,64,0,0,64,0,0,64,0,0,64,0,0,64,0,0,64,0,0,0,0,0,0,0,0,0,0,0,0,0,0
0,51,1,8,16,2,one_edit,0,64,11520,12032,12032,12544,12032,12544,12032,12544,0,0,64,0,0,64,0,0,64,0,0,64,0,0,64,0,0,64,0,0,64,0,0,64,0,0,64,0,0,0,0,0,0,0,0,0,0,0,0,0,0
0,51,1,0,16,2,far,0,176,31680,33088,33088,33088,33088,33088,33088,33088,0,0,176,0,176,0,0,176,0,0,0,176,0,176,0,0,176,0,0,0,176,0,176,0,0,176,0,0,0,0,0,0,0,0,0,0,0,0,0,0,0
0,51,1,2,16,2,far,0,176,31680,33088,33088,33440,33088,33440,33088,33440,0,0,176,0,0,176,0,0,176,0,0,176,0,0,176,0,0,176,0,0,176,0,0,176,0,0,176,0,0,0,0,0,0,0,0,0,0,0,0,0,0
0,51,1,4,16,2,far,0,176,31680,33088,33088,33792,33088,33792,33088,33792,0,0,176,0,0,176,0,0,176,0,0,176,0,0,176,0,0,176,0,0,176,0,0,176,0,0,176,0,0,0,0,0,0,0,0,0,0,0,0,0,0
0,51,1,8,16,2,far,0,176,31680,33088,33088,34496,33088,34496,33088,34496,0,0,176,0,0,176,0,0,176,0,0,176,0,0,176,0,0,176,0,0,176,0,0,176,0,0,176,0,0,0,0,0,0,0,0,0,0,0,0,0,0
0,51,1,0,16,4,unchanged,0,16,5440,5568,5568,5568,5568,5568,5568,5568,0,0,16,0,16,0,0,16,0,0,0,16,0,16,0,0,16,0,0,0,16,0,16,0,0,16,0,0,0,0,0,0,0,0,0,0,0,0,0,0,0
0,51,1,2,16,4,unchanged,0,16,5440,5568,5568,5600,5568,5600,5568,5600,0,0,16,0,0,16,0,0,16,0,0,16,0,0,16,0,0,16,0,0,16,0,0,16,0,0,16,0,0,0,0,0,0,0,0,0,0,0,0,0,0
0,51,1,4,16,4,unchanged,0,16,5440,5568,5568,5632,5568,5632,5568,5632,0,0,16,0,0,16,0,0,16,0,0,16,0,0,16,0,0,16,0,0,16,0,0,16,0,0,16,0,0,0,0,0,0,0,0,0,0,0,0,0,0
0,51,1,8,16,4,unchanged,0,16,5440,5568,5568,5696,5568,5696,5568,5696,0,0,16,0,0,16,0,0,16,0,0,16,0,0,16,0,0,16,0,0,16,0,0,16,0,0,16,0,0,0,0,0,0,0,0,0,0,0,0,0,0
0,51,1,0,16,4,one_edit,0,64,21760,22272,22272,22272,22272,22272,22272,22272,0,0,64,0,64,0,0,64,0,0,0,64,0,64,0,0,64,0,0,0,64,0,64,0,0,64,0,0,0,0,0,0,0,0,0,0,0,0,0,0,0
0,51,1,2,16,4,one_edit,0,64,21760,22272,22272,22400,22272,22400,22272,22400,0,0,64,0,0,64,0,0,64,0,0,64,0,0,64,0,0,64,0,0,64,0,0,64,0,0,64,0,0,0,0,0,0,0,0,0,0,0,0,0,0
0,51,1,4,16,4,one_edit,0,64,21760,22272,22272,22528,22272,22528,22272,22528,0,0,64,0,0,64,0,0,64,0,0,64,0,0,64,0,0,64,0,0,64,0,0,64,0,0,64,0,0,0,0,0,0,0,0,0,0,0,0,0,0
0,51,1,8,16,4,one_edit,0,64,21760,22272,22272,22784,22272,22784,22272,22784,0,0,64,0,0,64,0,0,64,0,0,64,0,0,64,0,0,64,0,0,64,0,0,64,0,0,64,0,0,0,0,0,0,0,0,0,0,0,0,0,0
0,51,1,0,16,4,far,0,176,59840,61248,61248,61248,61248,61248,61248,61248,0,0,176,0,176,0,0,176,0,0,0,176,0,176,0,0,176,0,0,0,176,0,176,0,0,176,0,0,0,0,0,0,0,0,0,0,0,0,0,0,0
0,51,1,2,16,4,far,0,176,59840,61248,61248,61600,61248,61600,61248,61600,0,0,176,0,0,176,0,0,176,0,0,176,0,0,176,0,0,176,0,0,176,0,0,176,0,0,176,0,0,0,0,0,0,0,0,0,0,0,0,0,0
0,51,1,4,16,4,far,0,176,59840,61248,61248,61952,61248,61952,61248,61952,0,0,176,0,0,176,0,0,176,0,0,176,0,0,176,0,0,176,0,0,176,0,0,176,0,0,176,0,0,0,0,0,0,0,0,0,0,0,0,0,0
0,51,1,8,16,4,far,0,176,59840,61248,61248,62656,61248,62656,61248,62656,0,0,176,0,0,176,0,0,176,0,0,176,0,0,176,0,0,176,0,0,176,0,0,176,0,0,176,0,0,0,0,0,0,0,0,0,0,0,0,0,0
0,51,2,0,1,1,unchanged,0,16,600,728,728,728,728,728,728,728,0,0,16,0,16,0,0,16,0,0,0,16,0,16,0,0,16,0,0,0,16,0,16,0,0,16,0,0,0,0,0,0,0,0,0,0,0,0,0,0,0
0,51,2,2,1,1,unchanged,0,16,600,728,728,760,728,760,728,760,0,0,16,0,0,16,0,0,16,0,0,16,0,0,16,0,0,16,0,0,16,0,0,16,0,0,16,0,0,0,0,0,0,0,0,0,0,0,0,0,0
0,51,2,4,1,1,unchanged,0,16,600,728,728,792,728,792,728,792,0,0,16,0,0,16,0,0,16,0,0,16,0,0,16,0,0,16,0,0,16,0,0,16,0,0,16,0,0,0,0,0,0,0,0,0,0,0,0,0,0
0,51,2,8,1,1,unchanged,0,16,600,728,728,856,728,856,728,856,0,0,16,0,0,16,0,0,16,0,0,16,0,0,16,0,0,16,0,0,16,0,0,16,0,0,16,0,0,0,0,0,0,0,0,0,0,0,0,0,0
0,51,2,0,1,1,one_edit,0,64,2400,2912,2912,2912,2912,2912,2912,2912,0,0,64,0,64,0,0,64,0,0,0,64,0,64,0,0,64,0,0,0,64,0,64,0,0,64,0,0,0,0,0,0,0,0,0,0,0,0,0,0,0
0,51,2,2,1,1,one_edit,0,64,2400,2912,2912,3040,2912,3040,2912,3040,0,0,64,0,0,64,0,0,64,0,0,64,0,0,64,0,0,64,0,0,64,0,0,64,0,0,64,0,0,0,0,0,0,0,0,0,0,0,0,0,0
0,51,2,4,1,1,one_edit,0,64,2400,2912,2912,3168,2912,3168,2912,3168,0,0,64,0,0,64,0,0,64,0,0,64,0,0,64,0,0,64,0,0,64,0,0,64,0,0,64,0,0,0,0,0,0,0,0,0,0,0,0,0,0
0,51,2,8,1,1,one_edit,0,64,2400,2912,2912,3424,2912,3424,2912,3424,0,0,64,0,0,64,0,0,64,0,0,64,0,0,64,0,0,64,0,0,64,0,0,64,0,0,64,0,0,0,0,0,0,0,0,0,0,0,0,0,0
0,51,2,0,1,1,far,0,176,6600,8008,8008,8008,8008,8008,8008,8008,0,0,176,0,176,0,0,176,0,0,0,176,0,176,0,0,176,0,0,0,176,0,176,0,0,176,0,0,0,0,0,0,0,0,0,0,0,0,0,0,0
0,51,2,2,1,1,far,0,176,6600,8008,8008,8360,8008,8360,8008,8360,0,0,176,0,0,176,0,0,176,0,0,176,0,0,176,0,0,176,0,0,176,0,0,176,0,0,176,0,0,0,0,0,0,0,0,0,0,0,0,0,0
0,51,2,4,1,1,far,0,176,6600,8008,8008,8712,8008,8712,8008,8712,0,0,176,0,0,176,0,0,176,0,0,176,0,0,176,0,0,176,0,0,176,0,0,176,0,0,176,0,0,0,0,0,0,0,0,0,0,0,0,0,0
0,51,2,8,1,1,far,0,176,6600,8008,8008,9416,8008,9416,8008,9416,0,0,176,0,0,176,0,0,176,0,0,176,0,0,176,0,0,176,0,0,176,0,0,176,0,0,176,0,0,0,0,0,0,0,0,0,0,0,0,0,0
0,51,2,0,1,2,unchanged,0,16,720,848,848,848,848,848,848,848,0,0,16,0,16,0,0,16,0,0,0,16,0,16,0,0,16,0,0,0,16,0,16,0,0,16,0,0,0,0,0,0,0,0,0,0,0,0,0,0,0
0,51,2,2,1,2,unchanged,0,16,720,848,848,880,848,880,848,880,0,0,16,0,0,16,0,0,16,0,0,16,0,0,16,0,0,16,0,0,16,0,0,16,0,0,16,0,0,0,0,0,0,0,0,0,0,0,0,0,0
0,51,2,4,1,2,unchanged,0,16,720,848,848,912,848,912,848,912,0,0,16,0,0,16,0,0,16,0,0,16,0,0,16,0,0,16,0,0,16,0,0,16,0,0,16,0,0,0,0,0,0,0,0,0,0,0,0,0,0
0,51,2,8,1,2,unchanged,0,16,720,848,848,976,848,976,848,976,0,0,16,0,0,16,0,0,16,0,0,16,0,0,16,0,0,16,0,0,16,0,0,16,0,0,16,0,0,0,0,0,0,0,0,0,0,0,0,0,0
0,51,2,0,1,2,one_edit,0,64,2880,3392,3392,3392,3392,3392,3392,3392,0,0,64,0,64,0,0,64,0,0,0,64,0,64,0,0,64,0,0,0,64,0,64,0,0,64,0,0,0,0,0,0,0,0,0,0,0,0,0,0,0
0,51,2,2,1,2,one_edit,0,64,2880,3392,3392,3520,3392,3520,3392,3520,0,0,64,0,0,64,0,0,64,0,0,64,0,0,64,0,0,64,0,0,64,0,0,64,0,0,64,0,0,0,0,0,0,0,0,0,0,0,0,0,0
0,51,2,4,1,2,one_edit,0,64,2880,3392,3392,3648,3392,3648,3392,3648,0,0,64,0,0,64,0,0,64,0,0,64,0,0,64,0,0,64,0,0,64,0,0,64,0,0,64,0,0,0,0,0,0,0,0,0,0,0,0,0,0
0,51,2,8,1,2,one_edit,0,64,2880,3392,3392,3904,3392,3904,3392,3904,0,0,64,0,0,64,0,0,64,0,0,64,0,0,64,0,0,64,0,0,64,0,0,64,0,0,64,0,0,0,0,0,0,0,0,0,0,0,0,0,0
0,51,2,0,1,2,far,0,176,7920,9328,9328,9328,9328,9328,9328,9328,0,0,176,0,176,0,0,176,0,0,0,176,0,176,0,0,176,0,0,0,176,0,176,0,0,176,0,0,0,0,0,0,0,0,0,0,0,0,0,0,0
0,51,2,2,1,2,far,0,176,7920,9328,9328,9680,9328,9680,9328,9680,0,0,176,0,0,176,0,0,176,0,0,176,0,0,176,0,0,176,0,0,176,0,0,176,0,0,176,0,0,0,0,0,0,0,0,0,0,0,0,0,0
0,51,2,4,1,2,far,0,176,7920,9328,9328,10032,9328,10032,9328,10032,0,0,176,0,0,176,0,0,176,0,0,176,0,0,176,0,0,176,0,0,176,0,0,176,0,0,176,0,0,0,0,0,0,0,0,0,0,0,0,0,0
0,51,2,8,1,2,far,0,176,7920,9328,9328,10736,9328,10736,9328,10736,0,0,176,0,0,176,0,0,176,0,0,176,0,0,176,0,0,176,0,0,176,0,0,176,0,0,176,0,0,0,0,0,0,0,0,0,0,0,0,0,0
0,51,2,0,1,4,unchanged,0,16,960,1088,1088,1088,1088,1088,1088,1088,0,0,16,0,16,0,0,16,0,0,0,16,0,16,0,0,16,0,0,0,16,0,16,0,0,16,0,0,0,0,0,0,0,0,0,0,0,0,0,0,0
0,51,2,2,1,4,unchanged,0,16,960,1088,1088,1120,1088,1120,1088,1120,0,0,16,0,0,16,0,0,16,0,0,16,0,0,16,0,0,16,0,0,16,0,0,16,0,0,16,0,0,0,0,0,0,0,0,0,0,0,0,0,0
0,51,2,4,1,4,unchanged,0,16,960,1088,1088,1152,1088,1152,1088,1152,0,0,16,0,0,16,0,0,16,0,0,16,0,0,16,0,0,16,0,0,16,0,0,16,0,0,16,0,0,0,0,0,0,0,0,0,0,0,0,0,0
0,51,2,8,1,4,unchanged,0,16,960,1088,1088,1216,1088,1216,1088,1216,0,0,16,0,0,16,0,0,16,0,0,16,0,0,16,0,0,16,0,0,16,0,0,16,0,0,16,0,0,0,0,0,0,0,0,0,0,0,0,0,0
0,51,2,0,1,4,one_edit,0,64,3840,4352,4352,4352,4352,4352,4352,4352,0,0,64,0,64,0,0,64,0,0,0,64,0,64,0,0,64,0,0,0,64,0,64,0,0,64,0,0,0,0,0,0,0,0,0,0,0,0,0,0,0
0,51,2,2,1,4,one_edit,0,64,3840,4352,4352,4480,4352,4480,4352,4480,0,0,64,0,0,64,0,0,64,0,0,64,0,0,64,0,0,64,0,0,64,0,0,64,0,0,64,0,0,0,0,0,0,0,0,0,0,0,0,0,0
0,51,2,4,1,4,one_edit,0,64,3840,4352,4352,4608,4352,4608,4352,4608,0,0,64,0,0,64,0,0,64,0,0,64,0,0,64,0,0,64,0,0,64,0,0,64,0,0,64,0,0,0,0,0,0,0,0,0,0,0,0,0,0
0,51,2,8,1,4,one_edit,0,64,3840,4352,4352,4864,4352,4864,4352,4864,0,0,64,0,0,64,0,0,64,0,0,64,0,0,64,0,0,64,0,0,64,0,0,64,0,0,64,0,0,0,0,0,0,0,0,0,0,0,0,0,0
0,51,2,0,1,4,far,0,176,10560,11968,11968,11968,11968,11968,11968,11968,0,0,176,0,176,0,0,176,0,0,0,176,0,176,0,0,176,0,0,0,176,0,176,0,0,176,0,0,0,0,0,0,0,0,0,0,0,0,0,0,0
0,51,2,2,1,4,far,0,176,10560,11968,11968,12320,11968,12320,11968,12320,0,0,176,0,0,176,0,0,176,0,0,176,0,0,176,0,0,176,0,0,176,0,0,176,0,0,176,0,0,0,0,0,0,0,0,0,0,0,0,0,0
0,51,2,4,1,4,far,0,176,10560,11968,11968,12672,11968,12672,11968,12672,0,0,176,0,0,176,0,0,176,0,0,176,0,0,176,0,0,176,0,0,176,0,0,176,0,0,176,0,0,0,0,0,0,0,0,0,0,0,0,0,0
0,51,2,8,1,4,far,0,176,10560,11968,11968,13376,11968,13376,11968,13376,0,0,176,0,0,176,0,0,176,0,0,176,0,0,176,0,0,176,0,0,176,0,0,176,0,0,176,0,0,0,0,0,0,0,0,0,0,0,0,0,0
0,51,2,0,4,1,unchanged,0,16,960,1088,1088,1088,1088,1088,1088,1088,0,0,16,0,16,0,0,16,0,0,0,16,0,16,0,0,16,0,0,0,16,0,16,0,0,16,0,0,0,0,0,0,0,0,0,0,0,0,0,0,0
0,51,2,2,4,1,unchanged,0,16,960,1088,1088,1120,1088,1120,1088,1120,0,0,16,0,0,16,0,0,16,0,0,16,0,0,16,0,0,16,0,0,16,0,0,16,0,0,16,0,0,0,0,0,0,0,0,0,0,0,0,0,0
0,51,2,4,4,1,unchanged,0,16,960,1088,1088,1152,1088,1152,1088,1152,0,0,16,0,0,16,0,0,16,0,0,16,0,0,16,0,0,16,0,0,16,0,0,16,0,0,16,0,0,0,0,0,0,0,0,0,0,0,0,0,0
0,51,2,8,4,1,unchanged,0,16,960,1088,1088,1216,1088,1216,1088,1216,0,0,16,0,0,16,0,0,16,0,0,16,0,0,16,0,0,16,0,0,16,0,0,16,0,0,16,0,0,0,0,0,0,0,0,0,0,0,0,0,0
0,51,2,0,4,1,one_edit,0,64,3840,4352,4352,4352,4352,4352,4352,4352,0,0,64,0,64,0,0,64,0,0,0,64,0,64,0,0,64,0,0,0,64,0,64,0,0,64,0,0,0,0,0,0,0,0,0,0,0,0,0,0,0
0,51,2,2,4,1,one_edit,0,64,3840,4352,4352,4480,4352,4480,4352,4480,0,0,64,0,0,64,0,0,64,0,0,64,0,0,64,0,0,64,0,0,64,0,0,64,0,0,64,0,0,0,0,0,0,0,0,0,0,0,0,0,0
0,51,2,4,4,1,one_edit,0,64,3840,4352,4352,4608,4352,4608,4352,4608,0,0,64,0,0,64,0,0,64,0,0,64,0,0,64,0,0,64,0,0,64,0,0,64,0,0,64,0,0,0,0,0,0,0,0,0,0,0,0,0,0
0,51,2,8,4,1,one_edit,0,64,3840,4352,4352,4864,4352,4864,4352,4864,0,0,64,0,0,64,0,0,64,0,0,64,0,0,64,0,0,64,0,0,64,0,0,64,0,0,64,0,0,0,0,0,0,0,0,0,0,0,0,0,0
0,51,2,0,4,1,far,0,176,10560,11968,11968,11968,11968,11968,11968,11968,0,0,176,0,176,0,0,176,0,0,0,176,0,176,0,0,176,0,0,0,176,0,176,0,0,176,0,0,0,0,0,0,0,0,0,0,0,0,0,0,0
0,51,2,2,4,1,far,0,176,10560,11968,11968,12320,11968,12320,11968,12320,0,0,176,0,0,176,0,0,176,0,0,176,0,0,176,0,0,176,0,0,176,0,0,176,0,0,176,0,0,0,0,0,0,0,0,0,0,0,0,0,0
0,51,2,4,4,1,far,0,176,10560,11968,11968,12672,11968,12672,11968,12672,0,0,176,0,0,176,0,0,176,0,0,176,0,0,176,0,0,176,0,0,176,0,0,176,0,0,176,0,0,0,0,0,0,0,0,0,0,0,0,0,0
0,51,2,8,4,1,far,0,176,10560,11968,11968,13376,11968,13376,11968,13376,0,0,176,0,0,176,0,0,176,0,0,176,0,0,176,0,0,176,0,0,176,0,0,176,0,0,176,0,0,0,0,0,0,0,0,0,0,0,0,0,0
0,51,2,0,4,2,unchanged,0,16,1440,1568,1568,1568,1568,1568,1568,1568,0,0,16,0,16,0,0,16,0,0,0,16,0,16,0,0,16,0,0,0,16,0,16,0,0,16,0,0,0,0,0,0,0,0,0,0,0,0,0,0,0
0,51,2,2,4,2,unchanged,0,16,1440,1568,1568,1600,1568,1600,1568,1600,0,0,16,0,0,16,0,0,16,0,0,16,0,0,16,0,0,16,0,0,16,0,0,16,0,0,16,0,0,0,0,0,0,0,0,0,0,0,0,0,0
0,51,2,4,4,2,unchanged,0,16,1440,1568,1568,1632,1568,1632,1568,1632,0,0,16,0,0,16,0,0,16,0,0,16,0,0,16,0,0,16,0,0,16,0,0,16,0,0,16,0,0,0,0,0,0,0,0,0,0,0,0,0,0
0,51,2,8,4,2,unchanged,0,16,1440,1568,1568,1696,1568,1696,1568,1696,0,0,16,0,0,16,0,0,16,0,0,16,0,0,16,0,0,16,0,0,16,0,0,16,0,0,16,0,0,0,0,0,0,0,0,0,0,0,0,0,0
0,51,2,0,4,2,one_edit,0,64,5760,6272,6272,6272,6272,6272,6272,6272,0,0,64,0,64,0,0,64,0,0,0,64,0,64,0,0,64,0,0,0,64,0,64,0,0,64,0,0,0,0,0,0,0,0,0,0,0,0,0,0,0
0,51,2,2,4,2,one_edit,0,64,5760,6272,6272,6400,6272,6400,6272,6400,0,0,64,0,0,64,0,0,64,0,0,64,0,0,64,0,0,64,0,0,64,0,0,64,0,0,64,0,0,0,0,0,0,0,0,0,0,0,0,0,0
0,51,2,4,4,2,one_edit,0,64,5760,6272,6272,6528,6272,6528,6272,6528,0,0,64,0,0,64,0,0,64,0,0,64,0,0,64,0,0,64,0,0,64,0,0,64,0,0,64,0,0,0,0,0,0,0,0,0,0,0,0,0,0
0,51,2,8,4,2,one_edit,0,64,5760,6272,6272,6784,6272,6784,6272,6784,0,0,64,0,0,64,0,0,64,0,0,64,0,0,64,0,0,64,0,0,64,0,0,64,0,0,64,0,0,0,0,0,0,0,0,0,0,0,0,0,0
0,51,2,0,4,2,far,0,176,15840,17248,17248,17248,17248,17248,17248,17248,0,0,176,0,176,0,0,176,0,0,0,176,0,176,0,0,176,0,0,0,176,0,176,0,0,176,0,0,0,0,0,0,0,0,0,0,0,0,0,0,0
0,51,2,2,4,2,far,0,176,15840,17248,17248,17600,17248,17600,17248,17600,0,0,176,0,0,176,0,0,176,0,0,176,0,0,176,0,0,176,0,0,176,0,0,176,0,0,176,0,0,0,0,0,0,0,0,0,0,0,0,0,0
0,51,2,4,4,2,far,0,176,15840,17248,17248,17952,17248,17952,17248,17952,0,0,176,0,0,176,0,0,176,0,0,176,0,0,176,0,0,176,0,0,176,0,0,176,0,0,176,0,0,0,0,0,0,0,0,0,0,0,0,0,0
0,51,2,8,4,2,far,0,176,15840,17248,17248,18656,17248,18656,17248,18656,0,0,176,0,0,176,0,0,176,0,0,176,0,0,176,0,0,176,0,0,176,0,0,176,0,0,176,0,0,0,0,0,0,0,0,0,0,0,0,0,0
0,51,2,0,4,4,unchanged,0,16,2400,2528,2528,2528,2528,2528,2528,2528,0,0,16,0,16,0,0,16,0,0,0,16,0,16,0,0,16,0,0,0,16,0,16,0,0,16,0,0,0,0,0,0,0,0,0,0,0,0,0,0,0
0,51,2,2,4,4,unchanged,0,16,2400,2528,2528,2560,2528,2560,2528,2560,0,0,16,0,0,16,0,0,16,0,0,16,0,0,16,0,0,16,0,0,16,0,0,16,0,0,16,0,0,0,0,0,0,0,0,0,0,0,0,0,0
0,51,2,4,4,4,unchanged,0,16,2400,2528,2528,2592,2528,2592,2528,2592,0,0,16,0,0,16,0,0,16,0,0,16,0,0,16,0,0,16,0,0,16,0,0,16,0,0,16,0,0,0,0,0,0,0,0,0,0,0,0,0,0
0,51,2,8,4,4,unchanged,0,16,2400,2528,2528,2656,2528,2656,2528,2656,0,0,16,0,0,16,0,0,16,0,0,16,0,0,16,0,0,16,0,0,16,0,0,16,0,0,16,0,0,0,0,0,0,0,0,0,0,0,0,0,0
0,51,2,0,4,4,one_edit,0,64,9600,10112,10112,10112,10112,10112,10112,10112,0,0,64,0,64,0,0,64,0,0,0,64,0,64,0,0,64,0,0,0,64,0,64,0,0,64,0,0,0,0,0,0,0,0,0,0,0,0,0,0,0
0,51,2,2,4,4,one_edit,0,64,9600,10112,10112,10240,10112,10240,10112,10240,0,0,64,0,0,64,0,0,64,0,0,64,0,0,64,0,0,64,0,0,64,0,0,64,0,0,64,0,0,0,0,0,0,0,0,0,0,0,0,0,0
0,51,2,4,4,4,one_edit,0,64,9600,10112,10112,10368,10112,10368,10112,10368,0,0,64,0,0,64,0,0,64,0,0,64,0,0,64,0,0,64,0,0,64,0,0,64,0,0,64,0,0,0,0,0,0,0,0,0,0,0,0,0,0
0,51,2,8,4,4,one_edit,0,64,9600,10112,10112,10624,10112,10624,10112,10624,0,0,64,0,0,64,0,0,64,0,0,64,0,0,64,0,0,64,0,0,64,0,0,64,0,0,64,0,0,0,0,0,0,0,0,0,0,0,0,0,0
0,51,2,0,4,4,far,0,176,26400,27808,27808,27808,27808,27808,27808,27808,0,0,176,0,176,0,0,176,0,0,0,176,0,176,0,0,176,0,0,0,176,0,176,0,0,176,0,0,0,0,0,0,0,0,0,0,0,0,0,0,0
0,51,2,2,4,4,far,0,176,26400,27808,27808,28160,27808,28160,27808,28160,0,0,176,0,0,176,0,0,176,0,0,176,0,0,176,0,0,176,0,0,176,0,0,176,0,0,176,0,0,0,0,0,0,0,0,0,0,0,0,0,0
0,51,2,4,4,4,far,0,176,26400,27808,27808,28512,27808,28512,27808,28512,0,0,176,0,0,176,0,0,176,0,0,176,0,0,176,0,0,176,0,0,176,0,0,176,0,0,176,0,0,0,0,0,0,0,0,0,0,0,0,0,0
0,51,2,8,4,4,far,0,176,26400,27808,27808,29216,27808,29216,27808,29216,0,0,176,0,0,176,0,0,176,0,0,176,0,0,176,0,0,176,0,0,176,0,0,176,0,0,176,0,0,0,0,0,0,0,0,0,0,0,0,0,0
0,51,2,0,16,1,unchanged,0,16,2400,2528,2528,2528,2528,2528,2528,2528,0,0,16,0,16,0,0,16,0,0,0,16,0,16,0,0,16,0,0,0,16,0,16,0,0,16,0,0,0,0,0,0,0,0,0,0,0,0,0,0,0
0,51,2,2,16,1,unchanged,0,16,2400,2528,2528,2560,2528,2560,2528,2560,0,0,16,0,0,16,0,0,16,0,0,16,0,0,16,0,0,16,0,0,16,0,0,16,0,0,16,0,0,0,0,0,0,0,0,0,0,0,0,0,0
0,51,2,4,16,1,unchanged,0,16,2400,2528,2528,2592,2528,2592,2528,2592,0,0,16,0,0,16,0,0,16,0,0,16,0,0,16,0,0,16,0,0,16,0,0,16,0,0,16,0,0,0,0,0,0,0,0,0,0,0,0,0,0
0,51,2,8,16,1,unchanged,0,16,2400,2528,2528,2656,2528,2656,2528,2656,0,0,16,0,0,16,0,0,16,0,0,16,0,0,16,0,0,16,0,0,16,0,0,16,0,0,16,0,0,0,0,0,0,0,0,0,0,0,0,0,0
0,51,2,0,16,1,one_edit,0,64,9600,10112,10112,10112,10112,10112,10112,10112,0,0,64,0,64,0,0,64,0,0,0,64,0,64,0,0,64,0,0,0,64,0,64,0,0,64,0,0,0,0,0,0,0,0,0,0,0,0,0,0,0
0,51,2,2,16,1,one_edit,0,64,9600,10112,10112,10240,10112,10240,10112,10240,0,0,64,0,0,64,0,0,64,0,0,64,0,0,64,0,0,64,0,0,64,0,0,64,0,0,64,0,0,0,0,0,0,0,0,0,0,0,0,0,0
0,51,2,4,16,1,one_edit,0,64,9600,10112,10112,10368,10112,10368,10112,10368,0,0,64,0,0,64,0,0,64,0,0,64,0,0,64,0,0,64,0,0,64,0,0,64,0,0,64,0,0,0,0,0,0,0,0,0,0,0,0,0,0
0,51,2,8,16,1,one_edit,0,64,9600,10112,10112,10624,10112,10624,10112,10624,0,0,64,0,0,64,0,0,64,0,0,64,0,0,64,0,0,64,0,0,64,0,0,64,0,0,64,0,0,0,0,0,0,0,0,0,0,0,0,0,0
0,51,2,0,16,1,far,0,176,26400,27808,27808,27808,27808,27808,27808,27808,0,0,176,0,176,0,0,176,0,0,0,176,0,176,0,0,176,0,0,0,176,0,176,0,0,176,0,0,0,0,0,0,0,0,0,0,0,0,0,0,0
0,51,2,2,16,1,far,0,176,26400,27808,27808,28160,27808,28160,27808,28160,0,0,176,0,0,176,0,0,176,0,0,176,0,0,176,0,0,176,0,0,176,0,0,176,0,0,176,0,0,0,0,0,0,0,0,0,0,0,0,0,0
0,51,2,4,16,1,far,0,176,26400,27808,27808,28512,27808,28512,27808,28512,0,0,176,0,0,176,0,0,176,0,0,176,0,0,176,0,0,176,0,0,176,0,0,176,0,0,176,0,0,0,0,0,0,0,0,0,0,0,0,0,0
0,51,2,8,16,1,far,0,176,26400,27808,27808,29216,27808,29216,27808,29216,0,0,176,0,0,176,0,0,176,0,0,176,0,0,176,0,0,176,0,0,176,0,0,176,0,0,176,0,0,0,0,0,0,0,0,0,0,0,0,0,0
0,51,2,0,16,2,unchanged,0,16,4320,4448,4448,4448,4448,4448,4448,4448,0,0,16,0,16,0,0,16,0,0,0,16,0,16,0,0,16,0,0,0,16,0,16,0,0,16,0,0,0,0,0,0,0,0,0,0,0,0,0,0,0
0,51,2,2,16,2,unchanged,0,16,4320,4448,4448,4480,4448,4480,4448,4480,0,0,16,0,0,16,0,0,16,0,0,16,0,0,16,0,0,16,0,0,16,0,0,16,0,0,16,0,0,0,0,0,0,0,0,0,0,0,0,0,0
0,51,2,4,16,2,unchanged,0,16,4320,4448,4448,4512,4448,4512,4448,4512,0,0,16,0,0,16,0,0,16,0,0,16,0,0,16,0,0,16,0,0,16,0,0,16,0,0,16,0,0,0,0,0,0,0,0,0,0,0,0,0,0
0,51,2,8,16,2,unchanged,0,16,4320,4448,4448,4576,4448,4576,4448,4576,0,0,16,0,0,16,0,0,16,0,0,16,0,0,16,0,0,16,0,0,16,0,0,16,0,0,16,0,0,0,0,0,0,0,0,0,0,0,0,0,0
0,51,2,0,16,2,one_edit,0,64,17280,17792,17792,17792,17792,17792,17792,17792,0,0,64,0,64,0,0,64,0,0,0,64,0,64,0,0,64,0,0,0,64,0,64,0,0,64,0,0,0,0,0,0,0,0,0,0,0,0,0,0,0
0,51,2,2,16,2,one_edit,0,64,17280,17792,17792,17920,17792,17920,17792,17920,0,0,64,0,0,64,0,0,64,0,0,64,0,0,64,0,0,64,0,0,64,0,0,64,0,0,64,0,0,0,0,0,0,0,0,0,0,0,0,0,0
0,51,2,4,16,2,one_edit,0,64,17280,17792,17792,18048,17792,18048,17792,18048,0,0,64,0,0,64,0,0,64,0,0,64,0,0,64,0,0,64,0,0,64,0,0,64,0,0,64,0,0,0,0,0,0,0,0,0,0,0,0,0,0
0,51,2,8,16,2,one_edit,0,64,17280,17792,17792,18304,17792,18304,17792,18304,0,0,64,0,0,64,0,0,64,0,0,64,0,0,64,0,0,64,0,0,64,0,0,64,0,0,64,0,0,0,0,0,0,0,0,0,0,0,0,0,0
0,51,2,0,16,2,far,0,176,47520,48928,48928,48928,48928,48928,48928,48928,0,0,176,0,176,0,0,176,0,0,0,176,0,176,0,0,176,0,0,0,176,0,176,0,0,176,0,0,0,0,0,0,0,0,0,0,0,0,0,0,0
0,51,2,2,16,2,far,0,176,47520,48928,48928,49280,48928,49280,48928,49280,0,0,176,0,0,176,0,0,176,0,0,176,0,0,176,0,0,176,0,0,176,0,0,176,0,0,176,0,0,0,0,0,0,0,0,0,0,0,0,0,0
0,51,2,4,16,2,far,0,176,47520,48928,48928,49632,48928,49632,48928,49632,0,0,176,0,0,176,0,0,176,0,0,176,0,0,176,0,0,176,0,0,176,0,0,176,0,0,176,0,0,0,0,0,0,0,0,0,0,0,0,0,0
0,51,2,8,16,2,far,0,176,47520,48928,48928,50336,48928,50336,48928,50336,0,0,176,0,0,176,0,0,176,0,0,176,0,0,176,0,0,176,0,0,176,0,0,176,0,0,176,0,0,0,0,0,0,0,0,0,0,0,0,0,0
0,51,2,0,16,4,unchanged,0,16,8160,8288,8288,8288,8288,8288,8288,8288,0,0,16,0,16,0,0,16,0,0,0,16,0,16,0,0,16,0,0,0,16,0,16,0,0,16,0,0,0,0,0,0,0,0,0,0,0,0,0,0,0
0,51,2,2,16,4,unchanged,0,16,8160,8288,8288,8320,8288,8320,8288,8320,0,0,16,0,0,16,0,0,16,0,0,16,0,0,16,0,0,16,0,0,16,0,0,16,0,0,16,0,0,0,0,0,0,0,0,0,0,0,0,0,0
0,51,2,4,16,4,unchanged,0,16,8160,8288,8288,8352,8288,8352,8288,8352,0,0,16,0,0,16,0,0,16,0,0,16,0,0,16,0,0,16,0,0,16,0,0,16,0,0,16,0,0,0,0,0,0,0,0,0,0,0,0,0,0
0,51,2,8,16,4,unchanged,0,16,8160,8288,8288,8416,8288,8416,8288,8416,0,0,16,0,0,16,0,0,16,0,0,16,0,0,16,0,0,16,0,0,16,0,0,16,0,0,16,0,0,0,0,0,0,0,0,0,0,0,0,0,0
0,51,2,0,16,4,one_edit,0,64,32640,33152,33152,33152,33152,33152,33152,33152,0,0,64,0,64,0,0,64,0,0,0,64,0,64,0,0,64,0,0,0,64,0,64,0,0,64,0,0,0,0,0,0,0,0,0,0,0,0,0,0,0
0,51,2,2,16,4,one_edit,0,64,32640,33152,33152,33280,33152,33280,33152,33280,0,0,64,0,0,64,0,0,64,0,0,64,0,0,64,0,0,64,0,0,64,0,0,64,0,0,64,0,0,0,0,0,0,0,0,0,0,0,0,0,0
0,51,2,4,16,4,one_edit,0,64,32640,33152,33152,33408,33152,33408,33152,33408,0,0,64,0,0,64,0,0,64,0,0,64,0,0,64,0,0,64,0,0,64,0,0,64,0,0,64,0,0,0,0,0,0,0,0,0,0,0,0,0,0
0,51,2,8,16,4,one_edit,0,64,32640,33152,33152,33664,33152,33664,33152,33664,0,0,64,0,0,64,0,0,64,0,0,64,0,0,64,0,0,64,0,0,64,0,0,64,0,0,64,0,0,0,0,0,0,0,0,0,0,0,0,0,0
0,51,2,0,16,4,far,0,176,89760,91168,91168,91168,91168,91168,91168,91168,0,0,176,0,176,0,0,176,0,0,0,176,0,176,0,0,176,0,0,0,176,0,176,0,0,176,0,0,0,0,0,0,0,0,0,0,0,0,0,0,0
0,51,2,2,16,4,far,0,176,89760,91168,91168,91520,91168,91520,91168,91520,0,0,176,0,0,176,0,0,176,0,0,176,0,0,176,0,0,176,0,0,176,0,0,176,0,0,176,0,0,0,0,0,0,0,0,0,0,0,0,0,0
0,51,2,4,16,4,far,0,176,89760,91168,91168,91872,91168,91872,91168,91872,0,0,176,0,0,176,0,0,176,0,0,176,0,0,176,0,0,176,0,0,176,0,0,176,0,0,176,0,0,0,0,0,0,0,0,0,0,0,0,0,0
0,51,2,8,16,4,far,0,176,89760,91168,91168,92576,91168,92576,91168,92576,0,0,176,0,0,176,0,0,176,0,0,176,0,0,176,0,0,176,0,0,176,0,0,176,0,0,176,0,0,0,0,0,0,0,0,0,0,0,0,0,0
0,51,4,0,1,1,unchanged,0,11,500,588,588,588,588,588,588,588,0,0,11,0,11,0,0,11,0,0,0,11,0,11,0,0,11,0,0,0,11,0,11,0,0,11,0,0,0,0,0,0,0,0,0,0,0,0,0,0,0
0,51,4,2,1,1,unchanged,0,11,500,588,588,610,588,610,588,610,0,0,11,0,0,11,0,0,11,0,0,11,0,0,11,0,0,11,0,0,11,0,0,11,0,0,11,0,0,0,0,0,0,0,0,0,0,0,0,0,0
0,51,4,4,1,1,unchanged,0,11,500,588,588,632,588,632,588,632,0,0,11,0,0,11,0,0,11,0,0,11,0,0,11,0,0,11,0,0,11,0,0,11,0,0,11,0,0,0,0,0,0,0,0,0,0,0,0,0,0
0,51,4,8,1,1,unchanged,0,11,500,588,588,676,588,676,588,676,0,0,11,0,0,11,0,0,11,0,0,11,0,0,11,0,0,11,0,0,11,0,0,11,0,0,11,0,0,0,0,0,0,0,0,0,0,0,0,0,0
0,51,4,0,1,1,one_edit,0,44,2060,2412,2412,2412,2412,2412,2412,2412,0,0,44,0,44,0,0,44,0,0,0,44,0,44,0,0,44,0,0,0,44,0,44,0,0,44,0,0,0,0,0,0,0,0,0,0,0,0,0,0,0
0,51,4,2,1,1,one_edit,0,44,2060,2412,2412,2500,2412,2500,2412,2500,0,0,44,0,0,44,0,0,44,0,0,44,0,0,44,0,0,44,0,0,44,0,0,44,0,0,44,0,0,0,0,0,0,0,0,0,0,0,0,0,0
0,51,4,4,1,1,one_edit,0,44,2060,2412,2412,2588,2412,2588,2412,2588,0,0,44,0,0,44,0,0,44,0,0,44,0,0,44,0,0,44,0,0,44,0,0,44,0,0,44,0,0,0,0,0,0,0,0,0,0,0,0,0,0
0,51,4,8,1,1,one_edit,0,44,2060,2412,2412,2764,2412,2764,2412,2764,0,0,44,0,0,44,0,0,44,0,0,44,0,0,44,0,0,44,0,0,44,0,0,44,0,0,44,0,0,0,0,0,0,0,0,0,0,0,0,0,0
0,51,4,0,1,1,far,0,121,5740,6708,6708,6708,6708,6708,6708,6708,0,0,121,0,121,0,0,121,0,0,0,121,0,121,0,0,121,0,0,0,121,0,121,0,0,121,0,0,0,0,0,0,0,0,0,0,0,0,0,0,0
0,51,4,2,1,1,far,0,121,5740,6708,6708,6950,6708,6950,6708,6950,0,0,121,0,0,121,0,0,121,0,0,121,0,0,121,0,0,121,0,0,121,0,0,121,0,0,121,0,0,0,0,0,0,0,0,0,0,0,0,0,0
0,51,4,4,1,1,far,0,121,5740,6708,6708,7192,6708,7192,6708,7192,0,0,121,0,0,121,0,0,121,0,0,121,0,0,121,0,0,121,0,0,121,0,0,121,0,0,121,0,0,0,0,0,0,0,0,0,0,0,0,0,0
0,51,4,8,1,1,far,0,121,5740,6708,6708,7676,6708,7676,6708,7676,0,0,121,0,0,121,0,0,121,0,0,121,0,0,121,0,0,121,0,0,121,0,0,121,0,0,121,0,0,0,0,0,0,0,0,0,0,0,0,0,0
0,51,4,0,1,1,one_edit,1,20,1940,1720,1720,1720,1720,1720,1720,1720,20,0,0,0,20,0,0,20,0,20,0,0,0,20,0,0,20,0,20,0,0,0,20,0,0,20,0,0,0,0,0,0,0,0,0,0,0,0,0,0,0
0,51,4,2,1,1,one_edit,1,20,1940,1720,1720,1760,1720,1760,1720,1760,20,0,0,0,0,20,0,0,20,20,0,0,0,0,20,0,0,20,20,0,0,0,0,20,0,0,20,0,0,0,0,0,0,0,0,0,0,0,0,0,0
0,51,4,4,1,1,one_edit,1,20,1940,1720,1720,1800,1720,1800,1720,1800,20,0,0,0,0,20,0,0,20,20,0,0,0,0,20,0,0,20,20,0,0,0,0,20,0,0,20,0,0,0,0,0,0,0,0,0,0,0,0,0,0
0,51,4,8,1,1,one_edit,1,20,1940,1720,1720,1880,1720,1880,1720,1880,20,0,0,0,0,20,0,0,20,20,0,0,0,0,20,0,0,20,20,0,0,0,0,20,0,0,20,0,0,0,0,0,0,0,0,0,0,0,0,0,0
0,51,4,0,1,1,unchanged,1,5,500,440,440,440,440,440,440,440,5,0,0,0,5,0,0,5,0,5,0,0,0,5,0,0,5,0,5,0,0,0,5,0,0,5,0,0,0,0,0,0,0,0,0,0,0,0,0,0,0
0,51,4,2,1,1,unchanged,1,5,500,440,440,450,440,450,440,450,5,0,0,0,0,5,0,0,5,5,0,0,0,0,5,0,0,5,5,0,0,0,0,5,0,0,5,0,0,0,0,0,0,0,0,0,0,0,0,0,0
0,51,4,4,1,1,unchanged,1,5,500,440,440,460,440,460,440,460,5,0,0,0,0,5,0,0,5,5,0,0,0,0,5,0,0,5,5,0,0,0,0,5,0,0,5,0,0,0,0,0,0,0,0,0,0,0,0,0,0
0,51,4,8,1,1,unchanged,1,5,500,440,440,480,440,480,440,480,5,0,0,0,0,5,0,0,5,5,0,0,0,0,5,0,0,5,5,0,0,0,0,5,0,0,5,0,0,0,0,0,0,0,0,0,0,0,0,0,0
0,51,4,0,1,1,far,1,55,5260,4690,4690,4690,4690,4690,4690,4690,55,0,0,0,55,0,0,55,0,55,0,0,0,55,0,0,55,0,55,0,0,0,55,0,0,55,0,0,0,0,0,0,0,0,0,0,0,0,0,0,0
0,51,4,2,1,1,far,1,55,5260,4690,4690,4800,4690,4800,4690,4800,55,0,0,0,0,55,0,0,55,55,0,0,0,0,55,0,0,55,55,0,0,0,0,55,0,0,55,0,0,0,0,0,0,0,0,0,0,0,0,0,0
0,51,4,4,1,1,far,1,55,5260,4690,4690,4910,4690,4910,4690,4910,55,0,0,0,0,55,0,0,55,55,0,0,0,0,55,0,0,55,55,0,0,0,0,55,0,0,55,0,0,0,0,0,0,0,0,0,0,0,0,0,0
0,51,4,8,1,1,far,1,55,5260,4690,4690,5130,4690,5130,4690,5130,55,0,0,0,0,55,0,0,55,55,0,0,0,0,55,0,0,55,55,0,0,0,0,55,0,0,55,0,0,0,0,0,0,0,0,0,0,0,0,0,0
0,51,4,0,1,2,unchanged,0,11,600,688,688,688,688,688,688,688,0,0,11,0,11,0,0,11,0,0,0,11,0,11,0,0,11,0,0,0,11,0,11,0,0,11,0,0,0,0,0,0,0,0,0,0,0,0,0,0,0
0,51,4,2,1,2,unchanged,0,11,600,688,688,710,688,710,688,710,0,0,11,0,0,11,0,0,11,0,0,11,0,0,11,0,0,11,0,0,11,0,0,11,0,0,11,0,0,0,0,0,0,0,0,0,0,0,0,0,0
0,51,4,4,1,2,unchanged,0,11,600,688,688,732,688,732,688,732,0,0,11,0,0,11,0,0,11,0,0,11,0,0,11,0,0,11,0,0,11,0,0,11,0,0,11,0,0,0,0,0,0,0,0,0,0,0,0,0,0
0,51,4,8,1,2,unchanged,0,11,600,688,688,776,688,776,688,776,0,0,11,0,0,11,0,0,11,0,0,11,0,0,11,0,0,11,0,0,11,0,0,11,0,0,11,0,0,0,0,0,0,0,0,0,0,0,0,0,0
0,51,4,0,1,2,one_edit,0,44,2520,2872,2872,2862,2872,2872,2872,2872,0,0,44,10,34,0,10,34,0,0,0,44,0,44,0,0,44,0,0,0,44,0,44,0,0,44,0,0,0,0,0,0,0,0,10,10,1,10,10,1,0
0,51,4,2,1,2,one_edit,0,44,2520,2872,2872,2950,2872,2960,2872,2960,0,0,44,0,0,44,0,0,44,0,0,44,0,0,44,0,0,44,0,0,44,0,0,44,0,0,44,0,0,0,0,0,0,0,10,10,1,10,10,1,0
0,51,4,4,1,2,one_edit,0,44,2520,2872,2872,3038,2872,3048,2872,3048,0,0,44,0,0,44,0,0,44,0,0,44,0,0,44,0,0,44,0,0,44,0,0,44,0,0,44,0,0,0,0,0,0,0,10,10,1,10,10,1,0
0,51,4,8,1,2,one_edit,0,44,2520,2872,2872,3214,2872,3224,2872,3224,0,0,44,0,0,44,0,0,44,0,0,44,0,0,44,0,0,44,0,0,44,0,0,44,0,0,44,0,0,0,0,0,0,0,10,10,1,10,10,1,0
0,51,4,0,1,2,far,0,121,7080,8048,8048,8018,8048,8048,8048,8048,0,0,121,30,91,0,30,91,0,0,0,121,0,121,0,0,121,0,0,0,121,0,121,0,0,121,0,0,0,0,0,0,0,0,30,30,1,30,30,1,0
0,51,4,2,1,2,far,0,121,7080,8048,8048,8260,8048,8290,8048,8290,0,0,121,0,0,121,0,0,121,0,0,121,0,0,121,0,0,121,0,0,121,0,0,121,0,0,121,0,0,0,0,0,0,0,30,30,1,30,30,1,0
0,51,4,4,1,2,far,0,121,7080,8048,8048,8502,8048,8532,8048,8532,0,0,121,0,0,121,0,0,121,0,0,121,0,0,121,0,0,121,0,0,121,0,0,121,0,0,121,0,0,0,0,0,0,0,30,30,1,30,30,1,0
0,51,4,8,1,2,far,0,121,7080,8048,8048,8986,8048,9016,8048,9016,0,0,121,0,0,121,0,0,121,0,0,121,0,0,121,0,0,121,0,0,121,0,0,121,0,0,121,0,0,0,0,0,0,0,30,30,1,30,30,1,0
0,51,4,0,1,2,one_edit,1,20,2280,2000,2000,2000,2000,2000,2000,2000,20,0,0,0,20,0,0,20,0,20,0,0,0,20,0,0,20,0,20,0,0,0,20,0,0,20,0,0,0,0,0,0,0,0,0,0,0,0,0,0,0
0,51,4,2,1,2,one_edit,1,20,2280,2000,2000,2040,2000,2040,2000,2040,20,0,0,0,0,20,0,0,20,20,0,0,0,0,20,0,0,20,20,0,0,0,0,20,0,0,20,0,0,0,0,0,0,0,0,0,0,0,0,0,0
0,51,4,4,1,2,one_edit,1,20,2280,2000,2000,2080,2000,2080,2000,2080,20,0,0,0,0,20,0,0,20,20,0,0,0,0,20,0,0,20,20,0,0,0,0,20,0,0,20,0,0,0,0,0,0,0,0,0,0,0,0,0,0
0,51,4,8,1,2,one_edit,1,20,2280,2000,2000,2160,2000,2160,2000,2160,20,0,0,0,0,20,0,0,20,20,0,0,0,0,20,0,0,20,20,0,0,0,0,20,0,0,20,0,0,0,0,0,0,0,0,0,0,0,0,0,0
0,51,4,0,1,2,unchanged,1,5,600,520,520,520,520,520,520,520,5,0,0,0,5,0,0,5,0,5,0,0,0,5,0,0,5,0,5,0,0,0,5,0,0,5,0,0,0,0,0,0,0,0,0,0,0,0,0,0,0
0,51,4,2,1,2,unchanged,1,5,600,520,520,530,520,530,520,530,5,0,0,0,0,5,0,0,5,5,0,0,0,0,5,0,0,5,5,0,0,0,0,5,0,0,5,0,0,0,0,0,0,0,0,0,0,0,0,0,0
0,51,4,4,1,2,unchanged,1,5,600,520,520,540,520,540,520,540,5,0,0,0,0,5,0,0,5,5,0,0,0,0,5,0,0,5,5,0,0,0,0,5,0,0,5,0,0,0,0,0,0,0,0,0,0,0,0,0,0
0,51,4,8,1,2,unchanged,1,5,600,520,520,560,520,560,520,560,5,0,0,0,0,5,0,0,5,5,0,0,0,0,5,0,0,5,5,0,0,0,0,5,0,0,5,0,0,0,0,0,0,0,0,0,0,0,0,0,0
0,51,4,0,1,2,far,1,55,6120,5420,5420,5420,5420,5420,5420,5420,55,0,0,0,55,0,0,55,0,55,0,0,0,55,0,0,55,0,55,0,0,0,55,0,0,55,0,0,0,0,0,0,0,0,0,0,0,0,0,0,0
0,51,4,2,1,2,far,1,55,6120,5420,5420,5530,5420,5530,5420,5530,55,0,0,0,0,55,0,0,55,55,0,0,0,0,55,0,0,55,55,0,0,0,0,55,0,0,55,0,0,0,0,0,0,0,0,0,0,0,0,0,0
0,51,4,4,1,2,far,1,55,6120,5420,5420,5640,5420,5640,5420,5640,55,0,0,0,0,55,0,0,55,55,0,0,0,0,55,0,0,55,55,0,0,0,0,55,0,0,55,0,0,0,0,0,0,0,0,0,0,0,0,0,0
0,51,4,8,1,2,far,1,55,6120,5420,5420,5860,5420,5860,5420,5860,55,0,0,0,0,55,0,0,55,55,0,0,0,0,55,0,0,55,55,0,0,0,0,55,0,0,55,0,0,0,0,0,0,0,0,0,0,0,0,0,0
0,51,4,0,1,4,unchanged,0,11,800,888,888,888,888,888,888,888,0,0,11,0,11,0,0,11,0,0,0,11,0,11,0,0,11,0,0,0,11,0,11,0,0,11,0,0,0,0,0,0,0,0,0,0,0,0,0,0,0
0,51,4,2,1,4,unchanged,0,11,800,888,888,910,888,910,888,910,0,0,11,0,0,11,0,0,11,0,0,11,0,0,11,0,0,11,0,0,11,0,0,11,0,0,11,0,0,0,0,0,0,0,0,0,0,0,0,0,0
0,51,4,4,1,4,unchanged,0,11,800,888,888,932,888,932,888,932,0,0,11,0,0,11,0,0,11,0,0,11,0,0,11,0,0,11,0,0,11,0,0,11,0,0,11,0,0,0,0,0,0,0,0,0,0,0,0,0,0
0,51,4,8,1,4,unchanged,0,11,800,888,888,976,888,976,888,976,0,0,11,0,0,11,0,0,11,0,0,11,0,0,11,0,0,11,0,0,11,0,0,11,0,0,11,0,0,0,0,0,0,0,0,0,0,0,0,0,0
0,51,4,0,1,4,one_edit,0,44,3440,3792,3792,3742,3792,3792,3792,3792,0,0,44,10,34,0,10,34,0,0,0,44,0,44,0,0,44,0,0,0,44,0,44,0,0,44,0,0,0,0,0,0,0,0,10,50,5,10,50,5,0
0,51,4,2,1,4,one_edit,0,44,3440,3792,3792,3830,3792,3880,3792,3880,0,0,44,10,0,34,10,0,34,0,0,44,0,0,44,0,0,44,0,0,44,0,0,44,0,0,44,0,0,0,0,0,0,0,10,50,5,10,50,5,0
0,51,4,4,1,4,one_edit,0,44,3440,3792,3792,3918,3792,3968,3792,3968,0,0,44,10,0,34,10,0,34,0,0,44,0,0,44,0,0,44,0,0,44,0,0,44,0,0,44,0,0,0,0,0,0,0,10,50,5,10,50,5,0
0,51,4,8,1,4,one_edit,0,44,3440,3792,3792,4094,3792,4144,3792,4144,0,0,44,0,0,44,0,0,44,0,0,44,0,0,44,0,0,44,0,0,44,0,0,44,0,0,44,0,0,0,0,0,0,0,10,50,5,10,50,5,0
0,51,4,0,1,4,far,0,121,9760,10728,10728,10533,10728,10728,10728,10728,0,0,121,45,76,0,45,76,0,0,0,121,0,121,0,0,121,0,0,0,121,0,121,0,0,121,0,0,0,0,0,0,0,0,45,195,5,45,195,5,0
0,51,4,2,1,4,far,0,121,9760,10728,10728,10775,10728,10970,10728,10970,0,0,121,45,0,76,45,0,76,0,0,121,0,0,121,0,0,121,0,0,121,0,0,121,0,0,121,0,0,0,0,0,0,0,45,195,5,45,195,5,0
0,51,4,4,1,4,far,0,121,9760,10728,10728,11017,10728,11212,10728,11212,0,0,121,30,0,91,30,0,91,0,0,121,0,0,121,0,0,121,0,0,121,0,0,121,0,0,121,0,0,0,0,0,0,0,45,195,5,45,195,5,0
0,51,4,8,1,4,far,0,121,9760,10728,10728,11501,10728,11696,10728,11696,0,0,121,0,0,121,0,0,121,0,0,121,0,0,121,0,0,121,0,0,121,0,0,121,0,0,121,0,0,0,0,0,0,0,45,195,5,45,195,5,0
0,51,4,0,1,4,one_edit,1,20,2960,2560,2560,2560,2560,2560,2560,2560,20,0,0,0,20,0,0,20,0,20,0,0,0,20,0,0,20,0,20,0,0,0,20,0,0,20,0,0,0,0,0,0,0,0,0,0,0,0,0,0,0
0,51,4,2,1,4,one_edit,1,20,2960,2560,2560,2600,2560,2600,2560,2600,20,0,0,0,0,20,0,0,20,20,0,0,0,0,20,0,0,20,20,0,0,0,0,20,0,0,20,0,0,0,0,0,0,0,0,0,0,0,0,0,0
0,51,4,4,1,4,one_edit,1,20,2960,2560,2560,2640,2560,2640,2560,2640,20,0,0,0,0,20,0,0,20,20,0,0,0,0,20,0,0,20,20,0,0,0,0,20,0,0,20,0,0,0,0,0,0,0,0,0,0,0,0,0,0
0,51,4,8,1,4,one_edit,1,20,2960,2560,2560,2720,2560,2720,2560,2720,20,0,0,0,0,20,0,0,20,20,0,0,0,0,20,0,0,20,20,0,0,0,0,20,0,0,20,0,0,0,0,0,0,0,0,0,0,0,0,0,0
0,51,4,0,1,4,unchanged,1,5,800,680,680,680,680,680,680,680,5,0,0,0,5,0,0,5,0,5,0,0,0,5,0,0,5,0,5,0,0,0,5,0,0,5,0,0,0,0,0,0,0,0,0,0,0,0,0,0,0
0,51,4,2,1,4,unchanged,1,5,800,680,680,690,680,690,680,690,5,0,0,0,0,5,0,0,5,5,0,0,0,0,5,0,0,5,5,0,0,0,0,5,0,0,5,0,0,0,0,0,0,0,0,0,0,0,0,0,0
0,51,4,4,1,4,unchanged,1,5,800,680,680,700,680,700,680,700,5,0,0,0,0,5,0,0,5,5,0,0,0,0,5,0,0,5,5,0,0,0,0,5,0,0,5,0,0,0,0,0,0,0,0,0,0,0,0,0,0
0,51,4,8,1,4,unchanged,1,5,800,680,680,720,680,720,680,720,5,0,0,0,0,5,0,0,5,5,0,0,0,0,5,0,0,5,5,0,0,0,0,5,0,0,5,0,0,0,0,0,0,0,0,0,0,0,0,0,0
0,51,4,0,1,4,far,1,55,7840,6880,6880,6880,6880,6880,6880,6880,55,0,0,0,55,0,0,55,0,55,0,0,0,55,0,0,55,0,55,0,0,0,55,0,0,55,0,0,0,0,0,0,0,0,0,0,0,0,0,0,0
0,51,4,2,1,4,far,1,55,7840,6880,6880,6990,6880,6990,6880,6990,55,0,0,0,0,55,0,0,55,55,0,0,0,0,55,0,0,55,55,0,0,0,0,55,0,0,55,0,0,0,0,0,0,0,0,0,0,0,0,0,0
0,51,4,4,1,4,far,1,55,7840,6880,6880,7100,6880,7100,6880,7100,55,0,0,0,0,55,0,0,55,55,0,0,0,0,55,0,0,55,55,0,0,0,0,55,0,0,55,0,0,0,0,0,0,0,0,0,0,0,0,0,0
0,51,4,8,1,4,far,1,55,7840,6880,6880,7320,6880,7320,6880,7320,55,0,0,0,0,55,0,0,55,55,0,0,0,0,55,0,0,55,55,0,0,0,0,55,0,0,55,0,0,0,0,0,0,0,0,0,0,0,0,0,0
0,51,4,0,4,1,unchanged,0,11,800,888,888,888,888,888,888,888,0,0,11,0,11,0,0,11,0,0,0,11,0,11,0,0,11,0,0,0,11,0,11,0,0,11,0,0,0,0,0,0,0,0,0,0,0,0,0,0,0
0,51,4,2,4,1,unchanged,0,11,800,888,888,910,888,910,888,910,0,0,11,0,0,11,0,0,11,0,0,11,0,0,11,0,0,11,0,0,11,0,0,11,0,0,11,0,0,0,0,0,0,0,0,0,0,0,0,0,0
0,51,4,4,4,1,unchanged,0,11,800,888,888,932,888,932,888,932,0,0,11,0,0,11,0,0,11,0,0,11,0,0,11,0,0,11,0,0,11,0,0,11,0,0,11,0,0,0,0,0,0,0,0,0,0,0,0,0,0
0,51,4,8,4,1,unchanged,0,11,800,888,888,976,888,976,888,976,0,0,11,0,0,11,0,0,11,0,0,11,0,0,11,0,0,11,0,0,11,0,0,11,0,0,11,0,0,0,0,0,0,0,0,0,0,0,0,0,0
0,51,4,0,4,1,one_edit,0,44,3440,3792,3792,3742,3792,3742,3792,3742,0,0,44,10,34,0,10,34,0,0,0,44,10,34,0,10,34,0,0,0,44,10,34,0,10,34,0,0,0,0,0,0,0,0,0,0,0,0,0,0,0
0,51,4,2,4,1,one_edit,0,44,3440,3792,3792,3830,3792,3830,3792,3830,0,0,44,10,0,34,10,0,34,0,0,44,10,0,34,10,0,34,0,0,44,10,0,34,10,0,34,0,0,0,0,0,0,0,0,0,0,0,0,0,0
0,51,4,4,4,1,one_edit,0,44,3440,3792,3792,3918,3792,3918,3792,3918,0,0,44,10,0,34,10,0,34,0,0,44,10,0,34,10,0,34,0,0,44,10,0,34,10,0,34,0,0,0,0,0,0,0,0,0,0,0,0,0,0
0,51,4,8,4,1,one_edit,0,44,3440,3792,3792,4094,3792,4094,3792,4094,0,0,44,0,0,44,0,0,44,0,0,44,0,0,44,0,0,44,0,0,44,0,0,44,0,0,44,0,0,0,0,0,0,0,0,0,0,0,0,0,0
0,51,4,0,4,1,far,0,121,9760,10728,10728,10533,10728,10533,10728,10533,0,0,121,45,76,0,45,76,0,0,0,121,45,76,0,45,76,0,0,0,121,45,76,0,45,76,0,0,0,0,0,0,0,0,0,0,0,0,0,0,0
0,51,4,2,4,1,far,0,121,9760,10728,10728,10775,10728,10775,10728,10775,0,0,121,45,0,76,45,0,76,0,0,121,45,0,76,45,0,76,0,0,121,45,0,76,45,0,76,0,0,0,0,0,0,0,0,0,0,0,0,0,0
0,51,4,4,4,1,far,0,121,9760,10728,10728,11017,10728,11017,10728,11017,0,0,121,30,0,91,30,0,91,0,0,121,30,0,91,30,0,91,0,0,121,30,0,91,30,0,91,0,0,0,0,0,0,0,0,0,0,0,0,0,0
0,51,4,8,4,1,far,0,121,9760,10728,10728,11501,10728,11501,10728,11501,0,0,121,0,0,121,0,0,121,0,0,121,0,0,121,0,0,121,0,0,121,0,0,121,0,0,121,0,0,0,0,0,0,0,0,0,0,0,0,0,0
0,51,4,0,4,1,one_edit,1,20,2960,2560,2560,2560,2560,2560,2560,2560,20,0,0,0,20,0,0,20,0,20,0,0,0,20,0,0,20,0,20,0,0,0,20,0,0,20,0,0,0,0,0,0,0,0,0,0,0,0,0,0,0
0,51,4,2,4,1,one_edit,1,20,2960,2560,2560,2600,2560,2600,2560,2600,20,0,0,0,0,20,0,0,20,20,0,0,0,0,20,0,0,20,20,0,0,0,0,20,0,0,20,0,0,0,0,0,0,0,0,0,0,0,0,0,0
0,51,4,4,4,1,one_edit,1,20,2960,2560,2560,2640,2560,2640,2560,2640,20,0,0,0,0,20,0,0,20,20,0,0,0,0,20,0,0,20,20,0,0,0,0,20,0,0,20,0,0,0,0,0,0,0,0,0,0,0,0,0,0
0,51,4,8,4,1,one_edit,1,20,2960,2560,2560,2720,2560,2720,2560,2720,20,0,0,0,0,20,0,0,20,20,0,0,0,0,20,0,0,20,20,0,0,0,0,20,0,0,20,0,0,0,0,0,0,0,0,0,0,0,0,0,0
0,51,4,0,4,1,unchanged,1,5,800,680,680,680,680,680,680,680,5,0,0,0,5,0,0,5,0,5,0,0,0,5,0,0,5,0,5,0,0,0,5,0,0,5,0,0,0,0,0,0,0,0,0,0,0,0,0,0,0
0,51,4,2,4,1,unchanged,1,5,800,680,680,690,680,690,680,690,5,0,0,0,0,5,0,0,5,5,0,0,0,0,5,0,0,5,5,0,0,0,0,5,0,0,5,0,0,0,0,0,0,0,0,0,0,0,0,0,0
0,51,4,4,4,1,unchanged,1,5,800,680,680,700,680,700,680,700,5,0,0,0,0,5,0,0,5,5,0,0,0,0,5,0,0,5,5,0,0,0,0,5,0,0,5,0,0,0,0,0,0,0,0,0,0,0,0,0,0
0,51,4,8,4,1,unchanged,1,5,800,680,680,720,680,720,680,720,5,0,0,0,0,5,0,0,5,5,0,0,0,0,5,0,0,5,5,0,0,0,0,5,0,0,5,0,0,0,0,0,0,0,0,0,0,0,0,0,0
0,51,4,0,4,1,far,1,55,7840,6880,6880,6880,6880,6880,6880,6880,55,0,0,0,55,0,0,55,0,55,0,0,0,55,0,0,55,0,55,0,0,0,55,0,0,55,0,0,0,0,0,0,0,0,0,0,0,0,0,0,0
0,51,4,2,4,1,far,1,55,7840,6880,6880,6990,6880,6990,6880,6990,55,0,0,0,0,55,0,0,55,55,0,0,0,0,55,0,0,55,55,0,0,0,0,55,0,0,55,0,0,0,0,0,0,0,0,0,0,0,0,0,0
0,51,4,4,4,1,far,1,55,7840,6880,6880,7100,6880,7100,6880,7100,55,0,0,0,0,55,0,0,55,55,0,0,0,0,55,0,0,55,55,0,0,0,0,55,0,0,55,0,0,0,0,0,0,0,0,0,0,0,0,0,0
0,51,4,8,4,1,far,1,55,7840,6880,6880,7320,6880,7320,6880,7320,55,0,0,0,0,55,0,0,55,55,0,0,0,0,55,0,0,55,55,0,0,0,0,55,0,0,55,0,0,0,0,0,0,0,0,0,0,0,0,0,0
0,51,4,0,4,2,unchanged,0,11,1200,1288,1288,1288,1288,1288,1288,1288,0,0,11,0,11,0,0,11,0,0,0,11,0,11,0,0,11,0,0,0,11,0,11,0,0,11,0,0,0,0,0,0,0,0,0,0,0,0,0,0,0
0,51,4,2,4,2,unchanged,0,11,1200,1288,1288,1310,1288,1310,1288,1310,0,0,11,0,0,11,0,0,11,0,0,11,0,0,11,0,0,11,0,0,11,0,0,11,0,0,11,0,0,0,0,0,0,0,0,0,0,0,0,0,0
0,51,4,4,4,2,unchanged,0,11,1200,1288,1288,1332,1288,1332,1288,1332,0,0,11,0,0,11,0,0,11,0,0,11,0,0,11,0,0,11,0,0,11,0,0,11,0,0,11,0,0,0,0,0,0,0,0,0,0,0,0,0,0
0,51,4,8,4,2,unchanged,0,11,1200,1288,1288,1376,1288,1376,1288,1376,0,0,11,0,0,11,0,0,11,0,0,11,0,0,11,0,0,11,0,0,11,0,0,11,0,0,11,0,0,0,0,0,0,0,0,0,0,0,0,0,0
0,51,4,0,4,2,one_edit,0,44,5280,5632,5552,5502,5560,5502,5632,5502,10,0,34,10,34,0,10,34,0,10,0,34,10,34,0,10,34,0,10,0,34,10,34,0,10,34,0,1,8,8,10,80,8,9,0,0,0,0,0,0,0
0,51,4,2,4,2,one_edit,0,44,5280,5632,5552,5590,5560,5590,5632,5590,10,0,34,10,0,34,10,0,34,10,0,34,10,0,34,10,0,34,10,0,34,10,0,34,10,0,34,1,8,8,10,80,8,9,0,0,0,0,0,0,0
0,51,4,4,4,2,one_edit,0,44,5280,5632,5552,5678,5560,5678,5632,5678,10,0,34,10,0,34,10,0,34,10,0,34,10,0,34,10,0,34,10,0,34,10,0,34,10,0,34,1,8,8,10,80,8,9,0,0,0,0,0,0,0
0,51,4,8,4,2,one_edit,0,44,5280,5632,5552,5854,5560,5854,5632,5854,0,0,44,10,0,34,0,0,44,0,0,44,10,0,34,1,0,43,0,0,44,10,0,34,10,0,34,1,8,8,10,80,8,9,0,0,0,0,0,0,0
0,51,4,0,4,2,far,0,121,15120,16088,15728,15533,15760,15533,16088,15533,45,0,76,45,76,0,45,76,0,45,0,76,45,76,0,45,76,0,45,0,76,45,76,0,45,76,0,4,32,8,45,360,8,41,0,0,0,0,0,0,0
0,51,4,2,4,2,far,0,121,15120,16088,15728,15775,15760,15775,16088,15775,45,0,76,45,0,76,45,0,76,45,0,76,45,0,76,45,0,76,45,0,76,45,0,76,45,0,76,4,32,8,45,360,8,41,0,0,0,0,0,0,0
0,51,4,4,4,2,far,0,121,15120,16088,15728,16017,15760,16017,16088,16017,30,0,91,45,0,76,30,0,91,30,0,91,45,0,76,30,0,91,30,0,91,45,0,76,45,0,76,4,32,8,45,360,8,41,0,0,0,0,0,0,0
0,51,4,8,4,2,far,0,121,15120,16088,15728,16501,15760,16501,16088,16501,0,0,121,45,0,76,0,0,121,0,0,121,45,0,76,4,0,117,0,0,121,45,0,76,45,0,76,4,32,8,45,360,8,41,0,0,0,0,0,0,0
0,51,4,0,4,2,one_edit,1,20,4320,3680,3680,3680,3680,3680,3680,3680,20,0,0,0,20,0,0,20,0,20,0,0,0,20,0,0,20,0,20,0,0,0,20,0,0,20,0,0,0,0,0,0,0,0,0,0,0,0,0,0,0
0,51,4,2,4,2,one_edit,1,20,4320,3680,3680,3720,3680,3720,3680,3720,20,0,0,0,0,20,0,0,20,20,0,0,0,0,20,0,0,20,20,0,0,0,0,20,0,0,20,0,0,0,0,0,0,0,0,0,0,0,0,0,0
0,51,4,4,4,2,one_edit,1,20,4320,3680,3680,3760,3680,3760,3680,3760,20,0,0,0,0,20,0,0,20,20,0,0,0,0,20,0,0,20,20,0,0,0,0,20,0,0,20,0,0,0,0,0,0,0,0,0,0,0,0,0,0
0,51,4,8,4,2,one_edit,1,20,4320,3680,3680,3840,3680,3840,3680,3840,20,0,0,0,0,20,0,0,20,20,0,0,0,0,20,0,0,20,20,0,0,0,0,20,0,0,20,0,0,0,0,0,0,0,0,0,0,0,0,0,0
0,51,4,0,4,2,unchanged,1,5,1200,1000,1000,1000,1000,1000,1000,1000,5,0,0,0,5,0,0,5,0,5,0,0,0,5,0,0,5,0,5,0,0,0,5,0,0,5,0,0,0,0,0,0,0,0,0,0,0,0,0,0,0
0,51,4,2,4,2,unchanged,1,5,1200,1000,1000,1010,1000,1010,1000,1010,5,0,0,0,0,5,0,0,5,5,0,0,0,0,5,0,0,5,5,0,0,0,0,5,0,0,5,0,0,0,0,0,0,0,0,0,0,0,0,0,0
0,51,4,4,4,2,unchanged,1,5,1200,1000,1000,1020,1000,1020,1000,1020,5,0,0,0,0,5,0,0,5,5,0,0,0,0,5,0,0,5,5,0,0,0,0,5,0,0,5,0,0,0,0,0,0,0,0,0,0,0,0,0,0
0,51,4,8,4,2,unchanged,1,5,1200,1000,1000,1040,1000,1040,1000,1040,5,0,0,0,0,5,0,0,5,5,0,0,0,0,5,0,0,5,5,0,0,0,0,5,0,0,5,0,0,0,0,0,0,0,0,0,0,0,0,0,0
0,51,4,0,4,2,far,1,55,11280,9800,9800,9800,9800,9800,9800,9800,55,0,0,0,55,0,0,55,0,55,0,0,0,55,0,0,55,0,55,0,0,0,55,0,0,55,0,0,0,0,0,0,0,0,0,0,0,0,0,0,0
0,51,4,2,4,2,far,1,55,11280,9800,9800,9910,9800,9910,9800,9910,55,0,0,0,0,55,0,0,55,55,0,0,0,0,55,0,0,55,55,0,0,0,0,55,0,0,55,0,0,0,0,0,0,0,0,0,0,0,0,0,0
0,51,4,4,4,2,far,1,55,11280,9800,9800,10020,9800,10020,9800,10020,55,0,0,0,0,55,0,0,55,55,0,0,0,0,55,0,0,55,55,0,0,0,0,55,0,0,55,0,0,0,0,0,0,0,0,0,0,0,0,0,0
0,51,4,8,4,2,far,1,55,11280,9800,9800,10240,9800,10240,9800,10240,55,0,0,0,0,55,0,0,55,55,0,0,0,0,55,0,0,55,55,0,0,0,0,55,0,0,55,0,0,0,0,0,0,0,0,0,0,0,0,0,0
0,51,4,0,4,4,unchanged,0,11,2000,2088,2088,2088,2088,2088,2088,2088,0,0,11,0,11,0,0,11,0,0,0,11,0,11,0,0,11,0,0,0,11,0,11,0,0,11,0,0,0,0,0,0,0,0,0,0,0,0,0,0,0
0,51,4,2,4,4,unchanged,0,11,2000,2088,2088,2110,2088,2110,2088,2110,0,0,11,0,0,11,0,0,11,0,0,11,0,0,11,0,0,11,0,0,11,0,0,11,0,0,11,0,0,0,0,0,0,0,0,0,0,0,0,0,0
0,51,4,4,4,4,unchanged,0,11,2000,2088,2088,2132,2088,2132,2088,2132,0,0,11,0,0,11,0,0,11,0,0,11,0,0,11,0,0,11,0,0,11,0,0,11,0,0,11,0,0,0,0,0,0,0,0,0,0,0,0,0,0
0,51,4,8,4,4,unchanged,0,11,2000,2088,2088,2176,2088,2176,2088,2176,0,0,11,0,0,11,0,0,11,0,0,11,0,0,11,0,0,11,0,0,11,0,0,11,0,0,11,0,0,0,0,0,0,0,0,0,0,0,0,0,0
0,51,4,0,4,4,one_edit,0,44,8960,9312,9072,9022,9096,9022,9312,9022,10,0,34,10,34,0,10,34,0,10,0,34,10,34,0,10,34,0,10,0,34,10,34,0,10,34,0,1,24,24,10,240,24,9,0,0,0,0,0,0,0
0,51,4,2,4,4,one_edit,0,44,8960,9312,9072,9110,9096,9110,9312,9110,10,0,34,10,0,34,10,0,34,10,0,34,10,0,34,10,0,34,10,0,34,10,0,34,10,0,34,1,24,24,10,240,24,9,0,0,0,0,0,0,0
0,51,4,4,4,4,one_edit,0,44,8960,9312,9072,9198,9096,9198,9312,9198,10,0,34,10,0,34,10,0,34,10,0,34,10,0,34,10,0,34,10,0,34,10,0,34,10,0,34,1,24,24,10,240,24,9,0,0,0,0,0,0,0
0,51,4,8,4,4,one_edit,0,44,8960,9312,9072,9374,9096,9374,9312,9374,10,0,34,10,0,34,0,0,44,10,0,34,10,0,34,1,0,43,10,0,34,10,0,34,10,0,34,1,24,24,10,240,24,9,0,0,0,0,0,0,0
0,51,4,0,4,4,far,0,121,25840,26808,25728,25533,25824,25533,26808,25533,45,0,76,45,76,0,45,76,0,45,0,76,45,76,0,45,76,0,45,0,76,45,76,0,45,76,0,4,96,24,45,1080,24,41,0,0,0,0,0,0,0
0,51,4,2,4,4,far,0,121,25840,26808,25728,25775,25824,25775,26808,25775,45,0,76,45,0,76,45,0,76,45,0,76,45,0,76,45,0,76,45,0,76,45,0,76,45,0,76,4,96,24,45,1080,24,41,0,0,0,0,0,0,0
0,51,4,4,4,4,far,0,121,25840,26808,25728,26017,25824,26017,26808,26017,45,0,76,45,0,76,30,0,91,45,0,76,45,0,76,30,0,91,45,0,76,45,0,76,45,0,76,4,96,24,45,1080,24,41,0,0,0,0,0,0,0
0,51,4,8,4,4,far,0,121,25840,26808,25728,26501,25824,26501,26808,26501,45,0,76,45,0,76,0,0,121,45,0,76,45,0,76,4,0,117,45,0,76,45,0,76,45,0,76,4,96,24,45,1080,24,41,0,0,0,0,0,0,0
0,51,4,0,4,4,one_edit,1,20,7040,5920,5920,5920,5920,5920,5920,5920,20,0,0,0,20,0,0,20,0,20,0,0,0,20,0,0,20,0,20,0,0,0,20,0,0,20,0,0,0,0,0,0,0,0,0,0,0,0,0,0,0
0,51,4,2,4,4,one_edit,1,20,7040,5920,5920,5960,5920,5960,5920,5960,20,0,0,0,0,20,0,0,20,20,0,0,0,0,20,0,0,20,20,0,0,0,0,20,0,0,20,0,0,0,0,0,0,0,0,0,0,0,0,0,0
0,51,4,4,4,4,one_edit,1,20,7040,5920,5920,6000,5920,6000,5920,6000,20,0,0,0,0,20,0,0,20,20,0,0,0,0,20,0,0,20,20,0,0,0,0,20,0,0,20,0,0,0,0,0,0,0,0,0,0,0,0,0,0
0,51,4,8,4,4,one_edit,1,20,7040,5920,5920,6080,5920,6080,5920,6080,20,0,0,0,0,20,0,0,20,20,0,0,0,0,20,0,0,20,20,0,0,0,0,20,0,0,20,0,0,0,0,0,0,0,0,0,0,0,0,0,0
0,51,4,0,4,4,unchanged,1,5,2000,1640,1640,1640,1640,1640,1640,1640,5,0,0,0,5,0,0,5,0,5,0,0,0,5,0,0,5,0,5,0,0,0,5,0,0,5,0,0,0,0,0,0,0,0,0,0,0,0,0,0,0
0,51,4,2,4,4,unchanged,1,5,2000,1640,1640,1650,1640,1650,1640,1650,5,0,0,0,0,5,0,0,5,5,0,0,0,0,5,0,0,5,5,0,0,0,0,5,0,0,5,0,0,0,0,0,0,0,0,0,0,0,0,0,0
0,51,4,4,4,4,unchanged,1,5,2000,1640,1640,1660,1640,1660,1640,1660,5,0,0,0,0,5,0,0,5,5,0,0,0,0,5,0,0,5,5,0,0,0,0,5,0,0,5,0,0,0,0,0,0,0,0,0,0,0,0,0,0
0,51,4,8,4,4,unchanged,1,5,2000,1640,1640,1680,1640,1680,1640,1680,5,0,0,0,0,5,0,0,5,5,0,0,0,0,5,0,0,5,5,0,0,0,0,5,0,0,5,0,0,0,0,0,0,0,0,0,0,0,0,0,0
0,51,4,0,4,4,far,1,55,18160,15640,15640,15640,15640,15640,15640,15640,55,0,0,0,55,0,0,55,0,55,0,0,0,55,0,0,55,0,55,0,0,0,55,0,0,55,0,0,0,0,0,0,0,0,0,0,0,0,0,0,0
0,51,4,2,4,4,far,1,55,18160,15640,15640,15750,15640,15750,15640,15750,55,0,0,0,0,55,0,0,55,55,0,0,0,0,55,0,0,55,55,0,0,0,0,55,0,0,55,0,0,0,0,0,0,0,0,0,0,0,0,0,0
0,51,4,4,4,4,far,1,55,18160,15640,15640,15860,15640,15860,15640,15860,55,0,0,0,0,55,0,0,55,55,0,0,0,0,55,0,0,55,55,0,0,0,0,55,0,0,55,0,0,0,0,0,0,0,0,0,0,0,0,0,0
0,51,4,8,4,4,far,1,55,18160,15640,15640,16080,15640,16080,15640,16080,55,0,0,0,0,55,0,0,55,55,0,0,0,0,55,0,0,55,55,0,0,0,0,55,0,0,55,0,0,0,0,0,0,0,0,0,0,0,0,0,0
0,51,4,0,16,1,unchanged,0,11,2000,2088,2088,2088,2088,2088,2088,2088,0,0,11,0,11,0,0,11,0,0,0,11,0,11,0,0,11,0,0,0,11,0,11,0,0,11,0,0,0,0,0,0,0,0,0,0,0,0,0,0,0
0,51,4,2,16,1,unchanged,0,11,2000,2088,2088,2110,2088,2110,2088,2110,0,0,11,0,0,11,0,0,11,0,0,11,0,0,11,0,0,11,0,0,11,0,0,11,0,0,11,0,0,0,0,0,0,0,0,0,0,0,0,0,0
0,51,4,4,16,1,unchanged,0,11,2000,2088,2088,2132,2088,2132,2088,2132,0,0,11,0,0,11,0,0,11,0,0,11,0,0,11,0,0,11,0,0,11,0,0,11,0,0,11,0,0,0,0,0,0,0,0,0,0,0,0,0,0
0,51,4,8,16,1,unchanged,0,11,2000,2088,2088,2176,2088,2176,2088,2176,0,0,11,0,0,11,0,0,11,0,0,11,0,0,11,0,0,11,0,0,11,0,0,11,0,0,11,0,0,0,0,0,0,0,0,0,0,0,0,0,0
0,51,4,0,16,1,one_edit,0,44,8960,9312,9072,9022,9072,9022,9072,9022,10,0,34,10,34,0,10,34,0,10,0,34,10,34,0,10,34,0,10,0,34,10,34,0,10,34,0,0,0,0,0,0,0,0,0,0,0,0,0,0,0
0,51,4,2,16,1,one_edit,0,44,8960,9312,9072,9110,9072,9110,9072,9110,10,0,34,10,0,34,10,0,34,10,0,34,10,0,34,10,0,34,10,0,34,10,0,34,10,0,34,0,0,0,0,0,0,0,0,0,0,0,0,0,0
0,51,4,4,16,1,one_edit,0,44,8960,9312,9072,9198,9072,9198,9072,9198,10,0,34,10,0,34,10,0,34,10,0,34,10,0,34,10,0,34,10,0,34,10,0,34,10,0,34,0,0,0,0,0,0,0,0,0,0,0,0,0,0
0,51,4,8,16,1,one_edit,0,44,8960,9312,9072,9374,9072,9374,9072,9374,10,0,34,10,0,34,0,0,44,10,0,34,10,0,34,0,0,44,10,0,34,10,0,34,0,0,44,0,0,0,0,0,0,0,0,0,0,0,0,0,0
0,51,4,0,16,1,far,0,121,25840,26808,25728,25533,25728,25533,25728,25533,45,0,76,45,76,0,45,76,0,45,0,76,45,76,0,45,76,0,45,0,76,45,76,0,45,76,0,0,0,0,0,0,0,0,0,0,0,0,0,0,0
0,51,4,2,16,1,far,0,121,25840,26808,25728,25775,25728,25775,25728,25775,45,0,76,45,0,76,45,0,76,45,0,76,45,0,76,45,0,76,45,0,76,45,0,76,45,0,76,0,0,0,0,0,0,0,0,0,0,0,0,0,0
0,51,4,4,16,1,far,0,121,25840,26808,25728,26017,25728,26017,25728,26017,45,0,76,45,0,76,30,0,91,45,0,76,45,0,76,30,0,91,45,0,76,45,0,76,30,0,91,0,0,0,0,0,0,0,0,0,0,0,0,0,0
0,51,4,8,16,1,far,0,121,25840,26808,25728,26501,25728,26501,25728,26501,45,0,76,45,0,76,0,0,121,45,0,76,45,0,76,0,0,121,45,0,76,45,0,76,0,0,121,0,0,0,0,0,0,0,0,0,0,0,0,0,0
0,51,4,0,16,1,one_edit,1,20,7040,5920,5920,5920,5920,5920,5920,5920,20,0,0,0,20,0,0,20,0,20,0,0,0,20,0,0,20,0,20,0,0,0,20,0,0,20,0,0,0,0,0,0,0,0,0,0,0,0,0,0,0
0,51,4,2,16,1,one_edit,1,20,7040,5920,5920,5960,5920,5960,5920,5960,20,0,0,0,0,20,0,0,20,20,0,0,0,0,20,0,0,20,20,0,0,0,0,20,0,0,20,0,0,0,0,0,0,0,0,0,0,0,0,0,0
0,51,4,4,16,1,one_edit,1,20,7040,5920,5920,6000,5920,6000,5920,6000,20,0,0,0,0,20,0,0,20,20,0,0,0,0,20,0,0,20,20,0,0,0,0,20,0,0,20,0,0,0,0,0,0,0,0,0,0,0,0,0,0
0,51,4,8,16,1,one_edit,1,20,7040,5920,5920,6080,5920,6080,5920,6080,20,0,0,0,0,20,0,0,20,20,0,0,0,0,20,0,0,20,20,0,0,0,0,20,0,0,20,0,0,0,0,0,0,0,0,0,0,0,0,0,0
0,51,4,0,16,1,unchanged,1,5,2000,1640,1640,1640,1640,1640,1640,1640,5,0,0,0,5,0,0,5,0,5,0,0,0,5,0,0,5,0,5,0,0,0,5,0,0,5,0,0,0,0,0,0,0,0,0,0,0,0,0,0,0
0,51,4,2,16,1,unchanged,1,5,2000,1640,1640,1650,1640,1650,1640,1650,5,0,0,0,0,5,0,0,5,5,0,0,0,0,5,0,0,5,5,0,0,0,0,5,0,0,5,0,0,0,0,0,0,0,0,0,0,0,0,0,0
0,51,4,4,16,1,unchanged,1,5,2000,1640,1640,1660,1640,1660,1640,1660,5,0,0,0,0,5,0,0,5,5,0,0,0,0,5,0,0,5,5,0,0,0,0,5,0,0,5,0,0,0,0,0,0,0,0,0,0,0,0,0,0
0,51,4,8,16,1,unchanged,1,5,2000,1640,1640,1680,1640,1680,1640,1680,5,0,0,0,0,5,0,0,5,5,0,0,0,0,5,0,0,5,5,0,0,0,0,5,0,0,5,0,0,0,0,0,0,0,0,0,0,0,0,0,0
0,51,4,0,16,1,far,1,55,18160,15640,15640,15640,15640,15640,15640,15640,55,0,0,0,55,0,0,55,0,55,0,0,0,55,0,0,55,0,55,0,0,0,55,0,0,55,0,0,0,0,0,0,0,0,0,0,0,0,0,0,0
0,51,4,2,16,1,far,1,55,18160,15640,15640,15750,15640,15750,15640,15750,55,0,0,0,0,55,0,0,55,55,0,0,0,0,55,0,0,55,55,0,0,0,0,55,0,0,55,0,0,0,0,0,0,0,0,0,0,0,0,0,0
0,51,4,4,16,1,far,1,55,18160,15640,15640,15860,15640,15860,15640,15860,55,0,0,0,0,55,0,0,55,55,0,0,0,0,55,0,0,55,55,0,0,0,0,55,0,0,55,0,0,0,0,0,0,0,0,0,0,0,0,0,0
0,51,4,8,16,1,far,1,55,18160,15640,15640,16080,15640,16080,15640,16080,55,0,0,0,0,55,0,0,55,55,0,0,0,0,55,0,0,55,55,0,0,0,0,55,0,0,55,0,0,0,0,0,0,0,0,0,0,0,0,0,0
0,51,4,0,16,2,unchanged,0,11,3600,3688,3688,3688,3688,3688,3688,3688,0,0,11,0,11,0,0,11,0,0,0,11,0,11,0,0,11,0,0,0,11,0,11,0,0,11,0,0,0,0,0,0,0,0,0,0,0,0,0,0,0
0,51,4,2,16,2,unchanged,0,11,3600,3688,3688,3710,3688,3710,3688,3710,0,0,11,0,0,11,0,0,11,0,0,11,0,0,11,0,0,11,0,0,11,0,0,11,0,0,11,0,0,0,0,0,0,0,0,0,0,0,0,0,0
0,51,4,4,16,2,unchanged,0,11,3600,3688,3688,3732,3688,3732,3688,3732,0,0,11,0,0,11,0,0,11,0,0,11,0,0,11,0,0,11,0,0,11,0,0,11,0,0,11,0,0,0,0,0,0,0,0,0,0,0,0,0,0
0,51,4,8,16,2,unchanged,0,11,3600,3688,3688,3776,3688,3776,3688,3776,0,0,11,0,0,11,0,0,11,0,0,11,0,0,11,0,0,11,0,0,11,0,0,11,0,0,11,0,0,0,0,0,0,0,0,0,0,0,0,0,0
0,51,4,0,16,2,one_edit,0,44,16320,16672,16112,16062,16112,16062,16112,16062,10,0,34,10,34,0,10,34,0,10,0,34,10,34,0,10,34,0,10,0,34,10,34,0,10,34,0,0,0,0,0,0,0,0,0,0,0,0,0,0,0
0,51,4,2,16,2,one_edit,0,44,16320,16672,16112,16150,16112,16150,16112,16150,10,0,34,10,0,34,10,0,34,10,0,34,10,0,34,10,0,34,10,0,34,10,0,34,10,0,34,0,0,0,0,0,0,0,0,0,0,0,0,0,0
0,51,4,4,16,2,one_edit,0,44,16320,16672,16112,16238,16112,16238,16112,16238,10,0,34,10,0,34,10,0,34,10,0,34,10,0,34,10,0,34,10,0,34,10,0,34,10,0,34,0,0,0,0,0,0,0,0,0,0,0,0,0,0
0,51,4,8,16,2,one_edit,0,44,16320,16672,16112,16414,16112,16414,16112,16414,10,0,34,10,0,34,0,0,44,10,0,34,10,0,34,0,0,44,10,0,34,10,0,34,0,0,44,0,0,0,0,0,0,0,0,0,0,0,0,0,0
0,51,4,0,16,2,far,0,121,47280,48248,45728,45533,45728,45533,45728,45533,45,0,76,45,76,0,45,76,0,45,0,76,45,76,0,45,76,0,45,0,76,45,76,0,45,76,0,0,0,0,0,0,0,0,0,0,0,0,0,0,0
0,51,4,2,16,2,far,0,121,47280,48248,45728,45775,45728,45775,45728,45775,45,0,76,45,0,76,45,0,76,45,0,76,45,0,76,45,0,76,45,0,76,45,0,76,45,0,76,0,0,0,0,0,0,0,0,0,0,0,0,0,0
0,51,4,4,16,2,far,0,121,47280,48248,45728,46017,45728,46017,45728,46017,45,0,76,45,0,76,30,0,91,45,0,76,45,0,76,30,0,91,45,0,76,45,0,76,30,0,91,0,0,0,0,0,0,0,0,0,0,0,0,0,0
0,51,4,8,16,2,far,0,121,47280,48248,45728,46501,45728,46501,45728,46501,45,0,76,45,0,76,0,0,121,45,0,76,45,0,76,0,0,121,45,0,76,45,0,76,0,0,121,0,0,0,0,0,0,0,0,0,0,0,0,0,0
0,51,4,0,16,2,one_edit,1,20,12480,10400,10400,10400,10400,10400,10400,10400,20,0,0,0,20,0,0,20,0,20,0,0,0,20,0,0,20,0,20,0,0,0,20,0,0,20,0,0,0,0,0,0,0,0,0,0,0,0,0,0,0
0,51,4,2,16,2,one_edit,1,20,12480,10400,10400,10440,10400,10440,10400,10440,20,0,0,0,0,20,0,0,20,20,0,0,0,0,20,0,0,20,20,0,0,0,0,20,0,0,20,0,0,0,0,0,0,0,0,0,0,0,0,0,0
0,51,4,4,16,2,one_edit,1,20,12480,10400,10400,10480,10400,10480,10400,10480,20,0,0,0,0,20,0,0,20,20,0,0,0,0,20,0,0,20,20,0,0,0,0,20,0,0,20,0,0,0,0,0,0,0,0,0,0,0,0,0,0
0,51,4,8,16,2,one_edit,1,20,12480,10400,10400,10560,10400,10560,10400,10560,20,0,0,0,0,20,0,0,20,20,0,0,0,0,20,0,0,20,20,0,0,0,0,20,0,0,20,0,0,0,0,0,0,0,0,0,0,0,0,0,0
0,51,4,0,16,2,unchanged,1,5,3600,2920,2920,2920,2920,2920,2920,2920,5,0,0,0,5,0,0,5,0,5,0,0,0,5,0,0,5,0,5,0,0,0,5,0,0,5,0,0,0,0,0,0,0,0,0,0,0,0,0,0,0
0,51,4,2,16,2,unchanged,1,5,3600,2920,2920,2930,2920,2930,2920,2930,5,0,0,0,0,5,0,0,5,5,0,0,0,0,5,0,0,5,5,0,0,0,0,5,0,0,5,0,0,0,0,0,0,0,0,0,0,0,0,0,0
0,51,4,4,16,2,unchanged,1,5,3600,2920,2920,2940,2920,2940,2920,2940,5,0,0,0,0,5,0,0,5,5,0,0,0,0,5,0,0,5,5,0,0,0,0,5,0,0,5,0,0,0,0,0,0,0,0,0,0,0,0,0,0
0,51,4,8,16,2,unchanged,1,5,3600,2920,2920,2960,2920,2960,2920,2960,5,0,0,0,0,5,0,0,5,5,0,0,0,0,5,0,0,5,5,0,0,0,0,5,0,0,5,0,0,0,0,0,0,0,0,0,0,0,0,0,0
0,51,4,0,16,2,far,1,55,31920,27320,27320,27320,27320,27320,27320,27320,55,0,0,0,55,0,0,55,0,55,0,0,0,55,0,0,55,0,55,0,0,0,55,0,0,55,0,0,0,0,0,0,0,0,0,0,0,0,0,0,0
0,51,4,2,16,2,far,1,55,31920,27320,27320,27430,27320,27430,27320,27430,55,0,0,0,0,55,0,0,55,55,0,0,0,0,55,0,0,55,55,0,0,0,0,55,0,0,55,0,0,0,0,0,0,0,0,0,0,0,0,0,0
0,51,4,4,16,2,far,1,55,31920,27320,27320,27540,27320,27540,27320,27540,55,0,0,0,0,55,0,0,55,55,0,0,0,0,55,0,0,55,55,0,0,0,0,55,0,0,55,0,0,0,0,0,0,0,0,0,0,0,0,0,0
0,51,4,8,16,2,far,1,55,31920,27320,27320,27760,27320,27760,27320,27760,55,0,0,0,0,55,0,0,55,55,0,0,0,0,55,0,0,55,55,0,0,0,0,55,0,0,55,0,0,0,0,0,0,0,0,0,0,0,0,0,0
0,51,4,0,16,4,unchanged,0,11,6800,6888,6888,6888,6888,6888,6888,6888,0,0,11,0,11,0,0,11,0,0,0,11,0,11,0,0,11,0,0,0,11,0,11,0,0,11,0,0,0,0,0,0,0,0,0,0,0,0,0,0,0
0,51,4,2,16,4,unchanged,0,11,6800,6888,6888,6910,6888,6910,6888,6910,0,0,11,0,0,11,0,0,11,0,0,11,0,0,11,0,0,11,0,0,11,0,0,11,0,0,11,0,0,0,0,0,0,0,0,0,0,0,0,0,0
0,51,4,4,16,4,unchanged,0,11,6800,6888,6888,6932,6888,6932,6888,6932,0,0,11,0,0,11,0,0,11,0,0,11,0,0,11,0,0,11,0,0,11,0,0,11,0,0,11,0,0,0,0,0,0,0,0,0,0,0,0,0,0
0,51,4,8,16,4,unchanged,0,11,6800,6888,6888,6976,6888,6976,6888,6976,0,0,11,0,0,11,0,0,11,0,0,11,0,0,11,0,0,11,0,0,11,0,0,11,0,0,11,0,0,0,0,0,0,0,0,0,0,0,0,0,0
0,51,4,0,16,4,one_edit,0,44,31040,31392,30192,30142,30192,30142,30192,30142,10,0,34,10,34,0,10,34,0,10,0,34,10,34,0,10,34,0,10,0,34,10,34,0,10,34,0,0,0,0,0,0,0,0,0,0,0,0,0,0,0
0,51,4,2,16,4,one_edit,0,44,31040,31392,30192,30230,30192,30230,30192,30230,10,0,34,10,0,34,10,0,34,10,0,34,10,0,34,10,0,34,10,0,34,10,0,34,10,0,34,0,0,0,0,0,0,0,0,0,0,0,0,0,0
0,51,4,4,16,4,one_edit,0,44,31040,31392,30192,30318,30192,30318,30192,30318,10,0,34,10,0,34,10,0,34,10,0,34,10,0,34,10,0,34,10,0,34,10,0,34,10,0,34,0,0,0,0,0,0,0,0,0,0,0,0,0,0
0,51,4,8,16,4,one_edit,0,44,31040,31392,30192,30494,30192,30494,30192,30494,10,0,34,10,0,34,0,0,44,10,0,34,10,0,34,0,0,44,10,0,34,10,0,34,0,0,44,0,0,0,0,0,0,0,0,0,0,0,0,0,0
0,51,4,0,16,4,far,0,121,90160,91128,85728,85533,85728,85533,85728,85533,45,0,76,45,76,0,45,76,0,45,0,76,45,76,0,45,76,0,45,0,76,45,76,0,45,76,0,0,0,0,0,0,0,0,0,0,0,0,0,0,0
0,51,4,2,16,4,far,0,121,90160,91128,85728,85775,85728,85775,85728,85775,45,0,76,45,0,76,45,0,76,45,0,76,45,0,76,45,0,76,45,0,76,45,0,76,45,0,76,0,0,0,0,0,0,0,0,0,0,0,0,0,0
0,51,4,4,16,4,far,0,121,90160,91128,85728,86017,85728,86017,85728,86017,45,0,76,45,0,76,30,0,91,45,0,76,45,0,76,30,0,91,45,0,76,45,0,76,30,0,91,0,0,0,0,0,0,0,0,0,0,0,0,0,0
0,51,4,8,16,4,far,0,121,90160,91128,85728,86501,85728,86501,85728,86501,45,0,76,45,0,76,0,0,121,45,0,76,45,0,76,0,0,121,45,0,76,45,0,76,0,0,121,0,0,0,0,0,0,0,0,0,0,0,0,0,0
0,51,4,0,16,4,one_edit,1,20,23360,19360,19360,19360,19360,19360,19360,19360,20,0,0,0,20,0,0,20,0,20,0,0,0,20,0,0,20,0,20,0,0,0,20,0,0,20,0,0,0,0,0,0,0,0,0,0,0,0,0,0,0
0,51,4,2,16,4,one_edit,1,20,23360,19360,19360,19400,19360,19400,19360,19400,20,0,0,0,0,20,0,0,20,20,0,0,0,0,20,0,0,20,20,0,0,0,0,20,0,0,20,0,0,0,0,0,0,0,0,0,0,0,0,0,0
0,51,4,4,16,4,one_edit,1,20,23360,19360,19360,19440,19360,19440,19360,19440,20,0,0,0,0,20,0,0,20,20,0,0,0,0,20,0,0,20,20,0,0,0,0,20,0,0,20,0,0,0,0,0,0,0,0,0,0,0,0,0,0
0,51,4,8,16,4,one_edit,1,20,23360,19360,19360,19520,19360,19520,19360,19520,20,0,0,0,0,20,0,0,20,20,0,0,0,0,20,0,0,20,20,0,0,0,0,20,0,0,20,0,0,0,0,0,0,0,0,0,0,0,0,0,0
0,51,4,0,16,4,unchanged,1,5,6800,5480,5480,5480,5480,5480,5480,5480,5,0,0,0,5,0,0,5,0,5,0,0,0,5,0,0,5,0,5,0,0,0,5,0,0,5,0,0,0,0,0,0,0,0,0,0,0,0,0,0,0
0,51,4,2,16,4,unchanged,1,5,6800,5480,5480,5490,5480,5490,5480,5490,5,0,0,0,0,5,0,0,5,5,0,0,0,0,5,0,0,5,5,0,0,0,0,5,0,0,5,0,0,0,0,0,0,0,0,0,0,0,0,0,0
0,51,4,4,16,4,unchanged,1,5,6800,5480,5480,5500,5480,5500,5480,5500,5,0,0,0,0,5,0,0,5,5,0,0,0,0,5,0,0,5,5,0,0,0,0,5,0,0,5,0,0,0,0,0,0,0,0,0,0,0,0,0,0
0,51,4,8,16,4,unchanged,1,5,6800,5480,5480,5520,5480,5520,5480,5520,5,0,0,0,0,5,0,0,5,5,0,0,0,0,5,0,0,5,5,0,0,0,0,5,0,0,5,0,0,0,0,0,0,0,0,0,0,0,0,0,0
0,51,4,0,16,4,far,1,55,59440,50680,50680,50680,50680,50680,50680,50680,55,0,0,0,55,0,0,55,0,55,0,0,0,55,0,0,55,0,55,0,0,0,55,0,0,55,0,0,0,0,0,0,0,0,0,0,0,0,0,0,0
0,51,4,2,16,4,far,1,55,59440,50680,50680,50790,50680,50790,50680,50790,55,0,0,0,0,55,0,0,55,55,0,0,0,0,55,0,0,55,55,0,0,0,0,55,0,0,55,0,0,0,0,0,0,0,0,0,0,0,0,0,0
0,51,4,4,16,4,far,1,55,59440,50680,50680,50900,50680,50900,50680,50900,55,0,0,0,0,55,0,0,55,55,0,0,0,0,55,0,0,55,55,0,0,0,0,55,0,0,55,0,0,0,0,0,0,0,0,0,0,0,0,0,0
0,51,4,8,16,4,far,1,55,59440,50680,50680,51120,50680,51120,50680,51120,55,0,0,0,0,55,0,0,55,55,0,0,0,0,55,0,0,55,55,0,0,0,0,55,0,0,55,0,0,0,0,0,0,0,0,0,0,0,0,0,0
4,30,0,0,1,1,unchanged,0,16,1000,1128,1128,1128,1128,1128,1128,1128,0,0,16,0,16,0,0,16,0,0,0,16,0,16,0,0,16,0,0,0,16,0,16,0,0,16,0,0,0,0,0,0,0,0,0,0,0,0,0,0,0
4,30,0,2,1,1,unchanged,0,16,1000,1128,1128,1160,1128,1160,1128,1160,0,0,16,0,0,16,0,0,16,0,0,16,0,0,16,0,0,16,0,0,16,0,0,16,0,0,16,0,0,0,0,0,0,0,0,0,0,0,0,0,0
4,30,0,4,1,1,unchanged,0,16,1000,1128,1128,1192,1128,1192,1128,1192,0,0,16,0,0,16,0,0,16,0,0,16,0,0,16,0,0,16,0,0,16,0,0,16,0,0,16,0,0,0,0,0,0,0,0,0,0,0,0,0,0
4,30,0,8,1,1,unchanged,0,16,1000,1128,1128,1256,1128,1256,1128,1256,0,0,16,0,0,16,0,0,16,0,0,16,0,0,16,0,0,16,0,0,16,0,0,16,0,0,16,0,0,0,0,0,0,0,0,0,0,0,0,0,0
4,30,0,0,1,1,one_edit,0,64,4000,4512,4512,4512,4512,4512,4512,4512,0,0,64,0,64,0,0,64,0,0,0,64,0,64,0,0,64,0,0,0,64,0,64,0,0,64,0,0,0,0,0,0,0,0,0,0,0,0,0,0,0
4,30,0,2,1,1,one_edit,0,64,4000,4512,4512,4640,4512,4640,4512,4640,0,0,64,0,0,64,0,0,64,0,0,64,0,0,64,0,0,64,0,0,64,0,0,64,0,0,64,0,0,0,0,0,0,0,0,0,0,0,0,0,0
4,30,0,4,1,1,one_edit,0,64,4000,4512,4512,4768,4512,4768,4512,4768,0,0,64,0,0,64,0,0,64,0,0,64,0,0,64,0,0,64,0,0,64,0,0,64,0,0,64,0,0,0,0,0,0,0,0,0,0,0,0,0,0
4,30,0,8,1,1,one_edit,0,64,4000,4512,4512,5024,4512,5024,4512,5024,0,0,64,0,0,64,0,0,64,0,0,64,0,0,64,0,0,64,0,0,64,0,0,64,0,0,64,0,0,0,0,0,0,0,0,0,0,0,0,0,0
4,30,0,0,1,1,far,0,176,11000,12408,12408,12408,12408,12408,12408,12408,0,0,176,0,176,0,0,176,0,0,0,176,0,176,0,0,176,0,0,0,176,0,176,0,0,176,0,0,0,0,0,0,0,0,0,0,0,0,0,0,0
4,30,0,2,1,1,far,0,176,11000,12408,12408,12760,12408,12760,12408,12760,0,0,176,0,0,176,0,0,176,0,0,176,0,0,176,0,0,176,0,0,176,0,0,176,0,0,176,0,0,0,0,0,0,0,0,0,0,0,0,0,0
4,30,0,4,1,1,far,0,176,11000,12408,12408,13112,12408,13112,12408,13112,0,0,176,0,0,176,0,0,176,0,0,176,0,0,176,0,0,176,0,0,176,0,0,176,0,0,176,0,0,0,0,0,0,0,0,0,0,0,0,0,0
4,30,0,8,1,1,far,0,176,11000,12408,12408,13816,12408,13816,12408,13816,0,0,176,0,0,176,0,0,176,0,0,176,0,0,176,0,0,176,0,0,176,0,0,176,0,0,176,0,0,0,0,0,0,0,0,0,0,0,0,0,0
4,30,0,0,1,2,unchanged,0,16,1200,1328,1328,1328,1328,1328,1328,1328,0,0,16,0,16,0,0,16,0,0,0,16,0,16,0,0,16,0,0,0,16,0,16,0,0,16,0,0,0,0,0,0,0,0,0,0,0,0,0,0,0
4,30,0,2,1,2,unchanged,0,16,1200,1328,1328,1360,1328,1360,1328,1360,0,0,16,0,0,16,0,0,16,0,0,16,0,0,16,0,0,16,0,0,16,0,0,16,0,0,16,0,0,0,0,0,0,0,0,0,0,0,0,0,0
4,30,0,4,1,2,unchanged,0,16,1200,1328,1328,1392,1328,1392,1328,1392,0,0,16,0,0,16,0,0,16,0,0,16,0,0,16,0,0,16,0,0,16,0,0,16,0,0,16,0,0,0,0,0,0,0,0,0,0,0,0,0,0
4,30,0,8,1,2,unchanged,0,16,1200,1328,1328,1456,1328,1456,1328,1456,0,0,16,0,0,16,0,0,16,0,0,16,0,0,16,0,0,16,0,0,16,0,0,16,0,0,16,0,0,0,0,0,0,0,0,0,0,0,0,0,0
4,30,0,0,1,2,one_edit,0,64,4800,5312,5312,5312,5312,5312,5312,5312,0,0,64,0,64,0,0,64,0,0,0,64,0,64,0,0,64,0,0,0,64,0,64,0,0,64,0,0,0,0,0,0,0,0,0,0,0,0,0,0,0
4,30,0,2,1,2,one_edit,0,64,4800,5312,5312,5440,5312,5440,5312,5440,0,0,64,0,0,64,0,0,64,0,0,64,0,0,64,0,0,64,0,0,64,0,0,64,0,0,64,0,0,0,0,0,0,0,0,0,0,0,0,0,0
4,30,0,4,1,2,one_edit,0,64,4800,5312,5312,5568,5312,5568,5312,5568,0,0,64,0,0,64,0,0,64,0,0,64,0,0,64,0,0,64,0,0,64,0,0,64,0,0,64,0,0,0,0,0,0,0,0,0,0,0,0,0,0
4,30,0,8,1,2,one_edit,0,64,4800,5312,5312,5824,5312,5824,5312,5824,0,0,64,0,0,64,0,0,64,0,0,64,0,0,64,0,0,64,0,0,64,0,0,64,0,0,64,0,0,0,0,0,0,0,0,0,0,0,0,0,0
4,30,0,0,1,2,far,0,176,13200,14608,14608,14608,14608,14608,14608,14608,0,0,176,0,176,0,0,176,0,0,0,176,0,176,0,0,176,0,0,0,176,0,176,0,0,176,0,0,0,0,0,0,0,0,0,0,0,0,0,0,0
4,30,0,2,1,2,far,0,176,13200,14608,14608,14960,14608,14960,14608,14960,0,0,176,0,0,176,0,0,176,0,0,176,0,0,176,0,0,176,0,0,176,0,0,176,0,0,176,0,0,0,0,0,0,0,0,0,0,0,0,0,0
4,30,0,4,1,2,far,0,176,13200,14608,14608,15312,14608,15312,14608,15312,0,0,176,0,0,176,0,0,176,0,0,176,0,0,176,0,0,176,0,0,176,0,0,176,0,0,176,0,0,0,0,0,0,0,0,0,0,0,0,0,0
4,30,0,8,1,2,far,0,176,13200,14608,14608,16016,14608,16016,14608,16016,0,0,176,0,0,176,0,0,176,0,0,176,0,0,176,0,0,176,0,0,176,0,0,176,0,0,176,0,0,0,0,0,0,0,0,0,0,0,0,0,0
4,30,0,0,1,4,unchanged,0,16,1600,1728,1728,1728,1728,1728,1728,1728,0,0,16,0,16,0,0,16,0,0,0,16,0,16,0,0,16,0,0,0,16,0,16,0,0,16,0,0,0,0,0,0,0,0,0,0,0,0,0,0,0
4,30,0,2,1,4,unchanged,0,16,1600,1728,1728,1760,1728,1760,1728,1760,0,0,16,0,0,16,0,0,16,0,0,16,0,0,16,0,0,16,0,0,16,0,0,16,0,0,16,0,0,0,0,0,0,0,0,0,0,0,0,0,0
4,30,0,4,1,4,unchanged,0,16,1600,1728,1728,1792,1728,1792,1728,1792,0,0,16,0,0,16,0,0,16,0,0,16,0,0,16,0,0,16,0,0,16,0,0,16,0,0,16,0,0,0,0,0,0,0,0,0,0,0,0,0,0
4,30,0,8,1,4,unchanged,0,16,1600,1728,1728,1856,1728,1856,1728,1856,0,0,16,0,0,16,0,0,16,0,0,16,0,0,16,0,0,16,0,0,16,0,0,16,0,0,16,0,0,0,0,0,0,0,0,0,0,0,0,0,0
4,30,0,0,1,4,one_edit,0,64,6400,6912,6912,6912,6912,6912,6912,6912,0,0,64,0,64,0,0,64,0,0,0,64,0,64,0,0,64,0,0,0,64,0,64,0,0,64,0,0,0,0,0,0,0,0,0,0,0,0,0,0,0
4,30,0,2,1,4,one_edit,0,64,6400,6912,6912,7040,6912,7040,6912,7040,0,0,64,0,0,64,0,0,64,0,0,64,0,0,64,0,0,64,0,0,64,0,0,64,0,0,64,0,0,0,0,0,0,0,0,0,0,0,0,0,0
4,30,0,4,1,4,one_edit,0,64,6400,6912,6912,7168,6912,7168,6912,7168,0,0,64,0,0,64,0,0,64,0,0,64,0,0,64,0,0,64,0,0,64,0,0,64,0,0,64,0,0,0,0,0,0,0,0,0,0,0,0,0,0
4,30,0,8,1,4,one_edit,0,64,6400,6912,6912,7424,6912,7424,6912,7424,0,0,64,0,0,64,0,0,64,0,0,64,0,0,64,0,0,64,0,0,64,0,0,64,0,0,64,0,0,0,0,0,0,0,0,0,0,0,0,0,0
4,30,0,0,1,4,far,0,176,17600,19008,19008,19008,19008,19008,19008,19008,0,0,176,0,176,0,0,176,0,0,0,176,0,176,0,0,176,0,0,0,176,0,176,0,0,176,0,0,0,0,0,0,0,0,0,0,0,0,0,0,0
4,30,0,2,1,4,far,0,176,17600,19008,19008,19360,19008,19360,19008,19360,0,0,176,0,0,176,0,0,176,0,0,176,0,0,176,0,0,176,0,0,176,0,0,176,0,0,176,0,0,0,0,0,0,0,0,0,0,0,0,0,0
4,30,0,4,1,4,far,0,176,17600,19008,19008,19712,19008,19712,19008,19712,0,0,176,0,0,176,0,0,176,0,0,176,0,0,176,0,0,176,0,0,176,0,0,176,0,0,176,0,0,0,0,0,0,0,0,0,0,0,0,0,0
4,30,0,8,1,4,far,0,176,17600,19008,19008,20416,19008,20416,19008,20416,0,0,176,0,0,176,0,0,176,0,0,176,0,0,176,0,0,176,0,0,176,0,0,176,0,0,176,0,0,0,0,0,0,0,0,0,0,0,0,0,0
4,30,0,0,4,1,unchanged,0,16,1600,1728,1728,1728,1728,1728,1728,1728,0,0,16,0,16,0,0,16,0,0,0,16,0,16,0,0,16,0,0,0,16,0,16,0,0,16,0,0,0,0,0,0,0,0,0,0,0,0,0,0,0
4,30,0,2,4,1,unchanged,0,16,1600,1728,1728,1760,1728,1760,1728,1760,0,0,16,0,0,16,0,0,16,0,0,16,0,0,16,0,0,16,0,0,16,0,0,16,0,0,16,0,0,0,0,0,0,0,0,0,0,0,0,0,0
4,30,0,4,4,1,unchanged,0,16,1600,1728,1728,1792,1728,1792,1728,1792,0,0,16,0,0,16,0,0,16,0,0,16,0,0,16,0,0,16,0,0,16,0,0,16,0,0,16,0,0,0,0,0,0,0,0,0,0,0,0,0,0
4,30,0,8,4,1,unchanged,0,16,1600,1728,1728,1856,1728,1856,1728,1856,0,0,16,0,0,16,0,0,16,0,0,16,0,0,16,0,0,16,0,0,16,0,0,16,0,0,16,0,0,0,0,0,0,0,0,0,0,0,0,0,0
4,30,0,0,4,1,one_edit,0,64,6400,6912,6912,6912,6912,6912,6912,6912,0,0,64,0,64,0,0,64,0,0,0,64,0,64,0,0,64,0,0,0,64,0,64,0,0,64,0,0,0,0,0,0,0,0,0,0,0,0,0,0,0
4,30,0,2,4,1,one_edit,0,64,6400,6912,6912,7040,6912,7040,6912,7040,0,0,64,0,0,64,0,0,64,0,0,64,0,0,64,0,0,64,0,0,64,0,0,64,0,0,64,0,0,0,0,0,0,0,0,0,0,0,0,0,0
4,30,0,4,4,1,one_edit,0,64,6400,6912,6912,7168,6912,7168,6912,7168,0,0,64,0,0,64,0,0,64,0,0,64,0,0,64,0,0,64,0,0,64,0,0,64,0,0,64,0,0,0,0,0,0,0,0,0,0,0,0,0,0
4,30,0,8,4,1,one_edit,0,64,6400,6912,6912,7424,6912,7424,6912,7424,0,0,64,0,0,64,0,0,64,0,0,64,0,0,64,0,0,64,0,0,64,0,0,64,0,0,64,0,0,0,0,0,0,0,0,0,0,0,0,0,0
4,30,0,0,4,1,far,0,176,17600,19008,19008,19008,19008,19008,19008,19008,0,0,176,0,176,0,0,176,0,0,0,176,0,176,0,0,176,0,0,0,176,0,176,0,0,176,0,0,0,0,0,0,0,0,0,0,0,0,0,0,0
4,30,0,2,4,1,far,0,176,17600,19008,19008,19360,19008,19360,19008,19360,0,0,176,0,0,176,0,0,176,0,0,176,0,0,176,0,0,176,0,0,176,0,0,176,0,0,176,0,0,0,0,0,0,0,0,0,0,0,0,0,0
4,30,0,4,4,1,far,0,176,17600,19008,19008,19712,19008,19712,19008,19712,0,0,176,0,0,176,0,0,176,0,0,176,0,0,176,0,0,176,0,0,176,0,0,176,0,0,176,0,0,0,0,0,0,0,0,0,0,0,0,0,0
4,30,0,8,4,1,far,0,176,17600,19008,19008,20416,19008,20416,19008,20416,0,0,176,0,0,176,0,0,176,0,0,176,0,0,176,0,0,176,0,0,176,0,0,176,0,0,176,0,0,0,0,0,0,0,0,0,0,0,0,0,0
4,30,0,0,4,2,unchanged,0,16,2400,2528,2528,2528,2528,2528,2528,2528,0,0,16,0,16,0,0,16,0,0,0,16,0,16,0,0,16,0,0,0,16,0,16,0,0,16,0,0,0,0,0,0,0,0,0,0,0,0,0,0,0
4,30,0,2,4,2,unchanged,0,16,2400,2528,2528,2560,2528,2560,2528,2560,0,0,16,0,0,16,0,0,16,0,0,16,0,0,16,0,0,16,0,0,16,0,0,16,0,0,16,0,0,0,0,0,0,0,0,0,0,0,0,0,0
4,30,0,4,4,2,unchanged,0,16,2400,2528,2528,2592,2528,2592,2528,2592,0,0,16,0,0,16,0,0,16,0,0,16,0,0,16,0,0,16,0,0,16,0,0,16,0,0,16,0,0,0,0,0,0,0,0,0,0,0,0,0,0
4,30,0,8,4,2,unchanged,0,16,2400,2528,2528,2656,2528,2656,2528,2656,0,0,16,0,0,16,0,0,16,0,0,16,0,0,16,0,0,16,0,0,16,0,0,16,0,0,16,0,0,0,0,0,0,0,0,0,0,0,0,0,0
4,30,0,0,4,2,one_edit,0,64,9600,10112,10112,10112,10112,10112,10112,10112,0,0,64,0,64,0,0,64,0,0,0,64,0,64,0,0,64,0,0,0,64,0,64,0,0,64,0,0,0,0,0,0,0,0,0,0,0,0,0,0,0
4,30,0,2,4,2,one_edit,0,64,9600,10112,10112,10240,10112,10240,10112,10240,0,0,64,0,0,64,0,0,64,0,0,64,0,0,64,0,0,64,0,0,64,0,0,64,0,0,64,0,0,0,0,0,0,0,0,0,0,0,0,0,0
4,30,0,4,4,2,one_edit,0,64,9600,10112,10112,10368,10112,10368,10112,10368,0,0,64,0,0,64,0,0,64,0,0,64,0,0,64,0,0,64,0,0,64,0,0,64,0,0,64,0,0,0,0,0,0,0,0,0,0,0,0,0,0
4,30,0,8,4,2,one_edit,0,64,9600,10112,10112,10624,10112,10624,10112,10624,0,0,64,0,0,64,0,0,64,0,0,64,0,0,64,0,0,64,0,0,64,0,0,64,0,0,64,0,0,0,0,0,0,0,0,0,0,0,0,0,0
4,30,0,0,4,2,far,0,176,26400,27808,27808,27808,27808,27808,27808,27808,0,0,176,0,176,0,0,176,0,0,0,176,0,176,0,0,176,0,0,0,176,0,176,0,0,176,0,0,0,0,0,0,0,0,0,0,0,0,0,0,0
4,30,0,2,4,2,far,0,176,26400,27808,27808,28160,27808,28160,27808,28160,0,0,176,0,0,176,0,0,176,0,0,176,0,0,176,0,0,176,0,0,176,0,0,176,0,0,176,0,0,0,0,0,0,0,0,0,0,0,0,0,0
4,30,0,4,4,2,far,0,176,26400,27808,27808,28512,27808,28512,27808,28512,0,0,176,0,0,176,0,0,176,0,0,176,0,0,176,0,0,176,0,0,176,0,0,176,0,0,176,0,0,0,0,0,0,0,0,0,0,0,0,0,0
4,30,0,8,4,2,far,0,176,26400,27808,27808,29216,27808,29216,27808,29216,0,0,176,0,0,176,0,0,176,0,0,176,0,0,176,0,0,176,0,0,176,0,0,176,0,0,176,0,0,0,0,0,0,0,0,0,0,0,0,0,0
4,30,0,0,4,4,unchanged,0,16,4000,4128,4128,4128,4128,4128,4128,4128,0,0,16,0,16,0,0,16,0,0,0,16,0,16,0,0,16,0,0,0,16,0,16,0,0,16,0,0,0,0,0,0,0,0,0,0,0,0,0,0,0
4,30,0,2,4,4,unchanged,0,16,4000,4128,4128,4160,4128,4160,4128,4160,0,0,16,0,0,16,0,0,16,0,0,16,0,0,16,0,0,16,0,0,16,0,0,16,0,0,16,0,0,0,0,0,0,0,0,0,0,0,0,0,0
4,30,0,4,4,4,unchanged,0,16,4000,4128,4128,4192,4128,4192,4128,4192,0,0,16,0,0,16,0,0,16,0,0,16,0,0,16,0,0,16,0,0,16,0,0,16,0,0,16,0,0,0,0,0,0,0,0,0,0,0,0,0,0
4,30,0,8,4,4,unchanged,0,16,4000,4128,4128,4256,4128,4256,4128,4256,0,0,16,0,0,16,0,0,16,0,0,16,0,0,16,0,0,16,0,0,16,0,0,16,0,0,16,0,0,0,0,0,0,0,0,0,0,0,0,0,0
4,30,0,0,4,4,one_edit,0,64,16000,16512,16512,16512,16512,16512,16512,16512,0,0,64,0,64,0,0,64,0,0,0,64,0,64,0,0,64,0,0,0,64,0,64,0,0,64,0,0,0,0,0,0,0,0,0,0,0,0,0,0,0
4,30,0,2,4,4,one_edit,0,64,16000,16512,16512,16640,16512,16640,16512,16640,0,0,64,0,0,64,0,0,64,0,0,64,0,0,64,0,0,64,0,0,64,0,0,64,0,0,64,0,0,0,0,0,0,0,0,0,0,0,0,0,0
4,30,0,4,4,4,one_edit,0,64,16000,16512,16512,16768,16512,16768,16512,16768,0,0,64,0,0,64,0,0,64,0,0,64,0,0,64,0,0,64,0,0,64,0,0,64,0,0,64,0,0,0,0,0,0,0,0,0,0,0,0,0,0
4,30,0,8,4,4,one_edit,0,64,16000,16512,16512,17024,16512,17024,16512,17024,0,0,64,0,0,64,0,0,64,0,0,64,0,0,64,0,0,64,0,0,64,0,0,64,0,0,64,0,0,0,0,0,0,0,0,0,0,0,0,0,0
4,30,0,0,4,4,far,0,176,44000,45408,45408,45408,45408,45408,45408,45408,0,0,176,0,176,0,0,176,0,0,0,176,0,176,0,0,176,0,0,0,176,0,176,0,0,176,0,0,0,0,0,0,0,0,0,0,0,0,0,0,0
4,30,0,2,4,4,far,0,176,44000,45408,45408,45760,45408,45760,45408,45760,0,0,176,0,0,176,0,0,176,0,0,176,0,0,176,0,0,176,0,0,176,0,0,176,0,0,176,0,0,0,0,0,0,0,0,0,0,0,0,0,0
4,30,0,4,4,4,far,0,176,44000,45408,45408,46112,45408,46112,45408,46112,0,0,176,0,0,176,0,0,176,0,0,176,0,0,176,0,0,176,0,0,176,0,0,176,0,0,176,0,0,0,0,0,0,0,0,0,0,0,0,0,0
4,30,0,8,4,4,far,0,176,44000,45408,45408,46816,45408,46816,45408,46816,0,0,176,0,0,176,0,0,176,0,0,176,0,0,176,0,0,176,0,0,176,0,0,176,0,0,176,0,0,0,0,0,0,0,0,0,0,0,0,0,0
4,30,0,0,16,1,unchanged,0,16,4000,4128,4128,4128,4128,4128,4128,4128,0,0,16,0,16,0,0,16,0,0,0,16,0,16,0,0,16,0,0,0,16,0,16,0,0,16,0,0,0,0,0,0,0,0,0,0,0,0,0,0,0
4,30,0,2,16,1,unchanged,0,16,4000,4128,4128,4160,4128,4160,4128,4160,0,0,16,0,0,16,0,0,16,0,0,16,0,0,16,0,0,16,0,0,16,0,0,16,0,0,16,0,0,0,0,0,0,0,0,0,0,0,0,0,0
4,30,0,4,16,1,unchanged,0,16,4000,4128,4128,4192,4128,4192,4128,4192,0,0,16,0,0,16,0,0,16,0,0,16,0,0,16,0,0,16,0,0,16,0,0,16,0,0,16,0,0,0,0,0,0,0,0,0,0,0,0,0,0
4,30,0,8,16,1,unchanged,0,16,4000,4128,4128,4256,4128,4256,4128,4256,0,0,16,0,0,16,0,0,16,0,0,16,0,0,16,0,0,16,0,0,16,0,0,16,0,0,16,0,0,0,0,0,0,0,0,0,0,0,0,0,0
4,30,0,0,16,1,one_edit,0,64,16000,16512,16512,16512,16512,16512,16512,16512,0,0,64,0,64,0,0,64,0,0,0,64,0,64,0,0,64,0,0,0,64,0,64,0,0,64,0,0,0,0,0,0,0,0,0,0,0,0,0,0,0
4,30,0,2,16,1,one_edit,0,64,16000,16512,16512,16640,16512,16640,16512,16640,0,0,64,0,0,64,0,0,64,0,0,64,0,0,64,0,0,64,0,0,64,0,0,64,0,0,64,0,0,0,0,0,0,0,0,0,0,0,0,0,0
4,30,0,4,16,1,one_edit,0,64,16000,16512,16512,16768,16512,16768,16512,16768,0,0,64,0,0,64,0,0,64,0,0,64,0,0,64,0,0,64,0,0,64,0,0,64,0,0,64,0,0,0,0,0,0,0,0,0,0,0,0,0,0
4,30,0,8,16,1,one_edit,0,64,16000,16512,16512,17024,16512,17024,16512,17024,0,0,64,0,0,64,0,0,64,0,0,64,0,0,64,0,0,64,0,0,64,0,0,64,0,0,64,0,0,0,0,0,0,0,0,0,0,0,0,0,0
4,30,0,0,16,1,far,0,176,44000,45408,45408,45408,45408,45408,45408,45408,0,0,176,0,176,0,0,176,0,0,0,176,0,176,0,0,176,0,0,0,176,0,176,0,0,176,0,0,0,0,0,0,0,0,0,0,0,0,0,0,0
4,30,0,2,16,1,far,0,176,44000,45408,45408,45760,45408,45760,45408,45760,0,0,176,0,0,176,0,0,176,0,0,176,0,0,176,0,0,176,0,0,176,0,0,176,0,0,176,0,0,0,0,0,0,0,0,0,0,0,0,0,0
4,30,0,4,16,1,far,0,176,44000,45408,45408,46112,45408,46112,45408,46112,0,0,176,0,0,176,0,0,176,0,0,176,0,0,176,0,0,176,0,0,176,0,0,176,0,0,176,0,0,0,0,0,0,0,0,0,0,0,0,0,0
4,30,0,8,16,1,far,0,176,44000,45408,45408,46816,45408,46816,45408,46816,0,0,176,0,0,176,0,0,176,0,0,176,0,0,176,0,0,176,0,0,176,0,0,176,0,0,176,0,0,0,0,0,0,0,0,0,0,0,0,0,0
4,30,0,0,16,2,unchanged,0,16,7200,7328,7328,7328,7328,7328,7328,7328,0,0,16,0,16,0,0,16,0,0,0,16,0,16,0,0,16,0,0,0,16,0,16,0,0,16,0,0,0,0,0,0,0,0,0,0,0,0,0,0,0
4,30,0,2,16,2,unchanged,0,16,7200,7328,7328,7360,7328,7360,7328,7360,0,0,16,0,0,16,0,0,16,0,0,16,0,0,16,0,0,16,0,0,16,0,0,16,0,0,16,0,0,0,0,0,0,0,0,0,0,0,0,0,0
4,30,0,4,16,2,unchanged,0,16,7200,7328,7328,7392,7328,7392,7328,7392,0,0,16,0,0,16,0,0,16,0,0,16,0,0,16,0,0,16,0,0,16,0,0,16,0,0,16,0,0,0,0,0,0,0,0,0,0,0,0,0,0
4,30,0,8,16,2,unchanged,0,16,7200,7328,7328,7456,7328,7456,7328,7456,0,0,16,0,0,16,0,0,16,0,0,16,0,0,16,0,0,16,0,0,16,0,0,16,0,0,16,0,0,0,0,0,0,0,0,0,0,0,0,0,0
4,30,0,0,16,2,one_edit,0,64,28800,29312,29312,29312,29312,29312,29312,29312,0,0,64,0,64,0,0,64,0,0,0,64,0,64,0,0,64,0,0,0,64,0,64,0,0,64,0,0,0,0,0,0,0,0,0,0,0,0,0,0,0
4,30,0,2,16,2,one_edit,0,64,28800,29312,29312,29440,29312,29440,29312,29440,0,0,64,0,0,64,0,0,64,0,0,64,0,0,64,0,0,64,0,0,64,0,0,64,0,0,64,0,0,0,0,0,0,0,0,0,0,0,0,0,0
4,30,0,4,16,2,one_edit,0,64,28800,29312,29312,29568,29312,29568,29312,29568,0,0,64,0,0,64,0,0,64,0,0,64,0,0,64,0,0,64,0,0,64,0,0,64,0,0,64,0,0,0,0,0,0,0,0,0,0,0,0,0,0
4,30,0,8,16,2,one_edit,0,64,28800,29312,29312,29824,29312,29824,29312,29824,0,0,64,0,0,64,0,0,64,0,0,64,0,0,64,0,0,64,0,0,64,0,0,64,0,0,64,0,0,0,0,0,0,0,0,0,0,0,0,0,0
4,30,0,0,16,2,far,0,176,79200,80608,80608,80608,80608,80608,80608,80608,0,0,176,0,176,0,0,176,0,0,0,176,0,176,0,0,176,0,0,0,176,0,176,0,0,176,0,0,0,0,0,0,0,0,0,0,0,0,0,0,0
4,30,0,2,16,2,far,0,176,79200,80608,80608,80960,80608,80960,80608,80960,0,0,176,0,0,176,0,0,176,0,0,176,0,0,176,0,0,176,0,0,176,0,0,176,0,0,176,0,0,0,0,0,0,0,0,0,0,0,0,0,0
4,30,0,4,16,2,far,0,176,79200,80608,80608,81312,80608,81312,80608,81312,0,0,176,0,0,176,0,0,176,0,0,176,0,0,176,0,0,176,0,0,176,0,0,176,0,0,176,0,0,0,0,0,0,0,0,0,0,0,0,0,0
4,30,0,8,16,2,far,0,176,79200,80608,80608,82016,80608,82016,80608,82016,0,0,176,0,0,176,0,0,176,0,0,176,0,0,176,0,0,176,0,0,176,0,0,176,0,0,176,0,0,0,0,0,0,0,0,0,0,0,0,0,0
4,30,0,0,16,4,unchanged,0,16,13600,13728,13728,13728,13728,13728,13728,13728,0,0,16,0,16,0,0,16,0,0,0,16,0,16,0,0,16,0,0,0,16,0,16,0,0,16,0,0,0,0,0,0,0,0,0,0,0,0,0,0,0
4,30,0,2,16,4,unchanged,0,16,13600,13728,13728,13760,13728,13760,13728,13760,0,0,16,0,0,16,0,0,16,0,0,16,0,0,16,0,0,16,0,0,16,0,0,16,0,0,16,0,0,0,0,0,0,0,0,0,0,0,0,0,0
4,30,0,4,16,4,unchanged,0,16,13600,13728,13728,13792,13728,13792,13728,13792,0,0,16,0,0,16,0,0,16,0,0,16,0,0,16,0,0,16,0,0,16,0,0,16,0,0,16,0,0,0,0,0,0,0,0,0,0,0,0,0,0
4,30,0,8,16,4,unchanged,0,16,13600,13728,13728,13856,13728,13856,13728,13856,0,0,16,0,0,16,0,0,16,0,0,16,0,0,16,0,0,16,0,0,16,0,0,16,0,0,16,0,0,0,0,0,0,0,0,0,0,0,0,0,0
4,30,0,0,16,4,one_edit,0,64,54400,54912,54912,54912,54912,54912,54912,54912,0,0,64,0,64,0,0,64,0,0,0,64,0,64,0,0,64,0,0,0,64,0,64,0,0,64,0,0,0,0,0,0,0,0,0,0,0,0,0,0,0
4,30,0,2,16,4,one_edit,0,64,54400,54912,54912,55040,54912,55040,54912,55040,0,0,64,0,0,64,0,0,64,0,0,64,0,0,64,0,0,64,0,0,64,0,0,64,0,0,64,0,0,0,0,0,0,0,0,0,0,0,0,0,0
4,30,0,4,16,4,one_edit,0,64,54400,54912,54912,55168,54912,55168,54912,55168,0,0,64,0,0,64,0,0,64,0,0,64,0,0,64,0,0,64,0,0,64,0,0,64,0,0,64,0,0,0,0,0,0,0,0,0,0,0,0,0,0
4,30,0,8,16,4,one_edit,0,64,54400,54912,54912,55424,54912,55424,54912,55424,0,0,64,0,0,64,0,0,64,0,0,64,0,0,64,0,0,64,0,0,64,0,0,64,0,0,64,0,0,0,0,0,0,0,0,0,0,0,0,0,0
4,30,0,0,16,4,far,0,176,149600,151008,151008,151008,151008,151008,151008,151008,0,0,176,0,176,0,0,176,0,0,0,176,0,176,0,0,176,0,0,0,176,0,176,0,0,176,0,0,0,0,0,0,0,0,0,0,0,0,0,0,0
4,30,0,2,16,4,far,0,176,149600,151008,151008,151360,151008,151360,151008,151360,0,0,176,0,0,176,0,0,176,0,0,176,0,0,176,0,0,176,0,0,176,0,0,176,0,0,176,0,0,0,0,0,0,0,0,0,0,0,0,0,0
4,30,0,4,16,4,far,0,176,149600,151008,151008,151712,151008,151712,151008,151712,0,0,176,0,0,176,0,0,176,0,0,176,0,0,176,0,0,176,0,0,176,0,0,176,0,0,176,0,0,0,0,0,0,0,0,0,0,0,0,0,0
4,30,0,8,16,4,far,0,176,149600,151008,151008,152416,151008,152416,151008,152416,0,0,176,0,0,176,0,0,176,0,0,176,0,0,176,0,0,176,0,0,176,0,0,176,0,0,176,0,0,0,0,0,0,0,0,0,0,0,0,0,0
4,30,1,0,1,1,unchanged,0,5,380,400,400,392,400,400,400,400,2,0,3,4,1,0,4,1,0,2,0,3,0,5,0,0,5,0,2,0,3,0,5,0,0,5,0,0,0,0,0,0,0,0,4,8,3,4,8,3,0
4,30,1,2,1,1,unchanged,0,5,380,400,400,402,400,410,400,410,2,0,3,2,0,3,2,0,3,0,2,3,0,0,5,0,0,5,0,2,3,0,0,5,0,0,5,0,0,0,0,0,0,0,4,8,3,4,8,3,0
4,30,1,4,1,1,unchanged,0,5,380,400,400,412,400,420,400,420,0,0,5,0,0,5,0,0,5,0,0,5,0,0,5,0,0,5,0,0,5,0,0,5,0,0,5,0,0,0,0,0,0,0,4,8,3,4,8,3,0
4,30,1,8,1,1,unchanged,0,5,380,400,400,432,400,440,400,440,0,0,5,0,0,5,0,0,5,0,0,5,0,0,5,0,0,5,0,0,5,0,0,5,0,0,5,0,0,0,0,0,0,0,4,8,3,4,8,3,0
4,30,1,0,1,1,one_edit,0,20,1576,1664,1662,1642,1664,1642,1664,1642,8,0,12,4,16,0,4,16,0,8,0,12,4,16,0,4,16,0,8,0,12,4,16,0,4,16,0,2,2,1,2,2,1,0,0,0,0,0,0,0,0
4,30,1,2,1,1,one_edit,0,20,1576,1664,1662,1682,1664,1682,1664,1682,2,0,18,4,0,16,4,0,16,2,0,18,4,0,16,4,0,16,2,0,18,4,0,16,4,0,16,2,2,1,2,2,1,0,0,0,0,0,0,0,0
4,30,1,4,1,1,one_edit,0,20,1576,1664,1662,1722,1664,1722,1664,1722,2,0,18,4,0,16,4,0,16,2,0,18,4,0,16,4,0,16,2,0,18,4,0,16,4,0,16,2,2,1,2,2,1,0,0,0,0,0,0,0,0
4,30,1,8,1,1,one_edit,0,20,1576,1664,1662,1802,1664,1802,1664,1802,0,0,20,0,0,20,0,0,20,0,0,20,0,0,20,0,0,20,0,0,20,0,0,20,0,0,20,2,2,1,2,2,1,0,0,0,0,0,0,0,0
4,30,1,0,1,1,far,0,55,4516,4752,4752,4718,4752,4744,4752,4744,22,0,33,20,35,0,20,35,0,22,0,33,8,47,0,8,47,0,22,0,33,8,47,0,8,47,0,0,0,0,0,0,0,0,12,26,3,12,26,3,0
4,30,1,2,1,1,far,0,55,4516,4752,4752,4828,4752,4854,4752,4854,6,2,47,6,2,47,6,2,47,0,6,49,0,0,55,0,0,55,0,6,49,0,0,55,0,0,55,0,0,0,0,0,0,0,12,26,3,12,26,3,0
4,30,1,4,1,1,far,0,55,4516,4752,4752,4938,4752,4964,4752,4964,0,0,55,0,0,55,0,0,55,0,0,55,0,0,55,0,0,55,0,0,55,0,0,55,0,0,55,0,0,0,0,0,0,0,12,26,3,12,26,3,0
4,30,1,8,1,1,far,0,55,4516,4752,4752,5158,4752,5184,4752,5184,0,0,55,0,0,55,0,0,55,0,0,55,0,0,55,0,0,55,0,0,55,0,0,55,0,0,55,0,0,0,0,0,0,0,12,26,3,12,26,3,0
4,30,1,0,1,1,far,1,121,17484,13224,13224,13218,13224,13330,13224,13258,121,0,0,6,115,0,6,115,0,121,0,0,0,81,40,0,81,40,121,0,0,0,105,16,0,105,16,0,0,0,0,0,0,0,46,112,4,22,40,4,24
4,30,1,2,1,1,far,1,121,17484,13224,13224,13460,13224,13572,13224,13500,121,0,0,0,0,121,0,0,121,121,0,0,0,0,121,0,0,121,121,0,0,0,0,121,0,0,121,0,0,0,0,0,0,0,46,112,4,22,40,4,24
4,30,1,4,1,1,far,1,121,17484,13224,13224,13702,13224,13814,13224,13742,121,0,0,0,0,121,0,0,121,121,0,0,0,0,121,0,0,121,121,0,0,0,0,121,0,0,121,0,0,0,0,0,0,0,46,112,4,22,40,4,24
4,30,1,8,1,1,far,1,121,17484,13224,13224,14186,13224,14298,13224,14226,121,0,0,0,0,121,0,0,121,121,0,0,0,0,121,0,0,121,121,0,0,0,0,121,0,0,121,0,0,0,0,0,0,0,46,112,4,22,40,4,24
4,30,1,0,1,1,one_edit,1,44,6424,4878,4878,4860,4878,4870,4878,4864,44,0,0,6,38,0,6,38,0,44,0,0,6,34,4,6,34,4,44,0,0,6,36,2,6,36,2,0,0,0,0,0,0,0,4,10,3,2,4,2,2
4,30,1,2,1,1,one_edit,1,44,6424,4878,4878,4948,4878,4958,4878,4952,44,0,0,4,0,40,4,0,40,44,0,0,4,0,40,4,0,40,44,0,0,4,0,40,4,0,40,0,0,0,0,0,0,0,4,10,3,2,4,2,2
4,30,1,4,1,1,one_edit,1,44,6424,4878,4878,5036,4878,5046,4878,5040,44,0,0,0,4,40,0,4,40,44,0,0,0,4,40,0,4,40,44,0,0,0,4,40,0,4,40,0,0,0,0,0,0,0,4,10,3,2,4,2,2
4,30,1,8,1,1,one_edit,1,44,6424,4878,4878,5212,4878,5222,4878,5216,44,0,0,0,0,44,0,0,44,44,0,0,0,0,44,0,0,44,44,0,0,0,0,44,0,0,44,0,0,0,0,0,0,0,4,10,3,2,4,2,2
4,30,1,0,1,1,unchanged,1,11,1620,1188,1188,1188,1188,1188,1188,1188,11,0,0,0,11,0,0,11,0,11,0,0,0,11,0,0,11,0,11,0,0,0,11,0,0,11,0,0,0,0,0,0,0,0,0,0,0,0,0,0,0
4,30,1,2,1,1,unchanged,1,11,1620,1188,1188,1210,1188,1210,1188,1210,11,0,0,0,0,11,0,0,11,11,0,0,0,0,11,0,0,11,11,0,0,0,0,11,0,0,11,0,0,0,0,0,0,0,0,0,0,0,0,0,0
4,30,1,4,1,1,unchanged,1,11,1620,1188,1188,1232,1188,1232,1188,1232,11,0,0,0,0,11,0,0,11,11,0,0,0,0,11,0,0,11,11,0,0,0,0,11,0,0,11,0,0,0,0,0,0,0,0,0,0,0,0,0,0
4,30,1,8,1,1,unchanged,1,11,1620,1188,1188,1276,1188,1276,1188,1276,11,0,0,0,0,11,0,0,11,11,0,0,0,0,11,0,0,11,11,0,0,0,0,11,0,0,11,0,0,0,0,0,0,0,0,0,0,0,0,0,0
4,30,1,0,1,2,unchanged,0,5,456,472,464,444,472,472,472,472,4,0,1,4,1,0,4,1,0,2,0,3,0,5,0,0,5,0,2,0,3,0,5,0,0,5,0,2,8,4,2,8,4,0,4,28,9,4,28,9,0
4,30,1,2,1,2,unchanged,0,5,456,472,464,454,472,482,472,482,2,0,3,4,0,1,4,0,1,2,0,3,0,0,5,0,0,5,2,0,3,0,0,5,0,0,5,2,8,4,2,8,4,0,4,28,9,4,28,9,0
4,30,1,4,1,2,unchanged,0,5,456,472,464,464,472,492,472,492,2,0,3,4,0,1,4,0,1,0,2,3,0,0,5,0,0,5,0,2,3,0,0,5,0,0,5,2,8,4,2,8,4,0,4,28,9,4,28,9,0
4,30,1,8,1,2,unchanged,0,5,456,472,464,484,472,512,472,512,2,0,3,2,0,3,0,0,5,0,0,5,0,0,5,0,0,5,0,0,5,0,0,5,0,0,5,2,8,4,2,8,4,0,4,28,9,4,28,9,0
4,30,1,0,1,2,one_edit,0,20,1936,2016,1980,1928,2016,1954,2016,1954,10,0,10,20,0,0,20,0,0,10,0,10,6,14,0,6,14,0,10,0,10,6,14,0,6,14,0,4,36,10,4,36,10,0,14,26,3,14,26,3,0
4,30,1,2,1,2,one_edit,0,20,1936,2016,1980,1968,2016,1994,2016,1994,10,0,10,12,0,8,12,0,8,6,4,10,6,0,14,6,0,14,6,4,10,6,0,14,6,0,14,4,36,10,4,36,10,0,14,26,3,14,26,3,0
4,30,1,4,1,2,one_edit,0,20,1936,2016,1980,2008,2016,2034,2016,2034,6,0,14,4,0,16,4,0,16,6,0,14,4,0,16,4,0,16,6,0,14,4,0,16,4,0,16,4,36,10,4,36,10,0,14,26,3,14,26,3,0
4,30,1,8,1,2,one_edit,0,20,1936,2016,1980,2088,2016,2114,2016,2114,2,0,18,4,0,16,0,0,20,2,0,18,4,0,16,4,0,16,2,0,18,4,0,16,4,0,16,4,36,10,4,36,10,0,14,26,3,14,26,3,0
4,30,1,0,1,2,far,0,55,5688,5896,5768,5636,5896,5840,5896,5810,28,0,27,55,0,0,50,5,0,22,0,33,14,41,0,14,41,0,22,0,33,14,41,0,14,41,0,35,128,8,35,128,8,0,51,204,9,41,174,9,10
4,30,1,2,1,2,far,0,55,5688,5896,5768,5746,5896,5950,5896,5920,22,0,33,44,2,9,31,0,24,12,10,33,8,6,41,8,6,41,12,10,33,14,0,41,14,0,41,35,128,8,35,128,8,0,51,204,9,41,174,9,10
4,30,1,4,1,2,far,0,55,5688,5896,5768,5856,5896,6060,5896,6030,16,2,37,32,3,20,10,0,45,0,12,43,4,4,47,4,4,47,6,6,43,14,0,41,14,0,41,35,128,8,35,128,8,0,51,204,9,41,174,9,10
4,30,1,8,1,2,far,0,55,5688,5896,5768,6076,5896,6280,5896,6250,6,0,49,8,0,47,0,0,55,0,0,55,0,0,55,0,0,55,0,0,55,0,0,55,0,0,55,35,128,8,35,128,8,0,51,204,9,41,174,9,10
4,30,1,0,1,2,far,1,121,20712,15800,15784,15706,15800,15964,15800,15808,121,0,0,26,95,0,26,95,0,121,0,0,6,84,31,6,84,31,121,0,0,9,105,7,9,105,7,4,16,6,4,16,6,0,51,258,8,24,102,8,28
4,30,1,2,1,2,far,1,121,20712,15800,15784,15948,15800,16206,15800,16050,121,0,0,26,0,95,22,0,99,121,0,0,6,0,115,6,0,115,121,0,0,9,0,112,9,0,112,4,16,6,4,16,6,0,51,258,8,24,102,8,28
4,30,1,4,1,2,far,1,121,20712,15800,15784,16190,15800,16448,15800,16292,121,0,0,6,0,115,4,0,117,121,0,0,0,0,121,0,0,121,121,0,0,0,0,121,0,0,121,4,16,6,4,16,6,0,51,258,8,24,102,8,28
4,30,1,8,1,2,far,1,121,20712,15800,15784,16674,15800,16932,15800,16776,121,0,0,0,0,121,0,0,121,121,0,0,0,0,121,0,0,121,121,0,0,0,0,121,0,0,121,4,16,6,4,16,6,0,51,258,8,24,102,8,28
4,30,1,0,1,2,one_edit,1,44,7664,5884,5860,5826,5884,5856,5884,5838,44,0,0,8,36,0,8,36,0,44,0,0,6,34,4,6,34,4,44,0,0,6,36,2,6,36,2,4,24,6,4,24,6,0,8,30,6,4,12,4,4
4,30,1,2,1,2,one_edit,1,44,7664,5884,5860,5914,5884,5944,5884,5926,44,0,0,6,2,36,6,2,36,44,0,0,4,2,38,4,2,38,44,0,0,6,0,38,6,0,38,4,24,6,4,24,6,0,8,30,6,4,12,4,4
4,30,1,4,1,2,one_edit,1,44,7664,5884,5860,6002,5884,6032,5884,6014,44,0,0,6,0,38,6,0,38,44,0,0,4,0,40,4,0,40,44,0,0,6,0,38,6,0,38,4,24,6,4,24,6,0,8,30,6,4,12,4,4
4,30,1,8,1,2,one_edit,1,44,7664,5884,5860,6178,5884,6208,5884,6190,44,0,0,4,0,40,0,0,44,44,0,0,4,0,40,4,0,40,44,0,0,4,0,40,4,0,40,4,24,6,4,24,6,0,8,30,6,4,12,4,4
4,30,1,0,1,2,unchanged,1,11,1944,1408,1408,1405,1408,1408,1408,1408,11,0,0,3,8,0,3,8,0,11,0,0,0,11,0,0,11,0,11,0,0,0,11,0,0,11,0,0,0,0,0,0,0,0,3,3,1,3,3,1,0
4,30,1,2,1,2,unchanged,1,11,1944,1408,1408,1427,1408,1430,1408,1430,11,0,0,0,0,11,0,0,11,11,0,0,0,0,11,0,0,11,11,0,0,0,0,11,0,0,11,0,0,0,0,0,0,0,3,3,1,3,3,1,0
4,30,1,4,1,2,unchanged,1,11,1944,1408,1408,1449,1408,1452,1408,1452,11,0,0,0,0,11,0,0,11,11,0,0,0,0,11,0,0,11,11,0,0,0,0,11,0,0,11,0,0,0,0,0,0,0,3,3,1,3,3,1,0
4,30,1,8,1,2,unchanged,1,11,1944,1408,1408,1493,1408,1496,1408,1496,11,0,0,0,0,11,0,0,11,11,0,0,0,0,11,0,0,11,11,0,0,0,0,11,0,0,11,0,0,0,0,0,0,0,3,3,1,3,3,1,0
4,30,1,0,1,4,unchanged,0,5,608,616,568,548,616,616,616,616,4,0,1,4,1,0,4,1,0,2,0,3,0,5,0,0,5,0,2,0,3,0,5,0,0,5,0,4,48,16,4,48,16,0,4,68,21,4,68,21,0
4,30,1,2,1,4,unchanged,0,5,608,616,568,558,616,626,616,626,4,0,1,4,0,1,4,0,1,2,0,3,0,0,5,0,0,5,2,0,3,0,0,5,0,0,5,4,48,16,4,48,16,0,4,68,21,4,68,21,0
4,30,1,4,1,4,unchanged,0,5,608,616,568,568,616,636,616,636,4,0,1,4,0,1,4,0,1,2,0,3,0,0,5,0,0,5,2,0,3,0,0,5,0,0,5,4,48,16,4,48,16,0,4,68,21,4,68,21,0
4,30,1,8,1,4,unchanged,0,5,608,616,568,588,616,656,616,656,4,0,1,4,0,1,0,0,5,0,2,3,0,0,5,0,0,5,0,2,3,0,0,5,0,0,5,4,48,16,4,48,16,0,4,68,21,4,68,21,0
4,30,1,0,1,4,one_edit,0,20,2656,2720,2568,2476,2720,2578,2720,2578,16,0,4,20,0,0,20,0,0,10,0,10,6,14,0,6,14,0,10,0,10,6,14,0,6,14,0,16,152,28,16,152,28,0,14,102,9,14,102,9,0
4,30,1,2,1,4,one_edit,0,20,2656,2720,2568,2516,2720,2618,2720,2618,10,0,10,20,0,0,20,0,0,10,0,10,6,0,14,6,0,14,10,0,10,6,0,14,6,0,14,16,152,28,16,152,28,0,14,102,9,14,102,9,0
4,30,1,4,1,4,one_edit,0,20,2656,2720,2568,2556,2720,2658,2720,2658,10,0,10,20,0,0,16,0,4,6,4,10,6,0,14,6,0,14,6,4,10,6,0,14,6,0,14,16,152,28,16,152,28,0,14,102,9,14,102,9,0
4,30,1,8,1,4,one_edit,0,20,2656,2720,2568,2636,2720,2738,2720,2738,10,0,10,12,0,8,0,0,20,6,0,14,6,0,14,6,0,14,6,0,14,6,0,14,6,0,14,16,152,28,16,152,28,0,14,102,9,14,102,9,0
4,30,1,0,1,4,far,0,55,8032,8184,7548,7390,8184,8032,8184,7942,52,0,3,55,0,0,50,5,0,30,0,25,14,41,0,14,41,0,30,0,25,14,41,0,14,41,0,51,636,24,51,636,24,0,51,642,25,41,552,25,10
4,30,1,2,1,4,far,0,55,8032,8184,7548,7500,8184,8142,8184,8052,46,0,9,55,0,0,36,0,19,26,4,25,14,0,41,14,0,41,30,0,25,14,0,41,14,0,41,51,636,24,51,636,24,0,51,642,25,41,552,25,10
4,30,1,4,1,4,far,0,55,8032,8184,7548,7610,8184,8252,8184,8162,45,0,10,55,0,0,18,0,37,16,10,29,14,0,41,14,0,41,20,10,25,14,0,41,14,0,41,51,636,24,51,636,24,0,51,642,25,41,552,25,10
4,30,1,8,1,4,far,0,55,8032,8184,7548,7830,8184,8472,8184,8382,42,3,10,48,0,7,0,0,55,10,6,39,8,0,47,8,0,47,14,6,35,14,0,41,14,0,41,51,636,24,51,636,24,0,51,642,25,41,552,25,10
4,30,1,0,1,4,far,1,121,27168,20952,20736,20632,20952,21232,20952,20908,121,0,0,36,85,0,36,85,0,121,0,0,11,81,29,11,81,29,121,0,0,12,105,4,12,105,4,26,216,20,26,216,20,0,56,600,21,28,276,21,28
4,30,1,2,1,4,far,1,121,27168,20952,20736,20874,20952,21474,20952,21150,121,0,0,29,0,92,24,0,97,121,0,0,8,3,110,8,3,110,121,0,0,12,0,109,12,0,109,26,216,20,26,216,20,0,56,600,21,28,276,21,28
4,30,1,4,1,4,far,1,121,27168,20952,20736,21116,20952,21716,20952,21392,121,0,0,26,0,95,10,0,111,121,0,0,6,0,115,6,0,115,121,0,0,9,0,112,9,0,112,26,216,20,26,216,20,0,56,600,21,28,276,21,28
4,30,1,8,1,4,far,1,121,27168,20952,20736,21600,20952,22200,20952,21876,121,0,0,26,0,95,0,0,121,121,0,0,6,0,115,6,0,115,121,0,0,9,0,112,9,0,112,26,216,20,26,216,20,0,56,600,21,28,276,21,28
4,30,1,0,1,4,one_edit,1,44,10144,7896,7800,7754,7896,7828,7896,7786,44,0,0,12,32,0,12,32,0,44,0,0,6,34,4,6,34,4,44,0,0,6,36,2,6,36,2,6,96,20,6,96,20,0,12,74,12,8,32,8,4
4,30,1,2,1,4,one_edit,1,44,10144,7896,7800,7842,7896,7916,7896,7874,44,0,0,8,0,36,8,0,36,44,0,0,6,0,38,6,0,38,44,0,0,6,0,38,6,0,38,6,96,20,6,96,20,0,12,74,12,8,32,8,4
4,30,1,4,1,4,one_edit,1,44,10144,7896,7800,7930,7896,8004,7896,7962,44,0,0,8,0,36,8,0,36,44,0,0,4,2,38,4,2,38,44,0,0,6,0,38,6,0,38,6,96,20,6,96,20,0,12,74,12,8,32,8,4
4,30,1,8,1,4,one_edit,1,44,10144,7896,7800,8106,7896,8180,7896,8138,44,0,0,6,0,38,0,0,44,44,0,0,4,0,40,4,0,40,44,0,0,6,0,38,6,0,38,6,96,20,6,96,20,0,12,74,12,8,32,8,4
4,30,1,0,1,4,unchanged,1,11,2592,1848,1848,1833,1848,1848,1848,1848,11,0,0,3,8,0,3,8,0,11,0,0,0,11,0,0,11,0,11,0,0,0,11,0,0,11,0,0,0,0,0,0,0,0,3,15,5,3,15,5,0
4,30,1,2,1,4,unchanged,1,11,2592,1848,1848,1855,1848,1870,1848,1870,11,0,0,3,0,8,3,0,8,11,0,0,0,0,11,0,0,11,11,0,0,0,0,11,0,0,11,0,0,0,0,0,0,0,3,15,5,3,15,5,0
4,30,1,4,1,4,unchanged,1,11,2592,1848,1848,1877,1848,1892,1848,1892,11,0,0,3,0,8,3,0,8,11,0,0,0,0,11,0,0,11,11,0,0,0,0,11,0,0,11,0,0,0,0,0,0,0,3,15,5,3,15,5,0
4,30,1,8,1,4,unchanged,1,11,2592,1848,1848,1921,1848,1936,1848,1936,11,0,0,0,0,11,0,0,11,11,0,0,0,0,11,0,0,11,11,0,0,0,0,11,0,0,11,0,0,0,0,0,0,0,3,15,5,3,15,5,0
4,30,1,0,4,1,unchanged,0,5,608,616,568,548,584,548,584,548,4,0,1,4,1,0,4,1,0,4,0,1,4,1,0,4,1,0,4,0,1,4,1,0,4,1,0,2,16,8,2,16,8,0,0,0,0,0,0,0,0
4,30,1,2,4,1,unchanged,0,5,608,616,568,558,584,558,584,558,4,0,1,4,0,1,4,0,1,4,0,1,4,0,1,4,0,1,4,0,1,4,0,1,4,0,1,2,16,8,2,16,8,0,0,0,0,0,0,0,0
4,30,1,4,4,1,unchanged,0,5,608,616,568,568,584,568,584,568,4,0,1,4,0,1,4,0,1,4,0,1,4,0,1,4,0,1,4,0,1,4,0,1,4,0,1,2,16,8,2,16,8,0,0,0,0,0,0,0,0
4,30,1,8,4,1,unchanged,0,5,608,616,568,588,584,588,584,588,4,0,1,4,0,1,0,0,5,4,0,1,4,0,1,2,0,3,4,0,1,4,0,1,2,0,3,2,16,8,2,16,8,0,0,0,0,0,0,0,0
4,30,1,0,4,1,one_edit,0,20,2656,2720,2536,2420,2536,2428,2536,2428,16,0,4,20,0,0,20,0,0,16,0,4,20,0,0,20,0,0,16,0,4,20,0,0,20,0,0,0,0,0,0,0,0,0,2,8,4,2,8,4,0
4,30,1,2,4,1,one_edit,0,20,2656,2720,2536,2460,2536,2468,2536,2468,14,0,6,20,0,0,20,0,0,14,0,6,20,0,0,20,0,0,14,0,6,20,0,0,20,0,0,0,0,0,0,0,0,0,2,8,4,2,8,4,0
4,30,1,4,4,1,one_edit,0,20,2656,2720,2536,2500,2536,2508,2536,2508,14,0,6,20,0,0,16,0,4,12,2,6,20,0,0,14,2,4,12,2,6,20,0,0,14,2,4,0,0,0,0,0,0,0,2,8,4,2,8,4,0
4,30,1,8,4,1,one_edit,0,20,2656,2720,2536,2580,2536,2588,2536,2588,10,4,6,14,0,6,0,8,12,10,2,8,14,0,6,0,6,14,10,2,8,14,0,6,0,6,14,0,0,0,0,0,0,0,2,8,4,2,8,4,0
4,30,1,0,4,1,far,0,55,8032,8184,7420,7178,7484,7182,7484,7182,52,0,3,55,0,0,54,1,0,52,0,3,55,0,0,54,1,0,52,0,3,55,0,0,54,1,0,8,64,8,8,64,8,0,1,4,4,1,4,4,0
4,30,1,2,4,1,far,0,55,8032,8184,7420,7288,7484,7292,7484,7292,50,0,5,55,0,0,40,0,15,50,0,5,55,0,0,42,0,13,50,0,5,55,0,0,42,0,13,8,64,8,8,64,8,0,1,4,4,1,4,4,0
4,30,1,4,4,1,far,0,55,8032,8184,7420,7398,7484,7402,7484,7402,49,0,6,55,0,0,26,8,21,48,1,6,55,0,0,27,9,19,48,1,6,55,0,0,27,9,19,8,64,8,8,64,8,0,1,4,4,1,4,4,0
4,30,1,8,4,1,far,0,55,8032,8184,7420,7618,7484,7622,7484,7622,44,5,6,52,0,3,0,16,39,44,4,7,52,0,3,8,15,32,44,4,7,52,0,3,8,15,32,8,64,8,8,64,8,0,1,4,4,1,4,4,0
4,30,1,0,4,1,far,1,121,27168,20952,20564,20122,20784,20146,20792,20146,121,0,0,96,25,0,96,25,0,121,0,0,96,17,8,100,21,0,121,0,0,96,17,8,100,21,0,55,220,4,57,228,4,6,8,24,4,8,24,4,0
4,30,1,2,4,1,far,1,121,27168,20952,20564,20364,20784,20388,20792,20388,121,0,0,75,18,28,62,26,33,121,0,0,75,18,28,80,12,29,121,0,0,75,18,28,80,12,29,55,220,4,57,228,4,6,8,24,4,8,24,4,0
4,30,1,4,4,1,far,1,121,27168,20952,20564,20606,20784,20630,20792,20630,121,0,0,73,2,46,58,2,61,121,0,0,73,2,46,78,0,43,121,0,0,73,2,46,76,2,43,55,220,4,57,228,4,6,8,24,4,8,24,4,0
4,30,1,8,4,1,far,1,121,27168,20952,20564,21090,20784,21114,20792,21114,121,0,0,41,4,76,0,13,108,121,0,0,41,4,76,27,15,79,121,0,0,41,4,76,31,13,77,55,220,4,57,228,4,6,8,24,4,8,24,4,0
4,30,1,0,4,1,one_edit,1,44,10144,7896,7648,7352,7668,7352,7664,7352,44,0,0,36,8,0,36,8,0,44,0,0,36,8,0,36,8,0,44,0,0,36,8,0,36,8,0,5,20,4,4,16,4,1,0,0,0,0,0,0,0
4,30,1,2,4,1,one_edit,1,44,10144,7896,7648,7440,7668,7440,7664,7440,44,0,0,34,2,8,34,2,8,44,0,0,34,2,8,36,0,8,44,0,0,34,2,8,36,0,8,5,20,4,4,16,4,1,0,0,0,0,0,0,0
4,30,1,4,4,1,one_edit,1,44,10144,7896,7648,7528,7668,7528,7664,7528,44,0,0,32,2,10,32,2,10,44,0,0,32,2,10,35,1,8,44,0,0,32,2,10,34,2,8,5,20,4,4,16,4,1,0,0,0,0,0,0,0
4,30,1,8,4,1,one_edit,1,44,10144,7896,7648,7704,7668,7704,7664,7704,44,0,0,26,4,14,22,4,18,44,0,0,26,4,14,24,5,15,44,0,0,26,4,14,24,4,16,5,20,4,4,16,4,1,0,0,0,0,0,0,0
4,30,1,0,4,1,unchanged,1,11,2592,1848,1848,1833,1848,1833,1848,1833,11,0,0,3,8,0,3,8,0,11,0,0,3,8,0,3,8,0,11,0,0,3,8,0,3,8,0,0,0,0,0,0,0,0,0,0,0,0,0,0,0
4,30,1,2,4,1,unchanged,1,11,2592,1848,1848,1855,1848,1855,1848,1855,11,0,0,3,0,8,3,0,8,11,0,0,3,0,8,3,0,8,11,0,0,3,0,8,3,0,8,0,0,0,0,0,0,0,0,0,0,0,0,0,0
4,30,1,4,4,1,unchanged,1,11,2592,1848,1848,1877,1848,1877,1848,1877,11,0,0,3,0,8,3,0,8,11,0,0,3,0,8,3,0,8,11,0,0,3,0,8,3,0,8,0,0,0,0,0,0,0,0,0,0,0,0,0,0
4,30,1,8,4,1,unchanged,1,11,2592,1848,1848,1921,1848,1921,1848,1921,11,0,0,0,0,11,0,0,11,11,0,0,0,0,11,0,0,11,11,0,0,0,0,11,0,0,11,0,0,0,0,0,0,0,0,0,0,0,0,0,0
4,30,1,0,4,2,unchanged,0,5,912,904,776,756,824,756,824,756,4,0,1,4,1,0,4,1,0,4,0,1,4,1,0,4,1,0,4,0,1,4,1,0,4,1,0,2,48,24,2,48,24,0,0,0,0,0,0,0,0
4,30,1,2,4,2,unchanged,0,5,912,904,776,766,824,766,824,766,4,0,1,4,0,1,4,0,1,4,0,1,4,0,1,4,0,1,4,0,1,4,0,1,4,0,1,2,48,24,2,48,24,0,0,0,0,0,0,0,0
4,30,1,4,4,2,unchanged,0,5,912,904,776,776,824,776,824,776,4,0,1,4,0,1,4,0,1,4,0,1,4,0,1,4,0,1,4,0,1,4,0,1,4,0,1,2,48,24,2,48,24,0,0,0,0,0,0,0,0
4,30,1,8,4,2,unchanged,0,5,912,904,776,796,824,796,824,796,4,0,1,4,0,1,0,0,5,4,0,1,4,0,1,2,0,3,4,0,1,4,0,1,2,0,3,2,48,24,2,48,24,0,0,0,0,0,0,0,0
4,30,1,0,4,2,one_edit,0,20,4096,4128,3632,3476,3680,3484,3680,3484,20,0,0,20,0,0,20,0,0,20,0,0,20,0,0,20,0,0,20,0,0,20,0,0,20,0,0,10,48,8,10,48,8,0,2,8,4,2,8,4,0
4,30,1,2,4,2,one_edit,0,20,4096,4128,3632,3516,3680,3524,3680,3524,20,0,0,20,0,0,20,0,0,20,0,0,20,0,0,20,0,0,20,0,0,20,0,0,20,0,0,10,48,8,10,48,8,0,2,8,4,2,8,4,0
4,30,1,4,4,2,one_edit,0,20,4096,4128,3632,3556,3680,3564,3680,3564,20,0,0,20,0,0,16,0,4,20,0,0,20,0,0,16,0,4,20,0,0,20,0,0,16,0,4,10,48,8,10,48,8,0,2,8,4,2,8,4,0
4,30,1,8,4,2,one_edit,0,20,4096,4128,3632,3636,3680,3644,3680,3644,20,0,0,20,0,0,8,0,12,20,0,0,20,0,0,10,0,10,20,0,0,20,0,0,10,0,10,10,48,8,10,48,8,0,2,8,4,2,8,4,0
4,30,1,0,4,2,far,0,55,12720,12760,10920,10558,11208,10586,11208,10586,55,0,0,55,0,0,54,1,0,55,0,0,55,0,0,54,1,0,55,0,0,55,0,0,54,1,0,40,288,24,40,288,24,0,9,28,4,9,28,4,0
4,30,1,2,4,2,far,0,55,12720,12760,10920,10668,11208,10696,11208,10696,55,0,0,55,0,0,40,0,15,55,0,0,55,0,0,44,0,11,55,0,0,55,0,0,44,0,11,40,288,24,40,288,24,0,9,28,4,9,28,4,0
4,30,1,4,4,2,far,0,55,12720,12760,10920,10778,11208,10806,11208,10806,55,0,0,55,0,0,32,2,21,55,0,0,55,0,0,36,0,19,55,0,0,55,0,0,36,0,19,40,288,24,40,288,24,0,9,28,4,9,28,4,0
4,30,1,8,4,2,far,0,55,12720,12760,10920,10998,11208,11026,11208,11026,55,0,0,55,0,0,18,0,37,55,0,0,55,0,0,32,0,23,55,0,0,55,0,0,32,0,23,40,288,24,40,288,24,0,9,28,4,9,28,4,0
4,30,1,0,4,2,far,1,121,40080,31256,30308,29479,30832,29530,30880,29530,121,0,0,96,25,0,95,26,0,121,0,0,96,17,8,99,21,1,121,0,0,96,17,8,99,21,1,72,524,16,74,572,16,6,9,51,8,9,51,8,0
4,30,1,2,4,2,far,1,121,40080,31256,30308,29721,30832,29772,30880,29772,121,0,0,96,0,25,91,0,30,121,0,0,96,0,25,95,0,26,121,0,0,96,0,25,95,0,26,72,524,16,74,572,16,6,9,51,8,9,51,8,0
4,30,1,4,4,2,far,1,121,40080,31256,30308,29963,30832,30014,30880,30014,121,0,0,78,18,25,63,26,32,121,0,0,78,18,25,81,12,28,121,0,0,78,18,25,81,12,28,72,524,16,74,572,16,6,9,51,8,9,51,8,0
4,30,1,8,4,2,far,1,121,40080,31256,30308,30447,30832,30498,30880,30498,121,0,0,75,0,46,54,0,67,121,0,0,75,0,46,74,0,47,121,0,0,75,0,46,78,0,43,72,524,16,74,572,16,6,9,51,8,9,51,8,0
4,30,1,0,4,2,one_edit,1,44,15104,11920,11368,10808,11432,10808,11424,10808,44,0,0,36,8,0,36,8,0,44,0,0,36,8,0,36,8,0,44,0,0,36,8,0,36,8,0,11,64,8,10,56,8,1,0,0,0,0,0,0,0
4,30,1,2,4,2,one_edit,1,44,15104,11920,11368,10896,11432,10896,11424,10896,44,0,0,36,0,8,36,0,8,44,0,0,36,0,8,36,0,8,44,0,0,36,0,8,36,0,8,11,64,8,10,56,8,1,0,0,0,0,0,0,0
4,30,1,4,4,2,one_edit,1,44,15104,11920,11368,10984,11432,10984,11424,10984,44,0,0,34,2,8,34,2,8,44,0,0,34,2,8,36,0,8,44,0,0,34,2,8,36,0,8,11,64,8,10,56,8,1,0,0,0,0,0,0,0
4,30,1,8,4,2,one_edit,1,44,15104,11920,11368,11160,11432,11160,11424,11160,44,0,0,34,0,10,30,0,14,44,0,0,34,0,10,32,0,12,44,0,0,34,0,10,32,0,12,11,64,8,10,56,8,1,0,0,0,0,0,0,0
4,30,1,0,4,2,unchanged,1,11,3888,2728,2704,2689,2728,2689,2728,2689,11,0,0,3,8,0,3,8,0,11,0,0,3,8,0,3,8,0,11,0,0,3,8,0,3,8,0,3,24,8,3,24,8,0,0,0,0,0,0,0,0
4,30,1,2,4,2,unchanged,1,11,3888,2728,2704,2711,2728,2711,2728,2711,11,0,0,3,0,8,3,0,8,11,0,0,3,0,8,3,0,8,11,0,0,3,0,8,3,0,8,3,24,8,3,24,8,0,0,0,0,0,0,0,0
4,30,1,4,4,2,unchanged,1,11,3888,2728,2704,2733,2728,2733,2728,2733,11,0,0,3,0,8,3,0,8,11,0,0,3,0,8,3,0,8,11,0,0,3,0,8,3,0,8,3,24,8,3,24,8,0,0,0,0,0,0,0,0
4,30,1,8,4,2,unchanged,1,11,3888,2728,2704,2777,2728,2777,2728,2777,11,0,0,3,0,8,0,0,11,11,0,0,3,0,8,3,0,8,11,0,0,3,0,8,3,0,8,3,24,8,3,24,8,0,0,0,0,0,0,0,0
4,30,1,0,4,4,unchanged,0,5,1520,1480,1192,1172,1304,1172,1304,1172,4,0,1,4,1,0,4,1,0,4,0,1,4,1,0,4,1,0,4,0,1,4,1,0,4,1,0,2,112,56,2,112,56,0,0,0,0,0,0,0,0
4,30,1,2,4,4,unchanged,0,5,1520,1480,1192,1182,1304,1182,1304,1182,4,0,1,4,0,1,4,0,1,4,0,1,4,0,1,4,0,1,4,0,1,4,0,1,4,0,1,2,112,56,2,112,56,0,0,0,0,0,0,0,0
4,30,1,4,4,4,unchanged,0,5,1520,1480,1192,1192,1304,1192,1304,1192,4,0,1,4,0,1,4,0,1,4,0,1,4,0,1,4,0,1,4,0,1,4,0,1,4,0,1,2,112,56,2,112,56,0,0,0,0,0,0,0,0
4,30,1,8,4,4,unchanged,0,5,1520,1480,1192,1212,1304,1212,1304,1212,4,0,1,4,0,1,0,0,5,4,0,1,4,0,1,2,0,3,4,0,1,4,0,1,2,0,3,2,112,56,2,112,56,0,0,0,0,0,0,0,0
4,30,1,0,4,4,one_edit,0,20,6976,6944,5824,5588,5968,5596,5968,5596,20,0,0,20,0,0,20,0,0,20,0,0,20,0,0,20,0,0,20,0,0,20,0,0,20,0,0,10,144,24,10,144,24,0,2,8,4,2,8,4,0
4,30,1,2,4,4,one_edit,0,20,6976,6944,5824,5628,5968,5636,5968,5636,20,0,0,20,0,0,20,0,0,20,0,0,20,0,0,20,0,0,20,0,0,20,0,0,20,0,0,10,144,24,10,144,24,0,2,8,4,2,8,4,0
4,30,1,4,4,4,one_edit,0,20,6976,6944,5824,5668,5968,5676,5968,5676,20,0,0,20,0,0,16,0,4,20,0,0,20,0,0,16,0,4,20,0,0,20,0,0,16,0,4,10,144,24,10,144,24,0,2,8,4,2,8,4,0
4,30,1,8,4,4,one_edit,0,20,6976,6944,5824,5748,5968,5756,5968,5756,20,0,0,20,0,0,8,0,12,20,0,0,20,0,0,10,0,10,20,0,0,20,0,0,10,0,10,10,144,24,10,144,24,0,2,8,4,2,8,4,0
4,30,1,0,4,4,far,0,55,22096,21912,17920,17318,18656,17394,18656,17394,55,0,0,55,0,0,54,1,0,55,0,0,55,0,0,54,1,0,55,0,0,55,0,0,54,1,0,40,736,56,40,736,56,0,9,76,12,9,76,12,0
4,30,1,2,4,4,far,0,55,22096,21912,17920,17428,18656,17504,18656,17504,55,0,0,55,0,0,40,0,15,55,0,0,55,0,0,44,0,11,55,0,0,55,0,0,44,0,11,40,736,56,40,736,56,0,9,76,12,9,76,12,0
4,30,1,4,4,4,far,0,55,22096,21912,17920,17538,18656,17614,18656,17614,55,0,0,55,0,0,32,2,21,55,0,0,55,0,0,38,0,17,55,0,0,55,0,0,38,0,17,40,736,56,40,736,56,0,9,76,12,9,76,12,0
4,30,1,8,4,4,far,0,55,22096,21912,17920,17758,18656,17834,18656,17834,55,0,0,55,0,0,24,0,31,55,0,0,55,0,0,34,0,21,55,0,0,55,0,0,34,0,21,40,736,56,40,736,56,0,9,76,12,9,76,12,0
4,30,1,0,4,4,far,1,121,65904,51864,49772,48191,50928,48298,51056,48298,121,0,0,96,25,0,95,26,0,121,0,0,96,17,8,99,21,1,121,0,0,96,17,8,99,21,1,75,1156,40,77,1284,40,6,9,107,16,9,107,16,0
4,30,1,2,4,4,far,1,121,65904,51864,49772,48433,50928,48540,51056,48540,121,0,0,96,0,25,91,0,30,121,0,0,96,0,25,95,0,26,121,0,0,96,0,25,95,0,26,75,1156,40,77,1284,40,6,9,107,16,9,107,16,0
4,30,1,4,4,4,far,1,121,65904,51864,49772,48675,50928,48782,51056,48782,121,0,0,96,0,25,89,0,32,121,0,0,96,0,25,93,0,28,121,0,0,96,0,25,93,0,28,75,1156,40,77,1284,40,6,9,107,16,9,107,16,0
4,30,1,8,4,4,far,1,121,65904,51864,49772,49159,50928,49266,51056,49266,121,0,0,78,18,25,54,26,41,121,0,0,78,18,25,77,12,32,121,0,0,78,18,25,81,12,28,75,1156,40,77,1284,40,6,9,107,16,9,107,16,0
4,30,1,0,4,4,one_edit,1,44,25024,19968,18808,17720,18960,17720,18944,17720,44,0,0,36,8,0,36,8,0,44,0,0,36,8,0,36,8,0,44,0,0,36,8,0,36,8,0,11,152,16,10,136,16,1,0,0,0,0,0,0,0
4,30,1,2,4,4,one_edit,1,44,25024,19968,18808,17808,18960,17808,18944,17808,44,0,0,36,0,8,36,0,8,44,0,0,36,0,8,36,0,8,44,0,0,36,0,8,36,0,8,11,152,16,10,136,16,1,0,0,0,0,0,0,0
4,30,1,4,4,4,one_edit,1,44,25024,19968,18808,17896,18960,17896,18944,17896,44,0,0,36,0,8,36,0,8,44,0,0,36,0,8,36,0,8,44,0,0,36,0,8,36,0,8,11,152,16,10,136,16,1,0,0,0,0,0,0,0
4,30,1,8,4,4,one_edit,1,44,25024,19968,18808,18072,18960,18072,18944,18072,44,0,0,34,2,8,30,2,12,44,0,0,34,2,8,32,0,12,44,0,0,34,2,8,32,0,12,11,152,16,10,136,16,1,0,0,0,0,0,0,0
4,30,1,0,4,4,unchanged,1,11,6480,4488,4416,4401,4488,4401,4488,4401,11,0,0,3,8,0,3,8,0,11,0,0,3,8,0,3,8,0,11,0,0,3,8,0,3,8,0,3,72,24,3,72,24,0,0,0,0,0,0,0,0
4,30,1,2,4,4,unchanged,1,11,6480,4488,4416,4423,4488,4423,4488,4423,11,0,0,3,0,8,3,0,8,11,0,0,3,0,8,3,0,8,11,0,0,3,0,8,3,0,8,3,72,24,3,72,24,0,0,0,0,0,0,0,0
4,30,1,4,4,4,unchanged,1,11,6480,4488,4416,4445,4488,4445,4488,4445,11,0,0,3,0,8,3,0,8,11,0,0,3,0,8,3,0,8,11,0,0,3,0,8,3,0,8,3,72,24,3,72,24,0,0,0,0,0,0,0,0
4,30,1,8,4,4,unchanged,1,11,6480,4488,4416,4489,4488,4489,4488,4489,11,0,0,3,0,8,0,0,11,11,0,0,3,0,8,3,0,8,11,0,0,3,0,8,3,0,8,3,72,24,3,72,24,0,0,0,0,0,0,0,0
4,30,1,0,16,1,unchanged,0,5,1520,1480,1192,1172,1192,1172,1192,1172,4,0,1,4,1,0,4,1,0,4,0,1,4,1,0,4,1,0,4,0,1,4,1,0,4,1,0,0,0,0,0,0,0,0,0,0,0,0,0,0,0
4,30,1,2,16,1,unchanged,0,5,1520,1480,1192,1182,1192,1182,1192,1182,4,0,1,4,0,1,4,0,1,4,0,1,4,0,1,4,0,1,4,0,1,4,0,1,4,0,1,0,0,0,0,0,0,0,0,0,0,0,0,0,0
4,30,1,4,16,1,unchanged,0,5,1520,1480,1192,1192,1192,1192,1192,1192,4,0,1,4,0,1,4,0,1,4,0,1,4,0,1,4,0,1,4,0,1,4,0,1,4,0,1,0,0,0,0,0,0,0,0,0,0,0,0,0,0
4,30,1,8,16,1,unchanged,0,5,1520,1480,1192,1212,1192,1212,1192,1212,4,0,1,4,0,1,0,0,5,4,0,1,4,0,1,0,0,5,4,0,1,4,0,1,0,0,5,0,0,0,0,0,0,0,0,0,0,0,0,0,0
4,30,1,0,16,1,one_edit,0,20,6976,6944,5536,5420,5536,5428,5536,5428,20,0,0,20,0,0,20,0,0,20,0,0,20,0,0,20,0,0,20,0,0,20,0,0,20,0,0,0,0,0,0,0,0,0,2,8,4,2,8,4,0
4,30,1,2,16,1,one_edit,0,20,6976,6944,5536,5460,5536,5468,5536,5468,20,0,0,20,0,0,20,0,0,20,0,0,20,0,0,20,0,0,20,0,0,20,0,0,20,0,0,0,0,0,0,0,0,0,2,8,4,2,8,4,0
4,30,1,4,16,1,one_edit,0,20,6976,6944,5536,5500,5536,5508,5536,5508,20,0,0,20,0,0,16,0,4,20,0,0,20,0,0,14,2,4,20,0,0,20,0,0,14,2,4,0,0,0,0,0,0,0,2,8,4,2,8,4,0
4,30,1,8,16,1,one_edit,0,20,6976,6944,5536,5580,5536,5588,5536,5588,20,0,0,20,0,0,0,8,12,20,0,0,20,0,0,0,6,14,20,0,0,20,0,0,0,6,14,0,0,0,0,0,0,0,2,8,4,2,8,4,0
4,30,1,0,16,1,far,0,55,22096,21912,16768,16526,16784,16530,16784,16530,55,0,0,55,0,0,54,1,0,55,0,0,55,0,0,54,1,0,55,0,0,55,0,0,54,1,0,2,16,8,2,16,8,0,1,4,4,1,4,4,0
4,30,1,2,16,1,far,0,55,22096,21912,16768,16636,16784,16640,16784,16640,55,0,0,55,0,0,40,0,15,55,0,0,55,0,0,40,0,15,55,0,0,55,0,0,40,0,15,2,16,8,2,16,8,0,1,4,4,1,4,4,0
4,30,1,4,16,1,far,0,55,22096,21912,16768,16746,16784,16750,16784,16750,55,0,0,55,0,0,26,8,21,55,0,0,55,0,0,25,9,21,55,0,0,55,0,0,25,9,21,2,16,8,2,16,8,0,1,4,4,1,4,4,0
4,30,1,8,16,1,far,0,55,22096,21912,16768,16966,16784,16970,16784,16970,55,0,0,55,0,0,0,16,39,55,0,0,55,0,0,2,15,38,55,0,0,55,0,0,2,15,38,2,16,8,2,16,8,0,1,4,4,1,4,4,0
4,30,1,0,16,1,far,1,121,65904,51864,46584,45937,46584,45937,46584,45937,121,0,0,106,15,0,101,20,0,121,0,0,106,15,0,101,20,0,121,0,0,106,15,0,101,20,0,0,0,0,0,0,0,0,0,0,0,0,0,0,0
4,30,1,2,16,1,far,1,121,65904,51864,46584,46179,46584,46179,46584,46179,121,0,0,104,2,15,83,16,22,121,0,0,104,2,15,83,16,22,121,0,0,104,2,15,83,16,22,0,0,0,0,0,0,0,0,0,0,0,0,0,0
4,30,1,4,16,1,far,1,121,65904,51864,46584,46421,46584,46421,46584,46421,121,0,0,104,0,17,81,0,40,121,0,0,104,0,17,81,0,40,121,0,0,104,0,17,81,0,40,0,0,0,0,0,0,0,0,0,0,0,0,0,0
4,30,1,8,16,1,far,1,121,65904,51864,46584,46905,46584,46905,46584,46905,121,0,0,104,0,17,25,15,81,121,0,0,104,0,17,25,15,81,121,0,0,104,0,17,25,15,81,0,0,0,0,0,0,0,0,0,0,0,0,0,0
4,30,1,0,16,1,one_edit,1,44,25024,19968,17440,17120,17440,17120,17440,17120,44,0,0,36,8,0,36,8,0,44,0,0,36,8,0,36,8,0,44,0,0,36,8,0,36,8,0,0,0,0,0,0,0,0,0,0,0,0,0,0,0
4,30,1,2,16,1,one_edit,1,44,25024,19968,17440,17208,17440,17208,17440,17208,44,0,0,36,0,8,36,0,8,44,0,0,36,0,8,36,0,8,44,0,0,36,0,8,36,0,8,0,0,0,0,0,0,0,0,0,0,0,0,0,0
4,30,1,4,16,1,one_edit,1,44,25024,19968,17440,17296,17440,17296,17440,17296,44,0,0,36,0,8,36,0,8,44,0,0,36,0,8,36,0,8,44,0,0,36,0,8,36,0,8,0,0,0,0,0,0,0,0,0,0,0,0,0,0
4,30,1,8,16,1,one_edit,1,44,25024,19968,17440,17472,17440,17472,17440,17472,44,0,0,36,0,8,24,6,14,44,0,0,36,0,8,24,6,14,44,0,0,36,0,8,24,6,14,0,0,0,0,0,0,0,0,0,0,0,0,0,0
4,30,1,0,16,1,unchanged,1,11,6480,4488,4416,4401,4416,4401,4416,4401,11,0,0,3,8,0,3,8,0,11,0,0,3,8,0,3,8,0,11,0,0,3,8,0,3,8,0,0,0,0,0,0,0,0,0,0,0,0,0,0,0
4,30,1,2,16,1,unchanged,1,11,6480,4488,4416,4423,4416,4423,4416,4423,11,0,0,3,0,8,3,0,8,11,0,0,3,0,8,3,0,8,11,0,0,3,0,8,3,0,8,0,0,0,0,0,0,0,0,0,0,0,0,0,0
4,30,1,4,16,1,unchanged,1,11,6480,4488,4416,4445,4416,4445,4416,4445,11,0,0,3,0,8,3,0,8,11,0,0,3,0,8,3,0,8,11,0,0,3,0,8,3,0,8,0,0,0,0,0,0,0,0,0,0,0,0,0,0
4,30,1,8,16,1,unchanged,1,11,6480,4488,4416,4489,4416,4489,4416,4489,11,0,0,3,0,8,0,0,11,11,0,0,3,0,8,0,0,11,11,0,0,3,0,8,0,0,11,0,0,0,0,0,0,0,0,0,0,0,0,0,0
4,30,1,0,16,2,unchanged,0,5,2736,2632,2024,2004,2024,2004,2024,2004,4,0,1,4,1,0,4,1,0,4,0,1,4,1,0,4,1,0,4,0,1,4,1,0,4,1,0,0,0,0,0,0,0,0,0,0,0,0,0,0,0
4,30,1,2,16,2,unchanged,0,5,2736,2632,2024,2014,2024,2014,2024,2014,4,0,1,4,0,1,4,0,1,4,0,1,4,0,1,4,0,1,4,0,1,4,0,1,4,0,1,0,0,0,0,0,0,0,0,0,0,0,0,0,0
4,30,1,4,16,2,unchanged,0,5,2736,2632,2024,2024,2024,2024,2024,2024,4,0,1,4,0,1,4,0,1,4,0,1,4,0,1,4,0,1,4,0,1,4,0,1,4,0,1,0,0,0,0,0,0,0,0,0,0,0,0,0,0
4,30,1,8,16,2,unchanged,0,5,2736,2632,2024,2044,2024,2044,2024,2044,4,0,1,4,0,1,0,0,5,4,0,1,4,0,1,0,0,5,4,0,1,4,0,1,0,0,5,0,0,0,0,0,0,0,0,0,0,0,0,0,0
4,30,1,0,16,2,one_edit,0,20,12736,12576,9664,9476,9664,9484,9664,9484,20,0,0,20,0,0,20,0,0,20,0,0,20,0,0,20,0,0,20,0,0,20,0,0,20,0,0,0,0,0,0,0,0,0,2,8,4,2,8,4,0
4,30,1,2,16,2,one_edit,0,20,12736,12576,9664,9516,9664,9524,9664,9524,20,0,0,20,0,0,20,0,0,20,0,0,20,0,0,20,0,0,20,0,0,20,0,0,20,0,0,0,0,0,0,0,0,0,2,8,4,2,8,4,0
4,30,1,4,16,2,one_edit,0,20,12736,12576,9664,9556,9664,9564,9664,9564,20,0,0,20,0,0,16,0,4,20,0,0,20,0,0,16,0,4,20,0,0,20,0,0,16,0,4,0,0,0,0,0,0,0,2,8,4,2,8,4,0
4,30,1,8,16,2,one_edit,0,20,12736,12576,9664,9636,9664,9644,9664,9644,20,0,0,20,0,0,8,0,12,20,0,0,20,0,0,8,0,12,20,0,0,20,0,0,8,0,12,0,0,0,0,0,0,0,2,8,4,2,8,4,0
4,30,1,0,16,2,far,0,55,40848,40216,29744,29278,29760,29282,29760,29282,55,0,0,55,0,0,54,1,0,55,0,0,55,0,0,54,1,0,55,0,0,55,0,0,54,1,0,2,16,8,2,16,8,0,1,4,4,1,4,4,0
4,30,1,2,16,2,far,0,55,40848,40216,29744,29388,29760,29392,29760,29392,55,0,0,55,0,0,42,0,13,55,0,0,55,0,0,42,0,13,55,0,0,55,0,0,42,0,13,2,16,8,2,16,8,0,1,4,4,1,4,4,0
4,30,1,4,16,2,far,0,55,40848,40216,29744,29498,29760,29502,29760,29502,55,0,0,55,0,0,34,0,21,55,0,0,55,0,0,34,0,21,55,0,0,55,0,0,34,0,21,2,16,8,2,16,8,0,1,4,4,1,4,4,0
4,30,1,8,16,2,far,0,55,40848,40216,29744,29718,29760,29722,29760,29722,55,0,0,55,0,0,24,0,31,55,0,0,55,0,0,26,0,29,55,0,0,55,0,0,26,0,29,2,16,8,2,16,8,0,1,4,4,1,4,4,0
4,30,1,0,16,2,far,1,121,117552,93080,82408,81121,82408,81121,82408,81121,121,0,0,106,15,0,101,20,0,121,0,0,106,15,0,101,20,0,121,0,0,106,15,0,101,20,0,0,0,0,0,0,0,0,0,0,0,0,0,0,0
4,30,1,2,16,2,far,1,121,117552,93080,82408,81363,82408,81363,82408,81363,121,0,0,106,0,15,99,0,22,121,0,0,106,0,15,99,0,22,121,0,0,106,0,15,99,0,22,0,0,0,0,0,0,0,0,0,0,0,0,0,0
4,30,1,4,16,2,far,1,121,117552,93080,82408,81605,82408,81605,82408,81605,121,0,0,104,2,15,81,16,24,121,0,0,104,2,15,81,16,24,121,0,0,104,2,15,81,16,24,0,0,0,0,0,0,0,0,0,0,0,0,0,0
4,30,1,8,16,2,far,1,121,117552,93080,82408,82089,82408,82089,82408,82089,121,0,0,104,0,17,72,0,49,121,0,0,104,0,17,72,0,49,121,0,0,104,0,17,72,0,49,0,0,0,0,0,0,0,0,0,0,0,0,0,0
4,30,1,0,16,2,one_edit,1,44,44864,36064,30976,30344,30976,30344,30976,30344,44,0,0,36,8,0,36,8,0,44,0,0,36,8,0,36,8,0,44,0,0,36,8,0,36,8,0,0,0,0,0,0,0,0,0,0,0,0,0,0,0
4,30,1,2,16,2,one_edit,1,44,44864,36064,30976,30432,30976,30432,30976,30432,44,0,0,36,0,8,36,0,8,44,0,0,36,0,8,36,0,8,44,0,0,36,0,8,36,0,8,0,0,0,0,0,0,0,0,0,0,0,0,0,0
4,30,1,4,16,2,one_edit,1,44,44864,36064,30976,30520,30976,30520,30976,30520,44,0,0,36,0,8,36,0,8,44,0,0,36,0,8,36,0,8,44,0,0,36,0,8,36,0,8,0,0,0,0,0,0,0,0,0,0,0,0,0,0
4,30,1,8,16,2,one_edit,1,44,44864,36064,30976,30696,30976,30696,30976,30696,44,0,0,36,0,8,32,0,12,44,0,0,36,0,8,32,0,12,44,0,0,36,0,8,32,0,12,0,0,0,0,0,0,0,0,0,0,0,0,0,0
4,30,1,0,16,2,unchanged,1,11,11664,8008,7840,7825,7840,7825,7840,7825,11,0,0,3,8,0,3,8,0,11,0,0,3,8,0,3,8,0,11,0,0,3,8,0,3,8,0,0,0,0,0,0,0,0,0,0,0,0,0,0,0
4,30,1,2,16,2,unchanged,1,11,11664,8008,7840,7847,7840,7847,7840,7847,11,0,0,3,0,8,3,0,8,11,0,0,3,0,8,3,0,8,11,0,0,3,0,8,3,0,8,0,0,0,0,0,0,0,0,0,0,0,0,0,0
4,30,1,4,16,2,unchanged,1,11,11664,8008,7840,7869,7840,7869,7840,7869,11,0,0,3,0,8,3,0,8,11,0,0,3,0,8,3,0,8,11,0,0,3,0,8,3,0,8,0,0,0,0,0,0,0,0,0,0,0,0,0,0
4,30,1,8,16,2,unchanged,1,11,11664,8008,7840,7913,7840,7913,7840,7913,11,0,0,3,0,8,0,0,11,11,0,0,3,0,8,0,0,11,11,0,0,3,0,8,0,0,11,0,0,0,0,0,0,0,0,0,0,0,0,0,0
4,30,1,0,16,4,unchanged,0,5,5168,4936,3688,3668,3688,3668,3688,3668,4,0,1,4,1,0,4,1,0,4,0,1,4,1,0,4,1,0,4,0,1,4,1,0,4,1,0,0,0,0,0,0,0,0,0,0,0,0,0,0,0
4,30,1,2,16,4,unchanged,0,5,5168,4936,3688,3678,3688,3678,3688,3678,4,0,1,4,0,1,4,0,1,4,0,1,4,0,1,4,0,1,4,0,1,4,0,1,4,0,1,0,0,0,0,0,0,0,0,0,0,0,0,0,0
4,30,1,4,16,4,unchanged,0,5,5168,4936,3688,3688,3688,3688,3688,3688,4,0,1,4,0,1,4,0,1,4,0,1,4,0,1,4,0,1,4,0,1,4,0,1,4,0,1,0,0,0,0,0,0,0,0,0,0,0,0,0,0
4,30,1,8,16,4,unchanged,0,5,5168,4936,3688,3708,3688,3708,3688,3708,4,0,1,4,0,1,0,0,5,4,0,1,4,0,1,0,0,5,4,0,1,4,0,1,0,0,5,0,0,0,0,0,0,0,0,0,0,0,0,0,0
4,30,1,0,16,4,one_edit,0,20,24256,23840,17920,17588,17920,17596,17920,17596,20,0,0,20,0,0,20,0,0,20,0,0,20,0,0,20,0,0,20,0,0,20,0,0,20,0,0,0,0,0,0,0,0,0,2,8,4,2,8,4,0
4,30,1,2,16,4,one_edit,0,20,24256,23840,17920,17628,17920,17636,17920,17636,20,0,0,20,0,0,20,0,0,20,0,0,20,0,0,20,0,0,20,0,0,20,0,0,20,0,0,0,0,0,0,0,0,0,2,8,4,2,8,4,0
4,30,1,4,16,4,one_edit,0,20,24256,23840,17920,17668,17920,17676,17920,17676,20,0,0,20,0,0,16,0,4,20,0,0,20,0,0,16,0,4,20,0,0,20,0,0,16,0,4,0,0,0,0,0,0,0,2,8,4,2,8,4,0
4,30,1,8,16,4,one_edit,0,20,24256,23840,17920,17748,17920,17756,17920,17756,20,0,0,20,0,0,8,0,12,20,0,0,20,0,0,8,0,12,20,0,0,20,0,0,8,0,12,0,0,0,0,0,0,0,2,8,4,2,8,4,0
4,30,1,0,16,4,far,0,55,78352,76824,55696,54782,55712,54786,55712,54786,55,0,0,55,0,0,54,1,0,55,0,0,55,0,0,54,1,0,55,0,0,55,0,0,54,1,0,2,16,8,2,16,8,0,1,4,4,1,4,4,0
4,30,1,2,16,4,far,0,55,78352,76824,55696,54892,55712,54896,55712,54896,55,0,0,55,0,0,42,0,13,55,0,0,55,0,0,42,0,13,55,0,0,55,0,0,42,0,13,2,16,8,2,16,8,0,1,4,4,1,4,4,0
4,30,1,4,16,4,far,0,55,78352,76824,55696,55002,55712,55006,55712,55006,55,0,0,55,0,0,36,0,19,55,0,0,55,0,0,36,0,19,55,0,0,55,0,0,36,0,19,2,16,8,2,16,8,0,1,4,4,1,4,4,0
4,30,1,8,16,4,far,0,55,78352,76824,55696,55222,55712,55226,55712,55226,55,0,0,55,0,0,26,0,29,55,0,0,55,0,0,28,0,27,55,0,0,55,0,0,28,0,27,2,16,8,2,16,8,0,1,4,4,1,4,4,0
4,30,1,0,16,4,far,1,121,220848,175512,154056,151489,154056,151489,154056,151489,121,0,0,106,15,0,101,20,0,121,0,0,106,15,0,101,20,0,121,0,0,106,15,0,101,20,0,0,0,0,0,0,0,0,0,0,0,0,0,0,0
4,30,1,2,16,4,far,1,121,220848,175512,154056,151731,154056,151731,154056,151731,121,0,0,106,0,15,99,0,22,121,0,0,106,0,15,99,0,22,121,0,0,106,0,15,99,0,22,0,0,0,0,0,0,0,0,0,0,0,0,0,0
4,30,1,4,16,4,far,1,121,220848,175512,154056,151973,154056,151973,154056,151973,121,0,0,106,0,15,97,0,24,121,0,0,106,0,15,97,0,24,121,0,0,106,0,15,97,0,24,0,0,0,0,0,0,0,0,0,0,0,0,0,0
4,30,1,8,16,4,far,1,121,220848,175512,154056,152457,154056,152457,154056,152457,121,0,0,104,2,15,72,16,33,121,0,0,104,2,15,72,16,33,121,0,0,104,2,15,72,16,33,0,0,0,0,0,0,0,0,0,0,0,0,0,0
4,30,1,0,16,4,one_edit,1,44,84544,68256,58048,56792,58048,56792,58048,56792,44,0,0,36,8,0,36,8,0,44,0,0,36,8,0,36,8,0,44,0,0,36,8,0,36,8,0,0,0,0,0,0,0,0,0,0,0,0,0,0,0
4,30,1,2,16,4,one_edit,1,44,84544,68256,58048,56880,58048,56880,58048,56880,44,0,0,36,0,8,36,0,8,44,0,0,36,0,8,36,0,8,44,0,0,36,0,8,36,0,8,0,0,0,0,0,0,0,0,0,0,0,0,0,0
4,30,1,4,16,4,one_edit,1,44,84544,68256,58048,56968,58048,56968,58048,56968,44,0,0,36,0,8,36,0,8,44,0,0,36,0,8,36,0,8,44,0,0,36,0,8,36,0,8,0,0,0,0,0,0,0,0,0,0,0,0,0,0
4,30,1,8,16,4,one_edit,1,44,84544,68256,58048,57144,58048,57144,58048,57144,44,0,0,36,0,8,32,0,12,44,0,0,36,0,8,32,0,12,44,0,0,36,0,8,32,0,12,0,0,0,0,0,0,0,0,0,0,0,0,0,0
4,30,1,0,16,4,unchanged,1,11,22032,15048,14688,14673,14688,14673,14688,14673,11,0,0,3,8,0,3,8,0,11,0,0,3,8,0,3,8,0,11,0,0,3,8,0,3,8,0,0,0,0,0,0,0,0,0,0,0,0,0,0,0
4,30,1,2,16,4,unchanged,1,11,22032,15048,14688,14695,14688,14695,14688,14695,11,0,0,3,0,8,3,0,8,11,0,0,3,0,8,3,0,8,11,0,0,3,0,8,3,0,8,0,0,0,0,0,0,0,0,0,0,0,0,0,0
4,30,1,4,16,4,unchanged,1,11,22032,15048,14688,14717,14688,14717,14688,14717,11,0,0,3,0,8,3,0,8,11,0,0,3,0,8,3,0,8,11,0,0,3,0,8,3,0,8,0,0,0,0,0,0,0,0,0,0,0,0,0,0
4,30,1,8,16,4,unchanged,1,11,22032,15048,14688,14761,14688,14761,14688,14761,11,0,0,3,0,8,0,0,11,11,0,0,3,0,8,0,0,11,11,0,0,3,0,8,0,0,11,0,0,0,0,0,0,0,0,0,0,0,0,0,0
4,30,2,0,1,1,unchanged,0,3,270,294,286,276,294,276,294,276,2,0,1,2,1,0,2,1,0,2,0,1,2,1,0,2,1,0,2,0,1,2,1,0,2,1,0,2,8,4,2,8,4,0,0,0,0,0,0,0,0
4,30,2,2,1,1,unchanged,0,3,270,294,286,282,294,282,294,282,0,0,3,2,0,1,2,0,1,0,0,3,2,0,1,2,0,1,0,0,3,2,0,1,2,0,1,2,8,4,2,8,4,0,0,0,0,0,0,0,0
4,30,2,4,1,1,unchanged,0,3,270,294,286,288,294,288,294,288,0,0,3,2,0,1,2,0,1,0,0,3,2,0,1,2,0,1,0,0,3,2,0,1,2,0,1,2,8,4,2,8,4,0,0,0,0,0,0,0,0
4,30,2,8,1,1,unchanged,0,3,270,294,286,300,294,300,294,300,0,0,3,2,0,1,0,0,3,0,0,3,2,0,1,2,0,1,0,0,3,2,0,1,2,0,1,2,8,4,2,8,4,0,0,0,0,0,0,0,0
4,30,2,0,1,1,one_edit,0,12,1152,1248,1226,1188,1228,1188,1228,1188,2,0,10,12,0,0,12,0,0,2,0,10,12,0,0,12,0,0,2,0,10,12,0,0,12,0,0,2,2,1,2,2,1,0,0,0,0,0,0,0,0
4,30,2,2,1,1,one_edit,0,12,1152,1248,1226,1212,1228,1212,1228,1212,2,0,10,8,0,4,8,0,4,2,0,10,8,0,4,8,0,4,2,0,10,8,0,4,8,0,4,2,2,1,2,2,1,0,0,0,0,0,0,0,0
4,30,2,4,1,1,one_edit,0,12,1152,1248,1226,1236,1228,1236,1228,1236,2,0,10,4,2,6,4,2,6,2,0,10,4,2,6,4,2,6,2,0,10,4,2,6,4,2,6,2,2,1,2,2,1,0,0,0,0,0,0,0,0
4,30,2,8,1,1,one_edit,0,12,1152,1248,1226,1284,1228,1284,1228,1284,0,0,12,2,0,10,0,0,12,0,0,12,2,0,10,0,0,12,0,0,12,2,0,10,0,0,12,2,2,1,2,2,1,0,0,0,0,0,0,0,0
4,30,2,0,1,1,far,0,33,3366,3630,3535,3435,3551,3448,3551,3448,10,0,23,33,0,0,30,3,0,8,0,25,33,0,0,30,3,0,8,0,25,33,0,0,30,3,0,4,16,4,4,16,4,0,5,13,4,5,13,4,0
4,30,2,2,1,1,far,0,33,3366,3630,3535,3501,3551,3514,3551,3514,0,4,29,30,0,3,21,2,10,0,4,29,29,0,4,16,4,13,0,4,29,29,0,4,16,4,13,4,16,4,4,16,4,0,5,13,4,5,13,4,0
4,30,2,4,1,1,far,0,33,3366,3630,3535,3567,3551,3580,3551,3580,0,0,33,20,8,5,10,2,21,0,0,33,20,5,8,8,1,24,0,0,33,20,5,8,8,1,24,4,16,4,4,16,4,0,5,13,4,5,13,4,0
4,30,2,8,1,1,far,0,33,3366,3630,3535,3699,3551,3712,3551,3712,0,0,33,10,0,23,0,0,33,0,0,33,8,0,25,4,0,29,0,0,33,8,0,25,4,0,29,4,16,4,4,16,4,0,5,13,4,5,13,4,0
4,30,2,0,1,1,one_edit,1,52,10848,6998,6968,6802,7062,6818,7062,6818,52,0,0,32,20,0,32,20,0,52,0,0,32,14,6,32,14,6,52,0,0,32,14,6,32,14,6,24,94,7,24,94,7,0,6,16,4,6,16,4,0
4,30,2,2,1,1,one_edit,1,52,10848,6998,6968,6906,7062,6922,7062,6922,52,0,0,30,0,22,30,0,22,52,0,0,30,0,22,30,0,22,52,0,0,30,0,22,30,0,22,24,94,7,24,94,7,0,6,16,4,6,16,4,0
4,30,2,4,1,1,one_edit,1,52,10848,6998,6968,7010,7062,7026,7062,7026,52,0,0,26,2,24,26,2,24,52,0,0,26,2,24,30,0,22,52,0,0,26,2,24,30,0,22,24,94,7,24,94,7,0,6,16,4,6,16,4,0
4,30,2,8,1,1,one_edit,1,52,10848,6998,6968,7218,7062,7234,7062,7234,52,0,0,6,0,46,0,0,52,52,0,0,6,0,46,20,2,30,52,0,0,6,0,46,20,2,30,24,94,7,24,94,7,0,6,16,4,6,16,4,0
4,30,2,0,1,1,far,1,143,29634,19006,18972,18840,19079,18967,19079,18955,143,0,0,46,97,0,46,97,0,143,0,0,42,64,37,53,64,26,143,0,0,42,68,33,53,68,22,31,107,7,31,107,7,0,45,127,4,41,115,4,4
4,30,2,2,1,1,far,1,143,29634,19006,18972,19126,19079,19253,19079,19241,143,0,0,31,9,103,25,9,109,143,0,0,23,13,107,31,10,102,143,0,0,23,13,107,31,10,102,31,107,7,31,107,7,0,45,127,4,41,115,4,4
4,30,2,4,1,1,far,1,143,29634,19006,18972,19412,19079,19539,19079,19527,143,0,0,10,11,122,6,9,128,143,0,0,10,11,122,25,4,114,143,0,0,10,11,122,25,4,114,31,107,7,31,107,7,0,45,127,4,41,115,4,4
4,30,2,8,1,1,far,1,143,29634,19006,18972,19984,19079,20111,19079,20099,143,0,0,0,2,141,0,0,143,143,0,0,0,2,141,0,0,143,143,0,0,0,2,141,0,0,143,31,107,7,31,107,7,0,45,127,4,41,115,4,4
4,30,2,0,1,1,unchanged,1,13,2730,1664,1664,1658,1664,1664,1664,1664,13,0,0,2,11,0,2,11,0,13,0,0,0,13,0,0,13,0,13,0,0,0,13,0,0,13,0,0,0,0,0,0,0,0,2,6,3,2,6,3,0
4,30,2,2,1,1,unchanged,1,13,2730,1664,1664,1684,1664,1690,1664,1690,13,0,0,2,0,11,2,0,11,13,0,0,0,0,13,0,0,13,13,0,0,0,0,13,0,0,13,0,0,0,0,0,0,0,2,6,3,2,6,3,0
4,30,2,4,1,1,unchanged,1,13,2730,1664,1664,1710,1664,1716,1664,1716,13,0,0,0,0,13,0,0,13,13,0,0,0,0,13,0,0,13,13,0,0,0,0,13,0,0,13,0,0,0,0,0,0,0,2,6,3,2,6,3,0
4,30,2,8,1,1,unchanged,1,13,2730,1664,1664,1762,1664,1768,1664,1768,13,0,0,0,0,13,0,0,13,13,0,0,0,0,13,0,0,13,13,0,0,0,0,13,0,0,13,0,0,0,0,0,0,0,2,6,3,2,6,3,0
4,30,2,0,1,2,unchanged,0,3,324,348,316,306,348,306,348,306,2,0,1,2,1,0,2,1,0,2,0,1,2,1,0,2,1,0,2,0,1,2,1,0,2,1,0,2,32,16,2,32,16,0,0,0,0,0,0,0,0
4,30,2,2,1,2,unchanged,0,3,324,348,316,312,348,312,348,312,2,0,1,2,0,1,2,0,1,2,0,1,2,0,1,2,0,1,2,0,1,2,0,1,2,0,1,2,32,16,2,32,16,0,0,0,0,0,0,0,0
4,30,2,4,1,2,unchanged,0,3,324,348,316,318,348,318,348,318,2,0,1,2,0,1,2,0,1,2,0,1,2,0,1,2,0,1,2,0,1,2,0,1,2,0,1,2,32,16,2,32,16,0,0,0,0,0,0,0,0
4,30,2,8,1,2,unchanged,0,3,324,348,316,330,348,330,348,330,2,0,1,2,0,1,0,0,3,2,0,1,2,0,1,2,0,1,2,0,1,2,0,1,2,0,1,2,32,16,2,32,16,0,0,0,0,0,0,0,0
4,30,2,0,1,2,one_edit,0,12,1440,1536,1428,1374,1480,1374,1480,1374,8,0,4,12,0,0,12,0,0,8,0,4,12,0,0,12,0,0,8,0,4,12,0,0,12,0,0,10,52,10,10,52,10,0,0,0,0,0,0,0,0
4,30,2,2,1,2,one_edit,0,12,1440,1536,1428,1398,1480,1398,1480,1398,4,2,6,12,0,0,12,0,0,4,2,6,12,0,0,12,0,0,4,2,6,12,0,0,12,0,0,10,52,10,10,52,10,0,0,0,0,0,0,0,0
4,30,2,4,1,2,one_edit,0,12,1440,1536,1428,1422,1480,1422,1480,1422,4,0,8,12,0,0,8,0,4,4,0,8,12,0,0,12,0,0,4,0,8,12,0,0,12,0,0,10,52,10,10,52,10,0,0,0,0,0,0,0,0
4,30,2,8,1,2,one_edit,0,12,1440,1536,1428,1470,1480,1470,1480,1470,2,0,10,8,0,4,0,0,12,2,0,10,8,0,4,6,0,6,2,0,10,8,0,4,6,0,6,10,52,10,10,52,10,0,0,0,0,0,0,0,0
4,30,2,0,1,2,far,0,33,4356,4620,4194,4082,4286,4127,4286,4109,30,0,3,33,0,0,30,3,0,25,2,6,33,0,0,22,5,6,27,2,4,33,0,0,26,3,4,11,92,16,11,92,16,0,11,45,7,7,27,4,6
4,30,2,2,1,2,far,0,33,4356,4620,4194,4148,4286,4193,4286,4175,26,2,5,33,0,0,22,4,7,24,1,8,33,0,0,18,0,15,24,1,8,33,0,0,20,0,13,11,92,16,11,92,16,0,11,45,7,7,27,4,6
4,30,2,4,1,2,far,0,33,4356,4620,4194,4214,4286,4259,4286,4241,24,2,7,33,0,0,14,0,19,24,0,9,33,0,0,15,0,18,24,0,9,33,0,0,15,0,18,11,92,16,11,92,16,0,11,45,7,7,27,4,6
4,30,2,8,1,2,far,0,33,4356,4620,4194,4346,4286,4391,4286,4373,20,3,10,30,0,3,0,0,33,14,5,14,25,2,6,5,0,28,18,3,12,27,2,4,7,0,26,11,92,16,11,92,16,0,11,45,7,7,27,4,6
4,30,2,0,1,2,one_edit,1,52,12960,8588,8464,8164,8636,8202,8636,8202,52,0,0,34,18,0,34,18,0,52,0,0,32,14,6,32,14,6,52,0,0,32,14,6,32,14,6,20,172,14,20,172,14,0,10,38,8,10,38,8,0
4,30,2,2,1,2,one_edit,1,52,12960,8588,8464,8268,8636,8306,8636,8306,52,0,0,34,0,18,34,0,18,52,0,0,32,0,20,30,2,20,52,0,0,32,0,20,30,2,20,20,172,14,20,172,14,0,10,38,8,10,38,8,0
4,30,2,4,1,2,one_edit,1,52,12960,8588,8464,8372,8636,8410,8636,8410,52,0,0,30,2,20,30,2,20,52,0,0,30,2,20,28,2,22,52,0,0,30,2,20,28,2,22,20,172,14,20,172,14,0,10,38,8,10,38,8,0
4,30,2,8,1,2,one_edit,1,52,12960,8588,8464,8580,8636,8618,8636,8618,52,0,0,28,0,24,18,2,32,52,0,0,26,0,26,20,2,30,52,0,0,26,0,26,20,2,30,20,172,14,20,172,14,0,10,38,8,10,38,8,0
4,30,2,0,1,2,far,1,143,35244,23140,22848,22635,23054,22934,23054,22910,143,0,0,55,88,0,54,89,0,143,0,0,42,64,37,51,64,28,143,0,0,42,68,33,51,68,24,29,206,14,29,206,14,0,61,299,9,57,275,9,4
4,30,2,2,1,2,far,1,143,35244,23140,22848,22921,23054,23220,23054,23196,143,0,0,55,0,88,42,2,99,143,0,0,42,0,101,45,0,98,143,0,0,42,0,101,45,0,98,29,206,14,29,206,14,0,61,299,9,57,275,9,4
4,30,2,4,1,2,far,1,143,35244,23140,22848,23207,23054,23506,23054,23482,143,0,0,42,7,94,26,6,111,143,0,0,31,11,101,27,16,100,143,0,0,31,11,101,27,16,100,29,206,14,29,206,14,0,61,299,9,57,275,9,4
4,30,2,8,1,2,far,1,143,35244,23140,22848,23779,23054,24078,23054,24054,143,0,0,33,0,110,0,0,143,143,0,0,23,6,114,10,0,133,143,0,0,23,6,114,10,0,133,29,206,14,29,206,14,0,61,299,9,57,275,9,4
4,30,2,0,1,2,unchanged,1,13,3276,1976,1968,1958,1976,1976,1976,1976,13,0,0,2,11,0,2,11,0,13,0,0,0,13,0,0,13,0,13,0,0,0,13,0,0,13,0,2,8,4,2,8,4,0,2,18,9,2,18,9,0
4,30,2,2,1,2,unchanged,1,13,3276,1976,1968,1984,1976,2002,1976,2002,13,0,0,2,0,11,2,0,11,13,0,0,0,0,13,0,0,13,13,0,0,0,0,13,0,0,13,2,8,4,2,8,4,0,2,18,9,2,18,9,0
4,30,2,4,1,2,unchanged,1,13,3276,1976,1968,2010,1976,2028,1976,2028,13,0,0,2,0,11,2,0,11,13,0,0,0,0,13,0,0,13,13,0,0,0,0,13,0,0,13,2,8,4,2,8,4,0,2,18,9,2,18,9,0
4,30,2,8,1,2,unchanged,1,13,3276,1976,1968,2062,1976,2080,1976,2080,13,0,0,2,0,11,0,0,13,13,0,0,0,0,13,0,0,13,13,0,0,0,0,13,0,0,13,2,8,4,2,8,4,0,2,18,9,2,18,9,0
4,30,2,0,1,4,unchanged,0,3,432,456,376,366,456,366,456,366,2,0,1,2,1,0,2,1,0,2,0,1,2,1,0,2,1,0,2,0,1,2,1,0,2,1,0,2,80,40,2,80,40,0,0,0,0,0,0,0,0
4,30,2,2,1,4,unchanged,0,3,432,456,376,372,456,372,456,372,2,0,1,2,0,1,2,0,1,2,0,1,2,0,1,2,0,1,2,0,1,2,0,1,2,0,1,2,80,40,2,80,40,0,0,0,0,0,0,0,0
4,30,2,4,1,4,unchanged,0,3,432,456,376,378,456,378,456,378,2,0,1,2,0,1,2,0,1,2,0,1,2,0,1,2,0,1,2,0,1,2,0,1,2,0,1,2,80,40,2,80,40,0,0,0,0,0,0,0,0
4,30,2,8,1,4,unchanged,0,3,432,456,376,390,456,390,456,390,2,0,1,2,0,1,0,0,3,2,0,1,2,0,1,2,0,1,2,0,1,2,0,1,2,0,1,2,80,40,2,80,40,0,0,0,0,0,0,0,0
4,30,2,0,1,4,one_edit,0,12,2016,2112,1800,1746,1984,1746,1984,1746,12,0,0,12,0,0,12,0,0,12,0,0,12,0,0,12,0,0,12,0,0,12,0,0,12,0,0,10,184,28,10,184,28,0,0,0,0,0,0,0,0
4,30,2,2,1,4,one_edit,0,12,2016,2112,1800,1770,1984,1770,1984,1770,12,0,0,12,0,0,12,0,0,12,0,0,12,0,0,12,0,0,12,0,0,12,0,0,12,0,0,10,184,28,10,184,28,0,0,0,0,0,0,0,0
4,30,2,4,1,4,one_edit,0,12,2016,2112,1800,1794,1984,1794,1984,1794,12,0,0,12,0,0,8,0,4,12,0,0,12,0,0,12,0,0,12,0,0,12,0,0,12,0,0,10,184,28,10,184,28,0,0,0,0,0,0,0,0
4,30,2,8,1,4,one_edit,0,12,2016,2112,1800,1842,1984,1842,1984,1842,12,0,0,12,0,0,0,0,12,12,0,0,12,0,0,10,0,2,12,0,0,12,0,0,10,0,2,10,184,28,10,184,28,0,0,0,0,0,0,0,0
4,30,2,0,1,4,far,0,33,6336,6600,5484,5372,5756,5473,5756,5431,33,0,0,33,0,0,30,3,0,33,0,0,33,0,0,22,3,8,33,0,0,33,0,0,26,3,4,11,272,40,11,272,40,0,11,101,13,7,59,12,6
4,30,2,2,1,4,far,0,33,6336,6600,5484,5438,5756,5539,5756,5497,33,0,0,33,0,0,22,4,7,33,0,0,33,0,0,18,0,15,33,0,0,33,0,0,20,0,13,11,272,40,11,272,40,0,11,101,13,7,59,12,6
4,30,2,4,1,4,far,0,33,6336,6600,5484,5504,5756,5605,5756,5563,33,0,0,33,0,0,14,0,19,33,0,0,33,0,0,15,0,18,33,0,0,33,0,0,15,0,18,11,272,40,11,272,40,0,11,101,13,7,59,12,6
4,30,2,8,1,4,far,0,33,6336,6600,5484,5636,5756,5737,5756,5695,33,0,0,33,0,0,0,0,33,33,0,0,33,0,0,11,0,22,33,0,0,33,0,0,11,0,22,11,272,40,11,272,40,0,11,101,13,7,59,12,6
4,30,2,0,1,4,one_edit,1,52,17184,11768,11414,10888,11784,10970,11784,10970,52,0,0,34,18,0,34,18,0,52,0,0,32,14,6,30,14,8,52,0,0,32,14,6,30,14,8,24,370,28,24,370,28,0,10,82,16,10,82,16,0
4,30,2,2,1,4,one_edit,1,52,17184,11768,11414,10992,11784,11074,11784,11074,52,0,0,34,0,18,34,0,18,52,0,0,32,0,20,30,0,22,52,0,0,32,0,20,30,0,22,24,370,28,24,370,28,0,10,82,16,10,82,16,0
4,30,2,4,1,4,one_edit,1,52,17184,11768,11414,11096,11784,11178,11784,11178,52,0,0,34,0,18,34,0,18,52,0,0,32,0,20,30,0,22,52,0,0,32,0,20,30,0,22,24,370,28,24,370,28,0,10,82,16,10,82,16,0
4,30,2,8,1,4,one_edit,1,52,17184,11768,11414,11304,11784,11386,11784,11386,52,0,0,34,0,18,20,2,30,52,0,0,32,0,20,22,2,28,52,0,0,32,0,20,22,2,28,24,370,28,24,370,28,0,10,82,16,10,82,16,0
4,30,2,0,1,4,far,1,143,46464,31408,30457,30209,31004,30868,31004,30820,143,0,0,55,88,0,54,89,0,143,0,0,42,64,37,51,64,28,143,0,0,42,68,33,51,68,24,37,547,28,37,547,28,0,61,659,21,57,611,21,4
4,30,2,2,1,4,far,1,143,46464,31408,30457,30495,31004,31154,31004,31106,143,0,0,55,0,88,42,2,99,143,0,0,42,0,101,45,0,98,143,0,0,42,0,101,45,0,98,37,547,28,37,547,28,0,61,659,21,57,611,21,4
4,30,2,4,1,4,far,1,143,46464,31408,30457,30781,31004,31440,31004,31392,143,0,0,55,0,88,38,0,105,143,0,0,42,0,101,39,4,100,143,0,0,42,0,101,39,4,100,37,547,28,37,547,28,0,61,659,21,57,611,21,4
4,30,2,8,1,4,far,1,143,46464,31408,30457,31353,31004,32012,31004,31964,143,0,0,51,4,88,0,4,139,143,0,0,35,7,101,16,8,119,143,0,0,35,7,101,16,8,119,37,547,28,37,547,28,0,61,659,21,57,611,21,4
4,30,2,0,1,4,unchanged,1,13,4368,2600,2568,2558,2600,2600,2600,2600,13,0,0,2,11,0,2,11,0,13,0,0,0,13,0,0,13,0,13,0,0,0,13,0,0,13,0,2,32,16,2,32,16,0,2,42,21,2,42,21,0
4,30,2,2,1,4,unchanged,1,13,4368,2600,2568,2584,2600,2626,2600,2626,13,0,0,2,0,11,2,0,11,13,0,0,0,0,13,0,0,13,13,0,0,0,0,13,0,0,13,2,32,16,2,32,16,0,2,42,21,2,42,21,0
4,30,2,4,1,4,unchanged,1,13,4368,2600,2568,2610,2600,2652,2600,2652,13,0,0,2,0,11,2,0,11,13,0,0,0,0,13,0,0,13,13,0,0,0,0,13,0,0,13,2,32,16,2,32,16,0,2,42,21,2,42,21,0
4,30,2,8,1,4,unchanged,1,13,4368,2600,2568,2662,2600,2704,2600,2704,13,0,0,2,0,11,0,0,13,13,0,0,0,0,13,0,0,13,13,0,0,0,0,13,0,0,13,2,32,16,2,32,16,0,2,42,21,2,42,21,0
4,30,2,0,4,1,unchanged,0,3,432,456,376,366,376,366,376,366,2,0,1,2,1,0,2,1,0,2,0,1,2,1,0,2,1,0,2,0,1,2,1,0,2,1,0,0,0,0,0,0,0,0,0,0,0,0,0,0,0
4,30,2,2,4,1,unchanged,0,3,432,456,376,372,376,372,376,372,2,0,1,2,0,1,2,0,1,2,0,1,2,0,1,2,0,1,2,0,1,2,0,1,2,0,1,0,0,0,0,0,0,0,0,0,0,0,0,0,0
4,30,2,4,4,1,unchanged,0,3,432,456,376,378,376,378,376,378,2,0,1,2,0,1,2,0,1,2,0,1,2,0,1,2,0,1,2,0,1,2,0,1,2,0,1,0,0,0,0,0,0,0,0,0,0,0,0,0,0
4,30,2,8,4,1,unchanged,0,3,432,456,376,390,376,390,376,390,2,0,1,2,0,1,0,0,3,2,0,1,2,0,1,0,0,3,2,0,1,2,0,1,0,0,3,0,0,0,0,0,0,0,0,0,0,0,0,0,0
4,30,2,0,4,1,one_edit,0,12,2016,2112,1760,1696,1760,1696,1760,1696,12,0,0,12,0,0,12,0,0,12,0,0,12,0,0,12,0,0,12,0,0,12,0,0,12,0,0,0,0,0,0,0,0,0,0,0,0,0,0,0,0
4,30,2,2,4,1,one_edit,0,12,2016,2112,1760,1720,1760,1720,1760,1720,12,0,0,12,0,0,12,0,0,12,0,0,12,0,0,12,0,0,12,0,0,12,0,0,12,0,0,0,0,0,0,0,0,0,0,0,0,0,0,0,0
4,30,2,4,4,1,one_edit,0,12,2016,2112,1760,1744,1760,1744,1760,1744,12,0,0,12,0,0,8,0,4,12,0,0,12,0,0,8,0,4,12,0,0,12,0,0,8,0,4,0,0,0,0,0,0,0,0,0,0,0,0,0,0
4,30,2,8,4,1,one_edit,0,12,2016,2112,1760,1792,1760,1792,1760,1792,12,0,0,12,0,0,0,4,8,12,0,0,12,0,0,0,4,8,12,0,0,12,0,0,0,4,8,0,0,0,0,0,0,0,0,0,0,0,0,0,0
4,30,2,0,4,1,far,0,33,6336,6600,5196,5076,5212,5080,5212,5080,33,0,0,33,0,0,32,1,0,33,0,0,33,0,0,32,1,0,33,0,0,33,0,0,32,1,0,2,16,8,2,16,8,0,1,4,4,1,4,4,0
4,30,2,2,4,1,far,0,33,6336,6600,5196,5142,5212,5146,5212,5146,33,0,0,33,0,0,22,0,11,33,0,0,33,0,0,22,0,11,33,0,0,33,0,0,22,0,11,2,16,8,2,16,8,0,1,4,4,1,4,4,0
4,30,2,4,4,1,far,0,33,6336,6600,5196,5208,5212,5212,5212,5212,33,0,0,33,0,0,10,6,17,33,0,0,33,0,0,9,7,17,33,0,0,33,0,0,9,7,17,2,16,8,2,16,8,0,1,4,4,1,4,4,0
4,30,2,8,4,1,far,0,33,6336,6600,5196,5340,5212,5344,5212,5344,33,0,0,33,0,0,0,6,27,33,0,0,33,0,0,2,5,26,33,0,0,33,0,0,2,5,26,2,16,8,2,16,8,0,1,4,4,1,4,4,0
4,30,2,0,4,1,one_edit,1,52,17184,11768,10648,10284,10656,10284,10656,10284,52,0,0,44,8,0,44,8,0,52,0,0,44,8,0,44,8,0,52,0,0,44,8,0,44,8,0,2,8,4,2,8,4,0,0,0,0,0,0,0,0
4,30,2,2,4,1,one_edit,1,52,17184,11768,10648,10388,10656,10388,10656,10388,52,0,0,44,0,8,44,0,8,52,0,0,44,0,8,44,0,8,52,0,0,44,0,8,44,0,8,2,8,4,2,8,4,0,0,0,0,0,0,0,0
4,30,2,4,4,1,one_edit,1,52,17184,11768,10648,10492,10656,10492,10656,10492,52,0,0,42,2,8,42,2,8,52,0,0,42,2,8,44,0,8,52,0,0,42,2,8,44,0,8,2,8,4,2,8,4,0,0,0,0,0,0,0,0
4,30,2,8,4,1,one_edit,1,52,17184,11768,10648,10700,10656,10700,10656,10700,52,0,0,42,0,10,24,8,20,52,0,0,42,0,10,24,10,18,52,0,0,42,0,10,24,10,18,2,8,4,2,8,4,0,0,0,0,0,0,0,0
4,30,2,0,4,1,far,1,143,46464,31408,29076,28334,29108,28338,29108,28338,143,0,0,123,20,0,118,25,0,143,0,0,123,18,2,120,23,0,143,0,0,123,18,2,120,23,0,6,32,8,6,32,8,0,2,4,2,2,4,2,0
4,30,2,2,4,1,far,1,143,46464,31408,29076,28620,29108,28624,29108,28624,143,0,0,123,0,20,98,14,31,143,0,0,123,0,20,98,16,29,143,0,0,123,0,20,98,16,29,6,32,8,6,32,8,0,2,4,2,2,4,2,0
4,30,2,4,4,1,far,1,143,46464,31408,29076,28906,29108,28910,29108,28910,143,0,0,121,2,20,92,4,47,143,0,0,121,2,20,94,2,47,143,0,0,121,2,20,94,2,47,6,32,8,6,32,8,0,2,4,2,2,4,2,0
4,30,2,8,4,1,far,1,143,46464,31408,29076,29478,29108,29482,29108,29482,143,0,0,117,4,22,25,23,95,143,0,0,117,4,22,27,25,91,143,0,0,117,4,22,27,25,91,6,32,8,6,32,8,0,2,4,2,2,4,2,0
4,30,2,0,4,1,unchanged,1,13,4368,2600,2568,2558,2568,2558,2568,2558,13,0,0,2,11,0,2,11,0,13,0,0,2,11,0,2,11,0,13,0,0,2,11,0,2,11,0,0,0,0,0,0,0,0,0,0,0,0,0,0,0
4,30,2,2,4,1,unchanged,1,13,4368,2600,2568,2584,2568,2584,2568,2584,13,0,0,2,0,11,2,0,11,13,0,0,2,0,11,2,0,11,13,0,0,2,0,11,2,0,11,0,0,0,0,0,0,0,0,0,0,0,0,0,0
4,30,2,4,4,1,unchanged,1,13,4368,2600,2568,2610,2568,2610,2568,2610,13,0,0,2,0,11,2,0,11,13,0,0,2,0,11,2,0,11,13,0,0,2,0,11,2,0,11,0,0,0,0,0,0,0,0,0,0,0,0,0,0
4,30,2,8,4,1,unchanged,1,13,4368,2600,2568,2662,2568,2662,2568,2662,13,0,0,2,0,11,0,0,13,13,0,0,2,0,11,0,0,13,13,0,0,2,0,11,0,0,13,0,0,0,0,0,0,0,0,0,0,0,0,0,0
4,30,2,0,4,2,unchanged,0,3,648,672,496,486,496,486,496,486,2,0,1,2,1,0,2,1,0,2,0,1,2,1,0,2,1,0,2,0,1,2,1,0,2,1,0,0,0,0,0,0,0,0,0,0,0,0,0,0,0
4,30,2,2,4,2,unchanged,0,3,648,672,496,492,496,492,496,492,2,0,1,2,0,1,2,0,1,2,0,1,2,0,1,2,0,1,2,0,1,2,0,1,2,0,1,0,0,0,0,0,0,0,0,0,0,0,0,0,0
4,30,2,4,4,2,unchanged,0,3,648,672,496,498,496,498,496,498,2,0,1,2,0,1,2,0,1,2,0,1,2,0,1,2,0,1,2,0,1,2,0,1,2,0,1,0,0,0,0,0,0,0,0,0,0,0,0,0,0
4,30,2,8,4,2,unchanged,0,3,648,672,496,510,496,510,496,510,2,0,1,2,0,1,0,0,3,2,0,1,2,0,1,0,0,3,2,0,1,2,0,1,0,0,3,0,0,0,0,0,0,0,0,0,0,0,0,0,0
4,30,2,0,4,2,one_edit,0,12,3168,3264,2488,2392,2496,2392,2496,2392,12,0,0,12,0,0,12,0,0,12,0,0,12,0,0,12,0,0,12,0,0,12,0,0,12,0,0,2,8,4,2,8,4,0,0,0,0,0,0,0,0
4,30,2,2,4,2,one_edit,0,12,3168,3264,2488,2416,2496,2416,2496,2416,12,0,0,12,0,0,12,0,0,12,0,0,12,0,0,12,0,0,12,0,0,12,0,0,12,0,0,2,8,4,2,8,4,0,0,0,0,0,0,0,0
4,30,2,4,4,2,one_edit,0,12,3168,3264,2488,2440,2496,2440,2496,2440,12,0,0,12,0,0,8,0,4,12,0,0,12,0,0,8,0,4,12,0,0,12,0,0,8,0,4,2,8,4,2,8,4,0,0,0,0,0,0,0,0
4,30,2,8,4,2,one_edit,0,12,3168,3264,2488,2488,2496,2488,2496,2488,12,0,0,12,0,0,4,0,8,12,0,0,12,0,0,4,0,8,12,0,0,12,0,0,4,0,8,2,8,4,2,8,4,0,0,0,0,0,0,0,0
4,30,2,0,4,2,far,0,33,10296,10560,7632,7420,7648,7424,7648,7424,33,0,0,33,0,0,32,1,0,33,0,0,33,0,0,32,1,0,33,0,0,33,0,0,32,1,0,2,16,8,2,16,8,0,1,4,4,1,4,4,0
4,30,2,2,4,2,far,0,33,10296,10560,7632,7486,7648,7490,7648,7490,33,0,0,33,0,0,24,0,9,33,0,0,33,0,0,24,0,9,33,0,0,33,0,0,24,0,9,2,16,8,2,16,8,0,1,4,4,1,4,4,0
4,30,2,4,4,2,far,0,33,10296,10560,7632,7552,7648,7556,7648,7556,33,0,0,33,0,0,16,0,17,33,0,0,33,0,0,16,0,17,33,0,0,33,0,0,16,0,17,2,16,8,2,16,8,0,1,4,4,1,4,4,0
4,30,2,8,4,2,far,0,33,10296,10560,7632,7684,7648,7688,7648,7688,33,0,0,33,0,0,10,0,23,33,0,0,33,0,0,12,0,21,33,0,0,33,0,0,12,0,21,2,16,8,2,16,8,0,1,4,4,1,4,4,0
4,30,2,0,4,2,one_edit,1,52,25632,18128,15824,15124,15840,15124,15840,15124,52,0,0,44,8,0,44,8,0,52,0,0,44,8,0,44,8,0,52,0,0,44,8,0,44,8,0,2,16,8,2,16,8,0,0,0,0,0,0,0,0
4,30,2,2,4,2,one_edit,1,52,25632,18128,15824,15228,15840,15228,15840,15228,52,0,0,44,0,8,44,0,8,52,0,0,44,0,8,44,0,8,52,0,0,44,0,8,44,0,8,2,16,8,2,16,8,0,0,0,0,0,0,0,0
4,30,2,4,4,2,one_edit,1,52,25632,18128,15824,15332,15840,15332,15840,15332,52,0,0,44,0,8,44,0,8,52,0,0,44,0,8,44,0,8,52,0,0,44,0,8,44,0,8,2,16,8,2,16,8,0,0,0,0,0,0,0,0
4,30,2,8,4,2,one_edit,1,52,25632,18128,15824,15540,15840,15540,15840,15540,52,0,0,44,0,8,36,0,16,52,0,0,44,0,8,36,0,16,52,0,0,44,0,8,36,0,16,2,16,8,2,16,8,0,0,0,0,0,0,0,0
4,30,2,0,4,2,far,1,143,68904,47944,43112,41622,43176,41634,43176,41634,143,0,0,123,20,0,118,25,0,143,0,0,123,18,2,120,23,0,143,0,0,123,18,2,120,23,0,10,64,8,10,64,8,0,4,12,4,4,12,4,0
4,30,2,2,4,2,far,1,143,68904,47944,43112,41908,43176,41920,43176,41920,143,0,0,123,0,20,110,2,31,143,0,0,123,0,20,114,0,29,143,0,0,123,0,20,114,0,29,10,64,8,10,64,8,0,4,12,4,4,12,4,0
4,30,2,4,4,2,far,1,143,68904,47944,43112,42194,43176,42206,43176,42206,143,0,0,123,0,20,96,12,35,143,0,0,123,0,20,96,16,31,143,0,0,123,0,20,96,16,31,10,64,8,10,64,8,0,4,12,4,4,12,4,0
4,30,2,8,4,2,far,1,143,68904,47944,43112,42766,43176,42778,43176,42778,143,0,0,123,0,20,86,0,57,143,0,0,123,0,20,88,0,55,143,0,0,123,0,20,88,0,55,10,64,8,10,64,8,0,4,12,4,4,12,4,0
4,30,2,0,4,2,unchanged,1,13,6552,3848,3768,3758,3768,3758,3768,3758,13,0,0,2,11,0,2,11,0,13,0,0,2,11,0,2,11,0,13,0,0,2,11,0,2,11,0,0,0,0,0,0,0,0,0,0,0,0,0,0,0
4,30,2,2,4,2,unchanged,1,13,6552,3848,3768,3784,3768,3784,3768,3784,13,0,0,2,0,11,2,0,11,13,0,0,2,0,11,2,0,11,13,0,0,2,0,11,2,0,11,0,0,0,0,0,0,0,0,0,0,0,0,0,0
4,30,2,4,4,2,unchanged,1,13,6552,3848,3768,3810,3768,3810,3768,3810,13,0,0,2,0,11,2,0,11,13,0,0,2,0,11,2,0,11,13,0,0,2,0,11,2,0,11,0,0,0,0,0,0,0,0,0,0,0,0,0,0
4,30,2,8,4,2,unchanged,1,13,6552,3848,3768,3862,3768,3862,3768,3862,13,0,0,2,0,11,0,0,13,13,0,0,2,0,11,0,0,13,13,0,0,2,0,11,0,0,13,0,0,0,0,0,0,0,0,0,0,0,0,0,0
4,30,2,0,4,4,unchanged,0,3,1080,1104,736,726,736,726,736,726,2,0,1,2,1,0,2,1,0,2,0,1,2,1,0,2,1,0,2,0,1,2,1,0,2,1,0,0,0,0,0,0,0,0,0,0,0,0,0,0,0
4,30,2,2,4,4,unchanged,0,3,1080,1104,736,732,736,732,736,732,2,0,1,2,0,1,2,0,1,2,0,1,2,0,1,2,0,1,2,0,1,2,0,1,2,0,1,0,0,0,0,0,0,0,0,0,0,0,0,0,0
4,30,2,4,4,4,unchanged,0,3,1080,1104,736,738,736,738,736,738,2,0,1,2,0,1,2,0,1,2,0,1,2,0,1,2,0,1,2,0,1,2,0,1,2,0,1,0,0,0,0,0,0,0,0,0,0,0,0,0,0
4,30,2,8,4,4,unchanged,0,3,1080,1104,736,750,736,750,736,750,2,0,1,2,0,1,0,0,3,2,0,1,2,0,1,0,0,3,2,0,1,2,0,1,0,0,3,0,0,0,0,0,0,0,0,0,0,0,0,0,0
4,30,2,0,4,4,one_edit,0,12,5472,5568,3944,3784,3968,3784,3968,3784,12,0,0,12,0,0,12,0,0,12,0,0,12,0,0,12,0,0,12,0,0,12,0,0,12,0,0,2,24,12,2,24,12,0,0,0,0,0,0,0,0
4,30,2,2,4,4,one_edit,0,12,5472,5568,3944,3808,3968,3808,3968,3808,12,0,0,12,0,0,12,0,0,12,0,0,12,0,0,12,0,0,12,0,0,12,0,0,12,0,0,2,24,12,2,24,12,0,0,0,0,0,0,0,0
4,30,2,4,4,4,one_edit,0,12,5472,5568,3944,3832,3968,3832,3968,3832,12,0,0,12,0,0,8,0,4,12,0,0,12,0,0,8,0,4,12,0,0,12,0,0,8,0,4,2,24,12,2,24,12,0,0,0,0,0,0,0,0
4,30,2,8,4,4,one_edit,0,12,5472,5568,3944,3880,3968,3880,3968,3880,12,0,0,12,0,0,4,0,8,12,0,0,12,0,0,4,0,8,12,0,0,12,0,0,4,0,8,2,24,12,2,24,12,0,0,0,0,0,0,0,0
4,30,2,0,4,4,far,0,33,18216,18480,12504,12108,12520,12112,12520,12112,33,0,0,33,0,0,32,1,0,33,0,0,33,0,0,32,1,0,33,0,0,33,0,0,32,1,0,2,16,8,2,16,8,0,1,4,4,1,4,4,0
4,30,2,2,4,4,far,0,33,18216,18480,12504,12174,12520,12178,12520,12178,33,0,0,33,0,0,24,0,9,33,0,0,33,0,0,24,0,9,33,0,0,33,0,0,24,0,9,2,16,8,2,16,8,0,1,4,4,1,4,4,0
4,30,2,4,4,4,far,0,33,18216,18480,12504,12240,12520,12244,12520,12244,33,0,0,33,0,0,18,0,15,33,0,0,33,0,0,18,0,15,33,0,0,33,0,0,18,0,15,2,16,8,2,16,8,0,1,4,4,1,4,4,0
4,30,2,8,4,4,far,0,33,18216,18480,12504,12372,12520,12376,12520,12376,33,0,0,33,0,0,12,0,21,33,0,0,33,0,0,14,0,19,33,0,0,33,0,0,14,0,19,2,16,8,2,16,8,0,1,4,4,1,4,4,0
4,30,2,0,4,4,one_edit,1,52,42528,30848,26176,24804,26208,24804,26208,24804,52,0,0,44,8,0,44,8,0,52,0,0,44,8,0,44,8,0,52,0,0,44,8,0,44,8,0,2,32,16,2,32,16,0,0,0,0,0,0,0,0
4,30,2,2,4,4,one_edit,1,52,42528,30848,26176,24908,26208,24908,26208,24908,52,0,0,44,0,8,44,0,8,52,0,0,44,0,8,44,0,8,52,0,0,44,0,8,44,0,8,2,32,16,2,32,16,0,0,0,0,0,0,0,0
4,30,2,4,4,4,one_edit,1,52,42528,30848,26176,25012,26208,25012,26208,25012,52,0,0,44,0,8,44,0,8,52,0,0,44,0,8,44,0,8,52,0,0,44,0,8,44,0,8,2,32,16,2,32,16,0,0,0,0,0,0,0,0
4,30,2,8,4,4,one_edit,1,52,42528,30848,26176,25220,26208,25220,26208,25220,52,0,0,44,0,8,36,0,16,52,0,0,44,0,8,36,0,16,52,0,0,44,0,8,36,0,16,2,32,16,2,32,16,0,0,0,0,0,0,0,0
4,30,2,0,4,4,far,1,143,113784,81016,71184,68198,71312,68226,71312,68226,143,0,0,123,20,0,118,25,0,143,0,0,123,18,2,120,23,0,143,0,0,123,18,2,120,23,0,10,128,16,10,128,16,0,4,28,8,4,28,8,0
4,30,2,2,4,4,far,1,143,113784,81016,71184,68484,71312,68512,71312,68512,143,0,0,123,0,20,110,2,31,143,0,0,123,0,20,114,0,29,143,0,0,123,0,20,114,0,29,10,128,16,10,128,16,0,4,28,8,4,28,8,0
4,30,2,4,4,4,far,1,143,113784,81016,71184,68770,71312,68798,71312,68798,143,0,0,123,0,20,108,0,35,143,0,0,123,0,20,112,0,31,143,0,0,123,0,20,112,0,31,10,128,16,10,128,16,0,4,28,8,4,28,8,0
4,30,2,8,4,4,far,1,143,113784,81016,71184,69342,71312,69370,71312,69370,143,0,0,123,0,20,86,12,45,143,0,0,123,0,20,88,16,39,143,0,0,123,0,20,88,16,39,10,128,16,10,128,16,0,4,28,8,4,28,8,0
4,30,2,0,4,4,unchanged,1,13,10920,6344,6168,6158,6168,6158,6168,6158,13,0,0,2,11,0,2,11,0,13,0,0,2,11,0,2,11,0,13,0,0,2,11,0,2,11,0,0,0,0,0,0,0,0,0,0,0,0,0,0,0
4,30,2,2,4,4,unchanged,1,13,10920,6344,6168,6184,6168,6184,6168,6184,13,0,0,2,0,11,2,0,11,13,0,0,2,0,11,2,0,11,13,0,0,2,0,11,2,0,11,0,0,0,0,0,0,0,0,0,0,0,0,0,0
4,30,2,4,4,4,unchanged,1,13,10920,6344,6168,6210,6168,6210,6168,6210,13,0,0,2,0,11,2,0,11,13,0,0,2,0,11,2,0,11,13,0,0,2,0,11,2,0,11,0,0,0,0,0,0,0,0,0,0,0,0,0,0
4,30,2,8,4,4,unchanged,1,13,10920,6344,6168,6262,6168,6262,6168,6262,13,0,0,2,0,11,0,0,13,13,0,0,2,0,11,0,0,13,13,0,0,2,0,11,0,0,13,0,0,0,0,0,0,0,0,0,0,0,0,0,0
4,30,2,0,16,1,unchanged,0,3,1080,1104,736,726,736,726,736,726,2,0,1,2,1,0,2,1,0,2,0,1,2,1,0,2,1,0,2,0,1,2,1,0,2,1,0,0,0,0,0,0,0,0,0,0,0,0,0,0,0
4,30,2,2,16,1,unchanged,0,3,1080,1104,736,732,736,732,736,732,2,0,1,2,0,1,2,0,1,2,0,1,2,0,1,2,0,1,2,0,1,2,0,1,2,0,1,0,0,0,0,0,0,0,0,0,0,0,0,0,0
4,30,2,4,16,1,unchanged,0,3,1080,1104,736,738,736,738,736,738,2,0,1,2,0,1,2,0,1,2,0,1,2,0,1,2,0,1,2,0,1,2,0,1,2,0,1,0,0,0,0,0,0,0,0,0,0,0,0,0,0
4,30,2,8,16,1,unchanged,0,3,1080,1104,736,750,736,750,736,750,2,0,1,2,0,1,0,0,3,2,0,1,2,0,1,0,0,3,2,0,1,2,0,1,0,0,3,0,0,0,0,0,0,0,0,0,0,0,0,0,0
4,30,2,0,16,1,one_edit,0,12,5472,5568,3776,3712,3776,3712,3776,3712,12,0,0,12,0,0,12,0,0,12,0,0,12,0,0,12,0,0,12,0,0,12,0,0,12,0,0,0,0,0,0,0,0,0,0,0,0,0,0,0,0
4,30,2,2,16,1,one_edit,0,12,5472,5568,3776,3736,3776,3736,3776,3736,12,0,0,12,0,0,12,0,0,12,0,0,12,0,0,12,0,0,12,0,0,12,0,0,12,0,0,0,0,0,0,0,0,0,0,0,0,0,0,0,0
4,30,2,4,16,1,one_edit,0,12,5472,5568,3776,3760,3776,3760,3776,3760,12,0,0,12,0,0,8,0,4,12,0,0,12,0,0,8,0,4,12,0,0,12,0,0,8,0,4,0,0,0,0,0,0,0,0,0,0,0,0,0,0
4,30,2,8,16,1,one_edit,0,12,5472,5568,3776,3808,3776,3808,3776,3808,12,0,0,12,0,0,0,4,8,12,0,0,12,0,0,0,4,8,12,0,0,12,0,0,0,4,8,0,0,0,0,0,0,0,0,0,0,0,0,0,0
4,30,2,0,16,1,far,0,33,18216,18480,11640,11520,11656,11524,11656,11524,33,0,0,33,0,0,32,1,0,33,0,0,33,0,0,32,1,0,33,0,0,33,0,0,32,1,0,2,16,8,2,16,8,0,1,4,4,1,4,4,0
4,30,2,2,16,1,far,0,33,18216,18480,11640,11586,11656,11590,11656,11590,33,0,0,33,0,0,22,0,11,33,0,0,33,0,0,22,0,11,33,0,0,33,0,0,22,0,11,2,16,8,2,16,8,0,1,4,4,1,4,4,0
4,30,2,4,16,1,far,0,33,18216,18480,11640,11652,11656,11656,11656,11656,33,0,0,33,0,0,10,6,17,33,0,0,33,0,0,9,7,17,33,0,0,33,0,0,9,7,17,2,16,8,2,16,8,0,1,4,4,1,4,4,0
4,30,2,8,16,1,far,0,33,18216,18480,11640,11784,11656,11788,11656,11788,33,0,0,33,0,0,0,6,27,33,0,0,33,0,0,2,5,26,33,0,0,33,0,0,2,5,26,2,16,8,2,16,8,0,1,4,4,1,4,4,0
4,30,2,0,16,1,one_edit,1,52,42528,30848,24480,24108,24480,24108,24480,24108,52,0,0,44,8,0,44,8,0,52,0,0,44,8,0,44,8,0,52,0,0,44,8,0,44,8,0,0,0,0,0,0,0,0,0,0,0,0,0,0,0
4,30,2,2,16,1,one_edit,1,52,42528,30848,24480,24212,24480,24212,24480,24212,52,0,0,44,0,8,44,0,8,52,0,0,44,0,8,44,0,8,52,0,0,44,0,8,44,0,8,0,0,0,0,0,0,0,0,0,0,0,0,0,0
4,30,2,4,16,1,one_edit,1,52,42528,30848,24480,24316,24480,24316,24480,24316,52,0,0,44,0,8,44,0,8,52,0,0,44,0,8,44,0,8,52,0,0,44,0,8,44,0,8,0,0,0,0,0,0,0,0,0,0,0,0,0,0
4,30,2,8,16,1,one_edit,1,52,42528,30848,24480,24524,24480,24524,24480,24524,52,0,0,44,0,8,24,10,18,52,0,0,44,0,8,24,10,18,52,0,0,44,0,8,24,10,18,0,0,0,0,0,0,0,0,0,0,0,0,0,0
4,30,2,0,16,1,far,1,143,113784,81016,66208,65454,66224,65454,66224,65454,143,0,0,125,18,0,120,23,0,143,0,0,125,18,0,120,23,0,143,0,0,125,18,0,120,23,0,2,16,8,2,16,8,0,0,0,0,0,0,0,0
4,30,2,2,16,1,far,1,143,113784,81016,66208,65740,66224,65740,66224,65740,143,0,0,125,0,18,98,16,29,143,0,0,125,0,18,98,16,29,143,0,0,125,0,18,98,16,29,2,16,8,2,16,8,0,0,0,0,0,0,0,0
4,30,2,4,16,1,far,1,143,113784,81016,66208,66026,66224,66026,66224,66026,143,0,0,125,0,18,94,2,47,143,0,0,125,0,18,94,2,47,143,0,0,125,0,18,94,2,47,2,16,8,2,16,8,0,0,0,0,0,0,0,0
4,30,2,8,16,1,far,1,143,113784,81016,66208,66598,66224,66598,66224,66598,143,0,0,125,0,18,25,25,93,143,0,0,125,0,18,27,25,91,143,0,0,125,0,18,27,25,91,2,16,8,2,16,8,0,0,0,0,0,0,0,0
4,30,2,0,16,1,unchanged,1,13,10920,6344,6168,6158,6168,6158,6168,6158,13,0,0,2,11,0,2,11,0,13,0,0,2,11,0,2,11,0,13,0,0,2,11,0,2,11,0,0,0,0,0,0,0,0,0,0,0,0,0,0,0
4,30,2,2,16,1,unchanged,1,13,10920,6344,6168,6184,6168,6184,6168,6184,13,0,0,2,0,11,2,0,11,13,0,0,2,0,11,2,0,11,13,0,0,2,0,11,2,0,11,0,0,0,0,0,0,0,0,0,0,0,0,0,0
4,30,2,4,16,1,unchanged,1,13,10920,6344,6168,6210,6168,6210,6168,6210,13,0,0,2,0,11,2,0,11,13,0,0,2,0,11,2,0,11,13,0,0,2,0,11,2,0,11,0,0,0,0,0,0,0,0,0,0,0,0,0,0
4,30,2,8,16,1,unchanged,1,13,10920,6344,6168,6262,6168,6262,6168,6262,13,0,0,2,0,11,0,0,13,13,0,0,2,0,11,0,0,13,13,0,0,2,0,11,0,0,13,0,0,0,0,0,0,0,0,0,0,0,0,0,0
4,30,2,0,16,2,unchanged,0,3,1944,1968,1216,1206,1216,1206,1216,1206,2,0,1,2,1,0,2,1,0,2,0,1,2,1,0,2,1,0,2,0,1,2,1,0,2,1,0,0,0,0,0,0,0,0,0,0,0,0,0,0,0
4,30,2,2,16,2,unchanged,0,3,1944,1968,1216,1212,1216,1212,1216,1212,2,0,1,2,0,1,2,0,1,2,0,1,2,0,1,2,0,1,2,0,1,2,0,1,2,0,1,0,0,0,0,0,0,0,0,0,0,0,0,0,0
4,30,2,4,16,2,unchanged,0,3,1944,1968,1216,1218,1216,1218,1216,1218,2,0,1,2,0,1,2,0,1,2,0,1,2,0,1,2,0,1,2,0,1,2,0,1,2,0,1,0,0,0,0,0,0,0,0,0,0,0,0,0,0
4,30,2,8,16,2,unchanged,0,3,1944,1968,1216,1230,1216,1230,1216,1230,2,0,1,2,0,1,0,0,3,2,0,1,2,0,1,0,0,3,2,0,1,2,0,1,0,0,3,0,0,0,0,0,0,0,0,0,0,0,0,0,0
4,30,2,0,16,2,one_edit,0,12,10080,10176,6528,6424,6528,6424,6528,6424,12,0,0,12,0,0,12,0,0,12,0,0,12,0,0,12,0,0,12,0,0,12,0,0,12,0,0,0,0,0,0,0,0,0,0,0,0,0,0,0,0
4,30,2,2,16,2,one_edit,0,12,10080,10176,6528,6448,6528,6448,6528,6448,12,0,0,12,0,0,12,0,0,12,0,0,12,0,0,12,0,0,12,0,0,12,0,0,12,0,0,0,0,0,0,0,0,0,0,0,0,0,0,0,0
4,30,2,4,16,2,one_edit,0,12,10080,10176,6528,6472,6528,6472,6528,6472,12,0,0,12,0,0,8,0,4,12,0,0,12,0,0,8,0,4,12,0,0,12,0,0,8,0,4,0,0,0,0,0,0,0,0,0,0,0,0,0,0
4,30,2,8,16,2,one_edit,0,12,10080,10176,6528,6520,6528,6520,6528,6520,12,0,0,12,0,0,4,0,8,12,0,0,12,0,0,4,0,8,12,0,0,12,0,0,4,0,8,0,0,0,0,0,0,0,0,0,0,0,0,0,0
4,30,2,0,16,2,far,0,33,34056,34320,20520,20308,20536,20312,20536,20312,33,0,0,33,0,0,32,1,0,33,0,0,33,0,0,32,1,0,33,0,0,33,0,0,32,1,0,2,16,8,2,16,8,0,1,4,4,1,4,4,0
4,30,2,2,16,2,far,0,33,34056,34320,20520,20374,20536,20378,20536,20378,33,0,0,33,0,0,24,0,9,33,0,0,33,0,0,24,0,9,33,0,0,33,0,0,24,0,9,2,16,8,2,16,8,0,1,4,4,1,4,4,0
4,30,2,4,16,2,far,0,33,34056,34320,20520,20440,20536,20444,20536,20444,33,0,0,33,0,0,16,0,17,33,0,0,33,0,0,16,0,17,33,0,0,33,0,0,16,0,17,2,16,8,2,16,8,0,1,4,4,1,4,4,0
4,30,2,8,16,2,far,0,33,34056,34320,20520,20572,20536,20576,20536,20576,33,0,0,33,0,0,10,0,23,33,0,0,33,0,0,12,0,21,33,0,0,33,0,0,12,0,21,2,16,8,2,16,8,0,1,4,4,1,4,4,0
4,30,2,0,16,2,one_edit,1,52,76320,56288,43488,42772,43488,42772,43488,42772,52,0,0,44,8,0,44,8,0,52,0,0,44,8,0,44,8,0,52,0,0,44,8,0,44,8,0,0,0,0,0,0,0,0,0,0,0,0,0,0,0
4,30,2,2,16,2,one_edit,1,52,76320,56288,43488,42876,43488,42876,43488,42876,52,0,0,44,0,8,44,0,8,52,0,0,44,0,8,44,0,8,52,0,0,44,0,8,44,0,8,0,0,0,0,0,0,0,0,0,0,0,0,0,0
4,30,2,4,16,2,one_edit,1,52,76320,56288,43488,42980,43488,42980,43488,42980,52,0,0,44,0,8,44,0,8,52,0,0,44,0,8,44,0,8,52,0,0,44,0,8,44,0,8,0,0,0,0,0,0,0,0,0,0,0,0,0,0
4,30,2,8,16,2,one_edit,1,52,76320,56288,43488,43188,43488,43188,43488,43188,52,0,0,44,0,8,36,0,16,52,0,0,44,0,8,36,0,16,52,0,0,44,0,8,36,0,16,0,0,0,0,0,0,0,0,0,0,0,0,0,0
4,30,2,0,16,2,far,1,143,203544,147160,117392,115866,117408,115866,117408,115866,143,0,0,125,18,0,120,23,0,143,0,0,125,18,0,120,23,0,143,0,0,125,18,0,120,23,0,2,16,8,2,16,8,0,0,0,0,0,0,0,0
4,30,2,2,16,2,far,1,143,203544,147160,117392,116152,117408,116152,117408,116152,143,0,0,125,0,18,114,0,29,143,0,0,125,0,18,114,0,29,143,0,0,125,0,18,114,0,29,2,16,8,2,16,8,0,0,0,0,0,0,0,0
4,30,2,4,16,2,far,1,143,203544,147160,117392,116438,117408,116438,117408,116438,143,0,0,125,0,18,96,16,31,143,0,0,125,0,18,96,16,31,143,0,0,125,0,18,96,16,31,2,16,8,2,16,8,0,0,0,0,0,0,0,0
4,30,2,8,16,2,far,1,143,203544,147160,117392,117010,117408,117010,117408,117010,143,0,0,125,0,18,86,0,57,143,0,0,125,0,18,88,0,55,143,0,0,125,0,18,88,0,55,2,16,8,2,16,8,0,0,0,0,0,0,0,0
4,30,2,0,16,2,unchanged,1,13,19656,11336,10968,10958,10968,10958,10968,10958,13,0,0,2,11,0,2,11,0,13,0,0,2,11,0,2,11,0,13,0,0,2,11,0,2,11,0,0,0,0,0,0,0,0,0,0,0,0,0,0,0
4,30,2,2,16,2,unchanged,1,13,19656,11336,10968,10984,10968,10984,10968,10984,13,0,0,2,0,11,2,0,11,13,0,0,2,0,11,2,0,11,13,0,0,2,0,11,2,0,11,0,0,0,0,0,0,0,0,0,0,0,0,0,0
4,30,2,4,16,2,unchanged,1,13,19656,11336,10968,11010,10968,11010,10968,11010,13,0,0,2,0,11,2,0,11,13,0,0,2,0,11,2,0,11,13,0,0,2,0,11,2,0,11,0,0,0,0,0,0,0,0,0,0,0,0,0,0
4,30,2,8,16,2,unchanged,1,13,19656,11336,10968,11062,10968,11062,10968,11062,13,0,0,2,0,11,0,0,13,13,0,0,2,0,11,0,0,13,13,0,0,2,0,11,0,0,13,0,0,0,0,0,0,0,0,0,0,0,0,0,0
4,30,2,0,16,4,unchanged,0,3,3672,3696,2176,2166,2176,2166,2176,2166,2,0,1,2,1,0,2,1,0,2,0,1,2,1,0,2,1,0,2,0,1,2,1,0,2,1,0,0,0,0,0,0,0,0,0,0,0,0,0,0,0
4,30,2,2,16,4,unchanged,0,3,3672,3696,2176,2172,2176,2172,2176,2172,2,0,1,2,0,1,2,0,1,2,0,1,2,0,1,2,0,1,2,0,1,2,0,1,2,0,1,0,0,0,0,0,0,0,0,0,0,0,0,0,0
4,30,2,4,16,4,unchanged,0,3,3672,3696,2176,2178,2176,2178,2176,2178,2,0,1,2,0,1,2,0,1,2,0,1,2,0,1,2,0,1,2,0,1,2,0,1,2,0,1,0,0,0,0,0,0,0,0,0,0,0,0,0,0
4,30,2,8,16,4,unchanged,0,3,3672,3696,2176,2190,2176,2190,2176,2190,2,0,1,2,0,1,0,0,3,2,0,1,2,0,1,0,0,3,2,0,1,2,0,1,0,0,3,0,0,0,0,0,0,0,0,0,0,0,0,0,0
4,30,2,0,16,4,one_edit,0,12,19296,19392,12032,11848,12032,11848,12032,11848,12,0,0,12,0,0,12,0,0,12,0,0,12,0,0,12,0,0,12,0,0,12,0,0,12,0,0,0,0,0,0,0,0,0,0,0,0,0,0,0,0
4,30,2,2,16,4,one_edit,0,12,19296,19392,12032,11872,12032,11872,12032,11872,12,0,0,12,0,0,12,0,0,12,0,0,12,0,0,12,0,0,12,0,0,12,0,0,12,0,0,0,0,0,0,0,0,0,0,0,0,0,0,0,0
4,30,2,4,16,4,one_edit,0,12,19296,19392,12032,11896,12032,11896,12032,11896,12,0,0,12,0,0,8,0,4,12,0,0,12,0,0,8,0,4,12,0,0,12,0,0,8,0,4,0,0,0,0,0,0,0,0,0,0,0,0,0,0
4,30,2,8,16,4,one_edit,0,12,19296,19392,12032,11944,12032,11944,12032,11944,12,0,0,12,0,0,4,0,8,12,0,0,12,0,0,4,0,8,12,0,0,12,0,0,4,0,8,0,0,0,0,0,0,0,0,0,0,0,0,0,0
4,30,2,0,16,4,far,0,33,65736,66000,38280,37884,38296,37888,38296,37888,33,0,0,33,0,0,32,1,0,33,0,0,33,0,0,32,1,0,33,0,0,33,0,0,32,1,0,2,16,8,2,16,8,0,1,4,4,1,4,4,0
4,30,2,2,16,4,far,0,33,65736,66000,38280,37950,38296,37954,38296,37954,33,0,0,33,0,0,24,0,9,33,0,0,33,0,0,24,0,9,33,0,0,33,0,0,24,0,9,2,16,8,2,16,8,0,1,4,4,1,4,4,0
4,30,2,4,16,4,far,0,33,65736,66000,38280,38016,38296,38020,38296,38020,33,0,0,33,0,0,18,0,15,33,0,0,33,0,0,18,0,15,33,0,0,33,0,0,18,0,15,2,16,8,2,16,8,0,1,4,4,1,4,4,0
4,30,2,8,16,4,far,0,33,65736,66000,38280,38148,38296,38152,38296,38152,33,0,0,33,0,0,12,0,21,33,0,0,33,0,0,14,0,19,33,0,0,33,0,0,14,0,19,2,16,8,2,16,8,0,1,4,4,1,4,4,0
4,30,2,0,16,4,one_edit,1,52,143904,107168,81504,80100,81504,80100,81504,80100,52,0,0,44,8,0,44,8,0,52,0,0,44,8,0,44,8,0,52,0,0,44,8,0,44,8,0,0,0,0,0,0,0,0,0,0,0,0,0,0,0
4,30,2,2,16,4,one_edit,1,52,143904,107168,81504,80204,81504,80204,81504,80204,52,0,0,44,0,8,44,0,8,52,0,0,44,0,8,44,0,8,52,0,0,44,0,8,44,0,8,0,0,0,0,0,0,0,0,0,0,0,0,0,0
4,30,2,4,16,4,one_edit,1,52,143904,107168,81504,80308,81504,80308,81504,80308,52,0,0,44,0,8,44,0,8,52,0,0,44,0,8,44,0,8,52,0,0,44,0,8,44,0,8,0,0,0,0,0,0,0,0,0,0,0,0,0,0
4,30,2,8,16,4,one_edit,1,52,143904,107168,81504,80516,81504,80516,81504,80516,52,0,0,44,0,8,36,0,16,52,0,0,44,0,8,36,0,16,52,0,0,44,0,8,36,0,16,0,0,0,0,0,0,0,0,0,0,0,0,0,0
4,30,2,0,16,4,far,1,143,383064,279448,219760,216690,219776,216690,219776,216690,143,0,0,125,18,0,120,23,0,143,0,0,125,18,0,120,23,0,143,0,0,125,18,0,120,23,0,2,16,8,2,16,8,0,0,0,0,0,0,0,0
4,30,2,2,16,4,far,1,143,383064,279448,219760,216976,219776,216976,219776,216976,143,0,0,125,0,18,114,0,29,143,0,0,125,0,18,114,0,29,143,0,0,125,0,18,114,0,29,2,16,8,2,16,8,0,0,0,0,0,0,0,0
4,30,2,4,16,4,far,1,143,383064,279448,219760,217262,219776,217262,219776,217262,143,0,0,125,0,18,112,0,31,143,0,0,125,0,18,112,0,31,143,0,0,125,0,18,112,0,31,2,16,8,2,16,8,0,0,0,0,0,0,0,0
4,30,2,8,16,4,far,1,143,383064,279448,219760,217834,219776,217834,219776,217834,143,0,0,125,0,18,86,16,41,143,0,0,125,0,18,88,16,39,143,0,0,125,0,18,88,16,39,2,16,8,2,16,8,0,0,0,0,0,0,0,0
4,30,2,0,16,4,unchanged,1,13,37128,21320,20568,20558,20568,20558,20568,20558,13,0,0,2,11,0,2,11,0,13,0,0,2,11,0,2,11,0,13,0,0,2,11,0,2,11,0,0,0,0,0,0,0,0,0,0,0,0,0,0,0
4,30,2,2,16,4,unchanged,1,13,37128,21320,20568,20584,20568,20584,20568,20584,13,0,0,2,0,11,2,0,11,13,0,0,2,0,11,2,0,11,13,0,0,2,0,11,2,0,11,0,0,0,0,0,0,0,0,0,0,0,0,0,0
4,30,2,4,16,4,unchanged,1,13,37128,21320,20568,20610,20568,20610,20568,20610,13,0,0,2,0,11,2,0,11,13,0,0,2,0,11,2,0,11,13,0,0,2,0,11,2,0,11,0,0,0,0,0,0,0,0,0,0,0,0,0,0
4,30,2,8,16,4,unchanged,1,13,37128,21320,20568,20662,20568,20662,20568,20662,13,0,0,2,0,11,0,0,13,13,0,0,2,0,11,0,0,13,13,0,0,2,0,11,0,0,13,0,0,0,0,0,0,0,0,0,0,0,0,0,0
4,30,4,0,1,1,unchanged,0,1,50,58,58,58,58,58,58,58,0,0,1,0,1,0,0,1,0,0,0,1,0,1,0,0,1,0,0,0,1,0,1,0,0,1,0,0,0,0,0,0,0,0,0,0,0,0,0,0,0
4,30,4,2,1,1,unchanged,0,1,50,58,58,60,58,60,58,60,0,0,1,0,0,1,0,0,1,0,0,1,0,0,1,0,0,1,0,0,1,0,0,1,0,0,1,0,0,0,0,0,0,0,0,0,0,0,0,0,0
4,30,4,4,1,1,unchanged,0,1,50,58,58,62,58,62,58,62,0,0,1,0,0,1,0,0,1,0,0,1,0,0,1,0,0,1,0,0,1,0,0,1,0,0,1,0,0,0,0,0,0,0,0,0,0,0,0,0,0
4,30,4,8,1,1,unchanged,0,1,50,58,58,66,58,66,58,66,0,0,1,0,0,1,0,0,1,0,0,1,0,0,1,0,0,1,0,0,1,0,0,1,0,0,1,0,0,0,0,0,0,0,0,0,0,0,0,0,0
4,30,4,0,1,1,one_edit,0,4,270,302,286,274,286,274,286,274,0,0,4,4,0,0,4,0,0,0,0,4,4,0,0,4,0,0,0,0,4,4,0,0,4,0,0,0,0,0,0,0,0,0,0,0,0,0,0,0,0
4,30,4,2,1,1,one_edit,0,4,270,302,286,282,286,282,286,282,0,0,4,4,0,0,4,0,0,0,0,4,4,0,0,4,0,0,0,0,4,4,0,0,4,0,0,0,0,0,0,0,0,0,0,0,0,0,0,0,0
4,30,4,4,1,1,one_edit,0,4,270,302,286,290,286,290,286,290,0,0,4,4,0,0,0,0,4,0,0,4,4,0,0,0,0,4,0,0,4,4,0,0,0,0,4,0,0,0,0,0,0,0,0,0,0,0,0,0,0
4,30,4,8,1,1,one_edit,0,4,270,302,286,306,286,306,286,306,0,0,4,0,0,4,0,0,4,0,0,4,0,0,4,0,0,4,0,0,4,0,0,4,0,0,4,0,0,0,0,0,0,0,0,0,0,0,0,0,0
4,30,4,0,1,1,far,0,11,900,988,847,825,847,825,847,825,11,0,0,11,0,0,10,1,0,11,0,0,11,0,0,10,1,0,11,0,0,11,0,0,10,1,0,0,0,0,0,0,0,0,0,0,0,0,0,0,0
4,30,4,2,1,1,far,0,11,900,988,847,847,847,847,847,847,8,0,3,11,0,0,6,0,5,8,0,3,11,0,0,6,0,5,8,0,3,11,0,0,6,0,5,0,0,0,0,0,0,0,0,0,0,0,0,0,0
4,30,4,4,1,1,far,0,11,900,988,847,869,847,869,847,869,8,0,3,11,0,0,0,0,11,8,0,3,11,0,0,0,0,11,8,0,3,11,0,0,0,0,11,0,0,0,0,0,0,0,0,0,0,0,0,0,0
4,30,4,8,1,1,far,0,11,900,988,847,913,847,913,847,913,6,1,4,11,0,0,0,0,11,6,1,4,11,0,0,0,0,11,6,1,4,11,0,0,0,0,11,0,0,0,0,0,0,0,0,0,0,0,0,0,0
4,30,4,0,1,1,one_edit,1,60,19730,10912,10568,10208,10596,10217,10596,10212,60,0,0,48,12,0,48,12,0,60,0,0,48,11,1,48,11,1,60,0,0,48,12,0,48,12,0,8,28,4,8,28,4,0,5,9,5,4,4,1,1
4,30,4,2,1,1,one_edit,1,60,19730,10912,10568,10328,10596,10337,10596,10332,60,0,0,46,2,12,46,2,12,60,0,0,42,6,12,48,0,12,60,0,0,42,6,12,48,0,12,8,28,4,8,28,4,0,5,9,5,4,4,1,1
4,30,4,4,1,1,one_edit,1,60,19730,10912,10568,10448,10596,10457,10596,10452,60,0,0,42,0,18,42,0,18,60,0,0,42,0,18,48,0,12,60,0,0,42,0,18,48,0,12,8,28,4,8,28,4,0,5,9,5,4,4,1,1
4,30,4,8,1,1,one_edit,1,60,19730,10912,10568,10688,10596,10697,10596,10692,60,0,0,38,2,20,22,8,30,60,0,0,38,2,20,24,6,30,60,0,0,38,2,20,24,6,30,8,28,4,8,28,4,0,5,9,5,4,4,1,1
4,30,4,0,1,1,unchanged,1,15,4950,2520,2504,2488,2520,2494,2520,2494,15,0,0,4,11,0,4,11,0,15,0,0,2,13,0,2,13,0,15,0,0,2,13,0,2,13,0,2,16,8,2,16,8,0,2,6,3,2,6,3,0
4,30,4,2,1,1,unchanged,1,15,4950,2520,2504,2518,2520,2524,2520,2524,15,0,0,4,0,11,4,0,11,15,0,0,2,0,13,2,0,13,15,0,0,2,0,13,2,0,13,2,16,8,2,16,8,0,2,6,3,2,6,3,0
4,30,4,4,1,1,unchanged,1,15,4950,2520,2504,2548,2520,2554,2520,2554,15,0,0,2,0,13,2,0,13,15,0,0,2,0,13,2,0,13,15,0,0,2,0,13,2,0,13,2,16,8,2,16,8,0,2,6,3,2,6,3,0
4,30,4,8,1,1,unchanged,1,15,4950,2520,2504,2608,2520,2614,2520,2614,15,0,0,2,0,13,0,0,15,15,0,0,2,0,13,2,0,13,15,0,0,2,0,13,2,0,13,2,16,8,2,16,8,0,2,6,3,2,6,3,0
4,30,4,0,1,1,far,1,165,54100,29760,29051,28493,29261,28578,29261,28554,165,0,0,133,32,0,132,33,0,165,0,0,127,25,13,130,28,7,165,0,0,127,29,9,130,32,3,57,210,8,57,210,8,0,30,85,7,26,61,4,4
4,30,4,2,1,1,far,1,165,54100,29760,29051,28823,29261,28908,29261,28884,165,0,0,106,21,38,88,28,49,165,0,0,102,23,40,105,13,47,165,0,0,102,23,40,105,13,47,57,210,8,57,210,8,0,30,85,7,26,61,4,4
4,30,4,4,1,1,far,1,165,54100,29760,29051,29153,29261,29238,29261,29214,165,0,0,102,0,63,66,12,87,165,0,0,93,7,65,88,13,64,165,0,0,93,7,65,88,13,64,57,210,8,57,210,8,0,30,85,7,26,61,4,4
4,30,4,8,1,1,far,1,165,54100,29760,29051,29813,29261,29898,29261,29874,165,0,0,67,0,98,0,10,155,165,0,0,65,1,99,14,16,135,165,0,0,65,1,99,14,16,135,57,210,8,57,210,8,0,30,85,7,26,61,4,4
4,30,4,0,1,2,unchanged,0,1,60,68,68,68,68,68,68,68,0,0,1,0,1,0,0,1,0,0,0,1,0,1,0,0,1,0,0,0,1,0,1,0,0,1,0,0,0,0,0,0,0,0,0,0,0,0,0,0,0
4,30,4,2,1,2,unchanged,0,1,60,68,68,70,68,70,68,70,0,0,1,0,0,1,0,0,1,0,0,1,0,0,1,0,0,1,0,0,1,0,0,1,0,0,1,0,0,0,0,0,0,0,0,0,0,0,0,0,0
4,30,4,4,1,2,unchanged,0,1,60,68,68,72,68,72,68,72,0,0,1,0,0,1,0,0,1,0,0,1,0,0,1,0,0,1,0,0,1,0,0,1,0,0,1,0,0,0,0,0,0,0,0,0,0,0,0,0,0
4,30,4,8,1,2,unchanged,0,1,60,68,68,76,68,76,68,76,0,0,1,0,0,1,0,0,1,0,0,1,0,0,1,0,0,1,0,0,1,0,0,1,0,0,1,0,0,0,0,0,0,0,0,0,0,0,0,0,0
4,30,4,0,1,2,one_edit,0,4,380,412,348,336,348,336,348,336,4,0,0,4,0,0,4,0,0,4,0,0,4,0,0,4,0,0,4,0,0,4,0,0,4,0,0,0,0,0,0,0,0,0,0,0,0,0,0,0,0
4,30,4,2,1,2,one_edit,0,4,380,412,348,344,348,344,348,344,4,0,0,4,0,0,4,0,0,4,0,0,4,0,0,4,0,0,4,0,0,4,0,0,4,0,0,0,0,0,0,0,0,0,0,0,0,0,0,0,0
4,30,4,4,1,2,one_edit,0,4,380,412,348,352,348,352,348,352,4,0,0,4,0,0,0,0,4,4,0,0,4,0,0,0,0,4,4,0,0,4,0,0,0,0,4,0,0,0,0,0,0,0,0,0,0,0,0,0,0
4,30,4,8,1,2,one_edit,0,4,380,412,348,368,348,368,348,368,4,0,0,4,0,0,0,0,4,4,0,0,4,0,0,0,0,4,4,0,0,4,0,0,0,0,4,0,0,0,0,0,0,0,0,0,0,0,0,0,0
4,30,4,0,1,2,far,0,11,1360,1448,1078,1056,1078,1056,1078,1056,11,0,0,11,0,0,10,1,0,11,0,0,11,0,0,10,1,0,11,0,0,11,0,0,10,1,0,0,0,0,0,0,0,0,0,0,0,0,0,0,0
4,30,4,2,1,2,far,0,11,1360,1448,1078,1078,1078,1078,1078,1078,11,0,0,11,0,0,6,0,5,11,0,0,11,0,0,6,0,5,11,0,0,11,0,0,6,0,5,0,0,0,0,0,0,0,0,0,0,0,0,0,0
4,30,4,4,1,2,far,0,11,1360,1448,1078,1100,1078,1100,1078,1100,11,0,0,11,0,0,0,0,11,11,0,0,11,0,0,0,0,11,11,0,0,11,0,0,0,0,11,0,0,0,0,0,0,0,0,0,0,0,0,0,0
4,30,4,8,1,2,far,0,11,1360,1448,1078,1144,1078,1144,1078,1144,11,0,0,11,0,0,0,0,11,11,0,0,11,0,0,0,0,11,11,0,0,11,0,0,0,0,11,0,0,0,0,0,0,0,0,0,0,0,0,0,0
4,30,4,0,1,2,one_edit,1,60,23620,13664,12852,12212,12952,12251,12952,12236,60,0,0,50,10,0,50,10,0,60,0,0,48,11,1,47,12,1,60,0,0,48,12,0,48,12,0,18,100,8,18,100,8,0,14,39,10,12,24,3,2
4,30,4,2,1,2,one_edit,1,60,23620,13664,12852,12332,12952,12371,12952,12356,60,0,0,50,0,10,50,0,10,60,0,0,48,0,12,47,0,13,60,0,0,48,0,12,48,0,12,18,100,8,18,100,8,0,14,39,10,12,24,3,2
4,30,4,4,1,2,one_edit,1,60,23620,13664,12852,12452,12952,12491,12952,12476,60,0,0,48,0,12,48,0,12,60,0,0,43,5,12,47,0,13,60,0,0,43,5,12,48,0,12,18,100,8,18,100,8,0,14,39,10,12,24,3,2
4,30,4,8,1,2,one_edit,1,60,23620,13664,12852,12692,12952,12731,12952,12716,60,0,0,42,0,18,30,0,30,60,0,0,42,0,18,38,0,22,60,0,0,42,0,18,38,0,22,18,100,8,18,100,8,0,14,39,10,12,24,3,2
4,30,4,0,1,2,unchanged,1,15,5940,3000,2944,2924,3000,2942,3000,2942,15,0,0,4,11,0,4,11,0,15,0,0,2,13,0,2,13,0,15,0,0,2,13,0,2,13,0,4,56,24,4,56,24,0,2,18,9,2,18,9,0
4,30,4,2,1,2,unchanged,1,15,5940,3000,2944,2954,3000,2972,3000,2972,15,0,0,4,0,11,4,0,11,15,0,0,2,0,13,2,0,13,15,0,0,2,0,13,2,0,13,4,56,24,4,56,24,0,2,18,9,2,18,9,0
4,30,4,4,1,2,unchanged,1,15,5940,3000,2944,2984,3000,3002,3000,3002,15,0,0,4,0,11,4,0,11,15,0,0,2,0,13,2,0,13,15,0,0,2,0,13,2,0,13,4,56,24,4,56,24,0,2,18,9,2,18,9,0
4,30,4,8,1,2,unchanged,1,15,5940,3000,2944,3044,3000,3062,3000,3062,15,0,0,4,0,11,0,0,15,15,0,0,2,0,13,2,0,13,15,0,0,2,0,13,2,0,13,4,56,24,4,56,24,0,2,18,9,2,18,9,0
4,30,4,0,1,2,far,1,165,64640,37080,35356,34314,35946,34555,35946,34493,165,0,0,139,26,0,138,27,0,165,0,0,130,23,12,129,26,10,165,0,0,130,27,8,131,30,4,106,590,8,106,590,8,0,49,241,14,43,179,9,6
4,30,4,2,1,2,far,1,165,64640,37080,35356,34644,35946,34885,35946,34823,165,0,0,135,4,26,120,6,39,165,0,0,128,2,35,125,0,40,165,0,0,128,2,35,125,0,40,106,590,8,106,590,8,0,49,241,14,43,179,9,6
4,30,4,4,1,2,far,1,165,64640,37080,35356,34974,35946,35215,35946,35153,165,0,0,111,18,36,86,26,53,165,0,0,103,22,40,106,12,47,165,0,0,103,22,40,106,12,47,106,590,8,106,590,8,0,49,241,14,43,179,9,6
4,30,4,8,1,2,far,1,165,64640,37080,35356,35634,35946,35875,35946,35813,165,0,0,107,0,58,64,0,101,165,0,0,96,7,62,97,1,67,165,0,0,96,7,62,97,1,67,106,590,8,106,590,8,0,49,241,14,43,179,9,6
4,30,4,0,1,4,unchanged,0,1,80,88,88,88,88,88,88,88,0,0,1,0,1,0,0,1,0,0,0,1,0,1,0,0,1,0,0,0,1,0,1,0,0,1,0,0,0,0,0,0,0,0,0,0,0,0,0,0,0
4,30,4,2,1,4,unchanged,0,1,80,88,88,90,88,90,88,90,0,0,1,0,0,1,0,0,1,0,0,1,0,0,1,0,0,1,0,0,1,0,0,1,0,0,1,0,0,0,0,0,0,0,0,0,0,0,0,0,0
4,30,4,4,1,4,unchanged,0,1,80,88,88,92,88,92,88,92,0,0,1,0,0,1,0,0,1,0,0,1,0,0,1,0,0,1,0,0,1,0,0,1,0,0,1,0,0,0,0,0,0,0,0,0,0,0,0,0,0
4,30,4,8,1,4,unchanged,0,1,80,88,88,96,88,96,88,96,0,0,1,0,0,1,0,0,1,0,0,1,0,0,1,0,0,1,0,0,1,0,0,1,0,0,1,0,0,0,0,0,0,0,0,0,0,0,0,0,0
4,30,4,0,1,4,one_edit,0,4,600,632,472,460,472,460,472,460,4,0,0,4,0,0,4,0,0,4,0,0,4,0,0,4,0,0,4,0,0,4,0,0,4,0,0,0,0,0,0,0,0,0,0,0,0,0,0,0,0
4,30,4,2,1,4,one_edit,0,4,600,632,472,468,472,468,472,468,4,0,0,4,0,0,4,0,0,4,0,0,4,0,0,4,0,0,4,0,0,4,0,0,4,0,0,0,0,0,0,0,0,0,0,0,0,0,0,0,0
4,30,4,4,1,4,one_edit,0,4,600,632,472,476,472,476,472,476,4,0,0,4,0,0,0,0,4,4,0,0,4,0,0,0,0,4,4,0,0,4,0,0,0,0,4,0,0,0,0,0,0,0,0,0,0,0,0,0,0
4,30,4,8,1,4,one_edit,0,4,600,632,472,492,472,492,472,492,4,0,0,4,0,0,0,0,4,4,0,0,4,0,0,0,0,4,4,0,0,4,0,0,0,0,4,0,0,0,0,0,0,0,0,0,0,0,0,0,0
4,30,4,0,1,4,far,0,11,2280,2368,1540,1518,1540,1518,1540,1518,11,0,0,11,0,0,10,1,0,11,0,0,11,0,0,10,1,0,11,0,0,11,0,0,10,1,0,0,0,0,0,0,0,0,0,0,0,0,0,0,0
4,30,4,2,1,4,far,0,11,2280,2368,1540,1540,1540,1540,1540,1540,11,0,0,11,0,0,6,0,5,11,0,0,11,0,0,6,0,5,11,0,0,11,0,0,6,0,5,0,0,0,0,0,0,0,0,0,0,0,0,0,0
4,30,4,4,1,4,far,0,11,2280,2368,1540,1562,1540,1562,1540,1562,11,0,0,11,0,0,0,0,11,11,0,0,11,0,0,0,0,11,11,0,0,11,0,0,0,0,11,0,0,0,0,0,0,0,0,0,0,0,0,0,0
4,30,4,8,1,4,far,0,11,2280,2368,1540,1606,1540,1606,1540,1606,11,0,0,11,0,0,0,0,11,11,0,0,11,0,0,0,0,11,11,0,0,11,0,0,0,0,11,0,0,0,0,0,0,0,0,0,0,0,0,0,0
4,30,4,0,1,4,one_edit,1,60,31400,19168,17412,16216,17664,16319,17664,16284,60,0,0,50,10,0,50,10,0,60,0,0,48,11,1,47,11,2,60,0,0,48,12,0,48,12,0,20,252,24,20,252,24,0,14,103,20,12,68,9,2
4,30,4,2,1,4,one_edit,1,60,31400,19168,17412,16336,17664,16439,17664,16404,60,0,0,50,0,10,50,0,10,60,0,0,48,0,12,47,0,13,60,0,0,48,0,12,48,0,12,20,252,24,20,252,24,0,14,103,20,12,68,9,2
4,30,4,4,1,4,one_edit,1,60,31400,19168,17412,16456,17664,16559,17664,16524,60,0,0,50,0,10,50,0,10,60,0,0,48,0,12,47,0,13,60,0,0,48,0,12,48,0,12,20,252,24,20,252,24,0,14,103,20,12,68,9,2
4,30,4,8,1,4,one_edit,1,60,31400,19168,17412,16696,17664,16799,17664,16764,60,0,0,50,0,10,36,0,24,60,0,0,43,5,12,38,0,22,60,0,0,43,5,12,38,0,22,20,252,24,20,252,24,0,14,103,20,12,68,9,2
4,30,4,0,1,4,unchanged,1,15,7920,3960,3816,3796,3960,3838,3960,3838,15,0,0,4,11,0,4,11,0,15,0,0,2,13,0,2,13,0,15,0,0,2,13,0,2,13,0,4,144,56,4,144,56,0,2,42,21,2,42,21,0
4,30,4,2,1,4,unchanged,1,15,7920,3960,3816,3826,3960,3868,3960,3868,15,0,0,4,0,11,4,0,11,15,0,0,2,0,13,2,0,13,15,0,0,2,0,13,2,0,13,4,144,56,4,144,56,0,2,42,21,2,42,21,0
4,30,4,4,1,4,unchanged,1,15,7920,3960,3816,3856,3960,3898,3960,3898,15,0,0,4,0,11,4,0,11,15,0,0,2,0,13,2,0,13,15,0,0,2,0,13,2,0,13,4,144,56,4,144,56,0,2,42,21,2,42,21,0
4,30,4,8,1,4,unchanged,1,15,7920,3960,3816,3916,3960,3958,3960,3958,15,0,0,4,0,11,0,0,15,15,0,0,2,0,13,2,0,13,15,0,0,2,0,13,2,0,13,4,144,56,4,144,56,0,2,42,21,2,42,21,0
4,30,4,0,1,4,far,1,165,85720,51720,47926,45944,49316,46509,49316,46351,165,0,0,139,26,0,138,27,0,165,0,0,131,22,12,130,25,10,165,0,0,131,26,8,132,29,4,112,1390,24,112,1390,24,0,49,565,28,43,407,25,8
4,30,4,2,1,4,far,1,165,85720,51720,47926,46274,49316,46839,49316,46681,165,0,0,139,0,26,126,0,39,165,0,0,131,0,34,126,0,39,165,0,0,131,0,34,126,0,39,112,1390,24,112,1390,24,0,49,565,28,43,407,25,8
4,30,4,4,1,4,far,1,165,85720,51720,47926,46604,49316,47169,49316,47011,165,0,0,135,4,26,118,6,41,165,0,0,129,2,34,124,0,41,165,0,0,129,2,34,124,0,41,112,1390,24,112,1390,24,0,49,565,28,43,407,25,8
4,30,4,8,1,4,far,1,165,85720,51720,47926,47264,49316,47829,49316,47671,165,0,0,117,18,30,74,26,65,165,0,0,106,22,37,107,12,46,165,0,0,106,22,37,107,12,46,112,1390,24,112,1390,24,0,49,565,28,43,407,25,8
4,30,4,0,4,1,unchanged,0,1,80,88,88,88,88,88,88,88,0,0,1,0,1,0,0,1,0,0,0,1,0,1,0,0,1,0,0,0,1,0,1,0,0,1,0,0,0,0,0,0,0,0,0,0,0,0,0,0,0
4,30,4,2,4,1,unchanged,0,1,80,88,88,90,88,90,88,90,0,0,1,0,0,1,0,0,1,0,0,1,0,0,1,0,0,1,0,0,1,0,0,1,0,0,1,0,0,0,0,0,0,0,0,0,0,0,0,0,0
4,30,4,4,4,1,unchanged,0,1,80,88,88,92,88,92,88,92,0,0,1,0,0,1,0,0,1,0,0,1,0,0,1,0,0,1,0,0,1,0,0,1,0,0,1,0,0,0,0,0,0,0,0,0,0,0,0,0,0
4,30,4,8,4,1,unchanged,0,1,80,88,88,96,88,96,88,96,0,0,1,0,0,1,0,0,1,0,0,1,0,0,1,0,0,1,0,0,1,0,0,1,0,0,1,0,0,0,0,0,0,0,0,0,0,0,0,0,0
4,30,4,0,4,1,one_edit,0,4,600,632,472,460,472,460,472,460,4,0,0,4,0,0,4,0,0,4,0,0,4,0,0,4,0,0,4,0,0,4,0,0,4,0,0,0,0,0,0,0,0,0,0,0,0,0,0,0,0
4,30,4,2,4,1,one_edit,0,4,600,632,472,468,472,468,472,468,4,0,0,4,0,0,4,0,0,4,0,0,4,0,0,4,0,0,4,0,0,4,0,0,4,0,0,0,0,0,0,0,0,0,0,0,0,0,0,0,0
4,30,4,4,4,1,one_edit,0,4,600,632,472,476,472,476,472,476,4,0,0,4,0,0,0,0,4,4,0,0,4,0,0,0,0,4,4,0,0,4,0,0,0,0,4,0,0,0,0,0,0,0,0,0,0,0,0,0,0
4,30,4,8,4,1,one_edit,0,4,600,632,472,492,472,492,472,492,4,0,0,4,0,0,0,0,4,4,0,0,4,0,0,0,0,4,4,0,0,4,0,0,0,0,4,0,0,0,0,0,0,0,0,0,0,0,0,0,0
4,30,4,0,4,1,far,0,11,2280,2368,1540,1518,1540,1518,1540,1518,11,0,0,11,0,0,10,1,0,11,0,0,11,0,0,10,1,0,11,0,0,11,0,0,10,1,0,0,0,0,0,0,0,0,0,0,0,0,0,0,0
4,30,4,2,4,1,far,0,11,2280,2368,1540,1540,1540,1540,1540,1540,11,0,0,11,0,0,6,0,5,11,0,0,11,0,0,6,0,5,11,0,0,11,0,0,6,0,5,0,0,0,0,0,0,0,0,0,0,0,0,0,0
4,30,4,4,4,1,far,0,11,2280,2368,1540,1562,1540,1562,1540,1562,11,0,0,11,0,0,0,0,11,11,0,0,11,0,0,0,0,11,11,0,0,11,0,0,0,0,11,0,0,0,0,0,0,0,0,0,0,0,0,0,0
4,30,4,8,4,1,far,0,11,2280,2368,1540,1606,1540,1606,1540,1606,11,0,0,11,0,0,0,0,11,11,0,0,11,0,0,0,0,11,11,0,0,11,0,0,0,0,11,0,0,0,0,0,0,0,0,0,0,0,0,0,0
4,30,4,0,4,1,one_edit,1,60,31400,19168,15848,15408,15880,15408,15848,15408,60,0,0,56,4,0,56,4,0,60,0,0,56,4,0,56,4,0,60,0,0,56,4,0,56,4,0,4,32,8,0,0,0,4,0,0,0,0,0,0,0
4,30,4,2,4,1,one_edit,1,60,31400,19168,15848,15528,15880,15528,15848,15528,60,0,0,52,4,4,52,4,4,60,0,0,52,4,4,56,0,4,60,0,0,52,4,4,52,4,4,4,32,8,0,0,0,4,0,0,0,0,0,0,0
4,30,4,4,4,1,one_edit,1,60,31400,19168,15848,15648,15880,15648,15848,15648,60,0,0,52,0,8,52,0,8,60,0,0,52,0,8,56,0,4,60,0,0,52,0,8,52,0,8,4,32,8,0,0,0,4,0,0,0,0,0,0,0
4,30,4,8,4,1,one_edit,1,60,31400,19168,15848,15888,15880,15888,15848,15888,60,0,0,52,0,8,28,8,24,60,0,0,52,0,8,32,8,20,60,0,0,52,0,8,28,8,24,4,32,8,0,0,0,4,0,0,0,0,0,0,0
4,30,4,0,4,1,unchanged,1,15,7920,3960,3816,3796,3816,3796,3816,3796,15,0,0,4,11,0,4,11,0,15,0,0,4,11,0,4,11,0,15,0,0,4,11,0,4,11,0,0,0,0,0,0,0,0,0,0,0,0,0,0,0
4,30,4,2,4,1,unchanged,1,15,7920,3960,3816,3826,3816,3826,3816,3826,15,0,0,4,0,11,4,0,11,15,0,0,4,0,11,4,0,11,15,0,0,4,0,11,4,0,11,0,0,0,0,0,0,0,0,0,0,0,0,0,0
4,30,4,4,4,1,unchanged,1,15,7920,3960,3816,3856,3816,3856,3816,3856,15,0,0,4,0,11,4,0,11,15,0,0,4,0,11,4,0,11,15,0,0,4,0,11,4,0,11,0,0,0,0,0,0,0,0,0,0,0,0,0,0
4,30,4,8,4,1,unchanged,1,15,7920,3960,3816,3916,3816,3916,3816,3916,15,0,0,4,0,11,0,0,15,15,0,0,4,0,11,0,0,15,15,0,0,4,0,11,0,0,15,0,0,0,0,0,0,0,0,0,0,0,0,0,0
4,30,4,0,4,1,far,1,165,85720,51720,43436,42716,43468,42736,43452,42736,165,0,0,147,18,0,142,23,0,165,0,0,147,14,4,142,21,2,165,0,0,147,14,4,140,21,4,4,32,8,2,16,8,2,6,20,6,6,20,6,0
4,30,4,2,4,1,far,1,165,85720,51720,43436,43046,43468,43066,43452,43066,165,0,0,147,0,18,104,28,33,165,0,0,147,0,18,105,27,33,165,0,0,147,0,18,104,26,35,4,32,8,2,16,8,2,6,20,6,6,20,6,0
4,30,4,4,4,1,far,1,165,85720,51720,43436,43376,43468,43396,43452,43396,165,0,0,147,0,18,90,14,61,165,0,0,147,0,18,91,14,60,165,0,0,147,0,18,90,14,61,4,32,8,2,16,8,2,6,20,6,6,20,6,0
4,30,4,8,4,1,far,1,165,85720,51720,43436,44036,43468,44056,43452,44056,165,0,0,147,0,18,12,10,143,165,0,0,147,0,18,14,10,141,165,0,0,147,0,18,14,10,141,4,32,8,2,16,8,2,6,20,6,6,20,6,0
4,30,4,0,4,2,unchanged,0,1,120,128,128,128,128,128,128,128,0,0,1,0,1,0,0,1,0,0,0,1,0,1,0,0,1,0,0,0,1,0,1,0,0,1,0,0,0,0,0,0,0,0,0,0,0,0,0,0,0
4,30,4,2,4,2,unchanged,0,1,120,128,128,130,128,130,128,130,0,0,1,0,0,1,0,0,1,0,0,1,0,0,1,0,0,1,0,0,1,0,0,1,0,0,1,0,0,0,0,0,0,0,0,0,0,0,0,0,0
4,30,4,4,4,2,unchanged,0,1,120,128,128,132,128,132,128,132,0,0,1,0,0,1,0,0,1,0,0,1,0,0,1,0,0,1,0,0,1,0,0,1,0,0,1,0,0,0,0,0,0,0,0,0,0,0,0,0,0
4,30,4,8,4,2,unchanged,0,1,120,128,128,136,128,136,128,136,0,0,1,0,0,1,0,0,1,0,0,1,0,0,1,0,0,1,0,0,1,0,0,1,0,0,1,0,0,0,0,0,0,0,0,0,0,0,0,0,0
4,30,4,0,4,2,one_edit,0,4,1040,1072,720,708,720,708,720,708,4,0,0,4,0,0,4,0,0,4,0,0,4,0,0,4,0,0,4,0,0,4,0,0,4,0,0,0,0,0,0,0,0,0,0,0,0,0,0,0,0
4,30,4,2,4,2,one_edit,0,4,1040,1072,720,716,720,716,720,716,4,0,0,4,0,0,4,0,0,4,0,0,4,0,0,4,0,0,4,0,0,4,0,0,4,0,0,0,0,0,0,0,0,0,0,0,0,0,0,0,0
4,30,4,4,4,2,one_edit,0,4,1040,1072,720,724,720,724,720,724,4,0,0,4,0,0,0,0,4,4,0,0,4,0,0,0,0,4,4,0,0,4,0,0,0,0,4,0,0,0,0,0,0,0,0,0,0,0,0,0,0
4,30,4,8,4,2,one_edit,0,4,1040,1072,720,740,720,740,720,740,4,0,0,4,0,0,0,0,4,4,0,0,4,0,0,0,0,4,4,0,0,4,0,0,0,0,4,0,0,0,0,0,0,0,0,0,0,0,0,0,0
4,30,4,0,4,2,far,0,11,4120,4208,2464,2442,2464,2442,2464,2442,11,0,0,11,0,0,10,1,0,11,0,0,11,0,0,10,1,0,11,0,0,11,0,0,10,1,0,0,0,0,0,0,0,0,0,0,0,0,0,0,0
4,30,4,2,4,2,far,0,11,4120,4208,2464,2464,2464,2464,2464,2464,11,0,0,11,0,0,6,0,5,11,0,0,11,0,0,6,0,5,11,0,0,11,0,0,6,0,5,0,0,0,0,0,0,0,0,0,0,0,0,0,0
4,30,4,4,4,2,far,0,11,4120,4208,2464,2486,2464,2486,2464,2486,11,0,0,11,0,0,0,0,11,11,0,0,11,0,0,0,0,11,11,0,0,11,0,0,0,0,11,0,0,0,0,0,0,0,0,0,0,0,0,0,0
4,30,4,8,4,2,far,0,11,4120,4208,2464,2530,2464,2530,2464,2530,11,0,0,11,0,0,0,0,11,11,0,0,11,0,0,0,0,11,11,0,0,11,0,0,0,0,11,0,0,0,0,0,0,0,0,0,0,0,0,0,0
4,30,4,0,4,2,one_edit,1,60,46960,30176,23440,22648,23536,22648,23440,22648,60,0,0,56,4,0,56,4,0,60,0,0,56,4,0,56,4,0,60,0,0,56,4,0,56,4,0,8,96,16,0,0,0,8,0,0,0,0,0,0,0
4,30,4,2,4,2,one_edit,1,60,46960,30176,23440,22768,23536,22768,23440,22768,60,0,0,56,0,4,56,0,4,60,0,0,56,0,4,56,0,4,60,0,0,56,0,4,56,0,4,8,96,16,0,0,0,8,0,0,0,0,0,0,0
4,30,4,4,4,2,one_edit,1,60,46960,30176,23440,22888,23536,22888,23440,22888,60,0,0,52,4,4,52,4,4,60,0,0,52,4,4,56,0,4,60,0,0,52,4,4,52,4,4,8,96,16,0,0,0,8,0,0,0,0,0,0,0
4,30,4,8,4,2,one_edit,1,60,46960,30176,23440,23128,23536,23128,23440,23128,60,0,0,52,0,8,44,0,16,60,0,0,52,0,8,48,0,12,60,0,0,52,0,8,44,0,16,8,96,16,0,0,0,8,0,0,0,0,0,0,0
4,30,4,0,4,2,unchanged,1,15,11880,5880,5560,5540,5560,5540,5560,5540,15,0,0,4,11,0,4,11,0,15,0,0,4,11,0,4,11,0,15,0,0,4,11,0,4,11,0,0,0,0,0,0,0,0,0,0,0,0,0,0,0
4,30,4,2,4,2,unchanged,1,15,11880,5880,5560,5570,5560,5570,5560,5570,15,0,0,4,0,11,4,0,11,15,0,0,4,0,11,4,0,11,15,0,0,4,0,11,4,0,11,0,0,0,0,0,0,0,0,0,0,0,0,0,0
4,30,4,4,4,2,unchanged,1,15,11880,5880,5560,5600,5560,5600,5560,5600,15,0,0,4,0,11,4,0,11,15,0,0,4,0,11,4,0,11,15,0,0,4,0,11,4,0,11,0,0,0,0,0,0,0,0,0,0,0,0,0,0
4,30,4,8,4,2,unchanged,1,15,11880,5880,5560,5660,5560,5660,5560,5660,15,0,0,4,0,11,0,0,15,15,0,0,4,0,11,0,0,15,15,0,0,4,0,11,0,0,15,0,0,0,0,0,0,0,0,0,0,0,0,0,0
4,30,4,0,4,2,far,1,165,127880,81000,64296,62868,64360,62924,64312,62924,165,0,0,147,18,0,142,23,0,165,0,0,147,14,4,141,21,3,165,0,0,147,14,4,138,21,6,6,64,16,2,16,8,4,10,56,12,10,56,12,0
4,30,4,2,4,2,far,1,165,127880,81000,64296,63198,64360,63254,64312,63254,165,0,0,147,0,18,132,2,31,165,0,0,147,0,18,133,0,32,165,0,0,147,0,18,130,0,35,6,64,16,2,16,8,4,10,56,12,10,56,12,0
4,30,4,4,4,2,far,1,165,127880,81000,64296,63528,64360,63584,64312,63584,165,0,0,147,0,18,104,26,35,165,0,0,147,0,18,104,27,34,165,0,0,147,0,18,102,26,37,6,64,16,2,16,8,4,10,56,12,10,56,12,0
4,30,4,8,4,2,far,1,165,127880,81000,64296,64188,64360,64244,64312,64244,165,0,0,147,0,18,92,0,73,165,0,0,147,0,18,96,0,69,165,0,0,147,0,18,94,0,71,6,64,16,2,16,8,4,10,56,12,10,56,12,0
4,30,4,0,4,4,unchanged,0,1,200,208,208,208,208,208,208,208,0,0,1,0,1,0,0,1,0,0,0,1,0,1,0,0,1,0,0,0,1,0,1,0,0,1,0,0,0,0,0,0,0,0,0,0,0,0,0,0,0
4,30,4,2,4,4,unchanged,0,1,200,208,208,210,208,210,208,210,0,0,1,0,0,1,0,0,1,0,0,1,0,0,1,0,0,1,0,0,1,0,0,1,0,0,1,0,0,0,0,0,0,0,0,0,0,0,0,0,0
4,30,4,4,4,4,unchanged,0,1,200,208,208,212,208,212,208,212,0,0,1,0,0,1,0,0,1,0,0,1,0,0,1,0,0,1,0,0,1,0,0,1,0,0,1,0,0,0,0,0,0,0,0,0,0,0,0,0,0
4,30,4,8,4,4,unchanged,0,1,200,208,208,216,208,216,208,216,0,0,1,0,0,1,0,0,1,0,0,1,0,0,1,0,0,1,0,0,1,0,0,1,0,0,1,0,0,0,0,0,0,0,0,0,0,0,0,0,0
4,30,4,0,4,4,one_edit,0,4,1920,1952,1216,1204,1216,1204,1216,1204,4,0,0,4,0,0,4,0,0,4,0,0,4,0,0,4,0,0,4,0,0,4,0,0,4,0,0,0,0,0,0,0,0,0,0,0,0,0,0,0,0
4,30,4,2,4,4,one_edit,0,4,1920,1952,1216,1212,1216,1212,1216,1212,4,0,0,4,0,0,4,0,0,4,0,0,4,0,0,4,0,0,4,0,0,4,0,0,4,0,0,0,0,0,0,0,0,0,0,0,0,0,0,0,0
4,30,4,4,4,4,one_edit,0,4,1920,1952,1216,1220,1216,1220,1216,1220,4,0,0,4,0,0,0,0,4,4,0,0,4,0,0,0,0,4,4,0,0,4,0,0,0,0,4,0,0,0,0,0,0,0,0,0,0,0,0,0,0
4,30,4,8,4,4,one_edit,0,4,1920,1952,1216,1236,1216,1236,1216,1236,4,0,0,4,0,0,0,0,4,4,0,0,4,0,0,0,0,4,4,0,0,4,0,0,0,0,4,0,0,0,0,0,0,0,0,0,0,0,0,0,0
4,30,4,0,4,4,far,0,11,7800,7888,4312,4290,4312,4290,4312,4290,11,0,0,11,0,0,10,1,0,11,0,0,11,0,0,10,1,0,11,0,0,11,0,0,10,1,0,0,0,0,0,0,0,0,0,0,0,0,0,0,0
4,30,4,2,4,4,far,0,11,7800,7888,4312,4312,4312,4312,4312,4312,11,0,0,11,0,0,6,0,5,11,0,0,11,0,0,6,0,5,11,0,0,11,0,0,6,0,5,0,0,0,0,0,0,0,0,0,0,0,0,0,0
4,30,4,4,4,4,far,0,11,7800,7888,4312,4334,4312,4334,4312,4334,11,0,0,11,0,0,0,0,11,11,0,0,11,0,0,0,0,11,11,0,0,11,0,0,0,0,11,0,0,0,0,0,0,0,0,0,0,0,0,0,0
4,30,4,8,4,4,far,0,11,7800,7888,4312,4378,4312,4378,4312,4378,11,0,0,11,0,0,0,0,11,11,0,0,11,0,0,0,0,11,11,0,0,11,0,0,0,0,11,0,0,0,0,0,0,0,0,0,0,0,0,0,0
4,30,4,0,4,4,one_edit,1,60,78080,52192,38624,37128,38848,37128,38624,37128,60,0,0,56,4,0,56,4,0,60,0,0,56,4,0,56,4,0,60,0,0,56,4,0,56,4,0,8,224,32,0,0,0,8,0,0,0,0,0,0,0
4,30,4,2,4,4,one_edit,1,60,78080,52192,38624,37248,38848,37248,38624,37248,60,0,0,56,0,4,56,0,4,60,0,0,56,0,4,56,0,4,60,0,0,56,0,4,56,0,4,8,224,32,0,0,0,8,0,0,0,0,0,0,0
4,30,4,4,4,4,one_edit,1,60,78080,52192,38624,37368,38848,37368,38624,37368,60,0,0,56,0,4,56,0,4,60,0,0,56,0,4,56,0,4,60,0,0,56,0,4,56,0,4,8,224,32,0,0,0,8,0,0,0,0,0,0,0
4,30,4,8,4,4,one_edit,1,60,78080,52192,38624,37608,38848,37608,38624,37608,60,0,0,52,4,4,44,4,12,60,0,0,52,4,4,48,0,12,60,0,0,52,4,4,44,4,12,8,224,32,0,0,0,8,0,0,0,0,0,0,0
4,30,4,0,4,4,unchanged,1,15,19800,9720,9048,9028,9048,9028,9048,9028,15,0,0,4,11,0,4,11,0,15,0,0,4,11,0,4,11,0,15,0,0,4,11,0,4,11,0,0,0,0,0,0,0,0,0,0,0,0,0,0,0
4,30,4,2,4,4,unchanged,1,15,19800,9720,9048,9058,9048,9058,9048,9058,15,0,0,4,0,11,4,0,11,15,0,0,4,0,11,4,0,11,15,0,0,4,0,11,4,0,11,0,0,0,0,0,0,0,0,0,0,0,0,0,0
4,30,4,4,4,4,unchanged,1,15,19800,9720,9048,9088,9048,9088,9048,9088,15,0,0,4,0,11,4,0,11,15,0,0,4,0,11,4,0,11,15,0,0,4,0,11,4,0,11,0,0,0,0,0,0,0,0,0,0,0,0,0,0
4,30,4,8,4,4,unchanged,1,15,19800,9720,9048,9148,9048,9148,9048,9148,15,0,0,4,0,11,0,0,15,15,0,0,4,0,11,0,0,15,15,0,0,4,0,11,0,0,15,0,0,0,0,0,0,0,0,0,0,0,0,0,0
4,30,4,0,4,4,far,1,165,212200,139560,106016,103172,106144,103300,106032,103300,165,0,0,147,18,0,142,23,0,165,0,0,147,14,4,140,22,3,165,0,0,147,14,4,136,23,6,6,128,32,2,16,8,4,10,128,24,10,128,24,0
4,30,4,2,4,4,far,1,165,212200,139560,106016,103502,106144,103630,106032,103630,165,0,0,147,0,18,132,2,31,165,0,0,147,0,18,132,0,33,165,0,0,147,0,18,128,0,37,6,128,32,2,16,8,4,10,128,24,10,128,24,0
4,30,4,4,4,4,far,1,165,212200,139560,106016,103832,106144,103960,106032,103960,165,0,0,147,0,18,132,0,33,165,0,0,147,0,18,132,0,33,165,0,0,147,0,18,128,0,37,6,128,32,2,16,8,4,10,128,24,10,128,24,0
4,30,4,8,4,4,far,1,165,212200,139560,106016,104492,106144,104620,106032,104620,165,0,0,147,0,18,94,26,45,165,0,0,147,0,18,98,26,41,165,0,0,147,0,18,96,24,45,6,128,32,2,16,8,4,10,128,24,10,128,24,0
4,30,4,0,16,1,unchanged,0,1,200,208,208,208,208,208,208,208,0,0,1,0,1,0,0,1,0,0,0,1,0,1,0,0,1,0,0,0,1,0,1,0,0,1,0,0,0,0,0,0,0,0,0,0,0,0,0,0,0
4,30,4,2,16,1,unchanged,0,1,200,208,208,210,208,210,208,210,0,0,1,0,0,1,0,0,1,0,0,1,0,0,1,0,0,1,0,0,1,0,0,1,0,0,1,0,0,0,0,0,0,0,0,0,0,0,0,0,0
4,30,4,4,16,1,unchanged,0,1,200,208,208,212,208,212,208,212,0,0,1,0,0,1,0,0,1,0,0,1,0,0,1,0,0,1,0,0,1,0,0,1,0,0,1,0,0,0,0,0,0,0,0,0,0,0,0,0,0
4,30,4,8,16,1,unchanged,0,1,200,208,208,216,208,216,208,216,0,0,1,0,0,1,0,0,1,0,0,1,0,0,1,0,0,1,0,0,1,0,0,1,0,0,1,0,0,0,0,0,0,0,0,0,0,0,0,0,0
4,30,4,0,16,1,one_edit,0,4,1920,1952,1216,1204,1216,1204,1216,1204,4,0,0,4,0,0,4,0,0,4,0,0,4,0,0,4,0,0,4,0,0,4,0,0,4,0,0,0,0,0,0,0,0,0,0,0,0,0,0,0,0
4,30,4,2,16,1,one_edit,0,4,1920,1952,1216,1212,1216,1212,1216,1212,4,0,0,4,0,0,4,0,0,4,0,0,4,0,0,4,0,0,4,0,0,4,0,0,4,0,0,0,0,0,0,0,0,0,0,0,0,0,0,0,0
4,30,4,4,16,1,one_edit,0,4,1920,1952,1216,1220,1216,1220,1216,1220,4,0,0,4,0,0,0,0,4,4,0,0,4,0,0,0,0,4,4,0,0,4,0,0,0,0,4,0,0,0,0,0,0,0,0,0,0,0,0,0,0
4,30,4,8,16,1,one_edit,0,4,1920,1952,1216,1236,1216,1236,1216,1236,4,0,0,4,0,0,0,0,4,4,0,0,4,0,0,0,0,4,4,0,0,4,0,0,0,0,4,0,0,0,0,0,0,0,0,0,0,0,0,0,0
4,30,4,0,16,1,far,0,11,7800,7888,4312,4290,4312,4290,4312,4290,11,0,0,11,0,0,10,1,0,11,0,0,11,0,0,10,1,0,11,0,0,11,0,0,10,1,0,0,0,0,0,0,0,0,0,0,0,0,0,0,0
4,30,4,2,16,1,far,0,11,7800,7888,4312,4312,4312,4312,4312,4312,11,0,0,11,0,0,6,0,5,11,0,0,11,0,0,6,0,5,11,0,0,11,0,0,6,0,5,0,0,0,0,0,0,0,0,0,0,0,0,0,0
4,30,4,4,16,1,far,0,11,7800,7888,4312,4334,4312,4334,4312,4334,11,0,0,11,0,0,0,0,11,11,0,0,11,0,0,0,0,11,11,0,0,11,0,0,0,0,11,0,0,0,0,0,0,0,0,0,0,0,0,0,0
4,30,4,8,16,1,far,0,11,7800,7888,4312,4378,4312,4378,4312,4378,11,0,0,11,0,0,0,0,11,11,0,0,11,0,0,0,0,11,11,0,0,11,0,0,0,0,11,0,0,0,0,0,0,0,0,0,0,0,0,0,0
4,30,4,0,16,1,one_edit,1,60,78080,52192,36544,36072,36544,36072,36544,36072,60,0,0,56,4,0,56,4,0,60,0,0,56,4,0,56,4,0,60,0,0,56,4,0,56,4,0,0,0,0,0,0,0,0,0,0,0,0,0,0,0
4,30,4,2,16,1,one_edit,1,60,78080,52192,36544,36192,36544,36192,36544,36192,60,0,0,56,0,4,56,0,4,60,0,0,56,0,4,56,0,4,60,0,0,56,0,4,56,0,4,0,0,0,0,0,0,0,0,0,0,0,0,0,0
4,30,4,4,16,1,one_edit,1,60,78080,52192,36544,36312,36544,36312,36544,36312,60,0,0,56,0,4,56,0,4,60,0,0,56,0,4,56,0,4,60,0,0,56,0,4,56,0,4,0,0,0,0,0,0,0,0,0,0,0,0,0,0
4,30,4,8,16,1,one_edit,1,60,78080,52192,36544,36552,36544,36552,36544,36552,60,0,0,56,0,4,32,8,20,60,0,0,56,0,4,32,8,20,60,0,0,56,0,4,32,8,20,0,0,0,0,0,0,0,0,0,0,0,0,0,0
4,30,4,0,16,1,unchanged,1,15,19800,9720,9048,9028,9048,9028,9048,9028,15,0,0,4,11,0,4,11,0,15,0,0,4,11,0,4,11,0,15,0,0,4,11,0,4,11,0,0,0,0,0,0,0,0,0,0,0,0,0,0,0
4,30,4,2,16,1,unchanged,1,15,19800,9720,9048,9058,9048,9058,9048,9058,15,0,0,4,0,11,4,0,11,15,0,0,4,0,11,4,0,11,15,0,0,4,0,11,4,0,11,0,0,0,0,0,0,0,0,0,0,0,0,0,0
4,30,4,4,16,1,unchanged,1,15,19800,9720,9048,9088,9048,9088,9048,9088,15,0,0,4,0,11,4,0,11,15,0,0,4,0,11,4,0,11,15,0,0,4,0,11,4,0,11,0,0,0,0,0,0,0,0,0,0,0,0,0,0
4,30,4,8,16,1,unchanged,1,15,19800,9720,9048,9148,9048,9148,9048,9148,15,0,0,4,0,11,0,0,15,15,0,0,4,0,11,0,0,15,15,0,0,4,0,11,0,0,15,0,0,0,0,0,0,0,0,0,0,0,0,0,0
4,30,4,0,16,1,far,1,165,212200,139560,99576,98844,99592,98844,99592,98844,165,0,0,152,13,0,144,21,0,165,0,0,152,13,0,144,21,0,165,0,0,152,13,0,144,21,0,2,16,8,2,16,8,0,0,0,0,0,0,0,0
4,30,4,2,16,1,far,1,165,212200,139560,99576,99174,99592,99174,99592,99174,165,0,0,152,0,13,106,28,31,165,0,0,152,0,13,106,28,31,165,0,0,152,0,13,106,28,31,2,16,8,2,16,8,0,0,0,0,0,0,0,0
4,30,4,4,16,1,far,1,165,212200,139560,99576,99504,99592,99504,99592,99504,165,0,0,152,0,13,92,14,59,165,0,0,152,0,13,92,14,59,165,0,0,152,0,13,92,14,59,2,16,8,2,16,8,0,0,0,0,0,0,0,0
4,30,4,8,16,1,far,1,165,212200,139560,99576,100164,99592,100164,99592,100164,165,0,0,152,0,13,12,10,143,165,0,0,152,0,13,14,10,141,165,0,0,152,0,13,14,10,141,2,16,8,2,16,8,0,0,0,0,0,0,0,0
4,30,4,0,16,2,unchanged,0,1,360,368,368,368,368,368,368,368,0,0,1,0,1,0,0,1,0,0,0,1,0,1,0,0,1,0,0,0,1,0,1,0,0,1,0,0,0,0,0,0,0,0,0,0,0,0,0,0,0
4,30,4,2,16,2,unchanged,0,1,360,368,368,370,368,370,368,370,0,0,1,0,0,1,0,0,1,0,0,1,0,0,1,0,0,1,0,0,1,0,0,1,0,0,1,0,0,0,0,0,0,0,0,0,0,0,0,0,0
4,30,4,4,16,2,unchanged,0,1,360,368,368,372,368,372,368,372,0,0,1,0,0,1,0,0,1,0,0,1,0,0,1,0,0,1,0,0,1,0,0,1,0,0,1,0,0,0,0,0,0,0,0,0,0,0,0,0,0
4,30,4,8,16,2,unchanged,0,1,360,368,368,376,368,376,368,376,0,0,1,0,0,1,0,0,1,0,0,1,0,0,1,0,0,1,0,0,1,0,0,1,0,0,1,0,0,0,0,0,0,0,0,0,0,0,0,0,0
4,30,4,0,16,2,one_edit,0,4,3680,3712,2208,2196,2208,2196,2208,2196,4,0,0,4,0,0,4,0,0,4,0,0,4,0,0,4,0,0,4,0,0,4,0,0,4,0,0,0,0,0,0,0,0,0,0,0,0,0,0,0,0
4,30,4,2,16,2,one_edit,0,4,3680,3712,2208,2204,2208,2204,2208,2204,4,0,0,4,0,0,4,0,0,4,0,0,4,0,0,4,0,0,4,0,0,4,0,0,4,0,0,0,0,0,0,0,0,0,0,0,0,0,0,0,0
4,30,4,4,16,2,one_edit,0,4,3680,3712,2208,2212,2208,2212,2208,2212,4,0,0,4,0,0,0,0,4,4,0,0,4,0,0,0,0,4,4,0,0,4,0,0,0,0,4,0,0,0,0,0,0,0,0,0,0,0,0,0,0
4,30,4,8,16,2,one_edit,0,4,3680,3712,2208,2228,2208,2228,2208,2228,4,0,0,4,0,0,0,0,4,4,0,0,4,0,0,0,0,4,4,0,0,4,0,0,0,0,4,0,0,0,0,0,0,0,0,0,0,0,0,0,0
4,30,4,0,16,2,far,0,11,15160,15248,8008,7986,8008,7986,8008,7986,11,0,0,11,0,0,10,1,0,11,0,0,11,0,0,10,1,0,11,0,0,11,0,0,10,1,0,0,0,0,0,0,0,0,0,0,0,0,0,0,0
4,30,4,2,16,2,far,0,11,15160,15248,8008,8008,8008,8008,8008,8008,11,0,0,11,0,0,6,0,5,11,0,0,11,0,0,6,0,5,11,0,0,11,0,0,6,0,5,0,0,0,0,0,0,0,0,0,0,0,0,0,0
4,30,4,4,16,2,far,0,11,15160,15248,8008,8030,8008,8030,8008,8030,11,0,0,11,0,0,0,0,11,11,0,0,11,0,0,0,0,11,11,0,0,11,0,0,0,0,11,0,0,0,0,0,0,0,0,0,0,0,0,0,0
4,30,4,8,16,2,far,0,11,15160,15248,8008,8074,8008,8074,8008,8074,11,0,0,11,0,0,0,0,11,11,0,0,11,0,0,0,0,11,11,0,0,11,0,0,0,0,11,0,0,0,0,0,0,0,0,0,0,0,0,0,0
4,30,4,0,16,2,one_edit,1,60,140320,96224,64864,63976,64864,63976,64864,63976,60,0,0,56,4,0,56,4,0,60,0,0,56,4,0,56,4,0,60,0,0,56,4,0,56,4,0,0,0,0,0,0,0,0,0,0,0,0,0,0,0
4,30,4,2,16,2,one_edit,1,60,140320,96224,64864,64096,64864,64096,64864,64096,60,0,0,56,0,4,56,0,4,60,0,0,56,0,4,56,0,4,60,0,0,56,0,4,56,0,4,0,0,0,0,0,0,0,0,0,0,0,0,0,0
4,30,4,4,16,2,one_edit,1,60,140320,96224,64864,64216,64864,64216,64864,64216,60,0,0,56,0,4,56,0,4,60,0,0,56,0,4,56,0,4,60,0,0,56,0,4,56,0,4,0,0,0,0,0,0,0,0,0,0,0,0,0,0
4,30,4,8,16,2,one_edit,1,60,140320,96224,64864,64456,64864,64456,64864,64456,60,0,0,56,0,4,48,0,12,60,0,0,56,0,4,48,0,12,60,0,0,56,0,4,48,0,12,0,0,0,0,0,0,0,0,0,0,0,0,0,0
4,30,4,0,16,2,unchanged,1,15,35640,17400,16024,16004,16024,16004,16024,16004,15,0,0,4,11,0,4,11,0,15,0,0,4,11,0,4,11,0,15,0,0,4,11,0,4,11,0,0,0,0,0,0,0,0,0,0,0,0,0,0,0
4,30,4,2,16,2,unchanged,1,15,35640,17400,16024,16034,16024,16034,16024,16034,15,0,0,4,0,11,4,0,11,15,0,0,4,0,11,4,0,11,15,0,0,4,0,11,4,0,11,0,0,0,0,0,0,0,0,0,0,0,0,0,0
4,30,4,4,16,2,unchanged,1,15,35640,17400,16024,16064,16024,16064,16024,16064,15,0,0,4,0,11,4,0,11,15,0,0,4,0,11,4,0,11,15,0,0,4,0,11,4,0,11,0,0,0,0,0,0,0,0,0,0,0,0,0,0
4,30,4,8,16,2,unchanged,1,15,35640,17400,16024,16124,16024,16124,16024,16124,15,0,0,4,0,11,0,0,15,15,0,0,4,0,11,0,0,15,15,0,0,4,0,11,0,0,15,0,0,0,0,0,0,0,0,0,0,0,0,0,0
4,30,4,0,16,2,far,1,165,380840,256680,176616,175148,176632,175148,176632,175148,165,0,0,152,13,0,144,21,0,165,0,0,152,13,0,144,21,0,165,0,0,152,13,0,144,21,0,2,16,8,2,16,8,0,0,0,0,0,0,0,0
4,30,4,2,16,2,far,1,165,380840,256680,176616,175478,176632,175478,176632,175478,165,0,0,152,0,13,136,0,29,165,0,0,152,0,13,136,0,29,165,0,0,152,0,13,136,0,29,2,16,8,2,16,8,0,0,0,0,0,0,0,0
4,30,4,4,16,2,far,1,165,380840,256680,176616,175808,176632,175808,176632,175808,165,0,0,152,0,13,106,28,31,165,0,0,152,0,13,106,28,31,165,0,0,152,0,13,106,28,31,2,16,8,2,16,8,0,0,0,0,0,0,0,0
4,30,4,8,16,2,far,1,165,380840,256680,176616,176468,176632,176468,176632,176468,165,0,0,152,0,13,96,0,69,165,0,0,152,0,13,98,0,67,165,0,0,152,0,13,98,0,67,2,16,8,2,16,8,0,0,0,0,0,0,0,0
4,30,4,0,16,4,unchanged,0,1,680,688,688,688,688,688,688,688,0,0,1,0,1,0,0,1,0,0,0,1,0,1,0,0,1,0,0,0,1,0,1,0,0,1,0,0,0,0,0,0,0,0,0,0,0,0,0,0,0
4,30,4,2,16,4,unchanged,0,1,680,688,688,690,688,690,688,690,0,0,1,0,0,1,0,0,1,0,0,1,0,0,1,0,0,1,0,0,1,0,0,1,0,0,1,0,0,0,0,0,0,0,0,0,0,0,0,0,0
4,30,4,4,16,4,unchanged,0,1,680,688,688,692,688,692,688,692,0,0,1,0,0,1,0,0,1,0,0,1,0,0,1,0,0,1,0,0,1,0,0,1,0,0,1,0,0,0,0,0,0,0,0,0,0,0,0,0,0
4,30,4,8,16,4,unchanged,0,1,680,688,688,696,688,696,688,696,0,0,1,0,0,1,0,0,1,0,0,1,0,0,1,0,0,1,0,0,1,0,0,1,0,0,1,0,0,0,0,0,0,0,0,0,0,0,0,0,0
4,30,4,0,16,4,one_edit,0,4,7200,7232,4192,4180,4192,4180,4192,4180,4,0,0,4,0,0,4,0,0,4,0,0,4,0,0,4,0,0,4,0,0,4,0,0,4,0,0,0,0,0,0,0,0,0,0,0,0,0,0,0,0
4,30,4,2,16,4,one_edit,0,4,7200,7232,4192,4188,4192,4188,4192,4188,4,0,0,4,0,0,4,0,0,4,0,0,4,0,0,4,0,0,4,0,0,4,0,0,4,0,0,0,0,0,0,0,0,0,0,0,0,0,0,0,0
4,30,4,4,16,4,one_edit,0,4,7200,7232,4192,4196,4192,4196,4192,4196,4,0,0,4,0,0,0,0,4,4,0,0,4,0,0,0,0,4,4,0,0,4,0,0,0,0,4,0,0,0,0,0,0,0,0,0,0,0,0,0,0
4,30,4,8,16,4,one_edit,0,4,7200,7232,4192,4212,4192,4212,4192,4212,4,0,0,4,0,0,0,0,4,4,0,0,4,0,0,0,0,4,4,0,0,4,0,0,0,0,4,0,0,0,0,0,0,0,0,0,0,0,0,0,0
4,30,4,0,16,4,far,0,11,29880,29968,15400,15378,15400,15378,15400,15378,11,0,0,11,0,0,10,1,0,11,0,0,11,0,0,10,1,0,11,0,0,11,0,0,10,1,0,0,0,0,0,0,0,0,0,0,0,0,0,0,0
4,30,4,2,16,4,far,0,11,29880,29968,15400,15400,15400,15400,15400,15400,11,0,0,11,0,0,6,0,5,11,0,0,11,0,0,6,0,5,11,0,0,11,0,0,6,0,5,0,0,0,0,0,0,0,0,0,0,0,0,0,0
4,30,4,4,16,4,far,0,11,29880,29968,15400,15422,15400,15422,15400,15422,11,0,0,11,0,0,0,0,11,11,0,0,11,0,0,0,0,11,11,0,0,11,0,0,0,0,11,0,0,0,0,0,0,0,0,0,0,0,0,0,0
4,30,4,8,16,4,far,0,11,29880,29968,15400,15466,15400,15466,15400,15466,11,0,0,11,0,0,0,0,11,11,0,0,11,0,0,0,0,11,11,0,0,11,0,0,0,0,11,0,0,0,0,0,0,0,0,0,0,0,0,0,0
4,30,4,0,16,4,one_edit,1,60,264800,184288,121504,119784,121504,119784,121504,119784,60,0,0,56,4,0,56,4,0,60,0,0,56,4,0,56,4,0,60,0,0,56,4,0,56,4,0,0,0,0,0,0,0,0,0,0,0,0,0,0,0
4,30,4,2,16,4,one_edit,1,60,264800,184288,121504,119904,121504,119904,121504,119904,60,0,0,56,0,4,56,0,4,60,0,0,56,0,4,56,0,4,60,0,0,56,0,4,56,0,4,0,0,0,0,0,0,0,0,0,0,0,0,0,0
4,30,4,4,16,4,one_edit,1,60,264800,184288,121504,120024,121504,120024,121504,120024,60,0,0,56,0,4,56,0,4,60,0,0,56,0,4,56,0,4,60,0,0,56,0,4,56,0,4,0,0,0,0,0,0,0,0,0,0,0,0,0,0
4,30,4,8,16,4,one_edit,1,60,264800,184288,121504,120264,121504,120264,121504,120264,60,0,0,56,0,4,48,0,12,60,0,0,56,0,4,48,0,12,60,0,0,56,0,4,48,0,12,0,0,0,0,0,0,0,0,0,0,0,0,0,0
4,30,4,0,16,4,unchanged,1,15,67320,32760,29976,29956,29976,29956,29976,29956,15,0,0,4,11,0,4,11,0,15,0,0,4,11,0,4,11,0,15,0,0,4,11,0,4,11,0,0,0,0,0,0,0,0,0,0,0,0,0,0,0
4,30,4,2,16,4,unchanged,1,15,67320,32760,29976,29986,29976,29986,29976,29986,15,0,0,4,0,11,4,0,11,15,0,0,4,0,11,4,0,11,15,0,0,4,0,11,4,0,11,0,0,0,0,0,0,0,0,0,0,0,0,0,0
4,30,4,4,16,4,unchanged,1,15,67320,32760,29976,30016,29976,30016,29976,30016,15,0,0,4,0,11,4,0,11,15,0,0,4,0,11,4,0,11,15,0,0,4,0,11,4,0,11,0,0,0,0,0,0,0,0,0,0,0,0,0,0
4,30,4,8,16,4,unchanged,1,15,67320,32760,29976,30076,29976,30076,29976,30076,15,0,0,4,0,11,0,0,15,15,0,0,4,0,11,0,0,15,15,0,0,4,0,11,0,0,15,0,0,0,0,0,0,0,0,0,0,0,0,0,0
4,30,4,0,16,4,far,1,165,718120,490920,330696,327756,330712,327756,330712,327756,165,0,0,152,13,0,144,21,0,165,0,0,152,13,0,144,21,0,165,0,0,152,13,0,144,21,0,2,16,8,2,16,8,0,0,0,0,0,0,0,0
4,30,4,2,16,4,far,1,165,718120,490920,330696,328086,330712,328086,330712,328086,165,0,0,152,0,13,136,0,29,165,0,0,152,0,13,136,0,29,165,0,0,152,0,13,136,0,29,2,16,8,2,16,8,0,0,0,0,0,0,0,0
4,30,4,4,16,4,far,1,165,718120,490920,330696,328416,330712,328416,330712,328416,165,0,0,152,0,13,136,0,29,165,0,0,152,0,13,136,0,29,165,0,0,152,0,13,136,0,29,2,16,8,2,16,8,0,0,0,0,0,0,0,0
4,30,4,8,16,4,far,1,165,718120,490920,330696,329076,330712,329076,330712,329076,165,0,0,152,0,13,98,28,39,165,0,0,152,0,13,100,28,37,165,0,0,152,0,13,100,28,37,2,16,8,2,16,8,0,0,0,0,0,0,0,0
30,110,0,0,1,1,unchanged,0,16,1280,1408,1408,1408,1408,1408,1408,1408,0,0,16,0,16,0,0,16,0,0,0,16,0,16,0,0,16,0,0,0,16,0,16,0,0,16,0,0,0,0,0,0,0,0,0,0,0,0,0,0,0
30,110,0,2,1,1,unchanged,0,16,1280,1408,1408,1440,1408,1440,1408,1440,0,0,16,0,0,16,0,0,16,0,0,16,0,0,16,0,0,16,0,0,16,0,0,16,0,0,16,0,0,0,0,0,0,0,0,0,0,0,0,0,0
30,110,0,4,1,1,unchanged,0,16,1280,1408,1408,1472,1408,1472,1408,1472,0,0,16,0,0,16,0,0,16,0,0,16,0,0,16,0,0,16,0,0,16,0,0,16,0,0,16,0,0,0,0,0,0,0,0,0,0,0,0,0,0
30,110,0,8,1,1,unchanged,0,16,1280,1408,1408,1536,1408,1536,1408,1536,0,0,16,0,0,16,0,0,16,0,0,16,0,0,16,0,0,16,0,0,16,0,0,16,0,0,16,0,0,0,0,0,0,0,0,0,0,0,0,0,0
30,110,0,0,1,1,one_edit,0,64,5120,5632,5632,5632,5632,5632,5632,5632,0,0,64,0,64,0,0,64,0,0,0,64,0,64,0,0,64,0,0,0,64,0,64,0,0,64,0,0,0,0,0,0,0,0,0,0,0,0,0,0,0
30,110,0,2,1,1,one_edit,0,64,5120,5632,5632,5760,5632,5760,5632,5760,0,0,64,0,0,64,0,0,64,0,0,64,0,0,64,0,0,64,0,0,64,0,0,64,0,0,64,0,0,0,0,0,0,0,0,0,0,0,0,0,0
30,110,0,4,1,1,one_edit,0,64,5120,5632,5632,5888,5632,5888,5632,5888,0,0,64,0,0,64,0,0,64,0,0,64,0,0,64,0,0,64,0,0,64,0,0,64,0,0,64,0,0,0,0,0,0,0,0,0,0,0,0,0,0
30,110,0,8,1,1,one_edit,0,64,5120,5632,5632,6144,5632,6144,5632,6144,0,0,64,0,0,64,0,0,64,0,0,64,0,0,64,0,0,64,0,0,64,0,0,64,0,0,64,0,0,0,0,0,0,0,0,0,0,0,0,0,0
30,110,0,0,1,1,far,0,176,14080,15488,15488,15488,15488,15488,15488,15488,0,0,176,0,176,0,0,176,0,0,0,176,0,176,0,0,176,0,0,0,176,0,176,0,0,176,0,0,0,0,0,0,0,0,0,0,0,0,0,0,0
30,110,0,2,1,1,far,0,176,14080,15488,15488,15840,15488,15840,15488,15840,0,0,176,0,0,176,0,0,176,0,0,176,0,0,176,0,0,176,0,0,176,0,0,176,0,0,176,0,0,0,0,0,0,0,0,0,0,0,0,0,0
30,110,0,4,1,1,far,0,176,14080,15488,15488,16192,15488,16192,15488,16192,0,0,176,0,0,176,0,0,176,0,0,176,0,0,176,0,0,176,0,0,176,0,0,176,0,0,176,0,0,0,0,0,0,0,0,0,0,0,0,0,0
30,110,0,8,1,1,far,0,176,14080,15488,15488,16896,15488,16896,15488,16896,0,0,176,0,0,176,0,0,176,0,0,176,0,0,176,0,0,176,0,0,176,0,0,176,0,0,176,0,0,0,0,0,0,0,0,0,0,0,0,0,0
30,110,0,0,1,2,unchanged,0,16,1536,1664,1664,1664,1664,1664,1664,1664,0,0,16,0,16,0,0,16,0,0,0,16,0,16,0,0,16,0,0,0,16,0,16,0,0,16,0,0,0,0,0,0,0,0,0,0,0,0,0,0,0
30,110,0,2,1,2,unchanged,0,16,1536,1664,1664,1696,1664,1696,1664,1696,0,0,16,0,0,16,0,0,16,0,0,16,0,0,16,0,0,16,0,0,16,0,0,16,0,0,16,0,0,0,0,0,0,0,0,0,0,0,0,0,0
30,110,0,4,1,2,unchanged,0,16,1536,1664,1664,1728,1664,1728,1664,1728,0,0,16,0,0,16,0,0,16,0,0,16,0,0,16,0,0,16,0,0,16,0,0,16,0,0,16,0,0,0,0,0,0,0,0,0,0,0,0,0,0
30,110,0,8,1,2,unchanged,0,16,1536,1664,1664,1792,1664,1792,1664,1792,0,0,16,0,0,16,0,0,16,0,0,16,0,0,16,0,0,16,0,0,16,0,0,16,0,0,16,0,0,0,0,0,0,0,0,0,0,0,0,0,0
30,110,0,0,1,2,one_edit,0,64,6144,6656,6656,6656,6656,6656,6656,6656,0,0,64,0,64,0,0,64,0,0,0,64,0,64,0,0,64,0,0,0,64,0,64,0,0,64,0,0,0,0,0,0,0,0,0,0,0,0,0,0,0
30,110,0,2,1,2,one_edit,0,64,6144,6656,6656,6784,6656,6784,6656,6784,0,0,64,0,0,64,0,0,64,0,0,64,0,0,64,0,0,64,0,0,64,0,0,64,0,0,64,0,0,0,0,0,0,0,0,0,0,0,0,0,0
30,110,0,4,1,2,one_edit,0,64,6144,6656,6656,6912,6656,6912,6656,6912,0,0,64,0,0,64,0,0,64,0,0,64,0,0,64,0,0,64,0,0,64,0,0,64,0,0,64,0,0,0,0,0,0,0,0,0,0,0,0,0,0
30,110,0,8,1,2,one_edit,0,64,6144,6656,6656,7168,6656,7168,6656,7168,0,0,64,0,0,64,0,0,64,0,0,64,0,0,64,0,0,64,0,0,64,0,0,64,0,0,64,0,0,0,0,0,0,0,0,0,0,0,0,0,0
30,110,0,0,1,2,far,0,176,16896,18304,18304,18304,18304,18304,18304,18304,0,0,176,0,176,0,0,176,0,0,0,176,0,176,0,0,176,0,0,0,176,0,176,0,0,176,0,0,0,0,0,0,0,0,0,0,0,0,0,0,0
30,110,0,2,1,2,far,0,176,16896,18304,18304,18656,18304,18656,18304,18656,0,0,176,0,0,176,0,0,176,0,0,176,0,0,176,0,0,176,0,0,176,0,0,176,0,0,176,0,0,0,0,0,0,0,0,0,0,0,0,0,0
30,110,0,4,1,2,far,0,176,16896,18304,18304,19008,18304,19008,18304,19008,0,0,176,0,0,176,0,0,176,0,0,176,0,0,176,0,0,176,0,0,176,0,0,176,0,0,176,0,0,0,0,0,0,0,0,0,0,0,0,0,0
30,110,0,8,1,2,far,0,176,16896,18304,18304,19712,18304,19712,18304,19712,0,0,176,0,0,176,0,0,176,0,0,176,0,0,176,0,0,176,0,0,176,0,0,176,0,0,176,0,0,0,0,0,0,0,0,0,0,0,0,0,0
30,110,0,0,1,4,unchanged,0,16,2048,2176,2176,2176,2176,2176,2176,2176,0,0,16,0,16,0,0,16,0,0,0,16,0,16,0,0,16,0,0,0,16,0,16,0,0,16,0,0,0,0,0,0,0,0,0,0,0,0,0,0,0
30,110,0,2,1,4,unchanged,0,16,2048,2176,2176,2208,2176,2208,2176,2208,0,0,16,0,0,16,0,0,16,0,0,16,0,0,16,0,0,16,0,0,16,0,0,16,0,0,16,0,0,0,0,0,0,0,0,0,0,0,0,0,0
30,110,0,4,1,4,unchanged,0,16,2048,2176,2176,2240,2176,2240,2176,2240,0,0,16,0,0,16,0,0,16,0,0,16,0,0,16,0,0,16,0,0,16,0,0,16,0,0,16,0,0,0,0,0,0,0,0,0,0,0,0,0,0
30,110,0,8,1,4,unchanged,0,16,2048,2176,2176,2304,2176,2304,2176,2304,0,0,16,0,0,16,0,0,16,0,0,16,0,0,16,0,0,16,0,0,16,0,0,16,0,0,16,0,0,0,0,0,0,0,0,0,0,0,0,0,0
30,110,0,0,1,4,one_edit,0,64,8192,8704,8704,8704,8704,8704,8704,8704,0,0,64,0,64,0,0,64,0,0,0,64,0,64,0,0,64,0,0,0,64,0,64,0,0,64,0,0,0,0,0,0,0,0,0,0,0,0,0,0,0
30,110,0,2,1,4,one_edit,0,64,8192,8704,8704,8832,8704,8832,8704,8832,0,0,64,0,0,64,0,0,64,0,0,64,0,0,64,0,0,64,0,0,64,0,0,64,0,0,64,0,0,0,0,0,0,0,0,0,0,0,0,0,0
30,110,0,4,1,4,one_edit,0,64,8192,8704,8704,8960,8704,8960,8704,8960,0,0,64,0,0,64,0,0,64,0,0,64,0,0,64,0,0,64,0,0,64,0,0,64,0,0,64,0,0,0,0,0,0,0,0,0,0,0,0,0,0
30,110,0,8,1,4,one_edit,0,64,8192,8704,8704,9216,8704,9216,8704,9216,0,0,64,0,0,64,0,0,64,0,0,64,0,0,64,0,0,64,0,0,64,0,0,64,0,0,64,0,0,0,0,0,0,0,0,0,0,0,0,0,0
30,110,0,0,1,4,far,0,176,22528,23936,23936,23936,23936,23936,23936,23936,0,0,176,0,176,0,0,176,0,0,0,176,0,176,0,0,176,0,0,0,176,0,176,0,0,176,0,0,0,0,0,0,0,0,0,0,0,0,0,0,0
30,110,0,2,1,4,far,0,176,22528,23936,23936,24288,23936,24288,23936,24288,0,0,176,0,0,176,0,0,176,0,0,176,0,0,176,0,0,176,0,0,176,0,0,176,0,0,176,0,0,0,0,0,0,0,0,0,0,0,0,0,0
30,110,0,4,1,4,far,0,176,22528,23936,23936,24640,23936,24640,23936,24640,0,0,176,0,0,176,0,0,176,0,0,176,0,0,176,0,0,176,0,0,176,0,0,176,0,0,176,0,0,0,0,0,0,0,0,0,0,0,0,0,0
30,110,0,8,1,4,far,0,176,22528,23936,23936,25344,23936,25344,23936,25344,0,0,176,0,0,176,0,0,176,0,0,176,0,0,176,0,0,176,0,0,176,0,0,176,0,0,176,0,0,0,0,0,0,0,0,0,0,0,0,0,0
30,110,0,0,4,1,unchanged,0,16,2048,2176,2176,2176,2176,2176,2176,2176,0,0,16,0,16,0,0,16,0,0,0,16,0,16,0,0,16,0,0,0,16,0,16,0,0,16,0,0,0,0,0,0,0,0,0,0,0,0,0,0,0
30,110,0,2,4,1,unchanged,0,16,2048,2176,2176,2208,2176,2208,2176,2208,0,0,16,0,0,16,0,0,16,0,0,16,0,0,16,0,0,16,0,0,16,0,0,16,0,0,16,0,0,0,0,0,0,0,0,0,0,0,0,0,0
30,110,0,4,4,1,unchanged,0,16,2048,2176,2176,2240,2176,2240,2176,2240,0,0,16,0,0,16,0,0,16,0,0,16,0,0,16,0,0,16,0,0,16,0,0,16,0,0,16,0,0,0,0,0,0,0,0,0,0,0,0,0,0
30,110,0,8,4,1,unchanged,0,16,2048,2176,2176,2304,2176,2304,2176,2304,0,0,16,0,0,16,0,0,16,0,0,16,0,0,16,0,0,16,0,0,16,0,0,16,0,0,16,0,0,0,0,0,0,0,0,0,0,0,0,0,0
30,110,0,0,4,1,one_edit,0,64,8192,8704,8704,8704,8704,8704,8704,8704,0,0,64,0,64,0,0,64,0,0,0,64,0,64,0,0,64,0,0,0,64,0,64,0,0,64,0,0,0,0,0,0,0,0,0,0,0,0,0,0,0
30,110,0,2,4,1,one_edit,0,64,8192,8704,8704,8832,8704,8832,8704,8832,0,0,64,0,0,64,0,0,64,0,0,64,0,0,64,0,0,64,0,0,64,0,0,64,0,0,64,0,0,0,0,0,0,0,0,0,0,0,0,0,0
30,110,0,4,4,1,one_edit,0,64,8192,8704,8704,8960,8704,8960,8704,8960,0,0,64,0,0,64,0,0,64,0,0,64,0,0,64,0,0,64,0,0,64,0,0,64,0,0,64,0,0,0,0,0,0,0,0,0,0,0,0,0,0
30,110,0,8,4,1,one_edit,0,64,8192,8704,8704,9216,8704,9216,8704,9216,0,0,64,0,0,64,0,0,64,0,0,64,0,0,64,0,0,64,0,0,64,0,0,64,0,0,64,0,0,0,0,0,0,0,0,0,0,0,0,0,0
30,110,0,0,4,1,far,0,176,22528,23936,23936,23936,23936,23936,23936,23936,0,0,176,0,176,0,0,176,0,0,0,176,0,176,0,0,176,0,0,0,176,0,176,0,0,176,0,0,0,0,0,0,0,0,0,0,0,0,0,0,0
30,110,0,2,4,1,far,0,176,22528,23936,23936,24288,23936,24288,23936,24288,0,0,176,0,0,176,0,0,176,0,0,176,0,0,176,0,0,176,0,0,176,0,0,176,0,0,176,0,0,0,0,0,0,0,0,0,0,0,0,0,0
30,110,0,4,4,1,far,0,176,22528,23936,23936,24640,23936,24640,23936,24640,0,0,176,0,0,176,0,0,176,0,0,176,0,0,176,0,0,176,0,0,176,0,0,176,0,0,176,0,0,0,0,0,0,0,0,0,0,0,0,0,0
30,110,0,8,4,1,far,0,176,22528,23936,23936,25344,23936,25344,23936,25344,0,0,176,0,0,176,0,0,176,0,0,176,0,0,176,0,0,176,0,0,176,0,0,176,0,0,176,0,0,0,0,0,0,0,0,0,0,0,0,0,0
30,110,0,0,4,2,unchanged,0,16,3072,3200,3200,3200,3200,3200,3200,3200,0,0,16,0,16,0,0,16,0,0,0,16,0,16,0,0,16,0,0,0,16,0,16,0,0,16,0,0,0,0,0,0,0,0,0,0,0,0,0,0,0
30,110,0,2,4,2,unchanged,0,16,3072,3200,3200,3232,3200,3232,3200,3232,0,0,16,0,0,16,0,0,16,0,0,16,0,0,16,0,0,16,0,0,16,0,0,16,0,0,16,0,0,0,0,0,0,0,0,0,0,0,0,0,0
30,110,0,4,4,2,unchanged,0,16,3072,3200,3200,3264,3200,3264,3200,3264,0,0,16,0,0,16,0,0,16,0,0,16,0,0,16,0,0,16,0,0,16,0,0,16,0,0,16,0,0,0,0,0,0,0,0,0,0,0,0,0,0
30,110,0,8,4,2,unchanged,0,16,3072,3200,3200,3328,3200,3328,3200,3328,0,0,16,0,0,16,0,0,16,0,0,16,0,0,16,0,0,16,0,0,16,0,0,16,0,0,16,0,0,0,0,0,0,0,0,0,0,0,0,0,0
30,110,0,0,4,2,one_edit,0,64,12288,12800,12800,12800,12800,12800,12800,12800,0,0,64,0,64,0,0,64,0,0,0,64,0,64,0,0,64,0,0,0,64,0,64,0,0,64,0,0,0,0,0,0,0,0,0,0,0,0,0,0,0
30,110,0,2,4,2,one_edit,0,64,12288,12800,12800,12928,12800,12928,12800,12928,0,0,64,0,0,64,0,0,64,0,0,64,0,0,64,0,0,64,0,0,64,0,0,64,0,0,64,0,0,0,0,0,0,0,0,0,0,0,0,0,0
30,110,0,4,4,2,one_edit,0,64,12288,12800,12800,13056,12800,13056,12800,13056,0,0,64,0,0,64,0,0,64,0,0,64,0,0,64,0,0,64,0,0,64,0,0,64,0,0,64,0,0,0,0,0,0,0,0,0,0,0,0,0,0
30,110,0,8,4,2,one_edit,0,64,12288,12800,12800,13312,12800,13312,12800,13312,0,0,64,0,0,64,0,0,64,0,0,64,0,0,64,0,0,64,0,0,64,0,0,64,0,0,64,0,0,0,0,0,0,0,0,0,0,0,0,0,0
30,110,0,0,4,2,far,0,176,33792,35200,35200,35200,35200,35200,35200,35200,0,0,176,0,176,0,0,176,0,0,0,176,0,176,0,0,176,0,0,0,176,0,176,0,0,176,0,0,0,0,0,0,0,0,0,0,0,0,0,0,0
30,110,0,2,4,2,far,0,176,33792,35200,35200,35552,35200,35552,35200,35552,0,0,176,0,0,176,0,0,176,0,0,176,0,0,176,0,0,176,0,0,176,0,0,176,0,0,176,0,0,0,0,0,0,0,0,0,0,0,0,0,0
30,110,0,4,4,2,far,0,176,33792,35200,35200,35904,35200,35904,35200,35904,0,0,176,0,0,176,0,0,176,0,0,176,0,0,176,0,0,176,0,0,176,0,0,176,0,0,176,0,0,0,0,0,0,0,0,0,0,0,0,0,0
30,110,0,8,4,2,far,0,176,33792,35200,35200,36608,35200,36608,35200,36608,0,0,176,0,0,176,0,0,176,0,0,176,0,0,176,0,0,176,0,0,176,0,0,176,0,0,176,0,0,0,0,0,0,0,0,0,0,0,0,0,0
30,110,0,0,4,4,unchanged,0,16,5120,5248,5248,5248,5248,5248,5248,5248,0,0,16,0,16,0,0,16,0,0,0,16,0,16,0,0,16,0,0,0,16,0,16,0,0,16,0,0,0,0,0,0,0,0,0,0,0,0,0,0,0
30,110,0,2,4,4,unchanged,0,16,5120,5248,5248,5280,5248,5280,5248,5280,0,0,16,0,0,16,0,0,16,0,0,16,0,0,16,0,0,16,0,0,16,0,0,16,0,0,16,0,0,0,0,0,0,0,0,0,0,0,0,0,0
30,110,0,4,4,4,unchanged,0,16,5120,5248,5248,5312,5248,5312,5248,5312,0,0,16,0,0,16,0,0,16,0,0,16,0,0,16,0,0,16,0,0,16,0,0,16,0,0,16,0,0,0,0,0,0,0,0,0,0,0,0,0,0
30,110,0,8,4,4,unchanged,0,16,5120,5248,5248,5376,5248,5376,5248,5376,0,0,16,0,0,16,0,0,16,0,0,16,0,0,16,0,0,16,0,0,16,0,0,16,0,0,16,0,0,0,0,0,0,0,0,0,0,0,0,0,0
30,110,0,0,4,4,one_edit,0,64,20480,20992,20992,20992,20992,20992,20992,20992,0,0,64,0,64,0,0,64,0,0,0,64,0,64,0,0,64,0,0,0,64,0,64,0,0,64,0,0,0,0,0,0,0,0,0,0,0,0,0,0,0
30,110,0,2,4,4,one_edit,0,64,20480,20992,20992,21120,20992,21120,20992,21120,0,0,64,0,0,64,0,0,64,0,0,64,0,0,64,0,0,64,0,0,64,0,0,64,0,0,64,0,0,0,0,0,0,0,0,0,0,0,0,0,0
30,110,0,4,4,4,one_edit,0,64,20480,20992,20992,21248,20992,21248,20992,21248,0,0,64,0,0,64,0,0,64,0,0,64,0,0,64,0,0,64,0,0,64,0,0,64,0,0,64,0,0,0,0,0,0,0,0,0,0,0,0,0,0
30,110,0,8,4,4,one_edit,0,64,20480,20992,20992,21504,20992,21504,20992,21504,0,0,64,0,0,64,0,0,64,0,0,64,0,0,64,0,0,64,0,0,64,0,0,64,0,0,64,0,0,0,0,0,0,0,0,0,0,0,0,0,0
30,110,0,0,4,4,far,0,176,56320,57728,57728,57728,57728,57728,57728,57728,0,0,176,0,176,0,0,176,0,0,0,176,0,176,0,0,176,0,0,0,176,0,176,0,0,176,0,0,0,0,0,0,0,0,0,0,0,0,0,0,0
30,110,0,2,4,4,far,0,176,56320,57728,57728,58080,57728,58080,57728,58080,0,0,176,0,0,176,0,0,176,0,0,176,0,0,176,0,0,176,0,0,176,0,0,176,0,0,176,0,0,0,0,0,0,0,0,0,0,0,0,0,0
30,110,0,4,4,4,far,0,176,56320,57728,57728,58432,57728,58432,57728,58432,0,0,176,0,0,176,0,0,176,0,0,176,0,0,176,0,0,176,0,0,176,0,0,176,0,0,176,0,0,0,0,0,0,0,0,0,0,0,0,0,0
30,110,0,8,4,4,far,0,176,56320,57728,57728,59136,57728,59136,57728,59136,0,0,176,0,0,176,0,0,176,0,0,176,0,0,176,0,0,176,0,0,176,0,0,176,0,0,176,0,0,0,0,0,0,0,0,0,0,0,0,0,0
30,110,0,0,16,1,unchanged,0,16,5120,5248,5248,5248,5248,5248,5248,5248,0,0,16,0,16,0,0,16,0,0,0,16,0,16,0,0,16,0,0,0,16,0,16,0,0,16,0,0,0,0,0,0,0,0,0,0,0,0,0,0,0
30,110,0,2,16,1,unchanged,0,16,5120,5248,5248,5280,5248,5280,5248,5280,0,0,16,0,0,16,0,0,16,0,0,16,0,0,16,0,0,16,0,0,16,0,0,16,0,0,16,0,0,0,0,0,0,0,0,0,0,0,0,0,0
30,110,0,4,16,1,unchanged,0,16,5120,5248,5248,5312,5248,5312,5248,5312,0,0,16,0,0,16,0,0,16,0,0,16,0,0,16,0,0,16,0,0,16,0,0,16,0,0,16,0,0,0,0,0,0,0,0,0,0,0,0,0,0
30,110,0,8,16,1,unchanged,0,16,5120,5248,5248,5376,5248,5376,5248,5376,0,0,16,0,0,16,0,0,16,0,0,16,0,0,16,0,0,16,0,0,16,0,0,16,0,0,16,0,0,0,0,0,0,0,0,0,0,0,0,0,0
30,110,0,0,16,1,one_edit,0,64,20480,20992,20992,20992,20992,20992,20992,20992,0,0,64,0,64,0,0,64,0,0,0,64,0,64,0,0,64,0,0,0,64,0,64,0,0,64,0,0,0,0,0,0,0,0,0,0,0,0,0,0,0
30,110,0,2,16,1,one_edit,0,64,20480,20992,20992,21120,20992,21120,20992,21120,0,0,64,0,0,64,0,0,64,0,0,64,0,0,64,0,0,64,0,0,64,0,0,64,0,0,64,0,0,0,0,0,0,0,0,0,0,0,0,0,0
30,110,0,4,16,1,one_edit,0,64,20480,20992,20992,21248,20992,21248,20992,21248,0,0,64,0,0,64,0,0,64,0,0,64,0,0,64,0,0,64,0,0,64,0,0,64,0,0,64,0,0,0,0,0,0,0,0,0,0,0,0,0,0
30,110,0,8,16,1,one_edit,0,64,20480,20992,20992,21504,20992,21504,20992,21504,0,0,64,0,0,64,0,0,64,0,0,64,0,0,64,0,0,64,0,0,64,0,0,64,0,0,64,0,0,0,0,0,0,0,0,0,0,0,0,0,0
30,110,0,0,16,1,far,0,176,56320,57728,57728,57728,57728,57728,57728,57728,0,0,176,0,176,0,0,176,0,0,0,176,0,176,0,0,176,0,0,0,176,0,176,0,0,176,0,0,0,0,0,0,0,0,0,0,0,0,0,0,0
30,110,0,2,16,1,far,0,176,56320,57728,57728,58080,57728,58080,57728,58080,0,0,176,0,0,176,0,0,176,0,0,176,0,0,176,0,0,176,0,0,176,0,0,176,0,0,176,0,0,0,0,0,0,0,0,0,0,0,0,0,0
30,110,0,4,16,1,far,0,176,56320,57728,57728,58432,57728,58432,57728,58432,0,0,176,0,0,176,0,0,176,0,0,176,0,0,176,0,0,176,0,0,176,0,0,176,0,0,176,0,0,0,0,0,0,0,0,0,0,0,0,0,0
30,110,0,8,16,1,far,0,176,56320,57728,57728,59136,57728,59136,57728,59136,0,0,176,0,0,176,0,0,176,0,0,176,0,0,176,0,0,176,0,0,176,0,0,176,0,0,176,0,0,0,0,0,0,0,0,0,0,0,0,0,0
30,110,0,0,16,2,unchanged,0,16,9216,9344,9344,9344,9344,9344,9344,9344,0,0,16,0,16,0,0,16,0,0,0,16,0,16,0,0,16,0,0,0,16,0,16,0,0,16,0,0,0,0,0,0,0,0,0,0,0,0,0,0,0
30,110,0,2,16,2,unchanged,0,16,9216,9344,9344,9376,9344,9376,9344,9376,0,0,16,0,0,16,0,0,16,0,0,16,0,0,16,0,0,16,0,0,16,0,0,16,0,0,16,0,0,0,0,0,0,0,0,0,0,0,0,0,0
30,110,0,4,16,2,unchanged,0,16,9216,9344,9344,9408,9344,9408,9344,9408,0,0,16,0,0,16,0,0,16,0,0,16,0,0,16,0,0,16,0,0,16,0,0,16,0,0,16,0,0,0,0,0,0,0,0,0,0,0,0,0,0
30,110,0,8,16,2,unchanged,0,16,9216,9344,9344,9472,9344,9472,9344,9472,0,0,16,0,0,16,0,0,16,0,0,16,0,0,16,0,0,16,0,0,16,0,0,16,0,0,16,0,0,0,0,0,0,0,0,0,0,0,0,0,0
30,110,0,0,16,2,one_edit,0,64,36864,37376,37376,37376,37376,37376,37376,37376,0,0,64,0,64,0,0,64,0,0,0,64,0,64,0,0,64,0,0,0,64,0,64,0,0,64,0,0,0,0,0,0,0,0,0,0,0,0,0,0,0
30,110,0,2,16,2,one_edit,0,64,36864,37376,37376,37504,37376,37504,37376,37504,0,0,64,0,0,64,0,0,64,0,0,64,0,0,64,0,0,64,0,0,64,0,0,64,0,0,64,0,0,0,0,0,0,0,0,0,0,0,0,0,0
30,110,0,4,16,2,one_edit,0,64,36864,37376,37376,37632,37376,37632,37376,37632,0,0,64,0,0,64,0,0,64,0,0,64,0,0,64,0,0,64,0,0,64,0,0,64,0,0,64,0,0,0,0,0,0,0,0,0,0,0,0,0,0
30,110,0,8,16,2,one_edit,0,64,36864,37376,37376,37888,37376,37888,37376,37888,0,0,64,0,0,64,0,0,64,0,0,64,0,0,64,0,0,64,0,0,64,0,0,64,0,0,64,0,0,0,0,0,0,0,0,0,0,0,0,0,0
30,110,0,0,16,2,far,0,176,101376,102784,102784,102784,102784,102784,102784,102784,0,0,176,0,176,0,0,176,0,0,0,176,0,176,0,0,176,0,0,0,176,0,176,0,0,176,0,0,0,0,0,0,0,0,0,0,0,0,0,0,0
30,110,0,2,16,2,far,0,176,101376,102784,102784,103136,102784,103136,102784,103136,0,0,176,0,0,176,0,0,176,0,0,176,0,0,176,0,0,176,0,0,176,0,0,176,0,0,176,0,0,0,0,0,0,0,0,0,0,0,0,0,0
30,110,0,4,16,2,far,0,176,101376,102784,102784,103488,102784,103488,102784,103488,0,0,176,0,0,176,0,0,176,0,0,176,0,0,176,0,0,176,0,0,176,0,0,176,0,0,176,0,0,0,0,0,0,0,0,0,0,0,0,0,0
30,110,0,8,16,2,far,0,176,101376,102784,102784,104192,102784,104192,102784,104192,0,0,176,0,0,176,0,0,176,0,0,176,0,0,176,0,0,176,0,0,176,0,0,176,0,0,176,0,0,0,0,0,0,0,0,0,0,0,0,0,0
30,110,0,0,16,4,unchanged,0,16,17408,17536,17536,17536,17536,17536,17536,17536,0,0,16,0,16,0,0,16,0,0,0,16,0,16,0,0,16,0,0,0,16,0,16,0,0,16,0,0,0,0,0,0,0,0,0,0,0,0,0,0,0
30,110,0,2,16,4,unchanged,0,16,17408,17536,17536,17568,17536,17568,17536,17568,0,0,16,0,0,16,0,0,16,0,0,16,0,0,16,0,0,16,0,0,16,0,0,16,0,0,16,0,0,0,0,0,0,0,0,0,0,0,0,0,0
30,110,0,4,16,4,unchanged,0,16,17408,17536,17536,17600,17536,17600,17536,17600,0,0,16,0,0,16,0,0,16,0,0,16,0,0,16,0,0,16,0,0,16,0,0,16,0,0,16,0,0,0,0,0,0,0,0,0,0,0,0,0,0
30,110,0,8,16,4,unchanged,0,16,17408,17536,17536,17664,17536,17664,17536,17664,0,0,16,0,0,16,0,0,16,0,0,16,0,0,16,0,0,16,0,0,16,0,0,16,0,0,16,0,0,0,0,0,0,0,0,0,0,0,0,0,0
30,110,0,0,16,4,one_edit,0,64,69632,70144,70144,70144,70144,70144,70144,70144,0,0,64,0,64,0,0,64,0,0,0,64,0,64,0,0,64,0,0,0,64,0,64,0,0,64,0,0,0,0,0,0,0,0,0,0,0,0,0,0,0
30,110,0,2,16,4,one_edit,0,64,69632,70144,70144,70272,70144,70272,70144,70272,0,0,64,0,0,64,0,0,64,0,0,64,0,0,64,0,0,64,0,0,64,0,0,64,0,0,64,0,0,0,0,0,0,0,0,0,0,0,0,0,0
30,110,0,4,16,4,one_edit,0,64,69632,70144,70144,70400,70144,70400,70144,70400,0,0,64,0,0,64,0,0,64,0,0,64,0,0,64,0,0,64,0,0,64,0,0,64,0,0,64,0,0,0,0,0,0,0,0,0,0,0,0,0,0
30,110,0,8,16,4,one_edit,0,64,69632,70144,70144,70656,70144,70656,70144,70656,0,0,64,0,0,64,0,0,64,0,0,64,0,0,64,0,0,64,0,0,64,0,0,64,0,0,64,0,0,0,0,0,0,0,0,0,0,0,0,0,0
30,110,0,0,16,4,far,0,176,191488,192896,192896,192896,192896,192896,192896,192896,0,0,176,0,176,0,0,176,0,0,0,176,0,176,0,0,176,0,0,0,176,0,176,0,0,176,0,0,0,0,0,0,0,0,0,0,0,0,0,0,0
30,110,0,2,16,4,far,0,176,191488,192896,192896,193248,192896,193248,192896,193248,0,0,176,0,0,176,0,0,176,0,0,176,0,0,176,0,0,176,0,0,176,0,0,176,0,0,176,0,0,0,0,0,0,0,0,0,0,0,0,0,0
30,110,0,4,16,4,far,0,176,191488,192896,192896,193600,192896,193600,192896,193600,0,0,176,0,0,176,0,0,176,0,0,176,0,0,176,0,0,176,0,0,176,0,0,176,0,0,176,0,0,0,0,0,0,0,0,0,0,0,0,0,0
30,110,0,8,16,4,far,0,176,191488,192896,192896,194304,192896,194304,192896,194304,0,0,176,0,0,176,0,0,176,0,0,176,0,0,176,0,0,176,0,0,176,0,0,176,0,0,176,0,0,0,0,0,0,0,0,0,0,0,0,0,0
30,110,1,0,1,1,unchanged,1,16,2560,1728,1728,1728,1728,1728,1728,1728,16,0,0,0,16,0,0,16,0,16,0,0,0,16,0,0,16,0,16,0,0,0,16,0,0,16,0,0,0,0,0,0,0,0,0,0,0,0,0,0,0
30,110,1,2,1,1,unchanged,1,16,2560,1728,1728,1760,1728,1760,1728,1760,16,0,0,0,0,16,0,0,16,16,0,0,0,0,16,0,0,16,16,0,0,0,0,16,0,0,16,0,0,0,0,0,0,0,0,0,0,0,0,0,0
30,110,1,4,1,1,unchanged,1,16,2560,1728,1728,1792,1728,1792,1728,1792,16,0,0,0,0,16,0,0,16,16,0,0,0,0,16,0,0,16,16,0,0,0,0,16,0,0,16,0,0,0,0,0,0,0,0,0,0,0,0,0,0
30,110,1,8,1,1,unchanged,1,16,2560,1728,1728,1856,1728,1856,1728,1856,16,0,0,0,0,16,0,0,16,16,0,0,0,0,16,0,0,16,16,0,0,0,0,16,0,0,16,0,0,0,0,0,0,0,0,0,0,0,0,0,0
30,110,1,0,1,1,one_edit,1,64,10240,7296,7296,7296,7296,7296,7296,7296,64,0,0,0,64,0,0,64,0,64,0,0,0,64,0,0,64,0,64,0,0,0,64,0,0,64,0,0,0,0,0,0,0,0,0,0,0,0,0,0,0
30,110,1,2,1,1,one_edit,1,64,10240,7296,7296,7424,7296,7424,7296,7424,64,0,0,0,0,64,0,0,64,64,0,0,0,0,64,0,0,64,64,0,0,0,0,64,0,0,64,0,0,0,0,0,0,0,0,0,0,0,0,0,0
30,110,1,4,1,1,one_edit,1,64,10240,7296,7296,7552,7296,7552,7296,7552,64,0,0,0,0,64,0,0,64,64,0,0,0,0,64,0,0,64,64,0,0,0,0,64,0,0,64,0,0,0,0,0,0,0,0,0,0,0,0,0,0
30,110,1,8,1,1,one_edit,1,64,10240,7296,7296,7808,7296,7808,7296,7808,64,0,0,0,0,64,0,0,64,64,0,0,0,0,64,0,0,64,64,0,0,0,0,64,0,0,64,0,0,0,0,0,0,0,0,0,0,0,0,0,0
30,110,1,0,1,1,far,1,176,28160,19950,19950,19950,19950,20278,19950,20206,176,0,0,0,176,0,0,176,0,176,0,0,0,88,88,0,88,88,176,0,0,0,112,64,0,112,64,0,0,0,0,0,0,0,88,328,4,64,256,4,24
30,110,1,2,1,1,far,1,176,28160,19950,19950,20302,19950,20630,19950,20558,176,0,0,0,0,176,0,0,176,176,0,0,0,0,176,0,0,176,176,0,0,0,0,176,0,0,176,0,0,0,0,0,0,0,88,328,4,64,256,4,24
30,110,1,4,1,1,far,1,176,28160,19950,19950,20654,19950,20982,19950,20910,176,0,0,0,0,176,0,0,176,176,0,0,0,0,176,0,0,176,176,0,0,0,0,176,0,0,176,0,0,0,0,0,0,0,88,328,4,64,256,4,24
30,110,1,8,1,1,far,1,176,28160,19950,19950,21358,19950,21686,19950,21614,176,0,0,0,0,176,0,0,176,176,0,0,0,0,176,0,0,176,176,0,0,0,0,176,0,0,176,0,0,0,0,0,0,0,88,328,4,64,256,4,24
30,110,1,0,1,2,unchanged,1,16,3072,2048,2048,2048,2048,2048,2048,2048,16,0,0,0,16,0,0,16,0,16,0,0,0,16,0,0,16,0,16,0,0,0,16,0,0,16,0,0,0,0,0,0,0,0,0,0,0,0,0,0,0
30,110,1,2,1,2,unchanged,1,16,3072,2048,2048,2080,2048,2080,2048,2080,16,0,0,0,0,16,0,0,16,16,0,0,0,0,16,0,0,16,16,0,0,0,0,16,0,0,16,0,0,0,0,0,0,0,0,0,0,0,0,0,0
30,110,1,4,1,2,unchanged,1,16,3072,2048,2048,2112,2048,2112,2048,2112,16,0,0,0,0,16,0,0,16,16,0,0,0,0,16,0,0,16,16,0,0,0,0,16,0,0,16,0,0,0,0,0,0,0,0,0,0,0,0,0,0
30,110,1,8,1,2,unchanged,1,16,3072,2048,2048,2176,2048,2176,2048,2176,16,0,0,0,0,16,0,0,16,16,0,0,0,0,16,0,0,16,16,0,0,0,0,16,0,0,16,0,0,0,0,0,0,0,0,0,0,0,0,0,0
30,110,1,0,1,2,one_edit,1,64,12288,8960,8960,8960,8960,8960,8960,8960,64,0,0,0,64,0,0,64,0,64,0,0,0,64,0,0,64,0,64,0,0,0,64,0,0,64,0,0,0,0,0,0,0,0,0,0,0,0,0,0,0
30,110,1,2,1,2,one_edit,1,64,12288,8960,8960,9088,8960,9088,8960,9088,64,0,0,0,0,64,0,0,64,64,0,0,0,0,64,0,0,64,64,0,0,0,0,64,0,0,64,0,0,0,0,0,0,0,0,0,0,0,0,0,0
30,110,1,4,1,2,one_edit,1,64,12288,8960,8960,9216,8960,9216,8960,9216,64,0,0,0,0,64,0,0,64,64,0,0,0,0,64,0,0,64,64,0,0,0,0,64,0,0,64,0,0,0,0,0,0,0,0,0,0,0,0,0,0
30,110,1,8,1,2,one_edit,1,64,12288,8960,8960,9472,8960,9472,8960,9472,64,0,0,0,0,64,0,0,64,64,0,0,0,0,64,0,0,64,64,0,0,0,0,64,0,0,64,0,0,0,0,0,0,0,0,0,0,0,0,0,0
30,110,1,0,1,2,far,1,176,33792,24412,24412,24412,24412,25068,24412,24924,176,0,0,0,176,0,0,176,0,176,0,0,0,88,88,0,88,88,176,0,0,0,112,64,0,112,64,0,0,0,0,0,0,0,88,656,8,64,512,8,24
30,110,1,2,1,2,far,1,176,33792,24412,24412,24764,24412,25420,24412,25276,176,0,0,0,0,176,0,0,176,176,0,0,0,0,176,0,0,176,176,0,0,0,0,176,0,0,176,0,0,0,0,0,0,0,88,656,8,64,512,8,24
30,110,1,4,1,2,far,1,176,33792,24412,24412,25116,24412,25772,24412,25628,176,0,0,0,0,176,0,0,176,176,0,0,0,0,176,0,0,176,176,0,0,0,0,176,0,0,176,0,0,0,0,0,0,0,88,656,8,64,512,8,24
30,110,1,8,1,2,far,1,176,33792,24412,24412,25820,24412,26476,24412,26332,176,0,0,0,0,176,0,0,176,176,0,0,0,0,176,0,0,176,176,0,0,0,0,176,0,0,176,0,0,0,0,0,0,0,88,656,8,64,512,8,24
30,110,1,0,1,4,unchanged,1,16,4096,2688,2688,2688,2688,2688,2688,2688,16,0,0,0,16,0,0,16,0,16,0,0,0,16,0,0,16,0,16,0,0,0,16,0,0,16,0,0,0,0,0,0,0,0,0,0,0,0,0,0,0
30,110,1,2,1,4,unchanged,1,16,4096,2688,2688,2720,2688,2720,2688,2720,16,0,0,0,0,16,0,0,16,16,0,0,0,0,16,0,0,16,16,0,0,0,0,16,0,0,16,0,0,0,0,0,0,0,0,0,0,0,0,0,0
30,110,1,4,1,4,unchanged,1,16,4096,2688,2688,2752,2688,2752,2688,2752,16,0,0,0,0,16,0,0,16,16,0,0,0,0,16,0,0,16,16,0,0,0,0,16,0,0,16,0,0,0,0,0,0,0,0,0,0,0,0,0,0
30,110,1,8,1,4,unchanged,1,16,4096,2688,2688,2816,2688,2816,2688,2816,16,0,0,0,0,16,0,0,16,16,0,0,0,0,16,0,0,16,16,0,0,0,0,16,0,0,16,0,0,0,0,0,0,0,0,0,0,0,0,0,0
30,110,1,0,1,4,one_edit,1,64,16384,12288,12288,12288,12288,12288,12288,12288,64,0,0,0,64,0,0,64,0,64,0,0,0,64,0,0,64,0,64,0,0,0,64,0,0,64,0,0,0,0,0,0,0,0,0,0,0,0,0,0,0
30,110,1,2,1,4,one_edit,1,64,16384,12288,12288,12416,12288,12416,12288,12416,64,0,0,0,0,64,0,0,64,64,0,0,0,0,64,0,0,64,64,0,0,0,0,64,0,0,64,0,0,0,0,0,0,0,0,0,0,0,0,0,0
30,110,1,4,1,4,one_edit,1,64,16384,12288,12288,12544,12288,12544,12288,12544,64,0,0,0,0,64,0,0,64,64,0,0,0,0,64,0,0,64,64,0,0,0,0,64,0,0,64,0,0,0,0,0,0,0,0,0,0,0,0,0,0
30,110,1,8,1,4,one_edit,1,64,16384,12288,12288,12800,12288,12800,12288,12800,64,0,0,0,0,64,0,0,64,64,0,0,0,0,64,0,0,64,64,0,0,0,0,64,0,0,64,0,0,0,0,0,0,0,0,0,0,0,0,0,0
30,110,1,0,1,4,far,1,176,45056,33336,33336,33336,33336,34648,33336,34360,176,0,0,0,176,0,0,176,0,176,0,0,0,88,88,0,88,88,176,0,0,0,112,64,0,112,64,0,0,0,0,0,0,0,88,1312,16,64,1024,16,24
30,110,1,2,1,4,far,1,176,45056,33336,33336,33688,33336,35000,33336,34712,176,0,0,0,0,176,0,0,176,176,0,0,0,0,176,0,0,176,176,0,0,0,0,176,0,0,176,0,0,0,0,0,0,0,88,1312,16,64,1024,16,24
30,110,1,4,1,4,far,1,176,45056,33336,33336,34040,33336,35352,33336,35064,176,0,0,0,0,176,0,0,176,176,0,0,0,0,176,0,0,176,176,0,0,0,0,176,0,0,176,0,0,0,0,0,0,0,88,1312,16,64,1024,16,24
30,110,1,8,1,4,far,1,176,45056,33336,33336,34744,33336,36056,33336,35768,176,0,0,0,0,176,0,0,176,176,0,0,0,0,176,0,0,176,176,0,0,0,0,176,0,0,176,0,0,0,0,0,0,0,88,1312,16,64,1024,16,24
30,110,1,0,4,1,unchanged,1,16,4096,2688,2688,2688,2688,2688,2688,2688,16,0,0,0,16,0,0,16,0,16,0,0,0,16,0,0,16,0,16,0,0,0,16,0,0,16,0,0,0,0,0,0,0,0,0,0,0,0,0,0,0
30,110,1,2,4,1,unchanged,1,16,4096,2688,2688,2720,2688,2720,2688,2720,16,0,0,0,0,16,0,0,16,16,0,0,0,0,16,0,0,16,16,0,0,0,0,16,0,0,16,0,0,0,0,0,0,0,0,0,0,0,0,0,0
30,110,1,4,4,1,unchanged,1,16,4096,2688,2688,2752,2688,2752,2688,2752,16,0,0,0,0,16,0,0,16,16,0,0,0,0,16,0,0,16,16,0,0,0,0,16,0,0,16,0,0,0,0,0,0,0,0,0,0,0,0,0,0
30,110,1,8,4,1,unchanged,1,16,4096,2688,2688,2816,2688,2816,2688,2816,16,0,0,0,0,16,0,0,16,16,0,0,0,0,16,0,0,16,16,0,0,0,0,16,0,0,16,0,0,0,0,0,0,0,0,0,0,0,0,0,0
30,110,1,0,4,1,one_edit,1,64,16384,12288,11776,11136,11776,11136,11776,11136,64,0,0,64,0,0,64,0,0,64,0,0,64,0,0,64,0,0,64,0,0,64,0,0,64,0,0,0,0,0,0,0,0,0,0,0,0,0,0,0,0
30,110,1,2,4,1,one_edit,1,64,16384,12288,11776,11264,11776,11264,11776,11264,64,0,0,64,0,0,64,0,0,64,0,0,64,0,0,64,0,0,64,0,0,64,0,0,64,0,0,0,0,0,0,0,0,0,0,0,0,0,0,0,0
30,110,1,4,4,1,one_edit,1,64,16384,12288,11776,11392,11776,11392,11776,11392,64,0,0,64,0,0,64,0,0,64,0,0,64,0,0,64,0,0,64,0,0,64,0,0,64,0,0,0,0,0,0,0,0,0,0,0,0,0,0,0,0
30,110,1,8,4,1,one_edit,1,64,16384,12288,11776,11648,11776,11648,11776,11648,64,0,0,64,0,0,64,0,0,64,0,0,64,0,0,64,0,0,64,0,0,64,0,0,64,0,0,0,0,0,0,0,0,0,0,0,0,0,0,0,0
30,110,1,0,4,1,far,1,176,45056,33336,32232,31656,32384,31680,32384,31680,176,0,0,170,6,0,160,16,0,176,0,0,170,0,6,160,16,0,176,0,0,170,0,6,160,16,0,38,152,4,38,152,4,0,6,24,4,6,24,4,0
30,110,1,2,4,1,far,1,176,45056,33336,32232,32008,32384,32032,32384,32032,176,0,0,138,32,6,64,96,16,176,0,0,138,32,6,96,64,16,176,0,0,138,32,6,96,64,16,38,152,4,38,152,4,0,6,24,4,6,24,4,0
30,110,1,4,4,1,far,1,176,45056,33336,32232,32360,32384,32384,32384,32384,176,0,0,138,0,38,64,0,112,176,0,0,138,0,38,96,0,80,176,0,0,138,0,38,96,0,80,38,152,4,38,152,4,0,6,24,4,6,24,4,0
30,110,1,8,4,1,far,1,176,45056,33336,32232,33064,32384,33088,32384,33088,176,0,0,128,10,38,0,0,176,176,0,0,128,10,38,0,0,176,176,0,0,128,10,38,0,0,176,38,152,4,38,152,4,0,6,24,4,6,24,4,0
30,110,1,0,4,2,unchanged,1,16,6144,3968,3968,3968,3968,3968,3968,3968,16,0,0,0,16,0,0,16,0,16,0,0,0,16,0,0,16,0,16,0,0,0,16,0,0,16,0,0,0,0,0,0,0,0,0,0,0,0,0,0,0
30,110,1,2,4,2,unchanged,1,16,6144,3968,3968,4000,3968,4000,3968,4000,16,0,0,0,0,16,0,0,16,16,0,0,0,0,16,0,0,16,16,0,0,0,0,16,0,0,16,0,0,0,0,0,0,0,0,0,0,0,0,0,0
30,110,1,4,4,2,unchanged,1,16,6144,3968,3968,4032,3968,4032,3968,4032,16,0,0,0,0,16,0,0,16,16,0,0,0,0,16,0,0,16,16,0,0,0,0,16,0,0,16,0,0,0,0,0,0,0,0,0,0,0,0,0,0
30,110,1,8,4,2,unchanged,1,16,6144,3968,3968,4096,3968,4096,3968,4096,16,0,0,0,0,16,0,0,16,16,0,0,0,0,16,0,0,16,16,0,0,0,0,16,0,0,16,0,0,0,0,0,0,0,0,0,0,0,0,0,0
30,110,1,0,4,2,one_edit,1,64,24576,18944,17920,16640,17920,16640,17920,16640,64,0,0,64,0,0,64,0,0,64,0,0,64,0,0,64,0,0,64,0,0,64,0,0,64,0,0,0,0,0,0,0,0,0,0,0,0,0,0,0,0
30,110,1,2,4,2,one_edit,1,64,24576,18944,17920,16768,17920,16768,17920,16768,64,0,0,64,0,0,64,0,0,64,0,0,64,0,0,64,0,0,64,0,0,64,0,0,64,0,0,0,0,0,0,0,0,0,0,0,0,0,0,0,0
30,110,1,4,4,2,one_edit,1,64,24576,18944,17920,16896,17920,16896,17920,16896,64,0,0,64,0,0,64,0,0,64,0,0,64,0,0,64,0,0,64,0,0,64,0,0,64,0,0,0,0,0,0,0,0,0,0,0,0,0,0,0,0
30,110,1,8,4,2,one_edit,1,64,24576,18944,17920,17152,17920,17152,17920,17152,64,0,0,64,0,0,64,0,0,64,0,0,64,0,0,64,0,0,64,0,0,64,0,0,64,0,0,0,0,0,0,0,0,0,0,0,0,0,0,0,0
30,110,1,0,4,2,far,1,176,67584,51184,48976,47824,49280,47872,49280,47872,176,0,0,170,6,0,160,16,0,176,0,0,170,0,6,160,16,0,176,0,0,170,0,6,160,16,0,38,304,8,38,304,8,0,6,48,8,6,48,8,0
30,110,1,2,4,2,far,1,176,67584,51184,48976,48176,49280,48224,49280,48224,176,0,0,170,0,6,160,0,16,176,0,0,170,0,6,160,0,16,176,0,0,170,0,6,160,0,16,38,304,8,38,304,8,0,6,48,8,6,48,8,0
30,110,1,4,4,2,far,1,176,67584,51184,48976,48528,49280,48576,49280,48576,176,0,0,138,32,6,64,96,16,176,0,0,138,32,6,96,64,16,176,0,0,138,32,6,96,64,16,38,304,8,38,304,8,0,6,48,8,6,48,8,0
30,110,1,8,4,2,far,1,176,67584,51184,48976,49232,49280,49280,49280,49280,176,0,0,138,0,38,64,0,112,176,0,0,138,0,38,96,0,80,176,0,0,138,0,38,96,0,80,38,304,8,38,304,8,0,6,48,8,6,48,8,0
30,110,1,0,4,4,unchanged,1,16,10240,6528,6528,6528,6528,6528,6528,6528,16,0,0,0,16,0,0,16,0,16,0,0,0,16,0,0,16,0,16,0,0,0,16,0,0,16,0,0,0,0,0,0,0,0,0,0,0,0,0,0,0
30,110,1,2,4,4,unchanged,1,16,10240,6528,6528,6560,6528,6560,6528,6560,16,0,0,0,0,16,0,0,16,16,0,0,0,0,16,0,0,16,16,0,0,0,0,16,0,0,16,0,0,0,0,0,0,0,0,0,0,0,0,0,0
30,110,1,4,4,4,unchanged,1,16,10240,6528,6528,6592,6528,6592,6528,6592,16,0,0,0,0,16,0,0,16,16,0,0,0,0,16,0,0,16,16,0,0,0,0,16,0,0,16,0,0,0,0,0,0,0,0,0,0,0,0,0,0
30,110,1,8,4,4,unchanged,1,16,10240,6528,6528,6656,6528,6656,6528,6656,16,0,0,0,0,16,0,0,16,16,0,0,0,0,16,0,0,16,16,0,0,0,0,16,0,0,16,0,0,0,0,0,0,0,0,0,0,0,0,0,0
30,110,1,0,4,4,one_edit,1,64,40960,32256,30208,27648,30208,27648,30208,27648,64,0,0,64,0,0,64,0,0,64,0,0,64,0,0,64,0,0,64,0,0,64,0,0,64,0,0,0,0,0,0,0,0,0,0,0,0,0,0,0,0
30,110,1,2,4,4,one_edit,1,64,40960,32256,30208,27776,30208,27776,30208,27776,64,0,0,64,0,0,64,0,0,64,0,0,64,0,0,64,0,0,64,0,0,64,0,0,64,0,0,0,0,0,0,0,0,0,0,0,0,0,0,0,0
30,110,1,4,4,4,one_edit,1,64,40960,32256,30208,27904,30208,27904,30208,27904,64,0,0,64,0,0,64,0,0,64,0,0,64,0,0,64,0,0,64,0,0,64,0,0,64,0,0,0,0,0,0,0,0,0,0,0,0,0,0,0,0
30,110,1,8,4,4,one_edit,1,64,40960,32256,30208,28160,30208,28160,30208,28160,64,0,0,64,0,0,64,0,0,64,0,0,64,0,0,64,0,0,64,0,0,64,0,0,64,0,0,0,0,0,0,0,0,0,0,0,0,0,0,0,0
30,110,1,0,4,4,far,1,176,112640,86880,82464,80160,83072,80256,83072,80256,176,0,0,170,6,0,160,16,0,176,0,0,170,0,6,160,16,0,176,0,0,170,0,6,160,16,0,38,608,16,38,608,16,0,6,96,16,6,96,16,0
30,110,1,2,4,4,far,1,176,112640,86880,82464,80512,83072,80608,83072,80608,176,0,0,170,0,6,160,0,16,176,0,0,170,0,6,160,0,16,176,0,0,170,0,6,160,0,16,38,608,16,38,608,16,0,6,96,16,6,96,16,0
30,110,1,4,4,4,far,1,176,112640,86880,82464,80864,83072,80960,83072,80960,176,0,0,170,0,6,160,0,16,176,0,0,170,0,6,160,0,16,176,0,0,170,0,6,160,0,16,38,608,16,38,608,16,0,6,96,16,6,96,16,0
30,110,1,8,4,4,far,1,176,112640,86880,82464,81568,83072,81664,83072,81664,176,0,0,138,32,6,64,96,16,176,0,0,138,32,6,96,64,16,176,0,0,138,32,6,96,64,16,38,608,16,38,608,16,0,6,96,16,6,96,16,0
30,110,1,0,16,1,unchanged,1,16,10240,6528,6528,6528,6528,6528,6528,6528,16,0,0,0,16,0,0,16,0,16,0,0,0,16,0,0,16,0,16,0,0,0,16,0,0,16,0,0,0,0,0,0,0,0,0,0,0,0,0,0,0
30,110,1,2,16,1,unchanged,1,16,10240,6528,6528,6560,6528,6560,6528,6560,16,0,0,0,0,16,0,0,16,16,0,0,0,0,16,0,0,16,16,0,0,0,0,16,0,0,16,0,0,0,0,0,0,0,0,0,0,0,0,0,0
30,110,1,4,16,1,unchanged,1,16,10240,6528,6528,6592,6528,6592,6528,6592,16,0,0,0,0,16,0,0,16,16,0,0,0,0,16,0,0,16,16,0,0,0,0,16,0,0,16,0,0,0,0,0,0,0,0,0,0,0,0,0,0
30,110,1,8,16,1,unchanged,1,16,10240,6528,6528,6656,6528,6656,6528,6656,16,0,0,0,0,16,0,0,16,16,0,0,0,0,16,0,0,16,16,0,0,0,0,16,0,0,16,0,0,0,0,0,0,0,0,0,0,0,0,0,0
30,110,1,0,16,1,one_edit,1,64,40960,32256,27136,26496,27136,26496,27136,26496,64,0,0,64,0,0,64,0,0,64,0,0,64,0,0,64,0,0,64,0,0,64,0,0,64,0,0,0,0,0,0,0,0,0,0,0,0,0,0,0,0
30,110,1,2,16,1,one_edit,1,64,40960,32256,27136,26624,27136,26624,27136,26624,64,0,0,64,0,0,64,0,0,64,0,0,64,0,0,64,0,0,64,0,0,64,0,0,64,0,0,0,0,0,0,0,0,0,0,0,0,0,0,0,0
30,110,1,4,16,1,one_edit,1,64,40960,32256,27136,26752,27136,26752,27136,26752,64,0,0,64,0,0,64,0,0,64,0,0,64,0,0,64,0,0,64,0,0,64,0,0,64,0,0,0,0,0,0,0,0,0,0,0,0,0,0,0,0
30,110,1,8,16,1,one_edit,1,64,40960,32256,27136,27008,27136,27008,27136,27008,64,0,0,64,0,0,64,0,0,64,0,0,64,0,0,64,0,0,64,0,0,64,0,0,64,0,0,0,0,0,0,0,0,0,0,0,0,0,0,0,0
30,110,1,0,16,1,far,1,176,112640,86880,74624,73920,74624,73920,74624,73920,176,0,0,176,0,0,160,16,0,176,0,0,176,0,0,160,16,0,176,0,0,176,0,0,160,16,0,0,0,0,0,0,0,0,0,0,0,0,0,0,0
30,110,1,2,16,1,far,1,176,112640,86880,74624,74272,74624,74272,74624,74272,176,0,0,176,0,0,96,64,16,176,0,0,176,0,0,96,64,16,176,0,0,176,0,0,96,64,16,0,0,0,0,0,0,0,0,0,0,0,0,0,0
30,110,1,4,16,1,far,1,176,112640,86880,74624,74624,74624,74624,74624,74624,176,0,0,176,0,0,96,0,80,176,0,0,176,0,0,96,0,80,176,0,0,176,0,0,96,0,80,0,0,0,0,0,0,0,0,0,0,0,0,0,0
30,110,1,8,16,1,far,1,176,112640,86880,74624,75328,74624,75328,74624,75328,176,0,0,176,0,0,0,0,176,176,0,0,176,0,0,0,0,176,176,0,0,176,0,0,0,0,176,0,0,0,0,0,0,0,0,0,0,0,0,0,0
30,110,1,0,16,2,unchanged,1,16,18432,11648,11648,11648,11648,11648,11648,11648,16,0,0,0,16,0,0,16,0,16,0,0,0,16,0,0,16,0,16,0,0,0,16,0,0,16,0,0,0,0,0,0,0,0,0,0,0,0,0,0,0
30,110,1,2,16,2,unchanged,1,16,18432,11648,11648,11680,11648,11680,11648,11680,16,0,0,0,0,16,0,0,16,16,0,0,0,0,16,0,0,16,16,0,0,0,0,16,0,0,16,0,0,0,0,0,0,0,0,0,0,0,0,0,0
30,110,1,4,16,2,unchanged,1,16,18432,11648,11648,11712,11648,11712,11648,11712,16,0,0,0,0,16,0,0,16,16,0,0,0,0,16,0,0,16,16,0,0,0,0,16,0,0,16,0,0,0,0,0,0,0,0,0,0,0,0,0,0
30,110,1,8,16,2,unchanged,1,16,18432,11648,11648,11776,11648,11776,11648,11776,16,0,0,0,0,16,0,0,16,16,0,0,0,0,16,0,0,16,16,0,0,0,0,16,0,0,16,0,0,0,0,0,0,0,0,0,0,0,0,0,0
30,110,1,0,16,2,one_edit,1,64,73728,58880,48640,47360,48640,47360,48640,47360,64,0,0,64,0,0,64,0,0,64,0,0,64,0,0,64,0,0,64,0,0,64,0,0,64,0,0,0,0,0,0,0,0,0,0,0,0,0,0,0,0
30,110,1,2,16,2,one_edit,1,64,73728,58880,48640,47488,48640,47488,48640,47488,64,0,0,64,0,0,64,0,0,64,0,0,64,0,0,64,0,0,64,0,0,64,0,0,64,0,0,0,0,0,0,0,0,0,0,0,0,0,0,0,0
30,110,1,4,16,2,one_edit,1,64,73728,58880,48640,47616,48640,47616,48640,47616,64,0,0,64,0,0,64,0,0,64,0,0,64,0,0,64,0,0,64,0,0,64,0,0,64,0,0,0,0,0,0,0,0,0,0,0,0,0,0,0,0
30,110,1,8,16,2,one_edit,1,64,73728,58880,48640,47872,48640,47872,48640,47872,64,0,0,64,0,0,64,0,0,64,0,0,64,0,0,64,0,0,64,0,0,64,0,0,64,0,0,0,0,0,0,0,0,0,0,0,0,0,0,0,0
30,110,1,0,16,2,far,1,176,202752,158272,133760,132352,133760,132352,133760,132352,176,0,0,176,0,0,160,16,0,176,0,0,176,0,0,160,16,0,176,0,0,176,0,0,160,16,0,0,0,0,0,0,0,0,0,0,0,0,0,0,0
30,110,1,2,16,2,far,1,176,202752,158272,133760,132704,133760,132704,133760,132704,176,0,0,176,0,0,160,0,16,176,0,0,176,0,0,160,0,16,176,0,0,176,0,0,160,0,16,0,0,0,0,0,0,0,0,0,0,0,0,0,0
30,110,1,4,16,2,far,1,176,202752,158272,133760,133056,133760,133056,133760,133056,176,0,0,176,0,0,96,64,16,176,0,0,176,0,0,96,64,16,176,0,0,176,0,0,96,64,16,0,0,0,0,0,0,0,0,0,0,0,0,0,0
30,110,1,8,16,2,far,1,176,202752,158272,133760,133760,133760,133760,133760,133760,176,0,0,176,0,0,96,0,80,176,0,0,176,0,0,96,0,80,176,0,0,176,0,0,96,0,80,0,0,0,0,0,0,0,0,0,0,0,0,0,0
30,110,1,0,16,4,unchanged,1,16,34816,21888,21888,21888,21888,21888,21888,21888,16,0,0,0,16,0,0,16,0,16,0,0,0,16,0,0,16,0,16,0,0,0,16,0,0,16,0,0,0,0,0,0,0,0,0,0,0,0,0,0,0
30,110,1,2,16,4,unchanged,1,16,34816,21888,21888,21920,21888,21920,21888,21920,16,0,0,0,0,16,0,0,16,16,0,0,0,0,16,0,0,16,16,0,0,0,0,16,0,0,16,0,0,0,0,0,0,0,0,0,0,0,0,0,0
30,110,1,4,16,4,unchanged,1,16,34816,21888,21888,21952,21888,21952,21888,21952,16,0,0,0,0,16,0,0,16,16,0,0,0,0,16,0,0,16,16,0,0,0,0,16,0,0,16,0,0,0,0,0,0,0,0,0,0,0,0,0,0
30,110,1,8,16,4,unchanged,1,16,34816,21888,21888,22016,21888,22016,21888,22016,16,0,0,0,0,16,0,0,16,16,0,0,0,0,16,0,0,16,16,0,0,0,0,16,0,0,16,0,0,0,0,0,0,0,0,0,0,0,0,0,0
30,110,1,0,16,4,one_edit,1,64,139264,112128,91648,89088,91648,89088,91648,89088,64,0,0,64,0,0,64,0,0,64,0,0,64,0,0,64,0,0,64,0,0,64,0,0,64,0,0,0,0,0,0,0,0,0,0,0,0,0,0,0,0
30,110,1,2,16,4,one_edit,1,64,139264,112128,91648,89216,91648,89216,91648,89216,64,0,0,64,0,0,64,0,0,64,0,0,64,0,0,64,0,0,64,0,0,64,0,0,64,0,0,0,0,0,0,0,0,0,0,0,0,0,0,0,0
30,110,1,4,16,4,one_edit,1,64,139264,112128,91648,89344,91648,89344,91648,89344,64,0,0,64,0,0,64,0,0,64,0,0,64,0,0,64,0,0,64,0,0,64,0,0,64,0,0,0,0,0,0,0,0,0,0,0,0,0,0,0,0
30,110,1,8,16,4,one_edit,1,64,139264,112128,91648,89600,91648,89600,91648,89600,64,0,0,64,0,0,64,0,0,64,0,0,64,0,0,64,0,0,64,0,0,64,0,0,64,0,0,0,0,0,0,0,0,0,0,0,0,0,0,0,0
30,110,1,0,16,4,far,1,176,382976,301056,252032,249216,252032,249216,252032,249216,176,0,0,176,0,0,160,16,0,176,0,0,176,0,0,160,16,0,176,0,0,176,0,0,160,16,0,0,0,0,0,0,0,0,0,0,0,0,0,0,0
30,110,1,2,16,4,far,1,176,382976,301056,252032,249568,252032,249568,252032,249568,176,0,0,176,0,0,160,0,16,176,0,0,176,0,0,160,0,16,176,0,0,176,0,0,160,0,16,0,0,0,0,0,0,0,0,0,0,0,0,0,0
30,110,1,4,16,4,far,1,176,382976,301056,252032,249920,252032,249920,252032,249920,176,0,0,176,0,0,160,0,16,176,0,0,176,0,0,160,0,16,176,0,0,176,0,0,160,0,16,0,0,0,0,0,0,0,0,0,0,0,0,0,0
30,110,1,8,16,4,far,1,176,382976,301056,252032,250624,252032,250624,252032,250624,176,0,0,176,0,0,96,64,16,176,0,0,176,0,0,96,64,16,176,0,0,176,0,0,96,64,16,0,0,0,0,0,0,0,0,0,0,0,0,0,0
30,110,2,0,1,1,unchanged,1,16,3840,2048,2048,2048,2048,2048,2048,2048,16,0,0,0,16,0,0,16,0,16,0,0,0,16,0,0,16,0,16,0,0,0,16,0,0,16,0,0,0,0,0,0,0,0,0,0,0,0,0,0,0
30,110,2,2,1,1,unchanged,1,16,3840,2048,2048,2080,2048,2080,2048,2080,16,0,0,0,0,16,0,0,16,16,0,0,0,0,16,0,0,16,16,0,0,0,0,16,0,0,16,0,0,0,0,0,0,0,0,0,0,0,0,0,0
30,110,2,4,1,1,unchanged,1,16,3840,2048,2048,2112,2048,2112,2048,2112,16,0,0,0,0,16,0,0,16,16,0,0,0,0,16,0,0,16,16,0,0,0,0,16,0,0,16,0,0,0,0,0,0,0,0,0,0,0,0,0,0
30,110,2,8,1,1,unchanged,1,16,3840,2048,2048,2176,2048,2176,2048,2176,16,0,0,0,0,16,0,0,16,16,0,0,0,0,16,0,0,16,16,0,0,0,0,16,0,0,16,0,0,0,0,0,0,0,0,0,0,0,0,0,0
30,110,2,0,1,1,one_edit,1,64,15360,8960,8960,8576,9216,8576,9216,8576,64,0,0,64,0,0,64,0,0,64,0,0,64,0,0,64,0,0,64,0,0,64,0,0,64,0,0,64,256,4,64,256,4,0,0,0,0,0,0,0,0
30,110,2,2,1,1,one_edit,1,64,15360,8960,8960,8704,9216,8704,9216,8704,64,0,0,64,0,0,64,0,0,64,0,0,64,0,0,64,0,0,64,0,0,64,0,0,64,0,0,64,256,4,64,256,4,0,0,0,0,0,0,0,0
30,110,2,4,1,1,one_edit,1,64,15360,8960,8960,8832,9216,8832,9216,8832,64,0,0,64,0,0,64,0,0,64,0,0,64,0,0,64,0,0,64,0,0,64,0,0,64,0,0,64,256,4,64,256,4,0,0,0,0,0,0,0,0
30,110,2,8,1,1,one_edit,1,64,15360,8960,8960,9088,9216,9088,9216,9088,64,0,0,0,0,64,0,0,64,64,0,0,0,0,64,64,0,0,64,0,0,0,0,64,64,0,0,64,256,4,64,256,4,0,0,0,0,0,0,0,0
30,110,2,0,1,1,far,1,176,42240,24412,24412,24284,24964,24580,24964,24580,176,0,0,64,112,0,64,112,0,176,0,0,64,6,106,128,16,32,176,0,0,64,6,106,128,16,32,138,552,4,138,552,4,0,106,296,4,106,296,4,0
30,110,2,2,1,1,far,1,176,42240,24412,24412,24636,24964,24932,24964,24932,176,0,0,0,64,112,0,64,112,176,0,0,0,64,112,64,64,48,176,0,0,0,64,112,64,64,48,138,552,4,138,552,4,0,106,296,4,106,296,4,0
30,110,2,4,1,1,far,1,176,42240,24412,24412,24988,24964,25284,24964,25284,176,0,0,0,0,176,0,0,176,176,0,0,0,0,176,64,0,112,176,0,0,0,0,176,64,0,112,138,552,4,138,552,4,0,106,296,4,106,296,4,0
30,110,2,8,1,1,far,1,176,42240,24412,24412,25692,24964,25988,24964,25988,176,0,0,0,0,176,0,0,176,176,0,0,0,0,176,0,0,176,176,0,0,0,0,176,0,0,176,138,552,4,138,552,4,0,106,296,4,106,296,4,0
30,110,2,0,1,2,unchanged,1,16,4608,2432,2432,2432,2432,2432,2432,2432,16,0,0,0,16,0,0,16,0,16,0,0,0,16,0,0,16,0,16,0,0,0,16,0,0,16,0,0,0,0,0,0,0,0,0,0,0,0,0,0,0
30,110,2,2,1,2,unchanged,1,16,4608,2432,2432,2464,2432,2464,2432,2464,16,0,0,0,0,16,0,0,16,16,0,0,0,0,16,0,0,16,16,0,0,0,0,16,0,0,16,0,0,0,0,0,0,0,0,0,0,0,0,0,0
30,110,2,4,1,2,unchanged,1,16,4608,2432,2432,2496,2432,2496,2432,2496,16,0,0,0,0,16,0,0,16,16,0,0,0,0,16,0,0,16,16,0,0,0,0,16,0,0,16,0,0,0,0,0,0,0,0,0,0,0,0,0,0
30,110,2,8,1,2,unchanged,1,16,4608,2432,2432,2560,2432,2560,2432,2560,16,0,0,0,0,16,0,0,16,16,0,0,0,0,16,0,0,16,16,0,0,0,0,16,0,0,16,0,0,0,0,0,0,0,0,0,0,0,0,0,0
30,110,2,0,1,2,one_edit,1,64,18432,11264,11264,10496,11776,10496,11776,10496,64,0,0,64,0,0,64,0,0,64,0,0,64,0,0,64,0,0,64,0,0,64,0,0,64,0,0,64,512,8,64,512,8,0,0,0,0,0,0,0,0
30,110,2,2,1,2,one_edit,1,64,18432,11264,11264,10624,11776,10624,11776,10624,64,0,0,64,0,0,64,0,0,64,0,0,64,0,0,64,0,0,64,0,0,64,0,0,64,0,0,64,512,8,64,512,8,0,0,0,0,0,0,0,0
30,110,2,4,1,2,one_edit,1,64,18432,11264,11264,10752,11776,10752,11776,10752,64,0,0,64,0,0,64,0,0,64,0,0,64,0,0,64,0,0,64,0,0,64,0,0,64,0,0,64,512,8,64,512,8,0,0,0,0,0,0,0,0
30,110,2,8,1,2,one_edit,1,64,18432,11264,11264,11008,11776,11008,11776,11008,64,0,0,64,0,0,64,0,0,64,0,0,64,0,0,64,0,0,64,0,0,64,0,0,64,0,0,64,512,8,64,512,8,0,0,0,0,0,0,0,0
30,110,2,0,1,2,far,1,176,50688,30520,30520,30264,31624,30856,31624,30856,176,0,0,64,112,0,64,112,0,176,0,0,64,6,106,128,16,32,176,0,0,64,6,106,128,16,32,138,1104,8,138,1104,8,0,106,592,8,106,592,8,0
30,110,2,2,1,2,far,1,176,50688,30520,30520,30616,31624,31208,31624,31208,176,0,0,64,0,112,64,0,112,176,0,0,64,0,112,128,0,48,176,0,0,64,0,112,128,0,48,138,1104,8,138,1104,8,0,106,592,8,106,592,8,0
30,110,2,4,1,2,far,1,176,50688,30520,30520,30968,31624,31560,31624,31560,176,0,0,0,64,112,0,64,112,176,0,0,0,64,112,64,64,48,176,0,0,0,64,112,64,64,48,138,1104,8,138,1104,8,0,106,592,8,106,592,8,0
30,110,2,8,1,2,far,1,176,50688,30520,30520,31672,31624,32264,31624,32264,176,0,0,0,0,176,0,0,176,176,0,0,0,0,176,64,0,112,176,0,0,0,0,176,64,0,112,138,1104,8,138,1104,8,0,106,592,8,106,592,8,0
30,110,2,0,1,4,unchanged,1,16,6144,3200,3200,3200,3200,3200,3200,3200,16,0,0,0,16,0,0,16,0,16,0,0,0,16,0,0,16,0,16,0,0,0,16,0,0,16,0,0,0,0,0,0,0,0,0,0,0,0,0,0,0
30,110,2,2,1,4,unchanged,1,16,6144,3200,3200,3232,3200,3232,3200,3232,16,0,0,0,0,16,0,0,16,16,0,0,0,0,16,0,0,16,16,0,0,0,0,16,0,0,16,0,0,0,0,0,0,0,0,0,0,0,0,0,0
30,110,2,4,1,4,unchanged,1,16,6144,3200,3200,3264,3200,3264,3200,3264,16,0,0,0,0,16,0,0,16,16,0,0,0,0,16,0,0,16,16,0,0,0,0,16,0,0,16,0,0,0,0,0,0,0,0,0,0,0,0,0,0
30,110,2,8,1,4,unchanged,1,16,6144,3200,3200,3328,3200,3328,3200,3328,16,0,0,0,0,16,0,0,16,16,0,0,0,0,16,0,0,16,16,0,0,0,0,16,0,0,16,0,0,0,0,0,0,0,0,0,0,0,0,0,0
30,110,2,0,1,4,one_edit,1,64,24576,15872,15872,14336,16896,14336,16896,14336,64,0,0,64,0,0,64,0,0,64,0,0,64,0,0,64,0,0,64,0,0,64,0,0,64,0,0,64,1024,16,64,1024,16,0,0,0,0,0,0,0,0
30,110,2,2,1,4,one_edit,1,64,24576,15872,15872,14464,16896,14464,16896,14464,64,0,0,64,0,0,64,0,0,64,0,0,64,0,0,64,0,0,64,0,0,64,0,0,64,0,0,64,1024,16,64,1024,16,0,0,0,0,0,0,0,0
30,110,2,4,1,4,one_edit,1,64,24576,15872,15872,14592,16896,14592,16896,14592,64,0,0,64,0,0,64,0,0,64,0,0,64,0,0,64,0,0,64,0,0,64,0,0,64,0,0,64,1024,16,64,1024,16,0,0,0,0,0,0,0,0
30,110,2,8,1,4,one_edit,1,64,24576,15872,15872,14848,16896,14848,16896,14848,64,0,0,64,0,0,64,0,0,64,0,0,64,0,0,64,0,0,64,0,0,64,0,0,64,0,0,64,1024,16,64,1024,16,0,0,0,0,0,0,0,0
30,110,2,0,1,4,far,1,176,67584,42736,42736,42224,44944,43408,44944,43408,176,0,0,64,112,0,64,112,0,176,0,0,64,6,106,128,16,32,176,0,0,64,6,106,128,16,32,138,2208,16,138,2208,16,0,106,1184,16,106,1184,16,0
30,110,2,2,1,4,far,1,176,67584,42736,42736,42576,44944,43760,44944,43760,176,0,0,64,0,112,64,0,112,176,0,0,64,0,112,128,0,48,176,0,0,64,0,112,128,0,48,138,2208,16,138,2208,16,0,106,1184,16,106,1184,16,0
30,110,2,4,1,4,far,1,176,67584,42736,42736,42928,44944,44112,44944,44112,176,0,0,64,0,112,64,0,112,176,0,0,64,0,112,128,0,48,176,0,0,64,0,112,128,0,48,138,2208,16,138,2208,16,0,106,1184,16,106,1184,16,0
30,110,2,8,1,4,far,1,176,67584,42736,42736,43632,44944,44816,44944,44816,176,0,0,0,64,112,0,64,112,176,0,0,0,64,112,64,64,48,176,0,0,0,64,112,64,64,48,138,2208,16,138,2208,16,0,106,1184,16,106,1184,16,0
30,110,2,0,4,1,unchanged,1,16,6144,3200,3200,3200,3200,3200,3200,3200,16,0,0,0,16,0,0,16,0,16,0,0,0,16,0,0,16,0,16,0,0,0,16,0,0,16,0,0,0,0,0,0,0,0,0,0,0,0,0,0,0
30,110,2,2,4,1,unchanged,1,16,6144,3200,3200,3232,3200,3232,3200,3232,16,0,0,0,0,16,0,0,16,16,0,0,0,0,16,0,0,16,16,0,0,0,0,16,0,0,16,0,0,0,0,0,0,0,0,0,0,0,0,0,0
30,110,2,4,4,1,unchanged,1,16,6144,3200,3200,3264,3200,3264,3200,3264,16,0,0,0,0,16,0,0,16,16,0,0,0,0,16,0,0,16,16,0,0,0,0,16,0,0,16,0,0,0,0,0,0,0,0,0,0,0,0,0,0
30,110,2,8,4,1,unchanged,1,16,6144,3200,3200,3328,3200,3328,3200,3328,16,0,0,0,0,16,0,0,16,16,0,0,0,0,16,0,0,16,16,0,0,0,0,16,0,0,16,0,0,0,0,0,0,0,0,0,0,0,0,0,0
30,110,2,0,4,1,one_edit,1,64,24576,15872,13824,13184,13824,13184,13824,13184,64,0,0,64,0,0,64,0,0,64,0,0,64,0,0,64,0,0,64,0,0,64,0,0,64,0,0,0,0,0,0,0,0,0,0,0,0,0,0,0,0
30,110,2,2,4,1,one_edit,1,64,24576,15872,13824,13312,13824,13312,13824,13312,64,0,0,64,0,0,64,0,0,64,0,0,64,0,0,64,0,0,64,0,0,64,0,0,64,0,0,0,0,0,0,0,0,0,0,0,0,0,0,0,0
30,110,2,4,4,1,one_edit,1,64,24576,15872,13824,13440,13824,13440,13824,13440,64,0,0,64,0,0,64,0,0,64,0,0,64,0,0,64,0,0,64,0,0,64,0,0,64,0,0,0,0,0,0,0,0,0,0,0,0,0,0,0,0
30,110,2,8,4,1,one_edit,1,64,24576,15872,13824,13696,13824,13696,13824,13696,64,0,0,64,0,0,64,0,0,64,0,0,64,0,0,64,0,0,64,0,0,64,0,0,64,0,0,0,0,0,0,0,0,0,0,0,0,0,0,0,0
30,110,2,0,4,1,far,1,176,67584,42736,38016,37312,38016,37312,38016,37312,176,0,0,176,0,0,160,16,0,176,0,0,176,0,0,160,16,0,176,0,0,176,0,0,160,16,0,0,0,0,0,0,0,0,0,0,0,0,0,0,0
30,110,2,2,4,1,far,1,176,67584,42736,38016,37664,38016,37664,38016,37664,176,0,0,176,0,0,96,64,16,176,0,0,176,0,0,96,64,16,176,0,0,176,0,0,96,64,16,0,0,0,0,0,0,0,0,0,0,0,0,0,0
30,110,2,4,4,1,far,1,176,67584,42736,38016,38016,38016,38016,38016,38016,176,0,0,176,0,0,96,0,80,176,0,0,176,0,0,96,0,80,176,0,0,176,0,0,96,0,80,0,0,0,0,0,0,0,0,0,0,0,0,0,0
30,110,2,8,4,1,far,1,176,67584,42736,38016,38720,38016,38720,38016,38720,176,0,0,170,6,0,0,0,176,176,0,0,170,6,0,0,0,176,176,0,0,170,6,0,0,0,176,0,0,0,0,0,0,0,0,0,0,0,0,0,0
30,110,2,0,4,2,unchanged,1,16,9216,4736,4736,4736,4736,4736,4736,4736,16,0,0,0,16,0,0,16,0,16,0,0,0,16,0,0,16,0,16,0,0,0,16,0,0,16,0,0,0,0,0,0,0,0,0,0,0,0,0,0,0
30,110,2,2,4,2,unchanged,1,16,9216,4736,4736,4768,4736,4768,4736,4768,16,0,0,0,0,16,0,0,16,16,0,0,0,0,16,0,0,16,16,0,0,0,0,16,0,0,16,0,0,0,0,0,0,0,0,0,0,0,0,0,0
30,110,2,4,4,2,unchanged,1,16,9216,4736,4736,4800,4736,4800,4736,4800,16,0,0,0,0,16,0,0,16,16,0,0,0,0,16,0,0,16,16,0,0,0,0,16,0,0,16,0,0,0,0,0,0,0,0,0,0,0,0,0,0
30,110,2,8,4,2,unchanged,1,16,9216,4736,4736,4864,4736,4864,4736,4864,16,0,0,0,0,16,0,0,16,16,0,0,0,0,16,0,0,16,16,0,0,0,0,16,0,0,16,0,0,0,0,0,0,0,0,0,0,0,0,0,0
30,110,2,0,4,2,one_edit,1,64,36864,25088,20992,19712,20992,19712,20992,19712,64,0,0,64,0,0,64,0,0,64,0,0,64,0,0,64,0,0,64,0,0,64,0,0,64,0,0,0,0,0,0,0,0,0,0,0,0,0,0,0,0
30,110,2,2,4,2,one_edit,1,64,36864,25088,20992,19840,20992,19840,20992,19840,64,0,0,64,0,0,64,0,0,64,0,0,64,0,0,64,0,0,64,0,0,64,0,0,64,0,0,0,0,0,0,0,0,0,0,0,0,0,0,0,0
30,110,2,4,4,2,one_edit,1,64,36864,25088,20992,19968,20992,19968,20992,19968,64,0,0,64,0,0,64,0,0,64,0,0,64,0,0,64,0,0,64,0,0,64,0,0,64,0,0,0,0,0,0,0,0,0,0,0,0,0,0,0,0
30,110,2,8,4,2,one_edit,1,64,36864,25088,20992,20224,20992,20224,20992,20224,64,0,0,64,0,0,64,0,0,64,0,0,64,0,0,64,0,0,64,0,0,64,0,0,64,0,0,0,0,0,0,0,0,0,0,0,0,0,0,0,0
30,110,2,0,4,2,far,1,176,101376,67168,57728,56320,57728,56320,57728,56320,176,0,0,176,0,0,160,16,0,176,0,0,176,0,0,160,16,0,176,0,0,176,0,0,160,16,0,0,0,0,0,0,0,0,0,0,0,0,0,0,0
30,110,2,2,4,2,far,1,176,101376,67168,57728,56672,57728,56672,57728,56672,176,0,0,176,0,0,160,0,16,176,0,0,176,0,0,160,0,16,176,0,0,176,0,0,160,0,16,0,0,0,0,0,0,0,0,0,0,0,0,0,0
30,110,2,4,4,2,far,1,176,101376,67168,57728,57024,57728,57024,57728,57024,176,0,0,176,0,0,96,64,16,176,0,0,176,0,0,96,64,16,176,0,0,176,0,0,96,64,16,0,0,0,0,0,0,0,0,0,0,0,0,0,0
30,110,2,8,4,2,far,1,176,101376,67168,57728,57728,57728,57728,57728,57728,176,0,0,176,0,0,96,0,80,176,0,0,176,0,0,96,0,80,176,0,0,176,0,0,96,0,80,0,0,0,0,0,0,0,0,0,0,0,0,0,0
30,110,2,0,4,4,unchanged,1,16,15360,7808,7808,7808,7808,7808,7808,7808,16,0,0,0,16,0,0,16,0,16,0,0,0,16,0,0,16,0,16,0,0,0,16,0,0,16,0,0,0,0,0,0,0,0,0,0,0,0,0,0,0
30,110,2,2,4,4,unchanged,1,16,15360,7808,7808,7840,7808,7840,7808,7840,16,0,0,0,0,16,0,0,16,16,0,0,0,0,16,0,0,16,16,0,0,0,0,16,0,0,16,0,0,0,0,0,0,0,0,0,0,0,0,0,0
30,110,2,4,4,4,unchanged,1,16,15360,7808,7808,7872,7808,7872,7808,7872,16,0,0,0,0,16,0,0,16,16,0,0,0,0,16,0,0,16,16,0,0,0,0,16,0,0,16,0,0,0,0,0,0,0,0,0,0,0,0,0,0
30,110,2,8,4,4,unchanged,1,16,15360,7808,7808,7936,7808,7936,7808,7936,16,0,0,0,0,16,0,0,16,16,0,0,0,0,16,0,0,16,16,0,0,0,0,16,0,0,16,0,0,0,0,0,0,0,0,0,0,0,0,0,0
30,110,2,0,4,4,one_edit,1,64,61440,43520,35328,32768,35328,32768,35328,32768,64,0,0,64,0,0,64,0,0,64,0,0,64,0,0,64,0,0,64,0,0,64,0,0,64,0,0,0,0,0,0,0,0,0,0,0,0,0,0,0,0
30,110,2,2,4,4,one_edit,1,64,61440,43520,35328,32896,35328,32896,35328,32896,64,0,0,64,0,0,64,0,0,64,0,0,64,0,0,64,0,0,64,0,0,64,0,0,64,0,0,0,0,0,0,0,0,0,0,0,0,0,0,0,0
30,110,2,4,4,4,one_edit,1,64,61440,43520,35328,33024,35328,33024,35328,33024,64,0,0,64,0,0,64,0,0,64,0,0,64,0,0,64,0,0,64,0,0,64,0,0,64,0,0,0,0,0,0,0,0,0,0,0,0,0,0,0,0
30,110,2,8,4,4,one_edit,1,64,61440,43520,35328,33280,35328,33280,35328,33280,64,0,0,64,0,0,64,0,0,64,0,0,64,0,0,64,0,0,64,0,0,64,0,0,64,0,0,0,0,0,0,0,0,0,0,0,0,0,0,0,0
30,110,2,0,4,4,far,1,176,168960,116032,97152,94336,97152,94336,97152,94336,176,0,0,176,0,0,160,16,0,176,0,0,176,0,0,160,16,0,176,0,0,176,0,0,160,16,0,0,0,0,0,0,0,0,0,0,0,0,0,0,0
30,110,2,2,4,4,far,1,176,168960,116032,97152,94688,97152,94688,97152,94688,176,0,0,176,0,0,160,0,16,176,0,0,176,0,0,160,0,16,176,0,0,176,0,0,160,0,16,0,0,0,0,0,0,0,0,0,0,0,0,0,0
30,110,2,4,4,4,far,1,176,168960,116032,97152,95040,97152,95040,97152,95040,176,0,0,176,0,0,160,0,16,176,0,0,176,0,0,160,0,16,176,0,0,176,0,0,160,0,16,0,0,0,0,0,0,0,0,0,0,0,0,0,0
30,110,2,8,4,4,far,1,176,168960,116032,97152,95744,97152,95744,97152,95744,176,0,0,176,0,0,96,64,16,176,0,0,176,0,0,96,64,16,176,0,0,176,0,0,96,64,16,0,0,0,0,0,0,0,0,0,0,0,0,0,0
30,110,2,0,16,1,unchanged,1,16,15360,7808,7808,7808,7808,7808,7808,7808,16,0,0,0,16,0,0,16,0,16,0,0,0,16,0,0,16,0,16,0,0,0,16,0,0,16,0,0,0,0,0,0,0,0,0,0,0,0,0,0,0
30,110,2,2,16,1,unchanged,1,16,15360,7808,7808,7840,7808,7840,7808,7840,16,0,0,0,0,16,0,0,16,16,0,0,0,0,16,0,0,16,16,0,0,0,0,16,0,0,16,0,0,0,0,0,0,0,0,0,0,0,0,0,0
30,110,2,4,16,1,unchanged,1,16,15360,7808,7808,7872,7808,7872,7808,7872,16,0,0,0,0,16,0,0,16,16,0,0,0,0,16,0,0,16,16,0,0,0,0,16,0,0,16,0,0,0,0,0,0,0,0,0,0,0,0,0,0
30,110,2,8,16,1,unchanged,1,16,15360,7808,7808,7936,7808,7936,7808,7936,16,0,0,0,0,16,0,0,16,16,0,0,0,0,16,0,0,16,16,0,0,0,0,16,0,0,16,0,0,0,0,0,0,0,0,0,0,0,0,0,0
30,110,2,0,16,1,one_edit,1,64,61440,43520,32256,31616,32256,31616,32256,31616,64,0,0,64,0,0,64,0,0,64,0,0,64,0,0,64,0,0,64,0,0,64,0,0,64,0,0,0,0,0,0,0,0,0,0,0,0,0,0,0,0
30,110,2,2,16,1,one_edit,1,64,61440,43520,32256,31744,32256,31744,32256,31744,64,0,0,64,0,0,64,0,0,64,0,0,64,0,0,64,0,0,64,0,0,64,0,0,64,0,0,0,0,0,0,0,0,0,0,0,0,0,0,0,0
30,110,2,4,16,1,one_edit,1,64,61440,43520,32256,31872,32256,31872,32256,31872,64,0,0,64,0,0,64,0,0,64,0,0,64,0,0,64,0,0,64,0,0,64,0,0,64,0,0,0,0,0,0,0,0,0,0,0,0,0,0,0,0
30,110,2,8,16,1,one_edit,1,64,61440,43520,32256,32128,32256,32128,32256,32128,64,0,0,64,0,0,64,0,0,64,0,0,64,0,0,64,0,0,64,0,0,64,0,0,64,0,0,0,0,0,0,0,0,0,0,0,0,0,0,0,0
30,110,2,0,16,1,far,1,176,168960,116032,88704,88000,88704,88000,88704,88000,176,0,0,176,0,0,160,16,0,176,0,0,176,0,0,160,16,0,176,0,0,176,0,0,160,16,0,0,0,0,0,0,0,0,0,0,0,0,0,0,0
30,110,2,2,16,1,far,1,176,168960,116032,88704,88352,88704,88352,88704,88352,176,0,0,176,0,0,96,64,16,176,0,0,176,0,0,96,64,16,176,0,0,176,0,0,96,64,16,0,0,0,0,0,0,0,0,0,0,0,0,0,0
30,110,2,4,16,1,far,1,176,168960,116032,88704,88704,88704,88704,88704,88704,176,0,0,176,0,0,96,0,80,176,0,0,176,0,0,96,0,80,176,0,0,176,0,0,96,0,80,0,0,0,0,0,0,0,0,0,0,0,0,0,0
30,110,2,8,16,1,far,1,176,168960,116032,88704,89408,88704,89408,88704,89408,176,0,0,176,0,0,0,0,176,176,0,0,176,0,0,0,0,176,176,0,0,176,0,0,0,0,176,0,0,0,0,0,0,0,0,0,0,0,0,0,0
30,110,2,0,16,2,unchanged,1,16,27648,13952,13952,13952,13952,13952,13952,13952,16,0,0,0,16,0,0,16,0,16,0,0,0,16,0,0,16,0,16,0,0,0,16,0,0,16,0,0,0,0,0,0,0,0,0,0,0,0,0,0,0
30,110,2,2,16,2,unchanged,1,16,27648,13952,13952,13984,13952,13984,13952,13984,16,0,0,0,0,16,0,0,16,16,0,0,0,0,16,0,0,16,16,0,0,0,0,16,0,0,16,0,0,0,0,0,0,0,0,0,0,0,0,0,0
30,110,2,4,16,2,unchanged,1,16,27648,13952,13952,14016,13952,14016,13952,14016,16,0,0,0,0,16,0,0,16,16,0,0,0,0,16,0,0,16,16,0,0,0,0,16,0,0,16,0,0,0,0,0,0,0,0,0,0,0,0,0,0
30,110,2,8,16,2,unchanged,1,16,27648,13952,13952,14080,13952,14080,13952,14080,16,0,0,0,0,16,0,0,16,16,0,0,0,0,16,0,0,16,16,0,0,0,0,16,0,0,16,0,0,0,0,0,0,0,0,0,0,0,0,0,0
30,110,2,0,16,2,one_edit,1,64,110592,80384,57856,56576,57856,56576,57856,56576,64,0,0,64,0,0,64,0,0,64,0,0,64,0,0,64,0,0,64,0,0,64,0,0,64,0,0,0,0,0,0,0,0,0,0,0,0,0,0,0,0
30,110,2,2,16,2,one_edit,1,64,110592,80384,57856,56704,57856,56704,57856,56704,64,0,0,64,0,0,64,0,0,64,0,0,64,0,0,64,0,0,64,0,0,64,0,0,64,0,0,0,0,0,0,0,0,0,0,0,0,0,0,0,0
30,110,2,4,16,2,one_edit,1,64,110592,80384,57856,56832,57856,56832,57856,56832,64,0,0,64,0,0,64,0,0,64,0,0,64,0,0,64,0,0,64,0,0,64,0,0,64,0,0,0,0,0,0,0,0,0,0,0,0,0,0,0,0
30,110,2,8,16,2,one_edit,1,64,110592,80384,57856,57088,57856,57088,57856,57088,64,0,0,64,0,0,64,0,0,64,0,0,64,0,0,64,0,0,64,0,0,64,0,0,64,0,0,0,0,0,0,0,0,0,0,0,0,0,0,0,0
30,110,2,0,16,2,far,1,176,304128,213760,159104,157696,159104,157696,159104,157696,176,0,0,176,0,0,160,16,0,176,0,0,176,0,0,160,16,0,176,0,0,176,0,0,160,16,0,0,0,0,0,0,0,0,0,0,0,0,0,0,0
30,110,2,2,16,2,far,1,176,304128,213760,159104,158048,159104,158048,159104,158048,176,0,0,176,0,0,160,0,16,176,0,0,176,0,0,160,0,16,176,0,0,176,0,0,160,0,16,0,0,0,0,0,0,0,0,0,0,0,0,0,0
30,110,2,4,16,2,far,1,176,304128,213760,159104,158400,159104,158400,159104,158400,176,0,0,176,0,0,96,64,16,176,0,0,176,0,0,96,64,16,176,0,0,176,0,0,96,64,16,0,0,0,0,0,0,0,0,0,0,0,0,0,0
30,110,2,8,16,2,far,1,176,304128,213760,159104,159104,159104,159104,159104,159104,176,0,0,176,0,0,96,0,80,176,0,0,176,0,0,96,0,80,176,0,0,176,0,0,96,0,80,0,0,0,0,0,0,0,0,0,0,0,0,0,0
30,110,2,0,16,4,unchanged,1,16,52224,26240,26240,26240,26240,26240,26240,26240,16,0,0,0,16,0,0,16,0,16,0,0,0,16,0,0,16,0,16,0,0,0,16,0,0,16,0,0,0,0,0,0,0,0,0,0,0,0,0,0,0
30,110,2,2,16,4,unchanged,1,16,52224,26240,26240,26272,26240,26272,26240,26272,16,0,0,0,0,16,0,0,16,16,0,0,0,0,16,0,0,16,16,0,0,0,0,16,0,0,16,0,0,0,0,0,0,0,0,0,0,0,0,0,0
30,110,2,4,16,4,unchanged,1,16,52224,26240,26240,26304,26240,26304,26240,26304,16,0,0,0,0,16,0,0,16,16,0,0,0,0,16,0,0,16,16,0,0,0,0,16,0,0,16,0,0,0,0,0,0,0,0,0,0,0,0,0,0
30,110,2,8,16,4,unchanged,1,16,52224,26240,26240,26368,26240,26368,26240,26368,16,0,0,0,0,16,0,0,16,16,0,0,0,0,16,0,0,16,16,0,0,0,0,16,0,0,16,0,0,0,0,0,0,0,0,0,0,0,0,0,0
30,110,2,0,16,4,one_edit,1,64,208896,154112,109056,106496,109056,106496,109056,106496,64,0,0,64,0,0,64,0,0,64,0,0,64,0,0,64,0,0,64,0,0,64,0,0,64,0,0,0,0,0,0,0,0,0,0,0,0,0,0,0,0
30,110,2,2,16,4,one_edit,1,64,208896,154112,109056,106624,109056,106624,109056,106624,64,0,0,64,0,0,64,0,0,64,0,0,64,0,0,64,0,0,64,0,0,64,0,0,64,0,0,0,0,0,0,0,0,0,0,0,0,0,0,0,0
30,110,2,4,16,4,one_edit,1,64,208896,154112,109056,106752,109056,106752,109056,106752,64,0,0,64,0,0,64,0,0,64,0,0,64,0,0,64,0,0,64,0,0,64,0,0,64,0,0,0,0,0,0,0,0,0,0,0,0,0,0,0,0
30,110,2,8,16,4,one_edit,1,64,208896,154112,109056,107008,109056,107008,109056,107008,64,0,0,64,0,0,64,0,0,64,0,0,64,0,0,64,0,0,64,0,0,64,0,0,64,0,0,0,0,0,0,0,0,0,0,0,0,0,0,0,0
30,110,2,0,16,4,far,1,176,574464,409216,299904,297088,299904,297088,299904,297088,176,0,0,176,0,0,160,16,0,176,0,0,176,0,0,160,16,0,176,0,0,176,0,0,160,16,0,0,0,0,0,0,0,0,0,0,0,0,0,0,0
30,110,2,2,16,4,far,1,176,574464,409216,299904,297440,299904,297440,299904,297440,176,0,0,176,0,0,160,0,16,176,0,0,176,0,0,160,0,16,176,0,0,176,0,0,160,0,16,0,0,0,0,0,0,0,0,0,0,0,0,0,0
30,110,2,4,16,4,far,1,176,574464,409216,299904,297792,299904,297792,299904,297792,176,0,0,176,0,0,160,0,16,176,0,0,176,0,0,160,0,16,176,0,0,176,0,0,160,0,16,0,0,0,0,0,0,0,0,0,0,0,0,0,0
30,110,2,8,16,4,far,1,176,574464,409216,299904,298496,299904,298496,299904,298496,176,0,0,176,0,0,96,64,16,176,0,0,176,0,0,96,64,16,176,0,0,176,0,0,96,64,16,0,0,0,0,0,0,0,0,0,0,0,0,0,0
30,110,4,0,1,1,unchanged,1,16,6400,2688,2688,2688,2688,2688,2688,2688,16,0,0,0,16,0,0,16,0,16,0,0,0,16,0,0,16,0,16,0,0,0,16,0,0,16,0,0,0,0,0,0,0,0,0,0,0,0,0,0,0
30,110,4,2,1,1,unchanged,1,16,6400,2688,2688,2720,2688,2720,2688,2720,16,0,0,0,0,16,0,0,16,16,0,0,0,0,16,0,0,16,16,0,0,0,0,16,0,0,16,0,0,0,0,0,0,0,0,0,0,0,0,0,0
30,110,4,4,1,1,unchanged,1,16,6400,2688,2688,2752,2688,2752,2688,2752,16,0,0,0,0,16,0,0,16,16,0,0,0,0,16,0,0,16,16,0,0,0,0,16,0,0,16,0,0,0,0,0,0,0,0,0,0,0,0,0,0
30,110,4,8,1,1,unchanged,1,16,6400,2688,2688,2816,2688,2816,2688,2816,16,0,0,0,0,16,0,0,16,16,0,0,0,0,16,0,0,16,16,0,0,0,0,16,0,0,16,0,0,0,0,0,0,0,0,0,0,0,0,0,0
30,110,4,0,1,1,one_edit,1,64,25600,12288,11776,11136,11776,11136,11776,11136,64,0,0,64,0,0,64,0,0,64,0,0,64,0,0,64,0,0,64,0,0,64,0,0,64,0,0,0,0,0,0,0,0,0,0,0,0,0,0,0,0
30,110,4,2,1,1,one_edit,1,64,25600,12288,11776,11264,11776,11264,11776,11264,64,0,0,64,0,0,64,0,0,64,0,0,64,0,0,64,0,0,64,0,0,64,0,0,64,0,0,0,0,0,0,0,0,0,0,0,0,0,0,0,0
30,110,4,4,1,1,one_edit,1,64,25600,12288,11776,11392,11776,11392,11776,11392,64,0,0,64,0,0,64,0,0,64,0,0,64,0,0,64,0,0,64,0,0,64,0,0,64,0,0,0,0,0,0,0,0,0,0,0,0,0,0,0,0
30,110,4,8,1,1,one_edit,1,64,25600,12288,11776,11648,11776,11648,11776,11648,64,0,0,64,0,0,64,0,0,64,0,0,64,0,0,64,0,0,64,0,0,64,0,0,64,0,0,0,0,0,0,0,0,0,0,0,0,0,0,0,0
30,110,4,0,1,1,far,1,176,70400,33336,32232,31656,32384,31680,32384,31680,176,0,0,170,6,0,160,16,0,176,0,0,170,0,6,160,16,0,176,0,0,170,0,6,160,16,0,38,152,4,38,152,4,0,6,24,4,6,24,4,0
30,110,4,2,1,1,far,1,176,70400,33336,32232,32008,32384,32032,32384,32032,176,0,0,138,32,6,64,96,16,176,0,0,138,32,6,96,64,16,176,0,0,138,32,6,96,64,16,38,152,4,38,152,4,0,6,24,4,6,24,4,0
30,110,4,4,1,1,far,1,176,70400,33336,32232,32360,32384,32384,32384,32384,176,0,0,138,0,38,64,0,112,176,0,0,138,0,38,96,0,80,176,0,0,138,0,38,96,0,80,38,152,4,38,152,4,0,6,24,4,6,24,4,0
30,110,4,8,1,1,far,1,176,70400,33336,32232,33064,32384,33088,32384,33088,176,0,0,128,10,38,0,0,176,176,0,0,128,10,38,0,0,176,176,0,0,128,10,38,0,0,176,38,152,4,38,152,4,0,6,24,4,6,24,4,0
30,110,4,0,1,2,unchanged,1,16,7680,3200,3200,3200,3200,3200,3200,3200,16,0,0,0,16,0,0,16,0,16,0,0,0,16,0,0,16,0,16,0,0,0,16,0,0,16,0,0,0,0,0,0,0,0,0,0,0,0,0,0,0
30,110,4,2,1,2,unchanged,1,16,7680,3200,3200,3232,3200,3232,3200,3232,16,0,0,0,0,16,0,0,16,16,0,0,0,0,16,0,0,16,16,0,0,0,0,16,0,0,16,0,0,0,0,0,0,0,0,0,0,0,0,0,0
30,110,4,4,1,2,unchanged,1,16,7680,3200,3200,3264,3200,3264,3200,3264,16,0,0,0,0,16,0,0,16,16,0,0,0,0,16,0,0,16,16,0,0,0,0,16,0,0,16,0,0,0,0,0,0,0,0,0,0,0,0,0,0
30,110,4,8,1,2,unchanged,1,16,7680,3200,3200,3328,3200,3328,3200,3328,16,0,0,0,0,16,0,0,16,16,0,0,0,0,16,0,0,16,16,0,0,0,0,16,0,0,16,0,0,0,0,0,0,0,0,0,0,0,0,0,0
30,110,4,0,1,2,one_edit,1,64,30720,15872,14848,13568,14848,13568,14848,13568,64,0,0,64,0,0,64,0,0,64,0,0,64,0,0,64,0,0,64,0,0,64,0,0,64,0,0,0,0,0,0,0,0,0,0,0,0,0,0,0,0
30,110,4,2,1,2,one_edit,1,64,30720,15872,14848,13696,14848,13696,14848,13696,64,0,0,64,0,0,64,0,0,64,0,0,64,0,0,64,0,0,64,0,0,64,0,0,64,0,0,0,0,0,0,0,0,0,0,0,0,0,0,0,0
30,110,4,4,1,2,one_edit,1,64,30720,15872,14848,13824,14848,13824,14848,13824,64,0,0,64,0,0,64,0,0,64,0,0,64,0,0,64,0,0,64,0,0,64,0,0,64,0,0,0,0,0,0,0,0,0,0,0,0,0,0,0,0
30,110,4,8,1,2,one_edit,1,64,30720,15872,14848,14080,14848,14080,14848,14080,64,0,0,64,0,0,64,0,0,64,0,0,64,0,0,64,0,0,64,0,0,64,0,0,64,0,0,0,0,0,0,0,0,0,0,0,0,0,0,0,0
30,110,4,0,1,2,far,1,176,84480,42736,40528,39376,40832,39424,40832,39424,176,0,0,170,6,0,160,16,0,176,0,0,170,0,6,160,16,0,176,0,0,170,0,6,160,16,0,38,304,8,38,304,8,0,6,48,8,6,48,8,0
30,110,4,2,1,2,far,1,176,84480,42736,40528,39728,40832,39776,40832,39776,176,0,0,170,0,6,160,0,16,176,0,0,170,0,6,160,0,16,176,0,0,170,0,6,160,0,16,38,304,8,38,304,8,0,6,48,8,6,48,8,0
30,110,4,4,1,2,far,1,176,84480,42736,40528,40080,40832,40128,40832,40128,176,0,0,138,32,6,64,96,16,176,0,0,138,32,6,96,64,16,176,0,0,138,32,6,96,64,16,38,304,8,38,304,8,0,6,48,8,6,48,8,0
30,110,4,8,1,2,far,1,176,84480,42736,40528,40784,40832,40832,40832,40832,176,0,0,138,0,38,64,0,112,176,0,0,138,0,38,96,0,80,176,0,0,138,0,38,96,0,80,38,304,8,38,304,8,0,6,48,8,6,48,8,0
30,110,4,0,1,4,unchanged,1,16,10240,4224,4224,4224,4224,4224,4224,4224,16,0,0,0,16,0,0,16,0,16,0,0,0,16,0,0,16,0,16,0,0,0,16,0,0,16,0,0,0,0,0,0,0,0,0,0,0,0,0,0,0
30,110,4,2,1,4,unchanged,1,16,10240,4224,4224,4256,4224,4256,4224,4256,16,0,0,0,0,16,0,0,16,16,0,0,0,0,16,0,0,16,16,0,0,0,0,16,0,0,16,0,0,0,0,0,0,0,0,0,0,0,0,0,0
30,110,4,4,1,4,unchanged,1,16,10240,4224,4224,4288,4224,4288,4224,4288,16,0,0,0,0,16,0,0,16,16,0,0,0,0,16,0,0,16,16,0,0,0,0,16,0,0,16,0,0,0,0,0,0,0,0,0,0,0,0,0,0
30,110,4,8,1,4,unchanged,1,16,10240,4224,4224,4352,4224,4352,4224,4352,16,0,0,0,0,16,0,0,16,16,0,0,0,0,16,0,0,16,16,0,0,0,0,16,0,0,16,0,0,0,0,0,0,0,0,0,0,0,0,0,0
30,110,4,0,1,4,one_edit,1,64,40960,23040,20992,18432,20992,18432,20992,18432,64,0,0,64,0,0,64,0,0,64,0,0,64,0,0,64,0,0,64,0,0,64,0,0,64,0,0,0,0,0,0,0,0,0,0,0,0,0,0,0,0
30,110,4,2,1,4,one_edit,1,64,40960,23040,20992,18560,20992,18560,20992,18560,64,0,0,64,0,0,64,0,0,64,0,0,64,0,0,64,0,0,64,0,0,64,0,0,64,0,0,0,0,0,0,0,0,0,0,0,0,0,0,0,0
30,110,4,4,1,4,one_edit,1,64,40960,23040,20992,18688,20992,18688,20992,18688,64,0,0,64,0,0,64,0,0,64,0,0,64,0,0,64,0,0,64,0,0,64,0,0,64,0,0,0,0,0,0,0,0,0,0,0,0,0,0,0,0
30,110,4,8,1,4,one_edit,1,64,40960,23040,20992,18944,20992,18944,20992,18944,64,0,0,64,0,0,64,0,0,64,0,0,64,0,0,64,0,0,64,0,0,64,0,0,64,0,0,0,0,0,0,0,0,0,0,0,0,0,0,0,0
30,110,4,0,1,4,far,1,176,112640,61536,57120,54816,57728,54912,57728,54912,176,0,0,170,6,0,160,16,0,176,0,0,170,0,6,160,16,0,176,0,0,170,0,6,160,16,0,38,608,16,38,608,16,0,6,96,16,6,96,16,0
30,110,4,2,1,4,far,1,176,112640,61536,57120,55168,57728,55264,57728,55264,176,0,0,170,0,6,160,0,16,176,0,0,170,0,6,160,0,16,176,0,0,170,0,6,160,0,16,38,608,16,38,608,16,0,6,96,16,6,96,16,0
30,110,4,4,1,4,far,1,176,112640,61536,57120,55520,57728,55616,57728,55616,176,0,0,170,0,6,160,0,16,176,0,0,170,0,6,160,0,16,176,0,0,170,0,6,160,0,16,38,608,16,38,608,16,0,6,96,16,6,96,16,0
30,110,4,8,1,4,far,1,176,112640,61536,57120,56224,57728,56320,57728,56320,176,0,0,138,32,6,64,96,16,176,0,0,138,32,6,96,64,16,176,0,0,138,32,6,96,64,16,38,608,16,38,608,16,0,6,96,16,6,96,16,0
30,110,4,0,4,1,unchanged,1,16,10240,4224,4224,4224,4224,4224,4224,4224,16,0,0,0,16,0,0,16,0,16,0,0,0,16,0,0,16,0,16,0,0,0,16,0,0,16,0,0,0,0,0,0,0,0,0,0,0,0,0,0,0
30,110,4,2,4,1,unchanged,1,16,10240,4224,4224,4256,4224,4256,4224,4256,16,0,0,0,0,16,0,0,16,16,0,0,0,0,16,0,0,16,16,0,0,0,0,16,0,0,16,0,0,0,0,0,0,0,0,0,0,0,0,0,0
30,110,4,4,4,1,unchanged,1,16,10240,4224,4224,4288,4224,4288,4224,4288,16,0,0,0,0,16,0,0,16,16,0,0,0,0,16,0,0,16,16,0,0,0,0,16,0,0,16,0,0,0,0,0,0,0,0,0,0,0,0,0,0
30,110,4,8,4,1,unchanged,1,16,10240,4224,4224,4352,4224,4352,4224,4352,16,0,0,0,0,16,0,0,16,16,0,0,0,0,16,0,0,16,16,0,0,0,0,16,0,0,16,0,0,0,0,0,0,0,0,0,0,0,0,0,0
30,110,4,0,4,1,one_edit,1,64,40960,23040,17920,17280,17920,17280,17920,17280,64,0,0,64,0,0,64,0,0,64,0,0,64,0,0,64,0,0,64,0,0,64,0,0,64,0,0,0,0,0,0,0,0,0,0,0,0,0,0,0,0
30,110,4,2,4,1,one_edit,1,64,40960,23040,17920,17408,17920,17408,17920,17408,64,0,0,64,0,0,64,0,0,64,0,0,64,0,0,64,0,0,64,0,0,64,0,0,64,0,0,0,0,0,0,0,0,0,0,0,0,0,0,0,0
30,110,4,4,4,1,one_edit,1,64,40960,23040,17920,17536,17920,17536,17920,17536,64,0,0,64,0,0,64,0,0,64,0,0,64,0,0,64,0,0,64,0,0,64,0,0,64,0,0,0,0,0,0,0,0,0,0,0,0,0,0,0,0
30,110,4,8,4,1,one_edit,1,64,40960,23040,17920,17792,17920,17792,17920,17792,64,0,0,64,0,0,64,0,0,64,0,0,64,0,0,64,0,0,64,0,0,64,0,0,64,0,0,0,0,0,0,0,0,0,0,0,0,0,0,0,0
30,110,4,0,4,1,far,1,176,112640,61536,49280,48576,49280,48576,49280,48576,176,0,0,176,0,0,160,16,0,176,0,0,176,0,0,160,16,0,176,0,0,176,0,0,160,16,0,0,0,0,0,0,0,0,0,0,0,0,0,0,0
30,110,4,2,4,1,far,1,176,112640,61536,49280,48928,49280,48928,49280,48928,176,0,0,176,0,0,96,64,16,176,0,0,176,0,0,96,64,16,176,0,0,176,0,0,96,64,16,0,0,0,0,0,0,0,0,0,0,0,0,0,0
30,110,4,4,4,1,far,1,176,112640,61536,49280,49280,49280,49280,49280,49280,176,0,0,176,0,0,96,0,80,176,0,0,176,0,0,96,0,80,176,0,0,176,0,0,96,0,80,0,0,0,0,0,0,0,0,0,0,0,0,0,0
30,110,4,8,4,1,far,1,176,112640,61536,49280,49984,49280,49984,49280,49984,176,0,0,176,0,0,0,0,176,176,0,0,176,0,0,0,0,176,176,0,0,176,0,0,0,0,176,0,0,0,0,0,0,0,0,0,0,0,0,0,0
30,110,4,0,4,2,unchanged,1,16,15360,6272,6272,6272,6272,6272,6272,6272,16,0,0,0,16,0,0,16,0,16,0,0,0,16,0,0,16,0,16,0,0,0,16,0,0,16,0,0,0,0,0,0,0,0,0,0,0,0,0,0,0
30,110,4,2,4,2,unchanged,1,16,15360,6272,6272,6304,6272,6304,6272,6304,16,0,0,0,0,16,0,0,16,16,0,0,0,0,16,0,0,16,16,0,0,0,0,16,0,0,16,0,0,0,0,0,0,0,0,0,0,0,0,0,0
30,110,4,4,4,2,unchanged,1,16,15360,6272,6272,6336,6272,6336,6272,6336,16,0,0,0,0,16,0,0,16,16,0,0,0,0,16,0,0,16,16,0,0,0,0,16,0,0,16,0,0,0,0,0,0,0,0,0,0,0,0,0,0
30,110,4,8,4,2,unchanged,1,16,15360,6272,6272,6400,6272,6400,6272,6400,16,0,0,0,0,16,0,0,16,16,0,0,0,0,16,0,0,16,16,0,0,0,0,16,0,0,16,0,0,0,0,0,0,0,0,0,0,0,0,0,0
30,110,4,0,4,2,one_edit,1,64,61440,37376,27136,25856,27136,25856,27136,25856,64,0,0,64,0,0,64,0,0,64,0,0,64,0,0,64,0,0,64,0,0,64,0,0,64,0,0,0,0,0,0,0,0,0,0,0,0,0,0,0,0
30,110,4,2,4,2,one_edit,1,64,61440,37376,27136,25984,27136,25984,27136,25984,64,0,0,64,0,0,64,0,0,64,0,0,64,0,0,64,0,0,64,0,0,64,0,0,64,0,0,0,0,0,0,0,0,0,0,0,0,0,0,0,0
30,110,4,4,4,2,one_edit,1,64,61440,37376,27136,26112,27136,26112,27136,26112,64,0,0,64,0,0,64,0,0,64,0,0,64,0,0,64,0,0,64,0,0,64,0,0,64,0,0,0,0,0,0,0,0,0,0,0,0,0,0,0,0
30,110,4,8,4,2,one_edit,1,64,61440,37376,27136,26368,27136,26368,27136,26368,64,0,0,64,0,0,64,0,0,64,0,0,64,0,0,64,0,0,64,0,0,64,0,0,64,0,0,0,0,0,0,0,0,0,0,0,0,0,0,0,0
30,110,4,0,4,2,far,1,176,168960,99136,74624,73216,74624,73216,74624,73216,176,0,0,176,0,0,160,16,0,176,0,0,176,0,0,160,16,0,176,0,0,176,0,0,160,16,0,0,0,0,0,0,0,0,0,0,0,0,0,0,0
30,110,4,2,4,2,far,1,176,168960,99136,74624,73568,74624,73568,74624,73568,176,0,0,176,0,0,160,0,16,176,0,0,176,0,0,160,0,16,176,0,0,176,0,0,160,0,16,0,0,0,0,0,0,0,0,0,0,0,0,0,0
30,110,4,4,4,2,far,1,176,168960,99136,74624,73920,74624,73920,74624,73920,176,0,0,176,0,0,96,64,16,176,0,0,176,0,0,96,64,16,176,0,0,176,0,0,96,64,16,0,0,0,0,0,0,0,0,0,0,0,0,0,0
30,110,4,8,4,2,far,1,176,168960,99136,74624,74624,74624,74624,74624,74624,176,0,0,176,0,0,96,0,80,176,0,0,176,0,0,96,0,80,176,0,0,176,0,0,96,0,80,0,0,0,0,0,0,0,0,0,0,0,0,0,0
30,110,4,0,4,4,unchanged,1,16,25600,10368,10368,10368,10368,10368,10368,10368,16,0,0,0,16,0,0,16,0,16,0,0,0,16,0,0,16,0,16,0,0,0,16,0,0,16,0,0,0,0,0,0,0,0,0,0,0,0,0,0,0
30,110,4,2,4,4,unchanged,1,16,25600,10368,10368,10400,10368,10400,10368,10400,16,0,0,0,0,16,0,0,16,16,0,0,0,0,16,0,0,16,16,0,0,0,0,16,0,0,16,0,0,0,0,0,0,0,0,0,0,0,0,0,0
30,110,4,4,4,4,unchanged,1,16,25600,10368,10368,10432,10368,10432,10368,10432,16,0,0,0,0,16,0,0,16,16,0,0,0,0,16,0,0,16,16,0,0,0,0,16,0,0,16,0,0,0,0,0,0,0,0,0,0,0,0,0,0
30,110,4,8,4,4,unchanged,1,16,25600,10368,10368,10496,10368,10496,10368,10496,16,0,0,0,0,16,0,0,16,16,0,0,0,0,16,0,0,16,16,0,0,0,0,16,0,0,16,0,0,0,0,0,0,0,0,0,0,0,0,0,0
30,110,4,0,4,4,one_edit,1,64,102400,66048,45568,43008,45568,43008,45568,43008,64,0,0,64,0,0,64,0,0,64,0,0,64,0,0,64,0,0,64,0,0,64,0,0,64,0,0,0,0,0,0,0,0,0,0,0,0,0,0,0,0
30,110,4,2,4,4,one_edit,1,64,102400,66048,45568,43136,45568,43136,45568,43136,64,0,0,64,0,0,64,0,0,64,0,0,64,0,0,64,0,0,64,0,0,64,0,0,64,0,0,0,0,0,0,0,0,0,0,0,0,0,0,0,0
30,110,4,4,4,4,one_edit,1,64,102400,66048,45568,43264,45568,43264,45568,43264,64,0,0,64,0,0,64,0,0,64,0,0,64,0,0,64,0,0,64,0,0,64,0,0,64,0,0,0,0,0,0,0,0,0,0,0,0,0,0,0,0
30,110,4,8,4,4,one_edit,1,64,102400,66048,45568,43520,45568,43520,45568,43520,64,0,0,64,0,0,64,0,0,64,0,0,64,0,0,64,0,0,64,0,0,64,0,0,64,0,0,0,0,0,0,0,0,0,0,0,0,0,0,0,0
30,110,4,0,4,4,far,1,176,281600,174336,125312,122496,125312,122496,125312,122496,176,0,0,176,0,0,160,16,0,176,0,0,176,0,0,160,16,0,176,0,0,176,0,0,160,16,0,0,0,0,0,0,0,0,0,0,0,0,0,0,0
30,110,4,2,4,4,far,1,176,281600,174336,125312,122848,125312,122848,125312,122848,176,0,0,176,0,0,160,0,16,176,0,0,176,0,0,160,0,16,176,0,0,176,0,0,160,0,16,0,0,0,0,0,0,0,0,0,0,0,0,0,0
30,110,4,4,4,4,far,1,176,281600,174336,125312,123200,125312,123200,125312,123200,176,0,0,176,0,0,160,0,16,176,0,0,176,0,0,160,0,16,176,0,0,176,0,0,160,0,16,0,0,0,0,0,0,0,0,0,0,0,0,0,0
30,110,4,8,4,4,far,1,176,281600,174336,125312,123904,125312,123904,125312,123904,176,0,0,176,0,0,96,64,16,176,0,0,176,0,0,96,64,16,176,0,0,176,0,0,96,64,16,0,0,0,0,0,0,0,0,0,0,0,0,0,0
30,110,4,0,16,1,unchanged,1,16,25600,10368,10368,10368,10368,10368,10368,10368,16,0,0,0,16,0,0,16,0,16,0,0,0,16,0,0,16,0,16,0,0,0,16,0,0,16,0,0,0,0,0,0,0,0,0,0,0,0,0,0,0
30,110,4,2,16,1,unchanged,1,16,25600,10368,10368,10400,10368,10400,10368,10400,16,0,0,0,0,16,0,0,16,16,0,0,0,0,16,0,0,16,16,0,0,0,0,16,0,0,16,0,0,0,0,0,0,0,0,0,0,0,0,0,0
30,110,4,4,16,1,unchanged,1,16,25600,10368,10368,10432,10368,10432,10368,10432,16,0,0,0,0,16,0,0,16,16,0,0,0,0,16,0,0,16,16,0,0,0,0,16,0,0,16,0,0,0,0,0,0,0,0,0,0,0,0,0,0
30,110,4,8,16,1,unchanged,1,16,25600,10368,10368,10496,10368,10496,10368,10496,16,0,0,0,0,16,0,0,16,16,0,0,0,0,16,0,0,16,16,0,0,0,0,16,0,0,16,0,0,0,0,0,0,0,0,0,0,0,0,0,0
30,110,4,0,16,1,one_edit,1,64,102400,66048,42496,41856,42496,41856,42496,41856,64,0,0,64,0,0,64,0,0,64,0,0,64,0,0,64,0,0,64,0,0,64,0,0,64,0,0,0,0,0,0,0,0,0,0,0,0,0,0,0,0
30,110,4,2,16,1,one_edit,1,64,102400,66048,42496,41984,42496,41984,42496,41984,64,0,0,64,0,0,64,0,0,64,0,0,64,0,0,64,0,0,64,0,0,64,0,0,64,0,0,0,0,0,0,0,0,0,0,0,0,0,0,0,0
30,110,4,4,16,1,one_edit,1,64,102400,66048,42496,42112,42496,42112,42496,42112,64,0,0,64,0,0,64,0,0,64,0,0,64,0,0,64,0,0,64,0,0,64,0,0,64,0,0,0,0,0,0,0,0,0,0,0,0,0,0,0,0
30,110,4,8,16,1,one_edit,1,64,102400,66048,42496,42368,42496,42368,42496,42368,64,0,0,64,0,0,64,0,0,64,0,0,64,0,0,64,0,0,64,0,0,64,0,0,64,0,0,0,0,0,0,0,0,0,0,0,0,0,0,0,0
30,110,4,0,16,1,far,1,176,281600,174336,116864,116160,116864,116160,116864,116160,176,0,0,176,0,0,160,16,0,176,0,0,176,0,0,160,16,0,176,0,0,176,0,0,160,16,0,0,0,0,0,0,0,0,0,0,0,0,0,0,0
30,110,4,2,16,1,far,1,176,281600,174336,116864,116512,116864,116512,116864,116512,176,0,0,176,0,0,96,64,16,176,0,0,176,0,0,96,64,16,176,0,0,176,0,0,96,64,16,0,0,0,0,0,0,0,0,0,0,0,0,0,0
30,110,4,4,16,1,far,1,176,281600,174336,116864,116864,116864,116864,116864,116864,176,0,0,176,0,0,96,0,80,176,0,0,176,0,0,96,0,80,176,0,0,176,0,0,96,0,80,0,0,0,0,0,0,0,0,0,0,0,0,0,0
30,110,4,8,16,1,far,1,176,281600,174336,116864,117568,116864,117568,116864,117568,176,0,0,176,0,0,0,0,176,176,0,0,176,0,0,0,0,176,176,0,0,176,0,0,0,0,176,0,0,0,0,0,0,0,0,0,0,0,0,0,0
30,110,4,0,16,2,unchanged,1,16,46080,18560,18560,18560,18560,18560,18560,18560,16,0,0,0,16,0,0,16,0,16,0,0,0,16,0,0,16,0,16,0,0,0,16,0,0,16,0,0,0,0,0,0,0,0,0,0,0,0,0,0,0
30,110,4,2,16,2,unchanged,1,16,46080,18560,18560,18592,18560,18592,18560,18592,16,0,0,0,0,16,0,0,16,16,0,0,0,0,16,0,0,16,16,0,0,0,0,16,0,0,16,0,0,0,0,0,0,0,0,0,0,0,0,0,0
30,110,4,4,16,2,unchanged,1,16,46080,18560,18560,18624,18560,18624,18560,18624,16,0,0,0,0,16,0,0,16,16,0,0,0,0,16,0,0,16,16,0,0,0,0,16,0,0,16,0,0,0,0,0,0,0,0,0,0,0,0,0,0
30,110,4,8,16,2,unchanged,1,16,46080,18560,18560,18688,18560,18688,18560,18688,16,0,0,0,0,16,0,0,16,16,0,0,0,0,16,0,0,16,16,0,0,0,0,16,0,0,16,0,0,0,0,0,0,0,0,0,0,0,0,0,0
30,110,4,0,16,2,one_edit,1,64,184320,123392,76288,75008,76288,75008,76288,75008,64,0,0,64,0,0,64,0,0,64,0,0,64,0,0,64,0,0,64,0,0,64,0,0,64,0,0,0,0,0,0,0,0,0,0,0,0,0,0,0,0
30,110,4,2,16,2,one_edit,1,64,184320,123392,76288,75136,76288,75136,76288,75136,64,0,0,64,0,0,64,0,0,64,0,0,64,0,0,64,0,0,64,0,0,64,0,0,64,0,0,0,0,0,0,0,0,0,0,0,0,0,0,0,0
30,110,4,4,16,2,one_edit,1,64,184320,123392,76288,75264,76288,75264,76288,75264,64,0,0,64,0,0,64,0,0,64,0,0,64,0,0,64,0,0,64,0,0,64,0,0,64,0,0,0,0,0,0,0,0,0,0,0,0,0,0,0,0
30,110,4,8,16,2,one_edit,1,64,184320,123392,76288,75520,76288,75520,76288,75520,64,0,0,64,0,0,64,0,0,64,0,0,64,0,0,64,0,0,64,0,0,64,0,0,64,0,0,0,0,0,0,0,0,0,0,0,0,0,0,0,0
30,110,4,0,16,2,far,1,176,506880,324736,209792,208384,209792,208384,209792,208384,176,0,0,176,0,0,160,16,0,176,0,0,176,0,0,160,16,0,176,0,0,176,0,0,160,16,0,0,0,0,0,0,0,0,0,0,0,0,0,0,0
30,110,4,2,16,2,far,1,176,506880,324736,209792,208736,209792,208736,209792,208736,176,0,0,176,0,0,160,0,16,176,0,0,176,0,0,160,0,16,176,0,0,176,0,0,160,0,16,0,0,0,0,0,0,0,0,0,0,0,0,0,0
30,110,4,4,16,2,far,1,176,506880,324736,209792,209088,209792,209088,209792,209088,176,0,0,176,0,0,96,64,16,176,0,0,176,0,0,96,64,16,176,0,0,176,0,0,96,64,16,0,0,0,0,0,0,0,0,0,0,0,0,0,0
30,110,4,8,16,2,far,1,176,506880,324736,209792,209792,209792,209792,209792,209792,176,0,0,176,0,0,96,0,80,176,0,0,176,0,0,96,0,80,176,0,0,176,0,0,96,0,80,0,0,0,0,0,0,0,0,0,0,0,0,0,0
30,110,4,0,16,4,unchanged,1,16,87040,34944,34944,34944,34944,34944,34944,34944,16,0,0,0,16,0,0,16,0,16,0,0,0,16,0,0,16,0,16,0,0,0,16,0,0,16,0,0,0,0,0,0,0,0,0,0,0,0,0,0,0
30,110,4,2,16,4,unchanged,1,16,87040,34944,34944,34976,34944,34976,34944,34976,16,0,0,0,0,16,0,0,16,16,0,0,0,0,16,0,0,16,16,0,0,0,0,16,0,0,16,0,0,0,0,0,0,0,0,0,0,0,0,0,0
30,110,4,4,16,4,unchanged,1,16,87040,34944,34944,35008,34944,35008,34944,35008,16,0,0,0,0,16,0,0,16,16,0,0,0,0,16,0,0,16,16,0,0,0,0,16,0,0,16,0,0,0,0,0,0,0,0,0,0,0,0,0,0
30,110,4,8,16,4,unchanged,1,16,87040,34944,34944,35072,34944,35072,34944,35072,16,0,0,0,0,16,0,0,16,16,0,0,0,0,16,0,0,16,16,0,0,0,0,16,0,0,16,0,0,0,0,0,0,0,0,0,0,0,0,0,0
30,110,4,0,16,4,one_edit,1,64,348160,238080,143872,141312,143872,141312,143872,141312,64,0,0,64,0,0,64,0,0,64,0,0,64,0,0,64,0,0,64,0,0,64,0,0,64,0,0,0,0,0,0,0,0,0,0,0,0,0,0,0,0
30,110,4,2,16,4,one_edit,1,64,348160,238080,143872,141440,143872,141440,143872,141440,64,0,0,64,0,0,64,0,0,64,0,0,64,0,0,64,0,0,64,0,0,64,0,0,64,0,0,0,0,0,0,0,0,0,0,0,0,0,0,0,0
30,110,4,4,16,4,one_edit,1,64,348160,238080,143872,141568,143872,141568,143872,141568,64,0,0,64,0,0,64,0,0,64,0,0,64,0,0,64,0,0,64,0,0,64,0,0,64,0,0,0,0,0,0,0,0,0,0,0,0,0,0,0,0
30,110,4,8,16,4,one_edit,1,64,348160,238080,143872,141824,143872,141824,143872,141824,64,0,0,64,0,0,64,0,0,64,0,0,64,0,0,64,0,0,64,0,0,64,0,0,64,0,0,0,0,0,0,0,0,0,0,0,0,0,0,0,0
30,110,4,0,16,4,far,1,176,957440,625536,395648,392832,395648,392832,395648,392832,176,0,0,176,0,0,160,16,0,176,0,0,176,0,0,160,16,0,176,0,0,176,0,0,160,16,0,0,0,0,0,0,0,0,0,0,0,0,0,0,0
30,110,4,2,16,4,far,1,176,957440,625536,395648,393184,395648,393184,395648,393184,176,0,0,176,0,0,160,0,16,176,0,0,176,0,0,160,0,16,176,0,0,176,0,0,160,0,16,0,0,0,0,0,0,0,0,0,0,0,0,0,0
30,110,4,4,16,4,far,1,176,957440,625536,395648,393536,395648,393536,395648,393536,176,0,0,176,0,0,160,0,16,176,0,0,176,0,0,160,0,16,176,0,0,176,0,0,160,0,16,0,0,0,0,0,0,0,0,0,0,0,0,0,0
30,110,4,8,16,4,far,1,176,957440,625536,395648,394240,395648,394240,395648,394240,176,0,0,176,0,0,96,64,16,176,0,0,176,0,0,96,64,16,176,0,0,176,0,0,96,64,16,0,0,0,0,0,0,0,0,0,0,0,0,0,0
51,170,0,0,1,1,unchanged,0,16,640,768,768,768,768,768,768,768,0,0,16,0,16,0,0,16,0,0,0,16,0,16,0,0,16,0,0,0,16,0,16,0,0,16,0,0,0,0,0,0,0,0,0,0,0,0,0,0,0
51,170,0,2,1,1,unchanged,0,16,640,768,768,800,768,800,768,800,0,0,16,0,0,16,0,0,16,0,0,16,0,0,16,0,0,16,0,0,16,0,0,16,0,0,16,0,0,0,0,0,0,0,0,0,0,0,0,0,0
51,170,0,4,1,1,unchanged,0,16,640,768,768,832,768,832,768,832,0,0,16,0,0,16,0,0,16,0,0,16,0,0,16,0,0,16,0,0,16,0,0,16,0,0,16,0,0,0,0,0,0,0,0,0,0,0,0,0,0
51,170,0,8,1,1,unchanged,0,16,640,768,768,896,768,896,768,896,0,0,16,0,0,16,0,0,16,0,0,16,0,0,16,0,0,16,0,0,16,0,0,16,0,0,16,0,0,0,0,0,0,0,0,0,0,0,0,0,0
51,170,0,0,1,1,one_edit,0,64,2560,3072,3072,3072,3072,3072,3072,3072,0,0,64,0,64,0,0,64,0,0,0,64,0,64,0,0,64,0,0,0,64,0,64,0,0,64,0,0,0,0,0,0,0,0,0,0,0,0,0,0,0
51,170,0,2,1,1,one_edit,0,64,2560,3072,3072,3200,3072,3200,3072,3200,0,0,64,0,0,64,0,0,64,0,0,64,0,0,64,0,0,64,0,0,64,0,0,64,0,0,64,0,0,0,0,0,0,0,0,0,0,0,0,0,0
51,170,0,4,1,1,one_edit,0,64,2560,3072,3072,3328,3072,3328,3072,3328,0,0,64,0,0,64,0,0,64,0,0,64,0,0,64,0,0,64,0,0,64,0,0,64,0,0,64,0,0,0,0,0,0,0,0,0,0,0,0,0,0
51,170,0,8,1,1,one_edit,0,64,2560,3072,3072,3584,3072,3584,3072,3584,0,0,64,0,0,64,0,0,64,0,0,64,0,0,64,0,0,64,0,0,64,0,0,64,0,0,64,0,0,0,0,0,0,0,0,0,0,0,0,0,0
51,170,0,0,1,1,far,0,176,7040,8448,8448,8448,8448,8448,8448,8448,0,0,176,0,176,0,0,176,0,0,0,176,0,176,0,0,176,0,0,0,176,0,176,0,0,176,0,0,0,0,0,0,0,0,0,0,0,0,0,0,0
51,170,0,2,1,1,far,0,176,7040,8448,8448,8800,8448,8800,8448,8800,0,0,176,0,0,176,0,0,176,0,0,176,0,0,176,0,0,176,0,0,176,0,0,176,0,0,176,0,0,0,0,0,0,0,0,0,0,0,0,0,0
51,170,0,4,1,1,far,0,176,7040,8448,8448,9152,8448,9152,8448,9152,0,0,176,0,0,176,0,0,176,0,0,176,0,0,176,0,0,176,0,0,176,0,0,176,0,0,176,0,0,0,0,0,0,0,0,0,0,0,0,0,0
51,170,0,8,1,1,far,0,176,7040,8448,8448,9856,8448,9856,8448,9856,0,0,176,0,0,176,0,0,176,0,0,176,0,0,176,0,0,176,0,0,176,0,0,176,0,0,176,0,0,0,0,0,0,0,0,0,0,0,0,0,0
51,170,0,0,1,2,unchanged,0,16,768,896,896,896,896,896,896,896,0,0,16,0,16,0,0,16,0,0,0,16,0,16,0,0,16,0,0,0,16,0,16,0,0,16,0,0,0,0,0,0,0,0,0,0,0,0,0,0,0
51,170,0,2,1,2,unchanged,0,16,768,896,896,928,896,928,896,928,0,0,16,0,0,16,0,0,16,0,0,16,0,0,16,0,0,16,0,0,16,0,0,16,0,0,16,0,0,0,0,0,0,0,0,0,0,0,0,0,0
51,170,0,4,1,2,unchanged,0,16,768,896,896,960,896,960,896,960,0,0,16,0,0,16,0,0,16,0,0,16,0,0,16,0,0,16,0,0,16,0,0,16,0,0,16,0,0,0,0,0,0,0,0,0,0,0,0,0,0
51,170,0,8,1,2,unchanged,0,16,768,896,896,1024,896,1024,896,1024,0,0,16,0,0,16,0,0,16,0,0,16,0,0,16,0,0,16,0,0,16,0,0,16,0,0,16,0,0,0,0,0,0,0,0,0,0,0,0,0,0
51,170,0,0,1,2,one_edit,0,64,3072,3584,3584,3584,3584,3584,3584,3584,0,0,64,0,64,0,0,64,0,0,0,64,0,64,0,0,64,0,0,0,64,0,64,0,0,64,0,0,0,0,0,0,0,0,0,0,0,0,0,0,0
51,170,0,2,1,2,one_edit,0,64,3072,3584,3584,3712,3584,3712,3584,3712,0,0,64,0,0,64,0,0,64,0,0,64,0,0,64,0,0,64,0,0,64,0,0,64,0,0,64,0,0,0,0,0,0,0,0,0,0,0,0,0,0
51,170,0,4,1,2,one_edit,0,64,3072,3584,3584,3840,3584,3840,3584,3840,0,0,64,0,0,64,0,0,64,0,0,64,0,0,64,0,0,64,0,0,64,0,0,64,0,0,64,0,0,0,0,0,0,0,0,0,0,0,0,0,0
51,170,0,8,1,2,one_edit,0,64,3072,3584,3584,4096,3584,4096,3584,4096,0,0,64,0,0,64,0,0,64,0,0,64,0,0,64,0,0,64,0,0,64,0,0,64,0,0,64,0,0,0,0,0,0,0,0,0,0,0,0,0,0
51,170,0,0,1,2,far,0,176,8448,9856,9856,9856,9856,9856,9856,9856,0,0,176,0,176,0,0,176,0,0,0,176,0,176,0,0,176,0,0,0,176,0,176,0,0,176,0,0,0,0,0,0,0,0,0,0,0,0,0,0,0
51,170,0,2,1,2,far,0,176,8448,9856,9856,10208,9856,10208,9856,10208,0,0,176,0,0,176,0,0,176,0,0,176,0,0,176,0,0,176,0,0,176,0,0,176,0,0,176,0,0,0,0,0,0,0,0,0,0,0,0,0,0
51,170,0,4,1,2,far,0,176,8448,9856,9856,10560,9856,10560,9856,10560,0,0,176,0,0,176,0,0,176,0,0,176,0,0,176,0,0,176,0,0,176,0,0,176,0,0,176,0,0,0,0,0,0,0,0,0,0,0,0,0,0
51,170,0,8,1,2,far,0,176,8448,9856,9856,11264,9856,11264,9856,11264,0,0,176,0,0,176,0,0,176,0,0,176,0,0,176,0,0,176,0,0,176,0,0,176,0,0,176,0,0,0,0,0,0,0,0,0,0,0,0,0,0
51,170,0,0,1,4,unchanged,0,16,1024,1152,1152,1152,1152,1152,1152,1152,0,0,16,0,16,0,0,16,0,0,0,16,0,16,0,0,16,0,0,0,16,0,16,0,0,16,0,0,0,0,0,0,0,0,0,0,0,0,0,0,0
51,170,0,2,1,4,unchanged,0,16,1024,1152,1152,1184,1152,1184,1152,1184,0,0,16,0,0,16,0,0,16,0,0,16,0,0,16,0,0,16,0,0,16,0,0,16,0,0,16,0,0,0,0,0,0,0,0,0,0,0,0,0,0
51,170,0,4,1,4,unchanged,0,16,1024,1152,1152,1216,1152,1216,1152,1216,0,0,16,0,0,16,0,0,16,0,0,16,0,0,16,0,0,16,0,0,16,0,0,16,0,0,16,0,0,0,0,0,0,0,0,0,0,0,0,0,0
51,170,0,8,1,4,unchanged,0,16,1024,1152,1152,1280,1152,1280,1152,1280,0,0,16,0,0,16,0,0,16,0,0,16,0,0,16,0,0,16,0,0,16,0,0,16,0,0,16,0,0,0,0,0,0,0,0,0,0,0,0,0,0
51,170,0,0,1,4,one_edit,0,64,4096,4608,4608,4608,4608,4608,4608,4608,0,0,64,0,64,0,0,64,0,0,0,64,0,64,0,0,64,0,0,0,64,0,64,0,0,64,0,0,0,0,0,0,0,0,0,0,0,0,0,0,0
51,170,0,2,1,4,one_edit,0,64,4096,4608,4608,4736,4608,4736,4608,4736,0,0,64,0,0,64,0,0,64,0,0,64,0,0,64,0,0,64,0,0,64,0,0,64,0,0,64,0,0,0,0,0,0,0,0,0,0,0,0,0,0
51,170,0,4,1,4,one_edit,0,64,4096,4608,4608,4864,4608,4864,4608,4864,0,0,64,0,0,64,0,0,64,0,0,64,0,0,64,0,0,64,0,0,64,0,0,64,0,0,64,0,0,0,0,0,0,0,0,0,0,0,0,0,0
51,170,0,8,1,4,one_edit,0,64,4096,4608,4608,5120,4608,5120,4608,5120,0,0,64,0,0,64,0,0,64,0,0,64,0,0,64,0,0,64,0,0,64,0,0,64,0,0,64,0,0,0,0,0,0,0,0,0,0,0,0,0,0
51,170,0,0,1,4,far,0,176,11264,12672,12672,12672,12672,12672,12672,12672,0,0,176,0,176,0,0,176,0,0,0,176,0,176,0,0,176,0,0,0,176,0,176,0,0,176,0,0,0,0,0,0,0,0,0,0,0,0,0,0,0
51,170,0,2,1,4,far,0,176,11264,12672,12672,13024,12672,13024,12672,13024,0,0,176,0,0,176,0,0,176,0,0,176,0,0,176,0,0,176,0,0,176,0,0,176,0,0,176,0,0,0,0,0,0,0,0,0,0,0,0,0,0
51,170,0,4,1,4,far,0,176,11264,12672,12672,13376,12672,13376,12672,13376,0,0,176,0,0,176,0,0,176,0,0,176,0,0,176,0,0,176,0,0,176,0,0,176,0,0,176,0,0,0,0,0,0,0,0,0,0,0,0,0,0
51,170,0,8,1,4,far,0,176,11264,12672,12672,14080,12672,14080,12672,14080,0,0,176,0,0,176,0,0,176,0,0,176,0,0,176,0,0,176,0,0,176,0,0,176,0,0,176,0,0,0,0,0,0,0,0,0,0,0,0,0,0
51,170,0,0,4,1,unchanged,0,16,1024,1152,1152,1152,1152,1152,1152,1152,0,0,16,0,16,0,0,16,0,0,0,16,0,16,0,0,16,0,0,0,16,0,16,0,0,16,0,0,0,0,0,0,0,0,0,0,0,0,0,0,0
51,170,0,2,4,1,unchanged,0,16,1024,1152,1152,1184,1152,1184,1152,1184,0,0,16,0,0,16,0,0,16,0,0,16,0,0,16,0,0,16,0,0,16,0,0,16,0,0,16,0,0,0,0,0,0,0,0,0,0,0,0,0,0
51,170,0,4,4,1,unchanged,0,16,1024,1152,1152,1216,1152,1216,1152,1216,0,0,16,0,0,16,0,0,16,0,0,16,0,0,16,0,0,16,0,0,16,0,0,16,0,0,16,0,0,0,0,0,0,0,0,0,0,0,0,0,0
51,170,0,8,4,1,unchanged,0,16,1024,1152,1152,1280,1152,1280,1152,1280,0,0,16,0,0,16,0,0,16,0,0,16,0,0,16,0,0,16,0,0,16,0,0,16,0,0,16,0,0,0,0,0,0,0,0,0,0,0,0,0,0
51,170,0,0,4,1,one_edit,0,64,4096,4608,4608,4608,4608,4608,4608,4608,0,0,64,0,64,0,0,64,0,0,0,64,0,64,0,0,64,0,0,0,64,0,64,0,0,64,0,0,0,0,0,0,0,0,0,0,0,0,0,0,0
51,170,0,2,4,1,one_edit,0,64,4096,4608,4608,4736,4608,4736,4608,4736,0,0,64,0,0,64,0,0,64,0,0,64,0,0,64,0,0,64,0,0,64,0,0,64,0,0,64,0,0,0,0,0,0,0,0,0,0,0,0,0,0
51,170,0,4,4,1,one_edit,0,64,4096,4608,4608,4864,4608,4864,4608,4864,0,0,64,0,0,64,0,0,64,0,0,64,0,0,64,0,0,64,0,0,64,0,0,64,0,0,64,0,0,0,0,0,0,0,0,0,0,0,0,0,0
51,170,0,8,4,1,one_edit,0,64,4096,4608,4608,5120,4608,5120,4608,5120,0,0,64,0,0,64,0,0,64,0,0,64,0,0,64,0,0,64,0,0,64,0,0,64,0,0,64,0,0,0,0,0,0,0,0,0,0,0,0,0,0
51,170,0,0,4,1,far,0,176,11264,12672,12672,12672,12672,12672,12672,12672,0,0,176,0,176,0,0,176,0,0,0,176,0,176,0,0,176,0,0,0,176,0,176,0,0,176,0,0,0,0,0,0,0,0,0,0,0,0,0,0,0
51,170,0,2,4,1,far,0,176,11264,12672,12672,13024,12672,13024,12672,13024,0,0,176,0,0,176,0,0,176,0,0,176,0,0,176,0,0,176,0,0,176,0,0,176,0,0,176,0,0,0,0,0,0,0,0,0,0,0,0,0,0
51,170,0,4,4,1,far,0,176,11264,12672,12672,13376,12672,13376,12672,13376,0,0,176,0,0,176,0,0,176,0,0,176,0,0,176,0,0,176,0,0,176,0,0,176,0,0,176,0,0,0,0,0,0,0,0,0,0,0,0,0,0
51,170,0,8,4,1,far,0,176,11264,12672,12672,14080,12672,14080,12672,14080,0,0,176,0,0,176,0,0,176,0,0,176,0,0,176,0,0,176,0,0,176,0,0,176,0,0,176,0,0,0,0,0,0,0,0,0,0,0,0,0,0
51,170,0,0,4,2,unchanged,0,16,1536,1664,1664,1664,1664,1664,1664,1664,0,0,16,0,16,0,0,16,0,0,0,16,0,16,0,0,16,0,0,0,16,0,16,0,0,16,0,0,0,0,0,0,0,0,0,0,0,0,0,0,0
51,170,0,2,4,2,unchanged,0,16,1536,1664,1664,1696,1664,1696,1664,1696,0,0,16,0,0,16,0,0,16,0,0,16,0,0,16,0,0,16,0,0,16,0,0,16,0,0,16,0,0,0,0,0,0,0,0,0,0,0,0,0,0
51,170,0,4,4,2,unchanged,0,16,1536,1664,1664,1728,1664,1728,1664,1728,0,0,16,0,0,16,0,0,16,0,0,16,0,0,16,0,0,16,0,0,16,0,0,16,0,0,16,0,0,0,0,0,0,0,0,0,0,0,0,0,0
51,170,0,8,4,2,unchanged,0,16,1536,1664,1664,1792,1664,1792,1664,1792,0,0,16,0,0,16,0,0,16,0,0,16,0,0,16,0,0,16,0,0,16,0,0,16,0,0,16,0,0,0,0,0,0,0,0,0,0,0,0,0,0
51,170,0,0,4,2,one_edit,0,64,6144,6656,6656,6656,6656,6656,6656,6656,0,0,64,0,64,0,0,64,0,0,0,64,0,64,0,0,64,0,0,0,64,0,64,0,0,64,0,0,0,0,0,0,0,0,0,0,0,0,0,0,0
51,170,0,2,4,2,one_edit,0,64,6144,6656,6656,6784,6656,6784,6656,6784,0,0,64,0,0,64,0,0,64,0,0,64,0,0,64,0,0,64,0,0,64,0,0,64,0,0,64,0,0,0,0,0,0,0,0,0,0,0,0,0,0
51,170,0,4,4,2,one_edit,0,64,6144,6656,6656,6912,6656,6912,6656,6912,0,0,64,0,0,64,0,0,64,0,0,64,0,0,64,0,0,64,0,0,64,0,0,64,0,0,64,0,0,0,0,0,0,0,0,0,0,0,0,0,0
51,170,0,8,4,2,one_edit,0,64,6144,6656,6656,7168,6656,7168,6656,7168,0,0,64,0,0,64,0,0,64,0,0,64,0,0,64,0,0,64,0,0,64,0,0,64,0,0,64,0,0,0,0,0,0,0,0,0,0,0,0,0,0
51,170,0,0,4,2,far,0,176,16896,18304,18304,18304,18304,18304,18304,18304,0,0,176,0,176,0,0,176,0,0,0,176,0,176,0,0,176,0,0,0,176,0,176,0,0,176,0,0,0,0,0,0,0,0,0,0,0,0,0,0,0
51,170,0,2,4,2,far,0,176,16896,18304,18304,18656,18304,18656,18304,18656,0,0,176,0,0,176,0,0,176,0,0,176,0,0,176,0,0,176,0,0,176,0,0,176,0,0,176,0,0,0,0,0,0,0,0,0,0,0,0,0,0
51,170,0,4,4,2,far,0,176,16896,18304,18304,19008,18304,19008,18304,19008,0,0,176,0,0,176,0,0,176,0,0,176,0,0,176,0,0,176,0,0,176,0,0,176,0,0,176,0,0,0,0,0,0,0,0,0,0,0,0,0,0
51,170,0,8,4,2,far,0,176,16896,18304,18304,19712,18304,19712,18304,19712,0,0,176,0,0,176,0,0,176,0,0,176,0,0,176,0,0,176,0,0,176,0,0,176,0,0,176,0,0,0,0,0,0,0,0,0,0,0,0,0,0
51,170,0,0,4,4,unchanged,0,16,2560,2688,2688,2688,2688,2688,2688,2688,0,0,16,0,16,0,0,16,0,0,0,16,0,16,0,0,16,0,0,0,16,0,16,0,0,16,0,0,0,0,0,0,0,0,0,0,0,0,0,0,0
51,170,0,2,4,4,unchanged,0,16,2560,2688,2688,2720,2688,2720,2688,2720,0,0,16,0,0,16,0,0,16,0,0,16,0,0,16,0,0,16,0,0,16,0,0,16,0,0,16,0,0,0,0,0,0,0,0,0,0,0,0,0,0
51,170,0,4,4,4,unchanged,0,16,2560,2688,2688,2752,2688,2752,2688,2752,0,0,16,0,0,16,0,0,16,0,0,16,0,0,16,0,0,16,0,0,16,0,0,16,0,0,16,0,0,0,0,0,0,0,0,0,0,0,0,0,0
51,170,0,8,4,4,unchanged,0,16,2560,2688,2688,2816,2688,2816,2688,2816,0,0,16,0,0,16,0,0,16,0,0,16,0,0,16,0,0,16,0,0,16,0,0,16,0,0,16,0,0,0,0,0,0,0,0,0,0,0,0,0,0
51,170,0,0,4,4,one_edit,0,64,10240,10752,10752,10752,10752,10752,10752,10752,0,0,64,0,64,0,0,64,0,0,0,64,0,64,0,0,64,0,0,0,64,0,64,0,0,64,0,0,0,0,0,0,0,0,0,0,0,0,0,0,0
51,170,0,2,4,4,one_edit,0,64,10240,10752,10752,10880,10752,10880,10752,10880,0,0,64,0,0,64,0,0,64,0,0,64,0,0,64,0,0,64,0,0,64,0,0,64,0,0,64,0,0,0,0,0,0,0,0,0,0,0,0,0,0
51,170,0,4,4,4,one_edit,0,64,10240,10752,10752,11008,10752,11008,10752,11008,0,0,64,0,0,64,0,0,64,0,0,64,0,0,64,0,0,64,0,0,64,0,0,64,0,0,64,0,0,0,0,0,0,0,0,0,0,0,0,0,0
51,170,0,8,4,4,one_edit,0,64,10240,10752,10752,11264,10752,11264,10752,11264,0,0,64,0,0,64,0,0,64,0,0,64,0,0,64,0,0,64,0,0,64,0,0,64,0,0,64,0,0,0,0,0,0,0,0,0,0,0,0,0,0
51,170,0,0,4,4,far,0,176,28160,29568,29568,29568,29568,29568,29568,29568,0,0,176,0,176,0,0,176,0,0,0,176,0,176,0,0,176,0,0,0,176,0,176,0,0,176,0,0,0,0,0,0,0,0,0,0,0,0,0,0,0
51,170,0,2,4,4,far,0,176,28160,29568,29568,29920,29568,29920,29568,29920,0,0,176,0,0,176,0,0,176,0,0,176,0,0,176,0,0,176,0,0,176,0,0,176,0,0,176,0,0,0,0,0,0,0,0,0,0,0,0,0,0
51,170,0,4,4,4,far,0,176,28160,29568,29568,30272,29568,30272,29568,30272,0,0,176,0,0,176,0,0,176,0,0,176,0,0,176,0,0,176,0,0,176,0,0,176,0,0,176,0,0,0,0,0,0,0,0,0,0,0,0,0,0
51,170,0,8,4,4,far,0,176,28160,29568,29568,30976,29568,30976,29568,30976,0,0,176,0,0,176,0,0,176,0,0,176,0,0,176,0,0,176,0,0,176,0,0,176,0,0,176,0,0,0,0,0,0,0,0,0,0,0,0,0,0
51,170,0,0,16,1,unchanged,0,16,2560,2688,2688,2688,2688,2688,2688,2688,0,0,16,0,16,0,0,16,0,0,0,16,0,16,0,0,16,0,0,0,16,0,16,0,0,16,0,0,0,0,0,0,0,0,0,0,0,0,0,0,0
51,170,0,2,16,1,unchanged,0,16,2560,2688,2688,2720,2688,2720,2688,2720,0,0,16,0,0,16,0,0,16,0,0,16,0,0,16,0,0,16,0,0,16,0,0,16,0,0,16,0,0,0,0,0,0,0,0,0,0,0,0,0,0
51,170,0,4,16,1,unchanged,0,16,2560,2688,2688,2752,2688,2752,2688,2752,0,0,16,0,0,16,0,0,16,0,0,16,0,0,16,0,0,16,0,0,16,0,0,16,0,0,16,0,0,0,0,0,0,0,0,0,0,0,0,0,0
51,170,0,8,16,1,unchanged,0,16,2560,2688,2688,2816,2688,2816,2688,2816,0,0,16,0,0,16,0,0,16,0,0,16,0,0,16,0,0,16,0,0,16,0,0,16,0,0,16,0,0,0,0,0,0,0,0,0,0,0,0,0,0
51,170,0,0,16,1,one_edit,0,64,10240,10752,10752,10752,10752,10752,10752,10752,0,0,64,0,64,0,0,64,0,0,0,64,0,64,0,0,64,0,0,0,64,0,64,0,0,64,0,0,0,0,0,0,0,0,0,0,0,0,0,0,0
51,170,0,2,16,1,one_edit,0,64,10240,10752,10752,10880,10752,10880,10752,10880,0,0,64,0,0,64,0,0,64,0,0,64,0,0,64,0,0,64,0,0,64,0,0,64,0,0,64,0,0,0,0,0,0,0,0,0,0,0,0,0,0
51,170,0,4,16,1,one_edit,0,64,10240,10752,10752,11008,10752,11008,10752,11008,0,0,64,0,0,64,0,0,64,0,0,64,0,0,64,0,0,64,0,0,64,0,0,64,0,0,64,0,0,0,0,0,0,0,0,0,0,0,0,0,0
51,170,0,8,16,1,one_edit,0,64,10240,10752,10752,11264,10752,11264,10752,11264,0,0,64,0,0,64,0,0,64,0,0,64,0,0,64,0,0,64,0,0,64,0,0,64,0,0,64,0,0,0,0,0,0,0,0,0,0,0,0,0,0
51,170,0,0,16,1,far,0,176,28160,29568,29568,29568,29568,29568,29568,29568,0,0,176,0,176,0,0,176,0,0,0,176,0,176,0,0,176,0,0,0,176,0,176,0,0,176,0,0,0,0,0,0,0,0,0,0,0,0,0,0,0
51,170,0,2,16,1,far,0,176,28160,29568,29568,29920,29568,29920,29568,29920,0,0,176,0,0,176,0,0,176,0,0,176,0,0,176,0,0,176,0,0,176,0,0,176,0,0,176,0,0,0,0,0,0,0,0,0,0,0,0,0,0
51,170,0,4,16,1,far,0,176,28160,29568,29568,30272,29568,30272,29568,30272,0,0,176,0,0,176,0,0,176,0,0,176,0,0,176,0,0,176,0,0,176,0,0,176,0,0,176,0,0,0,0,0,0,0,0,0,0,0,0,0,0
51,170,0,8,16,1,far,0,176,28160,29568,29568,30976,29568,30976,29568,30976,0,0,176,0,0,176,0,0,176,0,0,176,0,0,176,0,0,176,0,0,176,0,0,176,0,0,176,0,0,0,0,0,0,0,0,0,0,0,0,0,0
51,170,0,0,16,2,unchanged,0,16,4608,4736,4736,4736,4736,4736,4736,4736,0,0,16,0,16,0,0,16,0,0,0,16,0,16,0,0,16,0,0,0,16,0,16,0,0,16,0,0,0,0,0,0,0,0,0,0,0,0,0,0,0
51,170,0,2,16,2,unchanged,0,16,4608,4736,4736,4768,4736,4768,4736,4768,0,0,16,0,0,16,0,0,16,0,0,16,0,0,16,0,0,16,0,0,16,0,0,16,0,0,16,0,0,0,0,0,0,0,0,0,0,0,0,0,0
51,170,0,4,16,2,unchanged,0,16,4608,4736,4736,4800,4736,4800,4736,4800,0,0,16,0,0,16,0,0,16,0,0,16,0,0,16,0,0,16,0,0,16,0,0,16,0,0,16,0,0,0,0,0,0,0,0,0,0,0,0,0,0
51,170,0,8,16,2,unchanged,0,16,4608,4736,4736,4864,4736,4864,4736,4864,0,0,16,0,0,16,0,0,16,0,0,16,0,0,16,0,0,16,0,0,16,0,0,16,0,0,16,0,0,0,0,0,0,0,0,0,0,0,0,0,0
51,170,0,0,16,2,one_edit,0,64,18432,18944,18944,18944,18944,18944,18944,18944,0,0,64,0,64,0,0,64,0,0,0,64,0,64,0,0,64,0,0,0,64,0,64,0,0,64,0,0,0,0,0,0,0,0,0,0,0,0,0,0,0
51,170,0,2,16,2,one_edit,0,64,18432,18944,18944,19072,18944,19072,18944,19072,0,0,64,0,0,64,0,0,64,0,0,64,0,0,64,0,0,64,0,0,64,0,0,64,0,0,64,0,0,0,0,0,0,0,0,0,0,0,0,0,0
51,170,0,4,16,2,one_edit,0,64,18432,18944,18944,19200,18944,19200,18944,19200,0,0,64,0,0,64,0,0,64,0,0,64,0,0,64,0,0,64,0,0,64,0,0,64,0,0,64,0,0,0,0,0,0,0,0,0,0,0,0,0,0
51,170,0,8,16,2,one_edit,0,64,18432,18944,18944,19456,18944,19456,18944,19456,0,0,64,0,0,64,0,0,64,0,0,64,0,0,64,0,0,64,0,0,64,0,0,64,0,0,64,0,0,0,0,0,0,0,0,0,0,0,0,0,0
51,170,0,0,16,2,far,0,176,50688,52096,52096,52096,52096,52096,52096,52096,0,0,176,0,176,0,0,176,0,0,0,176,0,176,0,0,176,0,0,0,176,0,176,0,0,176,0,0,0,0,0,0,0,0,0,0,0,0,0,0,0
51,170,0,2,16,2,far,0,176,50688,52096,52096,52448,52096,52448,52096,52448,0,0,176,0,0,176,0,0,176,0,0,176,0,0,176,0,0,176,0,0,176,0,0,176,0,0,176,0,0,0,0,0,0,0,0,0,0,0,0,0,0
51,170,0,4,16,2,far,0,176,50688,52096,52096,52800,52096,52800,52096,52800,0,0,176,0,0,176,0,0,176,0,0,176,0,0,176,0,0,176,0,0,176,0,0,176,0,0,176,0,0,0,0,0,0,0,0,0,0,0,0,0,0
51,170,0,8,16,2,far,0,176,50688,52096,52096,53504,52096,53504,52096,53504,0,0,176,0,0,176,0,0,176,0,0,176,0,0,176,0,0,176,0,0,176,0,0,176,0,0,176,0,0,0,0,0,0,0,0,0,0,0,0,0,0
51,170,0,0,16,4,unchanged,0,16,8704,8832,8832,8832,8832,8832,8832,8832,0,0,16,0,16,0,0,16,0,0,0,16,0,16,0,0,16,0,0,0,16,0,16,0,0,16,0,0,0,0,0,0,0,0,0,0,0,0,0,0,0
51,170,0,2,16,4,unchanged,0,16,8704,8832,8832,8864,8832,8864,8832,8864,0,0,16,0,0,16,0,0,16,0,0,16,0,0,16,0,0,16,0,0,16,0,0,16,0,0,16,0,0,0,0,0,0,0,0,0,0,0,0,0,0
51,170,0,4,16,4,unchanged,0,16,8704,8832,8832,8896,8832,8896,8832,8896,0,0,16,0,0,16,0,0,16,0,0,16,0,0,16,0,0,16,0,0,16,0,0,16,0,0,16,0,0,0,0,0,0,0,0,0,0,0,0,0,0
51,170,0,8,16,4,unchanged,0,16,8704,8832,8832,8960,8832,8960,8832,8960,0,0,16,0,0,16,0,0,16,0,0,16,0,0,16,0,0,16,0,0,16,0,0,16,0,0,16,0,0,0,0,0,0,0,0,0,0,0,0,0,0
51,170,0,0,16,4,one_edit,0,64,34816,35328,35328,35328,35328,35328,35328,35328,0,0,64,0,64,0,0,64,0,0,0,64,0,64,0,0,64,0,0,0,64,0,64,0,0,64,0,0,0,0,0,0,0,0,0,0,0,0,0,0,0
51,170,0,2,16,4,one_edit,0,64,34816,35328,35328,35456,35328,35456,35328,35456,0,0,64,0,0,64,0,0,64,0,0,64,0,0,64,0,0,64,0,0,64,0,0,64,0,0,64,0,0,0,0,0,0,0,0,0,0,0,0,0,0
51,170,0,4,16,4,one_edit,0,64,34816,35328,35328,35584,35328,35584,35328,35584,0,0,64,0,0,64,0,0,64,0,0,64,0,0,64,0,0,64,0,0,64,0,0,64,0,0,64,0,0,0,0,0,0,0,0,0,0,0,0,0,0
51,170,0,8,16,4,one_edit,0,64,34816,35328,35328,35840,35328,35840,35328,35840,0,0,64,0,0,64,0,0,64,0,0,64,0,0,64,0,0,64,0,0,64,0,0,64,0,0,64,0,0,0,0,0,0,0,0,0,0,0,0,0,0
51,170,0,0,16,4,far,0,176,95744,97152,97152,97152,97152,97152,97152,97152,0,0,176,0,176,0,0,176,0,0,0,176,0,176,0,0,176,0,0,0,176,0,176,0,0,176,0,0,0,0,0,0,0,0,0,0,0,0,0,0,0
51,170,0,2,16,4,far,0,176,95744,97152,97152,97504,97152,97504,97152,97504,0,0,176,0,0,176,0,0,176,0,0,176,0,0,176,0,0,176,0,0,176,0,0,176,0,0,176,0,0,0,0,0,0,0,0,0,0,0,0,0,0
51,170,0,4,16,4,far,0,176,95744,97152,97152,97856,97152,97856,97152,97856,0,0,176,0,0,176,0,0,176,0,0,176,0,0,176,0,0,176,0,0,176,0,0,176,0,0,176,0,0,0,0,0,0,0,0,0,0,0,0,0,0
51,170,0,8,16,4,far,0,176,95744,97152,97152,98560,97152,98560,97152,98560,0,0,176,0,0,176,0,0,176,0,0,176,0,0,176,0,0,176,0,0,176,0,0,176,0,0,176,0,0,0,0,0,0,0,0,0,0,0,0,0,0
51,170,1,0,1,1,unchanged,0,11,640,728,728,722,728,728,728,728,0,0,11,6,5,0,6,5,0,0,0,11,0,11,0,0,11,0,0,0,11,0,11,0,0,11,0,0,0,0,0,0,0,0,6,6,1,6,6,1,0
51,170,1,2,1,1,unchanged,0,11,640,728,728,744,728,750,728,750,0,0,11,0,0,11,0,0,11,0,0,11,0,0,11,0,0,11,0,0,11,0,0,11,0,0,11,0,0,0,0,0,0,0,6,6,1,6,6,1,0
51,170,1,4,1,1,unchanged,0,11,640,728,728,766,728,772,728,772,0,0,11,0,0,11,0,0,11,0,0,11,0,0,11,0,0,11,0,0,11,0,0,11,0,0,11,0,0,0,0,0,0,0,6,6,1,6,6,1,0
51,170,1,8,1,1,unchanged,0,11,640,728,728,810,728,816,728,816,0,0,11,0,0,11,0,0,11,0,0,11,0,0,11,0,0,11,0,0,11,0,0,11,0,0,11,0,0,0,0,0,0,0,6,6,1,6,6,1,0
51,170,1,0,1,1,one_edit,0,44,2608,2960,2960,2948,2960,2960,2960,2960,0,0,44,12,32,0,12,32,0,0,0,44,0,44,0,0,44,0,0,0,44,0,44,0,0,44,0,0,0,0,0,0,0,0,12,12,1,12,12,1,0
51,170,1,2,1,1,one_edit,0,44,2608,2960,2960,3036,2960,3048,2960,3048,0,0,44,0,0,44,0,0,44,0,0,44,0,0,44,0,0,44,0,0,44,0,0,44,0,0,44,0,0,0,0,0,0,0,12,12,1,12,12,1,0
51,170,1,4,1,1,one_edit,0,44,2608,2960,2960,3124,2960,3136,2960,3136,0,0,44,0,0,44,0,0,44,0,0,44,0,0,44,0,0,44,0,0,44,0,0,44,0,0,44,0,0,0,0,0,0,0,12,12,1,12,12,1,0
51,170,1,8,1,1,one_edit,0,44,2608,2960,2960,3300,2960,3312,2960,3312,0,0,44,0,0,44,0,0,44,0,0,44,0,0,44,0,0,44,0,0,44,0,0,44,0,0,44,0,0,0,0,0,0,0,12,12,1,12,12,1,0
51,170,1,0,1,1,far,0,121,7376,8344,8338,8278,8344,8320,8344,8320,0,0,121,48,73,0,48,73,0,0,0,121,6,115,0,6,115,0,0,0,121,6,115,0,6,115,0,6,6,1,6,6,1,0,42,42,1,42,42,1,0
51,170,1,2,1,1,far,0,121,7376,8344,8338,8520,8344,8562,8344,8562,0,0,121,6,0,115,6,0,115,0,0,121,6,0,115,6,0,115,0,0,121,6,0,115,6,0,115,6,6,1,6,6,1,0,42,42,1,42,42,1,0
51,170,1,4,1,1,far,0,121,7376,8344,8338,8762,8344,8804,8344,8804,0,0,121,0,6,115,0,0,121,0,0,121,0,6,115,0,6,115,0,0,121,0,6,115,0,6,115,6,6,1,6,6,1,0,42,42,1,42,42,1,0
51,170,1,8,1,1,far,0,121,7376,8344,8338,9246,8344,9288,8344,9288,0,0,121,0,0,121,0,0,121,0,0,121,0,0,121,0,0,121,0,0,121,0,0,121,0,0,121,6,6,1,6,6,1,0,42,42,1,42,42,1,0
51,170,1,0,1,1,far,1,55,6704,5716,5716,5704,5716,5716,5716,5716,55,0,0,12,43,0,12,43,0,55,0,0,0,55,0,0,55,0,55,0,0,0,55,0,0,55,0,0,0,0,0,0,0,0,12,12,1,12,12,1,0
51,170,1,2,1,1,far,1,55,6704,5716,5716,5814,5716,5826,5716,5826,55,0,0,0,0,55,0,0,55,55,0,0,0,0,55,0,0,55,55,0,0,0,0,55,0,0,55,0,0,0,0,0,0,0,12,12,1,12,12,1,0
51,170,1,4,1,1,far,1,55,6704,5716,5716,5924,5716,5936,5716,5936,55,0,0,0,0,55,0,0,55,55,0,0,0,0,55,0,0,55,55,0,0,0,0,55,0,0,55,0,0,0,0,0,0,0,12,12,1,12,12,1,0
51,170,1,8,1,1,far,1,55,6704,5716,5716,6144,5716,6156,5716,6156,55,0,0,0,0,55,0,0,55,55,0,0,0,0,55,0,0,55,55,0,0,0,0,55,0,0,55,0,0,0,0,0,0,0,12,12,1,12,12,1,0
51,170,1,0,1,1,one_edit,1,20,2512,2156,2156,2128,2156,2140,2156,2140,20,0,0,16,4,0,16,4,0,20,0,0,4,16,0,4,16,0,20,0,0,4,16,0,4,16,0,0,0,0,0,0,0,0,12,12,1,12,12,1,0
51,170,1,2,1,1,one_edit,1,20,2512,2156,2156,2168,2156,2180,2156,2180,20,0,0,4,0,16,4,0,16,20,0,0,4,0,16,4,0,16,20,0,0,4,0,16,4,0,16,0,0,0,0,0,0,0,12,12,1,12,12,1,0
51,170,1,4,1,1,one_edit,1,20,2512,2156,2156,2208,2156,2220,2156,2220,20,0,0,0,4,16,0,4,16,20,0,0,0,4,16,0,4,16,20,0,0,0,4,16,0,4,16,0,0,0,0,0,0,0,12,12,1,12,12,1,0
51,170,1,8,1,1,one_edit,1,20,2512,2156,2156,2288,2156,2300,2156,2300,20,0,0,0,0,20,0,0,20,20,0,0,0,0,20,0,0,20,20,0,0,0,0,20,0,0,20,0,0,0,0,0,0,0,12,12,1,12,12,1,0
51,170,1,0,1,1,unchanged,1,5,640,540,540,540,540,540,540,540,5,0,0,0,5,0,0,5,0,5,0,0,0,5,0,0,5,0,5,0,0,0,5,0,0,5,0,0,0,0,0,0,0,0,0,0,0,0,0,0,0
51,170,1,2,1,1,unchanged,1,5,640,540,540,550,540,550,540,550,5,0,0,0,0,5,0,0,5,5,0,0,0,0,5,0,0,5,5,0,0,0,0,5,0,0,5,0,0,0,0,0,0,0,0,0,0,0,0,0,0
51,170,1,4,1,1,unchanged,1,5,640,540,540,560,540,560,540,560,5,0,0,0,0,5,0,0,5,5,0,0,0,0,5,0,0,5,5,0,0,0,0,5,0,0,5,0,0,0,0,0,0,0,0,0,0,0,0,0,0
51,170,1,8,1,1,unchanged,1,5,640,540,540,580,540,580,540,580,5,0,0,0,0,5,0,0,5,5,0,0,0,0,5,0,0,5,5,0,0,0,0,5,0,0,5,0,0,0,0,0,0,0,0,0,0,0,0,0,0
51,170,1,0,1,2,unchanged,0,11,768,856,832,814,856,856,856,856,0,0,11,6,5,0,6,5,0,0,0,11,0,11,0,0,11,0,0,0,11,0,11,0,0,11,0,6,24,4,6,24,4,0,6,42,7,6,42,7,0
51,170,1,2,1,2,unchanged,0,11,768,856,832,836,856,878,856,878,0,0,11,6,0,5,6,0,5,0,0,11,0,0,11,0,0,11,0,0,11,0,0,11,0,0,11,6,24,4,6,24,4,0,6,42,7,6,42,7,0
51,170,1,4,1,2,unchanged,0,11,768,856,832,858,856,900,856,900,0,0,11,6,0,5,0,0,11,0,0,11,0,0,11,0,0,11,0,0,11,0,0,11,0,0,11,6,24,4,6,24,4,0,6,42,7,6,42,7,0
51,170,1,8,1,2,unchanged,0,11,768,856,832,902,856,944,856,944,0,0,11,0,0,11,0,0,11,0,0,11,0,0,11,0,0,11,0,0,11,0,0,11,0,0,11,6,24,4,6,24,4,0,6,42,7,6,42,7,0
51,170,1,0,1,2,one_edit,0,44,3168,3520,3472,3424,3520,3520,3520,3520,0,0,44,24,20,0,24,20,0,0,0,44,0,44,0,0,44,0,0,0,44,0,44,0,0,44,0,12,48,4,12,48,4,0,24,96,7,24,96,7,0
51,170,1,2,1,2,one_edit,0,44,3168,3520,3472,3512,3520,3608,3520,3608,0,0,44,12,0,32,12,0,32,0,0,44,0,0,44,0,0,44,0,0,44,0,0,44,0,0,44,12,48,4,12,48,4,0,24,96,7,24,96,7,0
51,170,1,4,1,2,one_edit,0,44,3168,3520,3472,3600,3520,3696,3520,3696,0,0,44,12,0,32,0,0,44,0,0,44,0,0,44,0,0,44,0,0,44,0,0,44,0,0,44,12,48,4,12,48,4,0,24,96,7,24,96,7,0
51,170,1,8,1,2,one_edit,0,44,3168,3520,3472,3776,3520,3872,3520,3872,0,0,44,0,0,44,0,0,44,0,0,44,0,0,44,0,0,44,0,0,44,0,0,44,0,0,44,12,48,4,12,48,4,0,24,96,7,24,96,7,0
51,170,1,0,1,2,far,0,121,9120,10088,9840,9674,10088,10010,10088,10010,6,0,115,71,50,0,70,51,0,6,0,115,6,115,0,6,115,0,6,0,115,6,115,0,6,115,0,53,248,10,53,248,10,0,65,336,7,65,336,7,0
51,170,1,2,1,2,far,0,121,9120,10088,9840,9916,10088,10252,10088,10252,6,0,115,53,0,68,48,0,73,6,0,115,6,0,115,6,0,115,6,0,115,6,0,115,6,0,115,53,248,10,53,248,10,0,65,336,7,65,336,7,0
51,170,1,4,1,2,far,0,121,9120,10088,9840,10158,10088,10494,10088,10494,6,0,115,52,1,68,0,0,121,6,0,115,6,0,115,6,0,115,6,0,115,6,0,115,6,0,115,53,248,10,53,248,10,0,65,336,7,65,336,7,0
51,170,1,8,1,2,far,0,121,9120,10088,9840,10642,10088,10978,10088,10978,0,0,121,6,0,115,0,0,121,0,0,121,6,0,115,6,0,115,0,0,121,6,0,115,6,0,115,53,248,10,53,248,10,0,65,336,7,65,336,7,0
51,170,1,0,1,2,far,1,55,7776,6592,6592,6520,6592,6592,6592,6592,55,0,0,24,31,0,24,31,0,55,0,0,0,55,0,0,55,0,55,0,0,0,55,0,0,55,0,0,0,0,0,0,0,0,24,72,5,24,72,5,0
51,170,1,2,1,2,far,1,55,7776,6592,6592,6630,6592,6702,6592,6702,55,0,0,12,0,43,12,0,43,55,0,0,0,0,55,0,0,55,55,0,0,0,0,55,0,0,55,0,0,0,0,0,0,0,24,72,5,24,72,5,0
51,170,1,4,1,2,far,1,55,7776,6592,6592,6740,6592,6812,6592,6812,55,0,0,12,0,43,12,0,43,55,0,0,0,0,55,0,0,55,55,0,0,0,0,55,0,0,55,0,0,0,0,0,0,0,24,72,5,24,72,5,0
51,170,1,8,1,2,far,1,55,7776,6592,6592,6960,6592,7032,6592,7032,55,0,0,0,0,55,0,0,55,55,0,0,0,0,55,0,0,55,55,0,0,0,0,55,0,0,55,0,0,0,0,0,0,0,24,72,5,24,72,5,0
51,170,1,0,1,2,one_edit,1,20,2976,2552,2528,2448,2552,2508,2552,2508,20,0,0,16,4,0,16,4,0,20,0,0,4,16,0,4,16,0,20,0,0,4,16,0,4,16,0,4,24,6,4,24,6,0,12,60,5,12,60,5,0
51,170,1,2,1,2,one_edit,1,20,2976,2552,2528,2488,2552,2548,2552,2548,20,0,0,16,0,4,16,0,4,20,0,0,4,0,16,4,0,16,20,0,0,4,0,16,4,0,16,4,24,6,4,24,6,0,12,60,5,12,60,5,0
51,170,1,4,1,2,one_edit,1,20,2976,2552,2528,2528,2552,2588,2552,2588,20,0,0,16,0,4,16,0,4,20,0,0,4,0,16,4,0,16,20,0,0,4,0,16,4,0,16,4,24,6,4,24,6,0,12,60,5,12,60,5,0
51,170,1,8,1,2,one_edit,1,20,2976,2552,2528,2608,2552,2668,2552,2668,20,0,0,4,0,16,0,0,20,20,0,0,4,0,16,4,0,16,20,0,0,4,0,16,4,0,16,4,24,6,4,24,6,0,12,60,5,12,60,5,0
51,170,1,0,1,2,unchanged,1,5,768,640,640,636,640,640,640,640,5,0,0,4,1,0,4,1,0,5,0,0,0,5,0,0,5,0,5,0,0,0,5,0,0,5,0,0,0,0,0,0,0,0,4,4,1,4,4,1,0
51,170,1,2,1,2,unchanged,1,5,768,640,640,646,640,650,640,650,5,0,0,0,0,5,0,0,5,5,0,0,0,0,5,0,0,5,5,0,0,0,0,5,0,0,5,0,0,0,0,0,0,0,4,4,1,4,4,1,0
51,170,1,4,1,2,unchanged,1,5,768,640,640,656,640,660,640,660,5,0,0,0,0,5,0,0,5,5,0,0,0,0,5,0,0,5,5,0,0,0,0,5,0,0,5,0,0,0,0,0,0,0,4,4,1,4,4,1,0
51,170,1,8,1,2,unchanged,1,5,768,640,640,676,640,680,640,680,5,0,0,0,0,5,0,0,5,5,0,0,0,0,5,0,0,5,5,0,0,0,0,5,0,0,5,0,0,0,0,0,0,0,4,4,1,4,4,1,0
51,170,1,0,1,4,unchanged,0,11,1024,1112,1016,998,1112,1112,1112,1112,6,0,5,6,5,0,6,5,0,0,0,11,0,11,0,0,11,0,0,0,11,0,11,0,0,11,0,6,96,16,6,96,16,0,6,114,19,6,114,19,0
51,170,1,2,1,4,unchanged,0,11,1024,1112,1016,1020,1112,1134,1112,1134,6,0,5,6,0,5,6,0,5,0,0,11,0,0,11,0,0,11,0,0,11,0,0,11,0,0,11,6,96,16,6,96,16,0,6,114,19,6,114,19,0
51,170,1,4,1,4,unchanged,0,11,1024,1112,1016,1042,1112,1156,1112,1156,6,0,5,6,0,5,0,0,11,0,0,11,0,0,11,0,0,11,0,0,11,0,0,11,0,0,11,6,96,16,6,96,16,0,6,114,19,6,114,19,0
51,170,1,8,1,4,unchanged,0,11,1024,1112,1016,1086,1112,1200,1112,1200,6,0,5,6,0,5,0,0,11,0,0,11,0,0,11,0,0,11,0,0,11,0,0,11,0,0,11,6,96,16,6,96,16,0,6,114,19,6,114,19,0
51,170,1,0,1,4,one_edit,0,44,4288,4640,4352,4268,4640,4640,4640,4640,12,0,32,36,8,0,36,8,0,0,0,44,0,44,0,0,44,0,0,0,44,0,44,0,0,44,0,36,288,16,36,288,16,0,36,372,19,36,372,19,0
51,170,1,2,1,4,one_edit,0,44,4288,4640,4352,4356,4640,4728,4640,4728,12,0,32,36,0,8,24,0,20,0,0,44,0,0,44,0,0,44,0,0,44,0,0,44,0,0,44,36,288,16,36,288,16,0,36,372,19,36,372,19,0
51,170,1,4,1,4,one_edit,0,44,4288,4640,4352,4444,4640,4816,4640,4816,12,0,32,36,0,8,0,0,44,0,0,44,0,0,44,0,0,44,0,0,44,0,0,44,0,0,44,36,288,16,36,288,16,0,36,372,19,36,372,19,0
51,170,1,8,1,4,one_edit,0,44,4288,4640,4352,4620,4640,4992,4640,4992,12,0,32,12,0,32,0,0,44,0,0,44,0,0,44,0,0,44,0,0,44,0,0,44,0,0,44,36,288,16,36,288,16,0,36,372,19,36,372,19,0
51,170,1,0,1,4,far,0,121,12608,13576,12432,12202,13576,13390,13576,13390,53,0,68,109,12,0,98,23,0,6,0,115,6,115,0,6,115,0,6,0,115,6,115,0,6,115,0,109,1144,28,109,1144,28,0,103,1188,19,103,1188,19,0
51,170,1,2,1,4,far,0,121,12608,13576,12432,12444,13576,13632,13576,13632,53,0,68,109,0,12,66,0,55,6,0,115,6,0,115,6,0,115,6,0,115,6,0,115,6,0,115,109,1144,28,109,1144,28,0,103,1188,19,103,1188,19,0
51,170,1,4,1,4,far,0,121,12608,13576,12432,12686,13576,13874,13576,13874,53,0,68,99,10,12,0,0,121,6,0,115,6,0,115,6,0,115,6,0,115,6,0,115,6,0,115,109,1144,28,109,1144,28,0,103,1188,19,103,1188,19,0
51,170,1,8,1,4,far,0,121,12608,13576,12432,13170,13576,14358,13576,14358,52,1,68,53,0,68,0,0,121,6,0,115,6,0,115,6,0,115,6,0,115,6,0,115,6,0,115,109,1144,28,109,1144,28,0,103,1188,19,103,1188,19,0
51,170,1,0,1,4,far,1,55,9920,8344,8248,8108,8344,8344,8344,8344,55,0,0,44,11,0,44,11,0,55,0,0,0,55,0,0,55,0,55,0,0,0,55,0,0,55,0,12,96,8,12,96,8,0,44,236,13,44,236,13,0
51,170,1,2,1,4,far,1,55,9920,8344,8248,8218,8344,8454,8344,8454,55,0,0,24,0,31,24,0,31,55,0,0,0,0,55,0,0,55,55,0,0,0,0,55,0,0,55,12,96,8,12,96,8,0,44,236,13,44,236,13,0
51,170,1,4,1,4,far,1,55,9920,8344,8248,8328,8344,8564,8344,8564,55,0,0,24,0,31,24,0,31,55,0,0,0,0,55,0,0,55,55,0,0,0,0,55,0,0,55,12,96,8,12,96,8,0,44,236,13,44,236,13,0
51,170,1,8,1,4,far,1,55,9920,8344,8248,8548,8344,8784,8344,8784,55,0,0,12,0,43,0,0,55,55,0,0,0,0,55,0,0,55,55,0,0,0,0,55,0,0,55,12,96,8,12,96,8,0,44,236,13,44,236,13,0
51,170,1,0,1,4,one_edit,1,20,3904,3344,3168,3088,3344,3244,3344,3244,20,0,0,16,4,0,16,4,0,20,0,0,4,16,0,4,16,0,20,0,0,4,16,0,4,16,0,16,176,20,16,176,20,0,12,156,13,12,156,13,0
51,170,1,2,1,4,one_edit,1,20,3904,3344,3168,3128,3344,3284,3344,3284,20,0,0,16,0,4,16,0,4,20,0,0,4,0,16,4,0,16,20,0,0,4,0,16,4,0,16,16,176,20,16,176,20,0,12,156,13,12,156,13,0
51,170,1,4,1,4,one_edit,1,20,3904,3344,3168,3168,3344,3324,3344,3324,20,0,0,16,0,4,16,0,4,20,0,0,4,0,16,4,0,16,20,0,0,4,0,16,4,0,16,16,176,20,16,176,20,0,12,156,13,12,156,13,0
51,170,1,8,1,4,one_edit,1,20,3904,3344,3168,3248,3344,3404,3344,3404,20,0,0,16,0,4,0,0,20,20,0,0,4,0,16,4,0,16,20,0,0,4,0,16,4,0,16,16,176,20,16,176,20,0,12,156,13,12,156,13,0
51,170,1,0,1,4,unchanged,1,5,1024,840,840,820,840,840,840,840,5,0,0,4,1,0,4,1,0,5,0,0,0,5,0,0,5,0,5,0,0,0,5,0,0,5,0,0,0,0,0,0,0,0,4,20,5,4,20,5,0
51,170,1,2,1,4,unchanged,1,5,1024,840,840,830,840,850,840,850,5,0,0,4,0,1,4,0,1,5,0,0,0,0,5,0,0,5,5,0,0,0,0,5,0,0,5,0,0,0,0,0,0,0,4,20,5,4,20,5,0
51,170,1,4,1,4,unchanged,1,5,1024,840,840,840,840,860,840,860,5,0,0,4,0,1,4,0,1,5,0,0,0,0,5,0,0,5,5,0,0,0,0,5,0,0,5,0,0,0,0,0,0,0,4,20,5,4,20,5,0
51,170,1,8,1,4,unchanged,1,5,1024,840,840,860,840,880,840,880,5,0,0,0,0,5,0,0,5,5,0,0,0,0,5,0,0,5,5,0,0,0,0,5,0,0,5,0,0,0,0,0,0,0,4,20,5,4,20,5,0
51,170,1,0,4,1,unchanged,0,11,1024,1112,1016,998,1016,998,1016,998,6,0,5,6,5,0,6,5,0,6,0,5,6,5,0,6,5,0,6,0,5,6,5,0,6,5,0,0,0,0,0,0,0,0,0,0,0,0,0,0,0
51,170,1,2,4,1,unchanged,0,11,1024,1112,1016,1020,1016,1020,1016,1020,6,0,5,6,0,5,6,0,5,6,0,5,6,0,5,6,0,5,6,0,5,6,0,5,6,0,5,0,0,0,0,0,0,0,0,0,0,0,0,0,0
51,170,1,4,4,1,unchanged,0,11,1024,1112,1016,1042,1016,1042,1016,1042,6,0,5,6,0,5,0,0,11,6,0,5,6,0,5,0,0,11,6,0,5,6,0,5,0,0,11,0,0,0,0,0,0,0,0,0,0,0,0,0,0
51,170,1,8,4,1,unchanged,0,11,1024,1112,1016,1086,1016,1086,1016,1086,6,0,5,6,0,5,0,0,11,6,0,5,6,0,5,0,0,11,6,0,5,6,0,5,0,0,11,0,0,0,0,0,0,0,0,0,0,0,0,0,0
51,170,1,0,4,1,one_edit,0,44,4288,4640,4352,4268,4352,4268,4352,4268,12,0,32,36,8,0,36,8,0,12,0,32,36,8,0,36,8,0,12,0,32,36,8,0,36,8,0,0,0,0,0,0,0,0,0,0,0,0,0,0,0
51,170,1,2,4,1,one_edit,0,44,4288,4640,4352,4356,4352,4356,4352,4356,12,0,32,36,0,8,24,0,20,12,0,32,36,0,8,24,0,20,12,0,32,36,0,8,24,0,20,0,0,0,0,0,0,0,0,0,0,0,0,0,0
51,170,1,4,4,1,one_edit,0,44,4288,4640,4352,4444,4352,4444,4352,4444,12,0,32,36,0,8,0,0,44,12,0,32,36,0,8,0,0,44,12,0,32,36,0,8,0,0,44,0,0,0,0,0,0,0,0,0,0,0,0,0,0
51,170,1,8,4,1,one_edit,0,44,4288,4640,4352,4620,4352,4620,4352,4620,12,0,32,12,0,32,0,0,44,12,0,32,12,0,32,0,0,44,12,0,32,12,0,32,0,0,44,0,0,0,0,0,0,0,0,0,0,0,0,0,0
51,170,1,0,4,1,far,0,121,12608,13576,12432,12202,12432,12202,12432,12202,53,0,68,109,12,0,98,23,0,53,0,68,109,12,0,98,23,0,53,0,68,109,12,0,98,23,0,0,0,0,0,0,0,0,0,0,0,0,0,0,0
51,170,1,2,4,1,far,0,121,12608,13576,12432,12444,12432,12444,12432,12444,53,0,68,109,0,12,66,0,55,53,0,68,109,0,12,66,0,55,53,0,68,109,0,12,66,0,55,0,0,0,0,0,0,0,0,0,0,0,0,0,0
51,170,1,4,4,1,far,0,121,12608,13576,12432,12686,12432,12686,12432,12686,53,0,68,99,10,12,0,0,121,53,0,68,99,10,12,0,0,121,53,0,68,99,10,12,0,0,121,0,0,0,0,0,0,0,0,0,0,0,0,0,0
51,170,1,8,4,1,far,0,121,12608,13576,12432,13170,12432,13170,12432,13170,52,1,68,53,0,68,0,0,121,52,1,68,53,0,68,0,0,121,52,1,68,53,0,68,0,0,121,0,0,0,0,0,0,0,0,0,0,0,0,0,0
51,170,1,0,4,1,far,1,55,9920,8344,8248,8108,8248,8108,8248,8108,55,0,0,44,11,0,44,11,0,55,0,0,44,11,0,44,11,0,55,0,0,44,11,0,44,11,0,0,0,0,0,0,0,0,0,0,0,0,0,0,0
51,170,1,2,4,1,far,1,55,9920,8344,8248,8218,8248,8218,8248,8218,55,0,0,24,0,31,24,0,31,55,0,0,24,0,31,24,0,31,55,0,0,24,0,31,24,0,31,0,0,0,0,0,0,0,0,0,0,0,0,0,0
51,170,1,4,4,1,far,1,55,9920,8344,8248,8328,8248,8328,8248,8328,55,0,0,24,0,31,24,0,31,55,0,0,24,0,31,24,0,31,55,0,0,24,0,31,24,0,31,0,0,0,0,0,0,0,0,0,0,0,0,0,0
51,170,1,8,4,1,far,1,55,9920,8344,8248,8548,8248,8548,8248,8548,55,0,0,12,0,43,0,0,55,55,0,0,12,0,43,0,0,55,55,0,0,12,0,43,0,0,55,0,0,0,0,0,0,0,0,0,0,0,0,0,0
51,170,1,0,4,1,one_edit,1,20,3904,3344,3168,3088,3168,3088,3168,3088,20,0,0,16,4,0,16,4,0,20,0,0,16,4,0,16,4,0,20,0,0,16,4,0,16,4,0,0,0,0,0,0,0,0,0,0,0,0,0,0,0
51,170,1,2,4,1,one_edit,1,20,3904,3344,3168,3128,3168,3128,3168,3128,20,0,0,16,0,4,16,0,4,20,0,0,16,0,4,16,0,4,20,0,0,16,0,4,16,0,4,0,0,0,0,0,0,0,0,0,0,0,0,0,0
51,170,1,4,4,1,one_edit,1,20,3904,3344,3168,3168,3168,3168,3168,3168,20,0,0,16,0,4,16,0,4,20,0,0,16,0,4,16,0,4,20,0,0,16,0,4,16,0,4,0,0,0,0,0,0,0,0,0,0,0,0,0,0
51,170,1,8,4,1,one_edit,1,20,3904,3344,3168,3248,3168,3248,3168,3248,20,0,0,16,0,4,0,0,20,20,0,0,16,0,4,0,0,20,20,0,0,16,0,4,0,0,20,0,0,0,0,0,0,0,0,0,0,0,0,0,0
51,170,1,0,4,1,unchanged,1,5,1024,840,840,820,840,820,840,820,5,0,0,4,1,0,4,1,0,5,0,0,4,1,0,4,1,0,5,0,0,4,1,0,4,1,0,0,0,0,0,0,0,0,0,0,0,0,0,0,0
51,170,1,2,4,1,unchanged,1,5,1024,840,840,830,840,830,840,830,5,0,0,4,0,1,4,0,1,5,0,0,4,0,1,4,0,1,5,0,0,4,0,1,4,0,1,0,0,0,0,0,0,0,0,0,0,0,0,0,0
51,170,1,4,4,1,unchanged,1,5,1024,840,840,840,840,840,840,840,5,0,0,4,0,1,4,0,1,5,0,0,4,0,1,4,0,1,5,0,0,4,0,1,4,0,1,0,0,0,0,0,0,0,0,0,0,0,0,0,0
51,170,1,8,4,1,unchanged,1,5,1024,840,840,860,840,860,840,860,5,0,0,0,0,5,0,0,5,5,0,0,0,0,5,0,0,5,5,0,0,0,0,5,0,0,5,0,0,0,0,0,0,0,0,0,0,0,0,0,0
51,170,1,0,4,2,unchanged,0,11,1536,1624,1384,1366,1384,1366,1384,1366,6,0,5,6,5,0,6,5,0,6,0,5,6,5,0,6,5,0,6,0,5,6,5,0,6,5,0,0,0,0,0,0,0,0,0,0,0,0,0,0,0
51,170,1,2,4,2,unchanged,0,11,1536,1624,1384,1388,1384,1388,1384,1388,6,0,5,6,0,5,6,0,5,6,0,5,6,0,5,6,0,5,6,0,5,6,0,5,6,0,5,0,0,0,0,0,0,0,0,0,0,0,0,0,0
51,170,1,4,4,2,unchanged,0,11,1536,1624,1384,1410,1384,1410,1384,1410,6,0,5,6,0,5,0,0,11,6,0,5,6,0,5,0,0,11,6,0,5,6,0,5,0,0,11,0,0,0,0,0,0,0,0,0,0,0,0,0,0
51,170,1,8,4,2,unchanged,0,11,1536,1624,1384,1454,1384,1454,1384,1454,6,0,5,6,0,5,0,0,11,6,0,5,6,0,5,0,0,11,6,0,5,6,0,5,0,0,11,0,0,0,0,0,0,0,0,0,0,0,0,0,0
51,170,1,0,4,2,one_edit,0,44,6528,6880,6016,5932,6016,5932,6016,5932,36,0,8,36,8,0,36,8,0,36,0,8,36,8,0,36,8,0,36,0,8,36,8,0,36,8,0,0,0,0,0,0,0,0,0,0,0,0,0,0,0
51,170,1,2,4,2,one_edit,0,44,6528,6880,6016,6020,6016,6020,6016,6020,36,0,8,36,0,8,24,0,20,36,0,8,36,0,8,24,0,20,36,0,8,36,0,8,24,0,20,0,0,0,0,0,0,0,0,0,0,0,0,0,0
51,170,1,4,4,2,one_edit,0,44,6528,6880,6016,6108,6016,6108,6016,6108,36,0,8,36,0,8,0,0,44,36,0,8,36,0,8,0,0,44,36,0,8,36,0,8,0,0,44,0,0,0,0,0,0,0,0,0,0,0,0,0,0
51,170,1,8,4,2,one_edit,0,44,6528,6880,6016,6284,6016,6284,6016,6284,36,0,8,36,0,8,0,0,44,36,0,8,36,0,8,0,0,44,36,0,8,36,0,8,0,0,44,0,0,0,0,0,0,0,0,0,0,0,0,0,0
51,170,1,0,4,2,far,0,121,19584,20552,17392,17162,17392,17162,17392,17162,109,0,12,109,12,0,98,23,0,109,0,12,109,12,0,98,23,0,109,0,12,109,12,0,98,23,0,0,0,0,0,0,0,0,0,0,0,0,0,0,0
51,170,1,2,4,2,far,0,121,19584,20552,17392,17404,17392,17404,17392,17404,109,0,12,109,0,12,66,0,55,109,0,12,109,0,12,66,0,55,109,0,12,109,0,12,66,0,55,0,0,0,0,0,0,0,0,0,0,0,0,0,0
51,170,1,4,4,2,far,0,121,19584,20552,17392,17646,17392,17646,17392,17646,109,0,12,109,0,12,0,0,121,109,0,12,109,0,12,0,0,121,109,0,12,109,0,12,0,0,121,0,0,0,0,0,0,0,0,0,0,0,0,0,0
51,170,1,8,4,2,far,0,121,19584,20552,17392,18130,17392,18130,17392,18130,99,10,12,109,0,12,0,0,121,99,10,12,109,0,12,0,0,121,99,10,12,109,0,12,0,0,121,0,0,0,0,0,0,0,0,0,0,0,0,0,0
51,170,1,0,4,2,far,1,55,14208,11848,11464,11244,11560,11244,11560,11244,55,0,0,44,11,0,44,11,0,55,0,0,44,11,0,44,11,0,55,0,0,44,11,0,44,11,0,12,96,8,12,96,8,0,0,0,0,0,0,0,0
51,170,1,2,4,2,far,1,55,14208,11848,11464,11354,11560,11354,11560,11354,55,0,0,44,0,11,44,0,11,55,0,0,44,0,11,44,0,11,55,0,0,44,0,11,44,0,11,12,96,8,12,96,8,0,0,0,0,0,0,0,0
51,170,1,4,4,2,far,1,55,14208,11848,11464,11464,11560,11464,11560,11464,55,0,0,44,0,11,44,0,11,55,0,0,44,0,11,44,0,11,55,0,0,44,0,11,44,0,11,12,96,8,12,96,8,0,0,0,0,0,0,0,0
51,170,1,8,4,2,far,1,55,14208,11848,11464,11684,11560,11684,11560,11684,55,0,0,24,0,31,0,0,55,55,0,0,24,0,31,12,0,43,55,0,0,24,0,31,12,0,43,12,96,8,12,96,8,0,0,0,0,0,0,0,0
51,170,1,0,4,2,one_edit,1,20,5760,4928,4448,4368,4448,4368,4448,4368,20,0,0,16,4,0,16,4,0,20,0,0,16,4,0,16,4,0,20,0,0,16,4,0,16,4,0,0,0,0,0,0,0,0,0,0,0,0,0,0,0
51,170,1,2,4,2,one_edit,1,20,5760,4928,4448,4408,4448,4408,4448,4408,20,0,0,16,0,4,16,0,4,20,0,0,16,0,4,16,0,4,20,0,0,16,0,4,16,0,4,0,0,0,0,0,0,0,0,0,0,0,0,0,0
51,170,1,4,4,2,one_edit,1,20,5760,4928,4448,4448,4448,4448,4448,4448,20,0,0,16,0,4,16,0,4,20,0,0,16,0,4,16,0,4,20,0,0,16,0,4,16,0,4,0,0,0,0,0,0,0,0,0,0,0,0,0,0
51,170,1,8,4,2,one_edit,1,20,5760,4928,4448,4528,4448,4528,4448,4528,20,0,0,16,0,4,0,0,20,20,0,0,16,0,4,0,0,20,20,0,0,16,0,4,0,0,20,0,0,0,0,0,0,0,0,0,0,0,0,0,0
51,170,1,0,4,2,unchanged,1,5,1536,1240,1208,1188,1240,1188,1240,1188,5,0,0,4,1,0,4,1,0,5,0,0,4,1,0,4,1,0,5,0,0,4,1,0,4,1,0,4,32,8,4,32,8,0,0,0,0,0,0,0,0
51,170,1,2,4,2,unchanged,1,5,1536,1240,1208,1198,1240,1198,1240,1198,5,0,0,4,0,1,4,0,1,5,0,0,4,0,1,4,0,1,5,0,0,4,0,1,4,0,1,4,32,8,4,32,8,0,0,0,0,0,0,0,0
51,170,1,4,4,2,unchanged,1,5,1536,1240,1208,1208,1240,1208,1240,1208,5,0,0,4,0,1,4,0,1,5,0,0,4,0,1,4,0,1,5,0,0,4,0,1,4,0,1,4,32,8,4,32,8,0,0,0,0,0,0,0,0
51,170,1,8,4,2,unchanged,1,5,1536,1240,1208,1228,1240,1228,1240,1228,5,0,0,4,0,1,0,0,5,5,0,0,4,0,1,4,0,1,5,0,0,4,0,1,4,0,1,4,32,8,4,32,8,0,0,0,0,0,0,0,0
51,170,1,0,4,4,unchanged,0,11,2560,2648,2120,2102,2120,2102,2120,2102,6,0,5,6,5,0,6,5,0,6,0,5,6,5,0,6,5,0,6,0,5,6,5,0,6,5,0,0,0,0,0,0,0,0,0,0,0,0,0,0,0
51,170,1,2,4,4,unchanged,0,11,2560,2648,2120,2124,2120,2124,2120,2124,6,0,5,6,0,5,6,0,5,6,0,5,6,0,5,6,0,5,6,0,5,6,0,5,6,0,5,0,0,0,0,0,0,0,0,0,0,0,0,0,0
51,170,1,4,4,4,unchanged,0,11,2560,2648,2120,2146,2120,2146,2120,2146,6,0,5,6,0,5,0,0,11,6,0,5,6,0,5,0,0,11,6,0,5,6,0,5,0,0,11,0,0,0,0,0,0,0,0,0,0,0,0,0,0
51,170,1,8,4,4,unchanged,0,11,2560,2648,2120,2190,2120,2190,2120,2190,6,0,5,6,0,5,0,0,11,6,0,5,6,0,5,0,0,11,6,0,5,6,0,5,0,0,11,0,0,0,0,0,0,0,0,0,0,0,0,0,0
51,170,1,0,4,4,one_edit,0,44,11008,11360,9344,9260,9344,9260,9344,9260,36,0,8,36,8,0,36,8,0,36,0,8,36,8,0,36,8,0,36,0,8,36,8,0,36,8,0,0,0,0,0,0,0,0,0,0,0,0,0,0,0
51,170,1,2,4,4,one_edit,0,44,11008,11360,9344,9348,9344,9348,9344,9348,36,0,8,36,0,8,24,0,20,36,0,8,36,0,8,24,0,20,36,0,8,36,0,8,24,0,20,0,0,0,0,0,0,0,0,0,0,0,0,0,0
51,170,1,4,4,4,one_edit,0,44,11008,11360,9344,9436,9344,9436,9344,9436,36,0,8,36,0,8,0,0,44,36,0,8,36,0,8,0,0,44,36,0,8,36,0,8,0,0,44,0,0,0,0,0,0,0,0,0,0,0,0,0,0
51,170,1,8,4,4,one_edit,0,44,11008,11360,9344,9612,9344,9612,9344,9612,36,0,8,36,0,8,0,0,44,36,0,8,36,0,8,0,0,44,36,0,8,36,0,8,0,0,44,0,0,0,0,0,0,0,0,0,0,0,0,0,0
51,170,1,0,4,4,far,0,121,33536,34504,27312,27082,27312,27082,27312,27082,109,0,12,109,12,0,98,23,0,109,0,12,109,12,0,98,23,0,109,0,12,109,12,0,98,23,0,0,0,0,0,0,0,0,0,0,0,0,0,0,0
51,170,1,2,4,4,far,0,121,33536,34504,27312,27324,27312,27324,27312,27324,109,0,12,109,0,12,66,0,55,109,0,12,109,0,12,66,0,55,109,0,12,109,0,12,66,0,55,0,0,0,0,0,0,0,0,0,0,0,0,0,0
51,170,1,4,4,4,far,0,121,33536,34504,27312,27566,27312,27566,27312,27566,109,0,12,109,0,12,0,0,121,109,0,12,109,0,12,0,0,121,109,0,12,109,0,12,0,0,121,0,0,0,0,0,0,0,0,0,0,0,0,0,0
51,170,1,8,4,4,far,0,121,33536,34504,27312,28050,27312,28050,27312,28050,109,0,12,109,0,12,0,0,121,109,0,12,109,0,12,0,0,121,109,0,12,109,0,12,0,0,121,0,0,0,0,0,0,0,0,0,0,0,0,0,0
51,170,1,0,4,4,far,1,55,22784,18856,17736,17516,18184,17516,18184,17516,55,0,0,44,11,0,44,11,0,55,0,0,44,11,0,44,11,0,55,0,0,44,11,0,44,11,0,32,448,24,32,448,24,0,0,0,0,0,0,0,0
51,170,1,2,4,4,far,1,55,22784,18856,17736,17626,18184,17626,18184,17626,55,0,0,44,0,11,44,0,11,55,0,0,44,0,11,44,0,11,55,0,0,44,0,11,44,0,11,32,448,24,32,448,24,0,0,0,0,0,0,0,0
51,170,1,4,4,4,far,1,55,22784,18856,17736,17736,18184,17736,18184,17736,55,0,0,44,0,11,44,0,11,55,0,0,44,0,11,44,0,11,55,0,0,44,0,11,44,0,11,32,448,24,32,448,24,0,0,0,0,0,0,0,0
51,170,1,8,4,4,far,1,55,22784,18856,17736,17956,18184,17956,18184,17956,55,0,0,44,0,11,0,0,55,55,0,0,44,0,11,32,0,23,55,0,0,44,0,11,32,0,23,32,448,24,32,448,24,0,0,0,0,0,0,0,0
51,170,1,0,4,4,one_edit,1,20,9472,8096,7008,6928,7008,6928,7008,6928,20,0,0,16,4,0,16,4,0,20,0,0,16,4,0,16,4,0,20,0,0,16,4,0,16,4,0,0,0,0,0,0,0,0,0,0,0,0,0,0,0
51,170,1,2,4,4,one_edit,1,20,9472,8096,7008,6968,7008,6968,7008,6968,20,0,0,16,0,4,16,0,4,20,0,0,16,0,4,16,0,4,20,0,0,16,0,4,16,0,4,0,0,0,0,0,0,0,0,0,0,0,0,0,0
51,170,1,4,4,4,one_edit,1,20,9472,8096,7008,7008,7008,7008,7008,7008,20,0,0,16,0,4,16,0,4,20,0,0,16,0,4,16,0,4,20,0,0,16,0,4,16,0,4,0,0,0,0,0,0,0,0,0,0,0,0,0,0
51,170,1,8,4,4,one_edit,1,20,9472,8096,7008,7088,7008,7088,7008,7088,20,0,0,16,0,4,0,0,20,20,0,0,16,0,4,0,0,20,20,0,0,16,0,4,0,0,20,0,0,0,0,0,0,0,0,0,0,0,0,0,0
51,170,1,0,4,4,unchanged,1,5,2560,2040,1944,1924,2040,1924,2040,1924,5,0,0,4,1,0,4,1,0,5,0,0,4,1,0,4,1,0,5,0,0,4,1,0,4,1,0,4,96,24,4,96,24,0,0,0,0,0,0,0,0
51,170,1,2,4,4,unchanged,1,5,2560,2040,1944,1934,2040,1934,2040,1934,5,0,0,4,0,1,4,0,1,5,0,0,4,0,1,4,0,1,5,0,0,4,0,1,4,0,1,4,96,24,4,96,24,0,0,0,0,0,0,0,0
51,170,1,4,4,4,unchanged,1,5,2560,2040,1944,1944,2040,1944,2040,1944,5,0,0,4,0,1,4,0,1,5,0,0,4,0,1,4,0,1,5,0,0,4,0,1,4,0,1,4,96,24,4,96,24,0,0,0,0,0,0,0,0
51,170,1,8,4,4,unchanged,1,5,2560,2040,1944,1964,2040,1964,2040,1964,5,0,0,4,0,1,0,0,5,5,0,0,4,0,1,4,0,1,5,0,0,4,0,1,4,0,1,4,96,24,4,96,24,0,0,0,0,0,0,0,0
51,170,1,0,16,1,unchanged,0,11,2560,2648,2120,2102,2120,2102,2120,2102,6,0,5,6,5,0,6,5,0,6,0,5,6,5,0,6,5,0,6,0,5,6,5,0,6,5,0,0,0,0,0,0,0,0,0,0,0,0,0,0,0
51,170,1,2,16,1,unchanged,0,11,2560,2648,2120,2124,2120,2124,2120,2124,6,0,5,6,0,5,6,0,5,6,0,5,6,0,5,6,0,5,6,0,5,6,0,5,6,0,5,0,0,0,0,0,0,0,0,0,0,0,0,0,0
51,170,1,4,16,1,unchanged,0,11,2560,2648,2120,2146,2120,2146,2120,2146,6,0,5,6,0,5,0,0,11,6,0,5,6,0,5,0,0,11,6,0,5,6,0,5,0,0,11,0,0,0,0,0,0,0,0,0,0,0,0,0,0
51,170,1,8,16,1,unchanged,0,11,2560,2648,2120,2190,2120,2190,2120,2190,6,0,5,6,0,5,0,0,11,6,0,5,6,0,5,0,0,11,6,0,5,6,0,5,0,0,11,0,0,0,0,0,0,0,0,0,0,0,0,0,0
51,170,1,0,16,1,one_edit,0,44,11008,11360,9344,9260,9344,9260,9344,9260,36,0,8,36,8,0,36,8,0,36,0,8,36,8,0,36,8,0,36,0,8,36,8,0,36,8,0,0,0,0,0,0,0,0,0,0,0,0,0,0,0
51,170,1,2,16,1,one_edit,0,44,11008,11360,9344,9348,9344,9348,9344,9348,36,0,8,36,0,8,24,0,20,36,0,8,36,0,8,24,0,20,36,0,8,36,0,8,24,0,20,0,0,0,0,0,0,0,0,0,0,0,0,0,0
51,170,1,4,16,1,one_edit,0,44,11008,11360,9344,9436,9344,9436,9344,9436,36,0,8,36,0,8,0,0,44,36,0,8,36,0,8,0,0,44,36,0,8,36,0,8,0,0,44,0,0,0,0,0,0,0,0,0,0,0,0,0,0
51,170,1,8,16,1,one_edit,0,44,11008,11360,9344,9612,9344,9612,9344,9612,36,0,8,36,0,8,0,0,44,36,0,8,36,0,8,0,0,44,36,0,8,36,0,8,0,0,44,0,0,0,0,0,0,0,0,0,0,0,0,0,0
51,170,1,0,16,1,far,0,121,33536,34504,27312,27082,27312,27082,27312,27082,109,0,12,109,12,0,98,23,0,109,0,12,109,12,0,98,23,0,109,0,12,109,12,0,98,23,0,0,0,0,0,0,0,0,0,0,0,0,0,0,0
51,170,1,2,16,1,far,0,121,33536,34504,27312,27324,27312,27324,27312,27324,109,0,12,109,0,12,66,0,55,109,0,12,109,0,12,66,0,55,109,0,12,109,0,12,66,0,55,0,0,0,0,0,0,0,0,0,0,0,0,0,0
51,170,1,4,16,1,far,0,121,33536,34504,27312,27566,27312,27566,27312,27566,109,0,12,109,0,12,0,0,121,109,0,12,109,0,12,0,0,121,109,0,12,109,0,12,0,0,121,0,0,0,0,0,0,0,0,0,0,0,0,0,0
51,170,1,8,16,1,far,0,121,33536,34504,27312,28050,27312,28050,27312,28050,109,0,12,109,0,12,0,0,121,109,0,12,109,0,12,0,0,121,109,0,12,109,0,12,0,0,121,0,0,0,0,0,0,0,0,0,0,0,0,0,0
51,170,1,0,16,1,far,1,55,22784,18856,17736,17516,17736,17516,17736,17516,55,0,0,44,11,0,44,11,0,55,0,0,44,11,0,44,11,0,55,0,0,44,11,0,44,11,0,0,0,0,0,0,0,0,0,0,0,0,0,0,0
51,170,1,2,16,1,far,1,55,22784,18856,17736,17626,17736,17626,17736,17626,55,0,0,44,0,11,44,0,11,55,0,0,44,0,11,44,0,11,55,0,0,44,0,11,44,0,11,0,0,0,0,0,0,0,0,0,0,0,0,0,0
51,170,1,4,16,1,far,1,55,22784,18856,17736,17736,17736,17736,17736,17736,55,0,0,44,0,11,44,0,11,55,0,0,44,0,11,44,0,11,55,0,0,44,0,11,44,0,11,0,0,0,0,0,0,0,0,0,0,0,0,0,0
51,170,1,8,16,1,far,1,55,22784,18856,17736,17956,17736,17956,17736,17956,55,0,0,44,0,11,0,0,55,55,0,0,44,0,11,0,0,55,55,0,0,44,0,11,0,0,55,0,0,0,0,0,0,0,0,0,0,0,0,0,0
51,170,1,0,16,1,one_edit,1,20,9472,8096,7008,6928,7008,6928,7008,6928,20,0,0,16,4,0,16,4,0,20,0,0,16,4,0,16,4,0,20,0,0,16,4,0,16,4,0,0,0,0,0,0,0,0,0,0,0,0,0,0,0
51,170,1,2,16,1,one_edit,1,20,9472,8096,7008,6968,7008,6968,7008,6968,20,0,0,16,0,4,16,0,4,20,0,0,16,0,4,16,0,4,20,0,0,16,0,4,16,0,4,0,0,0,0,0,0,0,0,0,0,0,0,0,0
51,170,1,4,16,1,one_edit,1,20,9472,8096,7008,7008,7008,7008,7008,7008,20,0,0,16,0,4,16,0,4,20,0,0,16,0,4,16,0,4,20,0,0,16,0,4,16,0,4,0,0,0,0,0,0,0,0,0,0,0,0,0,0
51,170,1,8,16,1,one_edit,1,20,9472,8096,7008,7088,7008,7088,7008,7088,20,0,0,16,0,4,0,0,20,20,0,0,16,0,4,0,0,20,20,0,0,16,0,4,0,0,20,0,0,0,0,0,0,0,0,0,0,0,0,0,0
51,170,1,0,16,1,unchanged,1,5,2560,2040,1944,1924,1944,1924,1944,1924,5,0,0,4,1,0,4,1,0,5,0,0,4,1,0,4,1,0,5,0,0,4,1,0,4,1,0,0,0,0,0,0,0,0,0,0,0,0,0,0,0
51,170,1,2,16,1,unchanged,1,5,2560,2040,1944,1934,1944,1934,1944,1934,5,0,0,4,0,1,4,0,1,5,0,0,4,0,1,4,0,1,5,0,0,4,0,1,4,0,1,0,0,0,0,0,0,0,0,0,0,0,0,0,0
51,170,1,4,16,1,unchanged,1,5,2560,2040,1944,1944,1944,1944,1944,1944,5,0,0,4,0,1,4,0,1,5,0,0,4,0,1,4,0,1,5,0,0,4,0,1,4,0,1,0,0,0,0,0,0,0,0,0,0,0,0,0,0
51,170,1,8,16,1,unchanged,1,5,2560,2040,1944,1964,1944,1964,1944,1964,5,0,0,4,0,1,0,0,5,5,0,0,4,0,1,0,0,5,5,0,0,4,0,1,0,0,5,0,0,0,0,0,0,0,0,0,0,0,0,0,0
51,170,1,0,16,2,unchanged,0,11,4608,4696,3592,3574,3592,3574,3592,3574,6,0,5,6,5,0,6,5,0,6,0,5,6,5,0,6,5,0,6,0,5,6,5,0,6,5,0,0,0,0,0,0,0,0,0,0,0,0,0,0,0
51,170,1,2,16,2,unchanged,0,11,4608,4696,3592,3596,3592,3596,3592,3596,6,0,5,6,0,5,6,0,5,6,0,5,6,0,5,6,0,5,6,0,5,6,0,5,6,0,5,0,0,0,0,0,0,0,0,0,0,0,0,0,0
51,170,1,4,16,2,unchanged,0,11,4608,4696,3592,3618,3592,3618,3592,3618,6,0,5,6,0,5,0,0,11,6,0,5,6,0,5,0,0,11,6,0,5,6,0,5,0,0,11,0,0,0,0,0,0,0,0,0,0,0,0,0,0
51,170,1,8,16,2,unchanged,0,11,4608,4696,3592,3662,3592,3662,3592,3662,6,0,5,6,0,5,0,0,11,6,0,5,6,0,5,0,0,11,6,0,5,6,0,5,0,0,11,0,0,0,0,0,0,0,0,0,0,0,0,0,0
51,170,1,0,16,2,one_edit,0,44,19968,20320,16000,15916,16000,15916,16000,15916,36,0,8,36,8,0,36,8,0,36,0,8,36,8,0,36,8,0,36,0,8,36,8,0,36,8,0,0,0,0,0,0,0,0,0,0,0,0,0,0,0
51,170,1,2,16,2,one_edit,0,44,19968,20320,16000,16004,16000,16004,16000,16004,36,0,8,36,0,8,24,0,20,36,0,8,36,0,8,24,0,20,36,0,8,36,0,8,24,0,20,0,0,0,0,0,0,0,0,0,0,0,0,0,0
51,170,1,4,16,2,one_edit,0,44,19968,20320,16000,16092,16000,16092,16000,16092,36,0,8,36,0,8,0,0,44,36,0,8,36,0,8,0,0,44,36,0,8,36,0,8,0,0,44,0,0,0,0,0,0,0,0,0,0,0,0,0,0
51,170,1,8,16,2,one_edit,0,44,19968,20320,16000,16268,16000,16268,16000,16268,36,0,8,36,0,8,0,0,44,36,0,8,36,0,8,0,0,44,36,0,8,36,0,8,0,0,44,0,0,0,0,0,0,0,0,0,0,0,0,0,0
51,170,1,0,16,2,far,0,121,61440,62408,47152,46922,47152,46922,47152,46922,109,0,12,109,12,0,98,23,0,109,0,12,109,12,0,98,23,0,109,0,12,109,12,0,98,23,0,0,0,0,0,0,0,0,0,0,0,0,0,0,0
51,170,1,2,16,2,far,0,121,61440,62408,47152,47164,47152,47164,47152,47164,109,0,12,109,0,12,66,0,55,109,0,12,109,0,12,66,0,55,109,0,12,109,0,12,66,0,55,0,0,0,0,0,0,0,0,0,0,0,0,0,0
51,170,1,4,16,2,far,0,121,61440,62408,47152,47406,47152,47406,47152,47406,109,0,12,109,0,12,0,0,121,109,0,12,109,0,12,0,0,121,109,0,12,109,0,12,0,0,121,0,0,0,0,0,0,0,0,0,0,0,0,0,0
51,170,1,8,16,2,far,0,121,61440,62408,47152,47890,47152,47890,47152,47890,109,0,12,109,0,12,0,0,121,109,0,12,109,0,12,0,0,121,109,0,12,109,0,12,0,0,121,0,0,0,0,0,0,0,0,0,0,0,0,0,0
51,170,1,0,16,2,far,1,55,39936,32872,30280,30060,30280,30060,30280,30060,55,0,0,44,11,0,44,11,0,55,0,0,44,11,0,44,11,0,55,0,0,44,11,0,44,11,0,0,0,0,0,0,0,0,0,0,0,0,0,0,0
51,170,1,2,16,2,far,1,55,39936,32872,30280,30170,30280,30170,30280,30170,55,0,0,44,0,11,44,0,11,55,0,0,44,0,11,44,0,11,55,0,0,44,0,11,44,0,11,0,0,0,0,0,0,0,0,0,0,0,0,0,0
51,170,1,4,16,2,far,1,55,39936,32872,30280,30280,30280,30280,30280,30280,55,0,0,44,0,11,44,0,11,55,0,0,44,0,11,44,0,11,55,0,0,44,0,11,44,0,11,0,0,0,0,0,0,0,0,0,0,0,0,0,0
51,170,1,8,16,2,far,1,55,39936,32872,30280,30500,30280,30500,30280,30500,55,0,0,44,0,11,0,0,55,55,0,0,44,0,11,0,0,55,55,0,0,44,0,11,0,0,55,0,0,0,0,0,0,0,0,0,0,0,0,0,0
51,170,1,0,16,2,one_edit,1,20,16896,14432,12128,12048,12128,12048,12128,12048,20,0,0,16,4,0,16,4,0,20,0,0,16,4,0,16,4,0,20,0,0,16,4,0,16,4,0,0,0,0,0,0,0,0,0,0,0,0,0,0,0
51,170,1,2,16,2,one_edit,1,20,16896,14432,12128,12088,12128,12088,12128,12088,20,0,0,16,0,4,16,0,4,20,0,0,16,0,4,16,0,4,20,0,0,16,0,4,16,0,4,0,0,0,0,0,0,0,0,0,0,0,0,0,0
51,170,1,4,16,2,one_edit,1,20,16896,14432,12128,12128,12128,12128,12128,12128,20,0,0,16,0,4,16,0,4,20,0,0,16,0,4,16,0,4,20,0,0,16,0,4,16,0,4,0,0,0,0,0,0,0,0,0,0,0,0,0,0
51,170,1,8,16,2,one_edit,1,20,16896,14432,12128,12208,12128,12208,12128,12208,20,0,0,16,0,4,0,0,20,20,0,0,16,0,4,0,0,20,20,0,0,16,0,4,0,0,20,0,0,0,0,0,0,0,0,0,0,0,0,0,0
51,170,1,0,16,2,unchanged,1,5,4608,3640,3416,3396,3416,3396,3416,3396,5,0,0,4,1,0,4,1,0,5,0,0,4,1,0,4,1,0,5,0,0,4,1,0,4,1,0,0,0,0,0,0,0,0,0,0,0,0,0,0,0
51,170,1,2,16,2,unchanged,1,5,4608,3640,3416,3406,3416,3406,3416,3406,5,0,0,4,0,1,4,0,1,5,0,0,4,0,1,4,0,1,5,0,0,4,0,1,4,0,1,0,0,0,0,0,0,0,0,0,0,0,0,0,0
51,170,1,4,16,2,unchanged,1,5,4608,3640,3416,3416,3416,3416,3416,3416,5,0,0,4,0,1,4,0,1,5,0,0,4,0,1,4,0,1,5,0,0,4,0,1,4,0,1,0,0,0,0,0,0,0,0,0,0,0,0,0,0
51,170,1,8,16,2,unchanged,1,5,4608,3640,3416,3436,3416,3436,3416,3436,5,0,0,4,0,1,0,0,5,5,0,0,4,0,1,0,0,5,5,0,0,4,0,1,0,0,5,0,0,0,0,0,0,0,0,0,0,0,0,0,0
51,170,1,0,16,4,unchanged,0,11,8704,8792,6536,6518,6536,6518,6536,6518,6,0,5,6,5,0,6,5,0,6,0,5,6,5,0,6,5,0,6,0,5,6,5,0,6,5,0,0,0,0,0,0,0,0,0,0,0,0,0,0,0
51,170,1,2,16,4,unchanged,0,11,8704,8792,6536,6540,6536,6540,6536,6540,6,0,5,6,0,5,6,0,5,6,0,5,6,0,5,6,0,5,6,0,5,6,0,5,6,0,5,0,0,0,0,0,0,0,0,0,0,0,0,0,0
51,170,1,4,16,4,unchanged,0,11,8704,8792,6536,6562,6536,6562,6536,6562,6,0,5,6,0,5,0,0,11,6,0,5,6,0,5,0,0,11,6,0,5,6,0,5,0,0,11,0,0,0,0,0,0,0,0,0,0,0,0,0,0
51,170,1,8,16,4,unchanged,0,11,8704,8792,6536,6606,6536,6606,6536,6606,6,0,5,6,0,5,0,0,11,6,0,5,6,0,5,0,0,11,6,0,5,6,0,5,0,0,11,0,0,0,0,0,0,0,0,0,0,0,0,0,0
51,170,1,0,16,4,one_edit,0,44,37888,38240,29312,29228,29312,29228,29312,29228,36,0,8,36,8,0,36,8,0,36,0,8,36,8,0,36,8,0,36,0,8,36,8,0,36,8,0,0,0,0,0,0,0,0,0,0,0,0,0,0,0
51,170,1,2,16,4,one_edit,0,44,37888,38240,29312,29316,29312,29316,29312,29316,36,0,8,36,0,8,24,0,20,36,0,8,36,0,8,24,0,20,36,0,8,36,0,8,24,0,20,0,0,0,0,0,0,0,0,0,0,0,0,0,0
51,170,1,4,16,4,one_edit,0,44,37888,38240,29312,29404,29312,29404,29312,29404,36,0,8,36,0,8,0,0,44,36,0,8,36,0,8,0,0,44,36,0,8,36,0,8,0,0,44,0,0,0,0,0,0,0,0,0,0,0,0,0,0
51,170,1,8,16,4,one_edit,0,44,37888,38240,29312,29580,29312,29580,29312,29580,36,0,8,36,0,8,0,0,44,36,0,8,36,0,8,0,0,44,36,0,8,36,0,8,0,0,44,0,0,0,0,0,0,0,0,0,0,0,0,0,0
51,170,1,0,16,4,far,0,121,117248,118216,86832,86602,86832,86602,86832,86602,109,0,12,109,12,0,98,23,0,109,0,12,109,12,0,98,23,0,109,0,12,109,12,0,98,23,0,0,0,0,0,0,0,0,0,0,0,0,0,0,0
51,170,1,2,16,4,far,0,121,117248,118216,86832,86844,86832,86844,86832,86844,109,0,12,109,0,12,66,0,55,109,0,12,109,0,12,66,0,55,109,0,12,109,0,12,66,0,55,0,0,0,0,0,0,0,0,0,0,0,0,0,0
51,170,1,4,16,4,far,0,121,117248,118216,86832,87086,86832,87086,86832,87086,109,0,12,109,0,12,0,0,121,109,0,12,109,0,12,0,0,121,109,0,12,109,0,12,0,0,121,0,0,0,0,0,0,0,0,0,0,0,0,0,0
51,170,1,8,16,4,far,0,121,117248,118216,86832,87570,86832,87570,86832,87570,109,0,12,109,0,12,0,0,121,109,0,12,109,0,12,0,0,121,109,0,12,109,0,12,0,0,121,0,0,0,0,0,0,0,0,0,0,0,0,0,0
51,170,1,0,16,4,far,1,55,74240,60904,55368,55148,55368,55148,55368,55148,55,0,0,44,11,0,44,11,0,55,0,0,44,11,0,44,11,0,55,0,0,44,11,0,44,11,0,0,0,0,0,0,0,0,0,0,0,0,0,0,0
51,170,1,2,16,4,far,1,55,74240,60904,55368,55258,55368,55258,55368,55258,55,0,0,44,0,11,44,0,11,55,0,0,44,0,11,44,0,11,55,0,0,44,0,11,44,0,11,0,0,0,0,0,0,0,0,0,0,0,0,0,0
51,170,1,4,16,4,far,1,55,74240,60904,55368,55368,55368,55368,55368,55368,55,0,0,44,0,11,44,0,11,55,0,0,44,0,11,44,0,11,55,0,0,44,0,11,44,0,11,0,0,0,0,0,0,0,0,0,0,0,0,0,0
51,170,1,8,16,4,far,1,55,74240,60904,55368,55588,55368,55588,55368,55588,55,0,0,44,0,11,0,0,55,55,0,0,44,0,11,0,0,55,55,0,0,44,0,11,0,0,55,0,0,0,0,0,0,0,0,0,0,0,0,0,0
51,170,1,0,16,4,one_edit,1,20,31744,27104,22368,22288,22368,22288,22368,22288,20,0,0,16,4,0,16,4,0,20,0,0,16,4,0,16,4,0,20,0,0,16,4,0,16,4,0,0,0,0,0,0,0,0,0,0,0,0,0,0,0
51,170,1,2,16,4,one_edit,1,20,31744,27104,22368,22328,22368,22328,22368,22328,20,0,0,16,0,4,16,0,4,20,0,0,16,0,4,16,0,4,20,0,0,16,0,4,16,0,4,0,0,0,0,0,0,0,0,0,0,0,0,0,0
51,170,1,4,16,4,one_edit,1,20,31744,27104,22368,22368,22368,22368,22368,22368,20,0,0,16,0,4,16,0,4,20,0,0,16,0,4,16,0,4,20,0,0,16,0,4,16,0,4,0,0,0,0,0,0,0,0,0,0,0,0,0,0
51,170,1,8,16,4,one_edit,1,20,31744,27104,22368,22448,22368,22448,22368,22448,20,0,0,16,0,4,0,0,20,20,0,0,16,0,4,0,0,20,20,0,0,16,0,4,0,0,20,0,0,0,0,0,0,0,0,0,0,0,0,0,0
51,170,1,0,16,4,unchanged,1,5,8704,6840,6360,6340,6360,6340,6360,6340,5,0,0,4,1,0,4,1,0,5,0,0,4,1,0,4,1,0,5,0,0,4,1,0,4,1,0,0,0,0,0,0,0,0,0,0,0,0,0,0,0
51,170,1,2,16,4,unchanged,1,5,8704,6840,6360,6350,6360,6350,6360,6350,5,0,0,4,0,1,4,0,1,5,0,0,4,0,1,4,0,1,5,0,0,4,0,1,4,0,1,0,0,0,0,0,0,0,0,0,0,0,0,0,0
51,170,1,4,16,4,unchanged,1,5,8704,6840,6360,6360,6360,6360,6360,6360,5,0,0,4,0,1,4,0,1,5,0,0,4,0,1,4,0,1,5,0,0,4,0,1,4,0,1,0,0,0,0,0,0,0,0,0,0,0,0,0,0
51,170,1,8,16,4,unchanged,1,5,8704,6840,6360,6380,6360,6380,6360,6380,5,0,0,4,0,1,0,0,5,5,0,0,4,0,1,0,0,5,5,0,0,4,0,1,0,0,5,0,0,0,0,0,0,0,0,0,0,0,0,0,0
51,170,2,0,1,1,unchanged,0,11,960,1048,1024,1006,1048,1006,1048,1006,0,0,11,6,5,0,6,5,0,0,0,11,6,5,0,6,5,0,0,0,11,6,5,0,6,5,0,6,24,4,6,24,4,0,0,0,0,0,0,0,0
51,170,2,2,1,1,unchanged,0,11,960,1048,1024,1028,1048,1028,1048,1028,0,0,11,6,0,5,6,0,5,0,0,11,6,0,5,6,0,5,0,0,11,6,0,5,6,0,5,6,24,4,6,24,4,0,0,0,0,0,0,0,0
51,170,2,4,1,1,unchanged,0,11,960,1048,1024,1050,1048,1050,1048,1050,0,0,11,6,0,5,0,0,11,0,0,11,6,0,5,6,0,5,0,0,11,6,0,5,6,0,5,6,24,4,6,24,4,0,0,0,0,0,0,0,0
51,170,2,8,1,1,unchanged,0,11,960,1048,1024,1094,1048,1094,1048,1094,0,0,11,0,0,11,0,0,11,0,0,11,0,0,11,0,0,11,0,0,11,0,0,11,0,0,11,6,24,4,6,24,4,0,0,0,0,0,0,0,0
51,170,2,0,1,1,one_edit,0,44,3912,4264,4216,4168,4264,4180,4264,4180,0,0,44,24,20,0,24,20,0,0,0,44,24,20,0,24,20,0,0,0,44,24,20,0,24,20,0,12,48,4,12,48,4,0,12,12,1,12,12,1,0
51,170,2,2,1,1,one_edit,0,44,3912,4264,4216,4256,4264,4268,4264,4268,0,0,44,12,0,32,12,0,32,0,0,44,12,0,32,12,0,32,0,0,44,12,0,32,12,0,32,12,48,4,12,48,4,0,12,12,1,12,12,1,0
51,170,2,4,1,1,one_edit,0,44,3912,4264,4216,4344,4264,4356,4264,4356,0,0,44,12,0,32,0,0,44,0,0,44,12,0,32,12,0,32,0,0,44,12,0,32,12,0,32,12,48,4,12,48,4,0,12,12,1,12,12,1,0
51,170,2,8,1,1,one_edit,0,44,3912,4264,4216,4520,4264,4532,4264,4532,0,0,44,0,0,44,0,0,44,0,0,44,0,0,44,0,0,44,0,0,44,0,0,44,0,0,44,12,48,4,12,48,4,0,12,12,1,12,12,1,0
51,170,2,0,1,1,far,0,121,11064,12032,11784,11602,11952,11614,11952,11614,6,0,115,87,34,0,86,35,0,6,0,115,87,34,0,86,35,0,6,0,115,87,34,0,86,35,0,42,168,4,42,168,4,0,12,12,1,12,12,1,0
51,170,2,2,1,1,far,0,121,11064,12032,11784,11844,11952,11856,11952,11856,6,0,115,53,0,68,48,0,73,6,0,115,53,0,68,48,0,73,6,0,115,53,0,68,48,0,73,42,168,4,42,168,4,0,12,12,1,12,12,1,0
51,170,2,4,1,1,far,0,121,11064,12032,11784,12086,11952,12098,11952,12098,6,0,115,52,1,68,0,0,121,6,0,115,52,1,68,42,0,79,6,0,115,52,1,68,42,0,79,42,168,4,42,168,4,0,12,12,1,12,12,1,0
51,170,2,8,1,1,far,0,121,11064,12032,11784,12570,11952,12582,11952,12582,0,0,121,6,0,115,0,0,121,0,0,121,6,0,115,0,0,121,0,0,121,6,0,115,0,0,121,42,168,4,42,168,4,0,12,12,1,12,12,1,0
51,170,2,0,1,1,far,1,55,10056,6824,6824,6788,6824,6788,6824,6788,55,0,0,12,43,0,12,43,0,55,0,0,12,43,0,12,43,0,55,0,0,12,43,0,12,43,0,0,0,0,0,0,0,0,0,0,0,0,0,0,0
51,170,2,2,1,1,far,1,55,10056,6824,6824,6898,6824,6898,6824,6898,55,0,0,12,0,43,12,0,43,55,0,0,12,0,43,12,0,43,55,0,0,12,0,43,12,0,43,0,0,0,0,0,0,0,0,0,0,0,0,0,0
51,170,2,4,1,1,far,1,55,10056,6824,6824,7008,6824,7008,6824,7008,55,0,0,0,0,55,0,0,55,55,0,0,0,0,55,0,0,55,55,0,0,0,0,55,0,0,55,0,0,0,0,0,0,0,0,0,0,0,0,0,0
51,170,2,8,1,1,far,1,55,10056,6824,6824,7228,6824,7228,6824,7228,55,0,0,0,0,55,0,0,55,55,0,0,0,0,55,0,0,55,55,0,0,0,0,55,0,0,55,0,0,0,0,0,0,0,0,0,0,0,0,0,0
51,170,2,0,1,1,one_edit,1,20,3768,2608,2592,2536,2592,2536,2592,2536,20,0,0,16,4,0,16,4,0,20,0,0,16,4,0,16,4,0,20,0,0,16,4,0,16,4,0,0,0,0,0,0,0,0,0,0,0,0,0,0,0
51,170,2,2,1,1,one_edit,1,20,3768,2608,2592,2576,2592,2576,2592,2576,20,0,0,16,0,4,16,0,4,20,0,0,16,0,4,16,0,4,20,0,0,16,0,4,16,0,4,0,0,0,0,0,0,0,0,0,0,0,0,0,0
51,170,2,4,1,1,one_edit,1,20,3768,2608,2592,2616,2592,2616,2592,2616,20,0,0,4,0,16,4,0,16,20,0,0,4,0,16,4,0,16,20,0,0,4,0,16,4,0,16,0,0,0,0,0,0,0,0,0,0,0,0,0,0
51,170,2,8,1,1,one_edit,1,20,3768,2608,2592,2696,2592,2696,2592,2696,20,0,0,4,0,16,0,0,20,20,0,0,4,0,16,0,0,20,20,0,0,4,0,16,0,0,20,0,0,0,0,0,0,0,0,0,0,0,0,0,0
51,170,2,0,1,1,unchanged,1,5,960,640,640,640,640,640,640,640,5,0,0,0,5,0,0,5,0,5,0,0,0,5,0,0,5,0,5,0,0,0,5,0,0,5,0,0,0,0,0,0,0,0,0,0,0,0,0,0,0
51,170,2,2,1,1,unchanged,1,5,960,640,640,650,640,650,640,650,5,0,0,0,0,5,0,0,5,5,0,0,0,0,5,0,0,5,5,0,0,0,0,5,0,0,5,0,0,0,0,0,0,0,0,0,0,0,0,0,0
51,170,2,4,1,1,unchanged,1,5,960,640,640,660,640,660,640,660,5,0,0,0,0,5,0,0,5,5,0,0,0,0,5,0,0,5,5,0,0,0,0,5,0,0,5,0,0,0,0,0,0,0,0,0,0,0,0,0,0
51,170,2,8,1,1,unchanged,1,5,960,640,640,680,640,680,640,680,5,0,0,0,0,5,0,0,5,5,0,0,0,0,5,0,0,5,5,0,0,0,0,5,0,0,5,0,0,0,0,0,0,0,0,0,0,0,0,0,0
51,170,2,0,1,2,unchanged,0,11,1152,1240,1144,1126,1240,1126,1240,1126,6,0,5,6,5,0,6,5,0,6,0,5,6,5,0,6,5,0,6,0,5,6,5,0,6,5,0,6,96,16,6,96,16,0,0,0,0,0,0,0,0
51,170,2,2,1,2,unchanged,0,11,1152,1240,1144,1148,1240,1148,1240,1148,6,0,5,6,0,5,6,0,5,6,0,5,6,0,5,6,0,5,6,0,5,6,0,5,6,0,5,6,96,16,6,96,16,0,0,0,0,0,0,0,0
51,170,2,4,1,2,unchanged,0,11,1152,1240,1144,1170,1240,1170,1240,1170,6,0,5,6,0,5,0,0,11,6,0,5,6,0,5,6,0,5,6,0,5,6,0,5,6,0,5,6,96,16,6,96,16,0,0,0,0,0,0,0,0
51,170,2,8,1,2,unchanged,0,11,1152,1240,1144,1214,1240,1214,1240,1214,6,0,5,6,0,5,0,0,11,6,0,5,6,0,5,6,0,5,6,0,5,6,0,5,6,0,5,6,96,16,6,96,16,0,0,0,0,0,0,0,0
51,170,2,0,1,2,one_edit,0,44,4752,5104,4816,4732,5104,4804,5104,4804,12,0,32,36,8,0,36,8,0,12,0,32,24,20,0,24,20,0,12,0,32,24,20,0,24,20,0,36,288,16,36,288,16,0,24,72,5,24,72,5,0
51,170,2,2,1,2,one_edit,0,44,4752,5104,4816,4820,5104,4892,5104,4892,12,0,32,36,0,8,24,0,20,12,0,32,24,0,20,24,0,20,12,0,32,24,0,20,24,0,20,36,288,16,36,288,16,0,24,72,5,24,72,5,0
51,170,2,4,1,2,one_edit,0,44,4752,5104,4816,4908,5104,4980,5104,4980,12,0,32,36,0,8,0,0,44,12,0,32,24,0,20,24,0,20,12,0,32,24,0,20,24,0,20,36,288,16,36,288,16,0,24,72,5,24,72,5,0
51,170,2,8,1,2,one_edit,0,44,4752,5104,4816,5084,5104,5156,5104,5156,12,0,32,12,0,32,0,0,44,12,0,32,12,0,32,12,0,32,12,0,32,12,0,32,12,0,32,36,288,16,36,288,16,0,24,72,5,24,72,5,0
51,170,2,0,1,2,far,0,121,13680,14648,13504,13238,14400,13354,14400,13354,53,0,68,109,12,0,102,19,0,53,0,68,87,34,0,86,35,0,53,0,68,87,34,0,86,35,0,98,896,16,98,896,16,0,34,116,5,34,116,5,0
51,170,2,2,1,2,far,0,121,13680,14648,13504,13480,14400,13596,14400,13596,53,0,68,109,0,12,82,0,39,53,0,68,87,0,34,82,0,39,53,0,68,87,0,34,82,0,39,98,896,16,98,896,16,0,34,116,5,34,116,5,0
51,170,2,4,1,2,far,0,121,13680,14648,13504,13722,14400,13838,14400,13838,53,0,68,103,6,12,0,0,121,53,0,68,87,0,34,76,0,45,53,0,68,87,0,34,76,0,45,98,896,16,98,896,16,0,34,116,5,34,116,5,0
51,170,2,8,1,2,far,0,121,13680,14648,13504,14206,14400,14322,14400,14322,52,1,68,53,0,68,0,0,121,52,1,68,53,0,68,42,0,79,52,1,68,53,0,68,42,0,79,98,896,16,98,896,16,0,34,116,5,34,116,5,0
51,170,2,0,1,2,far,1,55,11664,7928,7880,7820,7928,7820,7928,7820,55,0,0,12,43,0,12,43,0,55,0,0,12,43,0,12,43,0,55,0,0,12,43,0,12,43,0,12,48,4,12,48,4,0,0,0,0,0,0,0,0
51,170,2,2,1,2,far,1,55,11664,7928,7880,7930,7928,7930,7928,7930,55,0,0,12,0,43,12,0,43,55,0,0,12,0,43,12,0,43,55,0,0,12,0,43,12,0,43,12,48,4,12,48,4,0,0,0,0,0,0,0,0
51,170,2,4,1,2,far,1,55,11664,7928,7880,8040,7928,8040,7928,8040,55,0,0,12,0,43,12,0,43,55,0,0,12,0,43,12,0,43,55,0,0,12,0,43,12,0,43,12,48,4,12,48,4,0,0,0,0,0,0,0,0
51,170,2,8,1,2,far,1,55,11664,7928,7880,8260,7928,8260,7928,8260,55,0,0,12,0,43,0,0,55,55,0,0,12,0,43,12,0,43,55,0,0,12,0,43,12,0,43,12,48,4,12,48,4,0,0,0,0,0,0,0,0
51,170,2,0,1,2,one_edit,1,20,4464,3136,3024,2944,3072,2944,3072,2944,20,0,0,16,4,0,16,4,0,20,0,0,16,4,0,16,4,0,20,0,0,16,4,0,16,4,0,12,48,4,12,48,4,0,0,0,0,0,0,0,0
51,170,2,2,1,2,one_edit,1,20,4464,3136,3024,2984,3072,2984,3072,2984,20,0,0,16,0,4,16,0,4,20,0,0,16,0,4,16,0,4,20,0,0,16,0,4,16,0,4,12,48,4,12,48,4,0,0,0,0,0,0,0,0
51,170,2,4,1,2,one_edit,1,20,4464,3136,3024,3024,3072,3024,3072,3024,20,0,0,16,0,4,16,0,4,20,0,0,16,0,4,16,0,4,20,0,0,16,0,4,16,0,4,12,48,4,12,48,4,0,0,0,0,0,0,0,0
51,170,2,8,1,2,one_edit,1,20,4464,3136,3024,3104,3072,3104,3072,3104,20,0,0,16,0,4,0,0,20,20,0,0,16,0,4,12,0,8,20,0,0,16,0,4,12,0,8,12,48,4,12,48,4,0,0,0,0,0,0,0,0
51,170,2,0,1,2,unchanged,1,5,1152,760,760,760,760,760,760,760,5,0,0,0,5,0,0,5,0,5,0,0,0,5,0,0,5,0,5,0,0,0,5,0,0,5,0,0,0,0,0,0,0,0,0,0,0,0,0,0,0
51,170,2,2,1,2,unchanged,1,5,1152,760,760,770,760,770,760,770,5,0,0,0,0,5,0,0,5,5,0,0,0,0,5,0,0,5,5,0,0,0,0,5,0,0,5,0,0,0,0,0,0,0,0,0,0,0,0,0,0
51,170,2,4,1,2,unchanged,1,5,1152,760,760,780,760,780,760,780,5,0,0,0,0,5,0,0,5,5,0,0,0,0,5,0,0,5,5,0,0,0,0,5,0,0,5,0,0,0,0,0,0,0,0,0,0,0,0,0,0
51,170,2,8,1,2,unchanged,1,5,1152,760,760,800,760,800,760,800,5,0,0,0,0,5,0,0,5,5,0,0,0,0,5,0,0,5,5,0,0,0,0,5,0,0,5,0,0,0,0,0,0,0,0,0,0,0,0,0,0
51,170,2,0,1,4,unchanged,0,11,1536,1624,1384,1366,1624,1366,1624,1366,6,0,5,6,5,0,6,5,0,6,0,5,6,5,0,6,5,0,6,0,5,6,5,0,6,5,0,6,240,40,6,240,40,0,0,0,0,0,0,0,0
51,170,2,2,1,4,unchanged,0,11,1536,1624,1384,1388,1624,1388,1624,1388,6,0,5,6,0,5,6,0,5,6,0,5,6,0,5,6,0,5,6,0,5,6,0,5,6,0,5,6,240,40,6,240,40,0,0,0,0,0,0,0,0
51,170,2,4,1,4,unchanged,0,11,1536,1624,1384,1410,1624,1410,1624,1410,6,0,5,6,0,5,0,0,11,6,0,5,6,0,5,6,0,5,6,0,5,6,0,5,6,0,5,6,240,40,6,240,40,0,0,0,0,0,0,0,0
51,170,2,8,1,4,unchanged,0,11,1536,1624,1384,1454,1624,1454,1624,1454,6,0,5,6,0,5,0,0,11,6,0,5,6,0,5,6,0,5,6,0,5,6,0,5,6,0,5,6,240,40,6,240,40,0,0,0,0,0,0,0,0
51,170,2,0,1,4,one_edit,0,44,6432,6784,5920,5836,6784,6052,6784,6052,36,0,8,36,8,0,36,8,0,24,0,20,24,20,0,24,20,0,24,0,20,24,20,0,24,20,0,36,864,40,36,864,40,0,24,216,17,24,216,17,0
51,170,2,2,1,4,one_edit,0,44,6432,6784,5920,5924,6784,6140,6784,6140,36,0,8,36,0,8,24,0,20,24,0,20,24,0,20,24,0,20,24,0,20,24,0,20,24,0,20,36,864,40,36,864,40,0,24,216,17,24,216,17,0
51,170,2,4,1,4,one_edit,0,44,6432,6784,5920,6012,6784,6228,6784,6228,36,0,8,36,0,8,0,0,44,24,0,20,24,0,20,24,0,20,24,0,20,24,0,20,24,0,20,36,864,40,36,864,40,0,24,216,17,24,216,17,0
51,170,2,8,1,4,one_edit,0,44,6432,6784,5920,6188,6784,6404,6784,6404,36,0,8,36,0,8,0,0,44,24,0,20,24,0,20,24,0,20,24,0,20,24,0,20,24,0,20,36,864,40,36,864,40,0,24,216,17,24,216,17,0
51,170,2,0,1,4,far,0,121,18912,19880,16720,16454,19296,16834,19296,16834,109,0,12,109,12,0,102,19,0,87,0,34,87,34,0,86,35,0,87,0,34,87,34,0,86,35,0,98,2576,40,98,2576,40,0,34,380,17,34,380,17,0
51,170,2,2,1,4,far,0,121,18912,19880,16720,16696,19296,17076,19296,17076,109,0,12,109,0,12,82,0,39,87,0,34,87,0,34,82,0,39,87,0,34,87,0,34,82,0,39,98,2576,40,98,2576,40,0,34,380,17,34,380,17,0
51,170,2,4,1,4,far,0,121,18912,19880,16720,16938,19296,17318,19296,17318,109,0,12,109,0,12,0,0,121,87,0,34,87,0,34,76,0,45,87,0,34,87,0,34,76,0,45,98,2576,40,98,2576,40,0,34,380,17,34,380,17,0
51,170,2,8,1,4,far,0,121,18912,19880,16720,17422,19296,17802,19296,17802,103,6,12,109,0,12,0,0,121,87,0,34,87,0,34,76,0,45,87,0,34,87,0,34,76,0,45,98,2576,40,98,2576,40,0,34,380,17,34,380,17,0
51,170,2,0,1,4,far,1,55,14880,10136,9944,9884,10136,9884,10136,9884,55,0,0,12,43,0,12,43,0,55,0,0,12,43,0,12,43,0,55,0,0,12,43,0,12,43,0,12,192,16,12,192,16,0,0,0,0,0,0,0,0
51,170,2,2,1,4,far,1,55,14880,10136,9944,9994,10136,9994,10136,9994,55,0,0,12,0,43,12,0,43,55,0,0,12,0,43,12,0,43,55,0,0,12,0,43,12,0,43,12,192,16,12,192,16,0,0,0,0,0,0,0,0
51,170,2,4,1,4,far,1,55,14880,10136,9944,10104,10136,10104,10136,10104,55,0,0,12,0,43,12,0,43,55,0,0,12,0,43,12,0,43,55,0,0,12,0,43,12,0,43,12,192,16,12,192,16,0,0,0,0,0,0,0,0
51,170,2,8,1,4,far,1,55,14880,10136,9944,10324,10136,10324,10136,10324,55,0,0,12,0,43,0,0,55,55,0,0,12,0,43,12,0,43,55,0,0,12,0,43,12,0,43,12,192,16,12,192,16,0,0,0,0,0,0,0,0
51,170,2,0,1,4,one_edit,1,20,5856,4192,3840,3760,4032,3760,4032,3760,20,0,0,16,4,0,16,4,0,20,0,0,16,4,0,16,4,0,20,0,0,16,4,0,16,4,0,12,192,16,12,192,16,0,0,0,0,0,0,0,0
51,170,2,2,1,4,one_edit,1,20,5856,4192,3840,3800,4032,3800,4032,3800,20,0,0,16,0,4,16,0,4,20,0,0,16,0,4,16,0,4,20,0,0,16,0,4,16,0,4,12,192,16,12,192,16,0,0,0,0,0,0,0,0
51,170,2,4,1,4,one_edit,1,20,5856,4192,3840,3840,4032,3840,4032,3840,20,0,0,16,0,4,16,0,4,20,0,0,16,0,4,16,0,4,20,0,0,16,0,4,16,0,4,12,192,16,12,192,16,0,0,0,0,0,0,0,0
51,170,2,8,1,4,one_edit,1,20,5856,4192,3840,3920,4032,3920,4032,3920,20,0,0,16,0,4,0,0,20,20,0,0,16,0,4,12,0,8,20,0,0,16,0,4,12,0,8,12,192,16,12,192,16,0,0,0,0,0,0,0,0
51,170,2,0,1,4,unchanged,1,5,1536,1000,1000,1000,1000,1000,1000,1000,5,0,0,0,5,0,0,5,0,5,0,0,0,5,0,0,5,0,5,0,0,0,5,0,0,5,0,0,0,0,0,0,0,0,0,0,0,0,0,0,0
51,170,2,2,1,4,unchanged,1,5,1536,1000,1000,1010,1000,1010,1000,1010,5,0,0,0,0,5,0,0,5,5,0,0,0,0,5,0,0,5,5,0,0,0,0,5,0,0,5,0,0,0,0,0,0,0,0,0,0,0,0,0,0
51,170,2,4,1,4,unchanged,1,5,1536,1000,1000,1020,1000,1020,1000,1020,5,0,0,0,0,5,0,0,5,5,0,0,0,0,5,0,0,5,5,0,0,0,0,5,0,0,5,0,0,0,0,0,0,0,0,0,0,0,0,0,0
51,170,2,8,1,4,unchanged,1,5,1536,1000,1000,1040,1000,1040,1000,1040,5,0,0,0,0,5,0,0,5,5,0,0,0,0,5,0,0,5,5,0,0,0,0,5,0,0,5,0,0,0,0,0,0,0,0,0,0,0,0,0,0
51,170,2,0,4,1,unchanged,0,11,1536,1624,1384,1366,1384,1366,1384,1366,6,0,5,6,5,0,6,5,0,6,0,5,6,5,0,6,5,0,6,0,5,6,5,0,6,5,0,0,0,0,0,0,0,0,0,0,0,0,0,0,0
51,170,2,2,4,1,unchanged,0,11,1536,1624,1384,1388,1384,1388,1384,1388,6,0,5,6,0,5,6,0,5,6,0,5,6,0,5,6,0,5,6,0,5,6,0,5,6,0,5,0,0,0,0,0,0,0,0,0,0,0,0,0,0
51,170,2,4,4,1,unchanged,0,11,1536,1624,1384,1410,1384,1410,1384,1410,6,0,5,6,0,5,0,0,11,6,0,5,6,0,5,0,0,11,6,0,5,6,0,5,0,0,11,0,0,0,0,0,0,0,0,0,0,0,0,0,0
51,170,2,8,4,1,unchanged,0,11,1536,1624,1384,1454,1384,1454,1384,1454,6,0,5,6,0,5,0,0,11,6,0,5,6,0,5,0,0,11,6,0,5,6,0,5,0,0,11,0,0,0,0,0,0,0,0,0,0,0,0,0,0
51,170,2,0,4,1,one_edit,0,44,6432,6784,5920,5836,6016,5848,6016,5848,36,0,8,36,8,0,36,8,0,36,0,8,36,8,0,36,8,0,36,0,8,36,8,0,36,8,0,12,96,8,12,96,8,0,12,12,1,12,12,1,0
51,170,2,2,4,1,one_edit,0,44,6432,6784,5920,5924,6016,5936,6016,5936,36,0,8,36,0,8,24,0,20,36,0,8,36,0,8,24,0,20,36,0,8,36,0,8,24,0,20,12,96,8,12,96,8,0,12,12,1,12,12,1,0
51,170,2,4,4,1,one_edit,0,44,6432,6784,5920,6012,6016,6024,6016,6024,36,0,8,36,0,8,0,0,44,36,0,8,36,0,8,12,0,32,36,0,8,36,0,8,12,0,32,12,96,8,12,96,8,0,12,12,1,12,12,1,0
51,170,2,8,4,1,one_edit,0,44,6432,6784,5920,6188,6016,6200,6016,6200,36,0,8,36,0,8,0,0,44,36,0,8,36,0,8,12,0,32,36,0,8,36,0,8,12,0,32,12,96,8,12,96,8,0,12,12,1,12,12,1,0
51,170,2,0,4,1,far,0,121,18912,19880,16720,16454,16816,16466,16816,16466,109,0,12,109,12,0,102,19,0,109,0,12,109,12,0,102,19,0,109,0,12,109,12,0,102,19,0,12,96,8,12,96,8,0,12,12,1,12,12,1,0
51,170,2,2,4,1,far,0,121,18912,19880,16720,16696,16816,16708,16816,16708,109,0,12,109,0,12,82,0,39,109,0,12,109,0,12,82,0,39,109,0,12,109,0,12,82,0,39,12,96,8,12,96,8,0,12,12,1,12,12,1,0
51,170,2,4,4,1,far,0,121,18912,19880,16720,16938,16816,16950,16816,16950,109,0,12,109,0,12,0,0,121,109,0,12,109,0,12,12,0,109,109,0,12,109,0,12,12,0,109,12,96,8,12,96,8,0,12,12,1,12,12,1,0
51,170,2,8,4,1,far,0,121,18912,19880,16720,17422,16816,17434,16816,17434,103,6,12,109,0,12,0,0,121,103,6,12,109,0,12,12,0,109,103,6,12,109,0,12,12,0,109,12,96,8,12,96,8,0,12,12,1,12,12,1,0
51,170,2,0,4,1,far,1,55,14880,10136,9944,9884,9944,9884,9944,9884,55,0,0,12,43,0,12,43,0,55,0,0,12,43,0,12,43,0,55,0,0,12,43,0,12,43,0,0,0,0,0,0,0,0,0,0,0,0,0,0,0
51,170,2,2,4,1,far,1,55,14880,10136,9944,9994,9944,9994,9944,9994,55,0,0,12,0,43,12,0,43,55,0,0,12,0,43,12,0,43,55,0,0,12,0,43,12,0,43,0,0,0,0,0,0,0,0,0,0,0,0,0,0
51,170,2,4,4,1,far,1,55,14880,10136,9944,10104,9944,10104,9944,10104,55,0,0,12,0,43,12,0,43,55,0,0,12,0,43,12,0,43,55,0,0,12,0,43,12,0,43,0,0,0,0,0,0,0,0,0,0,0,0,0,0
51,170,2,8,4,1,far,1,55,14880,10136,9944,10324,9944,10324,9944,10324,55,0,0,12,0,43,0,0,55,55,0,0,12,0,43,0,0,55,55,0,0,12,0,43,0,0,55,0,0,0,0,0,0,0,0,0,0,0,0,0,0
51,170,2,0,4,1,one_edit,1,20,5856,4192,3840,3760,3840,3760,3840,3760,20,0,0,16,4,0,16,4,0,20,0,0,16,4,0,16,4,0,20,0,0,16,4,0,16,4,0,0,0,0,0,0,0,0,0,0,0,0,0,0,0
51,170,2,2,4,1,one_edit,1,20,5856,4192,3840,3800,3840,3800,3840,3800,20,0,0,16,0,4,16,0,4,20,0,0,16,0,4,16,0,4,20,0,0,16,0,4,16,0,4,0,0,0,0,0,0,0,0,0,0,0,0,0,0
51,170,2,4,4,1,one_edit,1,20,5856,4192,3840,3840,3840,3840,3840,3840,20,0,0,16,0,4,16,0,4,20,0,0,16,0,4,16,0,4,20,0,0,16,0,4,16,0,4,0,0,0,0,0,0,0,0,0,0,0,0,0,0
51,170,2,8,4,1,one_edit,1,20,5856,4192,3840,3920,3840,3920,3840,3920,20,0,0,16,0,4,0,0,20,20,0,0,16,0,4,0,0,20,20,0,0,16,0,4,0,0,20,0,0,0,0,0,0,0,0,0,0,0,0,0,0
51,170,2,0,4,1,unchanged,1,5,1536,1000,1000,1000,1000,1000,1000,1000,5,0,0,0,5,0,0,5,0,5,0,0,0,5,0,0,5,0,5,0,0,0,5,0,0,5,0,0,0,0,0,0,0,0,0,0,0,0,0,0,0
51,170,2,2,4,1,unchanged,1,5,1536,1000,1000,1010,1000,1010,1000,1010,5,0,0,0,0,5,0,0,5,5,0,0,0,0,5,0,0,5,5,0,0,0,0,5,0,0,5,0,0,0,0,0,0,0,0,0,0,0,0,0,0
51,170,2,4,4,1,unchanged,1,5,1536,1000,1000,1020,1000,1020,1000,1020,5,0,0,0,0,5,0,0,5,5,0,0,0,0,5,0,0,5,5,0,0,0,0,5,0,0,5,0,0,0,0,0,0,0,0,0,0,0,0,0,0
51,170,2,8,4,1,unchanged,1,5,1536,1000,1000,1040,1000,1040,1000,1040,5,0,0,0,0,5,0,0,5,5,0,0,0,0,5,0,0,5,5,0,0,0,0,5,0,0,5,0,0,0,0,0,0,0,0,0,0,0,0,0,0
51,170,2,0,4,2,unchanged,0,11,2304,2392,1864,1846,1864,1846,1864,1846,6,0,5,6,5,0,6,5,0,6,0,5,6,5,0,6,5,0,6,0,5,6,5,0,6,5,0,0,0,0,0,0,0,0,0,0,0,0,0,0,0
51,170,2,2,4,2,unchanged,0,11,2304,2392,1864,1868,1864,1868,1864,1868,6,0,5,6,0,5,6,0,5,6,0,5,6,0,5,6,0,5,6,0,5,6,0,5,6,0,5,0,0,0,0,0,0,0,0,0,0,0,0,0,0
51,170,2,4,4,2,unchanged,0,11,2304,2392,1864,1890,1864,1890,1864,1890,6,0,5,6,0,5,0,0,11,6,0,5,6,0,5,0,0,11,6,0,5,6,0,5,0,0,11,0,0,0,0,0,0,0,0,0,0,0,0,0,0
51,170,2,8,4,2,unchanged,0,11,2304,2392,1864,1934,1864,1934,1864,1934,6,0,5,6,0,5,0,0,11,6,0,5,6,0,5,0,0,11,6,0,5,6,0,5,0,0,11,0,0,0,0,0,0,0,0,0,0,0,0,0,0
51,170,2,0,4,2,one_edit,0,44,9792,10144,8128,8044,8224,8056,8224,8056,36,0,8,36,8,0,36,8,0,36,0,8,36,8,0,36,8,0,36,0,8,36,8,0,36,8,0,12,96,8,12,96,8,0,12,12,1,12,12,1,0
51,170,2,2,4,2,one_edit,0,44,9792,10144,8128,8132,8224,8144,8224,8144,36,0,8,36,0,8,24,0,20,36,0,8,36,0,8,24,0,20,36,0,8,36,0,8,24,0,20,12,96,8,12,96,8,0,12,12,1,12,12,1,0
51,170,2,4,4,2,one_edit,0,44,9792,10144,8128,8220,8224,8232,8224,8232,36,0,8,36,0,8,0,0,44,36,0,8,36,0,8,12,0,32,36,0,8,36,0,8,12,0,32,12,96,8,12,96,8,0,12,12,1,12,12,1,0
51,170,2,8,4,2,one_edit,0,44,9792,10144,8128,8396,8224,8408,8224,8408,36,0,8,36,0,8,0,0,44,36,0,8,36,0,8,12,0,32,36,0,8,36,0,8,12,0,32,12,96,8,12,96,8,0,12,12,1,12,12,1,0
51,170,2,0,4,2,far,0,121,29376,30344,23152,22886,23248,22898,23248,22898,109,0,12,109,12,0,102,19,0,109,0,12,109,12,0,102,19,0,109,0,12,109,12,0,102,19,0,12,96,8,12,96,8,0,12,12,1,12,12,1,0
51,170,2,2,4,2,far,0,121,29376,30344,23152,23128,23248,23140,23248,23140,109,0,12,109,0,12,82,0,39,109,0,12,109,0,12,82,0,39,109,0,12,109,0,12,82,0,39,12,96,8,12,96,8,0,12,12,1,12,12,1,0
51,170,2,4,4,2,far,0,121,29376,30344,23152,23370,23248,23382,23248,23382,109,0,12,109,0,12,0,0,121,109,0,12,109,0,12,12,0,109,109,0,12,109,0,12,12,0,109,12,96,8,12,96,8,0,12,12,1,12,12,1,0
51,170,2,8,4,2,far,0,121,29376,30344,23152,23854,23248,23866,23248,23866,109,0,12,109,0,12,0,0,121,109,0,12,109,0,12,12,0,109,109,0,12,109,0,12,12,0,109,12,96,8,12,96,8,0,12,12,1,12,12,1,0
51,170,2,0,4,2,far,1,55,21312,14552,14072,14012,14072,14012,14072,14012,55,0,0,12,43,0,12,43,0,55,0,0,12,43,0,12,43,0,55,0,0,12,43,0,12,43,0,0,0,0,0,0,0,0,0,0,0,0,0,0,0
51,170,2,2,4,2,far,1,55,21312,14552,14072,14122,14072,14122,14072,14122,55,0,0,12,0,43,12,0,43,55,0,0,12,0,43,12,0,43,55,0,0,12,0,43,12,0,43,0,0,0,0,0,0,0,0,0,0,0,0,0,0
51,170,2,4,4,2,far,1,55,21312,14552,14072,14232,14072,14232,14072,14232,55,0,0,12,0,43,12,0,43,55,0,0,12,0,43,12,0,43,55,0,0,12,0,43,12,0,43,0,0,0,0,0,0,0,0,0,0,0,0,0,0
51,170,2,8,4,2,far,1,55,21312,14552,14072,14452,14072,14452,14072,14452,55,0,0,12,0,43,0,0,55,55,0,0,12,0,43,0,0,55,55,0,0,12,0,43,0,0,55,0,0,0,0,0,0,0,0,0,0,0,0,0,0
51,170,2,0,4,2,one_edit,1,20,8640,6304,5472,5392,5472,5392,5472,5392,20,0,0,16,4,0,16,4,0,20,0,0,16,4,0,16,4,0,20,0,0,16,4,0,16,4,0,0,0,0,0,0,0,0,0,0,0,0,0,0,0
51,170,2,2,4,2,one_edit,1,20,8640,6304,5472,5432,5472,5432,5472,5432,20,0,0,16,0,4,16,0,4,20,0,0,16,0,4,16,0,4,20,0,0,16,0,4,16,0,4,0,0,0,0,0,0,0,0,0,0,0,0,0,0
51,170,2,4,4,2,one_edit,1,20,8640,6304,5472,5472,5472,5472,5472,5472,20,0,0,16,0,4,16,0,4,20,0,0,16,0,4,16,0,4,20,0,0,16,0,4,16,0,4,0,0,0,0,0,0,0,0,0,0,0,0,0,0
51,170,2,8,4,2,one_edit,1,20,8640,6304,5472,5552,5472,5552,5472,5552,20,0,0,16,0,4,0,0,20,20,0,0,16,0,4,0,0,20,20,0,0,16,0,4,0,0,20,0,0,0,0,0,0,0,0,0,0,0,0,0,0
51,170,2,0,4,2,unchanged,1,5,2304,1480,1480,1480,1480,1480,1480,1480,5,0,0,0,5,0,0,5,0,5,0,0,0,5,0,0,5,0,5,0,0,0,5,0,0,5,0,0,0,0,0,0,0,0,0,0,0,0,0,0,0
51,170,2,2,4,2,unchanged,1,5,2304,1480,1480,1490,1480,1490,1480,1490,5,0,0,0,0,5,0,0,5,5,0,0,0,0,5,0,0,5,5,0,0,0,0,5,0,0,5,0,0,0,0,0,0,0,0,0,0,0,0,0,0
51,170,2,4,4,2,unchanged,1,5,2304,1480,1480,1500,1480,1500,1480,1500,5,0,0,0,0,5,0,0,5,5,0,0,0,0,5,0,0,5,5,0,0,0,0,5,0,0,5,0,0,0,0,0,0,0,0,0,0,0,0,0,0
51,170,2,8,4,2,unchanged,1,5,2304,1480,1480,1520,1480,1520,1480,1520,5,0,0,0,0,5,0,0,5,5,0,0,0,0,5,0,0,5,5,0,0,0,0,5,0,0,5,0,0,0,0,0,0,0,0,0,0,0,0,0,0
51,170,2,0,4,4,unchanged,0,11,3840,3928,2824,2806,2824,2806,2824,2806,6,0,5,6,5,0,6,5,0,6,0,5,6,5,0,6,5,0,6,0,5,6,5,0,6,5,0,0,0,0,0,0,0,0,0,0,0,0,0,0,0
51,170,2,2,4,4,unchanged,0,11,3840,3928,2824,2828,2824,2828,2824,2828,6,0,5,6,0,5,6,0,5,6,0,5,6,0,5,6,0,5,6,0,5,6,0,5,6,0,5,0,0,0,0,0,0,0,0,0,0,0,0,0,0
51,170,2,4,4,4,unchanged,0,11,3840,3928,2824,2850,2824,2850,2824,2850,6,0,5,6,0,5,0,0,11,6,0,5,6,0,5,0,0,11,6,0,5,6,0,5,0,0,11,0,0,0,0,0,0,0,0,0,0,0,0,0,0
51,170,2,8,4,4,unchanged,0,11,3840,3928,2824,2894,2824,2894,2824,2894,6,0,5,6,0,5,0,0,11,6,0,5,6,0,5,0,0,11,6,0,5,6,0,5,0,0,11,0,0,0,0,0,0,0,0,0,0,0,0,0,0
51,170,2,0,4,4,one_edit,0,44,16512,16864,12544,12460,12640,12472,12640,12472,36,0,8,36,8,0,36,8,0,36,0,8,36,8,0,36,8,0,36,0,8,36,8,0,36,8,0,12,96,8,12,96,8,0,12,12,1,12,12,1,0
51,170,2,2,4,4,one_edit,0,44,16512,16864,12544,12548,12640,12560,12640,12560,36,0,8,36,0,8,24,0,20,36,0,8,36,0,8,24,0,20,36,0,8,36,0,8,24,0,20,12,96,8,12,96,8,0,12,12,1,12,12,1,0
51,170,2,4,4,4,one_edit,0,44,16512,16864,12544,12636,12640,12648,12640,12648,36,0,8,36,0,8,0,0,44,36,0,8,36,0,8,12,0,32,36,0,8,36,0,8,12,0,32,12,96,8,12,96,8,0,12,12,1,12,12,1,0
51,170,2,8,4,4,one_edit,0,44,16512,16864,12544,12812,12640,12824,12640,12824,36,0,8,36,0,8,0,0,44,36,0,8,36,0,8,12,0,32,36,0,8,36,0,8,12,0,32,12,96,8,12,96,8,0,12,12,1,12,12,1,0
51,170,2,0,4,4,far,0,121,50304,51272,36016,35750,36112,35762,36112,35762,109,0,12,109,12,0,102,19,0,109,0,12,109,12,0,102,19,0,109,0,12,109,12,0,102,19,0,12,96,8,12,96,8,0,12,12,1,12,12,1,0
51,170,2,2,4,4,far,0,121,50304,51272,36016,35992,36112,36004,36112,36004,109,0,12,109,0,12,82,0,39,109,0,12,109,0,12,82,0,39,109,0,12,109,0,12,82,0,39,12,96,8,12,96,8,0,12,12,1,12,12,1,0
51,170,2,4,4,4,far,0,121,50304,51272,36016,36234,36112,36246,36112,36246,109,0,12,109,0,12,0,0,121,109,0,12,109,0,12,12,0,109,109,0,12,109,0,12,12,0,109,12,96,8,12,96,8,0,12,12,1,12,12,1,0
51,170,2,8,4,4,far,0,121,50304,51272,36016,36718,36112,36730,36112,36730,109,0,12,109,0,12,0,0,121,109,0,12,109,0,12,12,0,109,109,0,12,109,0,12,12,0,109,12,96,8,12,96,8,0,12,12,1,12,12,1,0
51,170,2,0,4,4,far,1,55,34176,23384,22328,22268,22328,22268,22328,22268,55,0,0,12,43,0,12,43,0,55,0,0,12,43,0,12,43,0,55,0,0,12,43,0,12,43,0,0,0,0,0,0,0,0,0,0,0,0,0,0,0
51,170,2,2,4,4,far,1,55,34176,23384,22328,22378,22328,22378,22328,22378,55,0,0,12,0,43,12,0,43,55,0,0,12,0,43,12,0,43,55,0,0,12,0,43,12,0,43,0,0,0,0,0,0,0,0,0,0,0,0,0,0
51,170,2,4,4,4,far,1,55,34176,23384,22328,22488,22328,22488,22328,22488,55,0,0,12,0,43,12,0,43,55,0,0,12,0,43,12,0,43,55,0,0,12,0,43,12,0,43,0,0,0,0,0,0,0,0,0,0,0,0,0,0
51,170,2,8,4,4,far,1,55,34176,23384,22328,22708,22328,22708,22328,22708,55,0,0,12,0,43,0,0,55,55,0,0,12,0,43,0,0,55,55,0,0,12,0,43,0,0,55,0,0,0,0,0,0,0,0,0,0,0,0,0,0
51,170,2,0,4,4,one_edit,1,20,14208,10528,8736,8656,8736,8656,8736,8656,20,0,0,16,4,0,16,4,0,20,0,0,16,4,0,16,4,0,20,0,0,16,4,0,16,4,0,0,0,0,0,0,0,0,0,0,0,0,0,0,0
51,170,2,2,4,4,one_edit,1,20,14208,10528,8736,8696,8736,8696,8736,8696,20,0,0,16,0,4,16,0,4,20,0,0,16,0,4,16,0,4,20,0,0,16,0,4,16,0,4,0,0,0,0,0,0,0,0,0,0,0,0,0,0
51,170,2,4,4,4,one_edit,1,20,14208,10528,8736,8736,8736,8736,8736,8736,20,0,0,16,0,4,16,0,4,20,0,0,16,0,4,16,0,4,20,0,0,16,0,4,16,0,4,0,0,0,0,0,0,0,0,0,0,0,0,0,0
51,170,2,8,4,4,one_edit,1,20,14208,10528,8736,8816,8736,8816,8736,8816,20,0,0,16,0,4,0,0,20,20,0,0,16,0,4,0,0,20,20,0,0,16,0,4,0,0,20,0,0,0,0,0,0,0,0,0,0,0,0,0,0
51,170,2,0,4,4,unchanged,1,5,3840,2440,2440,2440,2440,2440,2440,2440,5,0,0,0,5,0,0,5,0,5,0,0,0,5,0,0,5,0,5,0,0,0,5,0,0,5,0,0,0,0,0,0,0,0,0,0,0,0,0,0,0
51,170,2,2,4,4,unchanged,1,5,3840,2440,2440,2450,2440,2450,2440,2450,5,0,0,0,0,5,0,0,5,5,0,0,0,0,5,0,0,5,5,0,0,0,0,5,0,0,5,0,0,0,0,0,0,0,0,0,0,0,0,0,0
51,170,2,4,4,4,unchanged,1,5,3840,2440,2440,2460,2440,2460,2440,2460,5,0,0,0,0,5,0,0,5,5,0,0,0,0,5,0,0,5,5,0,0,0,0,5,0,0,5,0,0,0,0,0,0,0,0,0,0,0,0,0,0
51,170,2,8,4,4,unchanged,1,5,3840,2440,2440,2480,2440,2480,2440,2480,5,0,0,0,0,5,0,0,5,5,0,0,0,0,5,0,0,5,5,0,0,0,0,5,0,0,5,0,0,0,0,0,0,0,0,0,0,0,0,0,0
51,170,2,0,16,1,unchanged,0,11,3840,3928,2824,2806,2824,2806,2824,2806,6,0,5,6,5,0,6,5,0,6,0,5,6,5,0,6,5,0,6,0,5,6,5,0,6,5,0,0,0,0,0,0,0,0,0,0,0,0,0,0,0
51,170,2,2,16,1,unchanged,0,11,3840,3928,2824,2828,2824,2828,2824,2828,6,0,5,6,0,5,6,0,5,6,0,5,6,0,5,6,0,5,6,0,5,6,0,5,6,0,5,0,0,0,0,0,0,0,0,0,0,0,0,0,0
51,170,2,4,16,1,unchanged,0,11,3840,3928,2824,2850,2824,2850,2824,2850,6,0,5,6,0,5,0,0,11,6,0,5,6,0,5,0,0,11,6,0,5,6,0,5,0,0,11,0,0,0,0,0,0,0,0,0,0,0,0,0,0
51,170,2,8,16,1,unchanged,0,11,3840,3928,2824,2894,2824,2894,2824,2894,6,0,5,6,0,5,0,0,11,6,0,5,6,0,5,0,0,11,6,0,5,6,0,5,0,0,11,0,0,0,0,0,0,0,0,0,0,0,0,0,0
51,170,2,0,16,1,one_edit,0,44,16512,16864,12544,12460,12640,12472,12640,12472,36,0,8,36,8,0,36,8,0,36,0,8,36,8,0,36,8,0,36,0,8,36,8,0,36,8,0,12,96,8,12,96,8,0,12,12,1,12,12,1,0
51,170,2,2,16,1,one_edit,0,44,16512,16864,12544,12548,12640,12560,12640,12560,36,0,8,36,0,8,24,0,20,36,0,8,36,0,8,24,0,20,36,0,8,36,0,8,24,0,20,12,96,8,12,96,8,0,12,12,1,12,12,1,0
51,170,2,4,16,1,one_edit,0,44,16512,16864,12544,12636,12640,12648,12640,12648,36,0,8,36,0,8,0,0,44,36,0,8,36,0,8,12,0,32,36,0,8,36,0,8,12,0,32,12,96,8,12,96,8,0,12,12,1,12,12,1,0
51,170,2,8,16,1,one_edit,0,44,16512,16864,12544,12812,12640,12824,12640,12824,36,0,8,36,0,8,0,0,44,36,0,8,36,0,8,12,0,32,36,0,8,36,0,8,12,0,32,12,96,8,12,96,8,0,12,12,1,12,12,1,0
51,170,2,0,16,1,far,0,121,50304,51272,36016,35750,36112,35762,36112,35762,109,0,12,109,12,0,102,19,0,109,0,12,109,12,0,102,19,0,109,0,12,109,12,0,102,19,0,12,96,8,12,96,8,0,12,12,1,12,12,1,0
51,170,2,2,16,1,far,0,121,50304,51272,36016,35992,36112,36004,36112,36004,109,0,12,109,0,12,82,0,39,109,0,12,109,0,12,82,0,39,109,0,12,109,0,12,82,0,39,12,96,8,12,96,8,0,12,12,1,12,12,1,0
51,170,2,4,16,1,far,0,121,50304,51272,36016,36234,36112,36246,36112,36246,109,0,12,109,0,12,0,0,121,109,0,12,109,0,12,12,0,109,109,0,12,109,0,12,12,0,109,12,96,8,12,96,8,0,12,12,1,12,12,1,0
51,170,2,8,16,1,far,0,121,50304,51272,36016,36718,36112,36730,36112,36730,109,0,12,109,0,12,0,0,121,109,0,12,109,0,12,12,0,109,109,0,12,109,0,12,12,0,109,12,96,8,12,96,8,0,12,12,1,12,12,1,0
51,170,2,0,16,1,far,1,55,34176,23384,22328,22268,22328,22268,22328,22268,55,0,0,12,43,0,12,43,0,55,0,0,12,43,0,12,43,0,55,0,0,12,43,0,12,43,0,0,0,0,0,0,0,0,0,0,0,0,0,0,0
51,170,2,2,16,1,far,1,55,34176,23384,22328,22378,22328,22378,22328,22378,55,0,0,12,0,43,12,0,43,55,0,0,12,0,43,12,0,43,55,0,0,12,0,43,12,0,43,0,0,0,0,0,0,0,0,0,0,0,0,0,0
51,170,2,4,16,1,far,1,55,34176,23384,22328,22488,22328,22488,22328,22488,55,0,0,12,0,43,12,0,43,55,0,0,12,0,43,12,0,43,55,0,0,12,0,43,12,0,43,0,0,0,0,0,0,0,0,0,0,0,0,0,0
51,170,2,8,16,1,far,1,55,34176,23384,22328,22708,22328,22708,22328,22708,55,0,0,12,0,43,0,0,55,55,0,0,12,0,43,0,0,55,55,0,0,12,0,43,0,0,55,0,0,0,0,0,0,0,0,0,0,0,0,0,0
51,170,2,0,16,1,one_edit,1,20,14208,10528,8736,8656,8736,8656,8736,8656,20,0,0,16,4,0,16,4,0,20,0,0,16,4,0,16,4,0,20,0,0,16,4,0,16,4,0,0,0,0,0,0,0,0,0,0,0,0,0,0,0
51,170,2,2,16,1,one_edit,1,20,14208,10528,8736,8696,8736,8696,8736,8696,20,0,0,16,0,4,16,0,4,20,0,0,16,0,4,16,0,4,20,0,0,16,0,4,16,0,4,0,0,0,0,0,0,0,0,0,0,0,0,0,0
51,170,2,4,16,1,one_edit,1,20,14208,10528,8736,8736,8736,8736,8736,8736,20,0,0,16,0,4,16,0,4,20,0,0,16,0,4,16,0,4,20,0,0,16,0,4,16,0,4,0,0,0,0,0,0,0,0,0,0,0,0,0,0
51,170,2,8,16,1,one_edit,1,20,14208,10528,8736,8816,8736,8816,8736,8816,20,0,0,16,0,4,0,0,20,20,0,0,16,0,4,0,0,20,20,0,0,16,0,4,0,0,20,0,0,0,0,0,0,0,0,0,0,0,0,0,0
51,170,2,0,16,1,unchanged,1,5,3840,2440,2440,2440,2440,2440,2440,2440,5,0,0,0,5,0,0,5,0,5,0,0,0,5,0,0,5,0,5,0,0,0,5,0,0,5,0,0,0,0,0,0,0,0,0,0,0,0,0,0,0
51,170,2,2,16,1,unchanged,1,5,3840,2440,2440,2450,2440,2450,2440,2450,5,0,0,0,0,5,0,0,5,5,0,0,0,0,5,0,0,5,5,0,0,0,0,5,0,0,5,0,0,0,0,0,0,0,0,0,0,0,0,0,0
51,170,2,4,16,1,unchanged,1,5,3840,2440,2440,2460,2440,2460,2440,2460,5,0,0,0,0,5,0,0,5,5,0,0,0,0,5,0,0,5,5,0,0,0,0,5,0,0,5,0,0,0,0,0,0,0,0,0,0,0,0,0,0
51,170,2,8,16,1,unchanged,1,5,3840,2440,2440,2480,2440,2480,2440,2480,5,0,0,0,0,5,0,0,5,5,0,0,0,0,5,0,0,5,5,0,0,0,0,5,0,0,5,0,0,0,0,0,0,0,0,0,0,0,0,0,0
51,170,2,0,16,2,unchanged,0,11,6912,7000,4744,4726,4744,4726,4744,4726,6,0,5,6,5,0,6,5,0,6,0,5,6,5,0,6,5,0,6,0,5,6,5,0,6,5,0,0,0,0,0,0,0,0,0,0,0,0,0,0,0
51,170,2,2,16,2,unchanged,0,11,6912,7000,4744,4748,4744,4748,4744,4748,6,0,5,6,0,5,6,0,5,6,0,5,6,0,5,6,0,5,6,0,5,6,0,5,6,0,5,0,0,0,0,0,0,0,0,0,0,0,0,0,0
51,170,2,4,16,2,unchanged,0,11,6912,7000,4744,4770,4744,4770,4744,4770,6,0,5,6,0,5,0,0,11,6,0,5,6,0,5,0,0,11,6,0,5,6,0,5,0,0,11,0,0,0,0,0,0,0,0,0,0,0,0,0,0
51,170,2,8,16,2,unchanged,0,11,6912,7000,4744,4814,4744,4814,4744,4814,6,0,5,6,0,5,0,0,11,6,0,5,6,0,5,0,0,11,6,0,5,6,0,5,0,0,11,0,0,0,0,0,0,0,0,0,0,0,0,0,0
51,170,2,0,16,2,one_edit,0,44,29952,30304,21376,21292,21472,21304,21472,21304,36,0,8,36,8,0,36,8,0,36,0,8,36,8,0,36,8,0,36,0,8,36,8,0,36,8,0,12,96,8,12,96,8,0,12,12,1,12,12,1,0
51,170,2,2,16,2,one_edit,0,44,29952,30304,21376,21380,21472,21392,21472,21392,36,0,8,36,0,8,24,0,20,36,0,8,36,0,8,24,0,20,36,0,8,36,0,8,24,0,20,12,96,8,12,96,8,0,12,12,1,12,12,1,0
51,170,2,4,16,2,one_edit,0,44,29952,30304,21376,21468,21472,21480,21472,21480,36,0,8,36,0,8,0,0,44,36,0,8,36,0,8,12,0,32,36,0,8,36,0,8,12,0,32,12,96,8,12,96,8,0,12,12,1,12,12,1,0
51,170,2,8,16,2,one_edit,0,44,29952,30304,21376,21644,21472,21656,21472,21656,36,0,8,36,0,8,0,0,44,36,0,8,36,0,8,12,0,32,36,0,8,36,0,8,12,0,32,12,96,8,12,96,8,0,12,12,1,12,12,1,0
51,170,2,0,16,2,far,0,121,92160,93128,61744,61478,61840,61490,61840,61490,109,0,12,109,12,0,102,19,0,109,0,12,109,12,0,102,19,0,109,0,12,109,12,0,102,19,0,12,96,8,12,96,8,0,12,12,1,12,12,1,0
51,170,2,2,16,2,far,0,121,92160,93128,61744,61720,61840,61732,61840,61732,109,0,12,109,0,12,82,0,39,109,0,12,109,0,12,82,0,39,109,0,12,109,0,12,82,0,39,12,96,8,12,96,8,0,12,12,1,12,12,1,0
51,170,2,4,16,2,far,0,121,92160,93128,61744,61962,61840,61974,61840,61974,109,0,12,109,0,12,0,0,121,109,0,12,109,0,12,12,0,109,109,0,12,109,0,12,12,0,109,12,96,8,12,96,8,0,12,12,1,12,12,1,0
51,170,2,8,16,2,far,0,121,92160,93128,61744,62446,61840,62458,61840,62458,109,0,12,109,0,12,0,0,121,109,0,12,109,0,12,12,0,109,109,0,12,109,0,12,12,0,109,12,96,8,12,96,8,0,12,12,1,12,12,1,0
51,170,2,0,16,2,far,1,55,59904,41048,38840,38780,38840,38780,38840,38780,55,0,0,12,43,0,12,43,0,55,0,0,12,43,0,12,43,0,55,0,0,12,43,0,12,43,0,0,0,0,0,0,0,0,0,0,0,0,0,0,0
51,170,2,2,16,2,far,1,55,59904,41048,38840,38890,38840,38890,38840,38890,55,0,0,12,0,43,12,0,43,55,0,0,12,0,43,12,0,43,55,0,0,12,0,43,12,0,43,0,0,0,0,0,0,0,0,0,0,0,0,0,0
51,170,2,4,16,2,far,1,55,59904,41048,38840,39000,38840,39000,38840,39000,55,0,0,12,0,43,12,0,43,55,0,0,12,0,43,12,0,43,55,0,0,12,0,43,12,0,43,0,0,0,0,0,0,0,0,0,0,0,0,0,0
51,170,2,8,16,2,far,1,55,59904,41048,38840,39220,38840,39220,38840,39220,55,0,0,12,0,43,0,0,55,55,0,0,12,0,43,0,0,55,55,0,0,12,0,43,0,0,55,0,0,0,0,0,0,0,0,0,0,0,0,0,0
51,170,2,0,16,2,one_edit,1,20,25344,18976,15264,15184,15264,15184,15264,15184,20,0,0,16,4,0,16,4,0,20,0,0,16,4,0,16,4,0,20,0,0,16,4,0,16,4,0,0,0,0,0,0,0,0,0,0,0,0,0,0,0
51,170,2,2,16,2,one_edit,1,20,25344,18976,15264,15224,15264,15224,15264,15224,20,0,0,16,0,4,16,0,4,20,0,0,16,0,4,16,0,4,20,0,0,16,0,4,16,0,4,0,0,0,0,0,0,0,0,0,0,0,0,0,0
51,170,2,4,16,2,one_edit,1,20,25344,18976,15264,15264,15264,15264,15264,15264,20,0,0,16,0,4,16,0,4,20,0,0,16,0,4,16,0,4,20,0,0,16,0,4,16,0,4,0,0,0,0,0,0,0,0,0,0,0,0,0,0
51,170,2,8,16,2,one_edit,1,20,25344,18976,15264,15344,15264,15344,15264,15344,20,0,0,16,0,4,0,0,20,20,0,0,16,0,4,0,0,20,20,0,0,16,0,4,0,0,20,0,0,0,0,0,0,0,0,0,0,0,0,0,0
51,170,2,0,16,2,unchanged,1,5,6912,4360,4360,4360,4360,4360,4360,4360,5,0,0,0,5,0,0,5,0,5,0,0,0,5,0,0,5,0,5,0,0,0,5,0,0,5,0,0,0,0,0,0,0,0,0,0,0,0,0,0,0
51,170,2,2,16,2,unchanged,1,5,6912,4360,4360,4370,4360,4370,4360,4370,5,0,0,0,0,5,0,0,5,5,0,0,0,0,5,0,0,5,5,0,0,0,0,5,0,0,5,0,0,0,0,0,0,0,0,0,0,0,0,0,0
51,170,2,4,16,2,unchanged,1,5,6912,4360,4360,4380,4360,4380,4360,4380,5,0,0,0,0,5,0,0,5,5,0,0,0,0,5,0,0,5,5,0,0,0,0,5,0,0,5,0,0,0,0,0,0,0,0,0,0,0,0,0,0
51,170,2,8,16,2,unchanged,1,5,6912,4360,4360,4400,4360,4400,4360,4400,5,0,0,0,0,5,0,0,5,5,0,0,0,0,5,0,0,5,5,0,0,0,0,5,0,0,5,0,0,0,0,0,0,0,0,0,0,0,0,0,0
51,170,2,0,16,4,unchanged,0,11,13056,13144,8584,8566,8584,8566,8584,8566,6,0,5,6,5,0,6,5,0,6,0,5,6,5,0,6,5,0,6,0,5,6,5,0,6,5,0,0,0,0,0,0,0,0,0,0,0,0,0,0,0
51,170,2,2,16,4,unchanged,0,11,13056,13144,8584,8588,8584,8588,8584,8588,6,0,5,6,0,5,6,0,5,6,0,5,6,0,5,6,0,5,6,0,5,6,0,5,6,0,5,0,0,0,0,0,0,0,0,0,0,0,0,0,0
51,170,2,4,16,4,unchanged,0,11,13056,13144,8584,8610,8584,8610,8584,8610,6,0,5,6,0,5,0,0,11,6,0,5,6,0,5,0,0,11,6,0,5,6,0,5,0,0,11,0,0,0,0,0,0,0,0,0,0,0,0,0,0
51,170,2,8,16,4,unchanged,0,11,13056,13144,8584,8654,8584,8654,8584,8654,6,0,5,6,0,5,0,0,11,6,0,5,6,0,5,0,0,11,6,0,5,6,0,5,0,0,11,0,0,0,0,0,0,0,0,0,0,0,0,0,0
51,170,2,0,16,4,one_edit,0,44,56832,57184,39040,38956,39136,38968,39136,38968,36,0,8,36,8,0,36,8,0,36,0,8,36,8,0,36,8,0,36,0,8,36,8,0,36,8,0,12,96,8,12,96,8,0,12,12,1,12,12,1,0
51,170,2,2,16,4,one_edit,0,44,56832,57184,39040,39044,39136,39056,39136,39056,36,0,8,36,0,8,24,0,20,36,0,8,36,0,8,24,0,20,36,0,8,36,0,8,24,0,20,12,96,8,12,96,8,0,12,12,1,12,12,1,0
51,170,2,4,16,4,one_edit,0,44,56832,57184,39040,39132,39136,39144,39136,39144,36,0,8,36,0,8,0,0,44,36,0,8,36,0,8,12,0,32,36,0,8,36,0,8,12,0,32,12,96,8,12,96,8,0,12,12,1,12,12,1,0
51,170,2,8,16,4,one_edit,0,44,56832,57184,39040,39308,39136,39320,39136,39320,36,0,8,36,0,8,0,0,44,36,0,8,36,0,8,12,0,32,36,0,8,36,0,8,12,0,32,12,96,8,12,96,8,0,12,12,1,12,12,1,0
51,170,2,0,16,4,far,0,121,175872,176840,113200,112934,113296,112946,113296,112946,109,0,12,109,12,0,102,19,0,109,0,12,109,12,0,102,19,0,109,0,12,109,12,0,102,19,0,12,96,8,12,96,8,0,12,12,1,12,12,1,0
51,170,2,2,16,4,far,0,121,175872,176840,113200,113176,113296,113188,113296,113188,109,0,12,109,0,12,82,0,39,109,0,12,109,0,12,82,0,39,109,0,12,109,0,12,82,0,39,12,96,8,12,96,8,0,12,12,1,12,12,1,0
51,170,2,4,16,4,far,0,121,175872,176840,113200,113418,113296,113430,113296,113430,109,0,12,109,0,12,0,0,121,109,0,12,109,0,12,12,0,109,109,0,12,109,0,12,12,0,109,12,96,8,12,96,8,0,12,12,1,12,12,1,0
51,170,2,8,16,4,far,0,121,175872,176840,113200,113902,113296,113914,113296,113914,109,0,12,109,0,12,0,0,121,109,0,12,109,0,12,12,0,109,109,0,12,109,0,12,12,0,109,12,96,8,12,96,8,0,12,12,1,12,12,1,0
51,170,2,0,16,4,far,1,55,111360,76376,71864,71804,71864,71804,71864,71804,55,0,0,12,43,0,12,43,0,55,0,0,12,43,0,12,43,0,55,0,0,12,43,0,12,43,0,0,0,0,0,0,0,0,0,0,0,0,0,0,0
51,170,2,2,16,4,far,1,55,111360,76376,71864,71914,71864,71914,71864,71914,55,0,0,12,0,43,12,0,43,55,0,0,12,0,43,12,0,43,55,0,0,12,0,43,12,0,43,0,0,0,0,0,0,0,0,0,0,0,0,0,0
51,170,2,4,16,4,far,1,55,111360,76376,71864,72024,71864,72024,71864,72024,55,0,0,12,0,43,12,0,43,55,0,0,12,0,43,12,0,43,55,0,0,12,0,43,12,0,43,0,0,0,0,0,0,0,0,0,0,0,0,0,0
51,170,2,8,16,4,far,1,55,111360,76376,71864,72244,71864,72244,71864,72244,55,0,0,12,0,43,0,0,55,55,0,0,12,0,43,0,0,55,55,0,0,12,0,43,0,0,55,0,0,0,0,0,0,0,0,0,0,0,0,0,0
51,170,2,0,16,4,one_edit,1,20,47616,35872,28320,28240,28320,28240,28320,28240,20,0,0,16,4,0,16,4,0,20,0,0,16,4,0,16,4,0,20,0,0,16,4,0,16,4,0,0,0,0,0,0,0,0,0,0,0,0,0,0,0
51,170,2,2,16,4,one_edit,1,20,47616,35872,28320,28280,28320,28280,28320,28280,20,0,0,16,0,4,16,0,4,20,0,0,16,0,4,16,0,4,20,0,0,16,0,4,16,0,4,0,0,0,0,0,0,0,0,0,0,0,0,0,0
51,170,2,4,16,4,one_edit,1,20,47616,35872,28320,28320,28320,28320,28320,28320,20,0,0,16,0,4,16,0,4,20,0,0,16,0,4,16,0,4,20,0,0,16,0,4,16,0,4,0,0,0,0,0,0,0,0,0,0,0,0,0,0
51,170,2,8,16,4,one_edit,1,20,47616,35872,28320,28400,28320,28400,28320,28400,20,0,0,16,0,4,0,0,20,20,0,0,16,0,4,0,0,20,20,0,0,16,0,4,0,0,20,0,0,0,0,0,0,0,0,0,0,0,0,0,0
51,170,2,0,16,4,unchanged,1,5,13056,8200,8200,8200,8200,8200,8200,8200,5,0,0,0,5,0,0,5,0,5,0,0,0,5,0,0,5,0,5,0,0,0,5,0,0,5,0,0,0,0,0,0,0,0,0,0,0,0,0,0,0
51,170,2,2,16,4,unchanged,1,5,13056,8200,8200,8210,8200,8210,8200,8210,5,0,0,0,0,5,0,0,5,5,0,0,0,0,5,0,0,5,5,0,0,0,0,5,0,0,5,0,0,0,0,0,0,0,0,0,0,0,0,0,0
51,170,2,4,16,4,unchanged,1,5,13056,8200,8200,8220,8200,8220,8200,8220,5,0,0,0,0,5,0,0,5,5,0,0,0,0,5,0,0,5,5,0,0,0,0,5,0,0,5,0,0,0,0,0,0,0,0,0,0,0,0,0,0
51,170,2,8,16,4,unchanged,1,5,13056,8200,8200,8240,8200,8240,8200,8240,5,0,0,0,0,5,0,0,5,5,0,0,0,0,5,0,0,5,5,0,0,0,0,5,0,0,5,0,0,0,0,0,0,0,0,0,0,0,0,0,0
51,170,4,0,1,1,unchanged,0,5,400,440,440,436,440,440,440,440,0,0,5,4,1,0,4,1,0,0,0,5,0,5,0,0,5,0,0,0,5,0,5,0,0,5,0,0,0,0,0,0,0,0,4,4,1,4,4,1,0
51,170,4,2,1,1,unchanged,0,5,400,440,440,446,440,450,440,450,0,0,5,0,0,5,0,0,5,0,0,5,0,0,5,0,0,5,0,0,5,0,0,5,0,0,5,0,0,0,0,0,0,0,4,4,1,4,4,1,0
51,170,4,4,1,1,unchanged,0,5,400,440,440,456,440,460,440,460,0,0,5,0,0,5,0,0,5,0,0,5,0,0,5,0,0,5,0,0,5,0,0,5,0,0,5,0,0,0,0,0,0,0,4,4,1,4,4,1,0
51,170,4,8,1,1,unchanged,0,5,400,440,440,476,440,480,440,480,0,0,5,0,0,5,0,0,5,0,0,5,0,0,5,0,0,5,0,0,5,0,0,5,0,0,5,0,0,0,0,0,0,0,4,4,1,4,4,1,0
51,170,4,0,1,1,one_edit,0,20,1720,1880,1832,1820,1832,1820,1832,1820,0,0,20,12,8,0,12,8,0,0,0,20,12,8,0,12,8,0,0,0,20,12,8,0,12,8,0,0,0,0,0,0,0,0,0,0,0,0,0,0,0
51,170,4,2,1,1,one_edit,0,20,1720,1880,1832,1860,1832,1860,1832,1860,0,0,20,12,0,8,0,0,20,0,0,20,12,0,8,0,0,20,0,0,20,12,0,8,0,0,20,0,0,0,0,0,0,0,0,0,0,0,0,0,0
51,170,4,4,1,1,one_edit,0,20,1720,1880,1832,1900,1832,1900,1832,1900,0,0,20,12,0,8,0,0,20,0,0,20,12,0,8,0,0,20,0,0,20,12,0,8,0,0,20,0,0,0,0,0,0,0,0,0,0,0,0,0,0
51,170,4,8,1,1,one_edit,0,20,1720,1880,1832,1980,1832,1980,1832,1980,0,0,20,0,0,20,0,0,20,0,0,20,0,0,20,0,0,20,0,0,20,0,0,20,0,0,20,0,0,0,0,0,0,0,0,0,0,0,0,0,0
51,170,4,0,1,1,far,0,55,5240,5680,5408,5328,5408,5340,5408,5340,21,0,34,55,0,0,48,7,0,21,0,34,43,12,0,36,19,0,21,0,34,43,12,0,36,19,0,0,0,0,0,0,0,0,12,12,1,12,12,1,0
51,170,4,2,1,1,far,0,55,5240,5680,5408,5438,5408,5450,5408,5450,5,0,50,43,0,12,16,0,39,5,0,50,43,0,12,16,0,39,5,0,50,43,0,12,16,0,39,0,0,0,0,0,0,0,12,12,1,12,12,1,0
51,170,4,4,1,1,far,0,55,5240,5680,5408,5548,5408,5560,5408,5560,5,0,50,37,6,12,0,0,55,5,0,50,37,6,12,0,0,55,5,0,50,37,6,12,0,0,55,0,0,0,0,0,0,0,12,12,1,12,12,1,0
51,170,4,8,1,1,far,0,55,5240,5680,5408,5768,5408,5780,5408,5780,4,1,50,21,0,34,0,0,55,4,1,50,21,0,34,0,0,55,4,1,50,21,0,34,0,0,55,0,0,0,0,0,0,0,12,12,1,12,12,1,0
51,170,4,0,1,1,far,1,121,29960,20200,19696,19426,20008,19426,20008,19426,121,0,0,78,43,0,78,43,0,121,0,0,78,43,0,78,43,0,121,0,0,78,43,0,78,43,0,42,312,8,42,312,8,0,0,0,0,0,0,0,0
51,170,4,2,1,1,far,1,121,29960,20200,19696,19668,20008,19668,20008,19668,121,0,0,78,0,43,78,0,43,121,0,0,78,0,43,78,0,43,121,0,0,78,0,43,78,0,43,42,312,8,42,312,8,0,0,0,0,0,0,0,0
51,170,4,4,1,1,far,1,121,29960,20200,19696,19910,20008,19910,20008,19910,121,0,0,60,0,61,12,12,97,121,0,0,60,0,61,54,0,67,121,0,0,60,0,61,54,0,67,42,312,8,42,312,8,0,0,0,0,0,0,0,0
51,170,4,8,1,1,far,1,121,29960,20200,19696,20394,20008,20394,20008,20394,121,0,0,48,0,73,0,0,121,121,0,0,48,0,73,42,0,79,121,0,0,48,0,73,42,0,79,42,312,8,42,312,8,0,0,0,0,0,0,0,0
51,170,4,0,1,1,one_edit,1,44,11080,7568,7392,7228,7464,7228,7464,7228,44,0,0,40,4,0,40,4,0,44,0,0,40,4,0,40,4,0,44,0,0,40,4,0,40,4,0,12,72,6,12,72,6,0,0,0,0,0,0,0,0
51,170,4,2,1,1,one_edit,1,44,11080,7568,7392,7316,7464,7316,7464,7316,44,0,0,40,0,4,40,0,4,44,0,0,40,0,4,40,0,4,44,0,0,40,0,4,40,0,4,12,72,6,12,72,6,0,0,0,0,0,0,0,0
51,170,4,4,1,1,one_edit,1,44,11080,7568,7392,7404,7464,7404,7464,7404,44,0,0,28,0,16,16,12,16,44,0,0,28,0,16,28,0,16,44,0,0,28,0,16,28,0,16,12,72,6,12,72,6,0,0,0,0,0,0,0,0
51,170,4,8,1,1,one_edit,1,44,11080,7568,7392,7580,7464,7580,7464,7580,44,0,0,16,0,28,0,0,44,44,0,0,16,0,28,12,0,32,44,0,0,16,0,28,12,0,32,12,72,6,12,72,6,0,0,0,0,0,0,0,0
51,170,4,0,1,1,unchanged,1,11,2800,1848,1800,1782,1848,1782,1848,1782,11,0,0,6,5,0,6,5,0,11,0,0,6,5,0,6,5,0,11,0,0,6,5,0,6,5,0,6,48,8,6,48,8,0,0,0,0,0,0,0,0
51,170,4,2,1,1,unchanged,1,11,2800,1848,1800,1804,1848,1804,1848,1804,11,0,0,6,0,5,6,0,5,11,0,0,6,0,5,6,0,5,11,0,0,6,0,5,6,0,5,6,48,8,6,48,8,0,0,0,0,0,0,0,0
51,170,4,4,1,1,unchanged,1,11,2800,1848,1800,1826,1848,1826,1848,1826,11,0,0,6,0,5,0,0,11,11,0,0,6,0,5,6,0,5,11,0,0,6,0,5,6,0,5,6,48,8,6,48,8,0,0,0,0,0,0,0,0
51,170,4,8,1,1,unchanged,1,11,2800,1848,1800,1870,1848,1870,1848,1870,11,0,0,6,0,5,0,0,11,11,0,0,6,0,5,6,0,5,11,0,0,6,0,5,6,0,5,6,48,8,6,48,8,0,0,0,0,0,0,0,0
51,170,4,0,1,2,unchanged,0,5,480,520,520,500,520,520,520,520,0,0,5,4,1,0,4,1,0,0,0,5,0,5,0,0,5,0,0,0,5,0,5,0,0,5,0,0,0,0,0,0,0,0,4,20,5,4,20,5,0
51,170,4,2,1,2,unchanged,0,5,480,520,520,510,520,530,520,530,0,0,5,4,0,1,4,0,1,0,0,5,0,0,5,0,0,5,0,0,5,0,0,5,0,0,5,0,0,0,0,0,0,0,4,20,5,4,20,5,0
51,170,4,4,1,2,unchanged,0,5,480,520,520,520,520,540,520,540,0,0,5,4,0,1,4,0,1,0,0,5,0,0,5,0,0,5,0,0,5,0,0,5,0,0,5,0,0,0,0,0,0,0,4,20,5,4,20,5,0
51,170,4,8,1,2,unchanged,0,5,480,520,520,540,520,560,520,560,0,0,5,0,0,5,0,0,5,0,0,5,0,0,5,0,0,5,0,0,5,0,0,5,0,0,5,0,0,0,0,0,0,0,4,20,5,4,20,5,0
51,170,4,0,1,2,one_edit,0,20,2160,2320,2128,2112,2128,2116,2128,2116,12,0,8,16,4,0,16,4,0,12,0,8,12,8,0,12,8,0,12,0,8,12,8,0,12,8,0,0,0,0,0,0,0,0,4,4,1,4,4,1,0
51,170,4,2,1,2,one_edit,0,20,2160,2320,2128,2152,2128,2156,2128,2156,12,0,8,12,0,8,0,0,20,12,0,8,12,0,8,0,0,20,12,0,8,12,0,8,0,0,20,0,0,0,0,0,0,0,4,4,1,4,4,1,0
51,170,4,4,1,2,one_edit,0,20,2160,2320,2128,2192,2128,2196,2128,2196,12,0,8,12,0,8,0,0,20,12,0,8,12,0,8,0,0,20,12,0,8,12,0,8,0,0,20,0,0,0,0,0,0,0,4,4,1,4,4,1,0
51,170,4,8,1,2,one_edit,0,20,2160,2320,2128,2272,2128,2276,2128,2276,12,0,8,12,0,8,0,0,20,12,0,8,12,0,8,0,0,20,12,0,8,12,0,8,0,0,20,0,0,0,0,0,0,0,4,4,1,4,4,1,0
51,170,4,0,1,2,far,0,55,6960,7400,6512,6384,6512,6444,6512,6444,43,0,12,55,0,0,48,7,0,43,0,12,43,12,0,36,19,0,43,0,12,43,12,0,36,19,0,0,0,0,0,0,0,0,12,60,5,12,60,5,0
51,170,4,2,1,2,far,0,55,6960,7400,6512,6494,6512,6554,6512,6554,43,0,12,55,0,0,28,0,27,43,0,12,43,0,12,16,0,39,43,0,12,43,0,12,16,0,39,0,0,0,0,0,0,0,12,60,5,12,60,5,0
51,170,4,4,1,2,far,0,55,6960,7400,6512,6604,6512,6664,6512,6664,43,0,12,55,0,0,12,0,43,43,0,12,43,0,12,0,0,55,43,0,12,43,0,12,0,0,55,0,0,0,0,0,0,0,12,60,5,12,60,5,0
51,170,4,8,1,2,far,0,55,6960,7400,6512,6824,6512,6884,6512,6884,37,6,12,43,0,12,0,0,55,37,6,12,43,0,12,0,0,55,37,6,12,43,0,12,0,0,55,0,0,0,0,0,0,0,12,60,5,12,60,5,0
51,170,4,0,1,2,far,1,121,35280,23944,22336,22066,23248,22066,23248,22066,121,0,0,78,43,0,78,43,0,121,0,0,78,43,0,78,43,0,121,0,0,78,43,0,78,43,0,60,912,24,60,912,24,0,0,0,0,0,0,0,0
51,170,4,2,1,2,far,1,121,35280,23944,22336,22308,23248,22308,23248,22308,121,0,0,78,0,43,78,0,43,121,0,0,78,0,43,78,0,43,121,0,0,78,0,43,78,0,43,60,912,24,60,912,24,0,0,0,0,0,0,0,0
51,170,4,4,1,2,far,1,121,35280,23944,22336,22550,23248,22550,23248,22550,121,0,0,78,0,43,12,12,97,121,0,0,78,0,43,72,0,49,121,0,0,78,0,43,72,0,49,60,912,24,60,912,24,0,0,0,0,0,0,0,0
51,170,4,8,1,2,far,1,121,35280,23944,22336,23034,23248,23034,23248,23034,121,0,0,78,0,43,0,0,121,121,0,0,78,0,43,60,0,61,121,0,0,78,0,43,60,0,61,60,912,24,60,912,24,0,0,0,0,0,0,0,0
51,170,4,0,1,2,one_edit,1,44,13200,9152,8504,8340,8648,8340,8648,8340,44,0,0,40,4,0,40,4,0,44,0,0,40,4,0,40,4,0,44,0,0,40,4,0,40,4,0,24,144,6,24,144,6,0,0,0,0,0,0,0,0
51,170,4,2,1,2,one_edit,1,44,13200,9152,8504,8428,8648,8428,8648,8428,44,0,0,40,0,4,40,0,4,44,0,0,40,0,4,40,0,4,44,0,0,40,0,4,40,0,4,24,144,6,24,144,6,0,0,0,0,0,0,0,0
51,170,4,4,1,2,one_edit,1,44,13200,9152,8504,8516,8648,8516,8648,8516,44,0,0,40,0,4,16,12,16,44,0,0,40,0,4,40,0,4,44,0,0,40,0,4,40,0,4,24,144,6,24,144,6,0,0,0,0,0,0,0,0
51,170,4,8,1,2,one_edit,1,44,13200,9152,8504,8692,8648,8692,8648,8692,44,0,0,40,0,4,0,0,44,44,0,0,40,0,4,24,0,20,44,0,0,40,0,4,24,0,20,24,144,6,24,144,6,0,0,0,0,0,0,0,0
51,170,4,0,1,2,unchanged,1,11,3360,2200,2056,2038,2200,2038,2200,2038,11,0,0,6,5,0,6,5,0,11,0,0,6,5,0,6,5,0,11,0,0,6,5,0,6,5,0,6,144,24,6,144,24,0,0,0,0,0,0,0,0
51,170,4,2,1,2,unchanged,1,11,3360,2200,2056,2060,2200,2060,2200,2060,11,0,0,6,0,5,6,0,5,11,0,0,6,0,5,6,0,5,11,0,0,6,0,5,6,0,5,6,144,24,6,144,24,0,0,0,0,0,0,0,0
51,170,4,4,1,2,unchanged,1,11,3360,2200,2056,2082,2200,2082,2200,2082,11,0,0,6,0,5,0,0,11,11,0,0,6,0,5,6,0,5,11,0,0,6,0,5,6,0,5,6,144,24,6,144,24,0,0,0,0,0,0,0,0
51,170,4,8,1,2,unchanged,1,11,3360,2200,2056,2126,2200,2126,2200,2126,11,0,0,6,0,5,0,0,11,11,0,0,6,0,5,6,0,5,11,0,0,6,0,5,6,0,5,6,144,24,6,144,24,0,0,0,0,0,0,0,0
51,170,4,0,1,4,unchanged,0,5,640,680,648,628,680,680,680,680,4,0,1,4,1,0,4,1,0,0,0,5,0,5,0,0,5,0,0,0,5,0,5,0,0,5,0,4,32,8,4,32,8,0,4,52,13,4,52,13,0
51,170,4,2,1,4,unchanged,0,5,640,680,648,638,680,690,680,690,4,0,1,4,0,1,4,0,1,0,0,5,0,0,5,0,0,5,0,0,5,0,0,5,0,0,5,4,32,8,4,32,8,0,4,52,13,4,52,13,0
51,170,4,4,1,4,unchanged,0,5,640,680,648,648,680,700,680,700,4,0,1,4,0,1,4,0,1,0,0,5,0,0,5,0,0,5,0,0,5,0,0,5,0,0,5,4,32,8,4,32,8,0,4,52,13,4,52,13,0
51,170,4,8,1,4,unchanged,0,5,640,680,648,668,680,720,680,720,0,0,5,4,0,1,0,0,5,0,0,5,0,0,5,0,0,5,0,0,5,0,0,5,0,0,5,4,32,8,4,32,8,0,4,52,13,4,52,13,0
51,170,4,0,1,4,one_edit,0,20,3040,3200,2720,2676,2720,2708,2720,2708,12,0,8,20,0,0,20,0,0,12,0,8,12,8,0,12,8,0,12,0,8,12,8,0,12,8,0,0,0,0,0,0,0,0,8,32,5,8,32,5,0
51,170,4,2,1,4,one_edit,0,20,3040,3200,2720,2716,2720,2748,2720,2748,12,0,8,20,0,0,8,0,12,12,0,8,12,0,8,0,0,20,12,0,8,12,0,8,0,0,20,0,0,0,0,0,0,0,8,32,5,8,32,5,0
51,170,4,4,1,4,one_edit,0,20,3040,3200,2720,2756,2720,2788,2720,2788,12,0,8,16,0,4,4,0,16,12,0,8,12,0,8,0,0,20,12,0,8,12,0,8,0,0,20,0,0,0,0,0,0,0,8,32,5,8,32,5,0
51,170,4,8,1,4,one_edit,0,20,3040,3200,2720,2836,2720,2868,2720,2868,12,0,8,12,0,8,0,0,20,12,0,8,12,0,8,0,0,20,12,0,8,12,0,8,0,0,20,0,0,0,0,0,0,0,8,32,5,8,32,5,0
51,170,4,0,1,4,far,0,55,10400,10840,8624,8496,8720,8652,8720,8652,55,0,0,55,0,0,48,7,0,43,0,12,43,12,0,36,19,0,43,0,12,43,12,0,36,19,0,12,96,8,12,96,8,0,12,156,13,12,156,13,0
51,170,4,2,1,4,far,0,55,10400,10840,8624,8606,8720,8762,8720,8762,55,0,0,55,0,0,28,0,27,43,0,12,43,0,12,16,0,39,43,0,12,43,0,12,16,0,39,12,96,8,12,96,8,0,12,156,13,12,156,13,0
51,170,4,4,1,4,far,0,55,10400,10840,8624,8716,8720,8872,8720,8872,55,0,0,55,0,0,12,0,43,43,0,12,43,0,12,0,0,55,43,0,12,43,0,12,0,0,55,12,96,8,12,96,8,0,12,156,13,12,156,13,0
51,170,4,8,1,4,far,0,55,10400,10840,8624,8936,8720,9092,8720,9092,43,0,12,55,0,0,0,0,55,43,0,12,43,0,12,0,0,55,43,0,12,43,0,12,0,0,55,12,96,8,12,96,8,0,12,156,13,12,156,13,0
51,170,4,0,1,4,far,1,121,45920,31432,27616,27346,29728,27346,29728,27346,121,0,0,78,43,0,78,43,0,121,0,0,78,43,0,78,43,0,121,0,0,78,43,0,78,43,0,60,2112,56,60,2112,56,0,0,0,0,0,0,0,0
51,170,4,2,1,4,far,1,121,45920,31432,27616,27588,29728,27588,29728,27588,121,0,0,78,0,43,78,0,43,121,0,0,78,0,43,78,0,43,121,0,0,78,0,43,78,0,43,60,2112,56,60,2112,56,0,0,0,0,0,0,0,0
51,170,4,4,1,4,far,1,121,45920,31432,27616,27830,29728,27830,29728,27830,121,0,0,78,0,43,12,12,97,121,0,0,78,0,43,72,0,49,121,0,0,78,0,43,72,0,49,60,2112,56,60,2112,56,0,0,0,0,0,0,0,0
51,170,4,8,1,4,far,1,121,45920,31432,27616,28314,29728,28314,29728,28314,121,0,0,78,0,43,0,0,121,121,0,0,78,0,43,60,0,61,121,0,0,78,0,43,60,0,61,60,2112,56,60,2112,56,0,0,0,0,0,0,0,0
51,170,4,0,1,4,one_edit,1,44,17440,12320,10728,10564,11016,10564,11016,10564,44,0,0,40,4,0,40,4,0,44,0,0,40,4,0,40,4,0,44,0,0,40,4,0,40,4,0,24,288,18,24,288,18,0,0,0,0,0,0,0,0
51,170,4,2,1,4,one_edit,1,44,17440,12320,10728,10652,11016,10652,11016,10652,44,0,0,40,0,4,40,0,4,44,0,0,40,0,4,40,0,4,44,0,0,40,0,4,40,0,4,24,288,18,24,288,18,0,0,0,0,0,0,0,0
51,170,4,4,1,4,one_edit,1,44,17440,12320,10728,10740,11016,10740,11016,10740,44,0,0,40,0,4,16,12,16,44,0,0,40,0,4,40,0,4,44,0,0,40,0,4,40,0,4,24,288,18,24,288,18,0,0,0,0,0,0,0,0
51,170,4,8,1,4,one_edit,1,44,17440,12320,10728,10916,11016,10916,11016,10916,44,0,0,40,0,4,0,0,44,44,0,0,40,0,4,24,0,20,44,0,0,40,0,4,24,0,20,24,288,18,24,288,18,0,0,0,0,0,0,0,0
51,170,4,0,1,4,unchanged,1,11,4480,2904,2568,2550,2904,2550,2904,2550,11,0,0,6,5,0,6,5,0,11,0,0,6,5,0,6,5,0,11,0,0,6,5,0,6,5,0,6,336,56,6,336,56,0,0,0,0,0,0,0,0
51,170,4,2,1,4,unchanged,1,11,4480,2904,2568,2572,2904,2572,2904,2572,11,0,0,6,0,5,6,0,5,11,0,0,6,0,5,6,0,5,11,0,0,6,0,5,6,0,5,6,336,56,6,336,56,0,0,0,0,0,0,0,0
51,170,4,4,1,4,unchanged,1,11,4480,2904,2568,2594,2904,2594,2904,2594,11,0,0,6,0,5,0,0,11,11,0,0,6,0,5,6,0,5,11,0,0,6,0,5,6,0,5,6,336,56,6,336,56,0,0,0,0,0,0,0,0
51,170,4,8,1,4,unchanged,1,11,4480,2904,2568,2638,2904,2638,2904,2638,11,0,0,6,0,5,0,0,11,11,0,0,6,0,5,6,0,5,11,0,0,6,0,5,6,0,5,6,336,56,6,336,56,0,0,0,0,0,0,0,0
51,170,4,0,4,1,unchanged,0,5,640,680,648,628,664,628,680,628,4,0,1,4,1,0,4,1,0,4,0,1,4,1,0,4,1,0,4,0,1,4,1,0,4,1,0,2,16,8,4,32,8,2,0,0,0,0,0,0,0
51,170,4,2,4,1,unchanged,0,5,640,680,648,638,664,638,680,638,4,0,1,4,0,1,4,0,1,4,0,1,4,0,1,4,0,1,4,0,1,4,0,1,4,0,1,2,16,8,4,32,8,2,0,0,0,0,0,0,0
51,170,4,4,4,1,unchanged,0,5,640,680,648,648,664,648,680,648,4,0,1,4,0,1,4,0,1,4,0,1,4,0,1,4,0,1,4,0,1,4,0,1,4,0,1,2,16,8,4,32,8,2,0,0,0,0,0,0,0
51,170,4,8,4,1,unchanged,0,5,640,680,648,668,664,668,680,668,0,0,5,4,0,1,0,0,5,0,0,5,4,0,1,2,0,3,0,0,5,4,0,1,4,0,1,2,16,8,4,32,8,2,0,0,0,0,0,0,0
51,170,4,0,4,1,one_edit,0,20,3040,3200,2720,2640,2720,2640,2720,2640,12,0,8,20,0,0,20,0,0,12,0,8,20,0,0,20,0,0,12,0,8,20,0,0,20,0,0,0,0,0,0,0,0,0,0,0,0,0,0,0,0
51,170,4,2,4,1,one_edit,0,20,3040,3200,2720,2680,2720,2680,2720,2680,12,0,8,20,0,0,20,0,0,12,0,8,20,0,0,20,0,0,12,0,8,20,0,0,20,0,0,0,0,0,0,0,0,0,0,0,0,0,0,0,0
51,170,4,4,4,1,one_edit,0,20,3040,3200,2720,2720,2720,2720,2720,2720,12,0,8,16,0,4,4,12,4,12,0,8,16,0,4,4,12,4,12,0,8,16,0,4,4,12,4,0,0,0,0,0,0,0,0,0,0,0,0,0,0
51,170,4,8,4,1,one_edit,0,20,3040,3200,2720,2800,2720,2800,2720,2800,12,0,8,12,0,8,0,0,20,12,0,8,12,0,8,0,0,20,12,0,8,12,0,8,0,0,20,0,0,0,0,0,0,0,0,0,0,0,0,0,0
51,170,4,0,4,1,far,0,55,10400,10840,8624,8368,8672,8368,8720,8368,55,0,0,55,0,0,48,7,0,55,0,0,55,0,0,48,7,0,55,0,0,55,0,0,48,7,0,6,48,8,12,96,8,6,0,0,0,0,0,0,0
51,170,4,2,4,1,far,0,55,10400,10840,8624,8478,8672,8478,8720,8478,55,0,0,55,0,0,44,0,11,55,0,0,55,0,0,44,0,11,55,0,0,55,0,0,44,0,11,6,48,8,12,96,8,6,0,0,0,0,0,0,0
51,170,4,4,4,1,far,0,55,10400,10840,8624,8588,8672,8588,8720,8588,55,0,0,55,0,0,28,16,11,55,0,0,55,0,0,28,16,11,55,0,0,55,0,0,28,16,11,6,48,8,12,96,8,6,0,0,0,0,0,0,0
51,170,4,8,4,1,far,0,55,10400,10840,8624,8808,8672,8808,8720,8808,43,0,12,55,0,0,0,16,39,43,0,12,55,0,0,6,16,33,43,0,12,55,0,0,12,16,27,6,48,8,12,96,8,6,0,0,0,0,0,0,0
51,170,4,0,4,1,far,1,121,45920,31432,27544,27110,27704,27118,27544,27118,121,0,0,94,27,0,94,27,0,121,0,0,94,23,4,98,23,0,121,0,0,94,23,4,94,23,4,20,160,8,0,0,0,20,4,8,2,4,8,2,0
51,170,4,2,4,1,far,1,121,45920,31432,27544,27352,27704,27360,27544,27360,121,0,0,78,16,27,78,16,27,121,0,0,78,16,27,98,0,23,121,0,0,78,16,27,78,16,27,20,160,8,0,0,0,20,4,8,2,4,8,2,0
51,170,4,4,4,1,far,1,121,45920,31432,27544,27594,27704,27602,27544,27602,121,0,0,78,0,43,24,0,97,121,0,0,78,0,43,44,0,77,121,0,0,78,0,43,24,0,97,20,160,8,0,0,0,20,4,8,2,4,8,2,0
51,170,4,8,4,1,far,1,121,45920,31432,27544,28078,27704,28086,27544,28086,121,0,0,78,0,43,24,0,97,121,0,0,78,0,43,40,0,81,121,0,0,78,0,43,24,0,97,20,160,8,0,0,0,20,4,8,2,4,8,2,0
51,170,4,0,4,1,one_edit,1,44,17440,12320,10656,10332,10688,10332,10656,10332,44,0,0,44,0,0,44,0,0,44,0,0,44,0,0,44,0,0,44,0,0,44,0,0,44,0,0,4,32,8,0,0,0,4,0,0,0,0,0,0,0
51,170,4,2,4,1,one_edit,1,44,17440,12320,10656,10420,10688,10420,10656,10420,44,0,0,40,4,0,40,4,0,44,0,0,40,4,0,44,0,0,44,0,0,40,4,0,40,4,0,4,32,8,0,0,0,4,0,0,0,0,0,0,0
51,170,4,4,4,1,one_edit,1,44,17440,12320,10656,10508,10688,10508,10656,10508,44,0,0,40,0,4,28,0,16,44,0,0,40,0,4,32,0,12,44,0,0,40,0,4,28,0,16,4,32,8,0,0,0,4,0,0,0,0,0,0,0
51,170,4,8,4,1,one_edit,1,44,17440,12320,10656,10684,10688,10684,10656,10684,44,0,0,40,0,4,28,0,16,44,0,0,40,0,4,32,0,12,44,0,0,40,0,4,28,0,16,4,32,8,0,0,0,4,0,0,0,0,0,0,0
51,170,4,0,4,1,unchanged,1,11,4480,2904,2568,2550,2568,2550,2568,2550,11,0,0,6,5,0,6,5,0,11,0,0,6,5,0,6,5,0,11,0,0,6,5,0,6,5,0,0,0,0,0,0,0,0,0,0,0,0,0,0,0
51,170,4,2,4,1,unchanged,1,11,4480,2904,2568,2572,2568,2572,2568,2572,11,0,0,6,0,5,6,0,5,11,0,0,6,0,5,6,0,5,11,0,0,6,0,5,6,0,5,0,0,0,0,0,0,0,0,0,0,0,0,0,0
51,170,4,4,4,1,unchanged,1,11,4480,2904,2568,2594,2568,2594,2568,2594,11,0,0,6,0,5,0,0,11,11,0,0,6,0,5,0,0,11,11,0,0,6,0,5,0,0,11,0,0,0,0,0,0,0,0,0,0,0,0,0,0
51,170,4,8,4,1,unchanged,1,11,4480,2904,2568,2638,2568,2638,2568,2638,11,0,0,6,0,5,0,0,11,11,0,0,6,0,5,0,0,11,11,0,0,6,0,5,0,0,11,0,0,0,0,0,0,0,0,0,0,0,0,0,0
51,170,4,0,4,2,unchanged,0,5,960,1000,904,884,952,884,1000,884,4,0,1,4,1,0,4,1,0,4,0,1,4,1,0,4,1,0,4,0,1,4,1,0,4,1,0,2,48,24,4,96,24,2,0,0,0,0,0,0,0
51,170,4,2,4,2,unchanged,0,5,960,1000,904,894,952,894,1000,894,4,0,1,4,0,1,4,0,1,4,0,1,4,0,1,4,0,1,4,0,1,4,0,1,4,0,1,2,48,24,4,96,24,2,0,0,0,0,0,0,0
51,170,4,4,4,2,unchanged,0,5,960,1000,904,904,952,904,1000,904,4,0,1,4,0,1,4,0,1,4,0,1,4,0,1,4,0,1,4,0,1,4,0,1,4,0,1,2,48,24,4,96,24,2,0,0,0,0,0,0,0
51,170,4,8,4,2,unchanged,0,5,960,1000,904,924,952,924,1000,924,4,0,1,4,0,1,0,0,5,4,0,1,4,0,1,2,0,3,4,0,1,4,0,1,4,0,1,2,48,24,4,96,24,2,0,0,0,0,0,0,0
51,170,4,0,4,2,one_edit,0,20,4800,4960,3840,3760,3984,3784,3904,3784,20,0,0,20,0,0,20,0,0,20,0,0,20,0,0,20,0,0,20,0,0,20,0,0,20,0,0,18,144,8,8,64,8,14,12,24,2,12,24,2,0
51,170,4,2,4,2,one_edit,0,20,4800,4960,3840,3800,3984,3824,3904,3824,20,0,0,20,0,0,20,0,0,20,0,0,20,0,0,20,0,0,20,0,0,20,0,0,8,12,0,18,144,8,8,64,8,14,12,24,2,12,24,2,0
51,170,4,4,4,2,one_edit,0,20,4800,4960,3840,3840,3984,3864,3904,3864,16,0,4,20,0,0,4,12,4,16,0,4,20,0,0,20,0,0,16,0,4,20,0,0,8,0,12,18,144,8,8,64,8,14,12,24,2,12,24,2,0
51,170,4,8,4,2,one_edit,0,20,4800,4960,3840,3920,3984,3944,3904,3944,12,0,8,20,0,0,0,0,20,12,0,8,20,0,0,18,0,2,12,0,8,20,0,0,8,0,12,18,144,8,8,64,8,14,12,24,2,12,24,2,0
51,170,4,0,4,2,far,0,55,17280,17720,12848,12560,13248,12592,13136,12592,55,0,0,55,0,0,48,7,0,55,0,0,55,0,0,48,7,0,55,0,0,55,0,0,48,7,0,38,400,24,12,288,24,38,16,32,2,16,32,2,0
51,170,4,2,4,2,far,0,55,17280,17720,12848,12670,13248,12702,13136,12702,55,0,0,55,0,0,44,0,11,55,0,0,55,0,0,44,0,11,55,0,0,55,0,0,28,16,11,38,400,24,12,288,24,38,16,32,2,16,32,2,0
51,170,4,4,4,2,far,0,55,17280,17720,12848,12780,13248,12812,13136,12812,55,0,0,55,0,0,28,16,11,55,0,0,55,0,0,44,0,11,55,0,0,55,0,0,28,0,27,38,400,24,12,288,24,38,16,32,2,16,32,2,0
51,170,4,8,4,2,far,0,55,17280,17720,12848,13000,13248,13032,13136,13032,55,0,0,55,0,0,16,0,39,55,0,0,55,0,0,38,0,17,55,0,0,55,0,0,28,0,27,38,400,24,12,288,24,38,16,32,2,16,32,2,0
51,170,4,0,4,2,far,1,121,67200,46408,38104,37590,38712,37630,38104,37630,121,0,0,94,27,0,94,27,0,121,0,0,94,23,4,98,23,0,121,0,0,94,23,4,94,23,4,56,608,16,0,0,0,56,16,40,4,16,40,4,0
51,170,4,2,4,2,far,1,121,67200,46408,38104,37832,38712,37872,38104,37872,121,0,0,94,0,27,94,0,27,121,0,0,94,0,27,98,0,23,121,0,0,94,0,27,82,0,39,56,608,16,0,0,0,56,16,40,4,16,40,4,0
51,170,4,4,4,2,far,1,121,67200,46408,38104,38074,38712,38114,38104,38114,121,0,0,78,16,27,24,16,81,121,0,0,78,16,27,56,0,65,121,0,0,78,16,27,24,16,81,56,608,16,0,0,0,56,16,40,4,16,40,4,0
51,170,4,8,4,2,far,1,121,67200,46408,38104,38558,38712,38598,38104,38598,121,0,0,78,0,43,24,0,97,121,0,0,78,0,43,56,0,65,121,0,0,78,0,43,24,0,97,56,608,16,0,0,0,56,16,40,4,16,40,4,0
51,170,4,0,4,2,one_edit,1,44,25920,18656,15104,14716,15488,14740,15104,14740,44,0,0,44,0,0,44,0,0,44,0,0,44,0,0,44,0,0,44,0,0,44,0,0,44,0,0,44,384,16,0,0,0,44,12,24,2,12,24,2,0
51,170,4,2,4,2,one_edit,1,44,25920,18656,15104,14804,15488,14828,15104,14828,44,0,0,44,0,0,44,0,0,44,0,0,44,0,0,44,0,0,44,0,0,44,0,0,32,0,12,44,384,16,0,0,0,44,12,24,2,12,24,2,0
51,170,4,4,4,2,one_edit,1,44,25920,18656,15104,14892,15488,14916,15104,14916,44,0,0,40,4,0,28,4,12,44,0,0,40,4,0,44,0,0,44,0,0,40,4,0,28,4,12,44,384,16,0,0,0,44,12,24,2,12,24,2,0
51,170,4,8,4,2,one_edit,1,44,25920,18656,15104,15068,15488,15092,15104,15092,44,0,0,40,0,4,28,0,16,44,0,0,40,0,4,44,0,0,44,0,0,40,0,4,28,0,16,44,384,16,0,0,0,44,12,24,2,12,24,2,0
51,170,4,0,4,2,unchanged,1,11,6720,4312,3592,3574,3592,3574,3592,3574,11,0,0,6,5,0,6,5,0,11,0,0,6,5,0,6,5,0,11,0,0,6,5,0,6,5,0,0,0,0,0,0,0,0,0,0,0,0,0,0,0
51,170,4,2,4,2,unchanged,1,11,6720,4312,3592,3596,3592,3596,3592,3596,11,0,0,6,0,5,6,0,5,11,0,0,6,0,5,6,0,5,11,0,0,6,0,5,6,0,5,0,0,0,0,0,0,0,0,0,0,0,0,0,0
51,170,4,4,4,2,unchanged,1,11,6720,4312,3592,3618,3592,3618,3592,3618,11,0,0,6,0,5,0,0,11,11,0,0,6,0,5,0,0,11,11,0,0,6,0,5,0,0,11,0,0,0,0,0,0,0,0,0,0,0,0,0,0
51,170,4,8,4,2,unchanged,1,11,6720,4312,3592,3662,3592,3662,3592,3662,11,0,0,6,0,5,0,0,11,11,0,0,6,0,5,0,0,11,11,0,0,6,0,5,0,0,11,0,0,0,0,0,0,0,0,0,0,0,0,0,0
51,170,4,0,4,4,unchanged,0,5,1600,1640,1416,1396,1528,1396,1640,1396,4,0,1,4,1,0,4,1,0,4,0,1,4,1,0,4,1,0,4,0,1,4,1,0,4,1,0,2,112,56,4,224,56,2,0,0,0,0,0,0,0
51,170,4,2,4,4,unchanged,0,5,1600,1640,1416,1406,1528,1406,1640,1406,4,0,1,4,0,1,4,0,1,4,0,1,4,0,1,4,0,1,4,0,1,4,0,1,4,0,1,2,112,56,4,224,56,2,0,0,0,0,0,0,0
51,170,4,4,4,4,unchanged,0,5,1600,1640,1416,1416,1528,1416,1640,1416,4,0,1,4,0,1,4,0,1,4,0,1,4,0,1,4,0,1,4,0,1,4,0,1,4,0,1,2,112,56,4,224,56,2,0,0,0,0,0,0,0
51,170,4,8,4,4,unchanged,0,5,1600,1640,1416,1436,1528,1436,1640,1436,4,0,1,4,0,1,0,0,5,4,0,1,4,0,1,2,0,3,4,0,1,4,0,1,4,0,1,2,112,56,4,224,56,2,0,0,0,0,0,0,0
51,170,4,0,4,4,one_edit,0,20,8320,8480,6080,6000,6512,6072,6272,6072,20,0,0,20,0,0,20,0,0,20,0,0,20,0,0,20,0,0,20,0,0,20,0,0,8,0,12,18,432,24,8,192,24,14,12,72,6,12,72,6,0
51,170,4,2,4,4,one_edit,0,20,8320,8480,6080,6040,6512,6112,6272,6112,20,0,0,20,0,0,20,0,0,20,0,0,20,0,0,20,0,0,20,0,0,20,0,0,8,0,12,18,432,24,8,192,24,14,12,72,6,12,72,6,0
51,170,4,4,4,4,one_edit,0,20,8320,8480,6080,6080,6512,6152,6272,6152,20,0,0,20,0,0,4,12,4,20,0,0,20,0,0,20,0,0,20,0,0,20,0,0,8,0,12,18,432,24,8,192,24,14,12,72,6,12,72,6,0
51,170,4,8,4,4,one_edit,0,20,8320,8480,6080,6160,6512,6232,6272,6232,20,0,0,20,0,0,0,0,20,20,0,0,20,0,0,18,0,2,20,0,0,20,0,0,8,0,12,18,432,24,8,192,24,14,12,72,6,12,72,6,0
51,170,4,0,4,4,far,0,55,31040,31480,21296,20944,22400,21040,21968,21040,55,0,0,55,0,0,48,7,0,55,0,0,55,0,0,48,7,0,55,0,0,55,0,0,32,7,16,38,1104,56,12,672,56,38,16,96,6,16,96,6,0
51,170,4,2,4,4,far,0,55,31040,31480,21296,21054,22400,21150,21968,21150,55,0,0,55,0,0,44,0,11,55,0,0,55,0,0,44,0,11,55,0,0,55,0,0,28,0,27,38,1104,56,12,672,56,38,16,96,6,16,96,6,0
51,170,4,4,4,4,far,0,55,31040,31480,21296,21164,22400,21260,21968,21260,55,0,0,55,0,0,28,16,11,55,0,0,55,0,0,44,0,11,55,0,0,55,0,0,28,0,27,38,1104,56,12,672,56,38,16,96,6,16,96,6,0
51,170,4,8,4,4,far,0,55,31040,31480,21296,21384,22400,21480,21968,21480,55,0,0,55,0,0,16,0,39,55,0,0,55,0,0,38,0,17,55,0,0,55,0,0,28,0,27,38,1104,56,12,672,56,38,16,96,6,16,96,6,0
51,170,4,0,4,4,far,1,121,109760,76360,59224,58550,60728,58654,59224,58654,121,0,0,94,27,0,94,27,0,121,0,0,94,23,4,98,23,0,121,0,0,94,23,4,82,23,16,56,1504,32,0,0,0,56,16,104,8,16,104,8,0
51,170,4,2,4,4,far,1,121,109760,76360,59224,58792,60728,58896,59224,58896,121,0,0,94,0,27,94,0,27,121,0,0,94,0,27,98,0,23,121,0,0,94,0,27,82,0,39,56,1504,32,0,0,0,56,16,104,8,16,104,8,0
51,170,4,4,4,4,far,1,121,109760,76360,59224,59034,60728,59138,59224,59138,121,0,0,94,0,27,40,0,81,121,0,0,94,0,27,56,0,65,121,0,0,94,0,27,40,0,81,56,1504,32,0,0,0,56,16,104,8,16,104,8,0
51,170,4,8,4,4,far,1,121,109760,76360,59224,59518,60728,59622,59224,59622,121,0,0,78,16,27,24,16,81,121,0,0,78,16,27,56,0,65,121,0,0,78,16,27,24,16,81,56,1504,32,0,0,0,56,16,104,8,16,104,8,0
51,170,4,0,4,4,one_edit,1,44,42880,31328,24000,23484,25088,23556,24000,23556,44,0,0,44,0,0,44,0,0,44,0,0,44,0,0,44,0,0,44,0,0,44,0,0,32,0,12,44,1088,32,0,0,0,44,12,72,6,12,72,6,0
51,170,4,2,4,4,one_edit,1,44,42880,31328,24000,23572,25088,23644,24000,23644,44,0,0,44,0,0,44,0,0,44,0,0,44,0,0,44,0,0,44,0,0,44,0,0,32,0,12,44,1088,32,0,0,0,44,12,72,6,12,72,6,0
51,170,4,4,4,4,one_edit,1,44,42880,31328,24000,23660,25088,23732,24000,23732,44,0,0,44,0,0,32,0,12,44,0,0,44,0,0,44,0,0,44,0,0,44,0,0,32,0,12,44,1088,32,0,0,0,44,12,72,6,12,72,6,0
51,170,4,8,4,4,one_edit,1,44,42880,31328,24000,23836,25088,23908,24000,23908,44,0,0,40,4,0,28,4,12,44,0,0,40,4,0,44,0,0,44,0,0,40,4,0,28,4,12,44,1088,32,0,0,0,44,12,72,6,12,72,6,0
51,170,4,0,4,4,unchanged,1,11,11200,7128,5640,5622,5640,5622,5640,5622,11,0,0,6,5,0,6,5,0,11,0,0,6,5,0,6,5,0,11,0,0,6,5,0,6,5,0,0,0,0,0,0,0,0,0,0,0,0,0,0,0
51,170,4,2,4,4,unchanged,1,11,11200,7128,5640,5644,5640,5644,5640,5644,11,0,0,6,0,5,6,0,5,11,0,0,6,0,5,6,0,5,11,0,0,6,0,5,6,0,5,0,0,0,0,0,0,0,0,0,0,0,0,0,0
51,170,4,4,4,4,unchanged,1,11,11200,7128,5640,5666,5640,5666,5640,5666,11,0,0,6,0,5,0,0,11,11,0,0,6,0,5,0,0,11,11,0,0,6,0,5,0,0,11,0,0,0,0,0,0,0,0,0,0,0,0,0,0
51,170,4,8,4,4,unchanged,1,11,11200,7128,5640,5710,5640,5710,5640,5710,11,0,0,6,0,5,0,0,11,11,0,0,6,0,5,0,0,11,11,0,0,6,0,5,0,0,11,0,0,0,0,0,0,0,0,0,0,0,0,0,0
51,170,4,0,16,1,unchanged,0,5,1600,1640,1416,1396,1416,1396,1416,1396,4,0,1,4,1,0,4,1,0,4,0,1,4,1,0,4,1,0,4,0,1,4,1,0,4,1,0,0,0,0,0,0,0,0,0,0,0,0,0,0,0
51,170,4,2,16,1,unchanged,0,5,1600,1640,1416,1406,1416,1406,1416,1406,4,0,1,4,0,1,4,0,1,4,0,1,4,0,1,4,0,1,4,0,1,4,0,1,4,0,1,0,0,0,0,0,0,0,0,0,0,0,0,0,0
51,170,4,4,16,1,unchanged,0,5,1600,1640,1416,1416,1416,1416,1416,1416,4,0,1,4,0,1,4,0,1,4,0,1,4,0,1,4,0,1,4,0,1,4,0,1,4,0,1,0,0,0,0,0,0,0,0,0,0,0,0,0,0
51,170,4,8,16,1,unchanged,0,5,1600,1640,1416,1436,1416,1436,1416,1436,4,0,1,4,0,1,0,0,5,4,0,1,4,0,1,0,0,5,4,0,1,4,0,1,0,0,5,0,0,0,0,0,0,0,0,0,0,0,0,0,0
51,170,4,0,16,1,one_edit,0,20,8320,8480,5792,5712,5792,5712,5792,5712,20,0,0,20,0,0,20,0,0,20,0,0,20,0,0,20,0,0,20,0,0,20,0,0,20,0,0,0,0,0,0,0,0,0,0,0,0,0,0,0,0
51,170,4,2,16,1,one_edit,0,20,8320,8480,5792,5752,5792,5752,5792,5752,20,0,0,20,0,0,20,0,0,20,0,0,20,0,0,20,0,0,20,0,0,20,0,0,20,0,0,0,0,0,0,0,0,0,0,0,0,0,0,0,0
51,170,4,4,16,1,one_edit,0,20,8320,8480,5792,5792,5792,5792,5792,5792,20,0,0,20,0,0,4,12,4,20,0,0,20,0,0,4,12,4,20,0,0,20,0,0,4,12,4,0,0,0,0,0,0,0,0,0,0,0,0,0,0
51,170,4,8,16,1,one_edit,0,20,8320,8480,5792,5872,5792,5872,5792,5872,20,0,0,20,0,0,0,0,20,20,0,0,20,0,0,0,0,20,20,0,0,20,0,0,0,0,20,0,0,0,0,0,0,0,0,0,0,0,0,0,0
51,170,4,0,16,1,far,0,55,31040,31480,20528,20272,20528,20272,20528,20272,55,0,0,55,0,0,48,7,0,55,0,0,55,0,0,48,7,0,55,0,0,55,0,0,48,7,0,0,0,0,0,0,0,0,0,0,0,0,0,0,0
51,170,4,2,16,1,far,0,55,31040,31480,20528,20382,20528,20382,20528,20382,55,0,0,55,0,0,44,0,11,55,0,0,55,0,0,44,0,11,55,0,0,55,0,0,44,0,11,0,0,0,0,0,0,0,0,0,0,0,0,0,0
51,170,4,4,16,1,far,0,55,31040,31480,20528,20492,20528,20492,20528,20492,55,0,0,55,0,0,28,16,11,55,0,0,55,0,0,28,16,11,55,0,0,55,0,0,28,16,11,0,0,0,0,0,0,0,0,0,0,0,0,0,0
51,170,4,8,16,1,far,0,55,31040,31480,20528,20712,20528,20712,20528,20712,55,0,0,55,0,0,0,16,39,55,0,0,55,0,0,0,16,39,55,0,0,55,0,0,0,16,39,0,0,0,0,0,0,0,0,0,0,0,0,0,0
51,170,4,0,16,1,far,1,121,109760,76360,58040,57454,58040,57454,58040,57454,121,0,0,98,23,0,98,23,0,121,0,0,98,23,0,98,23,0,121,0,0,98,23,0,98,23,0,0,0,0,0,0,0,0,0,0,0,0,0,0,0
51,170,4,2,16,1,far,1,121,109760,76360,58040,57696,58040,57696,58040,57696,121,0,0,98,0,23,98,0,23,121,0,0,98,0,23,98,0,23,121,0,0,98,0,23,98,0,23,0,0,0,0,0,0,0,0,0,0,0,0,0,0
51,170,4,4,16,1,far,1,121,109760,76360,58040,57938,58040,57938,58040,57938,121,0,0,98,0,23,44,0,77,121,0,0,98,0,23,44,0,77,121,0,0,98,0,23,44,0,77,0,0,0,0,0,0,0,0,0,0,0,0,0,0
51,170,4,8,16,1,far,1,121,109760,76360,58040,58422,58040,58422,58040,58422,121,0,0,98,0,23,40,0,81,121,0,0,98,0,23,40,0,81,121,0,0,98,0,23,40,0,81,0,0,0,0,0,0,0,0,0,0,0,0,0,0
51,170,4,0,16,1,one_edit,1,44,42880,31328,22976,22620,22976,22620,22976,22620,44,0,0,44,0,0,44,0,0,44,0,0,44,0,0,44,0,0,44,0,0,44,0,0,44,0,0,0,0,0,0,0,0,0,0,0,0,0,0,0,0
51,170,4,2,16,1,one_edit,1,44,42880,31328,22976,22708,22976,22708,22976,22708,44,0,0,44,0,0,44,0,0,44,0,0,44,0,0,44,0,0,44,0,0,44,0,0,44,0,0,0,0,0,0,0,0,0,0,0,0,0,0,0,0
51,170,4,4,16,1,one_edit,1,44,42880,31328,22976,22796,22976,22796,22976,22796,44,0,0,44,0,0,32,0,12,44,0,0,44,0,0,32,0,12,44,0,0,44,0,0,32,0,12,0,0,0,0,0,0,0,0,0,0,0,0,0,0
51,170,4,8,16,1,one_edit,1,44,42880,31328,22976,22972,22976,22972,22976,22972,44,0,0,44,0,0,32,0,12,44,0,0,44,0,0,32,0,12,44,0,0,44,0,0,32,0,12,0,0,0,0,0,0,0,0,0,0,0,0,0,0
51,170,4,0,16,1,unchanged,1,11,11200,7128,5640,5622,5640,5622,5640,5622,11,0,0,6,5,0,6,5,0,11,0,0,6,5,0,6,5,0,11,0,0,6,5,0,6,5,0,0,0,0,0,0,0,0,0,0,0,0,0,0,0
51,170,4,2,16,1,unchanged,1,11,11200,7128,5640,5644,5640,5644,5640,5644,11,0,0,6,0,5,6,0,5,11,0,0,6,0,5,6,0,5,11,0,0,6,0,5,6,0,5,0,0,0,0,0,0,0,0,0,0,0,0,0,0
51,170,4,4,16,1,unchanged,1,11,11200,7128,5640,5666,5640,5666,5640,5666,11,0,0,6,0,5,0,0,11,11,0,0,6,0,5,0,0,11,11,0,0,6,0,5,0,0,11,0,0,0,0,0,0,0,0,0,0,0,0,0,0
51,170,4,8,16,1,unchanged,1,11,11200,7128,5640,5710,5640,5710,5640,5710,11,0,0,6,0,5,0,0,11,11,0,0,6,0,5,0,0,11,11,0,0,6,0,5,0,0,11,0,0,0,0,0,0,0,0,0,0,0,0,0,0
51,170,4,0,16,2,unchanged,0,5,2880,2920,2440,2420,2440,2420,2440,2420,4,0,1,4,1,0,4,1,0,4,0,1,4,1,0,4,1,0,4,0,1,4,1,0,4,1,0,0,0,0,0,0,0,0,0,0,0,0,0,0,0
51,170,4,2,16,2,unchanged,0,5,2880,2920,2440,2430,2440,2430,2440,2430,4,0,1,4,0,1,4,0,1,4,0,1,4,0,1,4,0,1,4,0,1,4,0,1,4,0,1,0,0,0,0,0,0,0,0,0,0,0,0,0,0
51,170,4,4,16,2,unchanged,0,5,2880,2920,2440,2440,2440,2440,2440,2440,4,0,1,4,0,1,4,0,1,4,0,1,4,0,1,4,0,1,4,0,1,4,0,1,4,0,1,0,0,0,0,0,0,0,0,0,0,0,0,0,0
51,170,4,8,16,2,unchanged,0,5,2880,2920,2440,2460,2440,2460,2440,2460,4,0,1,4,0,1,0,0,5,4,0,1,4,0,1,0,0,5,4,0,1,4,0,1,0,0,5,0,0,0,0,0,0,0,0,0,0,0,0,0,0
51,170,4,0,16,2,one_edit,0,20,15360,15520,10080,9928,10080,9928,10080,9928,20,0,0,20,0,0,20,0,0,20,0,0,20,0,0,20,0,0,20,0,0,20,0,0,20,0,0,0,0,0,0,0,0,0,0,0,0,0,0,0,0
51,170,4,2,16,2,one_edit,0,20,15360,15520,10080,9968,10080,9968,10080,9968,20,0,0,20,0,0,20,0,0,20,0,0,20,0,0,20,0,0,20,0,0,20,0,0,20,0,0,0,0,0,0,0,0,0,0,0,0,0,0,0,0
51,170,4,4,16,2,one_edit,0,20,15360,15520,10080,10008,10080,10008,10080,10008,20,0,0,20,0,0,16,0,4,20,0,0,20,0,0,16,0,4,20,0,0,20,0,0,16,0,4,0,0,0,0,0,0,0,0,0,0,0,0,0,0
51,170,4,8,16,2,one_edit,0,20,15360,15520,10080,10088,10080,10088,10080,10088,20,0,0,20,0,0,12,0,8,20,0,0,20,0,0,12,0,8,20,0,0,20,0,0,12,0,8,0,0,0,0,0,0,0,0,0,0,0,0,0,0
51,170,4,0,16,2,far,0,55,58560,59000,36912,36400,36912,36400,36912,36400,55,0,0,55,0,0,48,7,0,55,0,0,55,0,0,48,7,0,55,0,0,55,0,0,48,7,0,0,0,0,0,0,0,0,0,0,0,0,0,0,0
51,170,4,2,16,2,far,0,55,58560,59000,36912,36510,36912,36510,36912,36510,55,0,0,55,0,0,44,0,11,55,0,0,55,0,0,44,0,11,55,0,0,55,0,0,44,0,11,0,0,0,0,0,0,0,0,0,0,0,0,0,0
51,170,4,4,16,2,far,0,55,58560,59000,36912,36620,36912,36620,36912,36620,55,0,0,55,0,0,44,0,11,55,0,0,55,0,0,44,0,11,55,0,0,55,0,0,44,0,11,0,0,0,0,0,0,0,0,0,0,0,0,0,0
51,170,4,8,16,2,far,0,55,58560,59000,36912,36840,36912,36840,36912,36840,55,0,0,55,0,0,32,0,23,55,0,0,55,0,0,32,0,23,55,0,0,55,0,0,32,0,23,0,0,0,0,0,0,0,0,0,0,0,0,0,0
51,170,4,0,16,2,far,1,121,194880,136264,99384,98302,99384,98302,99384,98302,121,0,0,98,23,0,98,23,0,121,0,0,98,23,0,98,23,0,121,0,0,98,23,0,98,23,0,0,0,0,0,0,0,0,0,0,0,0,0,0,0
51,170,4,2,16,2,far,1,121,194880,136264,99384,98544,99384,98544,99384,98544,121,0,0,98,0,23,98,0,23,121,0,0,98,0,23,98,0,23,121,0,0,98,0,23,98,0,23,0,0,0,0,0,0,0,0,0,0,0,0,0,0
51,170,4,4,16,2,far,1,121,194880,136264,99384,98786,99384,98786,99384,98786,121,0,0,98,0,23,56,0,65,121,0,0,98,0,23,56,0,65,121,0,0,98,0,23,56,0,65,0,0,0,0,0,0,0,0,0,0,0,0,0,0
51,170,4,8,16,2,far,1,121,194880,136264,99384,99270,99384,99270,99384,99270,121,0,0,98,0,23,56,0,65,121,0,0,98,0,23,56,0,65,121,0,0,98,0,23,56,0,65,0,0,0,0,0,0,0,0,0,0,0,0,0,0
51,170,4,0,16,2,one_edit,1,44,76800,56672,40064,39316,40064,39316,40064,39316,44,0,0,44,0,0,44,0,0,44,0,0,44,0,0,44,0,0,44,0,0,44,0,0,44,0,0,0,0,0,0,0,0,0,0,0,0,0,0,0,0
51,170,4,2,16,2,one_edit,1,44,76800,56672,40064,39404,40064,39404,40064,39404,44,0,0,44,0,0,44,0,0,44,0,0,44,0,0,44,0,0,44,0,0,44,0,0,44,0,0,0,0,0,0,0,0,0,0,0,0,0,0,0,0
51,170,4,4,16,2,one_edit,1,44,76800,56672,40064,39492,40064,39492,40064,39492,44,0,0,44,0,0,44,0,0,44,0,0,44,0,0,44,0,0,44,0,0,44,0,0,44,0,0,0,0,0,0,0,0,0,0,0,0,0,0,0,0
51,170,4,8,16,2,one_edit,1,44,76800,56672,40064,39668,40064,39668,40064,39668,44,0,0,44,0,0,44,0,0,44,0,0,44,0,0,44,0,0,44,0,0,44,0,0,44,0,0,0,0,0,0,0,0,0,0,0,0,0,0,0,0
51,170,4,0,16,2,unchanged,1,11,20160,12760,9736,9718,9736,9718,9736,9718,11,0,0,6,5,0,6,5,0,11,0,0,6,5,0,6,5,0,11,0,0,6,5,0,6,5,0,0,0,0,0,0,0,0,0,0,0,0,0,0,0
51,170,4,2,16,2,unchanged,1,11,20160,12760,9736,9740,9736,9740,9736,9740,11,0,0,6,0,5,6,0,5,11,0,0,6,0,5,6,0,5,11,0,0,6,0,5,6,0,5,0,0,0,0,0,0,0,0,0,0,0,0,0,0
51,170,4,4,16,2,unchanged,1,11,20160,12760,9736,9762,9736,9762,9736,9762,11,0,0,6,0,5,0,0,11,11,0,0,6,0,5,0,0,11,11,0,0,6,0,5,0,0,11,0,0,0,0,0,0,0,0,0,0,0,0,0,0
51,170,4,8,16,2,unchanged,1,11,20160,12760,9736,9806,9736,9806,9736,9806,11,0,0,6,0,5,0,0,11,11,0,0,6,0,5,0,0,11,11,0,0,6,0,5,0,0,11,0,0,0,0,0,0,0,0,0,0,0,0,0,0
51,170,4,0,16,4,unchanged,0,5,5440,5480,4488,4468,4488,4468,4488,4468,4,0,1,4,1,0,4,1,0,4,0,1,4,1,0,4,1,0,4,0,1,4,1,0,4,1,0,0,0,0,0,0,0,0,0,0,0,0,0,0,0
51,170,4,2,16,4,unchanged,0,5,5440,5480,4488,4478,4488,4478,4488,4478,4,0,1,4,0,1,4,0,1,4,0,1,4,0,1,4,0,1,4,0,1,4,0,1,4,0,1,0,0,0,0,0,0,0,0,0,0,0,0,0,0
51,170,4,4,16,4,unchanged,0,5,5440,5480,4488,4488,4488,4488,4488,4488,4,0,1,4,0,1,4,0,1,4,0,1,4,0,1,4,0,1,4,0,1,4,0,1,4,0,1,0,0,0,0,0,0,0,0,0,0,0,0,0,0
51,170,4,8,16,4,unchanged,0,5,5440,5480,4488,4508,4488,4508,4488,4508,4,0,1,4,0,1,0,0,5,4,0,1,4,0,1,0,0,5,4,0,1,4,0,1,0,0,5,0,0,0,0,0,0,0,0,0,0,0,0,0,0
51,170,4,0,16,4,one_edit,0,20,29440,29600,18656,18360,18656,18360,18656,18360,20,0,0,20,0,0,20,0,0,20,0,0,20,0,0,20,0,0,20,0,0,20,0,0,20,0,0,0,0,0,0,0,0,0,0,0,0,0,0,0,0
51,170,4,2,16,4,one_edit,0,20,29440,29600,18656,18400,18656,18400,18656,18400,20,0,0,20,0,0,20,0,0,20,0,0,20,0,0,20,0,0,20,0,0,20,0,0,20,0,0,0,0,0,0,0,0,0,0,0,0,0,0,0,0
51,170,4,4,16,4,one_edit,0,20,29440,29600,18656,18440,18656,18440,18656,18440,20,0,0,20,0,0,16,0,4,20,0,0,20,0,0,16,0,4,20,0,0,20,0,0,16,0,4,0,0,0,0,0,0,0,0,0,0,0,0,0,0
51,170,4,8,16,4,one_edit,0,20,29440,29600,18656,18520,18656,18520,18656,18520,20,0,0,20,0,0,12,0,8,20,0,0,20,0,0,12,0,8,20,0,0,20,0,0,12,0,8,0,0,0,0,0,0,0,0,0,0,0,0,0,0
51,170,4,0,16,4,far,0,55,113600,114040,69680,68656,69680,68656,69680,68656,55,0,0,55,0,0,48,7,0,55,0,0,55,0,0,48,7,0,55,0,0,55,0,0,48,7,0,0,0,0,0,0,0,0,0,0,0,0,0,0,0
51,170,4,2,16,4,far,0,55,113600,114040,69680,68766,69680,68766,69680,68766,55,0,0,55,0,0,44,0,11,55,0,0,55,0,0,44,0,11,55,0,0,55,0,0,44,0,11,0,0,0,0,0,0,0,0,0,0,0,0,0,0
51,170,4,4,16,4,far,0,55,113600,114040,69680,68876,69680,68876,69680,68876,55,0,0,55,0,0,44,0,11,55,0,0,55,0,0,44,0,11,55,0,0,55,0,0,44,0,11,0,0,0,0,0,0,0,0,0,0,0,0,0,0
51,170,4,8,16,4,far,0,55,113600,114040,69680,69096,69680,69096,69680,69096,55,0,0,55,0,0,32,0,23,55,0,0,55,0,0,32,0,23,55,0,0,55,0,0,32,0,23,0,0,0,0,0,0,0,0,0,0,0,0,0,0
51,170,4,0,16,4,far,1,121,365120,256072,182072,179998,182072,179998,182072,179998,121,0,0,98,23,0,98,23,0,121,0,0,98,23,0,98,23,0,121,0,0,98,23,0,98,23,0,0,0,0,0,0,0,0,0,0,0,0,0,0,0
51,170,4,2,16,4,far,1,121,365120,256072,182072,180240,182072,180240,182072,180240,121,0,0,98,0,23,98,0,23,121,0,0,98,0,23,98,0,23,121,0,0,98,0,23,98,0,23,0,0,0,0,0,0,0,0,0,0,0,0,0,0
51,170,4,4,16,4,far,1,121,365120,256072,182072,180482,182072,180482,182072,180482,121,0,0,98,0,23,56,0,65,121,0,0,98,0,23,56,0,65,121,0,0,98,0,23,56,0,65,0,0,0,0,0,0,0,0,0,0,0,0,0,0
51,170,4,8,16,4,far,1,121,365120,256072,182072,180966,182072,180966,182072,180966,121,0,0,98,0,23,56,0,65,121,0,0,98,0,23,56,0,65,121,0,0,98,0,23,56,0,65,0,0,0,0,0,0,0,0,0,0,0,0,0,0
51,170,4,0,16,4,one_edit,1,44,144640,107360,74240,72708,74240,72708,74240,72708,44,0,0,44,0,0,44,0,0,44,0,0,44,0,0,44,0,0,44,0,0,44,0,0,44,0,0,0,0,0,0,0,0,0,0,0,0,0,0,0,0
51,170,4,2,16,4,one_edit,1,44,144640,107360,74240,72796,74240,72796,74240,72796,44,0,0,44,0,0,44,0,0,44,0,0,44,0,0,44,0,0,44,0,0,44,0,0,44,0,0,0,0,0,0,0,0,0,0,0,0,0,0,0,0
51,170,4,4,16,4,one_edit,1,44,144640,107360,74240,72884,74240,72884,74240,72884,44,0,0,44,0,0,44,0,0,44,0,0,44,0,0,44,0,0,44,0,0,44,0,0,44,0,0,0,0,0,0,0,0,0,0,0,0,0,0,0,0
51,170,4,8,16,4,one_edit,1,44,144640,107360,74240,73060,74240,73060,74240,73060,44,0,0,44,0,0,44,0,0,44,0,0,44,0,0,44,0,0,44,0,0,44,0,0,44,0,0,0,0,0,0,0,0,0,0,0,0,0,0,0,0
51,170,4,0,16,4,unchanged,1,11,38080,24024,17928,17910,17928,17910,17928,17910,11,0,0,6,5,0,6,5,0,11,0,0,6,5,0,6,5,0,11,0,0,6,5,0,6,5,0,0,0,0,0,0,0,0,0,0,0,0,0,0,0
51,170,4,2,16,4,unchanged,1,11,38080,24024,17928,17932,17928,17932,17928,17932,11,0,0,6,0,5,6,0,5,11,0,0,6,0,5,6,0,5,11,0,0,6,0,5,6,0,5,0,0,0,0,0,0,0,0,0,0,0,0,0,0
51,170,4,4,16,4,unchanged,1,11,38080,24024,17928,17954,17928,17954,17928,17954,11,0,0,6,0,5,0,0,11,11,0,0,6,0,5,0,0,11,11,0,0,6,0,5,0,0,11,0,0,0,0,0,0,0,0,0,0,0,0,0,0
51,170,4,8,16,4,unchanged,1,11,38080,24024,17928,17998,17928,17998,17928,17998,11,0,0,6,0,5,0,0,11,11,0,0,6,0,5,0,0,11,11,0,0,6,0,5,0,0,11,0,0,0,0,0,0,0,0,0,0,0,0,0,0
54,110,0,0,1,1,unchanged,0,16,1280,1408,1408,1408,1408,1408,1408,1408,0,0,16,0,16,0,0,16,0,0,0,16,0,16,0,0,16,0,0,0,16,0,16,0,0,16,0,0,0,0,0,0,0,0,0,0,0,0,0,0,0
54,110,0,2,1,1,unchanged,0,16,1280,1408,1408,1440,1408,1440,1408,1440,0,0,16,0,0,16,0,0,16,0,0,16,0,0,16,0,0,16,0,0,16,0,0,16,0,0,16,0,0,0,0,0,0,0,0,0,0,0,0,0,0
54,110,0,4,1,1,unchanged,0,16,1280,1408,1408,1472,1408,1472,1408,1472,0,0,16,0,0,16,0,0,16,0,0,16,0,0,16,0,0,16,0,0,16,0,0,16,0,0,16,0,0,0,0,0,0,0,0,0,0,0,0,0,0
54,110,0,8,1,1,unchanged,0,16,1280,1408,1408,1536,1408,1536,1408,1536,0,0,16,0,0,16,0,0,16,0,0,16,0,0,16,0,0,16,0,0,16,0,0,16,0,0,16,0,0,0,0,0,0,0,0,0,0,0,0,0,0
54,110,0,0,1,1,one_edit,0,64,5120,5632,5632,5632,5632,5632,5632,5632,0,0,64,0,64,0,0,64,0,0,0,64,0,64,0,0,64,0,0,0,64,0,64,0,0,64,0,0,0,0,0,0,0,0,0,0,0,0,0,0,0
54,110,0,2,1,1,one_edit,0,64,5120,5632,5632,5760,5632,5760,5632,5760,0,0,64,0,0,64,0,0,64,0,0,64,0,0,64,0,0,64,0,0,64,0,0,64,0,0,64,0,0,0,0,0,0,0,0,0,0,0,0,0,0
54,110,0,4,1,1,one_edit,0,64,5120,5632,5632,5888,5632,5888,5632,5888,0,0,64,0,0,64,0,0,64,0,0,64,0,0,64,0,0,64,0,0,64,0,0,64,0,0,64,0,0,0,0,0,0,0,0,0,0,0,0,0,0
54,110,0,8,1,1,one_edit,0,64,5120,5632,5632,6144,5632,6144,5632,6144,0,0,64,0,0,64,0,0,64,0,0,64,0,0,64,0,0,64,0,0,64,0,0,64,0,0,64,0,0,0,0,0,0,0,0,0,0,0,0,0,0
54,110,0,0,1,1,far,0,176,14080,15488,15488,15488,15488,15488,15488,15488,0,0,176,0,176,0,0,176,0,0,0,176,0,176,0,0,176,0,0,0,176,0,176,0,0,176,0,0,0,0,0,0,0,0,0,0,0,0,0,0,0
54,110,0,2,1,1,far,0,176,14080,15488,15488,15840,15488,15840,15488,15840,0,0,176,0,0,176,0,0,176,0,0,176,0,0,176,0,0,176,0,0,176,0,0,176,0,0,176,0,0,0,0,0,0,0,0,0,0,0,0,0,0
54,110,0,4,1,1,far,0,176,14080,15488,15488,16192,15488,16192,15488,16192,0,0,176,0,0,176,0,0,176,0,0,176,0,0,176,0,0,176,0,0,176,0,0,176,0,0,176,0,0,0,0,0,0,0,0,0,0,0,0,0,0
54,110,0,8,1,1,far,0,176,14080,15488,15488,16896,15488,16896,15488,16896,0,0,176,0,0,176,0,0,176,0,0,176,0,0,176,0,0,176,0,0,176,0,0,176,0,0,176,0,0,0,0,0,0,0,0,0,0,0,0,0,0
54,110,0,0,1,2,unchanged,0,16,1536,1664,1664,1664,1664,1664,1664,1664,0,0,16,0,16,0,0,16,0,0,0,16,0,16,0,0,16,0,0,0,16,0,16,0,0,16,0,0,0,0,0,0,0,0,0,0,0,0,0,0,0
54,110,0,2,1,2,unchanged,0,16,1536,1664,1664,1696,1664,1696,1664,1696,0,0,16,0,0,16,0,0,16,0,0,16,0,0,16,0,0,16,0,0,16,0,0,16,0,0,16,0,0,0,0,0,0,0,0,0,0,0,0,0,0
54,110,0,4,1,2,unchanged,0,16,1536,1664,1664,1728,1664,1728,1664,1728,0,0,16,0,0,16,0,0,16,0,0,16,0,0,16,0,0,16,0,0,16,0,0,16,0,0,16,0,0,0,0,0,0,0,0,0,0,0,0,0,0
54,110,0,8,1,2,unchanged,0,16,1536,1664,1664,1792,1664,1792,1664,1792,0,0,16,0,0,16,0,0,16,0,0,16,0,0,16,0,0,16,0,0,16,0,0,16,0,0,16,0,0,0,0,0,0,0,0,0,0,0,0,0,0
54,110,0,0,1,2,one_edit,0,64,6144,6656,6656,6656,6656,6656,6656,6656,0,0,64,0,64,0,0,64,0,0,0,64,0,64,0,0,64,0,0,0,64,0,64,0,0,64,0,0,0,0,0,0,0,0,0,0,0,0,0,0,0
54,110,0,2,1,2,one_edit,0,64,6144,6656,6656,6784,6656,6784,6656,6784,0,0,64,0,0,64,0,0,64,0,0,64,0,0,64,0,0,64,0,0,64,0,0,64,0,0,64,0,0,0,0,0,0,0,0,0,0,0,0,0,0
54,110,0,4,1,2,one_edit,0,64,6144,6656,6656,6912,6656,6912,6656,6912,0,0,64,0,0,64,0,0,64,0,0,64,0,0,64,0,0,64,0,0,64,0,0,64,0,0,64,0,0,0,0,0,0,0,0,0,0,0,0,0,0
54,110,0,8,1,2,one_edit,0,64,6144,6656,6656,7168,6656,7168,6656,7168,0,0,64,0,0,64,0,0,64,0,0,64,0,0,64,0,0,64,0,0,64,0,0,64,0,0,64,0,0,0,0,0,0,0,0,0,0,0,0,0,0
54,110,0,0,1,2,far,0,176,16896,18304,18304,18304,18304,18304,18304,18304,0,0,176,0,176,0,0,176,0,0,0,176,0,176,0,0,176,0,0,0,176,0,176,0,0,176,0,0,0,0,0,0,0,0,0,0,0,0,0,0,0
54,110,0,2,1,2,far,0,176,16896,18304,18304,18656,18304,18656,18304,18656,0,0,176,0,0,176,0,0,176,0,0,176,0,0,176,0,0,176,0,0,176,0,0,176,0,0,176,0,0,0,0,0,0,0,0,0,0,0,0,0,0
54,110,0,4,1,2,far,0,176,16896,18304,18304,19008,18304,19008,18304,19008,0,0,176,0,0,176,0,0,176,0,0,176,0,0,176,0,0,176,0,0,176,0,0,176,0,0,176,0,0,0,0,0,0,0,0,0,0,0,0,0,0
54,110,0,8,1,2,far,0,176,16896,18304,18304,19712,18304,19712,18304,19712,0,0,176,0,0,176,0,0,176,0,0,176,0,0,176,0,0,176,0,0,176,0,0,176,0,0,176,0,0,0,0,0,0,0,0,0,0,0,0,0,0
54,110,0,0,1,4,unchanged,0,16,2048,2176,2176,2176,2176,2176,2176,2176,0,0,16,0,16,0,0,16,0,0,0,16,0,16,0,0,16,0,0,0,16,0,16,0,0,16,0,0,0,0,0,0,0,0,0,0,0,0,0,0,0
54,110,0,2,1,4,unchanged,0,16,2048,2176,2176,2208,2176,2208,2176,2208,0,0,16,0,0,16,0,0,16,0,0,16,0,0,16,0,0,16,0,0,16,0,0,16,0,0,16,0,0,0,0,0,0,0,0,0,0,0,0,0,0
54,110,0,4,1,4,unchanged,0,16,2048,2176,2176,2240,2176,2240,2176,2240,0,0,16,0,0,16,0,0,16,0,0,16,0,0,16,0,0,16,0,0,16,0,0,16,0,0,16,0,0,0,0,0,0,0,0,0,0,0,0,0,0
54,110,0,8,1,4,unchanged,0,16,2048,2176,2176,2304,2176,2304,2176,2304,0,0,16,0,0,16,0,0,16,0,0,16,0,0,16,0,0,16,0,0,16,0,0,16,0,0,16,0,0,0,0,0,0,0,0,0,0,0,0,0,0
54,110,0,0,1,4,one_edit,0,64,8192,8704,8704,8704,8704,8704,8704,8704,0,0,64,0,64,0,0,64,0,0,0,64,0,64,0,0,64,0,0,0,64,0,64,0,0,64,0,0,0,0,0,0,0,0,0,0,0,0,0,0,0
54,110,0,2,1,4,one_edit,0,64,8192,8704,8704,8832,8704,8832,8704,8832,0,0,64,0,0,64,0,0,64,0,0,64,0,0,64,0,0,64,0,0,64,0,0,64,0,0,64,0,0,0,0,0,0,0,0,0,0,0,0,0,0
54,110,0,4,1,4,one_edit,0,64,8192,8704,8704,8960,8704,8960,8704,8960,0,0,64,0,0,64,0,0,64,0,0,64,0,0,64,0,0,64,0,0,64,0,0,64,0,0,64,0,0,0,0,0,0,0,0,0,0,0,0,0,0
54,110,0,8,1,4,one_edit,0,64,8192,8704,8704,9216,8704,9216,8704,9216,0,0,64,0,0,64,0,0,64,0,0,64,0,0,64,0,0,64,0,0,64,0,0,64,0,0,64,0,0,0,0,0,0,0,0,0,0,0,0,0,0
54,110,0,0,1,4,far,0,176,22528,23936,23936,23936,23936,23936,23936,23936,0,0,176,0,176,0,0,176,0,0,0,176,0,176,0,0,176,0,0,0,176,0,176,0,0,176,0,0,0,0,0,0,0,0,0,0,0,0,0,0,0
54,110,0,2,1,4,far,0,176,22528,23936,23936,24288,23936,24288,23936,24288,0,0,176,0,0,176,0,0,176,0,0,176,0,0,176,0,0,176,0,0,176,0,0,176,0,0,176,0,0,0,0,0,0,0,0,0,0,0,0,0,0
54,110,0,4,1,4,far,0,176,22528,23936,23936,24640,23936,24640,23936,24640,0,0,176,0,0,176,0,0,176,0,0,176,0,0,176,0,0,176,0,0,176,0,0,176,0,0,176,0,0,0,0,0,0,0,0,0,0,0,0,0,0
54,110,0,8,1,4,far,0,176,22528,23936,23936,25344,23936,25344,23936,25344,0,0,176,0,0,176,0,0,176,0,0,176,0,0,176,0,0,176,0,0,176,0,0,176,0,0,176,0,0,0,0,0,0,0,0,0,0,0,0,0,0
54,110,0,0,4,1,unchanged,0,16,2048,2176,2176,2176,2176,2176,2176,2176,0,0,16,0,16,0,0,16,0,0,0,16,0,16,0,0,16,0,0,0,16,0,16,0,0,16,0,0,0,0,0,0,0,0,0,0,0,0,0,0,0
54,110,0,2,4,1,unchanged,0,16,2048,2176,2176,2208,2176,2208,2176,2208,0,0,16,0,0,16,0,0,16,0,0,16,0,0,16,0,0,16,0,0,16,0,0,16,0,0,16,0,0,0,0,0,0,0,0,0,0,0,0,0,0
54,110,0,4,4,1,unchanged,0,16,2048,2176,2176,2240,2176,2240,2176,2240,0,0,16,0,0,16,0,0,16,0,0,16,0,0,16,0,0,16,0,0,16,0,0,16,0,0,16,0,0,0,0,0,0,0,0,0,0,0,0,0,0
54,110,0,8,4,1,unchanged,0,16,2048,2176,2176,2304,2176,2304,2176,2304,0,0,16,0,0,16,0,0,16,0,0,16,0,0,16,0,0,16,0,0,16,0,0,16,0,0,16,0,0,0,0,0,0,0,0,0,0,0,0,0,0
54,110,0,0,4,1,one_edit,0,64,8192,8704,8704,8704,8704,8704,8704,8704,0,0,64,0,64,0,0,64,0,0,0,64,0,64,0,0,64,0,0,0,64,0,64,0,0,64,0,0,0,0,0,0,0,0,0,0,0,0,0,0,0
54,110,0,2,4,1,one_edit,0,64,8192,8704,8704,8832,8704,8832,8704,8832,0,0,64,0,0,64,0,0,64,0,0,64,0,0,64,0,0,64,0,0,64,0,0,64,0,0,64,0,0,0,0,0,0,0,0,0,0,0,0,0,0
54,110,0,4,4,1,one_edit,0,64,8192,8704,8704,8960,8704,8960,8704,8960,0,0,64,0,0,64,0,0,64,0,0,64,0,0,64,0,0,64,0,0,64,0,0,64,0,0,64,0,0,0,0,0,0,0,0,0,0,0,0,0,0
54,110,0,8,4,1,one_edit,0,64,8192,8704,8704,9216,8704,9216,8704,9216,0,0,64,0,0,64,0,0,64,0,0,64,0,0,64,0,0,64,0,0,64,0,0,64,0,0,64,0,0,0,0,0,0,0,0,0,0,0,0,0,0
54,110,0,0,4,1,far,0,176,22528,23936,23936,23936,23936,23936,23936,23936,0,0,176,0,176,0,0,176,0,0,0,176,0,176,0,0,176,0,0,0,176,0,176,0,0,176,0,0,0,0,0,0,0,0,0,0,0,0,0,0,0
54,110,0,2,4,1,far,0,176,22528,23936,23936,24288,23936,24288,23936,24288,0,0,176,0,0,176,0,0,176,0,0,176,0,0,176,0,0,176,0,0,176,0,0,176,0,0,176,0,0,0,0,0,0,0,0,0,0,0,0,0,0
54,110,0,4,4,1,far,0,176,22528,23936,23936,24640,23936,24640,23936,24640,0,0,176,0,0,176,0,0,176,0,0,176,0,0,176,0,0,176,0,0,176,0,0,176,0,0,176,0,0,0,0,0,0,0,0,0,0,0,0,0,0
54,110,0,8,4,1,far,0,176,22528,23936,23936,25344,23936,25344,23936,25344,0,0,176,0,0,176,0,0,176,0,0,176,0,0,176,0,0,176,0,0,176,0,0,176,0,0,176,0,0,0,0,0,0,0,0,0,0,0,0,0,0
54,110,0,0,4,2,unchanged,0,16,3072,3200,3200,3200,3200,3200,3200,3200,0,0,16,0,16,0,0,16,0,0,0,16,0,16,0,0,16,0,0,0,16,0,16,0,0,16,0,0,0,0,0,0,0,0,0,0,0,0,0,0,0
54,110,0,2,4,2,unchanged,0,16,3072,3200,3200,3232,3200,3232,3200,3232,0,0,16,0,0,16,0,0,16,0,0,16,0,0,16,0,0,16,0,0,16,0,0,16,0,0,16,0,0,0,0,0,0,0,0,0,0,0,0,0,0
54,110,0,4,4,2,unchanged,0,16,3072,3200,3200,3264,3200,3264,3200,3264,0,0,16,0,0,16,0,0,16,0,0,16,0,0,16,0,0,16,0,0,16,0,0,16,0,0,16,0,0,0,0,0,0,0,0,0,0,0,0,0,0
54,110,0,8,4,2,unchanged,0,16,3072,3200,3200,3328,3200,3328,3200,3328,0,0,16,0,0,16,0,0,16,0,0,16,0,0,16,0,0,16,0,0,16,0,0,16,0,0,16,0,0,0,0,0,0,0,0,0,0,0,0,0,0
54,110,0,0,4,2,one_edit,0,64,12288,12800,12800,12800,12800,12800,12800,12800,0,0,64,0,64,0,0,64,0,0,0,64,0,64,0,0,64,0,0,0,64,0,64,0,0,64,0,0,0,0,0,0,0,0,0,0,0,0,0,0,0
54,110,0,2,4,2,one_edit,0,64,12288,12800,12800,12928,12800,12928,12800,12928,0,0,64,0,0,64,0,0,64,0,0,64,0,0,64,0,0,64,0,0,64,0,0,64,0,0,64,0,0,0,0,0,0,0,0,0,0,0,0,0,0
54,110,0,4,4,2,one_edit,0,64,12288,12800,12800,13056,12800,13056,12800,13056,0,0,64,0,0,64,0,0,64,0,0,64,0,0,64,0,0,64,0,0,64,0,0,64,0,0,64,0,0,0,0,0,0,0,0,0,0,0,0,0,0
54,110,0,8,4,2,one_edit,0,64,12288,12800,12800,13312,12800,13312,12800,13312,0,0,64,0,0,64,0,0,64,0,0,64,0,0,64,0,0,64,0,0,64,0,0,64,0,0,64,0,0,0,0,0,0,0,0,0,0,0,0,0,0
54,110,0,0,4,2,far,0,176,33792,35200,35200,35200,35200,35200,35200,35200,0,0,176,0,176,0,0,176,0,0,0,176,0,176,0,0,176,0,0,0,176,0,176,0,0,176,0,0,0,0,0,0,0,0,0,0,0,0,0,0,0
54,110,0,2,4,2,far,0,176,33792,35200,35200,35552,35200,35552,35200,35552,0,0,176,0,0,176,0,0,176,0,0,176,0,0,176,0,0,176,0,0,176,0,0,176,0,0,176,0,0,0,0,0,0,0,0,0,0,0,0,0,0
54,110,0,4,4,2,far,0,176,33792,35200,35200,35904,35200,35904,35200,35904,0,0,176,0,0,176,0,0,176,0,0,176,0,0,176,0,0,176,0,0,176,0,0,176,0,0,176,0,0,0,0,0,0,0,0,0,0,0,0,0,0
54,110,0,8,4,2,far,0,176,33792,35200,35200,36608,35200,36608,35200,36608,0,0,176,0,0,176,0,0,176,0,0,176,0,0,176,0,0,176,0,0,176,0,0,176,0,0,176,0,0,0,0,0,0,0,0,0,0,0,0,0,0
54,110,0,0,4,4,unchanged,0,16,5120,5248,5248,5248,5248,5248,5248,5248,0,0,16,0,16,0,0,16,0,0,0,16,0,16,0,0,16,0,0,0,16,0,16,0,0,16,0,0,0,0,0,0,0,0,0,0,0,0,0,0,0
54,110,0,2,4,4,unchanged,0,16,5120,5248,5248,5280,5248,5280,5248,5280,0,0,16,0,0,16,0,0,16,0,0,16,0,0,16,0,0,16,0,0,16,0,0,16,0,0,16,0,0,0,0,0,0,0,0,0,0,0,0,0,0
54,110,0,4,4,4,unchanged,0,16,5120,5248,5248,5312,5248,5312,5248,5312,0,0,16,0,0,16,0,0,16,0,0,16,0,0,16,0,0,16,0,0,16,0,0,16,0,0,16,0,0,0,0,0,0,0,0,0,0,0,0,0,0
54,110,0,8,4,4,unchanged,0,16,5120,5248,5248,5376,5248,5376,5248,5376,0,0,16,0,0,16,0,0,16,0,0,16,0,0,16,0,0,16,0,0,16,0,0,16,0,0,16,0,0,0,0,0,0,0,0,0,0,0,0,0,0
54,110,0,0,4,4,one_edit,0,64,20480,20992,20992,20992,20992,20992,20992,20992,0,0,64,0,64,0,0,64,0,0,0,64,0,64,0,0,64,0,0,0,64,0,64,0,0,64,0,0,0,0,0,0,0,0,0,0,0,0,0,0,0
54,110,0,2,4,4,one_edit,0,64,20480,20992,20992,21120,20992,21120,20992,21120,0,0,64,0,0,64,0,0,64,0,0,64,0,0,64,0,0,64,0,0,64,0,0,64,0,0,64,0,0,0,0,0,0,0,0,0,0,0,0,0,0
54,110,0,4,4,4,one_edit,0,64,20480,20992,20992,21248,20992,21248,20992,21248,0,0,64,0,0,64,0,0,64,0,0,64,0,0,64,0,0,64,0,0,64,0,0,64,0,0,64,0,0,0,0,0,0,0,0,0,0,0,0,0,0
54,110,0,8,4,4,one_edit,0,64,20480,20992,20992,21504,20992,21504,20992,21504,0,0,64,0,0,64,0,0,64,0,0,64,0,0,64,0,0,64,0,0,64,0,0,64,0,0,64,0,0,0,0,0,0,0,0,0,0,0,0,0,0
54,110,0,0,4,4,far,0,176,56320,57728,57728,57728,57728,57728,57728,57728,0,0,176,0,176,0,0,176,0,0,0,176,0,176,0,0,176,0,0,0,176,0,176,0,0,176,0,0,0,0,0,0,0,0,0,0,0,0,0,0,0
54,110,0,2,4,4,far,0,176,56320,57728,57728,58080,57728,58080,57728,58080,0,0,176,0,0,176,0,0,176,0,0,176,0,0,176,0,0,176,0,0,176,0,0,176,0,0,176,0,0,0,0,0,0,0,0,0,0,0,0,0,0
54,110,0,4,4,4,far,0,176,56320,57728,57728,58432,57728,58432,57728,58432,0,0,176,0,0,176,0,0,176,0,0,176,0,0,176,0,0,176,0,0,176,0,0,176,0,0,176,0,0,0,0,0,0,0,0,0,0,0,0,0,0
54,110,0,8,4,4,far,0,176,56320,57728,57728,59136,57728,59136,57728,59136,0,0,176,0,0,176,0,0,176,0,0,176,0,0,176,0,0,176,0,0,176,0,0,176,0,0,176,0,0,0,0,0,0,0,0,0,0,0,0,0,0
54,110,0,0,16,1,unchanged,0,16,5120,5248,5248,5248,5248,5248,5248,5248,0,0,16,0,16,0,0,16,0,0,0,16,0,16,0,0,16,0,0,0,16,0,16,0,0,16,0,0,0,0,0,0,0,0,0,0,0,0,0,0,0
54,110,0,2,16,1,unchanged,0,16,5120,5248,5248,5280,5248,5280,5248,5280,0,0,16,0,0,16,0,0,16,0,0,16,0,0,16,0,0,16,0,0,16,0,0,16,0,0,16,0,0,0,0,0,0,0,0,0,0,0,0,0,0
54,110,0,4,16,1,unchanged,0,16,5120,5248,5248,5312,5248,5312,5248,5312,0,0,16,0,0,16,0,0,16,0,0,16,0,0,16,0,0,16,0,0,16,0,0,16,0,0,16,0,0,0,0,0,0,0,0,0,0,0,0,0,0
54,110,0,8,16,1,unchanged,0,16,5120,5248,5248,5376,5248,5376,5248,5376,0,0,16,0,0,16,0,0,16,0,0,16,0,0,16,0,0,16,0,0,16,0,0,16,0,0,16,0,0,0,0,0,0,0,0,0,0,0,0,0,0
54,110,0,0,16,1,one_edit,0,64,20480,20992,20992,20992,20992,20992,20992,20992,0,0,64,0,64,0,0,64,0,0,0,64,0,64,0,0,64,0,0,0,64,0,64,0,0,64,0,0,0,0,0,0,0,0,0,0,0,0,0,0,0
54,110,0,2,16,1,one_edit,0,64,20480,20992,20992,21120,20992,21120,20992,21120,0,0,64,0,0,64,0,0,64,0,0,64,0,0,64,0,0,64,0,0,64,0,0,64,0,0,64,0,0,0,0,0,0,0,0,0,0,0,0,0,0
54,110,0,4,16,1,one_edit,0,64,20480,20992,20992,21248,20992,21248,20992,21248,0,0,64,0,0,64,0,0,64,0,0,64,0,0,64,0,0,64,0,0,64,0,0,64,0,0,64,0,0,0,0,0,0,0,0,0,0,0,0,0,0
54,110,0,8,16,1,one_edit,0,64,20480,20992,20992,21504,20992,21504,20992,21504,0,0,64,0,0,64,0,0,64,0,0,64,0,0,64,0,0,64,0,0,64,0,0,64,0,0,64,0,0,0,0,0,0,0,0,0,0,0,0,0,0
54,110,0,0,16,1,far,0,176,56320,57728,57728,57728,57728,57728,57728,57728,0,0,176,0,176,0,0,176,0,0,0,176,0,176,0,0,176,0,0,0,176,0,176,0,0,176,0,0,0,0,0,0,0,0,0,0,0,0,0,0,0
54,110,0,2,16,1,far,0,176,56320,57728,57728,58080,57728,58080,57728,58080,0,0,176,0,0,176,0,0,176,0,0,176,0,0,176,0,0,176,0,0,176,0,0,176,0,0,176,0,0,0,0,0,0,0,0,0,0,0,0,0,0
54,110,0,4,16,1,far,0,176,56320,57728,57728,58432,57728,58432,57728,58432,0,0,176,0,0,176,0,0,176,0,0,176,0,0,176,0,0,176,0,0,176,0,0,176,0,0,176,0,0,0,0,0,0,0,0,0,0,0,0,0,0
54,110,0,8,16,1,far,0,176,56320,57728,57728,59136,57728,59136,57728,59136,0,0,176,0,0,176,0,0,176,0,0,176,0,0,176,0,0,176,0,0,176,0,0,176,0,0,176,0,0,0,0,0,0,0,0,0,0,0,0,0,0
54,110,0,0,16,2,unchanged,0,16,9216,9344,9344,9344,9344,9344,9344,9344,0,0,16,0,16,0,0,16,0,0,0,16,0,16,0,0,16,0,0,0,16,0,16,0,0,16,0,0,0,0,0,0,0,0,0,0,0,0,0,0,0
54,110,0,2,16,2,unchanged,0,16,9216,9344,9344,9376,9344,9376,9344,9376,0,0,16,0,0,16,0,0,16,0,0,16,0,0,16,0,0,16,0,0,16,0,0,16,0,0,16,0,0,0,0,0,0,0,0,0,0,0,0,0,0
54,110,0,4,16,2,unchanged,0,16,9216,9344,9344,9408,9344,9408,9344,9408,0,0,16,0,0,16,0,0,16,0,0,16,0,0,16,0,0,16,0,0,16,0,0,16,0,0,16,0,0,0,0,0,0,0,0,0,0,0,0,0,0
54,110,0,8,16,2,unchanged,0,16,9216,9344,9344,9472,9344,9472,9344,9472,0,0,16,0,0,16,0,0,16,0,0,16,0,0,16,0,0,16,0,0,16,0,0,16,0,0,16,0,0,0,0,0,0,0,0,0,0,0,0,0,0
54,110,0,0,16,2,one_edit,0,64,36864,37376,37376,37376,37376,37376,37376,37376,0,0,64,0,64,0,0,64,0,0,0,64,0,64,0,0,64,0,0,0,64,0,64,0,0,64,0,0,0,0,0,0,0,0,0,0,0,0,0,0,0
54,110,0,2,16,2,one_edit,0,64,36864,37376,37376,37504,37376,37504,37376,37504,0,0,64,0,0,64,0,0,64,0,0,64,0,0,64,0,0,64,0,0,64,0,0,64,0,0,64,0,0,0,0,0,0,0,0,0,0,0,0,0,0
54,110,0,4,16,2,one_edit,0,64,36864,37376,37376,37632,37376,37632,37376,37632,0,0,64,0,0,64,0,0,64,0,0,64,0,0,64,0,0,64,0,0,64,0,0,64,0,0,64,0,0,0,0,0,0,0,0,0,0,0,0,0,0
54,110,0,8,16,2,one_edit,0,64,36864,37376,37376,37888,37376,37888,37376,37888,0,0,64,0,0,64,0,0,64,0,0,64,0,0,64,0,0,64,0,0,64,0,0,64,0,0,64,0,0,0,0,0,0,0,0,0,0,0,0,0,0
54,110,0,0,16,2,far,0,176,101376,102784,102784,102784,102784,102784,102784,102784,0,0,176,0,176,0,0,176,0,0,0,176,0,176,0,0,176,0,0,0,176,0,176,0,0,176,0,0,0,0,0,0,0,0,0,0,0,0,0,0,0
54,110,0,2,16,2,far,0,176,101376,102784,102784,103136,102784,103136,102784,103136,0,0,176,0,0,176,0,0,176,0,0,176,0,0,176,0,0,176,0,0,176,0,0,176,0,0,176,0,0,0,0,0,0,0,0,0,0,0,0,0,0
54,110,0,4,16,2,far,0,176,101376,102784,102784,103488,102784,103488,102784,103488,0,0,176,0,0,176,0,0,176,0,0,176,0,0,176,0,0,176,0,0,176,0,0,176,0,0,176,0,0,0,0,0,0,0,0,0,0,0,0,0,0
54,110,0,8,16,2,far,0,176,101376,102784,102784,104192,102784,104192,102784,104192,0,0,176,0,0,176,0,0,176,0,0,176,0,0,176,0,0,176,0,0,176,0,0,176,0,0,176,0,0,0,0,0,0,0,0,0,0,0,0,0,0
54,110,0,0,16,4,unchanged,0,16,17408,17536,17536,17536,17536,17536,17536,17536,0,0,16,0,16,0,0,16,0,0,0,16,0,16,0,0,16,0,0,0,16,0,16,0,0,16,0,0,0,0,0,0,0,0,0,0,0,0,0,0,0
54,110,0,2,16,4,unchanged,0,16,17408,17536,17536,17568,17536,17568,17536,17568,0,0,16,0,0,16,0,0,16,0,0,16,0,0,16,0,0,16,0,0,16,0,0,16,0,0,16,0,0,0,0,0,0,0,0,0,0,0,0,0,0
54,110,0,4,16,4,unchanged,0,16,17408,17536,17536,17600,17536,17600,17536,17600,0,0,16,0,0,16,0,0,16,0,0,16,0,0,16,0,0,16,0,0,16,0,0,16,0,0,16,0,0,0,0,0,0,0,0,0,0,0,0,0,0
54,110,0,8,16,4,unchanged,0,16,17408,17536,17536,17664,17536,17664,17536,17664,0,0,16,0,0,16,0,0,16,0,0,16,0,0,16,0,0,16,0,0,16,0,0,16,0,0,16,0,0,0,0,0,0,0,0,0,0,0,0,0,0
54,110,0,0,16,4,one_edit,0,64,69632,70144,70144,70144,70144,70144,70144,70144,0,0,64,0,64,0,0,64,0,0,0,64,0,64,0,0,64,0,0,0,64,0,64,0,0,64,0,0,0,0,0,0,0,0,0,0,0,0,0,0,0
54,110,0,2,16,4,one_edit,0,64,69632,70144,70144,70272,70144,70272,70144,70272,0,0,64,0,0,64,0,0,64,0,0,64,0,0,64,0,0,64,0,0,64,0,0,64,0,0,64,0,0,0,0,0,0,0,0,0,0,0,0,0,0
54,110,0,4,16,4,one_edit,0,64,69632,70144,70144,70400,70144,70400,70144,70400,0,0,64,0,0,64,0,0,64,0,0,64,0,0,64,0,0,64,0,0,64,0,0,64,0,0,64,0,0,0,0,0,0,0,0,0,0,0,0,0,0
54,110,0,8,16,4,one_edit,0,64,69632,70144,70144,70656,70144,70656,70144,70656,0,0,64,0,0,64,0,0,64,0,0,64,0,0,64,0,0,64,0,0,64,0,0,64,0,0,64,0,0,0,0,0,0,0,0,0,0,0,0,0,0
54,110,0,0,16,4,far,0,176,191488,192896,192896,192896,192896,192896,192896,192896,0,0,176,0,176,0,0,176,0,0,0,176,0,176,0,0,176,0,0,0,176,0,176,0,0,176,0,0,0,0,0,0,0,0,0,0,0,0,0,0,0
54,110,0,2,16,4,far,0,176,191488,192896,192896,193248,192896,193248,192896,193248,0,0,176,0,0,176,0,0,176,0,0,176,0,0,176,0,0,176,0,0,176,0,0,176,0,0,176,0,0,0,0,0,0,0,0,0,0,0,0,0,0
54,110,0,4,16,4,far,0,176,191488,192896,192896,193600,192896,193600,192896,193600,0,0,176,0,0,176,0,0,176,0,0,176,0,0,176,0,0,176,0,0,176,0,0,176,0,0,176,0,0,0,0,0,0,0,0,0,0,0,0,0,0
54,110,0,8,16,4,far,0,176,191488,192896,192896,194304,192896,194304,192896,194304,0,0,176,0,0,176,0,0,176,0,0,176,0,0,176,0,0,176,0,0,176,0,0,176,0,0,176,0,0,0,0,0,0,0,0,0,0,0,0,0,0
54,110,1,0,1,1,unchanged,1,16,2560,1728,1728,1728,1728,1728,1728,1728,16,0,0,0,16,0,0,16,0,16,0,0,0,16,0,0,16,0,16,0,0,0,16,0,0,16,0,0,0,0,0,0,0,0,0,0,0,0,0,0,0
54,110,1,2,1,1,unchanged,1,16,2560,1728,1728,1760,1728,1760,1728,1760,16,0,0,0,0,16,0,0,16,16,0,0,0,0,16,0,0,16,16,0,0,0,0,16,0,0,16,0,0,0,0,0,0,0,0,0,0,0,0,0,0
54,110,1,4,1,1,unchanged,1,16,2560,1728,1728,1792,1728,1792,1728,1792,16,0,0,0,0,16,0,0,16,16,0,0,0,0,16,0,0,16,16,0,0,0,0,16,0,0,16,0,0,0,0,0,0,0,0,0,0,0,0,0,0
54,110,1,8,1,1,unchanged,1,16,2560,1728,1728,1856,1728,1856,1728,1856,16,0,0,0,0,16,0,0,16,16,0,0,0,0,16,0,0,16,16,0,0,0,0,16,0,0,16,0,0,0,0,0,0,0,0,0,0,0,0,0,0
54,110,1,0,1,1,one_edit,1,64,10240,7296,7296,7296,7296,7296,7296,7296,64,0,0,0,64,0,0,64,0,64,0,0,0,64,0,0,64,0,64,0,0,0,64,0,0,64,0,0,0,0,0,0,0,0,0,0,0,0,0,0,0
54,110,1,2,1,1,one_edit,1,64,10240,7296,7296,7424,7296,7424,7296,7424,64,0,0,0,0,64,0,0,64,64,0,0,0,0,64,0,0,64,64,0,0,0,0,64,0,0,64,0,0,0,0,0,0,0,0,0,0,0,0,0,0
54,110,1,4,1,1,one_edit,1,64,10240,7296,7296,7552,7296,7552,7296,7552,64,0,0,0,0,64,0,0,64,64,0,0,0,0,64,0,0,64,64,0,0,0,0,64,0,0,64,0,0,0,0,0,0,0,0,0,0,0,0,0,0
54,110,1,8,1,1,one_edit,1,64,10240,7296,7296,7808,7296,7808,7296,7808,64,0,0,0,0,64,0,0,64,64,0,0,0,0,64,0,0,64,64,0,0,0,0,64,0,0,64,0,0,0,0,0,0,0,0,0,0,0,0,0,0
54,110,1,0,1,1,far,1,176,28160,19950,19950,19950,19950,20278,19950,20206,176,0,0,0,176,0,0,176,0,176,0,0,0,88,88,0,88,88,176,0,0,0,112,64,0,112,64,0,0,0,0,0,0,0,88,328,4,64,256,4,24
54,110,1,2,1,1,far,1,176,28160,19950,19950,20302,19950,20630,19950,20558,176,0,0,0,0,176,0,0,176,176,0,0,0,0,176,0,0,176,176,0,0,0,0,176,0,0,176,0,0,0,0,0,0,0,88,328,4,64,256,4,24
54,110,1,4,1,1,far,1,176,28160,19950,19950,20654,19950,20982,19950,20910,176,0,0,0,0,176,0,0,176,176,0,0,0,0,176,0,0,176,176,0,0,0,0,176,0,0,176,0,0,0,0,0,0,0,88,328,4,64,256,4,24
54,110,1,8,1,1,far,1,176,28160,19950,19950,21358,19950,21686,19950,21614,176,0,0,0,0,176,0,0,176,176,0,0,0,0,176,0,0,176,176,0,0,0,0,176,0,0,176,0,0,0,0,0,0,0,88,328,4,64,256,4,24
54,110,1,0,1,2,unchanged,1,16,3072,2048,2048,2048,2048,2048,2048,2048,16,0,0,0,16,0,0,16,0,16,0,0,0,16,0,0,16,0,16,0,0,0,16,0,0,16,0,0,0,0,0,0,0,0,0,0,0,0,0,0,0
54,110,1,2,1,2,unchanged,1,16,3072,2048,2048,2080,2048,2080,2048,2080,16,0,0,0,0,16,0,0,16,16,0,0,0,0,16,0,0,16,16,0,0,0,0,16,0,0,16,0,0,0,0,0,0,0,0,0,0,0,0,0,0
54,110,1,4,1,2,unchanged,1,16,3072,2048,2048,2112,2048,2112,2048,2112,16,0,0,0,0,16,0,0,16,16,0,0,0,0,16,0,0,16,16,0,0,0,0,16,0,0,16,0,0,0,0,0,0,0,0,0,0,0,0,0,0
54,110,1,8,1,2,unchanged,1,16,3072,2048,2048,2176,2048,2176,2048,2176,16,0,0,0,0,16,0,0,16,16,0,0,0,0,16,0,0,16,16,0,0,0,0,16,0,0,16,0,0,0,0,0,0,0,0,0,0,0,0,0,0
54,110,1,0,1,2,one_edit,1,64,12288,8960,8960,8960,8960,8960,8960,8960,64,0,0,0,64,0,0,64,0,64,0,0,0,64,0,0,64,0,64,0,0,0,64,0,0,64,0,0,0,0,0,0,0,0,0,0,0,0,0,0,0
54,110,1,2,1,2,one_edit,1,64,12288,8960,8960,9088,8960,9088,8960,9088,64,0,0,0,0,64,0,0,64,64,0,0,0,0,64,0,0,64,64,0,0,0,0,64,0,0,64,0,0,0,0,0,0,0,0,0,0,0,0,0,0
54,110,1,4,1,2,one_edit,1,64,12288,8960,8960,9216,8960,9216,8960,9216,64,0,0,0,0,64,0,0,64,64,0,0,0,0,64,0,0,64,64,0,0,0,0,64,0,0,64,0,0,0,0,0,0,0,0,0,0,0,0,0,0
54,110,1,8,1,2,one_edit,1,64,12288,8960,8960,9472,8960,9472,8960,9472,64,0,0,0,0,64,0,0,64,64,0,0,0,0,64,0,0,64,64,0,0,0,0,64,0,0,64,0,0,0,0,0,0,0,0,0,0,0,0,0,0
54,110,1,0,1,2,far,1,176,33792,24412,24412,24412,24412,25068,24412,24924,176,0,0,0,176,0,0,176,0,176,0,0,0,88,88,0,88,88,176,0,0,0,112,64,0,112,64,0,0,0,0,0,0,0,88,656,8,64,512,8,24
54,110,1,2,1,2,far,1,176,33792,24412,24412,24764,24412,25420,24412,25276,176,0,0,0,0,176,0,0,176,176,0,0,0,0,176,0,0,176,176,0,0,0,0,176,0,0,176,0,0,0,0,0,0,0,88,656,8,64,512,8,24
54,110,1,4,1,2,far,1,176,33792,24412,24412,25116,24412,25772,24412,25628,176,0,0,0,0,176,0,0,176,176,0,0,0,0,176,0,0,176,176,0,0,0,0,176,0,0,176,0,0,0,0,0,0,0,88,656,8,64,512,8,24
54,110,1,8,1,2,far,1,176,33792,24412,24412,25820,24412,26476,24412,26332,176,0,0,0,0,176,0,0,176,176,0,0,0,0,176,0,0,176,176,0,0,0,0,176,0,0,176,0,0,0,0,0,0,0,88,656,8,64,512,8,24
54,110,1,0,1,4,unchanged,1,16,4096,2688,2688,2688,2688,2688,2688,2688,16,0,0,0,16,0,0,16,0,16,0,0,0,16,0,0,16,0,16,0,0,0,16,0,0,16,0,0,0,0,0,0,0,0,0,0,0,0,0,0,0
54,110,1,2,1,4,unchanged,1,16,4096,2688,2688,2720,2688,2720,2688,2720,16,0,0,0,0,16,0,0,16,16,0,0,0,0,16,0,0,16,16,0,0,0,0,16,0,0,16,0,0,0,0,0,0,0,0,0,0,0,0,0,0
54,110,1,4,1,4,unchanged,1,16,4096,2688,2688,2752,2688,2752,2688,2752,16,0,0,0,0,16,0,0,16,16,0,0,0,0,16,0,0,16,16,0,0,0,0,16,0,0,16,0,0,0,0,0,0,0,0,0,0,0,0,0,0
54,110,1,8,1,4,unchanged,1,16,4096,2688,2688,2816,2688,2816,2688,2816,16,0,0,0,0,16,0,0,16,16,0,0,0,0,16,0,0,16,16,0,0,0,0,16,0,0,16,0,0,0,0,0,0,0,0,0,0,0,0,0,0
54,110,1,0,1,4,one_edit,1,64,16384,12288,12288,12288,12288,12288,12288,12288,64,0,0,0,64,0,0,64,0,64,0,0,0,64,0,0,64,0,64,0,0,0,64,0,0,64,0,0,0,0,0,0,0,0,0,0,0,0,0,0,0
54,110,1,2,1,4,one_edit,1,64,16384,12288,12288,12416,12288,12416,12288,12416,64,0,0,0,0,64,0,0,64,64,0,0,0,0,64,0,0,64,64,0,0,0,0,64,0,0,64,0,0,0,0,0,0,0,0,0,0,0,0,0,0
54,110,1,4,1,4,one_edit,1,64,16384,12288,12288,12544,12288,12544,12288,12544,64,0,0,0,0,64,0,0,64,64,0,0,0,0,64,0,0,64,64,0,0,0,0,64,0,0,64,0,0,0,0,0,0,0,0,0,0,0,0,0,0
54,110,1,8,1,4,one_edit,1,64,16384,12288,12288,12800,12288,12800,12288,12800,64,0,0,0,0,64,0,0,64,64,0,0,0,0,64,0,0,64,64,0,0,0,0,64,0,0,64,0,0,0,0,0,0,0,0,0,0,0,0,0,0
54,110,1,0,1,4,far,1,176,45056,33336,33336,33336,33336,34648,33336,34360,176,0,0,0,176,0,0,176,0,176,0,0,0,88,88,0,88,88,176,0,0,0,112,64,0,112,64,0,0,0,0,0,0,0,88,1312,16,64,1024,16,24
54,110,1,2,1,4,far,1,176,45056,33336,33336,33688,33336,35000,33336,34712,176,0,0,0,0,176,0,0,176,176,0,0,0,0,176,0,0,176,176,0,0,0,0,176,0,0,176,0,0,0,0,0,0,0,88,1312,16,64,1024,16,24
54,110,1,4,1,4,far,1,176,45056,33336,33336,34040,33336,35352,33336,35064,176,0,0,0,0,176,0,0,176,176,0,0,0,0,176,0,0,176,176,0,0,0,0,176,0,0,176,0,0,0,0,0,0,0,88,1312,16,64,1024,16,24
54,110,1,8,1,4,far,1,176,45056,33336,33336,34744,33336,36056,33336,35768,176,0,0,0,0,176,0,0,176,176,0,0,0,0,176,0,0,176,176,0,0,0,0,176,0,0,176,0,0,0,0,0,0,0,88,1312,16,64,1024,16,24
54,110,1,0,4,1,unchanged,1,16,4096,2688,2688,2688,2688,2688,2688,2688,16,0,0,0,16,0,0,16,0,16,0,0,0,16,0,0,16,0,16,0,0,0,16,0,0,16,0,0,0,0,0,0,0,0,0,0,0,0,0,0,0
54,110,1,2,4,1,unchanged,1,16,4096,2688,2688,2720,2688,2720,2688,2720,16,0,0,0,0,16,0,0,16,16,0,0,0,0,16,0,0,16,16,0,0,0,0,16,0,0,16,0,0,0,0,0,0,0,0,0,0,0,0,0,0
54,110,1,4,4,1,unchanged,1,16,4096,2688,2688,2752,2688,2752,2688,2752,16,0,0,0,0,16,0,0,16,16,0,0,0,0,16,0,0,16,16,0,0,0,0,16,0,0,16,0,0,0,0,0,0,0,0,0,0,0,0,0,0
54,110,1,8,4,1,unchanged,1,16,4096,2688,2688,2816,2688,2816,2688,2816,16,0,0,0,0,16,0,0,16,16,0,0,0,0,16,0,0,16,16,0,0,0,0,16,0,0,16,0,0,0,0,0,0,0,0,0,0,0,0,0,0
54,110,1,0,4,1,one_edit,1,64,16384,12288,11776,11136,11776,11136,11776,11136,64,0,0,64,0,0,64,0,0,64,0,0,64,0,0,64,0,0,64,0,0,64,0,0,64,0,0,0,0,0,0,0,0,0,0,0,0,0,0,0,0
54,110,1,2,4,1,one_edit,1,64,16384,12288,11776,11264,11776,11264,11776,11264,64,0,0,64,0,0,64,0,0,64,0,0,64,0,0,64,0,0,64,0,0,64,0,0,64,0,0,0,0,0,0,0,0,0,0,0,0,0,0,0,0
54,110,1,4,4,1,one_edit,1,64,16384,12288,11776,11392,11776,11392,11776,11392,64,0,0,64,0,0,64,0,0,64,0,0,64,0,0,64,0,0,64,0,0,64,0,0,64,0,0,0,0,0,0,0,0,0,0,0,0,0,0,0,0
54,110,1,8,4,1,one_edit,1,64,16384,12288,11776,11648,11776,11648,11776,11648,64,0,0,64,0,0,64,0,0,64,0,0,64,0,0,64,0,0,64,0,0,64,0,0,64,0,0,0,0,0,0,0,0,0,0,0,0,0,0,0,0
54,110,1,0,4,1,far,1,176,45056,33336,32232,31656,32384,31680,32384,31680,176,0,0,170,6,0,160,16,0,176,0,0,170,0,6,160,16,0,176,0,0,170,0,6,160,16,0,38,152,4,38,152,4,0,6,24,4,6,24,4,0
54,110,1,2,4,1,far,1,176,45056,33336,32232,32008,32384,32032,32384,32032,176,0,0,138,32,6,64,96,16,176,0,0,138,32,6,96,64,16,176,0,0,138,32,6,96,64,16,38,152,4,38,152,4,0,6,24,4,6,24,4,0
54,110,1,4,4,1,far,1,176,45056,33336,32232,32360,32384,32384,32384,32384,176,0,0,138,0,38,64,0,112,176,0,0,138,0,38,96,0,80,176,0,0,138,0,38,96,0,80,38,152,4,38,152,4,0,6,24,4,6,24,4,0
54,110,1,8,4,1,far,1,176,45056,33336,32232,33064,32384,33088,32384,33088,176,0,0,128,10,38,0,0,176,176,0,0,128,10,38,0,0,176,176,0,0,128,10,38,0,0,176,38,152,4,38,152,4,0,6,24,4,6,24,4,0
54,110,1,0,4,2,unchanged,1,16,6144,3968,3968,3968,3968,3968,3968,3968,16,0,0,0,16,0,0,16,0,16,0,0,0,16,0,0,16,0,16,0,0,0,16,0,0,16,0,0,0,0,0,0,0,0,0,0,0,0,0,0,0
54,110,1,2,4,2,unchanged,1,16,6144,3968,3968,4000,3968,4000,3968,4000,16,0,0,0,0,16,0,0,16,16,0,0,0,0,16,0,0,16,16,0,0,0,0,16,0,0,16,0,0,0,0,0,0,0,0,0,0,0,0,0,0
54,110,1,4,4,2,unchanged,1,16,6144,3968,3968,4032,3968,4032,3968,4032,16,0,0,0,0,16,0,0,16,16,0,0,0,0,16,0,0,16,16,0,0,0,0,16,0,0,16,0,0,0,0,0,0,0,0,0,0,0,0,0,0
54,110,1,8,4,2,unchanged,1,16,6144,3968,3968,4096,3968,4096,3968,4096,16,0,0,0,0,16,0,0,16,16,0,0,0,0,16,0,0,16,16,0,0,0,0,16,0,0,16,0,0,0,0,0,0,0,0,0,0,0,0,0,0
54,110,1,0,4,2,one_edit,1,64,24576,18944,17920,16640,17920,16640,17920,16640,64,0,0,64,0,0,64,0,0,64,0,0,64,0,0,64,0,0,64,0,0,64,0,0,64,0,0,0,0,0,0,0,0,0,0,0,0,0,0,0,0
54,110,1,2,4,2,one_edit,1,64,24576,18944,17920,16768,17920,16768,17920,16768,64,0,0,64,0,0,64,0,0,64,0,0,64,0,0,64,0,0,64,0,0,64,0,0,64,0,0,0,0,0,0,0,0,0,0,0,0,0,0,0,0
54,110,1,4,4,2,one_edit,1,64,24576,18944,17920,16896,17920,16896,17920,16896,64,0,0,64,0,0,64,0,0,64,0,0,64,0,0,64,0,0,64,0,0,64,0,0,64,0,0,0,0,0,0,0,0,0,0,0,0,0,0,0,0
54,110,1,8,4,2,one_edit,1,64,24576,18944,17920,17152,17920,17152,17920,17152,64,0,0,64,0,0,64,0,0,64,0,0,64,0,0,64,0,0,64,0,0,64,0,0,64,0,0,0,0,0,0,0,0,0,0,0,0,0,0,0,0
54,110,1,0,4,2,far,1,176,67584,51184,48976,47824,49280,47872,49280,47872,176,0,0,170,6,0,160,16,0,176,0,0,170,0,6,160,16,0,176,0,0,170,0,6,160,16,0,38,304,8,38,304,8,0,6,48,8,6,48,8,0
54,110,1,2,4,2,far,1,176,67584,51184,48976,48176,49280,48224,49280,48224,176,0,0,170,0,6,160,0,16,176,0,0,170,0,6,160,0,16,176,0,0,170,0,6,160,0,16,38,304,8,38,304,8,0,6,48,8,6,48,8,0
54,110,1,4,4,2,far,1,176,67584,51184,48976,48528,49280,48576,49280,48576,176,0,0,138,32,6,64,96,16,176,0,0,138,32,6,96,64,16,176,0,0,138,32,6,96,64,16,38,304,8,38,304,8,0,6,48,8,6,48,8,0
54,110,1,8,4,2,far,1,176,67584,51184,48976,49232,49280,49280,49280,49280,176,0,0,138,0,38,64,0,112,176,0,0,138,0,38,96,0,80,176,0,0,138,0,38,96,0,80,38,304,8,38,304,8,0,6,48,8,6,48,8,0
54,110,1,0,4,4,unchanged,1,16,10240,6528,6528,6528,6528,6528,6528,6528,16,0,0,0,16,0,0,16,0,16,0,0,0,16,0,0,16,0,16,0,0,0,16,0,0,16,0,0,0,0,0,0,0,0,0,0,0,0,0,0,0
54,110,1,2,4,4,unchanged,1,16,10240,6528,6528,6560,6528,6560,6528,6560,16,0,0,0,0,16,0,0,16,16,0,0,0,0,16,0,0,16,16,0,0,0,0,16,0,0,16,0,0,0,0,0,0,0,0,0,0,0,0,0,0
54,110,1,4,4,4,unchanged,1,16,10240,6528,6528,6592,6528,6592,6528,6592,16,0,0,0,0,16,0,0,16,16,0,0,0,0,16,0,0,16,16,0,0,0,0,16,0,0,16,0,0,0,0,0,0,0,0,0,0,0,0,0,0
54,110,1,8,4,4,unchanged,1,16,10240,6528,6528,6656,6528,6656,6528,6656,16,0,0,0,0,16,0,0,16,16,0,0,0,0,16,0,0,16,16,0,0,0,0,16,0,0,16,0,0,0,0,0,0,0,0,0,0,0,0,0,0
54,110,1,0,4,4,one_edit,1,64,40960,32256,30208,27648,30208,27648,30208,27648,64,0,0,64,0,0,64,0,0,64,0,0,64,0,0,64,0,0,64,0,0,64,0,0,64,0,0,0,0,0,0,0,0,0,0,0,0,0,0,0,0
54,110,1,2,4,4,one_edit,1,64,40960,32256,30208,27776,30208,27776,30208,27776,64,0,0,64,0,0,64,0,0,64,0,0,64,0,0,64,0,0,64,0,0,64,0,0,64,0,0,0,0,0,0,0,0,0,0,0,0,0,0,0,0
54,110,1,4,4,4,one_edit,1,64,40960,32256,30208,27904,30208,27904,30208,27904,64,0,0,64,0,0,64,0,0,64,0,0,64,0,0,64,0,0,64,0,0,64,0,0,64,0,0,0,0,0,0,0,0,0,0,0,0,0,0,0,0
54,110,1,8,4,4,one_edit,1,64,40960,32256,30208,28160,30208,28160,30208,28160,64,0,0,64,0,0,64,0,0,64,0,0,64,0,0,64,0,0,64,0,0,64,0,0,64,0,0,0,0,0,0,0,0,0,0,0,0,0,0,0,0
54,110,1,0,4,4,far,1,176,112640,86880,82464,80160,83072,80256,83072,80256,176,0,0,170,6,0,160,16,0,176,0,0,170,0,6,160,16,0,176,0,0,170,0,6,160,16,0,38,608,16,38,608,16,0,6,96,16,6,96,16,0
54,110,1,2,4,4,far,1,176,112640,86880,82464,80512,83072,80608,83072,80608,176,0,0,170,0,6,160,0,16,176,0,0,170,0,6,160,0,16,176,0,0,170,0,6,160,0,16,38,608,16,38,608,16,0,6,96,16,6,96,16,0
54,110,1,4,4,4,far,1,176,112640,86880,82464,80864,83072,80960,83072,80960,176,0,0,170,0,6,160,0,16,176,0,0,170,0,6,160,0,16,176,0,0,170,0,6,160,0,16,38,608,16,38,608,16,0,6,96,16,6,96,16,0
54,110,1,8,4,4,far,1,176,112640,86880,82464,81568,83072,81664,83072,81664,176,0,0,138,32,6,64,96,16,176,0,0,138,32,6,96,64,16,176,0,0,138,32,6,96,64,16,38,608,16,38,608,16,0,6,96,16,6,96,16,0
54,110,1,0,16,1,unchanged,1,16,10240,6528,6528,6528,6528,6528,6528,6528,16,0,0,0,16,0,0,16,0,16,0,0,0,16,0,0,16,0,16,0,0,0,16,0,0,16,0,0,0,0,0,0,0,0,0,0,0,0,0,0,0
54,110,1,2,16,1,unchanged,1,16,10240,6528,6528,6560,6528,6560,6528,6560,16,0,0,0,0,16,0,0,16,16,0,0,0,0,16,0,0,16,16,0,0,0,0,16,0,0,16,0,0,0,0,0,0,0,0,0,0,0,0,0,0
54,110,1,4,16,1,unchanged,1,16,10240,6528,6528,6592,6528,6592,6528,6592,16,0,0,0,0,16,0,0,16,16,0,0,0,0,16,0,0,16,16,0,0,0,0,16,0,0,16,0,0,0,0,0,0,0,0,0,0,0,0,0,0
54,110,1,8,16,1,unchanged,1,16,10240,6528,6528,6656,6528,6656,6528,6656,16,0,0,0,0,16,0,0,16,16,0,0,0,0,16,0,0,16,16,0,0,0,0,16,0,0,16,0,0,0,0,0,0,0,0,0,0,0,0,0,0
54,110,1,0,16,1,one_edit,1,64,40960,32256,27136,26496,27136,26496,27136,26496,64,0,0,64,0,0,64,0,0,64,0,0,64,0,0,64,0,0,64,0,0,64,0,0,64,0,0,0,0,0,0,0,0,0,0,0,0,0,0,0,0
54,110,1,2,16,1,one_edit,1,64,40960,32256,27136,26624,27136,26624,27136,26624,64,0,0,64,0,0,64,0,0,64,0,0,64,0,0,64,0,0,64,0,0,64,0,0,64,0,0,0,0,0,0,0,0,0,0,0,0,0,0,0,0
54,110,1,4,16,1,one_edit,1,64,40960,32256,27136,26752,27136,26752,27136,26752,64,0,0,64,0,0,64,0,0,64,0,0,64,0,0,64,0,0,64,0,0,64,0,0,64,0,0,0,0,0,0,0,0,0,0,0,0,0,0,0,0
54,110,1,8,16,1,one_edit,1,64,40960,32256,27136,27008,27136,27008,27136,27008,64,0,0,64,0,0,64,0,0,64,0,0,64,0,0,64,0,0,64,0,0,64,0,0,64,0,0,0,0,0,0,0,0,0,0,0,0,0,0,0,0
54,110,1,0,16,1,far,1,176,112640,86880,74624,73920,74624,73920,74624,73920,176,0,0,176,0,0,160,16,0,176,0,0,176,0,0,160,16,0,176,0,0,176,0,0,160,16,0,0,0,0,0,0,0,0,0,0,0,0,0,0,0
54,110,1,2,16,1,far,1,176,112640,86880,74624,74272,74624,74272,74624,74272,176,0,0,176,0,0,96,64,16,176,0,0,176,0,0,96,64,16,176,0,0,176,0,0,96,64,16,0,0,0,0,0,0,0,0,0,0,0,0,0,0
54,110,1,4,16,1,far,1,176,112640,86880,74624,74624,74624,74624,74624,74624,176,0,0,176,0,0,96,0,80,176,0,0,176,0,0,96,0,80,176,0,0,176,0,0,96,0,80,0,0,0,0,0,0,0,0,0,0,0,0,0,0
54,110,1,8,16,1,far,1,176,112640,86880,74624,75328,74624,75328,74624,75328,176,0,0,176,0,0,0,0,176,176,0,0,176,0,0,0,0,176,176,0,0,176,0,0,0,0,176,0,0,0,0,0,0,0,0,0,0,0,0,0,0
54,110,1,0,16,2,unchanged,1,16,18432,11648,11648,11648,11648,11648,11648,11648,16,0,0,0,16,0,0,16,0,16,0,0,0,16,0,0,16,0,16,0,0,0,16,0,0,16,0,0,0,0,0,0,0,0,0,0,0,0,0,0,0
54,110,1,2,16,2,unchanged,1,16,18432,11648,11648,11680,11648,11680,11648,11680,16,0,0,0,0,16,0,0,16,16,0,0,0,0,16,0,0,16,16,0,0,0,0,16,0,0,16,0,0,0,0,0,0,0,0,0,0,0,0,0,0
54,110,1,4,16,2,unchanged,1,16,18432,11648,11648,11712,11648,11712,11648,11712,16,0,0,0,0,16,0,0,16,16,0,0,0,0,16,0,0,16,16,0,0,0,0,16,0,0,16,0,0,0,0,0,0,0,0,0,0,0,0,0,0
54,110,1,8,16,2,unchanged,1,16,18432,11648,11648,11776,11648,11776,11648,11776,16,0,0,0,0,16,0,0,16,16,0,0,0,0,16,0,0,16,16,0,0,0,0,16,0,0,16,0,0,0,0,0,0,0,0,0,0,0,0,0,0
54,110,1,0,16,2,one_edit,1,64,73728,58880,48640,47360,48640,47360,48640,47360,64,0,0,64,0,0,64,0,0,64,0,0,64,0,0,64,0,0,64,0,0,64,0,0,64,0,0,0,0,0,0,0,0,0,0,0,0,0,0,0,0
54,110,1,2,16,2,one_edit,1,64,73728,58880,48640,47488,48640,47488,48640,47488,64,0,0,64,0,0,64,0,0,64,0,0,64,0,0,64,0,0,64,0,0,64,0,0,64,0,0,0,0,0,0,0,0,0,0,0,0,0,0,0,0
54,110,1,4,16,2,one_edit,1,64,73728,58880,48640,47616,48640,47616,48640,47616,64,0,0,64,0,0,64,0,0,64,0,0,64,0,0,64,0,0,64,0,0,64,0,0,64,0,0,0,0,0,0,0,0,0,0,0,0,0,0,0,0
54,110,1,8,16,2,one_edit,1,64,73728,58880,48640,47872,48640,47872,48640,47872,64,0,0,64,0,0,64,0,0,64,0,0,64,0,0,64,0,0,64,0,0,64,0,0,64,0,0,0,0,0,0,0,0,0,0,0,0,0,0,0,0
54,110,1,0,16,2,far,1,176,202752,158272,133760,132352,133760,132352,133760,132352,176,0,0,176,0,0,160,16,0,176,0,0,176,0,0,160,16,0,176,0,0,176,0,0,160,16,0,0,0,0,0,0,0,0,0,0,0,0,0,0,0
54,110,1,2,16,2,far,1,176,202752,158272,133760,132704,133760,132704,133760,132704,176,0,0,176,0,0,160,0,16,176,0,0,176,0,0,160,0,16,176,0,0,176,0,0,160,0,16,0,0,0,0,0,0,0,0,0,0,0,0,0,0
54,110,1,4,16,2,far,1,176,202752,158272,133760,133056,133760,133056,133760,133056,176,0,0,176,0,0,96,64,16,176,0,0,176,0,0,96,64,16,176,0,0,176,0,0,96,64,16,0,0,0,0,0,0,0,0,0,0,0,0,0,0
54,110,1,8,16,2,far,1,176,202752,158272,133760,133760,133760,133760,133760,133760,176,0,0,176,0,0,96,0,80,176,0,0,176,0,0,96,0,80,176,0,0,176,0,0,96,0,80,0,0,0,0,0,0,0,0,0,0,0,0,0,0
54,110,1,0,16,4,unchanged,1,16,34816,21888,21888,21888,21888,21888,21888,21888,16,0,0,0,16,0,0,16,0,16,0,0,0,16,0,0,16,0,16,0,0,0,16,0,0,16,0,0,0,0,0,0,0,0,0,0,0,0,0,0,0
54,110,1,2,16,4,unchanged,1,16,34816,21888,21888,21920,21888,21920,21888,21920,16,0,0,0,0,16,0,0,16,16,0,0,0,0,16,0,0,16,16,0,0,0,0,16,0,0,16,0,0,0,0,0,0,0,0,0,0,0,0,0,0
54,110,1,4,16,4,unchanged,1,16,34816,21888,21888,21952,21888,21952,21888,21952,16,0,0,0,0,16,0,0,16,16,0,0,0,0,16,0,0,16,16,0,0,0,0,16,0,0,16,0,0,0,0,0,0,0,0,0,0,0,0,0,0
54,110,1,8,16,4,unchanged,1,16,34816,21888,21888,22016,21888,22016,21888,22016,16,0,0,0,0,16,0,0,16,16,0,0,0,0,16,0,0,16,16,0,0,0,0,16,0,0,16,0,0,0,0,0,0,0,0,0,0,0,0,0,0
54,110,1,0,16,4,one_edit,1,64,139264,112128,91648,89088,91648,89088,91648,89088,64,0,0,64,0,0,64,0,0,64,0,0,64,0,0,64,0,0,64,0,0,64,0,0,64,0,0,0,0,0,0,0,0,0,0,0,0,0,0,0,0
54,110,1,2,16,4,one_edit,1,64,139264,112128,91648,89216,91648,89216,91648,89216,64,0,0,64,0,0,64,0,0,64,0,0,64,0,0,64,0,0,64,0,0,64,0,0,64,0,0,0,0,0,0,0,0,0,0,0,0,0,0,0,0
54,110,1,4,16,4,one_edit,1,64,139264,112128,91648,89344,91648,89344,91648,89344,64,0,0,64,0,0,64,0,0,64,0,0,64,0,0,64,0,0,64,0,0,64,0,0,64,0,0,0,0,0,0,0,0,0,0,0,0,0,0,0,0
54,110,1,8,16,4,one_edit,1,64,139264,112128,91648,89600,91648,89600,91648,89600,64,0,0,64,0,0,64,0,0,64,0,0,64,0,0,64,0,0,64,0,0,64,0,0,64,0,0,0,0,0,0,0,0,0,0,0,0,0,0,0,0
54,110,1,0,16,4,far,1,176,382976,301056,252032,249216,252032,249216,252032,249216,176,0,0,176,0,0,160,16,0,176,0,0,176,0,0,160,16,0,176,0,0,176,0,0,160,16,0,0,0,0,0,0,0,0,0,0,0,0,0,0,0
54,110,1,2,16,4,far,1,176,382976,301056,252032,249568,252032,249568,252032,249568,176,0,0,176,0,0,160,0,16,176,0,0,176,0,0,160,0,16,176,0,0,176,0,0,160,0,16,0,0,0,0,0,0,0,0,0,0,0,0,0,0
54,110,1,4,16,4,far,1,176,382976,301056,252032,249920,252032,249920,252032,249920,176,0,0,176,0,0,160,0,16,176,0,0,176,0,0,160,0,16,176,0,0,176,0,0,160,0,16,0,0,0,0,0,0,0,0,0,0,0,0,0,0
54,110,1,8,16,4,far,1,176,382976,301056,252032,250624,252032,250624,252032,250624,176,0,0,176,0,0,96,64,16,176,0,0,176,0,0,96,64,16,176,0,0,176,0,0,96,64,16,0,0,0,0,0,0,0,0,0,0,0,0,0,0
54,110,2,0,1,1,unchanged,1,16,3840,2048,2048,2048,2048,2048,2048,2048,16,0,0,0,16,0,0,16,0,16,0,0,0,16,0,0,16,0,16,0,0,0,16,0,0,16,0,0,0,0,0,0,0,0,0,0,0,0,0,0,0
54,110,2,2,1,1,unchanged,1,16,3840,2048,2048,2080,2048,2080,2048,2080,16,0,0,0,0,16,0,0,16,16,0,0,0,0,16,0,0,16,16,0,0,0,0,16,0,0,16,0,0,0,0,0,0,0,0,0,0,0,0,0,0
54,110,2,4,1,1,unchanged,1,16,3840,2048,2048,2112,2048,2112,2048,2112,16,0,0,0,0,16,0,0,16,16,0,0,0,0,16,0,0,16,16,0,0,0,0,16,0,0,16,0,0,0,0,0,0,0,0,0,0,0,0,0,0
54,110,2,8,1,1,unchanged,1,16,3840,2048,2048,2176,2048,2176,2048,2176,16,0,0,0,0,16,0,0,16,16,0,0,0,0,16,0,0,16,16,0,0,0,0,16,0,0,16,0,0,0,0,0,0,0,0,0,0,0,0,0,0
54,110,2,0,1,1,one_edit,1,64,15360,8960,8960,8576,9216,8576,9216,8576,64,0,0,64,0,0,64,0,0,64,0,0,64,0,0,64,0,0,64,0,0,64,0,0,64,0,0,64,256,4,64,256,4,0,0,0,0,0,0,0,0
54,110,2,2,1,1,one_edit,1,64,15360,8960,8960,8704,9216,8704,9216,8704,64,0,0,64,0,0,64,0,0,64,0,0,64,0,0,64,0,0,64,0,0,64,0,0,64,0,0,64,256,4,64,256,4,0,0,0,0,0,0,0,0
54,110,2,4,1,1,one_edit,1,64,15360,8960,8960,8832,9216,8832,9216,8832,64,0,0,64,0,0,64,0,0,64,0,0,64,0,0,64,0,0,64,0,0,64,0,0,64,0,0,64,256,4,64,256,4,0,0,0,0,0,0,0,0
54,110,2,8,1,1,one_edit,1,64,15360,8960,8960,9088,9216,9088,9216,9088,64,0,0,0,0,64,0,0,64,64,0,0,0,0,64,64,0,0,64,0,0,0,0,64,64,0,0,64,256,4,64,256,4,0,0,0,0,0,0,0,0
54,110,2,0,1,1,far,1,176,42240,24412,24412,24284,24964,24580,24964,24580,176,0,0,64,112,0,64,112,0,176,0,0,64,6,106,128,16,32,176,0,0,64,6,106,128,16,32,138,552,4,138,552,4,0,106,296,4,106,296,4,0
54,110,2,2,1,1,far,1,176,42240,24412,24412,24636,24964,24932,24964,24932,176,0,0,0,64,112,0,64,112,176,0,0,0,64,112,64,64,48,176,0,0,0,64,112,64,64,48,138,552,4,138,552,4,0,106,296,4,106,296,4,0
54,110,2,4,1,1,far,1,176,42240,24412,24412,24988,24964,25284,24964,25284,176,0,0,0,0,176,0,0,176,176,0,0,0,0,176,64,0,112,176,0,0,0,0,176,64,0,112,138,552,4,138,552,4,0,106,296,4,106,296,4,0
54,110,2,8,1,1,far,1,176,42240,24412,24412,25692,24964,25988,24964,25988,176,0,0,0,0,176,0,0,176,176,0,0,0,0,176,0,0,176,176,0,0,0,0,176,0,0,176,138,552,4,138,552,4,0,106,296,4,106,296,4,0
54,110,2,0,1,2,unchanged,1,16,4608,2432,2432,2432,2432,2432,2432,2432,16,0,0,0,16,0,0,16,0,16,0,0,0,16,0,0,16,0,16,0,0,0,16,0,0,16,0,0,0,0,0,0,0,0,0,0,0,0,0,0,0
54,110,2,2,1,2,unchanged,1,16,4608,2432,2432,2464,2432,2464,2432,2464,16,0,0,0,0,16,0,0,16,16,0,0,0,0,16,0,0,16,16,0,0,0,0,16,0,0,16,0,0,0,0,0,0,0,0,0,0,0,0,0,0
54,110,2,4,1,2,unchanged,1,16,4608,2432,2432,2496,2432,2496,2432,2496,16,0,0,0,0,16,0,0,16,16,0,0,0,0,16,0,0,16,16,0,0,0,0,16,0,0,16,0,0,0,0,0,0,0,0,0,0,0,0,0,0
54,110,2,8,1,2,unchanged,1,16,4608,2432,2432,2560,2432,2560,2432,2560,16,0,0,0,0,16,0,0,16,16,0,0,0,0,16,0,0,16,16,0,0,0,0,16,0,0,16,0,0,0,0,0,0,0,0,0,0,0,0,0,0
54,110,2,0,1,2,one_edit,1,64,18432,11264,11264,10496,11776,10496,11776,10496,64,0,0,64,0,0,64,0,0,64,0,0,64,0,0,64,0,0,64,0,0,64,0,0,64,0,0,64,512,8,64,512,8,0,0,0,0,0,0,0,0
54,110,2,2,1,2,one_edit,1,64,18432,11264,11264,10624,11776,10624,11776,10624,64,0,0,64,0,0,64,0,0,64,0,0,64,0,0,64,0,0,64,0,0,64,0,0,64,0,0,64,512,8,64,512,8,0,0,0,0,0,0,0,0
54,110,2,4,1,2,one_edit,1,64,18432,11264,11264,10752,11776,10752,11776,10752,64,0,0,64,0,0,64,0,0,64,0,0,64,0,0,64,0,0,64,0,0,64,0,0,64,0,0,64,512,8,64,512,8,0,0,0,0,0,0,0,0
54,110,2,8,1,2,one_edit,1,64,18432,11264,11264,11008,11776,11008,11776,11008,64,0,0,64,0,0,64,0,0,64,0,0,64,0,0,64,0,0,64,0,0,64,0,0,64,0,0,64,512,8,64,512,8,0,0,0,0,0,0,0,0
54,110,2,0,1,2,far,1,176,50688,30520,30520,30264,31624,30856,31624,30856,176,0,0,64,112,0,64,112,0,176,0,0,64,6,106,128,16,32,176,0,0,64,6,106,128,16,32,138,1104,8,138,1104,8,0,106,592,8,106,592,8,0
54,110,2,2,1,2,far,1,176,50688,30520,30520,30616,31624,31208,31624,31208,176,0,0,64,0,112,64,0,112,176,0,0,64,0,112,128,0,48,176,0,0,64,0,112,128,0,48,138,1104,8,138,1104,8,0,106,592,8,106,592,8,0
54,110,2,4,1,2,far,1,176,50688,30520,30520,30968,31624,31560,31624,31560,176,0,0,0,64,112,0,64,112,176,0,0,0,64,112,64,64,48,176,0,0,0,64,112,64,64,48,138,1104,8,138,1104,8,0,106,592,8,106,592,8,0
54,110,2,8,1,2,far,1,176,50688,30520,30520,31672,31624,32264,31624,32264,176,0,0,0,0,176,0,0,176,176,0,0,0,0,176,64,0,112,176,0,0,0,0,176,64,0,112,138,1104,8,138,1104,8,0,106,592,8,106,592,8,0
54,110,2,0,1,4,unchanged,1,16,6144,3200,3200,3200,3200,3200,3200,3200,16,0,0,0,16,0,0,16,0,16,0,0,0,16,0,0,16,0,16,0,0,0,16,0,0,16,0,0,0,0,0,0,0,0,0,0,0,0,0,0,0
54,110,2,2,1,4,unchanged,1,16,6144,3200,3200,3232,3200,3232,3200,3232,16,0,0,0,0,16,0,0,16,16,0,0,0,0,16,0,0,16,16,0,0,0,0,16,0,0,16,0,0,0,0,0,0,0,0,0,0,0,0,0,0
54,110,2,4,1,4,unchanged,1,16,6144,3200,3200,3264,3200,3264,3200,3264,16,0,0,0,0,16,0,0,16,16,0,0,0,0,16,0,0,16,16,0,0,0,0,16,0,0,16,0,0,0,0,0,0,0,0,0,0,0,0,0,0
54,110,2,8,1,4,unchanged,1,16,6144,3200,3200,3328,3200,3328,3200,3328,16,0,0,0,0,16,0,0,16,16,0,0,0,0,16,0,0,16,16,0,0,0,0,16,0,0,16,0,0,0,0,0,0,0,0,0,0,0,0,0,0
54,110,2,0,1,4,one_edit,1,64,24576,15872,15872,14336,16896,14336,16896,14336,64,0,0,64,0,0,64,0,0,64,0,0,64,0,0,64,0,0,64,0,0,64,0,0,64,0,0,64,1024,16,64,1024,16,0,0,0,0,0,0,0,0
54,110,2,2,1,4,one_edit,1,64,24576,15872,15872,14464,16896,14464,16896,14464,64,0,0,64,0,0,64,0,0,64,0,0,64,0,0,64,0,0,64,0,0,64,0,0,64,0,0,64,1024,16,64,1024,16,0,0,0,0,0,0,0,0
54,110,2,4,1,4,one_edit,1,64,24576,15872,15872,14592,16896,14592,16896,14592,64,0,0,64,0,0,64,0,0,64,0,0,64,0,0,64,0,0,64,0,0,64,0,0,64,0,0,64,1024,16,64,1024,16,0,0,0,0,0,0,0,0
54,110,2,8,1,4,one_edit,1,64,24576,15872,15872,14848,16896,14848,16896,14848,64,0,0,64,0,0,64,0,0,64,0,0,64,0,0,64,0,0,64,0,0,64,0,0,64,0,0,64,1024,16,64,1024,16,0,0,0,0,0,0,0,0
54,110,2,0,1,4,far,1,176,67584,42736,42736,42224,44944,43408,44944,43408,176,0,0,64,112,0,64,112,0,176,0,0,64,6,106,128,16,32,176,0,0,64,6,106,128,16,32,138,2208,16,138,2208,16,0,106,1184,16,106,1184,16,0
54,110,2,2,1,4,far,1,176,67584,42736,42736,42576,44944,43760,44944,43760,176,0,0,64,0,112,64,0,112,176,0,0,64,0,112,128,0,48,176,0,0,64,0,112,128,0,48,138,2208,16,138,2208,16,0,106,1184,16,106,1184,16,0
54,110,2,4,1,4,far,1,176,67584,42736,42736,42928,44944,44112,44944,44112,176,0,0,64,0,112,64,0,112,176,0,0,64,0,112,128,0,48,176,0,0,64,0,112,128,0,48,138,2208,16,138,2208,16,0,106,1184,16,106,1184,16,0
54,110,2,8,1,4,far,1,176,67584,42736,42736,43632,44944,44816,44944,44816,176,0,0,0,64,112,0,64,112,176,0,0,0,64,112,64,64,48,176,0,0,0,64,112,64,64,48,138,2208,16,138,2208,16,0,106,1184,16,106,1184,16,0
54,110,2,0,4,1,unchanged,1,16,6144,3200,3200,3200,3200,3200,3200,3200,16,0,0,0,16,0,0,16,0,16,0,0,0,16,0,0,16,0,16,0,0,0,16,0,0,16,0,0,0,0,0,0,0,0,0,0,0,0,0,0,0
54,110,2,2,4,1,unchanged,1,16,6144,3200,3200,3232,3200,3232,3200,3232,16,0,0,0,0,16,0,0,16,16,0,0,0,0,16,0,0,16,16,0,0,0,0,16,0,0,16,0,0,0,0,0,0,0,0,0,0,0,0,0,0
54,110,2,4,4,1,unchanged,1,16,6144,3200,3200,3264,3200,3264,3200,3264,16,0,0,0,0,16,0,0,16,16,0,0,0,0,16,0,0,16,16,0,0,0,0,16,0,0,16,0,0,0,0,0,0,0,0,0,0,0,0,0,0
54,110,2,8,4,1,unchanged,1,16,6144,3200,3200,3328,3200,3328,3200,3328,16,0,0,0,0,16,0,0,16,16,0,0,0,0,16,0,0,16,16,0,0,0,0,16,0,0,16,0,0,0,0,0,0,0,0,0,0,0,0,0,0
54,110,2,0,4,1,one_edit,1,64,24576,15872,13824,13184,13824,13184,13824,13184,64,0,0,64,0,0,64,0,0,64,0,0,64,0,0,64,0,0,64,0,0,64,0,0,64,0,0,0,0,0,0,0,0,0,0,0,0,0,0,0,0
54,110,2,2,4,1,one_edit,1,64,24576,15872,13824,13312,13824,13312,13824,13312,64,0,0,64,0,0,64,0,0,64,0,0,64,0,0,64,0,0,64,0,0,64,0,0,64,0,0,0,0,0,0,0,0,0,0,0,0,0,0,0,0
54,110,2,4,4,1,one_edit,1,64,24576,15872,13824,13440,13824,13440,13824,13440,64,0,0,64,0,0,64,0,0,64,0,0,64,0,0,64,0,0,64,0,0,64,0,0,64,0,0,0,0,0,0,0,0,0,0,0,0,0,0,0,0
54,110,2,8,4,1,one_edit,1,64,24576,15872,13824,13696,13824,13696,13824,13696,64,0,0,64,0,0,64,0,0,64,0,0,64,0,0,64,0,0,64,0,0,64,0,0,64,0,0,0,0,0,0,0,0,0,0,0,0,0,0,0,0
54,110,2,0,4,1,far,1,176,67584,42736,38016,37312,38016,37312,38016,37312,176,0,0,176,0,0,160,16,0,176,0,0,176,0,0,160,16,0,176,0,0,176,0,0,160,16,0,0,0,0,0,0,0,0,0,0,0,0,0,0,0
54,110,2,2,4,1,far,1,176,67584,42736,38016,37664,38016,37664,38016,37664,176,0,0,176,0,0,96,64,16,176,0,0,176,0,0,96,64,16,176,0,0,176,0,0,96,64,16,0,0,0,0,0,0,0,0,0,0,0,0,0,0
54,110,2,4,4,1,far,1,176,67584,42736,38016,38016,38016,38016,38016,38016,176,0,0,176,0,0,96,0,80,176,0,0,176,0,0,96,0,80,176,0,0,176,0,0,96,0,80,0,0,0,0,0,0,0,0,0,0,0,0,0,0
54,110,2,8,4,1,far,1,176,67584,42736,38016,38720,38016,38720,38016,38720,176,0,0,170,6,0,0,0,176,176,0,0,170,6,0,0,0,176,176,0,0,170,6,0,0,0,176,0,0,0,0,0,0,0,0,0,0,0,0,0,0
54,110,2,0,4,2,unchanged,1,16,9216,4736,4736,4736,4736,4736,4736,4736,16,0,0,0,16,0,0,16,0,16,0,0,0,16,0,0,16,0,16,0,0,0,16,0,0,16,0,0,0,0,0,0,0,0,0,0,0,0,0,0,0
54,110,2,2,4,2,unchanged,1,16,9216,4736,4736,4768,4736,4768,4736,4768,16,0,0,0,0,16,0,0,16,16,0,0,0,0,16,0,0,16,16,0,0,0,0,16,0,0,16,0,0,0,0,0,0,0,0,0,0,0,0,0,0
54,110,2,4,4,2,unchanged,1,16,9216,4736,4736,4800,4736,4800,4736,4800,16,0,0,0,0,16,0,0,16,16,0,0,0,0,16,0,0,16,16,0,0,0,0,16,0,0,16,0,0,0,0,0,0,0,0,0,0,0,0,0,0
54,110,2,8,4,2,unchanged,1,16,9216,4736,4736,4864,4736,4864,4736,4864,16,0,0,0,0,16,0,0,16,16,0,0,0,0,16,0,0,16,16,0,0,0,0,16,0,0,16,0,0,0,0,0,0,0,0,0,0,0,0,0,0
54,110,2,0,4,2,one_edit,1,64,36864,25088,20992,19712,20992,19712,20992,19712,64,0,0,64,0,0,64,0,0,64,0,0,64,0,0,64,0,0,64,0,0,64,0,0,64,0,0,0,0,0,0,0,0,0,0,0,0,0,0,0,0
54,110,2,2,4,2,one_edit,1,64,36864,25088,20992,19840,20992,19840,20992,19840,64,0,0,64,0,0,64,0,0,64,0,0,64,0,0,64,0,0,64,0,0,64,0,0,64,0,0,0,0,0,0,0,0,0,0,0,0,0,0,0,0
54,110,2,4,4,2,one_edit,1,64,36864,25088,20992,19968,20992,19968,20992,19968,64,0,0,64,0,0,64,0,0,64,0,0,64,0,0,64,0,0,64,0,0,64,0,0,64,0,0,0,0,0,0,0,0,0,0,0,0,0,0,0,0
54,110,2,8,4,2,one_edit,1,64,36864,25088,20992,20224,20992,20224,20992,20224,64,0,0,64,0,0,64,0,0,64,0,0,64,0,0,64,0,0,64,0,0,64,0,0,64,0,0,0,0,0,0,0,0,0,0,0,0,0,0,0,0
54,110,2,0,4,2,far,1,176,101376,67168,57728,56320,57728,56320,57728,56320,176,0,0,176,0,0,160,16,0,176,0,0,176,0,0,160,16,0,176,0,0,176,0,0,160,16,0,0,0,0,0,0,0,0,0,0,0,0,0,0,0
54,110,2,2,4,2,far,1,176,101376,67168,57728,56672,57728,56672,57728,56672,176,0,0,176,0,0,160,0,16,176,0,0,176,0,0,160,0,16,176,0,0,176,0,0,160,0,16,0,0,0,0,0,0,0,0,0,0,0,0,0,0
54,110,2,4,4,2,far,1,176,101376,67168,57728,57024,57728,57024,57728,57024,176,0,0,176,0,0,96,64,16,176,0,0,176,0,0,96,64,16,176,0,0,176,0,0,96,64,16,0,0,0,0,0,0,0,0,0,0,0,0,0,0
54,110,2,8,4,2,far,1,176,101376,67168,57728,57728,57728,57728,57728,57728,176,0,0,176,0,0,96,0,80,176,0,0,176,0,0,96,0,80,176,0,0,176,0,0,96,0,80,0,0,0,0,0,0,0,0,0,0,0,0,0,0
54,110,2,0,4,4,unchanged,1,16,15360,7808,7808,7808,7808,7808,7808,7808,16,0,0,0,16,0,0,16,0,16,0,0,0,16,0,0,16,0,16,0,0,0,16,0,0,16,0,0,0,0,0,0,0,0,0,0,0,0,0,0,0
54,110,2,2,4,4,unchanged,1,16,15360,7808,7808,7840,7808,7840,7808,7840,16,0,0,0,0,16,0,0,16,16,0,0,0,0,16,0,0,16,16,0,0,0,0,16,0,0,16,0,0,0,0,0,0,0,0,0,0,0,0,0,0
54,110,2,4,4,4,unchanged,1,16,15360,7808,7808,7872,7808,7872,7808,7872,16,0,0,0,0,16,0,0,16,16,0,0,0,0,16,0,0,16,16,0,0,0,0,16,0,0,16,0,0,0,0,0,0,0,0,0,0,0,0,0,0
54,110,2,8,4,4,unchanged,1,16,15360,7808,7808,7936,7808,7936,7808,7936,16,0,0,0,0,16,0,0,16,16,0,0,0,0,16,0,0,16,16,0,0,0,0,16,0,0,16,0,0,0,0,0,0,0,0,0,0,0,0,0,0
54,110,2,0,4,4,one_edit,1,64,61440,43520,35328,32768,35328,32768,35328,32768,64,0,0,64,0,0,64,0,0,64,0,0,64,0,0,64,0,0,64,0,0,64,0,0,64,0,0,0,0,0,0,0,0,0,0,0,0,0,0,0,0
54,110,2,2,4,4,one_edit,1,64,61440,43520,35328,32896,35328,32896,35328,32896,64,0,0,64,0,0,64,0,0,64,0,0,64,0,0,64,0,0,64,0,0,64,0,0,64,0,0,0,0,0,0,0,0,0,0,0,0,0,0,0,0
54,110,2,4,4,4,one_edit,1,64,61440,43520,35328,33024,35328,33024,35328,33024,64,0,0,64,0,0,64,0,0,64,0,0,64,0,0,64,0,0,64,0,0,64,0,0,64,0,0,0,0,0,0,0,0,0,0,0,0,0,0,0,0
54,110,2,8,4,4,one_edit,1,64,61440,43520,35328,33280,35328,33280,35328,33280,64,0,0,64,0,0,64,0,0,64,0,0,64,0,0,64,0,0,64,0,0,64,0,0,64,0,0,0,0,0,0,0,0,0,0,0,0,0,0,0,0
54,110,2,0,4,4,far,1,176,168960,116032,97152,94336,97152,94336,97152,94336,176,0,0,176,0,0,160,16,0,176,0,0,176,0,0,160,16,0,176,0,0,176,0,0,160,16,0,0,0,0,0,0,0,0,0,0,0,0,0,0,0
54,110,2,2,4,4,far,1,176,168960,116032,97152,94688,97152,94688,97152,94688,176,0,0,176,0,0,160,0,16,176,0,0,176,0,0,160,0,16,176,0,0,176,0,0,160,0,16,0,0,0,0,0,0,0,0,0,0,0,0,0,0
54,110,2,4,4,4,far,1,176,168960,116032,97152,95040,97152,95040,97152,95040,176,0,0,176,0,0,160,0,16,176,0,0,176,0,0,160,0,16,176,0,0,176,0,0,160,0,16,0,0,0,0,0,0,0,0,0,0,0,0,0,0
54,110,2,8,4,4,far,1,176,168960,116032,97152,95744,97152,95744,97152,95744,176,0,0,176,0,0,96,64,16,176,0,0,176,0,0,96,64,16,176,0,0,176,0,0,96,64,16,0,0,0,0,0,0,0,0,0,0,0,0,0,0
54,110,2,0,16,1,unchanged,1,16,15360,7808,7808,7808,7808,7808,7808,7808,16,0,0,0,16,0,0,16,0,16,0,0,0,16,0,0,16,0,16,0,0,0,16,0,0,16,0,0,0,0,0,0,0,0,0,0,0,0,0,0,0
54,110,2,2,16,1,unchanged,1,16,15360,7808,7808,7840,7808,7840,7808,7840,16,0,0,0,0,16,0,0,16,16,0,0,0,0,16,0,0,16,16,0,0,0,0,16,0,0,16,0,0,0,0,0,0,0,0,0,0,0,0,0,0
54,110,2,4,16,1,unchanged,1,16,15360,7808,7808,7872,7808,7872,7808,7872,16,0,0,0,0,16,0,0,16,16,0,0,0,0,16,0,0,16,16,0,0,0,0,16,0,0,16,0,0,0,0,0,0,0,0,0,0,0,0,0,0
54,110,2,8,16,1,unchanged,1,16,15360,7808,7808,7936,7808,7936,7808,7936,16,0,0,0,0,16,0,0,16,16,0,0,0,0,16,0,0,16,16,0,0,0,0,16,0,0,16,0,0,0,0,0,0,0,0,0,0,0,0,0,0
54,110,2,0,16,1,one_edit,1,64,61440,43520,32256,31616,32256,31616,32256,31616,64,0,0,64,0,0,64,0,0,64,0,0,64,0,0,64,0,0,64,0,0,64,0,0,64,0,0,0,0,0,0,0,0,0,0,0,0,0,0,0,0
54,110,2,2,16,1,one_edit,1,64,61440,43520,32256,31744,32256,31744,32256,31744,64,0,0,64,0,0,64,0,0,64,0,0,64,0,0,64,0,0,64,0,0,64,0,0,64,0,0,0,0,0,0,0,0,0,0,0,0,0,0,0,0
54,110,2,4,16,1,one_edit,1,64,61440,43520,32256,31872,32256,31872,32256,31872,64,0,0,64,0,0,64,0,0,64,0,0,64,0,0,64,0,0,64,0,0,64,0,0,64,0,0,0,0,0,0,0,0,0,0,0,0,0,0,0,0
54,110,2,8,16,1,one_edit,1,64,61440,43520,32256,32128,32256,32128,32256,32128,64,0,0,64,0,0,64,0,0,64,0,0,64,0,0,64,0,0,64,0,0,64,0,0,64,0,0,0,0,0,0,0,0,0,0,0,0,0,0,0,0
54,110,2,0,16,1,far,1,176,168960,116032,88704,88000,88704,88000,88704,88000,176,0,0,176,0,0,160,16,0,176,0,0,176,0,0,160,16,0,176,0,0,176,0,0,160,16,0,0,0,0,0,0,0,0,0,0,0,0,0,0,0
54,110,2,2,16,1,far,1,176,168960,116032,88704,88352,88704,88352,88704,88352,176,0,0,176,0,0,96,64,16,176,0,0,176,0,0,96,64,16,176,0,0,176,0,0,96,64,16,0,0,0,0,0,0,0,0,0,0,0,0,0,0
54,110,2,4,16,1,far,1,176,168960,116032,88704,88704,88704,88704,88704,88704,176,0,0,176,0,0,96,0,80,176,0,0,176,0,0,96,0,80,176,0,0,176,0,0,96,0,80,0,0,0,0,0,0,0,0,0,0,0,0,0,0
54,110,2,8,16,1,far,1,176,168960,116032,88704,89408,88704,89408,88704,89408,176,0,0,176,0,0,0,0,176,176,0,0,176,0,0,0,0,176,176,0,0,176,0,0,0,0,176,0,0,0,0,0,0,0,0,0,0,0,0,0,0
54,110,2,0,16,2,unchanged,1,16,27648,13952,13952,13952,13952,13952,13952,13952,16,0,0,0,16,0,0,16,0,16,0,0,0,16,0,0,16,0,16,0,0,0,16,0,0,16,0,0,0,0,0,0,0,0,0,0,0,0,0,0,0
54,110,2,2,16,2,unchanged,1,16,27648,13952,13952,13984,13952,13984,13952,13984,16,0,0,0,0,16,0,0,16,16,0,0,0,0,16,0,0,16,16,0,0,0,0,16,0,0,16,0,0,0,0,0,0,0,0,0,0,0,0,0,0
54,110,2,4,16,2,unchanged,1,16,27648,13952,13952,14016,13952,14016,13952,14016,16,0,0,0,0,16,0,0,16,16,0,0,0,0,16,0,0,16,16,0,0,0,0,16,0,0,16,0,0,0,0,0,0,0,0,0,0,0,0,0,0
54,110,2,8,16,2,unchanged,1,16,27648,13952,13952,14080,13952,14080,13952,14080,16,0,0,0,0,16,0,0,16,16,0,0,0,0,16,0,0,16,16,0,0,0,0,16,0,0,16,0,0,0,0,0,0,0,0,0,0,0,0,0,0
54,110,2,0,16,2,one_edit,1,64,110592,80384,57856,56576,57856,56576,57856,56576,64,0,0,64,0,0,64,0,0,64,0,0,64,0,0,64,0,0,64,0,0,64,0,0,64,0,0,0,0,0,0,0,0,0,0,0,0,0,0,0,0
54,110,2,2,16,2,one_edit,1,64,110592,80384,57856,56704,57856,56704,57856,56704,64,0,0,64,0,0,64,0,0,64,0,0,64,0,0,64,0,0,64,0,0,64,0,0,64,0,0,0,0,0,0,0,0,0,0,0,0,0,0,0,0
54,110,2,4,16,2,one_edit,1,64,110592,80384,57856,56832,57856,56832,57856,56832,64,0,0,64,0,0,64,0,0,64,0,0,64,0,0,64,0,0,64,0,0,64,0,0,64,0,0,0,0,0,0,0,0,0,0,0,0,0,0,0,0
54,110,2,8,16,2,one_edit,1,64,110592,80384,57856,57088,57856,57088,57856,57088,64,0,0,64,0,0,64,0,0,64,0,0,64,0,0,64,0,0,64,0,0,64,0,0,64,0,0,0,0,0,0,0,0,0,0,0,0,0,0,0,0
54,110,2,0,16,2,far,1,176,304128,213760,159104,157696,159104,157696,159104,157696,176,0,0,176,0,0,160,16,0,176,0,0,176,0,0,160,16,0,176,0,0,176,0,0,160,16,0,0,0,0,0,0,0,0,0,0,0,0,0,0,0
54,110,2,2,16,2,far,1,176,304128,213760,159104,158048,159104,158048,159104,158048,176,0,0,176,0,0,160,0,16,176,0,0,176,0,0,160,0,16,176,0,0,176,0,0,160,0,16,0,0,0,0,0,0,0,0,0,0,0,0,0,0
54,110,2,4,16,2,far,1,176,304128,213760,159104,158400,159104,158400,159104,158400,176,0,0,176,0,0,96,64,16,176,0,0,176,0,0,96,64,16,176,0,0,176,0,0,96,64,16,0,0,0,0,0,0,0,0,0,0,0,0,0,0
54,110,2,8,16,2,far,1,176,304128,213760,159104,159104,159104,159104,159104,159104,176,0,0,176,0,0,96,0,80,176,0,0,176,0,0,96,0,80,176,0,0,176,0,0,96,0,80,0,0,0,0,0,0,0,0,0,0,0,0,0,0
54,110,2,0,16,4,unchanged,1,16,52224,26240,26240,26240,26240,26240,26240,26240,16,0,0,0,16,0,0,16,0,16,0,0,0,16,0,0,16,0,16,0,0,0,16,0,0,16,0,0,0,0,0,0,0,0,0,0,0,0,0,0,0
54,110,2,2,16,4,unchanged,1,16,52224,26240,26240,26272,26240,26272,26240,26272,16,0,0,0,0,16,0,0,16,16,0,0,0,0,16,0,0,16,16,0,0,0,0,16,0,0,16,0,0,0,0,0,0,0,0,0,0,0,0,0,0
54,110,2,4,16,4,unchanged,1,16,52224,26240,26240,26304,26240,26304,26240,26304,16,0,0,0,0,16,0,0,16,16,0,0,0,0,16,0,0,16,16,0,0,0,0,16,0,0,16,0,0,0,0,0,0,0,0,0,0,0,0,0,0
54,110,2,8,16,4,unchanged,1,16,52224,26240,26240,26368,26240,26368,26240,26368,16,0,0,0,0,16,0,0,16,16,0,0,0,0,16,0,0,16,16,0,0,0,0,16,0,0,16,0,0,0,0,0,0,0,0,0,0,0,0,0,0
54,110,2,0,16,4,one_edit,1,64,208896,154112,109056,106496,109056,106496,109056,106496,64,0,0,64,0,0,64,0,0,64,0,0,64,0,0,64,0,0,64,0,0,64,0,0,64,0,0,0,0,0,0,0,0,0,0,0,0,0,0,0,0
54,110,2,2,16,4,one_edit,1,64,208896,154112,109056,106624,109056,106624,109056,106624,64,0,0,64,0,0,64,0,0,64,0,0,64,0,0,64,0,0,64,0,0,64,0,0,64,0,0,0,0,0,0,0,0,0,0,0,0,0,0,0,0
54,110,2,4,16,4,one_edit,1,64,208896,154112,109056,106752,109056,106752,109056,106752,64,0,0,64,0,0,64,0,0,64,0,0,64,0,0,64,0,0,64,0,0,64,0,0,64,0,0,0,0,0,0,0,0,0,0,0,0,0,0,0,0
54,110,2,8,16,4,one_edit,1,64,208896,154112,109056,107008,109056,107008,109056,107008,64,0,0,64,0,0,64,0,0,64,0,0,64,0,0,64,0,0,64,0,0,64,0,0,64,0,0,0,0,0,0,0,0,0,0,0,0,0,0,0,0
54,110,2,0,16,4,far,1,176,574464,409216,299904,297088,299904,297088,299904,297088,176,0,0,176,0,0,160,16,0,176,0,0,176,0,0,160,16,0,176,0,0,176,0,0,160,16,0,0,0,0,0,0,0,0,0,0,0,0,0,0,0
54,110,2,2,16,4,far,1,176,574464,409216,299904,297440,299904,297440,299904,297440,176,0,0,176,0,0,160,0,16,176,0,0,176,0,0,160,0,16,176,0,0,176,0,0,160,0,16,0,0,0,0,0,0,0,0,0,0,0,0,0,0
54,110,2,4,16,4,far,1,176,574464,409216,299904,297792,299904,297792,299904,297792,176,0,0,176,0,0,160,0,16,176,0,0,176,0,0,160,0,16,176,0,0,176,0,0,160,0,16,0,0,0,0,0,0,0,0,0,0,0,0,0,0
54,110,2,8,16,4,far,1,176,574464,409216,299904,298496,299904,298496,299904,298496,176,0,0,176,0,0,96,64,16,176,0,0,176,0,0,96,64,16,176,0,0,176,0,0,96,64,16,0,0,0,0,0,0,0,0,0,0,0,0,0,0
54,110,4,0,1,1,unchanged,1,16,6400,2688,2688,2688,2688,2688,2688,2688,16,0,0,0,16,0,0,16,0,16,0,0,0,16,0,0,16,0,16,0,0,0,16,0,0,16,0,0,0,0,0,0,0,0,0,0,0,0,0,0,0
54,110,4,2,1,1,unchanged,1,16,6400,2688,2688,2720,2688,2720,2688,2720,16,0,0,0,0,16,0,0,16,16,0,0,0,0,16,0,0,16,16,0,0,0,0,16,0,0,16,0,0,0,0,0,0,0,0,0,0,0,0,0,0
54,110,4,4,1,1,unchanged,1,16,6400,2688,2688,2752,2688,2752,2688,2752,16,0,0,0,0,16,0,0,16,16,0,0,0,0,16,0,0,16,16,0,0,0,0,16,0,0,16,0,0,0,0,0,0,0,0,0,0,0,0,0,0
54,110,4,8,1,1,unchanged,1,16,6400,2688,2688,2816,2688,2816,2688,2816,16,0,0,0,0,16,0,0,16,16,0,0,0,0,16,0,0,16,16,0,0,0,0,16,0,0,16,0,0,0,0,0,0,0,0,0,0,0,0,0,0
54,110,4,0,1,1,one_edit,1,64,25600,12288,11776,11136,11776,11136,11776,11136,64,0,0,64,0,0,64,0,0,64,0,0,64,0,0,64,0,0,64,0,0,64,0,0,64,0,0,0,0,0,0,0,0,0,0,0,0,0,0,0,0
54,110,4,2,1,1,one_edit,1,64,25600,12288,11776,11264,11776,11264,11776,11264,64,0,0,64,0,0,64,0,0,64,0,0,64,0,0,64,0,0,64,0,0,64,0,0,64,0,0,0,0,0,0,0,0,0,0,0,0,0,0,0,0
54,110,4,4,1,1,one_edit,1,64,25600,12288,11776,11392,11776,11392,11776,11392,64,0,0,64,0,0,64,0,0,64,0,0,64,0,0,64,0,0,64,0,0,64,0,0,64,0,0,0,0,0,0,0,0,0,0,0,0,0,0,0,0
54,110,4,8,1,1,one_edit,1,64,25600,12288,11776,11648,11776,11648,11776,11648,64,0,0,64,0,0,64,0,0,64,0,0,64,0,0,64,0,0,64,0,0,64,0,0,64,0,0,0,0,0,0,0,0,0,0,0,0,0,0,0,0
54,110,4,0,1,1,far,1,176,70400,33336,32232,31656,32384,31680,32384,31680,176,0,0,170,6,0,160,16,0,176,0,0,170,0,6,160,16,0,176,0,0,170,0,6,160,16,0,38,152,4,38,152,4,0,6,24,4,6,24,4,0
54,110,4,2,1,1,far,1,176,70400,33336,32232,32008,32384,32032,32384,32032,176,0,0,138,32,6,64,96,16,176,0,0,138,32,6,96,64,16,176,0,0,138,32,6,96,64,16,38,152,4,38,152,4,0,6,24,4,6,24,4,0
54,110,4,4,1,1,far,1,176,70400,33336,32232,32360,32384,32384,32384,32384,176,0,0,138,0,38,64,0,112,176,0,0,138,0,38,96,0,80,176,0,0,138,0,38,96,0,80,38,152,4,38,152,4,0,6,24,4,6,24,4,0
54,110,4,8,1,1,far,1,176,70400,33336,32232,33064,32384,33088,32384,33088,176,0,0,128,10,38,0,0,176,176,0,0,128,10,38,0,0,176,176,0,0,128,10,38,0,0,176,38,152,4,38,152,4,0,6,24,4,6,24,4,0
54,110,4,0,1,2,unchanged,1,16,7680,3200,3200,3200,3200,3200,3200,3200,16,0,0,0,16,0,0,16,0,16,0,0,0,16,0,0,16,0,16,0,0,0,16,0,0,16,0,0,0,0,0,0,0,0,0,0,0,0,0,0,0
54,110,4,2,1,2,unchanged,1,16,7680,3200,3200,3232,3200,3232,3200,3232,16,0,0,0,0,16,0,0,16,16,0,0,0,0,16,0,0,16,16,0,0,0,0,16,0,0,16,0,0,0,0,0,0,0,0,0,0,0,0,0,0
54,110,4,4,1,2,unchanged,1,16,7680,3200,3200,3264,3200,3264,3200,3264,16,0,0,0,0,16,0,0,16,16,0,0,0,0,16,0,0,16,16,0,0,0,0,16,0,0,16,0,0,0,0,0,0,0,0,0,0,0,0,0,0
54,110,4,8,1,2,unchanged,1,16,7680,3200,3200,3328,3200,3328,3200,3328,16,0,0,0,0,16,0,0,16,16,0,0,0,0,16,0,0,16,16,0,0,0,0,16,0,0,16,0,0,0,0,0,0,0,0,0,0,0,0,0,0
54,110,4,0,1,2,one_edit,1,64,30720,15872,14848,13568,14848,13568,14848,13568,64,0,0,64,0,0,64,0,0,64,0,0,64,0,0,64,0,0,64,0,0,64,0,0,64,0,0,0,0,0,0,0,0,0,0,0,0,0,0,0,0
54,110,4,2,1,2,one_edit,1,64,30720,15872,14848,13696,14848,13696,14848,13696,64,0,0,64,0,0,64,0,0,64,0,0,64,0,0,64,0,0,64,0,0,64,0,0,64,0,0,0,0,0,0,0,0,0,0,0,0,0,0,0,0
54,110,4,4,1,2,one_edit,1,64,30720,15872,14848,13824,14848,13824,14848,13824,64,0,0,64,0,0,64,0,0,64,0,0,64,0,0,64,0,0,64,0,0,64,0,0,64,0,0,0,0,0,0,0,0,0,0,0,0,0,0,0,0
54,110,4,8,1,2,one_edit,1,64,30720,15872,14848,14080,14848,14080,14848,14080,64,0,0,64,0,0,64,0,0,64,0,0,64,0,0,64,0,0,64,0,0,64,0,0,64,0,0,0,0,0,0,0,0,0,0,0,0,0,0,0,0
54,110,4,0,1,2,far,1,176,84480,42736,40528,39376,40832,39424,40832,39424,176,0,0,170,6,0,160,16,0,176,0,0,170,0,6,160,16,0,176,0,0,170,0,6,160,16,0,38,304,8,38,304,8,0,6,48,8,6,48,8,0
54,110,4,2,1,2,far,1,176,84480,42736,40528,39728,40832,39776,40832,39776,176,0,0,170,0,6,160,0,16,176,0,0,170,0,6,160,0,16,176,0,0,170,0,6,160,0,16,38,304,8,38,304,8,0,6,48,8,6,48,8,0
54,110,4,4,1,2,far,1,176,84480,42736,40528,40080,40832,40128,40832,40128,176,0,0,138,32,6,64,96,16,176,0,0,138,32,6,96,64,16,176,0,0,138,32,6,96,64,16,38,304,8,38,304,8,0,6,48,8,6,48,8,0
54,110,4,8,1,2,far,1,176,84480,42736,40528,40784,40832,40832,40832,40832,176,0,0,138,0,38,64,0,112,176,0,0,138,0,38,96,0,80,176,0,0,138,0,38,96,0,80,38,304,8,38,304,8,0,6,48,8,6,48,8,0
54,110,4,0,1,4,unchanged,1,16,10240,4224,4224,4224,4224,4224,4224,4224,16,0,0,0,16,0,0,16,0,16,0,0,0,16,0,0,16,0,16,0,0,0,16,0,0,16,0,0,0,0,0,0,0,0,0,0,0,0,0,0,0
54,110,4,2,1,4,unchanged,1,16,10240,4224,4224,4256,4224,4256,4224,4256,16,0,0,0,0,16,0,0,16,16,0,0,0,0,16,0,0,16,16,0,0,0,0,16,0,0,16,0,0,0,0,0,0,0,0,0,0,0,0,0,0
54,110,4,4,1,4,unchanged,1,16,10240,4224,4224,4288,4224,4288,4224,4288,16,0,0,0,0,16,0,0,16,16,0,0,0,0,16,0,0,16,16,0,0,0,0,16,0,0,16,0,0,0,0,0,0,0,0,0,0,0,0,0,0
54,110,4,8,1,4,unchanged,1,16,10240,4224,4224,4352,4224,4352,4224,4352,16,0,0,0,0,16,0,0,16,16,0,0,0,0,16,0,0,16,16,0,0,0,0,16,0,0,16,0,0,0,0,0,0,0,0,0,0,0,0,0,0
54,110,4,0,1,4,one_edit,1,64,40960,23040,20992,18432,20992,18432,20992,18432,64,0,0,64,0,0,64,0,0,64,0,0,64,0,0,64,0,0,64,0,0,64,0,0,64,0,0,0,0,0,0,0,0,0,0,0,0,0,0,0,0
54,110,4,2,1,4,one_edit,1,64,40960,23040,20992,18560,20992,18560,20992,18560,64,0,0,64,0,0,64,0,0,64,0,0,64,0,0,64,0,0,64,0,0,64,0,0,64,0,0,0,0,0,0,0,0,0,0,0,0,0,0,0,0
54,110,4,4,1,4,one_edit,1,64,40960,23040,20992,18688,20992,18688,20992,18688,64,0,0,64,0,0,64,0,0,64,0,0,64,0,0,64,0,0,64,0,0,64,0,0,64,0,0,0,0,0,0,0,0,0,0,0,0,0,0,0,0
54,110,4,8,1,4,one_edit,1,64,40960,23040,20992,18944,20992,18944,20992,18944,64,0,0,64,0,0,64,0,0,64,0,0,64,0,0,64,0,0,64,0,0,64,0,0,64,0,0,0,0,0,0,0,0,0,0,0,0,0,0,0,0
54,110,4,0,1,4,far,1,176,112640,61536,57120,54816,57728,54912,57728,54912,176,0,0,170,6,0,160,16,0,176,0,0,170,0,6,160,16,0,176,0,0,170,0,6,160,16,0,38,608,16,38,608,16,0,6,96,16,6,96,16,0
54,110,4,2,1,4,far,1,176,112640,61536,57120,55168,57728,55264,57728,55264,176,0,0,170,0,6,160,0,16,176,0,0,170,0,6,160,0,16,176,0,0,170,0,6,160,0,16,38,608,16,38,608,16,0,6,96,16,6,96,16,0
54,110,4,4,1,4,far,1,176,112640,61536,57120,55520,57728,55616,57728,55616,176,0,0,170,0,6,160,0,16,176,0,0,170,0,6,160,0,16,176,0,0,170,0,6,160,0,16,38,608,16,38,608,16,0,6,96,16,6,96,16,0
54,110,4,8,1,4,far,1,176,112640,61536,57120,56224,57728,56320,57728,56320,176,0,0,138,32,6,64,96,16,176,0,0,138,32,6,96,64,16,176,0,0,138,32,6,96,64,16,38,608,16,38,608,16,0,6,96,16,6,96,16,0
54,110,4,0,4,1,unchanged,1,16,10240,4224,4224,4224,4224,4224,4224,4224,16,0,0,0,16,0,0,16,0,16,0,0,0,16,0,0,16,0,16,0,0,0,16,0,0,16,0,0,0,0,0,0,0,0,0,0,0,0,0,0,0
54,110,4,2,4,1,unchanged,1,16,10240,4224,4224,4256,4224,4256,4224,4256,16,0,0,0,0,16,0,0,16,16,0,0,0,0,16,0,0,16,16,0,0,0,0,16,0,0,16,0,0,0,0,0,0,0,0,0,0,0,0,0,0
54,110,4,4,4,1,unchanged,1,16,10240,4224,4224,4288,4224,4288,4224,4288,16,0,0,0,0,16,0,0,16,16,0,0,0,0,16,0,0,16,16,0,0,0,0,16,0,0,16,0,0,0,0,0,0,0,0,0,0,0,0,0,0
54,110,4,8,4,1,unchanged,1,16,10240,4224,4224,4352,4224,4352,4224,4352,16,0,0,0,0,16,0,0,16,16,0,0,0,0,16,0,0,16,16,0,0,0,0,16,0,0,16,0,0,0,0,0,0,0,0,0,0,0,0,0,0
54,110,4,0,4,1,one_edit,1,64,40960,23040,17920,17280,17920,17280,17920,17280,64,0,0,64,0,0,64,0,0,64,0,0,64,0,0,64,0,0,64,0,0,64,0,0,64,0,0,0,0,0,0,0,0,0,0,0,0,0,0,0,0
54,110,4,2,4,1,one_edit,1,64,40960,23040,17920,17408,17920,17408,17920,17408,64,0,0,64,0,0,64,0,0,64,0,0,64,0,0,64,0,0,64,0,0,64,0,0,64,0,0,0,0,0,0,0,0,0,0,0,0,0,0,0,0
54,110,4,4,4,1,one_edit,1,64,40960,23040,17920,17536,17920,17536,17920,17536,64,0,0,64,0,0,64,0,0,64,0,0,64,0,0,64,0,0,64,0,0,64,0,0,64,0,0,0,0,0,0,0,0,0,0,0,0,0,0,0,0
54,110,4,8,4,1,one_edit,1,64,40960,23040,17920,17792,17920,17792,17920,17792,64,0,0,64,0,0,64,0,0,64,0,0,64,0,0,64,0,0,64,0,0,64,0,0,64,0,0,0,0,0,0,0,0,0,0,0,0,0,0,0,0
54,110,4,0,4,1,far,1,176,112640,61536,49280,48576,49280,48576,49280,48576,176,0,0,176,0,0,160,16,0,176,0,0,176,0,0,160,16,0,176,0,0,176,0,0,160,16,0,0,0,0,0,0,0,0,0,0,0,0,0,0,0
54,110,4,2,4,1,far,1,176,112640,61536,49280,48928,49280,48928,49280,48928,176,0,0,176,0,0,96,64,16,176,0,0,176,0,0,96,64,16,176,0,0,176,0,0,96,64,16,0,0,0,0,0,0,0,0,0,0,0,0,0,0
54,110,4,4,4,1,far,1,176,112640,61536,49280,49280,49280,49280,49280,49280,176,0,0,176,0,0,96,0,80,176,0,0,176,0,0,96,0,80,176,0,0,176,0,0,96,0,80,0,0,0,0,0,0,0,0,0,0,0,0,0,0
54,110,4,8,4,1,far,1,176,112640,61536,49280,49984,49280,49984,49280,49984,176,0,0,176,0,0,0,0,176,176,0,0,176,0,0,0,0,176,176,0,0,176,0,0,0,0,176,0,0,0,0,0,0,0,0,0,0,0,0,0,0
54,110,4,0,4,2,unchanged,1,16,15360,6272,6272,6272,6272,6272,6272,6272,16,0,0,0,16,0,0,16,0,16,0,0,0,16,0,0,16,0,16,0,0,0,16,0,0,16,0,0,0,0,0,0,0,0,0,0,0,0,0,0,0
54,110,4,2,4,2,unchanged,1,16,15360,6272,6272,6304,6272,6304,6272,6304,16,0,0,0,0,16,0,0,16,16,0,0,0,0,16,0,0,16,16,0,0,0,0,16,0,0,16,0,0,0,0,0,0,0,0,0,0,0,0,0,0
54,110,4,4,4,2,unchanged,1,16,15360,6272,6272,6336,6272,6336,6272,6336,16,0,0,0,0,16,0,0,16,16,0,0,0,0,16,0,0,16,16,0,0,0,0,16,0,0,16,0,0,0,0,0,0,0,0,0,0,0,0,0,0
54,110,4,8,4,2,unchanged,1,16,15360,6272,6272,6400,6272,6400,6272,6400,16,0,0,0,0,16,0,0,16,16,0,0,0,0,16,0,0,16,16,0,0,0,0,16,0,0,16,0,0,0,0,0,0,0,0,0,0,0,0,0,0
54,110,4,0,4,2,one_edit,1,64,61440,37376,27136,25856,27136,25856,27136,25856,64,0,0,64,0,0,64,0,0,64,0,0,64,0,0,64,0,0,64,0,0,64,0,0,64,0,0,0,0,0,0,0,0,0,0,0,0,0,0,0,0
54,110,4,2,4,2,one_edit,1,64,61440,37376,27136,25984,27136,25984,27136,25984,64,0,0,64,0,0,64,0,0,64,0,0,64,0,0,64,0,0,64,0,0,64,0,0,64,0,0,0,0,0,0,0,0,0,0,0,0,0,0,0,0
54,110,4,4,4,2,one_edit,1,64,61440,37376,27136,26112,27136,26112,27136,26112,64,0,0,64,0,0,64,0,0,64,0,0,64,0,0,64,0,0,64,0,0,64,0,0,64,0,0,0,0,0,0,0,0,0,0,0,0,0,0,0,0
54,110,4,8,4,2,one_edit,1,64,61440,37376,27136,26368,27136,26368,27136,26368,64,0,0,64,0,0,64,0,0,64,0,0,64,0,0,64,0,0,64,0,0,64,0,0,64,0,0,0,0,0,0,0,0,0,0,0,0,0,0,0,0
54,110,4,0,4,2,far,1,176,168960,99136,74624,73216,74624,73216,74624,73216,176,0,0,176,0,0,160,16,0,176,0,0,176,0,0,160,16,0,176,0,0,176,0,0,160,16,0,0,0,0,0,0,0,0,0,0,0,0,0,0,0
54,110,4,2,4,2,far,1,176,168960,99136,74624,73568,74624,73568,74624,73568,176,0,0,176,0,0,160,0,16,176,0,0,176,0,0,160,0,16,176,0,0,176,0,0,160,0,16,0,0,0,0,0,0,0,0,0,0,0,0,0,0
54,110,4,4,4,2,far,1,176,168960,99136,74624,73920,74624,73920,74624,73920,176,0,0,176,0,0,96,64,16,176,0,0,176,0,0,96,64,16,176,0,0,176,0,0,96,64,16,0,0,0,0,0,0,0,0,0,0,0,0,0,0
54,110,4,8,4,2,far,1,176,168960,99136,74624,74624,74624,74624,74624,74624,176,0,0,176,0,0,96,0,80,176,0,0,176,0,0,96,0,80,176,0,0,176,0,0,96,0,80,0,0,0,0,0,0,0,0,0,0,0,0,0,0
54,110,4,0,4,4,unchanged,1,16,25600,10368,10368,10368,10368,10368,10368,10368,16,0,0,0,16,0,0,16,0,16,0,0,0,16,0,0,16,0,16,0,0,0,16,0,0,16,0,0,0,0,0,0,0,0,0,0,0,0,0,0,0
54,110,4,2,4,4,unchanged,1,16,25600,10368,10368,10400,10368,10400,10368,10400,16,0,0,0,0,16,0,0,16,16,0,0,0,0,16,0,0,16,16,0,0,0,0,16,0,0,16,0,0,0,0,0,0,0,0,0,0,0,0,0,0
54,110,4,4,4,4,unchanged,1,16,25600,10368,10368,10432,10368,10432,10368,10432,16,0,0,0,0,16,0,0,16,16,0,0,0,0,16,0,0,16,16,0,0,0,0,16,0,0,16,0,0,0,0,0,0,0,0,0,0,0,0,0,0
54,110,4,8,4,4,unchanged,1,16,25600,10368,10368,10496,10368,10496,10368,10496,16,0,0,0,0,16,0,0,16,16,0,0,0,0,16,0,0,16,16,0,0,0,0,16,0,0,16,0,0,0,0,0,0,0,0,0,0,0,0,0,0
54,110,4,0,4,4,one_edit,1,64,102400,66048,45568,43008,45568,43008,45568,43008,64,0,0,64,0,0,64,0,0,64,0,0,64,0,0,64,0,0,64,0,0,64,0,0,64,0,0,0,0,0,0,0,0,0,0,0,0,0,0,0,0
54,110,4,2,4,4,one_edit,1,64,102400,66048,45568,43136,45568,43136,45568,43136,64,0,0,64,0,0,64,0,0,64,0,0,64,0,0,64,0,0,64,0,0,64,0,0,64,0,0,0,0,0,0,0,0,0,0,0,0,0,0,0,0
54,110,4,4,4,4,one_edit,1,64,102400,66048,45568,43264,45568,43264,45568,43264,64,0,0,64,0,0,64,0,0,64,0,0,64,0,0,64,0,0,64,0,0,64,0,0,64,0,0,0,0,0,0,0,0,0,0,0,0,0,0,0,0
54,110,4,8,4,4,one_edit,1,64,102400,66048,45568,43520,45568,43520,45568,43520,64,0,0,64,0,0,64,0,0,64,0,0,64,0,0,64,0,0,64,0,0,64,0,0,64,0,0,0,0,0,0,0,0,0,0,0,0,0,0,0,0
54,110,4,0,4,4,far,1,176,281600,174336,125312,122496,125312,122496,125312,122496,176,0,0,176,0,0,160,16,0,176,0,0,176,0,0,160,16,0,176,0,0,176,0,0,160,16,0,0,0,0,0,0,0,0,0,0,0,0,0,0,0
54,110,4,2,4,4,far,1,176,281600,174336,125312,122848,125312,122848,125312,122848,176,0,0,176,0,0,160,0,16,176,0,0,176,0,0,160,0,16,176,0,0,176,0,0,160,0,16,0,0,0,0,0,0,0,0,0,0,0,0,0,0
54,110,4,4,4,4,far,1,176,281600,174336,125312,123200,125312,123200,125312,123200,176,0,0,176,0,0,160,0,16,176,0,0,176,0,0,160,0,16,176,0,0,176,0,0,160,0,16,0,0,0,0,0,0,0,0,0,0,0,0,0,0
54,110,4,8,4,4,far,1,176,281600,174336,125312,123904,125312,123904,125312,123904,176,0,0,176,0,0,96,64,16,176,0,0,176,0,0,96,64,16,176,0,0,176,0,0,96,64,16,0,0,0,0,0,0,0,0,0,0,0,0,0,0
54,110,4,0,16,1,unchanged,1,16,25600,10368,10368,10368,10368,10368,10368,10368,16,0,0,0,16,0,0,16,0,16,0,0,0,16,0,0,16,0,16,0,0,0,16,0,0,16,0,0,0,0,0,0,0,0,0,0,0,0,0,0,0
54,110,4,2,16,1,unchanged,1,16,25600,10368,10368,10400,10368,10400,10368,10400,16,0,0,0,0,16,0,0,16,16,0,0,0,0,16,0,0,16,16,0,0,0,0,16,0,0,16,0,0,0,0,0,0,0,0,0,0,0,0,0,0
54,110,4,4,16,1,unchanged,1,16,25600,10368,10368,10432,10368,10432,10368,10432,16,0,0,0,0,16,0,0,16,16,0,0,0,0,16,0,0,16,16,0,0,0,0,16,0,0,16,0,0,0,0,0,0,0,0,0,0,0,0,0,0
54,110,4,8,16,1,unchanged,1,16,25600,10368,10368,10496,10368,10496,10368,10496,16,0,0,0,0,16,0,0,16,16,0,0,0,0,16,0,0,16,16,0,0,0,0,16,0,0,16,0,0,0,0,0,0,0,0,0,0,0,0,0,0
54,110,4,0,16,1,one_edit,1,64,102400,66048,42496,41856,42496,41856,42496,41856,64,0,0,64,0,0,64,0,0,64,0,0,64,0,0,64,0,0,64,0,0,64,0,0,64,0,0,0,0,0,0,0,0,0,0,0,0,0,0,0,0
54,110,4,2,16,1,one_edit,1,64,102400,66048,42496,41984,42496,41984,42496,41984,64,0,0,64,0,0,64,0,0,64,0,0,64,0,0,64,0,0,64,0,0,64,0,0,64,0,0,0,0,0,0,0,0,0,0,0,0,0,0,0,0
54,110,4,4,16,1,one_edit,1,64,102400,66048,42496,42112,42496,42112,42496,42112,64,0,0,64,0,0,64,0,0,64,0,0,64,0,0,64,0,0,64,0,0,64,0,0,64,0,0,0,0,0,0,0,0,0,0,0,0,0,0,0,0
54,110,4,8,16,1,one_edit,1,64,102400,66048,42496,42368,42496,42368,42496,42368,64,0,0,64,0,0,64,0,0,64,0,0,64,0,0,64,0,0,64,0,0,64,0,0,64,0,0,0,0,0,0,0,0,0,0,0,0,0,0,0,0
54,110,4,0,16,1,far,1,176,281600,174336,116864,116160,116864,116160,116864,116160,176,0,0,176,0,0,160,16,0,176,0,0,176,0,0,160,16,0,176,0,0,176,0,0,160,16,0,0,0,0,0,0,0,0,0,0,0,0,0,0,0
54,110,4,2,16,1,far,1,176,281600,174336,116864,116512,116864,116512,116864,116512,176,0,0,176,0,0,96,64,16,176,0,0,176,0,0,96,64,16,176,0,0,176,0,0,96,64,16,0,0,0,0,0,0,0,0,0,0,0,0,0,0
54,110,4,4,16,1,far,1,176,281600,174336,116864,116864,116864,116864,116864,116864,176,0,0,176,0,0,96,0,80,176,0,0,176,0,0,96,0,80,176,0,0,176,0,0,96,0,80,0,0,0,0,0,0,0,0,0,0,0,0,0,0
54,110,4,8,16,1,far,1,176,281600,174336,116864,117568,116864,117568,116864,117568,176,0,0,176,0,0,0,0,176,176,0,0,176,0,0,0,0,176,176,0,0,176,0,0,0,0,176,0,0,0,0,0,0,0,0,0,0,0,0,0,0
54,110,4,0,16,2,unchanged,1,16,46080,18560,18560,18560,18560,18560,18560,18560,16,0,0,0,16,0,0,16,0,16,0,0,0,16,0,0,16,0,16,0,0,0,16,0,0,16,0,0,0,0,0,0,0,0,0,0,0,0,0,0,0
54,110,4,2,16,2,unchanged,1,16,46080,18560,18560,18592,18560,18592,18560,18592,16,0,0,0,0,16,0,0,16,16,0,0,0,0,16,0,0,16,16,0,0,0,0,16,0,0,16,0,0,0,0,0,0,0,0,0,0,0,0,0,0
54,110,4,4,16,2,unchanged,1,16,46080,18560,18560,18624,18560,18624,18560,18624,16,0,0,0,0,16,0,0,16,16,0,0,0,0,16,0,0,16,16,0,0,0,0,16,0,0,16,0,0,0,0,0,0,0,0,0,0,0,0,0,0
54,110,4,8,16,2,unchanged,1,16,46080,18560,18560,18688,18560,18688,18560,18688,16,0,0,0,0,16,0,0,16,16,0,0,0,0,16,0,0,16,16,0,0,0,0,16,0,0,16,0,0,0,0,0,0,0,0,0,0,0,0,0,0
54,110,4,0,16,2,one_edit,1,64,184320,123392,76288,75008,76288,75008,76288,75008,64,0,0,64,0,0,64,0,0,64,0,0,64,0,0,64,0,0,64,0,0,64,0,0,64,0,0,0,0,0,0,0,0,0,0,0,0,0,0,0,0
54,110,4,2,16,2,one_edit,1,64,184320,123392,76288,75136,76288,75136,76288,75136,64,0,0,64,0,0,64,0,0,64,0,0,64,0,0,64,0,0,64,0,0,64,0,0,64,0,0,0,0,0,0,0,0,0,0,0,0,0,0,0,0
54,110,4,4,16,2,one_edit,1,64,184320,123392,76288,75264,76288,75264,76288,75264,64,0,0,64,0,0,64,0,0,64,0,0,64,0,0,64,0,0,64,0,0,64,0,0,64,0,0,0,0,0,0,0,0,0,0,0,0,0,0,0,0
54,110,4,8,16,2,one_edit,1,64,184320,123392,76288,75520,76288,75520,76288,75520,64,0,0,64,0,0,64,0,0,64,0,0,64,0,0,64,0,0,64,0,0,64,0,0,64,0,0,0,0,0,0,0,0,0,0,0,0,0,0,0,0
54,110,4,0,16,2,far,1,176,506880,324736,209792,208384,209792,208384,209792,208384,176,0,0,176,0,0,160,16,0,176,0,0,176,0,0,160,16,0,176,0,0,176,0,0,160,16,0,0,0,0,0,0,0,0,0,0,0,0,0,0,0
54,110,4,2,16,2,far,1,176,506880,324736,209792,208736,209792,208736,209792,208736,176,0,0,176,0,0,160,0,16,176,0,0,176,0,0,160,0,16,176,0,0,176,0,0,160,0,16,0,0,0,0,0,0,0,0,0,0,0,0,0,0
54,110,4,4,16,2,far,1,176,506880,324736,209792,209088,209792,209088,209792,209088,176,0,0,176,0,0,96,64,16,176,0,0,176,0,0,96,64,16,176,0,0,176,0,0,96,64,16,0,0,0,0,0,0,0,0,0,0,0,0,0,0
54,110,4,8,16,2,far,1,176,506880,324736,209792,209792,209792,209792,209792,209792,176,0,0,176,0,0,96,0,80,176,0,0,176,0,0,96,0,80,176,0,0,176,0,0,96,0,80,0,0,0,0,0,0,0,0,0,0,0,0,0,0
54,110,4,0,16,4,unchanged,1,16,87040,34944,34944,34944,34944,34944,34944,34944,16,0,0,0,16,0,0,16,0,16,0,0,0,16,0,0,16,0,16,0,0,0,16,0,0,16,0,0,0,0,0,0,0,0,0,0,0,0,0,0,0
54,110,4,2,16,4,unchanged,1,16,87040,34944,34944,34976,34944,34976,34944,34976,16,0,0,0,0,16,0,0,16,16,0,0,0,0,16,0,0,16,16,0,0,0,0,16,0,0,16,0,0,0,0,0,0,0,0,0,0,0,0,0,0
54,110,4,4,16,4,unchanged,1,16,87040,34944,34944,35008,34944,35008,34944,35008,16,0,0,0,0,16,0,0,16,16,0,0,0,0,16,0,0,16,16,0,0,0,0,16,0,0,16,0,0,0,0,0,0,0,0,0,0,0,0,0,0
54,110,4,8,16,4,unchanged,1,16,87040,34944,34944,35072,34944,35072,34944,35072,16,0,0,0,0,16,0,0,16,16,0,0,0,0,16,0,0,16,16,0,0,0,0,16,0,0,16,0,0,0,0,0,0,0,0,0,0,0,0,0,0
54,110,4,0,16,4,one_edit,1,64,348160,238080,143872,141312,143872,141312,143872,141312,64,0,0,64,0,0,64,0,0,64,0,0,64,0,0,64,0,0,64,0,0,64,0,0,64,0,0,0,0,0,0,0,0,0,0,0,0,0,0,0,0
54,110,4,2,16,4,one_edit,1,64,348160,238080,143872,141440,143872,141440,143872,141440,64,0,0,64,0,0,64,0,0,64,0,0,64,0,0,64,0,0,64,0,0,64,0,0,64,0,0,0,0,0,0,0,0,0,0,0,0,0,0,0,0
54,110,4,4,16,4,one_edit,1,64,348160,238080,143872,141568,143872,141568,143872,141568,64,0,0,64,0,0,64,0,0,64,0,0,64,0,0,64,0,0,64,0,0,64,0,0,64,0,0,0,0,0,0,0,0,0,0,0,0,0,0,0,0
54,110,4,8,16,4,one_edit,1,64,348160,238080,143872,141824,143872,141824,143872,141824,64,0,0,64,0,0,64,0,0,64,0,0,64,0,0,64,0,0,64,0,0,64,0,0,64,0,0,0,0,0,0,0,0,0,0,0,0,0,0,0,0
54,110,4,0,16,4,far,1,176,957440,625536,395648,392832,395648,392832,395648,392832,176,0,0,176,0,0,160,16,0,176,0,0,176,0,0,160,16,0,176,0,0,176,0,0,160,16,0,0,0,0,0,0,0,0,0,0,0,0,0,0,0
54,110,4,2,16,4,far,1,176,957440,625536,395648,393184,395648,393184,395648,393184,176,0,0,176,0,0,160,0,16,176,0,0,176,0,0,160,0,16,176,0,0,176,0,0,160,0,16,0,0,0,0,0,0,0,0,0,0,0,0,0,0
54,110,4,4,16,4,far,1,176,957440,625536,395648,393536,395648,393536,395648,393536,176,0,0,176,0,0,160,0,16,176,0,0,176,0,0,160,0,16,176,0,0,176,0,0,160,0,16,0,0,0,0,0,0,0,0,0,0,0,0,0,0
54,110,4,8,16,4,far,1,176,957440,625536,395648,394240,395648,394240,395648,394240,176,0,0,176,0,0,96,64,16,176,0,0,176,0,0,96,64,16,176,0,0,176,0,0,96,64,16,0,0,0,0,0,0,0,0,0,0,0,0,0,0
90,150,0,0,1,1,unchanged,0,16,1280,1408,1408,1408,1408,1408,1408,1408,0,0,16,0,16,0,0,16,0,0,0,16,0,16,0,0,16,0,0,0,16,0,16,0,0,16,0,0,0,0,0,0,0,0,0,0,0,0,0,0,0
90,150,0,2,1,1,unchanged,0,16,1280,1408,1408,1440,1408,1440,1408,1440,0,0,16,0,0,16,0,0,16,0,0,16,0,0,16,0,0,16,0,0,16,0,0,16,0,0,16,0,0,0,0,0,0,0,0,0,0,0,0,0,0
90,150,0,4,1,1,unchanged,0,16,1280,1408,1408,1472,1408,1472,1408,1472,0,0,16,0,0,16,0,0,16,0,0,16,0,0,16,0,0,16,0,0,16,0,0,16,0,0,16,0,0,0,0,0,0,0,0,0,0,0,0,0,0
90,150,0,8,1,1,unchanged,0,16,1280,1408,1408,1536,1408,1536,1408,1536,0,0,16,0,0,16,0,0,16,0,0,16,0,0,16,0,0,16,0,0,16,0,0,16,0,0,16,0,0,0,0,0,0,0,0,0,0,0,0,0,0
90,150,0,0,1,1,one_edit,0,64,5120,5632,5632,5632,5632,5632,5632,5632,0,0,64,0,64,0,0,64,0,0,0,64,0,64,0,0,64,0,0,0,64,0,64,0,0,64,0,0,0,0,0,0,0,0,0,0,0,0,0,0,0
90,150,0,2,1,1,one_edit,0,64,5120,5632,5632,5760,5632,5760,5632,5760,0,0,64,0,0,64,0,0,64,0,0,64,0,0,64,0,0,64,0,0,64,0,0,64,0,0,64,0,0,0,0,0,0,0,0,0,0,0,0,0,0
90,150,0,4,1,1,one_edit,0,64,5120,5632,5632,5888,5632,5888,5632,5888,0,0,64,0,0,64,0,0,64,0,0,64,0,0,64,0,0,64,0,0,64,0,0,64,0,0,64,0,0,0,0,0,0,0,0,0,0,0,0,0,0
90,150,0,8,1,1,one_edit,0,64,5120,5632,5632,6144,5632,6144,5632,6144,0,0,64,0,0,64,0,0,64,0,0,64,0,0,64,0,0,64,0,0,64,0,0,64,0,0,64,0,0,0,0,0,0,0,0,0,0,0,0,0,0
90,150,0,0,1,1,far,0,176,14080,15488,15488,15488,15488,15488,15488,15488,0,0,176,0,176,0,0,176,0,0,0,176,0,176,0,0,176,0,0,0,176,0,176,0,0,176,0,0,0,0,0,0,0,0,0,0,0,0,0,0,0
90,150,0,2,1,1,far,0,176,14080,15488,15488,15840,15488,15840,15488,15840,0,0,176,0,0,176,0,0,176,0,0,176,0,0,176,0,0,176,0,0,176,0,0,176,0,0,176,0,0,0,0,0,0,0,0,0,0,0,0,0,0
90,150,0,4,1,1,far,0,176,14080,15488,15488,16192,15488,16192,15488,16192,0,0,176,0,0,176,0,0,176,0,0,176,0,0,176,0,0,176,0,0,176,0,0,176,0,0,176,0,0,0,0,0,0,0,0,0,0,0,0,0,0
90,150,0,8,1,1,far,0,176,14080,15488,15488,16896,15488,16896,15488,16896,0,0,176,0,0,176,0,0,176,0,0,176,0,0,176,0,0,176,0,0,176,0,0,176,0,0,176,0,0,0,0,0,0,0,0,0,0,0,0,0,0
90,150,0,0,1,2,unchanged,0,16,1536,1664,1664,1664,1664,1664,1664,1664,0,0,16,0,16,0,0,16,0,0,0,16,0,16,0,0,16,0,0,0,16,0,16,0,0,16,0,0,0,0,0,0,0,0,0,0,0,0,0,0,0
90,150,0,2,1,2,unchanged,0,16,1536,1664,1664,1696,1664,1696,1664,1696,0,0,16,0,0,16,0,0,16,0,0,16,0,0,16,0,0,16,0,0,16,0,0,16,0,0,16,0,0,0,0,0,0,0,0,0,0,0,0,0,0
90,150,0,4,1,2,unchanged,0,16,1536,1664,1664,1728,1664,1728,1664,1728,0,0,16,0,0,16,0,0,16,0,0,16,0,0,16,0,0,16,0,0,16,0,0,16,0,0,16,0,0,0,0,0,0,0,0,0,0,0,0,0,0
90,150,0,8,1,2,unchanged,0,16,1536,1664,1664,1792,1664,1792,1664,1792,0,0,16,0,0,16,0,0,16,0,0,16,0,0,16,0,0,16,0,0,16,0,0,16,0,0,16,0,0,0,0,0,0,0,0,0,0,0,0,0,0
90,150,0,0,1,2,one_edit,0,64,6144,6656,6656,6656,6656,6656,6656,6656,0,0,64,0,64,0,0,64,0,0,0,64,0,64,0,0,64,0,0,0,64,0,64,0,0,64,0,0,0,0,0,0,0,0,0,0,0,0,0,0,0
90,150,0,2,1,2,one_edit,0,64,6144,6656,6656,6784,6656,6784,6656,6784,0,0,64,0,0,64,0,0,64,0,0,64,0,0,64,0,0,64,0,0,64,0,0,64,0,0,64,0,0,0,0,0,0,0,0,0,0,0,0,0,0
90,150,0,4,1,2,one_edit,0,64,6144,6656,6656,6912,6656,6912,6656,6912,0,0,64,0,0,64,0,0,64,0,0,64,0,0,64,0,0,64,0,0,64,0,0,64,0,0,64,0,0,0,0,0,0,0,0,0,0,0,0,0,0
90,150,0,8,1,2,one_edit,0,64,6144,6656,6656,7168,6656,7168,6656,7168,0,0,64,0,0,64,0,0,64,0,0,64,0,0,64,0,0,64,0,0,64,0,0,64,0,0,64,0,0,0,0,0,0,0,0,0,0,0,0,0,0
90,150,0,0,1,2,far,0,176,16896,18304,18304,18304,18304,18304,18304,18304,0,0,176,0,176,0,0,176,0,0,0,176,0,176,0,0,176,0,0,0,176,0,176,0,0,176,0,0,0,0,0,0,0,0,0,0,0,0,0,0,0
90,150,0,2,1,2,far,0,176,16896,18304,18304,18656,18304,18656,18304,18656,0,0,176,0,0,176,0,0,176,0,0,176,0,0,176,0,0,176,0,0,176,0,0,176,0,0,176,0,0,0,0,0,0,0,0,0,0,0,0,0,0
90,150,0,4,1,2,far,0,176,16896,18304,18304,19008,18304,19008,18304,19008,0,0,176,0,0,176,0,0,176,0,0,176,0,0,176,0,0,176,0,0,176,0,0,176,0,0,176,0,0,0,0,0,0,0,0,0,0,0,0,0,0
90,150,0,8,1,2,far,0,176,16896,18304,18304,19712,18304,19712,18304,19712,0,0,176,0,0,176,0,0,176,0,0,176,0,0,176,0,0,176,0,0,176,0,0,176,0,0,176,0,0,0,0,0,0,0,0,0,0,0,0,0,0
90,150,0,0,1,4,unchanged,0,16,2048,2176,2176,2176,2176,2176,2176,2176,0,0,16,0,16,0,0,16,0,0,0,16,0,16,0,0,16,0,0,0,16,0,16,0,0,16,0,0,0,0,0,0,0,0,0,0,0,0,0,0,0
90,150,0,2,1,4,unchanged,0,16,2048,2176,2176,2208,2176,2208,2176,2208,0,0,16,0,0,16,0,0,16,0,0,16,0,0,16,0,0,16,0,0,16,0,0,16,0,0,16,0,0,0,0,0,0,0,0,0,0,0,0,0,0
90,150,0,4,1,4,unchanged,0,16,2048,2176,2176,2240,2176,2240,2176,2240,0,0,16,0,0,16,0,0,16,0,0,16,0,0,16,0,0,16,0,0,16,0,0,16,0,0,16,0,0,0,0,0,0,0,0,0,0,0,0,0,0
90,150,0,8,1,4,unchanged,0,16,2048,2176,2176,2304,2176,2304,2176,2304,0,0,16,0,0,16,0,0,16,0,0,16,0,0,16,0,0,16,0,0,16,0,0,16,0,0,16,0,0,0,0,0,0,0,0,0,0,0,0,0,0
90,150,0,0,1,4,one_edit,0,64,8192,8704,8704,8704,8704,8704,8704,8704,0,0,64,0,64,0,0,64,0,0,0,64,0,64,0,0,64,0,0,0,64,0,64,0,0,64,0,0,0,0,0,0,0,0,0,0,0,0,0,0,0
90,150,0,2,1,4,one_edit,0,64,8192,8704,8704,8832,8704,8832,8704,8832,0,0,64,0,0,64,0,0,64,0,0,64,0,0,64,0,0,64,0,0,64,0,0,64,0,0,64,0,0,0,0,0,0,0,0,0,0,0,0,0,0
90,150,0,4,1,4,one_edit,0,64,8192,8704,8704,8960,8704,8960,8704,8960,0,0,64,0,0,64,0,0,64,0,0,64,0,0,64,0,0,64,0,0,64,0,0,64,0,0,64,0,0,0,0,0,0,0,0,0,0,0,0,0,0
90,150,0,8,1,4,one_edit,0,64,8192,8704,8704,9216,8704,9216,8704,9216,0,0,64,0,0,64,0,0,64,0,0,64,0,0,64,0,0,64,0,0,64,0,0,64,0,0,64,0,0,0,0,0,0,0,0,0,0,0,0,0,0
90,150,0,0,1,4,far,0,176,22528,23936,23936,23936,23936,23936,23936,23936,0,0,176,0,176,0,0,176,0,0,0,176,0,176,0,0,176,0,0,0,176,0,176,0,0,176,0,0,0,0,0,0,0,0,0,0,0,0,0,0,0
90,150,0,2,1,4,far,0,176,22528,23936,23936,24288,23936,24288,23936,24288,0,0,176,0,0,176,0,0,176,0,0,176,0,0,176,0,0,176,0,0,176,0,0,176,0,0,176,0,0,0,0,0,0,0,0,0,0,0,0,0,0
90,150,0,4,1,4,far,0,176,22528,23936,23936,24640,23936,24640,23936,24640,0,0,176,0,0,176,0,0,176,0,0,176,0,0,176,0,0,176,0,0,176,0,0,176,0,0,176,0,0,0,0,0,0,0,0,0,0,0,0,0,0
90,150,0,8,1,4,far,0,176,22528,23936,23936,25344,23936,25344,23936,25344,0,0,176,0,0,176,0,0,176,0,0,176,0,0,176,0,0,176,0,0,176,0,0,176,0,0,176,0,0,0,0,0,0,0,0,0,0,0,0,0,0
90,150,0,0,4,1,unchanged,0,16,2048,2176,2176,2176,2176,2176,2176,2176,0,0,16,0,16,0,0,16,0,0,0,16,0,16,0,0,16,0,0,0,16,0,16,0,0,16,0,0,0,0,0,0,0,0,0,0,0,0,0,0,0
90,150,0,2,4,1,unchanged,0,16,2048,2176,2176,2208,2176,2208,2176,2208,0,0,16,0,0,16,0,0,16,0,0,16,0,0,16,0,0,16,0,0,16,0,0,16,0,0,16,0,0,0,0,0,0,0,0,0,0,0,0,0,0
90,150,0,4,4,1,unchanged,0,16,2048,2176,2176,2240,2176,2240,2176,2240,0,0,16,0,0,16,0,0,16,0,0,16,0,0,16,0,0,16,0,0,16,0,0,16,0,0,16,0,0,0,0,0,0,0,0,0,0,0,0,0,0
90,150,0,8,4,1,unchanged,0,16,2048,2176,2176,2304,2176,2304,2176,2304,0,0,16,0,0,16,0,0,16,0,0,16,0,0,16,0,0,16,0,0,16,0,0,16,0,0,16,0,0,0,0,0,0,0,0,0,0,0,0,0,0
90,150,0,0,4,1,one_edit,0,64,8192,8704,8704,8704,8704,8704,8704,8704,0,0,64,0,64,0,0,64,0,0,0,64,0,64,0,0,64,0,0,0,64,0,64,0,0,64,0,0,0,0,0,0,0,0,0,0,0,0,0,0,0
90,150,0,2,4,1,one_edit,0,64,8192,8704,8704,8832,8704,8832,8704,8832,0,0,64,0,0,64,0,0,64,0,0,64,0,0,64,0,0,64,0,0,64,0,0,64,0,0,64,0,0,0,0,0,0,0,0,0,0,0,0,0,0
90,150,0,4,4,1,one_edit,0,64,8192,8704,8704,8960,8704,8960,8704,8960,0,0,64,0,0,64,0,0,64,0,0,64,0,0,64,0,0,64,0,0,64,0,0,64,0,0,64,0,0,0,0,0,0,0,0,0,0,0,0,0,0
90,150,0,8,4,1,one_edit,0,64,8192,8704,8704,9216,8704,9216,8704,9216,0,0,64,0,0,64,0,0,64,0,0,64,0,0,64,0,0,64,0,0,64,0,0,64,0,0,64,0,0,0,0,0,0,0,0,0,0,0,0,0,0
90,150,0,0,4,1,far,0,176,22528,23936,23936,23936,23936,23936,23936,23936,0,0,176,0,176,0,0,176,0,0,0,176,0,176,0,0,176,0,0,0,176,0,176,0,0,176,0,0,0,0,0,0,0,0,0,0,0,0,0,0,0
90,150,0,2,4,1,far,0,176,22528,23936,23936,24288,23936,24288,23936,24288,0,0,176,0,0,176,0,0,176,0,0,176,0,0,176,0,0,176,0,0,176,0,0,176,0,0,176,0,0,0,0,0,0,0,0,0,0,0,0,0,0
90,150,0,4,4,1,far,0,176,22528,23936,23936,24640,23936,24640,23936,24640,0,0,176,0,0,176,0,0,176,0,0,176,0,0,176,0,0,176,0,0,176,0,0,176,0,0,176,0,0,0,0,0,0,0,0,0,0,0,0,0,0
90,150,0,8,4,1,far,0,176,22528,23936,23936,25344,23936,25344,23936,25344,0,0,176,0,0,176,0,0,176,0,0,176,0,0,176,0,0,176,0,0,176,0,0,176,0,0,176,0,0,0,0,0,0,0,0,0,0,0,0,0,0
90,150,0,0,4,2,unchanged,0,16,3072,3200,3200,3200,3200,3200,3200,3200,0,0,16,0,16,0,0,16,0,0,0,16,0,16,0,0,16,0,0,0,16,0,16,0,0,16,0,0,0,0,0,0,0,0,0,0,0,0,0,0,0
90,150,0,2,4,2,unchanged,0,16,3072,3200,3200,3232,3200,3232,3200,3232,0,0,16,0,0,16,0,0,16,0,0,16,0,0,16,0,0,16,0,0,16,0,0,16,0,0,16,0,0,0,0,0,0,0,0,0,0,0,0,0,0
90,150,0,4,4,2,unchanged,0,16,3072,3200,3200,3264,3200,3264,3200,3264,0,0,16,0,0,16,0,0,16,0,0,16,0,0,16,0,0,16,0,0,16,0,0,16,0,0,16,0,0,0,0,0,0,0,0,0,0,0,0,0,0
90,150,0,8,4,2,unchanged,0,16,3072,3200,3200,3328,3200,3328,3200,3328,0,0,16,0,0,16,0,0,16,0,0,16,0,0,16,0,0,16,0,0,16,0,0,16,0,0,16,0,0,0,0,0,0,0,0,0,0,0,0,0,0
90,150,0,0,4,2,one_edit,0,64,12288,12800,12800,12800,12800,12800,12800,12800,0,0,64,0,64,0,0,64,0,0,0,64,0,64,0,0,64,0,0,0,64,0,64,0,0,64,0,0,0,0,0,0,0,0,0,0,0,0,0,0,0
90,150,0,2,4,2,one_edit,0,64,12288,12800,12800,12928,12800,12928,12800,12928,0,0,64,0,0,64,0,0,64,0,0,64,0,0,64,0,0,64,0,0,64,0,0,64,0,0,64,0,0,0,0,0,0,0,0,0,0,0,0,0,0
90,150,0,4,4,2,one_edit,0,64,12288,12800,12800,13056,12800,13056,12800,13056,0,0,64,0,0,64,0,0,64,0,0,64,0,0,64,0,0,64,0,0,64,0,0,64,0,0,64,0,0,0,0,0,0,0,0,0,0,0,0,0,0
90,150,0,8,4,2,one_edit,0,64,12288,12800,12800,13312,12800,13312,12800,13312,0,0,64,0,0,64,0,0,64,0,0,64,0,0,64,0,0,64,0,0,64,0,0,64,0,0,64,0,0,0,0,0,0,0,0,0,0,0,0,0,0
90,150,0,0,4,2,far,0,176,33792,35200,35200,35200,35200,35200,35200,35200,0,0,176,0,176,0,0,176,0,0,0,176,0,176,0,0,176,0,0,0,176,0,176,0,0,176,0,0,0,0,0,0,0,0,0,0,0,0,0,0,0
90,150,0,2,4,2,far,0,176,33792,35200,35200,35552,35200,35552,35200,35552,0,0,176,0,0,176,0,0,176,0,0,176,0,0,176,0,0,176,0,0,176,0,0,176,0,0,176,0,0,0,0,0,0,0,0,0,0,0,0,0,0
90,150,0,4,4,2,far,0,176,33792,35200,35200,35904,35200,35904,35200,35904,0,0,176,0,0,176,0,0,176,0,0,176,0,0,176,0,0,176,0,0,176,0,0,176,0,0,176,0,0,0,0,0,0,0,0,0,0,0,0,0,0
90,150,0,8,4,2,far,0,176,33792,35200,35200,36608,35200,36608,35200,36608,0,0,176,0,0,176,0,0,176,0,0,176,0,0,176,0,0,176,0,0,176,0,0,176,0,0,176,0,0,0,0,0,0,0,0,0,0,0,0,0,0
90,150,0,0,4,4,unchanged,0,16,5120,5248,5248,5248,5248,5248,5248,5248,0,0,16,0,16,0,0,16,0,0,0,16,0,16,0,0,16,0,0,0,16,0,16,0,0,16,0,0,0,0,0,0,0,0,0,0,0,0,0,0,0
90,150,0,2,4,4,unchanged,0,16,5120,5248,5248,5280,5248,5280,5248,5280,0,0,16,0,0,16,0,0,16,0,0,16,0,0,16,0,0,16,0,0,16,0,0,16,0,0,16,0,0,0,0,0,0,0,0,0,0,0,0,0,0
90,150,0,4,4,4,unchanged,0,16,5120,5248,5248,5312,5248,5312,5248,5312,0,0,16,0,0,16,0,0,16,0,0,16,0,0,16,0,0,16,0,0,16,0,0,16,0,0,16,0,0,0,0,0,0,0,0,0,0,0,0,0,0
90,150,0,8,4,4,unchanged,0,16,5120,5248,5248,5376,5248,5376,5248,5376,0,0,16,0,0,16,0,0,16,0,0,16,0,0,16,0,0,16,0,0,16,0,0,16,0,0,16,0,0,0,0,0,0,0,0,0,0,0,0,0,0
90,150,0,0,4,4,one_edit,0,64,20480,20992,20992,20992,20992,20992,20992,20992,0,0,64,0,64,0,0,64,0,0,0,64,0,64,0,0,64,0,0,0,64,0,64,0,0,64,0,0,0,0,0,0,0,0,0,0,0,0,0,0,0
90,150,0,2,4,4,one_edit,0,64,20480,20992,20992,21120,20992,21120,20992,21120,0,0,64,0,0,64,0,0,64,0,0,64,0,0,64,0,0,64,0,0,64,0,0,64,0,0,64,0,0,0,0,0,0,0,0,0,0,0,0,0,0
90,150,0,4,4,4,one_edit,0,64,20480,20992,20992,21248,20992,21248,20992,21248,0,0,64,0,0,64,0,0,64,0,0,64,0,0,64,0,0,64,0,0,64,0,0,64,0,0,64,0,0,0,0,0,0,0,0,0,0,0,0,0,0
90,150,0,8,4,4,one_edit,0,64,20480,20992,20992,21504,20992,21504,20992,21504,0,0,64,0,0,64,0,0,64,0,0,64,0,0,64,0,0,64,0,0,64,0,0,64,0,0,64,0,0,0,0,0,0,0,0,0,0,0,0,0,0
90,150,0,0,4,4,far,0,176,56320,57728,57728,57728,57728,57728,57728,57728,0,0,176,0,176,0,0,176,0,0,0,176,0,176,0,0,176,0,0,0,176,0,176,0,0,176,0,0,0,0,0,0,0,0,0,0,0,0,0,0,0
90,150,0,2,4,4,far,0,176,56320,57728,57728,58080,57728,58080,57728,58080,0,0,176,0,0,176,0,0,176,0,0,176,0,0,176,0,0,176,0,0,176,0,0,176,0,0,176,0,0,0,0,0,0,0,0,0,0,0,0,0,0
90,150,0,4,4,4,far,0,176,56320,57728,57728,58432,57728,58432,57728,58432,0,0,176,0,0,176,0,0,176,0,0,176,0,0,176,0,0,176,0,0,176,0,0,176,0,0,176,0,0,0,0,0,0,0,0,0,0,0,0,0,0
90,150,0,8,4,4,far,0,176,56320,57728,57728,59136,57728,59136,57728,59136,0,0,176,0,0,176,0,0,176,0,0,176,0,0,176,0,0,176,0,0,176,0,0,176,0,0,176,0,0,0,0,0,0,0,0,0,0,0,0,0,0
90,150,0,0,16,1,unchanged,0,16,5120,5248,5248,5248,5248,5248,5248,5248,0,0,16,0,16,0,0,16,0,0,0,16,0,16,0,0,16,0,0,0,16,0,16,0,0,16,0,0,0,0,0,0,0,0,0,0,0,0,0,0,0
90,150,0,2,16,1,unchanged,0,16,5120,5248,5248,5280,5248,5280,5248,5280,0,0,16,0,0,16,0,0,16,0,0,16,0,0,16,0,0,16,0,0,16,0,0,16,0,0,16,0,0,0,0,0,0,0,0,0,0,0,0,0,0
90,150,0,4,16,1,unchanged,0,16,5120,5248,5248,5312,5248,5312,5248,5312,0,0,16,0,0,16,0,0,16,0,0,16,0,0,16,0,0,16,0,0,16,0,0,16,0,0,16,0,0,0,0,0,0,0,0,0,0,0,0,0,0
90,150,0,8,16,1,unchanged,0,16,5120,5248,5248,5376,5248,5376,5248,5376,0,0,16,0,0,16,0,0,16,0,0,16,0,0,16,0,0,16,0,0,16,0,0,16,0,0,16,0,0,0,0,0,0,0,0,0,0,0,0,0,0
90,150,0,0,16,1,one_edit,0,64,20480,20992,20992,20992,20992,20992,20992,20992,0,0,64,0,64,0,0,64,0,0,0,64,0,64,0,0,64,0,0,0,64,0,64,0,0,64,0,0,0,0,0,0,0,0,0,0,0,0,0,0,0
90,150,0,2,16,1,one_edit,0,64,20480,20992,20992,21120,20992,21120,20992,21120,0,0,64,0,0,64,0,0,64,0,0,64,0,0,64,0,0,64,0,0,64,0,0,64,0,0,64,0,0,0,0,0,0,0,0,0,0,0,0,0,0
90,150,0,4,16,1,one_edit,0,64,20480,20992,20992,21248,20992,21248,20992,21248,0,0,64,0,0,64,0,0,64,0,0,64,0,0,64,0,0,64,0,0,64,0,0,64,0,0,64,0,0,0,0,0,0,0,0,0,0,0,0,0,0
90,150,0,8,16,1,one_edit,0,64,20480,20992,20992,21504,20992,21504,20992,21504,0,0,64,0,0,64,0,0,64,0,0,64,0,0,64,0,0,64,0,0,64,0,0,64,0,0,64,0,0,0,0,0,0,0,0,0,0,0,0,0,0
90,150,0,0,16,1,far,0,176,56320,57728,57728,57728,57728,57728,57728,57728,0,0,176,0,176,0,0,176,0,0,0,176,0,176,0,0,176,0,0,0,176,0,176,0,0,176,0,0,0,0,0,0,0,0,0,0,0,0,0,0,0
90,150,0,2,16,1,far,0,176,56320,57728,57728,58080,57728,58080,57728,58080,0,0,176,0,0,176,0,0,176,0,0,176,0,0,176,0,0,176,0,0,176,0,0,176,0,0,176,0,0,0,0,0,0,0,0,0,0,0,0,0,0
90,150,0,4,16,1,far,0,176,56320,57728,57728,58432,57728,58432,57728,58432,0,0,176,0,0,176,0,0,176,0,0,176,0,0,176,0,0,176,0,0,176,0,0,176,0,0,176,0,0,0,0,0,0,0,0,0,0,0,0,0,0
90,150,0,8,16,1,far,0,176,56320,57728,57728,59136,57728,59136,57728,59136,0,0,176,0,0,176,0,0,176,0,0,176,0,0,176,0,0,176,0,0,176,0,0,176,0,0,176,0,0,0,0,0,0,0,0,0,0,0,0,0,0
90,150,0,0,16,2,unchanged,0,16,9216,9344,9344,9344,9344,9344,9344,9344,0,0,16,0,16,0,0,16,0,0,0,16,0,16,0,0,16,0,0,0,16,0,16,0,0,16,0,0,0,0,0,0,0,0,0,0,0,0,0,0,0
90,150,0,2,16,2,unchanged,0,16,9216,9344,9344,9376,9344,9376,9344,9376,0,0,16,0,0,16,0,0,16,0,0,16,0,0,16,0,0,16,0,0,16,0,0,16,0,0,16,0,0,0,0,0,0,0,0,0,0,0,0,0,0
90,150,0,4,16,2,unchanged,0,16,9216,9344,9344,9408,9344,9408,9344,9408,0,0,16,0,0,16,0,0,16,0,0,16,0,0,16,0,0,16,0,0,16,0,0,16,0,0,16,0,0,0,0,0,0,0,0,0,0,0,0,0,0
90,150,0,8,16,2,unchanged,0,16,9216,9344,9344,9472,9344,9472,9344,9472,0,0,16,0,0,16,0,0,16,0,0,16,0,0,16,0,0,16,0,0,16,0,0,16,0,0,16,0,0,0,0,0,0,0,0,0,0,0,0,0,0
90,150,0,0,16,2,one_edit,0,64,36864,37376,37376,37376,37376,37376,37376,37376,0,0,64,0,64,0,0,64,0,0,0,64,0,64,0,0,64,0,0,0,64,0,64,0,0,64,0,0,0,0,0,0,0,0,0,0,0,0,0,0,0
90,150,0,2,16,2,one_edit,0,64,36864,37376,37376,37504,37376,37504,37376,37504,0,0,64,0,0,64,0,0,64,0,0,64,0,0,64,0,0,64,0,0,64,0,0,64,0,0,64,0,0,0,0,0,0,0,0,0,0,0,0,0,0
90,150,0,4,16,2,one_edit,0,64,36864,37376,37376,37632,37376,37632,37376,37632,0,0,64,0,0,64,0,0,64,0,0,64,0,0,64,0,0,64,0,0,64,0,0,64,0,0,64,0,0,0,0,0,0,0,0,0,0,0,0,0,0
90,150,0,8,16,2,one_edit,0,64,36864,37376,37376,37888,37376,37888,37376,37888,0,0,64,0,0,64,0,0,64,0,0,64,0,0,64,0,0,64,0,0,64,0,0,64,0,0,64,0,0,0,0,0,0,0,0,0,0,0,0,0,0
90,150,0,0,16,2,far,0,176,101376,102784,102784,102784,102784,102784,102784,102784,0,0,176,0,176,0,0,176,0,0,0,176,0,176,0,0,176,0,0,0,176,0,176,0,0,176,0,0,0,0,0,0,0,0,0,0,0,0,0,0,0
90,150,0,2,16,2,far,0,176,101376,102784,102784,103136,102784,103136,102784,103136,0,0,176,0,0,176,0,0,176,0,0,176,0,0,176,0,0,176,0,0,176,0,0,176,0,0,176,0,0,0,0,0,0,0,0,0,0,0,0,0,0
90,150,0,4,16,2,far,0,176,101376,102784,102784,103488,102784,103488,102784,103488,0,0,176,0,0,176,0,0,176,0,0,176,0,0,176,0,0,176,0,0,176,0,0,176,0,0,176,0,0,0,0,0,0,0,0,0,0,0,0,0,0
90,150,0,8,16,2,far,0,176,101376,102784,102784,104192,102784,104192,102784,104192,0,0,176,0,0,176,0,0,176,0,0,176,0,0,176,0,0,176,0,0,176,0,0,176,0,0,176,0,0,0,0,0,0,0,0,0,0,0,0,0,0
90,150,0,0,16,4,unchanged,0,16,17408,17536,17536,17536,17536,17536,17536,17536,0,0,16,0,16,0,0,16,0,0,0,16,0,16,0,0,16,0,0,0,16,0,16,0,0,16,0,0,0,0,0,0,0,0,0,0,0,0,0,0,0
90,150,0,2,16,4,unchanged,0,16,17408,17536,17536,17568,17536,17568,17536,17568,0,0,16,0,0,16,0,0,16,0,0,16,0,0,16,0,0,16,0,0,16,0,0,16,0,0,16,0,0,0,0,0,0,0,0,0,0,0,0,0,0
90,150,0,4,16,4,unchanged,0,16,17408,17536,17536,17600,17536,17600,17536,17600,0,0,16,0,0,16,0,0,16,0,0,16,0,0,16,0,0,16,0,0,16,0,0,16,0,0,16,0,0,0,0,0,0,0,0,0,0,0,0,0,0
90,150,0,8,16,4,unchanged,0,16,17408,17536,17536,17664,17536,17664,17536,17664,0,0,16,0,0,16,0,0,16,0,0,16,0,0,16,0,0,16,0,0,16,0,0,16,0,0,16,0,0,0,0,0,0,0,0,0,0,0,0,0,0
90,150,0,0,16,4,one_edit,0,64,69632,70144,70144,70144,70144,70144,70144,70144,0,0,64,0,64,0,0,64,0,0,0,64,0,64,0,0,64,0,0,0,64,0,64,0,0,64,0,0,0,0,0,0,0,0,0,0,0,0,0,0,0
90,150,0,2,16,4,one_edit,0,64,69632,70144,70144,70272,70144,70272,70144,70272,0,0,64,0,0,64,0,0,64,0,0,64,0,0,64,0,0,64,0,0,64,0,0,64,0,0,64,0,0,0,0,0,0,0,0,0,0,0,0,0,0
90,150,0,4,16,4,one_edit,0,64,69632,70144,70144,70400,70144,70400,70144,70400,0,0,64,0,0,64,0,0,64,0,0,64,0,0,64,0,0,64,0,0,64,0,0,64,0,0,64,0,0,0,0,0,0,0,0,0,0,0,0,0,0
90,150,0,8,16,4,one_edit,0,64,69632,70144,70144,70656,70144,70656,70144,70656,0,0,64,0,0,64,0,0,64,0,0,64,0,0,64,0,0,64,0,0,64,0,0,64,0,0,64,0,0,0,0,0,0,0,0,0,0,0,0,0,0
90,150,0,0,16,4,far,0,176,191488,192896,192896,192896,192896,192896,192896,192896,0,0,176,0,176,0,0,176,0,0,0,176,0,176,0,0,176,0,0,0,176,0,176,0,0,176,0,0,0,0,0,0,0,0,0,0,0,0,0,0,0
90,150,0,2,16,4,far,0,176,191488,192896,192896,193248,192896,193248,192896,193248,0,0,176,0,0,176,0,0,176,0,0,176,0,0,176,0,0,176,0,0,176,0,0,176,0,0,176,0,0,0,0,0,0,0,0,0,0,0,0,0,0
90,150,0,4,16,4,far,0,176,191488,192896,192896,193600,192896,193600,192896,193600,0,0,176,0,0,176,0,0,176,0,0,176,0,0,176,0,0,176,0,0,176,0,0,176,0,0,176,0,0,0,0,0,0,0,0,0,0,0,0,0,0
90,150,0,8,16,4,far,0,176,191488,192896,192896,194304,192896,194304,192896,194304,0,0,176,0,0,176,0,0,176,0,0,176,0,0,176,0,0,176,0,0,176,0,0,176,0,0,176,0,0,0,0,0,0,0,0,0,0,0,0,0,0
90,150,1,0,1,1,unchanged,1,16,2560,1728,1728,1728,1728,1728,1728,1728,16,0,0,0,16,0,0,16,0,16,0,0,0,16,0,0,16,0,16,0,0,0,16,0,0,16,0,0,0,0,0,0,0,0,0,0,0,0,0,0,0
90,150,1,2,1,1,unchanged,1,16,2560,1728,1728,1760,1728,1760,1728,1760,16,0,0,0,0,16,0,0,16,16,0,0,0,0,16,0,0,16,16,0,0,0,0,16,0,0,16,0,0,0,0,0,0,0,0,0,0,0,0,0,0
90,150,1,4,1,1,unchanged,1,16,2560,1728,1728,1792,1728,1792,1728,1792,16,0,0,0,0,16,0,0,16,16,0,0,0,0,16,0,0,16,16,0,0,0,0,16,0,0,16,0,0,0,0,0,0,0,0,0,0,0,0,0,0
90,150,1,8,1,1,unchanged,1,16,2560,1728,1728,1856,1728,1856,1728,1856,16,0,0,0,0,16,0,0,16,16,0,0,0,0,16,0,0,16,16,0,0,0,0,16,0,0,16,0,0,0,0,0,0,0,0,0,0,0,0,0,0
90,150,1,0,1,1,one_edit,1,64,10240,7128,7128,7128,7128,7212,7128,7128,64,0,0,0,64,0,0,64,0,64,0,0,0,36,28,0,36,28,64,0,0,0,64,0,0,64,0,0,0,0,0,0,0,0,28,84,3,0,0,0,28
90,150,1,2,1,1,one_edit,1,64,10240,7128,7128,7256,7128,7340,7128,7256,64,0,0,0,0,64,0,0,64,64,0,0,0,0,64,0,0,64,64,0,0,0,0,64,0,0,64,0,0,0,0,0,0,0,28,84,3,0,0,0,28
90,150,1,4,1,1,one_edit,1,64,10240,7128,7128,7384,7128,7468,7128,7384,64,0,0,0,0,64,0,0,64,64,0,0,0,0,64,0,0,64,64,0,0,0,0,64,0,0,64,0,0,0,0,0,0,0,28,84,3,0,0,0,28
90,150,1,8,1,1,one_edit,1,64,10240,7128,7128,7640,7128,7724,7128,7640,64,0,0,0,0,64,0,0,64,64,0,0,0,0,64,0,0,64,64,0,0,0,0,64,0,0,64,0,0,0,0,0,0,0,28,84,3,0,0,0,28
90,150,1,0,1,1,far,1,176,28160,19560,19560,19560,19560,19784,19560,19712,176,0,0,0,176,0,0,176,0,176,0,0,0,108,68,0,108,68,176,0,0,0,132,44,0,132,44,0,0,0,0,0,0,0,68,224,4,44,152,4,24
90,150,1,2,1,1,far,1,176,28160,19560,19560,19912,19560,20136,19560,20064,176,0,0,0,0,176,0,0,176,176,0,0,0,0,176,0,0,176,176,0,0,0,0,176,0,0,176,0,0,0,0,0,0,0,68,224,4,44,152,4,24
90,150,1,4,1,1,far,1,176,28160,19560,19560,20264,19560,20488,19560,20416,176,0,0,0,0,176,0,0,176,176,0,0,0,0,176,0,0,176,176,0,0,0,0,176,0,0,176,0,0,0,0,0,0,0,68,224,4,44,152,4,24
90,150,1,8,1,1,far,1,176,28160,19560,19560,20968,19560,21192,19560,21120,176,0,0,0,0,176,0,0,176,176,0,0,0,0,176,0,0,176,176,0,0,0,0,176,0,0,176,0,0,0,0,0,0,0,68,224,4,44,152,4,24
90,150,1,0,1,2,unchanged,1,16,3072,2048,2048,2048,2048,2048,2048,2048,16,0,0,0,16,0,0,16,0,16,0,0,0,16,0,0,16,0,16,0,0,0,16,0,0,16,0,0,0,0,0,0,0,0,0,0,0,0,0,0,0
90,150,1,2,1,2,unchanged,1,16,3072,2048,2048,2080,2048,2080,2048,2080,16,0,0,0,0,16,0,0,16,16,0,0,0,0,16,0,0,16,16,0,0,0,0,16,0,0,16,0,0,0,0,0,0,0,0,0,0,0,0,0,0
90,150,1,4,1,2,unchanged,1,16,3072,2048,2048,2112,2048,2112,2048,2112,16,0,0,0,0,16,0,0,16,16,0,0,0,0,16,0,0,16,16,0,0,0,0,16,0,0,16,0,0,0,0,0,0,0,0,0,0,0,0,0,0
90,150,1,8,1,2,unchanged,1,16,3072,2048,2048,2176,2048,2176,2048,2176,16,0,0,0,0,16,0,0,16,16,0,0,0,0,16,0,0,16,16,0,0,0,0,16,0,0,16,0,0,0,0,0,0,0,0,0,0,0,0,0,0
90,150,1,0,1,2,one_edit,1,64,12288,8624,8624,8600,8624,8708,8624,8600,64,0,0,8,56,0,8,56,0,64,0,0,4,32,28,4,32,28,64,0,0,8,56,0,8,56,0,0,0,0,0,0,0,0,32,108,6,0,0,0,32
90,150,1,2,1,2,one_edit,1,64,12288,8624,8624,8728,8624,8836,8624,8728,64,0,0,8,0,56,8,0,56,64,0,0,4,0,60,4,0,60,64,0,0,8,0,56,8,0,56,0,0,0,0,0,0,0,32,108,6,0,0,0,32
90,150,1,4,1,2,one_edit,1,64,12288,8624,8624,8856,8624,8964,8624,8856,64,0,0,0,0,64,0,0,64,64,0,0,0,0,64,0,0,64,64,0,0,0,0,64,0,0,64,0,0,0,0,0,0,0,32,108,6,0,0,0,32
90,150,1,8,1,2,one_edit,1,64,12288,8624,8624,9112,8624,9220,8624,9112,64,0,0,0,0,64,0,0,64,64,0,0,0,0,64,0,0,64,64,0,0,0,0,64,0,0,64,0,0,0,0,0,0,0,32,108,6,0,0,0,32
90,150,1,0,1,2,far,1,176,33792,23632,23632,23620,23632,23948,23632,23876,176,0,0,12,164,0,12,164,0,176,0,0,12,108,56,12,108,56,176,0,0,12,132,32,12,132,32,0,0,0,0,0,0,0,56,328,8,32,256,8,24
90,150,1,2,1,2,far,1,176,33792,23632,23632,23972,23632,24300,23632,24228,176,0,0,0,0,176,0,0,176,176,0,0,0,0,176,0,0,176,176,0,0,0,0,176,0,0,176,0,0,0,0,0,0,0,56,328,8,32,256,8,24
90,150,1,4,1,2,far,1,176,33792,23632,23632,24324,23632,24652,23632,24580,176,0,0,0,0,176,0,0,176,176,0,0,0,0,176,0,0,176,176,0,0,0,0,176,0,0,176,0,0,0,0,0,0,0,56,328,8,32,256,8,24
90,150,1,8,1,2,far,1,176,33792,23632,23632,25028,23632,25356,23632,25284,176,0,0,0,0,176,0,0,176,176,0,0,0,0,176,0,0,176,176,0,0,0,0,176,0,0,176,0,0,0,0,0,0,0,56,328,8,32,256,8,24
90,150,1,0,1,4,unchanged,1,16,4096,2688,2688,2688,2688,2688,2688,2688,16,0,0,0,16,0,0,16,0,16,0,0,0,16,0,0,16,0,16,0,0,0,16,0,0,16,0,0,0,0,0,0,0,0,0,0,0,0,0,0,0
90,150,1,2,1,4,unchanged,1,16,4096,2688,2688,2720,2688,2720,2688,2720,16,0,0,0,0,16,0,0,16,16,0,0,0,0,16,0,0,16,16,0,0,0,0,16,0,0,16,0,0,0,0,0,0,0,0,0,0,0,0,0,0
90,150,1,4,1,4,unchanged,1,16,4096,2688,2688,2752,2688,2752,2688,2752,16,0,0,0,0,16,0,0,16,16,0,0,0,0,16,0,0,16,16,0,0,0,0,16,0,0,16,0,0,0,0,0,0,0,0,0,0,0,0,0,0
90,150,1,8,1,4,unchanged,1,16,4096,2688,2688,2816,2688,2816,2688,2816,16,0,0,0,0,16,0,0,16,16,0,0,0,0,16,0,0,16,16,0,0,0,0,16,0,0,16,0,0,0,0,0,0,0,0,0,0,0,0,0,0
90,150,1,0,1,4,one_edit,1,64,16384,11616,11584,11544,11616,11700,11616,11544,64,0,0,8,56,0,8,56,0,64,0,0,4,32,28,4,32,28,64,0,0,8,56,0,8,56,0,8,32,4,8,32,4,0,32,156,12,0,0,0,32
90,150,1,2,1,4,one_edit,1,64,16384,11616,11584,11672,11616,11828,11616,11672,64,0,0,8,0,56,8,0,56,64,0,0,4,0,60,4,0,60,64,0,0,8,0,56,8,0,56,8,32,4,8,32,4,0,32,156,12,0,0,0,32
90,150,1,4,1,4,one_edit,1,64,16384,11616,11584,11800,11616,11956,11616,11800,64,0,0,8,0,56,8,0,56,64,0,0,4,0,60,4,0,60,64,0,0,8,0,56,8,0,56,8,32,4,8,32,4,0,32,156,12,0,0,0,32
90,150,1,8,1,4,one_edit,1,64,16384,11616,11584,12056,11616,12212,11616,12056,64,0,0,8,0,56,0,0,64,64,0,0,4,0,60,4,0,60,64,0,0,8,0,56,8,0,56,8,32,4,8,32,4,0,32,156,12,0,0,0,32
90,150,1,0,1,4,far,1,176,45056,31776,31728,31692,31776,32276,31776,32204,176,0,0,12,164,0,12,164,0,176,0,0,12,108,56,12,108,56,176,0,0,12,132,32,12,132,32,12,48,4,12,48,4,0,56,584,16,32,512,16,24
90,150,1,2,1,4,far,1,176,45056,31776,31728,32044,31776,32628,31776,32556,176,0,0,12,0,164,12,0,164,176,0,0,12,0,164,12,0,164,176,0,0,12,0,164,12,0,164,12,48,4,12,48,4,0,56,584,16,32,512,16,24
90,150,1,4,1,4,far,1,176,45056,31776,31728,32396,31776,32980,31776,32908,176,0,0,12,0,164,0,0,176,176,0,0,12,0,164,12,0,164,176,0,0,12,0,164,12,0,164,12,48,4,12,48,4,0,56,584,16,32,512,16,24
90,150,1,8,1,4,far,1,176,45056,31776,31728,33100,31776,33684,31776,33612,176,0,0,0,0,176,0,0,176,176,0,0,0,0,176,0,0,176,176,0,0,0,0,176,0,0,176,12,48,4,12,48,4,0,56,584,16,32,512,16,24
90,150,1,0,4,1,unchanged,1,16,4096,2688,2688,2688,2688,2688,2688,2688,16,0,0,0,16,0,0,16,0,16,0,0,0,16,0,0,16,0,16,0,0,0,16,0,0,16,0,0,0,0,0,0,0,0,0,0,0,0,0,0,0
90,150,1,2,4,1,unchanged,1,16,4096,2688,2688,2720,2688,2720,2688,2720,16,0,0,0,0,16,0,0,16,16,0,0,0,0,16,0,0,16,16,0,0,0,0,16,0,0,16,0,0,0,0,0,0,0,0,0,0,0,0,0,0
90,150,1,4,4,1,unchanged,1,16,4096,2688,2688,2752,2688,2752,2688,2752,16,0,0,0,0,16,0,0,16,16,0,0,0,0,16,0,0,16,16,0,0,0,0,16,0,0,16,0,0,0,0,0,0,0,0,0,0,0,0,0,0
90,150,1,8,4,1,unchanged,1,16,4096,2688,2688,2816,2688,2816,2688,2816,16,0,0,0,0,16,0,0,16,16,0,0,0,0,16,0,0,16,16,0,0,0,0,16,0,0,16,0,0,0,0,0,0,0,0,0,0,0,0,0,0
90,150,1,0,4,1,one_edit,1,64,16384,11616,11552,11136,11776,11136,11776,11136,64,0,0,64,0,0,64,0,0,64,0,0,64,0,0,64,0,0,64,0,0,64,0,0,64,0,0,56,224,4,56,224,4,0,0,0,0,0,0,0,0
90,150,1,2,4,1,one_edit,1,64,16384,11616,11552,11264,11776,11264,11776,11264,64,0,0,64,0,0,64,0,0,64,0,0,64,0,0,64,0,0,64,0,0,64,0,0,64,0,0,56,224,4,56,224,4,0,0,0,0,0,0,0,0
90,150,1,4,4,1,one_edit,1,64,16384,11616,11552,11392,11776,11392,11776,11392,64,0,0,64,0,0,64,0,0,64,0,0,64,0,0,64,0,0,64,0,0,64,0,0,64,0,0,56,224,4,56,224,4,0,0,0,0,0,0,0,0
90,150,1,8,4,1,one_edit,1,64,16384,11616,11552,11648,11776,11648,11776,11648,64,0,0,8,0,56,8,0,56,64,0,0,8,0,56,64,0,0,64,0,0,8,0,56,64,0,0,56,224,4,56,224,4,0,0,0,0,0,0,0,0
90,150,1,0,4,1,far,1,176,45056,31776,31280,30672,31520,30672,31520,30672,176,0,0,122,54,0,120,56,0,176,0,0,122,54,0,120,56,0,176,0,0,122,54,0,120,56,0,60,240,4,60,240,4,0,0,0,0,0,0,0,0
90,150,1,2,4,1,far,1,176,45056,31776,31280,31024,31520,31024,31520,31024,176,0,0,110,12,54,92,28,56,176,0,0,110,12,54,104,16,56,176,0,0,110,12,54,104,16,56,60,240,4,60,240,4,0,0,0,0,0,0,0,0
90,150,1,4,4,1,far,1,176,45056,31776,31280,31376,31520,31376,31520,31376,176,0,0,110,0,66,92,0,84,176,0,0,110,0,66,104,0,72,176,0,0,110,0,66,104,0,72,60,240,4,60,240,4,0,0,0,0,0,0,0,0
90,150,1,8,4,1,far,1,176,45056,31776,31280,32080,31520,32080,31520,32080,176,0,0,60,2,114,0,0,176,176,0,0,60,2,114,48,0,128,176,0,0,60,2,114,48,0,128,60,240,4,60,240,4,0,0,0,0,0,0,0,0
90,150,1,0,4,2,unchanged,1,16,6144,3968,3968,3968,3968,3968,3968,3968,16,0,0,0,16,0,0,16,0,16,0,0,0,16,0,0,16,0,16,0,0,0,16,0,0,16,0,0,0,0,0,0,0,0,0,0,0,0,0,0,0
90,150,1,2,4,2,unchanged,1,16,6144,3968,3968,4000,3968,4000,3968,4000,16,0,0,0,0,16,0,0,16,16,0,0,0,0,16,0,0,16,16,0,0,0,0,16,0,0,16,0,0,0,0,0,0,0,0,0,0,0,0,0,0
90,150,1,4,4,2,unchanged,1,16,6144,3968,3968,4032,3968,4032,3968,4032,16,0,0,0,0,16,0,0,16,16,0,0,0,0,16,0,0,16,16,0,0,0,0,16,0,0,16,0,0,0,0,0,0,0,0,0,0,0,0,0,0
90,150,1,8,4,2,unchanged,1,16,6144,3968,3968,4096,3968,4096,3968,4096,16,0,0,0,0,16,0,0,16,16,0,0,0,0,16,0,0,16,16,0,0,0,0,16,0,0,16,0,0,0,0,0,0,0,0,0,0,0,0,0,0
90,150,1,0,4,2,one_edit,1,64,24576,17600,17440,16640,17920,16640,17920,16640,64,0,0,64,0,0,64,0,0,64,0,0,64,0,0,64,0,0,64,0,0,64,0,0,64,0,0,64,480,8,64,480,8,0,0,0,0,0,0,0,0
90,150,1,2,4,2,one_edit,1,64,24576,17600,17440,16768,17920,16768,17920,16768,64,0,0,64,0,0,64,0,0,64,0,0,64,0,0,64,0,0,64,0,0,64,0,0,64,0,0,64,480,8,64,480,8,0,0,0,0,0,0,0,0
90,150,1,4,4,2,one_edit,1,64,24576,17600,17440,16896,17920,16896,17920,16896,64,0,0,64,0,0,64,0,0,64,0,0,64,0,0,64,0,0,64,0,0,64,0,0,64,0,0,64,480,8,64,480,8,0,0,0,0,0,0,0,0
90,150,1,8,4,2,one_edit,1,64,24576,17600,17440,17152,17920,17152,17920,17152,64,0,0,64,0,0,64,0,0,64,0,0,64,0,0,64,0,0,64,0,0,64,0,0,64,0,0,64,480,8,64,480,8,0,0,0,0,0,0,0,0
90,150,1,0,4,2,far,1,176,67584,48064,47024,45856,47552,45856,47552,45856,176,0,0,122,54,0,120,56,0,176,0,0,122,54,0,120,56,0,176,0,0,122,54,0,120,56,0,72,528,8,72,528,8,0,0,0,0,0,0,0,0
90,150,1,2,4,2,far,1,176,67584,48064,47024,46208,47552,46208,47552,46208,176,0,0,122,0,54,120,0,56,176,0,0,122,0,54,120,0,56,176,0,0,122,0,54,120,0,56,72,528,8,72,528,8,0,0,0,0,0,0,0,0
90,150,1,4,4,2,far,1,176,67584,48064,47024,46560,47552,46560,47552,46560,176,0,0,110,12,54,92,28,56,176,0,0,110,12,54,104,16,56,176,0,0,110,12,54,104,16,56,72,528,8,72,528,8,0,0,0,0,0,0,0,0
90,150,1,8,4,2,far,1,176,67584,48064,47024,47264,47552,47264,47552,47264,176,0,0,110,0,66,80,12,84,176,0,0,110,0,66,104,0,72,176,0,0,110,0,66,104,0,72,72,528,8,72,528,8,0,0,0,0,0,0,0,0
90,150,1,0,4,4,unchanged,1,16,10240,6528,6528,6528,6528,6528,6528,6528,16,0,0,0,16,0,0,16,0,16,0,0,0,16,0,0,16,0,16,0,0,0,16,0,0,16,0,0,0,0,0,0,0,0,0,0,0,0,0,0,0
90,150,1,2,4,4,unchanged,1,16,10240,6528,6528,6560,6528,6560,6528,6560,16,0,0,0,0,16,0,0,16,16,0,0,0,0,16,0,0,16,16,0,0,0,0,16,0,0,16,0,0,0,0,0,0,0,0,0,0,0,0,0,0
90,150,1,4,4,4,unchanged,1,16,10240,6528,6528,6592,6528,6592,6528,6592,16,0,0,0,0,16,0,0,16,16,0,0,0,0,16,0,0,16,16,0,0,0,0,16,0,0,16,0,0,0,0,0,0,0,0,0,0,0,0,0,0
90,150,1,8,4,4,unchanged,1,16,10240,6528,6528,6656,6528,6656,6528,6656,16,0,0,0,0,16,0,0,16,16,0,0,0,0,16,0,0,16,16,0,0,0,0,16,0,0,16,0,0,0,0,0,0,0,0,0,0,0,0,0,0
90,150,1,0,4,4,one_edit,1,64,40960,29568,29216,27648,30208,27648,30208,27648,64,0,0,64,0,0,64,0,0,64,0,0,64,0,0,64,0,0,64,0,0,64,0,0,64,0,0,64,992,16,64,992,16,0,0,0,0,0,0,0,0
90,150,1,2,4,4,one_edit,1,64,40960,29568,29216,27776,30208,27776,30208,27776,64,0,0,64,0,0,64,0,0,64,0,0,64,0,0,64,0,0,64,0,0,64,0,0,64,0,0,64,992,16,64,992,16,0,0,0,0,0,0,0,0
90,150,1,4,4,4,one_edit,1,64,40960,29568,29216,27904,30208,27904,30208,27904,64,0,0,64,0,0,64,0,0,64,0,0,64,0,0,64,0,0,64,0,0,64,0,0,64,0,0,64,992,16,64,992,16,0,0,0,0,0,0,0,0
90,150,1,8,4,4,one_edit,1,64,40960,29568,29216,28160,30208,28160,30208,28160,64,0,0,64,0,0,64,0,0,64,0,0,64,0,0,64,0,0,64,0,0,64,0,0,64,0,0,64,992,16,64,992,16,0,0,0,0,0,0,0,0
90,150,1,0,4,4,far,1,176,112640,80640,78512,76224,79616,76224,79616,76224,176,0,0,122,54,0,120,56,0,176,0,0,122,54,0,120,56,0,176,0,0,122,54,0,120,56,0,72,1104,16,72,1104,16,0,0,0,0,0,0,0,0
90,150,1,2,4,4,far,1,176,112640,80640,78512,76576,79616,76576,79616,76576,176,0,0,122,0,54,120,0,56,176,0,0,122,0,54,120,0,56,176,0,0,122,0,54,120,0,56,72,1104,16,72,1104,16,0,0,0,0,0,0,0,0
90,150,1,4,4,4,far,1,176,112640,80640,78512,76928,79616,76928,79616,76928,176,0,0,122,0,54,120,0,56,176,0,0,122,0,54,120,0,56,176,0,0,122,0,54,120,0,56,72,1104,16,72,1104,16,0,0,0,0,0,0,0,0
90,150,1,8,4,4,far,1,176,112640,80640,78512,77632,79616,77632,79616,77632,176,0,0,110,12,54,92,28,56,176,0,0,110,12,54,104,16,56,176,0,0,110,12,54,104,16,56,72,1104,16,72,1104,16,0,0,0,0,0,0,0,0
90,150,1,0,16,1,unchanged,1,16,10240,6528,6528,6528,6528,6528,6528,6528,16,0,0,0,16,0,0,16,0,16,0,0,0,16,0,0,16,0,16,0,0,0,16,0,0,16,0,0,0,0,0,0,0,0,0,0,0,0,0,0,0
90,150,1,2,16,1,unchanged,1,16,10240,6528,6528,6560,6528,6560,6528,6560,16,0,0,0,0,16,0,0,16,16,0,0,0,0,16,0,0,16,16,0,0,0,0,16,0,0,16,0,0,0,0,0,0,0,0,0,0,0,0,0,0
90,150,1,4,16,1,unchanged,1,16,10240,6528,6528,6592,6528,6592,6528,6592,16,0,0,0,0,16,0,0,16,16,0,0,0,0,16,0,0,16,16,0,0,0,0,16,0,0,16,0,0,0,0,0,0,0,0,0,0,0,0,0,0
90,150,1,8,16,1,unchanged,1,16,10240,6528,6528,6656,6528,6656,6528,6656,16,0,0,0,0,16,0,0,16,16,0,0,0,0,16,0,0,16,16,0,0,0,0,16,0,0,16,0,0,0,0,0,0,0,0,0,0,0,0,0,0
90,150,1,0,16,1,one_edit,1,64,40960,29568,27136,26496,27136,26496,27136,26496,64,0,0,64,0,0,64,0,0,64,0,0,64,0,0,64,0,0,64,0,0,64,0,0,64,0,0,0,0,0,0,0,0,0,0,0,0,0,0,0,0
90,150,1,2,16,1,one_edit,1,64,40960,29568,27136,26624,27136,26624,27136,26624,64,0,0,64,0,0,64,0,0,64,0,0,64,0,0,64,0,0,64,0,0,64,0,0,64,0,0,0,0,0,0,0,0,0,0,0,0,0,0,0,0
90,150,1,4,16,1,one_edit,1,64,40960,29568,27136,26752,27136,26752,27136,26752,64,0,0,64,0,0,64,0,0,64,0,0,64,0,0,64,0,0,64,0,0,64,0,0,64,0,0,0,0,0,0,0,0,0,0,0,0,0,0,0,0
90,150,1,8,16,1,one_edit,1,64,40960,29568,27136,27008,27136,27008,27136,27008,64,0,0,64,0,0,64,0,0,64,0,0,64,0,0,64,0,0,64,0,0,64,0,0,64,0,0,0,0,0,0,0,0,0,0,0,0,0,0,0,0
90,150,1,0,16,1,far,1,176,112640,80640,73760,72912,73760,72912,73760,72912,176,0,0,122,54,0,120,56,0,176,0,0,122,54,0,120,56,0,176,0,0,122,54,0,120,56,0,0,0,0,0,0,0,0,0,0,0,0,0,0,0
90,150,1,2,16,1,far,1,176,112640,80640,73760,73264,73760,73264,73760,73264,176,0,0,122,0,54,104,16,56,176,0,0,122,0,54,104,16,56,176,0,0,122,0,54,104,16,56,0,0,0,0,0,0,0,0,0,0,0,0,0,0
90,150,1,4,16,1,far,1,176,112640,80640,73760,73616,73760,73616,73760,73616,176,0,0,122,0,54,104,0,72,176,0,0,122,0,54,104,0,72,176,0,0,122,0,54,104,0,72,0,0,0,0,0,0,0,0,0,0,0,0,0,0
90,150,1,8,16,1,far,1,176,112640,80640,73760,74320,73760,74320,73760,74320,176,0,0,122,0,54,48,0,128,176,0,0,122,0,54,48,0,128,176,0,0,122,0,54,48,0,128,0,0,0,0,0,0,0,0,0,0,0,0,0,0
90,150,1,0,16,2,unchanged,1,16,18432,11648,11648,11648,11648,11648,11648,11648,16,0,0,0,16,0,0,16,0,16,0,0,0,16,0,0,16,0,16,0,0,0,16,0,0,16,0,0,0,0,0,0,0,0,0,0,0,0,0,0,0
90,150,1,2,16,2,unchanged,1,16,18432,11648,11648,11680,11648,11680,11648,11680,16,0,0,0,0,16,0,0,16,16,0,0,0,0,16,0,0,16,16,0,0,0,0,16,0,0,16,0,0,0,0,0,0,0,0,0,0,0,0,0,0
90,150,1,4,16,2,unchanged,1,16,18432,11648,11648,11712,11648,11712,11648,11712,16,0,0,0,0,16,0,0,16,16,0,0,0,0,16,0,0,16,16,0,0,0,0,16,0,0,16,0,0,0,0,0,0,0,0,0,0,0,0,0,0
90,150,1,8,16,2,unchanged,1,16,18432,11648,11648,11776,11648,11776,11648,11776,16,0,0,0,0,16,0,0,16,16,0,0,0,0,16,0,0,16,16,0,0,0,0,16,0,0,16,0,0,0,0,0,0,0,0,0,0,0,0,0,0
90,150,1,0,16,2,one_edit,1,64,73728,53504,48640,47360,48640,47360,48640,47360,64,0,0,64,0,0,64,0,0,64,0,0,64,0,0,64,0,0,64,0,0,64,0,0,64,0,0,0,0,0,0,0,0,0,0,0,0,0,0,0,0
90,150,1,2,16,2,one_edit,1,64,73728,53504,48640,47488,48640,47488,48640,47488,64,0,0,64,0,0,64,0,0,64,0,0,64,0,0,64,0,0,64,0,0,64,0,0,64,0,0,0,0,0,0,0,0,0,0,0,0,0,0,0,0
90,150,1,4,16,2,one_edit,1,64,73728,53504,48640,47616,48640,47616,48640,47616,64,0,0,64,0,0,64,0,0,64,0,0,64,0,0,64,0,0,64,0,0,64,0,0,64,0,0,0,0,0,0,0,0,0,0,0,0,0,0,0,0
90,150,1,8,16,2,one_edit,1,64,73728,53504,48640,47872,48640,47872,48640,47872,64,0,0,64,0,0,64,0,0,64,0,0,64,0,0,64,0,0,64,0,0,64,0,0,64,0,0,0,0,0,0,0,0,0,0,0,0,0,0,0,0
90,150,1,0,16,2,far,1,176,202752,145792,132032,130336,132032,130336,132032,130336,176,0,0,122,54,0,120,56,0,176,0,0,122,54,0,120,56,0,176,0,0,122,54,0,120,56,0,0,0,0,0,0,0,0,0,0,0,0,0,0,0
90,150,1,2,16,2,far,1,176,202752,145792,132032,130688,132032,130688,132032,130688,176,0,0,122,0,54,120,0,56,176,0,0,122,0,54,120,0,56,176,0,0,122,0,54,120,0,56,0,0,0,0,0,0,0,0,0,0,0,0,0,0
90,150,1,4,16,2,far,1,176,202752,145792,132032,131040,132032,131040,132032,131040,176,0,0,122,0,54,104,16,56,176,0,0,122,0,54,104,16,56,176,0,0,122,0,54,104,16,56,0,0,0,0,0,0,0,0,0,0,0,0,0,0
90,150,1,8,16,2,far,1,176,202752,145792,132032,131744,132032,131744,132032,131744,176,0,0,122,0,54,104,0,72,176,0,0,122,0,54,104,0,72,176,0,0,122,0,54,104,0,72,0,0,0,0,0,0,0,0,0,0,0,0,0,0
90,150,1,0,16,4,unchanged,1,16,34816,21888,21888,21888,21888,21888,21888,21888,16,0,0,0,16,0,0,16,0,16,0,0,0,16,0,0,16,0,16,0,0,0,16,0,0,16,0,0,0,0,0,0,0,0,0,0,0,0,0,0,0
90,150,1,2,16,4,unchanged,1,16,34816,21888,21888,21920,21888,21920,21888,21920,16,0,0,0,0,16,0,0,16,16,0,0,0,0,16,0,0,16,16,0,0,0,0,16,0,0,16,0,0,0,0,0,0,0,0,0,0,0,0,0,0
90,150,1,4,16,4,unchanged,1,16,34816,21888,21888,21952,21888,21952,21888,21952,16,0,0,0,0,16,0,0,16,16,0,0,0,0,16,0,0,16,16,0,0,0,0,16,0,0,16,0,0,0,0,0,0,0,0,0,0,0,0,0,0
90,150,1,8,16,4,unchanged,1,16,34816,21888,21888,22016,21888,22016,21888,22016,16,0,0,0,0,16,0,0,16,16,0,0,0,0,16,0,0,16,16,0,0,0,0,16,0,0,16,0,0,0,0,0,0,0,0,0,0,0,0,0,0
90,150,1,0,16,4,one_edit,1,64,139264,101376,91648,89088,91648,89088,91648,89088,64,0,0,64,0,0,64,0,0,64,0,0,64,0,0,64,0,0,64,0,0,64,0,0,64,0,0,0,0,0,0,0,0,0,0,0,0,0,0,0,0
90,150,1,2,16,4,one_edit,1,64,139264,101376,91648,89216,91648,89216,91648,89216,64,0,0,64,0,0,64,0,0,64,0,0,64,0,0,64,0,0,64,0,0,64,0,0,64,0,0,0,0,0,0,0,0,0,0,0,0,0,0,0,0
90,150,1,4,16,4,one_edit,1,64,139264,101376,91648,89344,91648,89344,91648,89344,64,0,0,64,0,0,64,0,0,64,0,0,64,0,0,64,0,0,64,0,0,64,0,0,64,0,0,0,0,0,0,0,0,0,0,0,0,0,0,0,0
90,150,1,8,16,4,one_edit,1,64,139264,101376,91648,89600,91648,89600,91648,89600,64,0,0,64,0,0,64,0,0,64,0,0,64,0,0,64,0,0,64,0,0,64,0,0,64,0,0,0,0,0,0,0,0,0,0,0,0,0,0,0,0
90,150,1,0,16,4,far,1,176,382976,276096,248576,245184,248576,245184,248576,245184,176,0,0,122,54,0,120,56,0,176,0,0,122,54,0,120,56,0,176,0,0,122,54,0,120,56,0,0,0,0,0,0,0,0,0,0,0,0,0,0,0
90,150,1,2,16,4,far,1,176,382976,276096,248576,245536,248576,245536,248576,245536,176,0,0,122,0,54,120,0,56,176,0,0,122,0,54,120,0,56,176,0,0,122,0,54,120,0,56,0,0,0,0,0,0,0,0,0,0,0,0,0,0
90,150,1,4,16,4,far,1,176,382976,276096,248576,245888,248576,245888,248576,245888,176,0,0,122,0,54,120,0,56,176,0,0,122,0,54,120,0,56,176,0,0,122,0,54,120,0,56,0,0,0,0,0,0,0,0,0,0,0,0,0,0
90,150,1,8,16,4,far,1,176,382976,276096,248576,246592,248576,246592,248576,246592,176,0,0,122,0,54,104,16,56,176,0,0,122,0,54,104,16,56,176,0,0,122,0,54,104,16,56,0,0,0,0,0,0,0,0,0,0,0,0,0,0
90,150,2,0,1,1,unchanged,1,16,3840,2048,2048,2048,2048,2048,2048,2048,16,0,0,0,16,0,0,16,0,16,0,0,0,16,0,0,16,0,16,0,0,0,16,0,0,16,0,0,0,0,0,0,0,0,0,0,0,0,0,0,0
90,150,2,2,1,1,unchanged,1,16,3840,2048,2048,2080,2048,2080,2048,2080,16,0,0,0,0,16,0,0,16,16,0,0,0,0,16,0,0,16,16,0,0,0,0,16,0,0,16,0,0,0,0,0,0,0,0,0,0,0,0,0,0
90,150,2,4,1,1,unchanged,1,16,3840,2048,2048,2112,2048,2112,2048,2112,16,0,0,0,0,16,0,0,16,16,0,0,0,0,16,0,0,16,16,0,0,0,0,16,0,0,16,0,0,0,0,0,0,0,0,0,0,0,0,0,0
90,150,2,8,1,1,unchanged,1,16,3840,2048,2048,2176,2048,2176,2048,2176,16,0,0,0,0,16,0,0,16,16,0,0,0,0,16,0,0,16,16,0,0,0,0,16,0,0,16,0,0,0,0,0,0,0,0,0,0,0,0,0,0
90,150,2,0,1,1,one_edit,1,64,15360,8624,8624,8576,8640,8576,8640,8576,64,0,0,8,56,0,8,56,0,64,0,0,8,56,0,8,56,0,64,0,0,8,56,0,8,56,0,8,16,2,8,16,2,0,0,0,0,0,0,0,0
90,150,2,2,1,1,one_edit,1,64,15360,8624,8624,8704,8640,8704,8640,8704,64,0,0,8,0,56,8,0,56,64,0,0,8,0,56,8,0,56,64,0,0,8,0,56,8,0,56,8,16,2,8,16,2,0,0,0,0,0,0,0,0
90,150,2,4,1,1,one_edit,1,64,15360,8624,8624,8832,8640,8832,8640,8832,64,0,0,8,0,56,8,0,56,64,0,0,8,0,56,8,0,56,64,0,0,8,0,56,8,0,56,8,16,2,8,16,2,0,0,0,0,0,0,0,0
90,150,2,8,1,1,one_edit,1,64,15360,8624,8624,9088,8640,9088,8640,9088,64,0,0,0,0,64,0,0,64,64,0,0,0,0,64,0,8,56,64,0,0,0,0,64,0,8,56,8,16,2,8,16,2,0,0,0,0,0,0,0,0
90,150,2,0,1,1,far,1,176,42240,23632,23632,23544,23856,23632,23856,23632,176,0,0,44,132,0,44,132,0,176,0,0,44,102,30,60,104,12,176,0,0,44,102,30,60,104,12,62,224,4,62,224,4,0,30,88,4,30,88,4,0
90,150,2,2,1,1,far,1,176,42240,23632,23632,23896,23856,23984,23856,23984,176,0,0,0,44,132,0,44,132,176,0,0,0,44,132,44,16,116,176,0,0,0,44,132,44,16,116,62,224,4,62,224,4,0,30,88,4,30,88,4,0
90,150,2,4,1,1,far,1,176,42240,23632,23632,24248,23856,24336,23856,24336,176,0,0,0,0,176,0,0,176,176,0,0,0,0,176,32,12,132,176,0,0,0,0,176,32,12,132,62,224,4,62,224,4,0,30,88,4,30,88,4,0
90,150,2,8,1,1,far,1,176,42240,23632,23632,24952,23856,25040,23856,25040,176,0,0,0,0,176,0,0,176,176,0,0,0,0,176,0,0,176,176,0,0,0,0,176,0,0,176,62,224,4,62,224,4,0,30,88,4,30,88,4,0
90,150,2,0,1,2,unchanged,1,16,4608,2432,2432,2432,2432,2432,2432,2432,16,0,0,0,16,0,0,16,0,16,0,0,0,16,0,0,16,0,16,0,0,0,16,0,0,16,0,0,0,0,0,0,0,0,0,0,0,0,0,0,0
90,150,2,2,1,2,unchanged,1,16,4608,2432,2432,2464,2432,2464,2432,2464,16,0,0,0,0,16,0,0,16,16,0,0,0,0,16,0,0,16,16,0,0,0,0,16,0,0,16,0,0,0,0,0,0,0,0,0,0,0,0,0,0
90,150,2,4,1,2,unchanged,1,16,4608,2432,2432,2496,2432,2496,2432,2496,16,0,0,0,0,16,0,0,16,16,0,0,0,0,16,0,0,16,16,0,0,0,0,16,0,0,16,0,0,0,0,0,0,0,0,0,0,0,0,0,0
90,150,2,8,1,2,unchanged,1,16,4608,2432,2432,2560,2432,2560,2432,2560,16,0,0,0,0,16,0,0,16,16,0,0,0,0,16,0,0,16,16,0,0,0,0,16,0,0,16,0,0,0,0,0,0,0,0,0,0,0,0,0,0
90,150,2,0,1,2,one_edit,1,64,18432,10592,10560,10496,10560,10496,10560,10496,64,0,0,8,56,0,8,56,0,64,0,0,8,56,0,8,56,0,64,0,0,8,56,0,8,56,0,0,0,0,0,0,0,0,0,0,0,0,0,0,0
90,150,2,2,1,2,one_edit,1,64,18432,10592,10560,10624,10560,10624,10560,10624,64,0,0,8,0,56,8,0,56,64,0,0,8,0,56,8,0,56,64,0,0,8,0,56,8,0,56,0,0,0,0,0,0,0,0,0,0,0,0,0,0
90,150,2,4,1,2,one_edit,1,64,18432,10592,10560,10752,10560,10752,10560,10752,64,0,0,8,0,56,8,0,56,64,0,0,8,0,56,8,0,56,64,0,0,8,0,56,8,0,56,0,0,0,0,0,0,0,0,0,0,0,0,0,0
90,150,2,8,1,2,one_edit,1,64,18432,10592,10560,11008,10560,11008,10560,11008,64,0,0,8,0,56,0,8,56,64,0,0,8,0,56,0,8,56,64,0,0,8,0,56,0,8,56,0,0,0,0,0,0,0,0,0,0,0,0,0,0
90,150,2,0,1,2,far,1,176,50688,28960,28912,28736,29312,28960,29312,28960,176,0,0,44,132,0,44,132,0,176,0,0,44,102,30,48,116,12,176,0,0,44,102,30,48,116,12,50,400,8,50,400,8,0,42,224,8,42,224,8,0
90,150,2,2,1,2,far,1,176,50688,28960,28912,29088,29312,29312,29312,29312,176,0,0,44,0,132,44,0,132,176,0,0,44,0,132,48,0,128,176,0,0,44,0,132,48,0,128,50,400,8,50,400,8,0,42,224,8,42,224,8,0
90,150,2,4,1,2,far,1,176,50688,28960,28912,29440,29312,29664,29312,29664,176,0,0,12,32,132,0,44,132,176,0,0,0,44,132,32,16,128,176,0,0,0,44,132,32,16,128,50,400,8,50,400,8,0,42,224,8,42,224,8,0
90,150,2,8,1,2,far,1,176,50688,28960,28912,30144,29312,30368,29312,30368,176,0,0,0,12,164,0,0,176,176,0,0,0,0,176,32,0,144,176,0,0,0,0,176,32,0,144,50,400,8,50,400,8,0,42,224,8,42,224,8,0
90,150,2,0,1,4,unchanged,1,16,6144,3200,3200,3200,3200,3200,3200,3200,16,0,0,0,16,0,0,16,0,16,0,0,0,16,0,0,16,0,16,0,0,0,16,0,0,16,0,0,0,0,0,0,0,0,0,0,0,0,0,0,0
90,150,2,2,1,4,unchanged,1,16,6144,3200,3200,3232,3200,3232,3200,3232,16,0,0,0,0,16,0,0,16,16,0,0,0,0,16,0,0,16,16,0,0,0,0,16,0,0,16,0,0,0,0,0,0,0,0,0,0,0,0,0,0
90,150,2,4,1,4,unchanged,1,16,6144,3200,3200,3264,3200,3264,3200,3264,16,0,0,0,0,16,0,0,16,16,0,0,0,0,16,0,0,16,16,0,0,0,0,16,0,0,16,0,0,0,0,0,0,0,0,0,0,0,0,0,0
90,150,2,8,1,4,unchanged,1,16,6144,3200,3200,3328,3200,3328,3200,3328,16,0,0,0,0,16,0,0,16,16,0,0,0,0,16,0,0,16,16,0,0,0,0,16,0,0,16,0,0,0,0,0,0,0,0,0,0,0,0,0,0
90,150,2,0,1,4,one_edit,1,64,24576,14528,14400,14336,14400,14336,14400,14336,64,0,0,8,56,0,8,56,0,64,0,0,8,56,0,8,56,0,64,0,0,8,56,0,8,56,0,0,0,0,0,0,0,0,0,0,0,0,0,0,0
90,150,2,2,1,4,one_edit,1,64,24576,14528,14400,14464,14400,14464,14400,14464,64,0,0,8,0,56,8,0,56,64,0,0,8,0,56,8,0,56,64,0,0,8,0,56,8,0,56,0,0,0,0,0,0,0,0,0,0,0,0,0,0
90,150,2,4,1,4,one_edit,1,64,24576,14528,14400,14592,14400,14592,14400,14592,64,0,0,8,0,56,8,0,56,64,0,0,8,0,56,8,0,56,64,0,0,8,0,56,8,0,56,0,0,0,0,0,0,0,0,0,0,0,0,0,0
90,150,2,8,1,4,one_edit,1,64,24576,14528,14400,14848,14400,14848,14400,14848,64,0,0,8,0,56,0,8,56,64,0,0,8,0,56,0,8,56,64,0,0,8,0,56,0,8,56,0,0,0,0,0,0,0,0,0,0,0,0,0,0
90,150,2,0,1,4,far,1,176,67584,39616,39424,39120,40224,39616,40224,39616,176,0,0,44,132,0,44,132,0,176,0,0,44,102,30,48,104,24,176,0,0,44,102,30,48,104,24,50,800,16,50,800,16,0,42,496,16,42,496,16,0
90,150,2,2,1,4,far,1,176,67584,39616,39424,39472,40224,39968,40224,39968,176,0,0,44,0,132,44,0,132,176,0,0,44,0,132,48,0,128,176,0,0,44,0,132,48,0,128,50,800,16,50,800,16,0,42,496,16,42,496,16,0
90,150,2,4,1,4,far,1,176,67584,39616,39424,39824,40224,40320,40224,40320,176,0,0,44,0,132,32,12,132,176,0,0,44,0,132,48,0,128,176,0,0,44,0,132,48,0,128,50,800,16,50,800,16,0,42,496,16,42,496,16,0
90,150,2,8,1,4,far,1,176,67584,39616,39424,40528,40224,41024,40224,41024,176,0,0,12,32,132,0,32,144,176,0,0,0,44,132,32,16,128,176,0,0,0,44,132,32,16,128,50,800,16,50,800,16,0,42,496,16,42,496,16,0
90,150,2,0,4,1,unchanged,1,16,6144,3200,3200,3200,3200,3200,3200,3200,16,0,0,0,16,0,0,16,0,16,0,0,0,16,0,0,16,0,16,0,0,0,16,0,0,16,0,0,0,0,0,0,0,0,0,0,0,0,0,0,0
90,150,2,2,4,1,unchanged,1,16,6144,3200,3200,3232,3200,3232,3200,3232,16,0,0,0,0,16,0,0,16,16,0,0,0,0,16,0,0,16,16,0,0,0,0,16,0,0,16,0,0,0,0,0,0,0,0,0,0,0,0,0,0
90,150,2,4,4,1,unchanged,1,16,6144,3200,3200,3264,3200,3264,3200,3264,16,0,0,0,0,16,0,0,16,16,0,0,0,0,16,0,0,16,16,0,0,0,0,16,0,0,16,0,0,0,0,0,0,0,0,0,0,0,0,0,0
90,150,2,8,4,1,unchanged,1,16,6144,3200,3200,3328,3200,3328,3200,3328,16,0,0,0,0,16,0,0,16,16,0,0,0,0,16,0,0,16,16,0,0,0,0,16,0,0,16,0,0,0,0,0,0,0,0,0,0,0,0,0,0
90,150,2,0,4,1,one_edit,1,64,24576,14528,13824,13184,13824,13184,13824,13184,64,0,0,64,0,0,64,0,0,64,0,0,64,0,0,64,0,0,64,0,0,64,0,0,64,0,0,0,0,0,0,0,0,0,0,0,0,0,0,0,0
90,150,2,2,4,1,one_edit,1,64,24576,14528,13824,13312,13824,13312,13824,13312,64,0,0,64,0,0,64,0,0,64,0,0,64,0,0,64,0,0,64,0,0,64,0,0,64,0,0,0,0,0,0,0,0,0,0,0,0,0,0,0,0
90,150,2,4,4,1,one_edit,1,64,24576,14528,13824,13440,13824,13440,13824,13440,64,0,0,64,0,0,64,0,0,64,0,0,64,0,0,64,0,0,64,0,0,64,0,0,64,0,0,0,0,0,0,0,0,0,0,0,0,0,0,0,0
90,150,2,8,4,1,one_edit,1,64,24576,14528,13824,13696,13824,13696,13824,13696,64,0,0,64,0,0,64,0,0,64,0,0,64,0,0,64,0,0,64,0,0,64,0,0,64,0,0,0,0,0,0,0,0,0,0,0,0,0,0,0,0
90,150,2,0,4,1,far,1,176,67584,39616,37152,36304,37152,36304,37152,36304,176,0,0,122,54,0,120,56,0,176,0,0,122,54,0,120,56,0,176,0,0,122,54,0,120,56,0,0,0,0,0,0,0,0,0,0,0,0,0,0,0
90,150,2,2,4,1,far,1,176,67584,39616,37152,36656,37152,36656,37152,36656,176,0,0,122,0,54,104,16,56,176,0,0,122,0,54,104,16,56,176,0,0,122,0,54,104,16,56,0,0,0,0,0,0,0,0,0,0,0,0,0,0
90,150,2,4,4,1,far,1,176,67584,39616,37152,37008,37152,37008,37152,37008,176,0,0,122,0,54,104,0,72,176,0,0,122,0,54,104,0,72,176,0,0,122,0,54,104,0,72,0,0,0,0,0,0,0,0,0,0,0,0,0,0
90,150,2,8,4,1,far,1,176,67584,39616,37152,37712,37152,37712,37152,37712,176,0,0,122,0,54,48,0,128,176,0,0,122,0,54,48,0,128,176,0,0,122,0,54,48,0,128,0,0,0,0,0,0,0,0,0,0,0,0,0,0
90,150,2,0,4,2,unchanged,1,16,9216,4736,4736,4736,4736,4736,4736,4736,16,0,0,0,16,0,0,16,0,16,0,0,0,16,0,0,16,0,16,0,0,0,16,0,0,16,0,0,0,0,0,0,0,0,0,0,0,0,0,0,0
90,150,2,2,4,2,unchanged,1,16,9216,4736,4736,4768,4736,4768,4736,4768,16,0,0,0,0,16,0,0,16,16,0,0,0,0,16,0,0,16,16,0,0,0,0,16,0,0,16,0,0,0,0,0,0,0,0,0,0,0,0,0,0
90,150,2,4,4,2,unchanged,1,16,9216,4736,4736,4800,4736,4800,4736,4800,16,0,0,0,0,16,0,0,16,16,0,0,0,0,16,0,0,16,16,0,0,0,0,16,0,0,16,0,0,0,0,0,0,0,0,0,0,0,0,0,0
90,150,2,8,4,2,unchanged,1,16,9216,4736,4736,4864,4736,4864,4736,4864,16,0,0,0,0,16,0,0,16,16,0,0,0,0,16,0,0,16,16,0,0,0,0,16,0,0,16,0,0,0,0,0,0,0,0,0,0,0,0,0,0
90,150,2,0,4,2,one_edit,1,64,36864,22400,20992,19712,20992,19712,20992,19712,64,0,0,64,0,0,64,0,0,64,0,0,64,0,0,64,0,0,64,0,0,64,0,0,64,0,0,0,0,0,0,0,0,0,0,0,0,0,0,0,0
90,150,2,2,4,2,one_edit,1,64,36864,22400,20992,19840,20992,19840,20992,19840,64,0,0,64,0,0,64,0,0,64,0,0,64,0,0,64,0,0,64,0,0,64,0,0,64,0,0,0,0,0,0,0,0,0,0,0,0,0,0,0,0
90,150,2,4,4,2,one_edit,1,64,36864,22400,20992,19968,20992,19968,20992,19968,64,0,0,64,0,0,64,0,0,64,0,0,64,0,0,64,0,0,64,0,0,64,0,0,64,0,0,0,0,0,0,0,0,0,0,0,0,0,0,0,0
90,150,2,8,4,2,one_edit,1,64,36864,22400,20992,20224,20992,20224,20992,20224,64,0,0,64,0,0,64,0,0,64,0,0,64,0,0,64,0,0,64,0,0,64,0,0,64,0,0,0,0,0,0,0,0,0,0,0,0,0,0,0,0
90,150,2,0,4,2,far,1,176,101376,60928,56000,54304,56000,54304,56000,54304,176,0,0,122,54,0,120,56,0,176,0,0,122,54,0,120,56,0,176,0,0,122,54,0,120,56,0,0,0,0,0,0,0,0,0,0,0,0,0,0,0
90,150,2,2,4,2,far,1,176,101376,60928,56000,54656,56000,54656,56000,54656,176,0,0,122,0,54,120,0,56,176,0,0,122,0,54,120,0,56,176,0,0,122,0,54,120,0,56,0,0,0,0,0,0,0,0,0,0,0,0,0,0
90,150,2,4,4,2,far,1,176,101376,60928,56000,55008,56000,55008,56000,55008,176,0,0,122,0,54,104,16,56,176,0,0,122,0,54,104,16,56,176,0,0,122,0,54,104,16,56,0,0,0,0,0,0,0,0,0,0,0,0,0,0
90,150,2,8,4,2,far,1,176,101376,60928,56000,55712,56000,55712,56000,55712,176,0,0,122,0,54,104,0,72,176,0,0,122,0,54,104,0,72,176,0,0,122,0,54,104,0,72,0,0,0,0,0,0,0,0,0,0,0,0,0,0
90,150,2,0,4,4,unchanged,1,16,15360,7808,7808,7808,7808,7808,7808,7808,16,0,0,0,16,0,0,16,0,16,0,0,0,16,0,0,16,0,16,0,0,0,16,0,0,16,0,0,0,0,0,0,0,0,0,0,0,0,0,0,0
90,150,2,2,4,4,unchanged,1,16,15360,7808,7808,7840,7808,7840,7808,7840,16,0,0,0,0,16,0,0,16,16,0,0,0,0,16,0,0,16,16,0,0,0,0,16,0,0,16,0,0,0,0,0,0,0,0,0,0,0,0,0,0
90,150,2,4,4,4,unchanged,1,16,15360,7808,7808,7872,7808,7872,7808,7872,16,0,0,0,0,16,0,0,16,16,0,0,0,0,16,0,0,16,16,0,0,0,0,16,0,0,16,0,0,0,0,0,0,0,0,0,0,0,0,0,0
90,150,2,8,4,4,unchanged,1,16,15360,7808,7808,7936,7808,7936,7808,7936,16,0,0,0,0,16,0,0,16,16,0,0,0,0,16,0,0,16,16,0,0,0,0,16,0,0,16,0,0,0,0,0,0,0,0,0,0,0,0,0,0
90,150,2,0,4,4,one_edit,1,64,61440,38144,35328,32768,35328,32768,35328,32768,64,0,0,64,0,0,64,0,0,64,0,0,64,0,0,64,0,0,64,0,0,64,0,0,64,0,0,0,0,0,0,0,0,0,0,0,0,0,0,0,0
90,150,2,2,4,4,one_edit,1,64,61440,38144,35328,32896,35328,32896,35328,32896,64,0,0,64,0,0,64,0,0,64,0,0,64,0,0,64,0,0,64,0,0,64,0,0,64,0,0,0,0,0,0,0,0,0,0,0,0,0,0,0,0
90,150,2,4,4,4,one_edit,1,64,61440,38144,35328,33024,35328,33024,35328,33024,64,0,0,64,0,0,64,0,0,64,0,0,64,0,0,64,0,0,64,0,0,64,0,0,64,0,0,0,0,0,0,0,0,0,0,0,0,0,0,0,0
90,150,2,8,4,4,one_edit,1,64,61440,38144,35328,33280,35328,33280,35328,33280,64,0,0,64,0,0,64,0,0,64,0,0,64,0,0,64,0,0,64,0,0,64,0,0,64,0,0,0,0,0,0,0,0,0,0,0,0,0,0,0,0
90,150,2,0,4,4,far,1,176,168960,103552,93696,90304,93696,90304,93696,90304,176,0,0,122,54,0,120,56,0,176,0,0,122,54,0,120,56,0,176,0,0,122,54,0,120,56,0,0,0,0,0,0,0,0,0,0,0,0,0,0,0
90,150,2,2,4,4,far,1,176,168960,103552,93696,90656,93696,90656,93696,90656,176,0,0,122,0,54,120,0,56,176,0,0,122,0,54,120,0,56,176,0,0,122,0,54,120,0,56,0,0,0,0,0,0,0,0,0,0,0,0,0,0
90,150,2,4,4,4,far,1,176,168960,103552,93696,91008,93696,91008,93696,91008,176,0,0,122,0,54,120,0,56,176,0,0,122,0,54,120,0,56,176,0,0,122,0,54,120,0,56,0,0,0,0,0,0,0,0,0,0,0,0,0,0
90,150,2,8,4,4,far,1,176,168960,103552,93696,91712,93696,91712,93696,91712,176,0,0,122,0,54,104,16,56,176,0,0,122,0,54,104,16,56,176,0,0,122,0,54,104,16,56,0,0,0,0,0,0,0,0,0,0,0,0,0,0
90,150,2,0,16,1,unchanged,1,16,15360,7808,7808,7808,7808,7808,7808,7808,16,0,0,0,16,0,0,16,0,16,0,0,0,16,0,0,16,0,16,0,0,0,16,0,0,16,0,0,0,0,0,0,0,0,0,0,0,0,0,0,0
90,150,2,2,16,1,unchanged,1,16,15360,7808,7808,7840,7808,7840,7808,7840,16,0,0,0,0,16,0,0,16,16,0,0,0,0,16,0,0,16,16,0,0,0,0,16,0,0,16,0,0,0,0,0,0,0,0,0,0,0,0,0,0
90,150,2,4,16,1,unchanged,1,16,15360,7808,7808,7872,7808,7872,7808,7872,16,0,0,0,0,16,0,0,16,16,0,0,0,0,16,0,0,16,16,0,0,0,0,16,0,0,16,0,0,0,0,0,0,0,0,0,0,0,0,0,0
90,150,2,8,16,1,unchanged,1,16,15360,7808,7808,7936,7808,7936,7808,7936,16,0,0,0,0,16,0,0,16,16,0,0,0,0,16,0,0,16,16,0,0,0,0,16,0,0,16,0,0,0,0,0,0,0,0,0,0,0,0,0,0
90,150,2,0,16,1,one_edit,1,64,61440,38144,32256,31616,32256,31616,32256,31616,64,0,0,64,0,0,64,0,0,64,0,0,64,0,0,64,0,0,64,0,0,64,0,0,64,0,0,0,0,0,0,0,0,0,0,0,0,0,0,0,0
90,150,2,2,16,1,one_edit,1,64,61440,38144,32256,31744,32256,31744,32256,31744,64,0,0,64,0,0,64,0,0,64,0,0,64,0,0,64,0,0,64,0,0,64,0,0,64,0,0,0,0,0,0,0,0,0,0,0,0,0,0,0,0
90,150,2,4,16,1,one_edit,1,64,61440,38144,32256,31872,32256,31872,32256,31872,64,0,0,64,0,0,64,0,0,64,0,0,64,0,0,64,0,0,64,0,0,64,0,0,64,0,0,0,0,0,0,0,0,0,0,0,0,0,0,0,0
90,150,2,8,16,1,one_edit,1,64,61440,38144,32256,32128,32256,32128,32256,32128,64,0,0,64,0,0,64,0,0,64,0,0,64,0,0,64,0,0,64,0,0,64,0,0,64,0,0,0,0,0,0,0,0,0,0,0,0,0,0,0,0
90,150,2,0,16,1,far,1,176,168960,103552,87840,86992,87840,86992,87840,86992,176,0,0,122,54,0,120,56,0,176,0,0,122,54,0,120,56,0,176,0,0,122,54,0,120,56,0,0,0,0,0,0,0,0,0,0,0,0,0,0,0
90,150,2,2,16,1,far,1,176,168960,103552,87840,87344,87840,87344,87840,87344,176,0,0,122,0,54,104,16,56,176,0,0,122,0,54,104,16,56,176,0,0,122,0,54,104,16,56,0,0,0,0,0,0,0,0,0,0,0,0,0,0
90,150,2,4,16,1,far,1,176,168960,103552,87840,87696,87840,87696,87840,87696,176,0,0,122,0,54,104,0,72,176,0,0,122,0,54,104,0,72,176,0,0,122,0,54,104,0,72,0,0,0,0,0,0,0,0,0,0,0,0,0,0
90,150,2,8,16,1,far,1,176,168960,103552,87840,88400,87840,88400,87840,88400,176,0,0,122,0,54,48,0,128,176,0,0,122,0,54,48,0,128,176,0,0,122,0,54,48,0,128,0,0,0,0,0,0,0,0,0,0,0,0,0,0
90,150,2,0,16,2,unchanged,1,16,27648,13952,13952,13952,13952,13952,13952,13952,16,0,0,0,16,0,0,16,0,16,0,0,0,16,0,0,16,0,16,0,0,0,16,0,0,16,0,0,0,0,0,0,0,0,0,0,0,0,0,0,0
90,150,2,2,16,2,unchanged,1,16,27648,13952,13952,13984,13952,13984,13952,13984,16,0,0,0,0,16,0,0,16,16,0,0,0,0,16,0,0,16,16,0,0,0,0,16,0,0,16,0,0,0,0,0,0,0,0,0,0,0,0,0,0
90,150,2,4,16,2,unchanged,1,16,27648,13952,13952,14016,13952,14016,13952,14016,16,0,0,0,0,16,0,0,16,16,0,0,0,0,16,0,0,16,16,0,0,0,0,16,0,0,16,0,0,0,0,0,0,0,0,0,0,0,0,0,0
90,150,2,8,16,2,unchanged,1,16,27648,13952,13952,14080,13952,14080,13952,14080,16,0,0,0,0,16,0,0,16,16,0,0,0,0,16,0,0,16,16,0,0,0,0,16,0,0,16,0,0,0,0,0,0,0,0,0,0,0,0,0,0
90,150,2,0,16,2,one_edit,1,64,110592,69632,57856,56576,57856,56576,57856,56576,64,0,0,64,0,0,64,0,0,64,0,0,64,0,0,64,0,0,64,0,0,64,0,0,64,0,0,0,0,0,0,0,0,0,0,0,0,0,0,0,0
90,150,2,2,16,2,one_edit,1,64,110592,69632,57856,56704,57856,56704,57856,56704,64,0,0,64,0,0,64,0,0,64,0,0,64,0,0,64,0,0,64,0,0,64,0,0,64,0,0,0,0,0,0,0,0,0,0,0,0,0,0,0,0
90,150,2,4,16,2,one_edit,1,64,110592,69632,57856,56832,57856,56832,57856,56832,64,0,0,64,0,0,64,0,0,64,0,0,64,0,0,64,0,0,64,0,0,64,0,0,64,0,0,0,0,0,0,0,0,0,0,0,0,0,0,0,0
90,150,2,8,16,2,one_edit,1,64,110592,69632,57856,57088,57856,57088,57856,57088,64,0,0,64,0,0,64,0,0,64,0,0,64,0,0,64,0,0,64,0,0,64,0,0,64,0,0,0,0,0,0,0,0,0,0,0,0,0,0,0,0
90,150,2,0,16,2,far,1,176,304128,188800,157376,155680,157376,155680,157376,155680,176,0,0,122,54,0,120,56,0,176,0,0,122,54,0,120,56,0,176,0,0,122,54,0,120,56,0,0,0,0,0,0,0,0,0,0,0,0,0,0,0
90,150,2,2,16,2,far,1,176,304128,188800,157376,156032,157376,156032,157376,156032,176,0,0,122,0,54,120,0,56,176,0,0,122,0,54,120,0,56,176,0,0,122,0,54,120,0,56,0,0,0,0,0,0,0,0,0,0,0,0,0,0
90,150,2,4,16,2,far,1,176,304128,188800,157376,156384,157376,156384,157376,156384,176,0,0,122,0,54,104,16,56,176,0,0,122,0,54,104,16,56,176,0,0,122,0,54,104,16,56,0,0,0,0,0,0,0,0,0,0,0,0,0,0
90,150,2,8,16,2,far,1,176,304128,188800,157376,157088,157376,157088,157376,157088,176,0,0,122,0,54,104,0,72,176,0,0,122,0,54,104,0,72,176,0,0,122,0,54,104,0,72,0,0,0,0,0,0,0,0,0,0,0,0,0,0
90,150,2,0,16,4,unchanged,1,16,52224,26240,26240,26240,26240,26240,26240,26240,16,0,0,0,16,0,0,16,0,16,0,0,0,16,0,0,16,0,16,0,0,0,16,0,0,16,0,0,0,0,0,0,0,0,0,0,0,0,0,0,0
90,150,2,2,16,4,unchanged,1,16,52224,26240,26240,26272,26240,26272,26240,26272,16,0,0,0,0,16,0,0,16,16,0,0,0,0,16,0,0,16,16,0,0,0,0,16,0,0,16,0,0,0,0,0,0,0,0,0,0,0,0,0,0
90,150,2,4,16,4,unchanged,1,16,52224,26240,26240,26304,26240,26304,26240,26304,16,0,0,0,0,16,0,0,16,16,0,0,0,0,16,0,0,16,16,0,0,0,0,16,0,0,16,0,0,0,0,0,0,0,0,0,0,0,0,0,0
90,150,2,8,16,4,unchanged,1,16,52224,26240,26240,26368,26240,26368,26240,26368,16,0,0,0,0,16,0,0,16,16,0,0,0,0,16,0,0,16,16,0,0,0,0,16,0,0,16,0,0,0,0,0,0,0,0,0,0,0,0,0,0
90,150,2,0,16,4,one_edit,1,64,208896,132608,109056,106496,109056,106496,109056,106496,64,0,0,64,0,0,64,0,0,64,0,0,64,0,0,64,0,0,64,0,0,64,0,0,64,0,0,0,0,0,0,0,0,0,0,0,0,0,0,0,0
90,150,2,2,16,4,one_edit,1,64,208896,132608,109056,106624,109056,106624,109056,106624,64,0,0,64,0,0,64,0,0,64,0,0,64,0,0,64,0,0,64,0,0,64,0,0,64,0,0,0,0,0,0,0,0,0,0,0,0,0,0,0,0
90,150,2,4,16,4,one_edit,1,64,208896,132608,109056,106752,109056,106752,109056,106752,64,0,0,64,0,0,64,0,0,64,0,0,64,0,0,64,0,0,64,0,0,64,0,0,64,0,0,0,0,0,0,0,0,0,0,0,0,0,0,0,0
90,150,2,8,16,4,one_edit,1,64,208896,132608,109056,107008,109056,107008,109056,107008,64,0,0,64,0,0,64,0,0,64,0,0,64,0,0,64,0,0,64,0,0,64,0,0,64,0,0,0,0,0,0,0,0,0,0,0,0,0,0,0,0
90,150,2,0,16,4,far,1,176,574464,359296,296448,293056,296448,293056,296448,293056,176,0,0,122,54,0,120,56,0,176,0,0,122,54,0,120,56,0,176,0,0,122,54,0,120,56,0,0,0,0,0,0,0,0,0,0,0,0,0,0,0
90,150,2,2,16,4,far,1,176,574464,359296,296448,293408,296448,293408,296448,293408,176,0,0,122,0,54,120,0,56,176,0,0,122,0,54,120,0,56,176,0,0,122,0,54,120,0,56,0,0,0,0,0,0,0,0,0,0,0,0,0,0
90,150,2,4,16,4,far,1,176,574464,359296,296448,293760,296448,293760,296448,293760,176,0,0,122,0,54,120,0,56,176,0,0,122,0,54,120,0,56,176,0,0,122,0,54,120,0,56,0,0,0,0,0,0,0,0,0,0,0,0,0,0
90,150,2,8,16,4,far,1,176,574464,359296,296448,294464,296448,294464,296448,294464,176,0,0,122,0,54,104,16,56,176,0,0,122,0,54,104,16,56,176,0,0,122,0,54,104,16,56,0,0,0,0,0,0,0,0,0,0,0,0,0,0
90,150,4,0,1,1,unchanged,1,16,6400,2688,2688,2688,2688,2688,2688,2688,16,0,0,0,16,0,0,16,0,16,0,0,0,16,0,0,16,0,16,0,0,0,16,0,0,16,0,0,0,0,0,0,0,0,0,0,0,0,0,0,0
90,150,4,2,1,1,unchanged,1,16,6400,2688,2688,2720,2688,2720,2688,2720,16,0,0,0,0,16,0,0,16,16,0,0,0,0,16,0,0,16,16,0,0,0,0,16,0,0,16,0,0,0,0,0,0,0,0,0,0,0,0,0,0
90,150,4,4,1,1,unchanged,1,16,6400,2688,2688,2752,2688,2752,2688,2752,16,0,0,0,0,16,0,0,16,16,0,0,0,0,16,0,0,16,16,0,0,0,0,16,0,0,16,0,0,0,0,0,0,0,0,0,0,0,0,0,0
90,150,4,8,1,1,unchanged,1,16,6400,2688,2688,2816,2688,2816,2688,2816,16,0,0,0,0,16,0,0,16,16,0,0,0,0,16,0,0,16,16,0,0,0,0,16,0,0,16,0,0,0,0,0,0,0,0,0,0,0,0,0,0
90,150,4,0,1,1,one_edit,1,64,25600,11616,11552,11136,11776,11136,11776,11136,64,0,0,64,0,0,64,0,0,64,0,0,64,0,0,64,0,0,64,0,0,64,0,0,64,0,0,56,224,4,56,224,4,0,0,0,0,0,0,0,0
90,150,4,2,1,1,one_edit,1,64,25600,11616,11552,11264,11776,11264,11776,11264,64,0,0,64,0,0,64,0,0,64,0,0,64,0,0,64,0,0,64,0,0,64,0,0,64,0,0,56,224,4,56,224,4,0,0,0,0,0,0,0,0
90,150,4,4,1,1,one_edit,1,64,25600,11616,11552,11392,11776,11392,11776,11392,64,0,0,64,0,0,64,0,0,64,0,0,64,0,0,64,0,0,64,0,0,64,0,0,64,0,0,56,224,4,56,224,4,0,0,0,0,0,0,0,0
90,150,4,8,1,1,one_edit,1,64,25600,11616,11552,11648,11776,11648,11776,11648,64,0,0,8,0,56,8,0,56,64,0,0,8,0,56,64,0,0,64,0,0,8,0,56,64,0,0,56,224,4,56,224,4,0,0,0,0,0,0,0,0
90,150,4,0,1,1,far,1,176,70400,31776,31280,30672,31520,30672,31520,30672,176,0,0,122,54,0,120,56,0,176,0,0,122,54,0,120,56,0,176,0,0,122,54,0,120,56,0,60,240,4,60,240,4,0,0,0,0,0,0,0,0
90,150,4,2,1,1,far,1,176,70400,31776,31280,31024,31520,31024,31520,31024,176,0,0,110,12,54,92,28,56,176,0,0,110,12,54,104,16,56,176,0,0,110,12,54,104,16,56,60,240,4,60,240,4,0,0,0,0,0,0,0,0
90,150,4,4,1,1,far,1,176,70400,31776,31280,31376,31520,31376,31520,31376,176,0,0,110,0,66,92,0,84,176,0,0,110,0,66,104,0,72,176,0,0,110,0,66,104,0,72,60,240,4,60,240,4,0,0,0,0,0,0,0,0
90,150,4,8,1,1,far,1,176,70400,31776,31280,32080,31520,32080,31520,32080,176,0,0,60,2,114,0,0,176,176,0,0,60,2,114,48,0,128,176,0,0,60,2,114,48,0,128,60,240,4,60,240,4,0,0,0,0,0,0,0,0
90,150,4,0,1,2,unchanged,1,16,7680,3200,3200,3200,3200,3200,3200,3200,16,0,0,0,16,0,0,16,0,16,0,0,0,16,0,0,16,0,16,0,0,0,16,0,0,16,0,0,0,0,0,0,0,0,0,0,0,0,0,0,0
90,150,4,2,1,2,unchanged,1,16,7680,3200,3200,3232,3200,3232,3200,3232,16,0,0,0,0,16,0,0,16,16,0,0,0,0,16,0,0,16,16,0,0,0,0,16,0,0,16,0,0,0,0,0,0,0,0,0,0,0,0,0,0
90,150,4,4,1,2,unchanged,1,16,7680,3200,3200,3264,3200,3264,3200,3264,16,0,0,0,0,16,0,0,16,16,0,0,0,0,16,0,0,16,16,0,0,0,0,16,0,0,16,0,0,0,0,0,0,0,0,0,0,0,0,0,0
90,150,4,8,1,2,unchanged,1,16,7680,3200,3200,3328,3200,3328,3200,3328,16,0,0,0,0,16,0,0,16,16,0,0,0,0,16,0,0,16,16,0,0,0,0,16,0,0,16,0,0,0,0,0,0,0,0,0,0,0,0,0,0
90,150,4,0,1,2,one_edit,1,64,30720,14528,14368,13568,14848,13568,14848,13568,64,0,0,64,0,0,64,0,0,64,0,0,64,0,0,64,0,0,64,0,0,64,0,0,64,0,0,64,480,8,64,480,8,0,0,0,0,0,0,0,0
90,150,4,2,1,2,one_edit,1,64,30720,14528,14368,13696,14848,13696,14848,13696,64,0,0,64,0,0,64,0,0,64,0,0,64,0,0,64,0,0,64,0,0,64,0,0,64,0,0,64,480,8,64,480,8,0,0,0,0,0,0,0,0
90,150,4,4,1,2,one_edit,1,64,30720,14528,14368,13824,14848,13824,14848,13824,64,0,0,64,0,0,64,0,0,64,0,0,64,0,0,64,0,0,64,0,0,64,0,0,64,0,0,64,480,8,64,480,8,0,0,0,0,0,0,0,0
90,150,4,8,1,2,one_edit,1,64,30720,14528,14368,14080,14848,14080,14848,14080,64,0,0,64,0,0,64,0,0,64,0,0,64,0,0,64,0,0,64,0,0,64,0,0,64,0,0,64,480,8,64,480,8,0,0,0,0,0,0,0,0
90,150,4,0,1,2,far,1,176,84480,39616,38576,37408,39104,37408,39104,37408,176,0,0,122,54,0,120,56,0,176,0,0,122,54,0,120,56,0,176,0,0,122,54,0,120,56,0,72,528,8,72,528,8,0,0,0,0,0,0,0,0
90,150,4,2,1,2,far,1,176,84480,39616,38576,37760,39104,37760,39104,37760,176,0,0,122,0,54,120,0,56,176,0,0,122,0,54,120,0,56,176,0,0,122,0,54,120,0,56,72,528,8,72,528,8,0,0,0,0,0,0,0,0
90,150,4,4,1,2,far,1,176,84480,39616,38576,38112,39104,38112,39104,38112,176,0,0,110,12,54,92,28,56,176,0,0,110,12,54,104,16,56,176,0,0,110,12,54,104,16,56,72,528,8,72,528,8,0,0,0,0,0,0,0,0
90,150,4,8,1,2,far,1,176,84480,39616,38576,38816,39104,38816,39104,38816,176,0,0,110,0,66,80,12,84,176,0,0,110,0,66,104,0,72,176,0,0,110,0,66,104,0,72,72,528,8,72,528,8,0,0,0,0,0,0,0,0
90,150,4,0,1,4,unchanged,1,16,10240,4224,4224,4224,4224,4224,4224,4224,16,0,0,0,16,0,0,16,0,16,0,0,0,16,0,0,16,0,16,0,0,0,16,0,0,16,0,0,0,0,0,0,0,0,0,0,0,0,0,0,0
90,150,4,2,1,4,unchanged,1,16,10240,4224,4224,4256,4224,4256,4224,4256,16,0,0,0,0,16,0,0,16,16,0,0,0,0,16,0,0,16,16,0,0,0,0,16,0,0,16,0,0,0,0,0,0,0,0,0,0,0,0,0,0
90,150,4,4,1,4,unchanged,1,16,10240,4224,4224,4288,4224,4288,4224,4288,16,0,0,0,0,16,0,0,16,16,0,0,0,0,16,0,0,16,16,0,0,0,0,16,0,0,16,0,0,0,0,0,0,0,0,0,0,0,0,0,0
90,150,4,8,1,4,unchanged,1,16,10240,4224,4224,4352,4224,4352,4224,4352,16,0,0,0,0,16,0,0,16,16,0,0,0,0,16,0,0,16,16,0,0,0,0,16,0,0,16,0,0,0,0,0,0,0,0,0,0,0,0,0,0
90,150,4,0,1,4,one_edit,1,64,40960,20352,20000,18432,20992,18432,20992,18432,64,0,0,64,0,0,64,0,0,64,0,0,64,0,0,64,0,0,64,0,0,64,0,0,64,0,0,64,992,16,64,992,16,0,0,0,0,0,0,0,0
90,150,4,2,1,4,one_edit,1,64,40960,20352,20000,18560,20992,18560,20992,18560,64,0,0,64,0,0,64,0,0,64,0,0,64,0,0,64,0,0,64,0,0,64,0,0,64,0,0,64,992,16,64,992,16,0,0,0,0,0,0,0,0
90,150,4,4,1,4,one_edit,1,64,40960,20352,20000,18688,20992,18688,20992,18688,64,0,0,64,0,0,64,0,0,64,0,0,64,0,0,64,0,0,64,0,0,64,0,0,64,0,0,64,992,16,64,992,16,0,0,0,0,0,0,0,0
90,150,4,8,1,4,one_edit,1,64,40960,20352,20000,18944,20992,18944,20992,18944,64,0,0,64,0,0,64,0,0,64,0,0,64,0,0,64,0,0,64,0,0,64,0,0,64,0,0,64,992,16,64,992,16,0,0,0,0,0,0,0,0
90,150,4,0,1,4,far,1,176,112640,55296,53168,50880,54272,50880,54272,50880,176,0,0,122,54,0,120,56,0,176,0,0,122,54,0,120,56,0,176,0,0,122,54,0,120,56,0,72,1104,16,72,1104,16,0,0,0,0,0,0,0,0
90,150,4,2,1,4,far,1,176,112640,55296,53168,51232,54272,51232,54272,51232,176,0,0,122,0,54,120,0,56,176,0,0,122,0,54,120,0,56,176,0,0,122,0,54,120,0,56,72,1104,16,72,1104,16,0,0,0,0,0,0,0,0
90,150,4,4,1,4,far,1,176,112640,55296,53168,51584,54272,51584,54272,51584,176,0,0,122,0,54,120,0,56,176,0,0,122,0,54,120,0,56,176,0,0,122,0,54,120,0,56,72,1104,16,72,1104,16,0,0,0,0,0,0,0,0
90,150,4,8,1,4,far,1,176,112640,55296,53168,52288,54272,52288,54272,52288,176,0,0,110,12,54,92,28,56,176,0,0,110,12,54,104,16,56,176,0,0,110,12,54,104,16,56,72,1104,16,72,1104,16,0,0,0,0,0,0,0,0
90,150,4,0,4,1,unchanged,1,16,10240,4224,4224,4224,4224,4224,4224,4224,16,0,0,0,16,0,0,16,0,16,0,0,0,16,0,0,16,0,16,0,0,0,16,0,0,16,0,0,0,0,0,0,0,0,0,0,0,0,0,0,0
90,150,4,2,4,1,unchanged,1,16,10240,4224,4224,4256,4224,4256,4224,4256,16,0,0,0,0,16,0,0,16,16,0,0,0,0,16,0,0,16,16,0,0,0,0,16,0,0,16,0,0,0,0,0,0,0,0,0,0,0,0,0,0
90,150,4,4,4,1,unchanged,1,16,10240,4224,4224,4288,4224,4288,4224,4288,16,0,0,0,0,16,0,0,16,16,0,0,0,0,16,0,0,16,16,0,0,0,0,16,0,0,16,0,0,0,0,0,0,0,0,0,0,0,0,0,0
90,150,4,8,4,1,unchanged,1,16,10240,4224,4224,4352,4224,4352,4224,4352,16,0,0,0,0,16,0,0,16,16,0,0,0,0,16,0,0,16,16,0,0,0,0,16,0,0,16,0,0,0,0,0,0,0,0,0,0,0,0,0,0
90,150,4,0,4,1,one_edit,1,64,40960,20352,17920,17280,17920,17280,17920,17280,64,0,0,64,0,0,64,0,0,64,0,0,64,0,0,64,0,0,64,0,0,64,0,0,64,0,0,0,0,0,0,0,0,0,0,0,0,0,0,0,0
90,150,4,2,4,1,one_edit,1,64,40960,20352,17920,17408,17920,17408,17920,17408,64,0,0,64,0,0,64,0,0,64,0,0,64,0,0,64,0,0,64,0,0,64,0,0,64,0,0,0,0,0,0,0,0,0,0,0,0,0,0,0,0
90,150,4,4,4,1,one_edit,1,64,40960,20352,17920,17536,17920,17536,17920,17536,64,0,0,64,0,0,64,0,0,64,0,0,64,0,0,64,0,0,64,0,0,64,0,0,64,0,0,0,0,0,0,0,0,0,0,0,0,0,0,0,0
90,150,4,8,4,1,one_edit,1,64,40960,20352,17920,17792,17920,17792,17920,17792,64,0,0,64,0,0,64,0,0,64,0,0,64,0,0,64,0,0,64,0,0,64,0,0,64,0,0,0,0,0,0,0,0,0,0,0,0,0,0,0,0
90,150,4,0,4,1,far,1,176,112640,55296,48416,47568,48416,47568,48416,47568,176,0,0,122,54,0,120,56,0,176,0,0,122,54,0,120,56,0,176,0,0,122,54,0,120,56,0,0,0,0,0,0,0,0,0,0,0,0,0,0,0
90,150,4,2,4,1,far,1,176,112640,55296,48416,47920,48416,47920,48416,47920,176,0,0,122,0,54,104,16,56,176,0,0,122,0,54,104,16,56,176,0,0,122,0,54,104,16,56,0,0,0,0,0,0,0,0,0,0,0,0,0,0
90,150,4,4,4,1,far,1,176,112640,55296,48416,48272,48416,48272,48416,48272,176,0,0,122,0,54,104,0,72,176,0,0,122,0,54,104,0,72,176,0,0,122,0,54,104,0,72,0,0,0,0,0,0,0,0,0,0,0,0,0,0
90,150,4,8,4,1,far,1,176,112640,55296,48416,48976,48416,48976,48416,48976,176,0,0,122,0,54,48,0,128,176,0,0,122,0,54,48,0,128,176,0,0,122,0,54,48,0,128,0,0,0,0,0,0,0,0,0,0,0,0,0,0
90,150,4,0,4,2,unchanged,1,16,15360,6272,6272,6272,6272,6272,6272,6272,16,0,0,0,16,0,0,16,0,16,0,0,0,16,0,0,16,0,16,0,0,0,16,0,0,16,0,0,0,0,0,0,0,0,0,0,0,0,0,0,0
90,150,4,2,4,2,unchanged,1,16,15360,6272,6272,6304,6272,6304,6272,6304,16,0,0,0,0,16,0,0,16,16,0,0,0,0,16,0,0,16,16,0,0,0,0,16,0,0,16,0,0,0,0,0,0,0,0,0,0,0,0,0,0
90,150,4,4,4,2,unchanged,1,16,15360,6272,6272,6336,6272,6336,6272,6336,16,0,0,0,0,16,0,0,16,16,0,0,0,0,16,0,0,16,16,0,0,0,0,16,0,0,16,0,0,0,0,0,0,0,0,0,0,0,0,0,0
90,150,4,8,4,2,unchanged,1,16,15360,6272,6272,6400,6272,6400,6272,6400,16,0,0,0,0,16,0,0,16,16,0,0,0,0,16,0,0,16,16,0,0,0,0,16,0,0,16,0,0,0,0,0,0,0,0,0,0,0,0,0,0
90,150,4,0,4,2,one_edit,1,64,61440,32000,27136,25856,27136,25856,27136,25856,64,0,0,64,0,0,64,0,0,64,0,0,64,0,0,64,0,0,64,0,0,64,0,0,64,0,0,0,0,0,0,0,0,0,0,0,0,0,0,0,0
90,150,4,2,4,2,one_edit,1,64,61440,32000,27136,25984,27136,25984,27136,25984,64,0,0,64,0,0,64,0,0,64,0,0,64,0,0,64,0,0,64,0,0,64,0,0,64,0,0,0,0,0,0,0,0,0,0,0,0,0,0,0,0
90,150,4,4,4,2,one_edit,1,64,61440,32000,27136,26112,27136,26112,27136,26112,64,0,0,64,0,0,64,0,0,64,0,0,64,0,0,64,0,0,64,0,0,64,0,0,64,0,0,0,0,0,0,0,0,0,0,0,0,0,0,0,0
90,150,4,8,4,2,one_edit,1,64,61440,32000,27136,26368,27136,26368,27136,26368,64,0,0,64,0,0,64,0,0,64,0,0,64,0,0,64,0,0,64,0,0,64,0,0,64,0,0,0,0,0,0,0,0,0,0,0,0,0,0,0,0
90,150,4,0,4,2,far,1,176,168960,86656,72896,71200,72896,71200,72896,71200,176,0,0,122,54,0,120,56,0,176,0,0,122,54,0,120,56,0,176,0,0,122,54,0,120,56,0,0,0,0,0,0,0,0,0,0,0,0,0,0,0
90,150,4,2,4,2,far,1,176,168960,86656,72896,71552,72896,71552,72896,71552,176,0,0,122,0,54,120,0,56,176,0,0,122,0,54,120,0,56,176,0,0,122,0,54,120,0,56,0,0,0,0,0,0,0,0,0,0,0,0,0,0
90,150,4,4,4,2,far,1,176,168960,86656,72896,71904,72896,71904,72896,71904,176,0,0,122,0,54,104,16,56,176,0,0,122,0,54,104,16,56,176,0,0,122,0,54,104,16,56,0,0,0,0,0,0,0,0,0,0,0,0,0,0
90,150,4,8,4,2,far,1,176,168960,86656,72896,72608,72896,72608,72896,72608,176,0,0,122,0,54,104,0,72,176,0,0,122,0,54,104,0,72,176,0,0,122,0,54,104,0,72,0,0,0,0,0,0,0,0,0,0,0,0,0,0
90,150,4,0,4,4,unchanged,1,16,25600,10368,10368,10368,10368,10368,10368,10368,16,0,0,0,16,0,0,16,0,16,0,0,0,16,0,0,16,0,16,0,0,0,16,0,0,16,0,0,0,0,0,0,0,0,0,0,0,0,0,0,0
90,150,4,2,4,4,unchanged,1,16,25600,10368,10368,10400,10368,10400,10368,10400,16,0,0,0,0,16,0,0,16,16,0,0,0,0,16,0,0,16,16,0,0,0,0,16,0,0,16,0,0,0,0,0,0,0,0,0,0,0,0,0,0
90,150,4,4,4,4,unchanged,1,16,25600,10368,10368,10432,10368,10432,10368,10432,16,0,0,0,0,16,0,0,16,16,0,0,0,0,16,0,0,16,16,0,0,0,0,16,0,0,16,0,0,0,0,0,0,0,0,0,0,0,0,0,0
90,150,4,8,4,4,unchanged,1,16,25600,10368,10368,10496,10368,10496,10368,10496,16,0,0,0,0,16,0,0,16,16,0,0,0,0,16,0,0,16,16,0,0,0,0,16,0,0,16,0,0,0,0,0,0,0,0,0,0,0,0,0,0
90,150,4,0,4,4,one_edit,1,64,102400,55296,45568,43008,45568,43008,45568,43008,64,0,0,64,0,0,64,0,0,64,0,0,64,0,0,64,0,0,64,0,0,64,0,0,64,0,0,0,0,0,0,0,0,0,0,0,0,0,0,0,0
90,150,4,2,4,4,one_edit,1,64,102400,55296,45568,43136,45568,43136,45568,43136,64,0,0,64,0,0,64,0,0,64,0,0,64,0,0,64,0,0,64,0,0,64,0,0,64,0,0,0,0,0,0,0,0,0,0,0,0,0,0,0,0
90,150,4,4,4,4,one_edit,1,64,102400,55296,45568,43264,45568,43264,45568,43264,64,0,0,64,0,0,64,0,0,64,0,0,64,0,0,64,0,0,64,0,0,64,0,0,64,0,0,0,0,0,0,0,0,0,0,0,0,0,0,0,0
90,150,4,8,4,4,one_edit,1,64,102400,55296,45568,43520,45568,43520,45568,43520,64,0,0,64,0,0,64,0,0,64,0,0,64,0,0,64,0,0,64,0,0,64,0,0,64,0,0,0,0,0,0,0,0,0,0,0,0,0,0,0,0
90,150,4,0,4,4,far,1,176,281600,149376,121856,118464,121856,118464,121856,118464,176,0,0,122,54,0,120,56,0,176,0,0,122,54,0,120,56,0,176,0,0,122,54,0,120,56,0,0,0,0,0,0,0,0,0,0,0,0,0,0,0
90,150,4,2,4,4,far,1,176,281600,149376,121856,118816,121856,118816,121856,118816,176,0,0,122,0,54,120,0,56,176,0,0,122,0,54,120,0,56,176,0,0,122,0,54,120,0,56,0,0,0,0,0,0,0,0,0,0,0,0,0,0
90,150,4,4,4,4,far,1,176,281600,149376,121856,119168,121856,119168,121856,119168,176,0,0,122,0,54,120,0,56,176,0,0,122,0,54,120,0,56,176,0,0,122,0,54,120,0,56,0,0,0,0,0,0,0,0,0,0,0,0,0,0
90,150,4,8,4,4,far,1,176,281600,149376,121856,119872,121856,119872,121856,119872,176,0,0,122,0,54,104,16,56,176,0,0,122,0,54,104,16,56,176,0,0,122,0,54,104,16,56,0,0,0,0,0,0,0,0,0,0,0,0,0,0
90,150,4,0,16,1,unchanged,1,16,25600,10368,10368,10368,10368,10368,10368,10368,16,0,0,0,16,0,0,16,0,16,0,0,0,16,0,0,16,0,16,0,0,0,16,0,0,16,0,0,0,0,0,0,0,0,0,0,0,0,0,0,0
90,150,4,2,16,1,unchanged,1,16,25600,10368,10368,10400,10368,10400,10368,10400,16,0,0,0,0,16,0,0,16,16,0,0,0,0,16,0,0,16,16,0,0,0,0,16,0,0,16,0,0,0,0,0,0,0,0,0,0,0,0,0,0
90,150,4,4,16,1,unchanged,1,16,25600,10368,10368,10432,10368,10432,10368,10432,16,0,0,0,0,16,0,0,16,16,0,0,0,0,16,0,0,16,16,0,0,0,0,16,0,0,16,0,0,0,0,0,0,0,0,0,0,0,0,0,0
90,150,4,8,16,1,unchanged,1,16,25600,10368,10368,10496,10368,10496,10368,10496,16,0,0,0,0,16,0,0,16,16,0,0,0,0,16,0,0,16,16,0,0,0,0,16,0,0,16,0,0,0,0,0,0,0,0,0,0,0,0,0,0
90,150,4,0,16,1,one_edit,1,64,102400,55296,42496,41856,42496,41856,42496,41856,64,0,0,64,0,0,64,0,0,64,0,0,64,0,0,64,0,0,64,0,0,64,0,0,64,0,0,0,0,0,0,0,0,0,0,0,0,0,0,0,0
90,150,4,2,16,1,one_edit,1,64,102400,55296,42496,41984,42496,41984,42496,41984,64,0,0,64,0,0,64,0,0,64,0,0,64,0,0,64,0,0,64,0,0,64,0,0,64,0,0,0,0,0,0,0,0,0,0,0,0,0,0,0,0
90,150,4,4,16,1,one_edit,1,64,102400,55296,42496,42112,42496,42112,42496,42112,64,0,0,64,0,0,64,0,0,64,0,0,64,0,0,64,0,0,64,0,0,64,0,0,64,0,0,0,0,0,0,0,0,0,0,0,0,0,0,0,0
90,150,4,8,16,1,one_edit,1,64,102400,55296,42496,42368,42496,42368,42496,42368,64,0,0,64,0,0,64,0,0,64,0,0,64,0,0,64,0,0,64,0,0,64,0,0,64,0,0,0,0,0,0,0,0,0,0,0,0,0,0,0,0
90,150,4,0,16,1,far,1,176,281600,149376,116000,115152,116000,115152,116000,115152,176,0,0,122,54,0,120,56,0,176,0,0,122,54,0,120,56,0,176,0,0,122,54,0,120,56,0,0,0,0,0,0,0,0,0,0,0,0,0,0,0
90,150,4,2,16,1,far,1,176,281600,149376,116000,115504,116000,115504,116000,115504,176,0,0,122,0,54,104,16,56,176,0,0,122,0,54,104,16,56,176,0,0,122,0,54,104,16,56,0,0,0,0,0,0,0,0,0,0,0,0,0,0
90,150,4,4,16,1,far,1,176,281600,149376,116000,115856,116000,115856,116000,115856,176,0,0,122,0,54,104,0,72,176,0,0,122,0,54,104,0,72,176,0,0,122,0,54,104,0,72,0,0,0,0,0,0,0,0,0,0,0,0,0,0
90,150,4,8,16,1,far,1,176,281600,149376,116000,116560,116000,116560,116000,116560,176,0,0,122,0,54,48,0,128,176,0,0,122,0,54,48,0,128,176,0,0,122,0,54,48,0,128,0,0,0,0,0,0,0,0,0,0,0,0,0,0
90,150,4,0,16,2,unchanged,1,16,46080,18560,18560,18560,18560,18560,18560,18560,16,0,0,0,16,0,0,16,0,16,0,0,0,16,0,0,16,0,16,0,0,0,16,0,0,16,0,0,0,0,0,0,0,0,0,0,0,0,0,0,0
90,150,4,2,16,2,unchanged,1,16,46080,18560,18560,18592,18560,18592,18560,18592,16,0,0,0,0,16,0,0,16,16,0,0,0,0,16,0,0,16,16,0,0,0,0,16,0,0,16,0,0,0,0,0,0,0,0,0,0,0,0,0,0
90,150,4,4,16,2,unchanged,1,16,46080,18560,18560,18624,18560,18624,18560,18624,16,0,0,0,0,16,0,0,16,16,0,0,0,0,16,0,0,16,16,0,0,0,0,16,0,0,16,0,0,0,0,0,0,0,0,0,0,0,0,0,0
90,150,4,8,16,2,unchanged,1,16,46080,18560,18560,18688,18560,18688,18560,18688,16,0,0,0,0,16,0,0,16,16,0,0,0,0,16,0,0,16,16,0,0,0,0,16,0,0,16,0,0,0,0,0,0,0,0,0,0,0,0,0,0
90,150,4,0,16,2,one_edit,1,64,184320,101888,76288,75008,76288,75008,76288,75008,64,0,0,64,0,0,64,0,0,64,0,0,64,0,0,64,0,0,64,0,0,64,0,0,64,0,0,0,0,0,0,0,0,0,0,0,0,0,0,0,0
90,150,4,2,16,2,one_edit,1,64,184320,101888,76288,75136,76288,75136,76288,75136,64,0,0,64,0,0,64,0,0,64,0,0,64,0,0,64,0,0,64,0,0,64,0,0,64,0,0,0,0,0,0,0,0,0,0,0,0,0,0,0,0
90,150,4,4,16,2,one_edit,1,64,184320,101888,76288,75264,76288,75264,76288,75264,64,0,0,64,0,0,64,0,0,64,0,0,64,0,0,64,0,0,64,0,0,64,0,0,64,0,0,0,0,0,0,0,0,0,0,0,0,0,0,0,0
90,150,4,8,16,2,one_edit,1,64,184320,101888,76288,75520,76288,75520,76288,75520,64,0,0,64,0,0,64,0,0,64,0,0,64,0,0,64,0,0,64,0,0,64,0,0,64,0,0,0,0,0,0,0,0,0,0,0,0,0,0,0,0
90,150,4,0,16,2,far,1,176,506880,274816,208064,206368,208064,206368,208064,206368,176,0,0,122,54,0,120,56,0,176,0,0,122,54,0,120,56,0,176,0,0,122,54,0,120,56,0,0,0,0,0,0,0,0,0,0,0,0,0,0,0
90,150,4,2,16,2,far,1,176,506880,274816,208064,206720,208064,206720,208064,206720,176,0,0,122,0,54,120,0,56,176,0,0,122,0,54,120,0,56,176,0,0,122,0,54,120,0,56,0,0,0,0,0,0,0,0,0,0,0,0,0,0
90,150,4,4,16,2,far,1,176,506880,274816,208064,207072,208064,207072,208064,207072,176,0,0,122,0,54,104,16,56,176,0,0,122,0,54,104,16,56,176,0,0,122,0,54,104,16,56,0,0,0,0,0,0,0,0,0,0,0,0,0,0
90,150,4,8,16,2,far,1,176,506880,274816,208064,207776,208064,207776,208064,207776,176,0,0,122,0,54,104,0,72,176,0,0,122,0,54,104,0,72,176,0,0,122,0,54,104,0,72,0,0,0,0,0,0,0,0,0,0,0,0,0,0
90,150,4,0,16,4,unchanged,1,16,87040,34944,34944,34944,34944,34944,34944,34944,16,0,0,0,16,0,0,16,0,16,0,0,0,16,0,0,16,0,16,0,0,0,16,0,0,16,0,0,0,0,0,0,0,0,0,0,0,0,0,0,0
90,150,4,2,16,4,unchanged,1,16,87040,34944,34944,34976,34944,34976,34944,34976,16,0,0,0,0,16,0,0,16,16,0,0,0,0,16,0,0,16,16,0,0,0,0,16,0,0,16,0,0,0,0,0,0,0,0,0,0,0,0,0,0
90,150,4,4,16,4,unchanged,1,16,87040,34944,34944,35008,34944,35008,34944,35008,16,0,0,0,0,16,0,0,16,16,0,0,0,0,16,0,0,16,16,0,0,0,0,16,0,0,16,0,0,0,0,0,0,0,0,0,0,0,0,0,0
90,150,4,8,16,4,unchanged,1,16,87040,34944,34944,35072,34944,35072,34944,35072,16,0,0,0,0,16,0,0,16,16,0,0,0,0,16,0,0,16,16,0,0,0,0,16,0,0,16,0,0,0,0,0,0,0,0,0,0,0,0,0,0
90,150,4,0,16,4,one_edit,1,64,348160,195072,143872,141312,143872,141312,143872,141312,64,0,0,64,0,0,64,0,0,64,0,0,64,0,0,64,0,0,64,0,0,64,0,0,64,0,0,0,0,0,0,0,0,0,0,0,0,0,0,0,0
90,150,4,2,16,4,one_edit,1,64,348160,195072,143872,141440,143872,141440,143872,141440,64,0,0,64,0,0,64,0,0,64,0,0,64,0,0,64,0,0,64,0,0,64,0,0,64,0,0,0,0,0,0,0,0,0,0,0,0,0,0,0,0
90,150,4,4,16,4,one_edit,1,64,348160,195072,143872,141568,143872,141568,143872,141568,64,0,0,64,0,0,64,0,0,64,0,0,64,0,0,64,0,0,64,0,0,64,0,0,64,0,0,0,0,0,0,0,0,0,0,0,0,0,0,0,0
90,150,4,8,16,4,one_edit,1,64,348160,195072,143872,141824,143872,141824,143872,141824,64,0,0,64,0,0,64,0,0,64,0,0,64,0,0,64,0,0,64,0,0,64,0,0,64,0,0,0,0,0,0,0,0,0,0,0,0,0,0,0,0
90,150,4,0,16,4,far,1,176,957440,525696,392192,388800,392192,388800,392192,388800,176,0,0,122,54,0,120,56,0,176,0,0,122,54,0,120,56,0,176,0,0,122,54,0,120,56,0,0,0,0,0,0,0,0,0,0,0,0,0,0,0
90,150,4,2,16,4,far,1,176,957440,525696,392192,389152,392192,389152,392192,389152,176,0,0,122,0,54,120,0,56,176,0,0,122,0,54,120,0,56,176,0,0,122,0,54,120,0,56,0,0,0,0,0,0,0,0,0,0,0,0,0,0
90,150,4,4,16,4,far,1,176,957440,525696,392192,389504,392192,389504,392192,389504,176,0,0,122,0,54,120,0,56,176,0,0,122,0,54,120,0,56,176,0,0,122,0,54,120,0,56,0,0,0,0,0,0,0,0,0,0,0,0,0,0
90,150,4,8,16,4,far,1,176,957440,525696,392192,390208,392192,390208,392192,390208,176,0,0,122,0,54,104,16,56,176,0,0,122,0,54,104,16,56,176,0,0,122,0,54,104,16,56,0,0,0,0,0,0,0,0,0,0,0,0,0,0
110,184,0,0,1,1,unchanged,0,16,1280,1408,1408,1408,1408,1408,1408,1408,0,0,16,0,16,0,0,16,0,0,0,16,0,16,0,0,16,0,0,0,16,0,16,0,0,16,0,0,0,0,0,0,0,0,0,0,0,0,0,0,0
110,184,0,2,1,1,unchanged,0,16,1280,1408,1408,1440,1408,1440,1408,1440,0,0,16,0,0,16,0,0,16,0,0,16,0,0,16,0,0,16,0,0,16,0,0,16,0,0,16,0,0,0,0,0,0,0,0,0,0,0,0,0,0
110,184,0,4,1,1,unchanged,0,16,1280,1408,1408,1472,1408,1472,1408,1472,0,0,16,0,0,16,0,0,16,0,0,16,0,0,16,0,0,16,0,0,16,0,0,16,0,0,16,0,0,0,0,0,0,0,0,0,0,0,0,0,0
110,184,0,8,1,1,unchanged,0,16,1280,1408,1408,1536,1408,1536,1408,1536,0,0,16,0,0,16,0,0,16,0,0,16,0,0,16,0,0,16,0,0,16,0,0,16,0,0,16,0,0,0,0,0,0,0,0,0,0,0,0,0,0
110,184,0,0,1,1,one_edit,0,64,5120,5632,5632,5632,5632,5632,5632,5632,0,0,64,0,64,0,0,64,0,0,0,64,0,64,0,0,64,0,0,0,64,0,64,0,0,64,0,0,0,0,0,0,0,0,0,0,0,0,0,0,0
110,184,0,2,1,1,one_edit,0,64,5120,5632,5632,5760,5632,5760,5632,5760,0,0,64,0,0,64,0,0,64,0,0,64,0,0,64,0,0,64,0,0,64,0,0,64,0,0,64,0,0,0,0,0,0,0,0,0,0,0,0,0,0
110,184,0,4,1,1,one_edit,0,64,5120,5632,5632,5888,5632,5888,5632,5888,0,0,64,0,0,64,0,0,64,0,0,64,0,0,64,0,0,64,0,0,64,0,0,64,0,0,64,0,0,0,0,0,0,0,0,0,0,0,0,0,0
110,184,0,8,1,1,one_edit,0,64,5120,5632,5632,6144,5632,6144,5632,6144,0,0,64,0,0,64,0,0,64,0,0,64,0,0,64,0,0,64,0,0,64,0,0,64,0,0,64,0,0,0,0,0,0,0,0,0,0,0,0,0,0
110,184,0,0,1,1,far,0,176,14080,15488,15488,15488,15488,15488,15488,15488,0,0,176,0,176,0,0,176,0,0,0,176,0,176,0,0,176,0,0,0,176,0,176,0,0,176,0,0,0,0,0,0,0,0,0,0,0,0,0,0,0
110,184,0,2,1,1,far,0,176,14080,15488,15488,15840,15488,15840,15488,15840,0,0,176,0,0,176,0,0,176,0,0,176,0,0,176,0,0,176,0,0,176,0,0,176,0,0,176,0,0,0,0,0,0,0,0,0,0,0,0,0,0
110,184,0,4,1,1,far,0,176,14080,15488,15488,16192,15488,16192,15488,16192,0,0,176,0,0,176,0,0,176,0,0,176,0,0,176,0,0,176,0,0,176,0,0,176,0,0,176,0,0,0,0,0,0,0,0,0,0,0,0,0,0
110,184,0,8,1,1,far,0,176,14080,15488,15488,16896,15488,16896,15488,16896,0,0,176,0,0,176,0,0,176,0,0,176,0,0,176,0,0,176,0,0,176,0,0,176,0,0,176,0,0,0,0,0,0,0,0,0,0,0,0,0,0
110,184,0,0,1,2,unchanged,0,16,1536,1664,1664,1664,1664,1664,1664,1664,0,0,16,0,16,0,0,16,0,0,0,16,0,16,0,0,16,0,0,0,16,0,16,0,0,16,0,0,0,0,0,0,0,0,0,0,0,0,0,0,0
110,184,0,2,1,2,unchanged,0,16,1536,1664,1664,1696,1664,1696,1664,1696,0,0,16,0,0,16,0,0,16,0,0,16,0,0,16,0,0,16,0,0,16,0,0,16,0,0,16,0,0,0,0,0,0,0,0,0,0,0,0,0,0
110,184,0,4,1,2,unchanged,0,16,1536,1664,1664,1728,1664,1728,1664,1728,0,0,16,0,0,16,0,0,16,0,0,16,0,0,16,0,0,16,0,0,16,0,0,16,0,0,16,0,0,0,0,0,0,0,0,0,0,0,0,0,0
110,184,0,8,1,2,unchanged,0,16,1536,1664,1664,1792,1664,1792,1664,1792,0,0,16,0,0,16,0,0,16,0,0,16,0,0,16,0,0,16,0,0,16,0,0,16,0,0,16,0,0,0,0,0,0,0,0,0,0,0,0,0,0
110,184,0,0,1,2,one_edit,0,64,6144,6656,6656,6656,6656,6656,6656,6656,0,0,64,0,64,0,0,64,0,0,0,64,0,64,0,0,64,0,0,0,64,0,64,0,0,64,0,0,0,0,0,0,0,0,0,0,0,0,0,0,0
110,184,0,2,1,2,one_edit,0,64,6144,6656,6656,6784,6656,6784,6656,6784,0,0,64,0,0,64,0,0,64,0,0,64,0,0,64,0,0,64,0,0,64,0,0,64,0,0,64,0,0,0,0,0,0,0,0,0,0,0,0,0,0
110,184,0,4,1,2,one_edit,0,64,6144,6656,6656,6912,6656,6912,6656,6912,0,0,64,0,0,64,0,0,64,0,0,64,0,0,64,0,0,64,0,0,64,0,0,64,0,0,64,0,0,0,0,0,0,0,0,0,0,0,0,0,0
110,184,0,8,1,2,one_edit,0,64,6144,6656,6656,7168,6656,7168,6656,7168,0,0,64,0,0,64,0,0,64,0,0,64,0,0,64,0,0,64,0,0,64,0,0,64,0,0,64,0,0,0,0,0,0,0,0,0,0,0,0,0,0
110,184,0,0,1,2,far,0,176,16896,18304,18304,18304,18304,18304,18304,18304,0,0,176,0,176,0,0,176,0,0,0,176,0,176,0,0,176,0,0,0,176,0,176,0,0,176,0,0,0,0,0,0,0,0,0,0,0,0,0,0,0
110,184,0,2,1,2,far,0,176,16896,18304,18304,18656,18304,18656,18304,18656,0,0,176,0,0,176,0,0,176,0,0,176,0,0,176,0,0,176,0,0,176,0,0,176,0,0,176,0,0,0,0,0,0,0,0,0,0,0,0,0,0
110,184,0,4,1,2,far,0,176,16896,18304,18304,19008,18304,19008,18304,19008,0,0,176,0,0,176,0,0,176,0,0,176,0,0,176,0,0,176,0,0,176,0,0,176,0,0,176,0,0,0,0,0,0,0,0,0,0,0,0,0,0
110,184,0,8,1,2,far,0,176,16896,18304,18304,19712,18304,19712,18304,19712,0,0,176,0,0,176,0,0,176,0,0,176,0,0,176,0,0,176,0,0,176,0,0,176,0,0,176,0,0,0,0,0,0,0,0,0,0,0,0,0,0
110,184,0,0,1,4,unchanged,0,16,2048,2176,2176,2176,2176,2176,2176,2176,0,0,16,0,16,0,0,16,0,0,0,16,0,16,0,0,16,0,0,0,16,0,16,0,0,16,0,0,0,0,0,0,0,0,0,0,0,0,0,0,0
110,184,0,2,1,4,unchanged,0,16,2048,2176,2176,2208,2176,2208,2176,2208,0,0,16,0,0,16,0,0,16,0,0,16,0,0,16,0,0,16,0,0,16,0,0,16,0,0,16,0,0,0,0,0,0,0,0,0,0,0,0,0,0
110,184,0,4,1,4,unchanged,0,16,2048,2176,2176,2240,2176,2240,2176,2240,0,0,16,0,0,16,0,0,16,0,0,16,0,0,16,0,0,16,0,0,16,0,0,16,0,0,16,0,0,0,0,0,0,0,0,0,0,0,0,0,0
110,184,0,8,1,4,unchanged,0,16,2048,2176,2176,2304,2176,2304,2176,2304,0,0,16,0,0,16,0,0,16,0,0,16,0,0,16,0,0,16,0,0,16,0,0,16,0,0,16,0,0,0,0,0,0,0,0,0,0,0,0,0,0
110,184,0,0,1,4,one_edit,0,64,8192,8704,8704,8704,8704,8704,8704,8704,0,0,64,0,64,0,0,64,0,0,0,64,0,64,0,0,64,0,0,0,64,0,64,0,0,64,0,0,0,0,0,0,0,0,0,0,0,0,0,0,0
110,184,0,2,1,4,one_edit,0,64,8192,8704,8704,8832,8704,8832,8704,8832,0,0,64,0,0,64,0,0,64,0,0,64,0,0,64,0,0,64,0,0,64,0,0,64,0,0,64,0,0,0,0,0,0,0,0,0,0,0,0,0,0
110,184,0,4,1,4,one_edit,0,64,8192,8704,8704,8960,8704,8960,8704,8960,0,0,64,0,0,64,0,0,64,0,0,64,0,0,64,0,0,64,0,0,64,0,0,64,0,0,64,0,0,0,0,0,0,0,0,0,0,0,0,0,0
110,184,0,8,1,4,one_edit,0,64,8192,8704,8704,9216,8704,9216,8704,9216,0,0,64,0,0,64,0,0,64,0,0,64,0,0,64,0,0,64,0,0,64,0,0,64,0,0,64,0,0,0,0,0,0,0,0,0,0,0,0,0,0
110,184,0,0,1,4,far,0,176,22528,23936,23936,23936,23936,23936,23936,23936,0,0,176,0,176,0,0,176,0,0,0,176,0,176,0,0,176,0,0,0,176,0,176,0,0,176,0,0,0,0,0,0,0,0,0,0,0,0,0,0,0
110,184,0,2,1,4,far,0,176,22528,23936,23936,24288,23936,24288,23936,24288,0,0,176,0,0,176,0,0,176,0,0,176,0,0,176,0,0,176,0,0,176,0,0,176,0,0,176,0,0,0,0,0,0,0,0,0,0,0,0,0,0
110,184,0,4,1,4,far,0,176,22528,23936,23936,24640,23936,24640,23936,24640,0,0,176,0,0,176,0,0,176,0,0,176,0,0,176,0,0,176,0,0,176,0,0,176,0,0,176,0,0,0,0,0,0,0,0,0,0,0,0,0,0
110,184,0,8,1,4,far,0,176,22528,23936,23936,25344,23936,25344,23936,25344,0,0,176,0,0,176,0,0,176,0,0,176,0,0,176,0,0,176,0,0,176,0,0,176,0,0,176,0,0,0,0,0,0,0,0,0,0,0,0,0,0
110,184,0,0,4,1,unchanged,0,16,2048,2176,2176,2176,2176,2176,2176,2176,0,0,16,0,16,0,0,16,0,0,0,16,0,16,0,0,16,0,0,0,16,0,16,0,0,16,0,0,0,0,0,0,0,0,0,0,0,0,0,0,0
110,184,0,2,4,1,unchanged,0,16,2048,2176,2176,2208,2176,2208,2176,2208,0,0,16,0,0,16,0,0,16,0,0,16,0,0,16,0,0,16,0,0,16,0,0,16,0,0,16,0,0,0,0,0,0,0,0,0,0,0,0,0,0
110,184,0,4,4,1,unchanged,0,16,2048,2176,2176,2240,2176,2240,2176,2240,0,0,16,0,0,16,0,0,16,0,0,16,0,0,16,0,0,16,0,0,16,0,0,16,0,0,16,0,0,0,0,0,0,0,0,0,0,0,0,0,0
110,184,0,8,4,1,unchanged,0,16,2048,2176,2176,2304,2176,2304,2176,2304,0,0,16,0,0,16,0,0,16,0,0,16,0,0,16,0,0,16,0,0,16,0,0,16,0,0,16,0,0,0,0,0,0,0,0,0,0,0,0,0,0
110,184,0,0,4,1,one_edit,0,64,8192,8704,8704,8704,8704,8704,8704,8704,0,0,64,0,64,0,0,64,0,0,0,64,0,64,0,0,64,0,0,0,64,0,64,0,0,64,0,0,0,0,0,0,0,0,0,0,0,0,0,0,0
110,184,0,2,4,1,one_edit,0,64,8192,8704,8704,8832,8704,8832,8704,8832,0,0,64,0,0,64,0,0,64,0,0,64,0,0,64,0,0,64,0,0,64,0,0,64,0,0,64,0,0,0,0,0,0,0,0,0,0,0,0,0,0
110,184,0,4,4,1,one_edit,0,64,8192,8704,8704,8960,8704,8960,8704,8960,0,0,64,0,0,64,0,0,64,0,0,64,0,0,64,0,0,64,0,0,64,0,0,64,0,0,64,0,0,0,0,0,0,0,0,0,0,0,0,0,0
110,184,0,8,4,1,one_edit,0,64,8192,8704,8704,9216,8704,9216,8704,9216,0,0,64,0,0,64,0,0,64,0,0,64,0,0,64,0,0,64,0,0,64,0,0,64,0,0,64,0,0,0,0,0,0,0,0,0,0,0,0,0,0
110,184,0,0,4,1,far,0,176,22528,23936,23936,23936,23936,23936,23936,23936,0,0,176,0,176,0,0,176,0,0,0,176,0,176,0,0,176,0,0,0,176,0,176,0,0,176,0,0,0,0,0,0,0,0,0,0,0,0,0,0,0
110,184,0,2,4,1,far,0,176,22528,23936,23936,24288,23936,24288,23936,24288,0,0,176,0,0,176,0,0,176,0,0,176,0,0,176,0,0,176,0,0,176,0,0,176,0,0,176,0,0,0,0,0,0,0,0,0,0,0,0,0,0
110,184,0,4,4,1,far,0,176,22528,23936,23936,24640,23936,24640,23936,24640,0,0,176,0,0,176,0,0,176,0,0,176,0,0,176,0,0,176,0,0,176,0,0,176,0,0,176,0,0,0,0,0,0,0,0,0,0,0,0,0,0
110,184,0,8,4,1,far,0,176,22528,23936,23936,25344,23936,25344,23936,25344,0,0,176,0,0,176,0,0,176,0,0,176,0,0,176,0,0,176,0,0,176,0,0,176,0,0,176,0,0,0,0,0,0,0,0,0,0,0,0,0,0
110,184,0,0,4,2,unchanged,0,16,3072,3200,3200,3200,3200,3200,3200,3200,0,0,16,0,16,0,0,16,0,0,0,16,0,16,0,0,16,0,0,0,16,0,16,0,0,16,0,0,0,0,0,0,0,0,0,0,0,0,0,0,0
110,184,0,2,4,2,unchanged,0,16,3072,3200,3200,3232,3200,3232,3200,3232,0,0,16,0,0,16,0,0,16,0,0,16,0,0,16,0,0,16,0,0,16,0,0,16,0,0,16,0,0,0,0,0,0,0,0,0,0,0,0,0,0
110,184,0,4,4,2,unchanged,0,16,3072,3200,3200,3264,3200,3264,3200,3264,0,0,16,0,0,16,0,0,16,0,0,16,0,0,16,0,0,16,0,0,16,0,0,16,0,0,16,0,0,0,0,0,0,0,0,0,0,0,0,0,0
110,184,0,8,4,2,unchanged,0,16,3072,3200,3200,3328,3200,3328,3200,3328,0,0,16,0,0,16,0,0,16,0,0,16,0,0,16,0,0,16,0,0,16,0,0,16,0,0,16,0,0,0,0,0,0,0,0,0,0,0,0,0,0
110,184,0,0,4,2,one_edit,0,64,12288,12800,12800,12800,12800,12800,12800,12800,0,0,64,0,64,0,0,64,0,0,0,64,0,64,0,0,64,0,0,0,64,0,64,0,0,64,0,0,0,0,0,0,0,0,0,0,0,0,0,0,0
110,184,0,2,4,2,one_edit,0,64,12288,12800,12800,12928,12800,12928,12800,12928,0,0,64,0,0,64,0,0,64,0,0,64,0,0,64,0,0,64,0,0,64,0,0,64,0,0,64,0,0,0,0,0,0,0,0,0,0,0,0,0,0
110,184,0,4,4,2,one_edit,0,64,12288,12800,12800,13056,12800,13056,12800,13056,0,0,64,0,0,64,0,0,64,0,0,64,0,0,64,0,0,64,0,0,64,0,0,64,0,0,64,0,0,0,0,0,0,0,0,0,0,0,0,0,0
110,184,0,8,4,2,one_edit,0,64,12288,12800,12800,13312,12800,13312,12800,13312,0,0,64,0,0,64,0,0,64,0,0,64,0,0,64,0,0,64,0,0,64,0,0,64,0,0,64,0,0,0,0,0,0,0,0,0,0,0,0,0,0
110,184,0,0,4,2,far,0,176,33792,35200,35200,35200,35200,35200,35200,35200,0,0,176,0,176,0,0,176,0,0,0,176,0,176,0,0,176,0,0,0,176,0,176,0,0,176,0,0,0,0,0,0,0,0,0,0,0,0,0,0,0
110,184,0,2,4,2,far,0,176,33792,35200,35200,35552,35200,35552,35200,35552,0,0,176,0,0,176,0,0,176,0,0,176,0,0,176,0,0,176,0,0,176,0,0,176,0,0,176,0,0,0,0,0,0,0,0,0,0,0,0,0,0
110,184,0,4,4,2,far,0,176,33792,35200,35200,35904,35200,35904,35200,35904,0,0,176,0,0,176,0,0,176,0,0,176,0,0,176,0,0,176,0,0,176,0,0,176,0,0,176,0,0,0,0,0,0,0,0,0,0,0,0,0,0
110,184,0,8,4,2,far,0,176,33792,35200,35200,36608,35200,36608,35200,36608,0,0,176,0,0,176,0,0,176,0,0,176,0,0,176,0,0,176,0,0,176,0,0,176,0,0,176,0,0,0,0,0,0,0,0,0,0,0,0,0,0
110,184,0,0,4,4,unchanged,0,16,5120,5248,5248,5248,5248,5248,5248,5248,0,0,16,0,16,0,0,16,0,0,0,16,0,16,0,0,16,0,0,0,16,0,16,0,0,16,0,0,0,0,0,0,0,0,0,0,0,0,0,0,0
110,184,0,2,4,4,unchanged,0,16,5120,5248,5248,5280,5248,5280,5248,5280,0,0,16,0,0,16,0,0,16,0,0,16,0,0,16,0,0,16,0,0,16,0,0,16,0,0,16,0,0,0,0,0,0,0,0,0,0,0,0,0,0
110,184,0,4,4,4,unchanged,0,16,5120,5248,5248,5312,5248,5312,5248,5312,0,0,16,0,0,16,0,0,16,0,0,16,0,0,16,0,0,16,0,0,16,0,0,16,0,0,16,0,0,0,0,0,0,0,0,0,0,0,0,0,0
110,184,0,8,4,4,unchanged,0,16,5120,5248,5248,5376,5248,5376,5248,5376,0,0,16,0,0,16,0,0,16,0,0,16,0,0,16,0,0,16,0,0,16,0,0,16,0,0,16,0,0,0,0,0,0,0,0,0,0,0,0,0,0
110,184,0,0,4,4,one_edit,0,64,20480,20992,20992,20992,20992,20992,20992,20992,0,0,64,0,64,0,0,64,0,0,0,64,0,64,0,0,64,0,0,0,64,0,64,0,0,64,0,0,0,0,0,0,0,0,0,0,0,0,0,0,0
110,184,0,2,4,4,one_edit,0,64,20480,20992,20992,21120,20992,21120,20992,21120,0,0,64,0,0,64,0,0,64,0,0,64,0,0,64,0,0,64,0,0,64,0,0,64,0,0,64,0,0,0,0,0,0,0,0,0,0,0,0,0,0
110,184,0,4,4,4,one_edit,0,64,20480,20992,20992,21248,20992,21248,20992,21248,0,0,64,0,0,64,0,0,64,0,0,64,0,0,64,0,0,64,0,0,64,0,0,64,0,0,64,0,0,0,0,0,0,0,0,0,0,0,0,0,0
110,184,0,8,4,4,one_edit,0,64,20480,20992,20992,21504,20992,21504,20992,21504,0,0,64,0,0,64,0,0,64,0,0,64,0,0,64,0,0,64,0,0,64,0,0,64,0,0,64,0,0,0,0,0,0,0,0,0,0,0,0,0,0
110,184,0,0,4,4,far,0,176,56320,57728,57728,57728,57728,57728,57728,57728,0,0,176,0,176,0,0,176,0,0,0,176,0,176,0,0,176,0,0,0,176,0,176,0,0,176,0,0,0,0,0,0,0,0,0,0,0,0,0,0,0
110,184,0,2,4,4,far,0,176,56320,57728,57728,58080,57728,58080,57728,58080,0,0,176,0,0,176,0,0,176,0,0,176,0,0,176,0,0,176,0,0,176,0,0,176,0,0,176,0,0,0,0,0,0,0,0,0,0,0,0,0,0
110,184,0,4,4,4,far,0,176,56320,57728,57728,58432,57728,58432,57728,58432,0,0,176,0,0,176,0,0,176,0,0,176,0,0,176,0,0,176,0,0,176,0,0,176,0,0,176,0,0,0,0,0,0,0,0,0,0,0,0,0,0
110,184,0,8,4,4,far,0,176,56320,57728,57728,59136,57728,59136,57728,59136,0,0,176,0,0,176,0,0,176,0,0,176,0,0,176,0,0,176,0,0,176,0,0,176,0,0,176,0,0,0,0,0,0,0,0,0,0,0,0,0,0
110,184,0,0,16,1,unchanged,0,16,5120,5248,5248,5248,5248,5248,5248,5248,0,0,16,0,16,0,0,16,0,0,0,16,0,16,0,0,16,0,0,0,16,0,16,0,0,16,0,0,0,0,0,0,0,0,0,0,0,0,0,0,0
110,184,0,2,16,1,unchanged,0,16,5120,5248,5248,5280,5248,5280,5248,5280,0,0,16,0,0,16,0,0,16,0,0,16,0,0,16,0,0,16,0,0,16,0,0,16,0,0,16,0,0,0,0,0,0,0,0,0,0,0,0,0,0
110,184,0,4,16,1,unchanged,0,16,5120,5248,5248,5312,5248,5312,5248,5312,0,0,16,0,0,16,0,0,16,0,0,16,0,0,16,0,0,16,0,0,16,0,0,16,0,0,16,0,0,0,0,0,0,0,0,0,0,0,0,0,0
110,184,0,8,16,1,unchanged,0,16,5120,5248,5248,5376,5248,5376,5248,5376,0,0,16,0,0,16,0,0,16,0,0,16,0,0,16,0,0,16,0,0,16,0,0,16,0,0,16,0,0,0,0,0,0,0,0,0,0,0,0,0,0
110,184,0,0,16,1,one_edit,0,64,20480,20992,20992,20992,20992,20992,20992,20992,0,0,64,0,64,0,0,64,0,0,0,64,0,64,0,0,64,0,0,0,64,0,64,0,0,64,0,0,0,0,0,0,0,0,0,0,0,0,0,0,0
110,184,0,2,16,1,one_edit,0,64,20480,20992,20992,21120,20992,21120,20992,21120,0,0,64,0,0,64,0,0,64,0,0,64,0,0,64,0,0,64,0,0,64,0,0,64,0,0,64,0,0,0,0,0,0,0,0,0,0,0,0,0,0
110,184,0,4,16,1,one_edit,0,64,20480,20992,20992,21248,20992,21248,20992,21248,0,0,64,0,0,64,0,0,64,0,0,64,0,0,64,0,0,64,0,0,64,0,0,64,0,0,64,0,0,0,0,0,0,0,0,0,0,0,0,0,0
110,184,0,8,16,1,one_edit,0,64,20480,20992,20992,21504,20992,21504,20992,21504,0,0,64,0,0,64,0,0,64,0,0,64,0,0,64,0,0,64,0,0,64,0,0,64,0,0,64,0,0,0,0,0,0,0,0,0,0,0,0,0,0
110,184,0,0,16,1,far,0,176,56320,57728,57728,57728,57728,57728,57728,57728,0,0,176,0,176,0,0,176,0,0,0,176,0,176,0,0,176,0,0,0,176,0,176,0,0,176,0,0,0,0,0,0,0,0,0,0,0,0,0,0,0
110,184,0,2,16,1,far,0,176,56320,57728,57728,58080,57728,58080,57728,58080,0,0,176,0,0,176,0,0,176,0,0,176,0,0,176,0,0,176,0,0,176,0,0,176,0,0,176,0,0,0,0,0,0,0,0,0,0,0,0,0,0
110,184,0,4,16,1,far,0,176,56320,57728,57728,58432,57728,58432,57728,58432,0,0,176,0,0,176,0,0,176,0,0,176,0,0,176,0,0,176,0,0,176,0,0,176,0,0,176,0,0,0,0,0,0,0,0,0,0,0,0,0,0
110,184,0,8,16,1,far,0,176,56320,57728,57728,59136,57728,59136,57728,59136,0,0,176,0,0,176,0,0,176,0,0,176,0,0,176,0,0,176,0,0,176,0,0,176,0,0,176,0,0,0,0,0,0,0,0,0,0,0,0,0,0
110,184,0,0,16,2,unchanged,0,16,9216,9344,9344,9344,9344,9344,9344,9344,0,0,16,0,16,0,0,16,0,0,0,16,0,16,0,0,16,0,0,0,16,0,16,0,0,16,0,0,0,0,0,0,0,0,0,0,0,0,0,0,0
110,184,0,2,16,2,unchanged,0,16,9216,9344,9344,9376,9344,9376,9344,9376,0,0,16,0,0,16,0,0,16,0,0,16,0,0,16,0,0,16,0,0,16,0,0,16,0,0,16,0,0,0,0,0,0,0,0,0,0,0,0,0,0
110,184,0,4,16,2,unchanged,0,16,9216,9344,9344,9408,9344,9408,9344,9408,0,0,16,0,0,16,0,0,16,0,0,16,0,0,16,0,0,16,0,0,16,0,0,16,0,0,16,0,0,0,0,0,0,0,0,0,0,0,0,0,0
110,184,0,8,16,2,unchanged,0,16,9216,9344,9344,9472,9344,9472,9344,9472,0,0,16,0,0,16,0,0,16,0,0,16,0,0,16,0,0,16,0,0,16,0,0,16,0,0,16,0,0,0,0,0,0,0,0,0,0,0,0,0,0
110,184,0,0,16,2,one_edit,0,64,36864,37376,37376,37376,37376,37376,37376,37376,0,0,64,0,64,0,0,64,0,0,0,64,0,64,0,0,64,0,0,0,64,0,64,0,0,64,0,0,0,0,0,0,0,0,0,0,0,0,0,0,0
110,184,0,2,16,2,one_edit,0,64,36864,37376,37376,37504,37376,37504,37376,37504,0,0,64,0,0,64,0,0,64,0,0,64,0,0,64,0,0,64,0,0,64,0,0,64,0,0,64,0,0,0,0,0,0,0,0,0,0,0,0,0,0
110,184,0,4,16,2,one_edit,0,64,36864,37376,37376,37632,37376,37632,37376,37632,0,0,64,0,0,64,0,0,64,0,0,64,0,0,64,0,0,64,0,0,64,0,0,64,0,0,64,0,0,0,0,0,0,0,0,0,0,0,0,0,0
110,184,0,8,16,2,one_edit,0,64,36864,37376,37376,37888,37376,37888,37376,37888,0,0,64,0,0,64,0,0,64,0,0,64,0,0,64,0,0,64,0,0,64,0,0,64,0,0,64,0,0,0,0,0,0,0,0,0,0,0,0,0,0
110,184,0,0,16,2,far,0,176,101376,102784,102784,102784,102784,102784,102784,102784,0,0,176,0,176,0,0,176,0,0,0,176,0,176,0,0,176,0,0,0,176,0,176,0,0,176,0,0,0,0,0,0,0,0,0,0,0,0,0,0,0
110,184,0,2,16,2,far,0,176,101376,102784,102784,103136,102784,103136,102784,103136,0,0,176,0,0,176,0,0,176,0,0,176,0,0,176,0,0,176,0,0,176,0,0,176,0,0,176,0,0,0,0,0,0,0,0,0,0,0,0,0,0
110,184,0,4,16,2,far,0,176,101376,102784,102784,103488,102784,103488,102784,103488,0,0,176,0,0,176,0,0,176,0,0,176,0,0,176,0,0,176,0,0,176,0,0,176,0,0,176,0,0,0,0,0,0,0,0,0,0,0,0,0,0
110,184,0,8,16,2,far,0,176,101376,102784,102784,104192,102784,104192,102784,104192,0,0,176,0,0,176,0,0,176,0,0,176,0,0,176,0,0,176,0,0,176,0,0,176,0,0,176,0,0,0,0,0,0,0,0,0,0,0,0,0,0
110,184,0,0,16,4,unchanged,0,16,17408,17536,17536,17536,17536,17536,17536,17536,0,0,16,0,16,0,0,16,0,0,0,16,0,16,0,0,16,0,0,0,16,0,16,0,0,16,0,0,0,0,0,0,0,0,0,0,0,0,0,0,0
110,184,0,2,16,4,unchanged,0,16,17408,17536,17536,17568,17536,17568,17536,17568,0,0,16,0,0,16,0,0,16,0,0,16,0,0,16,0,0,16,0,0,16,0,0,16,0,0,16,0,0,0,0,0,0,0,0,0,0,0,0,0,0
110,184,0,4,16,4,unchanged,0,16,17408,17536,17536,17600,17536,17600,17536,17600,0,0,16,0,0,16,0,0,16,0,0,16,0,0,16,0,0,16,0,0,16,0,0,16,0,0,16,0,0,0,0,0,0,0,0,0,0,0,0,0,0
110,184,0,8,16,4,unchanged,0,16,17408,17536,17536,17664,17536,17664,17536,17664,0,0,16,0,0,16,0,0,16,0,0,16,0,0,16,0,0,16,0,0,16,0,0,16,0,0,16,0,0,0,0,0,0,0,0,0,0,0,0,0,0
110,184,0,0,16,4,one_edit,0,64,69632,70144,70144,70144,70144,70144,70144,70144,0,0,64,0,64,0,0,64,0,0,0,64,0,64,0,0,64,0,0,0,64,0,64,0,0,64,0,0,0,0,0,0,0,0,0,0,0,0,0,0,0
110,184,0,2,16,4,one_edit,0,64,69632,70144,70144,70272,70144,70272,70144,70272,0,0,64,0,0,64,0,0,64,0,0,64,0,0,64,0,0,64,0,0,64,0,0,64,0,0,64,0,0,0,0,0,0,0,0,0,0,0,0,0,0
110,184,0,4,16,4,one_edit,0,64,69632,70144,70144,70400,70144,70400,70144,70400,0,0,64,0,0,64,0,0,64,0,0,64,0,0,64,0,0,64,0,0,64,0,0,64,0,0,64,0,0,0,0,0,0,0,0,0,0,0,0,0,0
110,184,0,8,16,4,one_edit,0,64,69632,70144,70144,70656,70144,70656,70144,70656,0,0,64,0,0,64,0,0,64,0,0,64,0,0,64,0,0,64,0,0,64,0,0,64,0,0,64,0,0,0,0,0,0,0,0,0,0,0,0,0,0
110,184,0,0,16,4,far,0,176,191488,192896,192896,192896,192896,192896,192896,192896,0,0,176,0,176,0,0,176,0,0,0,176,0,176,0,0,176,0,0,0,176,0,176,0,0,176,0,0,0,0,0,0,0,0,0,0,0,0,0,0,0
110,184,0,2,16,4,far,0,176,191488,192896,192896,193248,192896,193248,192896,193248,0,0,176,0,0,176,0,0,176,0,0,176,0,0,176,0,0,176,0,0,176,0,0,176,0,0,176,0,0,0,0,0,0,0,0,0,0,0,0,0,0
110,184,0,4,16,4,far,0,176,191488,192896,192896,193600,192896,193600,192896,193600,0,0,176,0,0,176,0,0,176,0,0,176,0,0,176,0,0,176,0,0,176,0,0,176,0,0,176,0,0,0,0,0,0,0,0,0,0,0,0,0,0
110,184,0,8,16,4,far,0,176,191488,192896,192896,194304,192896,194304,192896,194304,0,0,176,0,0,176,0,0,176,0,0,176,0,0,176,0,0,176,0,0,176,0,0,176,0,0,176,0,0,0,0,0,0,0,0,0,0,0,0,0,0
110,184,1,0,1,1,unchanged,1,16,2560,1728,1728,1728,1728,1728,1728,1728,16,0,0,0,16,0,0,16,0,16,0,0,0,16,0,0,16,0,16,0,0,0,16,0,0,16,0,0,0,0,0,0,0,0,0,0,0,0,0,0,0
110,184,1,2,1,1,unchanged,1,16,2560,1728,1728,1760,1728,1760,1728,1760,16,0,0,0,0,16,0,0,16,16,0,0,0,0,16,0,0,16,16,0,0,0,0,16,0,0,16,0,0,0,0,0,0,0,0,0,0,0,0,0,0
110,184,1,4,1,1,unchanged,1,16,2560,1728,1728,1792,1728,1792,1728,1792,16,0,0,0,0,16,0,0,16,16,0,0,0,0,16,0,0,16,16,0,0,0,0,16,0,0,16,0,0,0,0,0,0,0,0,0,0,0,0,0,0
110,184,1,8,1,1,unchanged,1,16,2560,1728,1728,1856,1728,1856,1728,1856,16,0,0,0,0,16,0,0,16,16,0,0,0,0,16,0,0,16,16,0,0,0,0,16,0,0,16,0,0,0,0,0,0,0,0,0,0,0,0,0,0
110,184,1,0,1,1,one_edit,1,64,10240,7296,7296,7296,7296,7296,7296,7296,64,0,0,0,64,0,0,64,0,64,0,0,0,64,0,0,64,0,64,0,0,0,64,0,0,64,0,0,0,0,0,0,0,0,0,0,0,0,0,0,0
110,184,1,2,1,1,one_edit,1,64,10240,7296,7296,7424,7296,7424,7296,7424,64,0,0,0,0,64,0,0,64,64,0,0,0,0,64,0,0,64,64,0,0,0,0,64,0,0,64,0,0,0,0,0,0,0,0,0,0,0,0,0,0
110,184,1,4,1,1,one_edit,1,64,10240,7296,7296,7552,7296,7552,7296,7552,64,0,0,0,0,64,0,0,64,64,0,0,0,0,64,0,0,64,64,0,0,0,0,64,0,0,64,0,0,0,0,0,0,0,0,0,0,0,0,0,0
110,184,1,8,1,1,one_edit,1,64,10240,7296,7296,7808,7296,7808,7296,7808,64,0,0,0,0,64,0,0,64,64,0,0,0,0,64,0,0,64,64,0,0,0,0,64,0,0,64,0,0,0,0,0,0,0,0,0,0,0,0,0,0
110,184,1,0,1,1,far,1,176,28160,19950,19950,19950,19950,20278,19950,20206,176,0,0,0,176,0,0,176,0,176,0,0,0,88,88,0,88,88,176,0,0,0,112,64,0,112,64,0,0,0,0,0,0,0,88,328,4,64,256,4,24
110,184,1,2,1,1,far,1,176,28160,19950,19950,20302,19950,20630,19950,20558,176,0,0,0,0,176,0,0,176,176,0,0,0,0,176,0,0,176,176,0,0,0,0,176,0,0,176,0,0,0,0,0,0,0,88,328,4,64,256,4,24
110,184,1,4,1,1,far,1,176,28160,19950,19950,20654,19950,20982,19950,20910,176,0,0,0,0,176,0,0,176,176,0,0,0,0,176,0,0,176,176,0,0,0,0,176,0,0,176,0,0,0,0,0,0,0,88,328,4,64,256,4,24
110,184,1,8,1,1,far,1,176,28160,19950,19950,21358,19950,21686,19950,21614,176,0,0,0,0,176,0,0,176,176,0,0,0,0,176,0,0,176,176,0,0,0,0,176,0,0,176,0,0,0,0,0,0,0,88,328,4,64,256,4,24
110,184,1,0,1,2,unchanged,1,16,3072,2048,2048,2048,2048,2048,2048,2048,16,0,0,0,16,0,0,16,0,16,0,0,0,16,0,0,16,0,16,0,0,0,16,0,0,16,0,0,0,0,0,0,0,0,0,0,0,0,0,0,0
110,184,1,2,1,2,unchanged,1,16,3072,2048,2048,2080,2048,2080,2048,2080,16,0,0,0,0,16,0,0,16,16,0,0,0,0,16,0,0,16,16,0,0,0,0,16,0,0,16,0,0,0,0,0,0,0,0,0,0,0,0,0,0
110,184,1,4,1,2,unchanged,1,16,3072,2048,2048,2112,2048,2112,2048,2112,16,0,0,0,0,16,0,0,16,16,0,0,0,0,16,0,0,16,16,0,0,0,0,16,0,0,16,0,0,0,0,0,0,0,0,0,0,0,0,0,0
110,184,1,8,1,2,unchanged,1,16,3072,2048,2048,2176,2048,2176,2048,2176,16,0,0,0,0,16,0,0,16,16,0,0,0,0,16,0,0,16,16,0,0,0,0,16,0,0,16,0,0,0,0,0,0,0,0,0,0,0,0,0,0
110,184,1,0,1,2,one_edit,1,64,12288,8960,8960,8960,8960,8960,8960,8960,64,0,0,0,64,0,0,64,0,64,0,0,0,64,0,0,64,0,64,0,0,0,64,0,0,64,0,0,0,0,0,0,0,0,0,0,0,0,0,0,0
110,184,1,2,1,2,one_edit,1,64,12288,8960,8960,9088,8960,9088,8960,9088,64,0,0,0,0,64,0,0,64,64,0,0,0,0,64,0,0,64,64,0,0,0,0,64,0,0,64,0,0,0,0,0,0,0,0,0,0,0,0,0,0
110,184,1,4,1,2,one_edit,1,64,12288,8960,8960,9216,8960,9216,8960,9216,64,0,0,0,0,64,0,0,64,64,0,0,0,0,64,0,0,64,64,0,0,0,0,64,0,0,64,0,0,0,0,0,0,0,0,0,0,0,0,0,0
110,184,1,8,1,2,one_edit,1,64,12288,8960,8960,9472,8960,9472,8960,9472,64,0,0,0,0,64,0,0,64,64,0,0,0,0,64,0,0,64,64,0,0,0,0,64,0,0,64,0,0,0,0,0,0,0,0,0,0,0,0,0,0
110,184,1,0,1,2,far,1,176,33792,24412,24412,24412,24412,25068,24412,24924,176,0,0,0,176,0,0,176,0,176,0,0,0,88,88,0,88,88,176,0,0,0,112,64,0,112,64,0,0,0,0,0,0,0,88,656,8,64,512,8,24
110,184,1,2,1,2,far,1,176,33792,24412,24412,24764,24412,25420,24412,25276,176,0,0,0,0,176,0,0,176,176,0,0,0,0,176,0,0,176,176,0,0,0,0,176,0,0,176,0,0,0,0,0,0,0,88,656,8,64,512,8,24
110,184,1,4,1,2,far,1,176,33792,24412,24412,25116,24412,25772,24412,25628,176,0,0,0,0,176,0,0,176,176,0,0,0,0,176,0,0,176,176,0,0,0,0,176,0,0,176,0,0,0,0,0,0,0,88,656,8,64,512,8,24
110,184,1,8,1,2,far,1,176,33792,24412,24412,25820,24412,26476,24412,26332,176,0,0,0,0,176,0,0,176,176,0,0,0,0,176,0,0,176,176,0,0,0,0,176,0,0,176,0,0,0,0,0,0,0,88,656,8,64,512,8,24
110,184,1,0,1,4,unchanged,1,16,4096,2688,2688,2688,2688,2688,2688,2688,16,0,0,0,16,0,0,16,0,16,0,0,0,16,0,0,16,0,16,0,0,0,16,0,0,16,0,0,0,0,0,0,0,0,0,0,0,0,0,0,0
110,184,1,2,1,4,unchanged,1,16,4096,2688,2688,2720,2688,2720,2688,2720,16,0,0,0,0,16,0,0,16,16,0,0,0,0,16,0,0,16,16,0,0,0,0,16,0,0,16,0,0,0,0,0,0,0,0,0,0,0,0,0,0
110,184,1,4,1,4,unchanged,1,16,4096,2688,2688,2752,2688,2752,2688,2752,16,0,0,0,0,16,0,0,16,16,0,0,0,0,16,0,0,16,16,0,0,0,0,16,0,0,16,0,0,0,0,0,0,0,0,0,0,0,0,0,0
110,184,1,8,1,4,unchanged,1,16,4096,2688,2688,2816,2688,2816,2688,2816,16,0,0,0,0,16,0,0,16,16,0,0,0,0,16,0,0,16,16,0,0,0,0,16,0,0,16,0,0,0,0,0,0,0,0,0,0,0,0,0,0
110,184,1,0,1,4,one_edit,1,64,16384,12288,12288,12288,12288,12288,12288,12288,64,0,0,0,64,0,0,64,0,64,0,0,0,64,0,0,64,0,64,0,0,0,64,0,0,64,0,0,0,0,0,0,0,0,0,0,0,0,0,0,0
110,184,1,2,1,4,one_edit,1,64,16384,12288,12288,12416,12288,12416,12288,12416,64,0,0,0,0,64,0,0,64,64,0,0,0,0,64,0,0,64,64,0,0,0,0,64,0,0,64,0,0,0,0,0,0,0,0,0,0,0,0,0,0
110,184,1,4,1,4,one_edit,1,64,16384,12288,12288,12544,12288,12544,12288,12544,64,0,0,0,0,64,0,0,64,64,0,0,0,0,64,0,0,64,64,0,0,0,0,64,0,0,64,0,0,0,0,0,0,0,0,0,0,0,0,0,0
110,184,1,8,1,4,one_edit,1,64,16384,12288,12288,12800,12288,12800,12288,12800,64,0,0,0,0,64,0,0,64,64,0,0,0,0,64,0,0,64,64,0,0,0,0,64,0,0,64,0,0,0,0,0,0,0,0,0,0,0,0,0,0
110,184,1,0,1,4,far,1,176,45056,33336,33336,33336,33336,34648,33336,34360,176,0,0,0,176,0,0,176,0,176,0,0,0,88,88,0,88,88,176,0,0,0,112,64,0,112,64,0,0,0,0,0,0,0,88,1312,16,64,1024,16,24
110,184,1,2,1,4,far,1,176,45056,33336,33336,33688,33336,35000,33336,34712,176,0,0,0,0,176,0,0,176,176,0,0,0,0,176,0,0,176,176,0,0,0,0,176,0,0,176,0,0,0,0,0,0,0,88,1312,16,64,1024,16,24
110,184,1,4,1,4,far,1,176,45056,33336,33336,34040,33336,35352,33336,35064,176,0,0,0,0,176,0,0,176,176,0,0,0,0,176,0,0,176,176,0,0,0,0,176,0,0,176,0,0,0,0,0,0,0,88,1312,16,64,1024,16,24
110,184,1,8,1,4,far,1,176,45056,33336,33336,34744,33336,36056,33336,35768,176,0,0,0,0,176,0,0,176,176,0,0,0,0,176,0,0,176,176,0,0,0,0,176,0,0,176,0,0,0,0,0,0,0,88,1312,16,64,1024,16,24
110,184,1,0,4,1,unchanged,1,16,4096,2688,2688,2688,2688,2688,2688,2688,16,0,0,0,16,0,0,16,0,16,0,0,0,16,0,0,16,0,16,0,0,0,16,0,0,16,0,0,0,0,0,0,0,0,0,0,0,0,0,0,0
110,184,1,2,4,1,unchanged,1,16,4096,2688,2688,2720,2688,2720,2688,2720,16,0,0,0,0,16,0,0,16,16,0,0,0,0,16,0,0,16,16,0,0,0,0,16,0,0,16,0,0,0,0,0,0,0,0,0,0,0,0,0,0
110,184,1,4,4,1,unchanged,1,16,4096,2688,2688,2752,2688,2752,2688,2752,16,0,0,0,0,16,0,0,16,16,0,0,0,0,16,0,0,16,16,0,0,0,0,16,0,0,16,0,0,0,0,0,0,0,0,0,0,0,0,0,0
110,184,1,8,4,1,unchanged,1,16,4096,2688,2688,2816,2688,2816,2688,2816,16,0,0,0,0,16,0,0,16,16,0,0,0,0,16,0,0,16,16,0,0,0,0,16,0,0,16,0,0,0,0,0,0,0,0,0,0,0,0,0,0
110,184,1,0,4,1,one_edit,1,64,16384,12288,11776,11136,11776,11136,11776,11136,64,0,0,64,0,0,64,0,0,64,0,0,64,0,0,64,0,0,64,0,0,64,0,0,64,0,0,0,0,0,0,0,0,0,0,0,0,0,0,0,0
110,184,1,2,4,1,one_edit,1,64,16384,12288,11776,11264,11776,11264,11776,11264,64,0,0,64,0,0,64,0,0,64,0,0,64,0,0,64,0,0,64,0,0,64,0,0,64,0,0,0,0,0,0,0,0,0,0,0,0,0,0,0,0
110,184,1,4,4,1,one_edit,1,64,16384,12288,11776,11392,11776,11392,11776,11392,64,0,0,64,0,0,64,0,0,64,0,0,64,0,0,64,0,0,64,0,0,64,0,0,64,0,0,0,0,0,0,0,0,0,0,0,0,0,0,0,0
110,184,1,8,4,1,one_edit,1,64,16384,12288,11776,11648,11776,11648,11776,11648,64,0,0,64,0,0,64,0,0,64,0,0,64,0,0,64,0,0,64,0,0,64,0,0,64,0,0,0,0,0,0,0,0,0,0,0,0,0,0,0,0
110,184,1,0,4,1,far,1,176,45056,33336,32232,31656,32384,31680,32384,31680,176,0,0,170,6,0,160,16,0,176,0,0,170,0,6,160,16,0,176,0,0,170,0,6,160,16,0,38,152,4,38,152,4,0,6,24,4,6,24,4,0
110,184,1,2,4,1,far,1,176,45056,33336,32232,32008,32384,32032,32384,32032,176,0,0,138,32,6,64,96,16,176,0,0,138,32,6,96,64,16,176,0,0,138,32,6,96,64,16,38,152,4,38,152,4,0,6,24,4,6,24,4,0
110,184,1,4,4,1,far,1,176,45056,33336,32232,32360,32384,32384,32384,32384,176,0,0,138,0,38,64,0,112,176,0,0,138,0,38,96,0,80,176,0,0,138,0,38,96,0,80,38,152,4,38,152,4,0,6,24,4,6,24,4,0
110,184,1,8,4,1,far,1,176,45056,33336,32232,33064,32384,33088,32384,33088,176,0,0,128,10,38,0,0,176,176,0,0,128,10,38,0,0,176,176,0,0,128,10,38,0,0,176,38,152,4,38,152,4,0,6,24,4,6,24,4,0
110,184,1,0,4,2,unchanged,1,16,6144,3968,3968,3968,3968,3968,3968,3968,16,0,0,0,16,0,0,16,0,16,0,0,0,16,0,0,16,0,16,0,0,0,16,0,0,16,0,0,0,0,0,0,0,0,0,0,0,0,0,0,0
110,184,1,2,4,2,unchanged,1,16,6144,3968,3968,4000,3968,4000,3968,4000,16,0,0,0,0,16,0,0,16,16,0,0,0,0,16,0,0,16,16,0,0,0,0,16,0,0,16,0,0,0,0,0,0,0,0,0,0,0,0,0,0
110,184,1,4,4,2,unchanged,1,16,6144,3968,3968,4032,3968,4032,3968,4032,16,0,0,0,0,16,0,0,16,16,0,0,0,0,16,0,0,16,16,0,0,0,0,16,0,0,16,0,0,0,0,0,0,0,0,0,0,0,0,0,0
110,184,1,8,4,2,unchanged,1,16,6144,3968,3968,4096,3968,4096,3968,4096,16,0,0,0,0,16,0,0,16,16,0,0,0,0,16,0,0,16,16,0,0,0,0,16,0,0,16,0,0,0,0,0,0,0,0,0,0,0,0,0,0
110,184,1,0,4,2,one_edit,1,64,24576,18944,17920,16640,17920,16640,17920,16640,64,0,0,64,0,0,64,0,0,64,0,0,64,0,0,64,0,0,64,0,0,64,0,0,64,0,0,0,0,0,0,0,0,0,0,0,0,0,0,0,0
110,184,1,2,4,2,one_edit,1,64,24576,18944,17920,16768,17920,16768,17920,16768,64,0,0,64,0,0,64,0,0,64,0,0,64,0,0,64,0,0,64,0,0,64,0,0,64,0,0,0,0,0,0,0,0,0,0,0,0,0,0,0,0
110,184,1,4,4,2,one_edit,1,64,24576,18944,17920,16896,17920,16896,17920,16896,64,0,0,64,0,0,64,0,0,64,0,0,64,0,0,64,0,0,64,0,0,64,0,0,64,0,0,0,0,0,0,0,0,0,0,0,0,0,0,0,0
110,184,1,8,4,2,one_edit,1,64,24576,18944,17920,17152,17920,17152,17920,17152,64,0,0,64,0,0,64,0,0,64,0,0,64,0,0,64,0,0,64,0,0,64,0,0,64,0,0,0,0,0,0,0,0,0,0,0,0,0,0,0,0
110,184,1,0,4,2,far,1,176,67584,51184,48976,47824,49280,47872,49280,47872,176,0,0,170,6,0,160,16,0,176,0,0,170,0,6,160,16,0,176,0,0,170,0,6,160,16,0,38,304,8,38,304,8,0,6,48,8,6,48,8,0
110,184,1,2,4,2,far,1,176,67584,51184,48976,48176,49280,48224,49280,48224,176,0,0,170,0,6,160,0,16,176,0,0,170,0,6,160,0,16,176,0,0,170,0,6,160,0,16,38,304,8,38,304,8,0,6,48,8,6,48,8,0
110,184,1,4,4,2,far,1,176,67584,51184,48976,48528,49280,48576,49280,48576,176,0,0,138,32,6,64,96,16,176,0,0,138,32,6,96,64,16,176,0,0,138,32,6,96,64,16,38,304,8,38,304,8,0,6,48,8,6,48,8,0
110,184,1,8,4,2,far,1,176,67584,51184,48976,49232,49280,49280,49280,49280,176,0,0,138,0,38,64,0,112,176,0,0,138,0,38,96,0,80,176,0,0,138,0,38,96,0,80,38,304,8,38,304,8,0,6,48,8,6,48,8,0
110,184,1,0,4,4,unchanged,1,16,10240,6528,6528,6528,6528,6528,6528,6528,16,0,0,0,16,0,0,16,0,16,0,0,0,16,0,0,16,0,16,0,0,0,16,0,0,16,0,0,0,0,0,0,0,0,0,0,0,0,0,0,0
110,184,1,2,4,4,unchanged,1,16,10240,6528,6528,6560,6528,6560,6528,6560,16,0,0,0,0,16,0,0,16,16,0,0,0,0,16,0,0,16,16,0,0,0,0,16,0,0,16,0,0,0,0,0,0,0,0,0,0,0,0,0,0
110,184,1,4,4,4,unchanged,1,16,10240,6528,6528,6592,6528,6592,6528,6592,16,0,0,0,0,16,0,0,16,16,0,0,0,0,16,0,0,16,16,0,0,0,0,16,0,0,16,0,0,0,0,0,0,0,0,0,0,0,0,0,0
110,184,1,8,4,4,unchanged,1,16,10240,6528,6528,6656,6528,6656,6528,6656,16,0,0,0,0,16,0,0,16,16,0,0,0,0,16,0,0,16,16,0,0,0,0,16,0,0,16,0,0,0,0,0,0,0,0,0,0,0,0,0,0
110,184,1,0,4,4,one_edit,1,64,40960,32256,30208,27648,30208,27648,30208,27648,64,0,0,64,0,0,64,0,0,64,0,0,64,0,0,64,0,0,64,0,0,64,0,0,64,0,0,0,0,0,0,0,0,0,0,0,0,0,0,0,0
110,184,1,2,4,4,one_edit,1,64,40960,32256,30208,27776,30208,27776,30208,27776,64,0,0,64,0,0,64,0,0,64,0,0,64,0,0,64,0,0,64,0,0,64,0,0,64,0,0,0,0,0,0,0,0,0,0,0,0,0,0,0,0
110,184,1,4,4,4,one_edit,1,64,40960,32256,30208,27904,30208,27904,30208,27904,64,0,0,64,0,0,64,0,0,64,0,0,64,0,0,64,0,0,64,0,0,64,0,0,64,0,0,0,0,0,0,0,0,0,0,0,0,0,0,0,0
110,184,1,8,4,4,one_edit,1,64,40960,32256,30208,28160,30208,28160,30208,28160,64,0,0,64,0,0,64,0,0,64,0,0,64,0,0,64,0,0,64,0,0,64,0,0,64,0,0,0,0,0,0,0,0,0,0,0,0,0,0,0,0
110,184,1,0,4,4,far,1,176,112640,86880,82464,80160,83072,80256,83072,80256,176,0,0,170,6,0,160,16,0,176,0,0,170,0,6,160,16,0,176,0,0,170,0,6,160,16,0,38,608,16,38,608,16,0,6,96,16,6,96,16,0
110,184,1,2,4,4,far,1,176,112640,86880,82464,80512,83072,80608,83072,80608,176,0,0,170,0,6,160,0,16,176,0,0,170,0,6,160,0,16,176,0,0,170,0,6,160,0,16,38,608,16,38,608,16,0,6,96,16,6,96,16,0
110,184,1,4,4,4,far,1,176,112640,86880,82464,80864,83072,80960,83072,80960,176,0,0,170,0,6,160,0,16,176,0,0,170,0,6,160,0,16,176,0,0,170,0,6,160,0,16,38,608,16,38,608,16,0,6,96,16,6,96,16,0
110,184,1,8,4,4,far,1,176,112640,86880,82464,81568,83072,81664,83072,81664,176,0,0,138,32,6,64,96,16,176,0,0,138,32,6,96,64,16,176,0,0,138,32,6,96,64,16,38,608,16,38,608,16,0,6,96,16,6,96,16,0
110,184,1,0,16,1,unchanged,1,16,10240,6528,6528,6528,6528,6528,6528,6528,16,0,0,0,16,0,0,16,0,16,0,0,0,16,0,0,16,0,16,0,0,0,16,0,0,16,0,0,0,0,0,0,0,0,0,0,0,0,0,0,0
110,184,1,2,16,1,unchanged,1,16,10240,6528,6528,6560,6528,6560,6528,6560,16,0,0,0,0,16,0,0,16,16,0,0,0,0,16,0,0,16,16,0,0,0,0,16,0,0,16,0,0,0,0,0,0,0,0,0,0,0,0,0,0
110,184,1,4,16,1,unchanged,1,16,10240,6528,6528,6592,6528,6592,6528,6592,16,0,0,0,0,16,0,0,16,16,0,0,0,0,16,0,0,16,16,0,0,0,0,16,0,0,16,0,0,0,0,0,0,0,0,0,0,0,0,0,0
110,184,1,8,16,1,unchanged,1,16,10240,6528,6528,6656,6528,6656,6528,6656,16,0,0,0,0,16,0,0,16,16,0,0,0,0,16,0,0,16,16,0,0,0,0,16,0,0,16,0,0,0,0,0,0,0,0,0,0,0,0,0,0
110,184,1,0,16,1,one_edit,1,64,40960,32256,27136,26496,27136,26496,27136,26496,64,0,0,64,0,0,64,0,0,64,0,0,64,0,0,64,0,0,64,0,0,64,0,0,64,0,0,0,0,0,0,0,0,0,0,0,0,0,0,0,0
110,184,1,2,16,1,one_edit,1,64,40960,32256,27136,26624,27136,26624,27136,26624,64,0,0,64,0,0,64,0,0,64,0,0,64,0,0,64,0,0,64,0,0,64,0,0,64,0,0,0,0,0,0,0,0,0,0,0,0,0,0,0,0
110,184,1,4,16,1,one_edit,1,64,40960,32256,27136,26752,27136,26752,27136,26752,64,0,0,64,0,0,64,0,0,64,0,0,64,0,0,64,0,0,64,0,0,64,0,0,64,0,0,0,0,0,0,0,0,0,0,0,0,0,0,0,0
110,184,1,8,16,1,one_edit,1,64,40960,32256,27136,27008,27136,27008,27136,27008,64,0,0,64,0,0,64,0,0,64,0,0,64,0,0,64,0,0,64,0,0,64,0,0,64,0,0,0,0,0,0,0,0,0,0,0,0,0,0,0,0
110,184,1,0,16,1,far,1,176,112640,86880,74624,73920,74624,73920,74624,73920,176,0,0,176,0,0,160,16,0,176,0,0,176,0,0,160,16,0,176,0,0,176,0,0,160,16,0,0,0,0,0,0,0,0,0,0,0,0,0,0,0
110,184,1,2,16,1,far,1,176,112640,86880,74624,74272,74624,74272,74624,74272,176,0,0,176,0,0,96,64,16,176,0,0,176,0,0,96,64,16,176,0,0,176,0,0,96,64,16,0,0,0,0,0,0,0,0,0,0,0,0,0,0
110,184,1,4,16,1,far,1,176,112640,86880,74624,74624,74624,74624,74624,74624,176,0,0,176,0,0,96,0,80,176,0,0,176,0,0,96,0,80,176,0,0,176,0,0,96,0,80,0,0,0,0,0,0,0,0,0,0,0,0,0,0
110,184,1,8,16,1,far,1,176,112640,86880,74624,75328,74624,75328,74624,75328,176,0,0,176,0,0,0,0,176,176,0,0,176,0,0,0,0,176,176,0,0,176,0,0,0,0,176,0,0,0,0,0,0,0,0,0,0,0,0,0,0
110,184,1,0,16,2,unchanged,1,16,18432,11648,11648,11648,11648,11648,11648,11648,16,0,0,0,16,0,0,16,0,16,0,0,0,16,0,0,16,0,16,0,0,0,16,0,0,16,0,0,0,0,0,0,0,0,0,0,0,0,0,0,0
110,184,1,2,16,2,unchanged,1,16,18432,11648,11648,11680,11648,11680,11648,11680,16,0,0,0,0,16,0,0,16,16,0,0,0,0,16,0,0,16,16,0,0,0,0,16,0,0,16,0,0,0,0,0,0,0,0,0,0,0,0,0,0
110,184,1,4,16,2,unchanged,1,16,18432,11648,11648,11712,11648,11712,11648,11712,16,0,0,0,0,16,0,0,16,16,0,0,0,0,16,0,0,16,16,0,0,0,0,16,0,0,16,0,0,0,0,0,0,0,0,0,0,0,0,0,0
110,184,1,8,16,2,unchanged,1,16,18432,11648,11648,11776,11648,11776,11648,11776,16,0,0,0,0,16,0,0,16,16,0,0,0,0,16,0,0,16,16,0,0,0,0,16,0,0,16,0,0,0,0,0,0,0,0,0,0,0,0,0,0
110,184,1,0,16,2,one_edit,1,64,73728,58880,48640,47360,48640,47360,48640,47360,64,0,0,64,0,0,64,0,0,64,0,0,64,0,0,64,0,0,64,0,0,64,0,0,64,0,0,0,0,0,0,0,0,0,0,0,0,0,0,0,0
110,184,1,2,16,2,one_edit,1,64,73728,58880,48640,47488,48640,47488,48640,47488,64,0,0,64,0,0,64,0,0,64,0,0,64,0,0,64,0,0,64,0,0,64,0,0,64,0,0,0,0,0,0,0,0,0,0,0,0,0,0,0,0
110,184,1,4,16,2,one_edit,1,64,73728,58880,48640,47616,48640,47616,48640,47616,64,0,0,64,0,0,64,0,0,64,0,0,64,0,0,64,0,0,64,0,0,64,0,0,64,0,0,0,0,0,0,0,0,0,0,0,0,0,0,0,0
110,184,1,8,16,2,one_edit,1,64,73728,58880,48640,47872,48640,47872,48640,47872,64,0,0,64,0,0,64,0,0,64,0,0,64,0,0,64,0,0,64,0,0,64,0,0,64,0,0,0,0,0,0,0,0,0,0,0,0,0,0,0,0
110,184,1,0,16,2,far,1,176,202752,158272,133760,132352,133760,132352,133760,132352,176,0,0,176,0,0,160,16,0,176,0,0,176,0,0,160,16,0,176,0,0,176,0,0,160,16,0,0,0,0,0,0,0,0,0,0,0,0,0,0,0
110,184,1,2,16,2,far,1,176,202752,158272,133760,132704,133760,132704,133760,132704,176,0,0,176,0,0,160,0,16,176,0,0,176,0,0,160,0,16,176,0,0,176,0,0,160,0,16,0,0,0,0,0,0,0,0,0,0,0,0,0,0
110,184,1,4,16,2,far,1,176,202752,158272,133760,133056,133760,133056,133760,133056,176,0,0,176,0,0,96,64,16,176,0,0,176,0,0,96,64,16,176,0,0,176,0,0,96,64,16,0,0,0,0,0,0,0,0,0,0,0,0,0,0
110,184,1,8,16,2,far,1,176,202752,158272,133760,133760,133760,133760,133760,133760,176,0,0,176,0,0,96,0,80,176,0,0,176,0,0,96,0,80,176,0,0,176,0,0,96,0,80,0,0,0,0,0,0,0,0,0,0,0,0,0,0
110,184,1,0,16,4,unchanged,1,16,34816,21888,21888,21888,21888,21888,21888,21888,16,0,0,0,16,0,0,16,0,16,0,0,0,16,0,0,16,0,16,0,0,0,16,0,0,16,0,0,0,0,0,0,0,0,0,0,0,0,0,0,0
110,184,1,2,16,4,unchanged,1,16,34816,21888,21888,21920,21888,21920,21888,21920,16,0,0,0,0,16,0,0,16,16,0,0,0,0,16,0,0,16,16,0,0,0,0,16,0,0,16,0,0,0,0,0,0,0,0,0,0,0,0,0,0
110,184,1,4,16,4,unchanged,1,16,34816,21888,21888,21952,21888,21952,21888,21952,16,0,0,0,0,16,0,0,16,16,0,0,0,0,16,0,0,16,16,0,0,0,0,16,0,0,16,0,0,0,0,0,0,0,0,0,0,0,0,0,0
110,184,1,8,16,4,unchanged,1,16,34816,21888,21888,22016,21888,22016,21888,22016,16,0,0,0,0,16,0,0,16,16,0,0,0,0,16,0,0,16,16,0,0,0,0,16,0,0,16,0,0,0,0,0,0,0,0,0,0,0,0,0,0
110,184,1,0,16,4,one_edit,1,64,139264,112128,91648,89088,91648,89088,91648,89088,64,0,0,64,0,0,64,0,0,64,0,0,64,0,0,64,0,0,64,0,0,64,0,0,64,0,0,0,0,0,0,0,0,0,0,0,0,0,0,0,0
110,184,1,2,16,4,one_edit,1,64,139264,112128,91648,89216,91648,89216,91648,89216,64,0,0,64,0,0,64,0,0,64,0,0,64,0,0,64,0,0,64,0,0,64,0,0,64,0,0,0,0,0,0,0,0,0,0,0,0,0,0,0,0
110,184,1,4,16,4,one_edit,1,64,139264,112128,91648,89344,91648,89344,91648,89344,64,0,0,64,0,0,64,0,0,64,0,0,64,0,0,64,0,0,64,0,0,64,0,0,64,0,0,0,0,0,0,0,0,0,0,0,0,0,0,0,0
110,184,1,8,16,4,one_edit,1,64,139264,112128,91648,89600,91648,89600,91648,89600,64,0,0,64,0,0,64,0,0,64,0,0,64,0,0,64,0,0,64,0,0,64,0,0,64,0,0,0,0,0,0,0,0,0,0,0,0,0,0,0,0
110,184,1,0,16,4,far,1,176,382976,301056,252032,249216,252032,249216,252032,249216,176,0,0,176,0,0,160,16,0,176,0,0,176,0,0,160,16,0,176,0,0,176,0,0,160,16,0,0,0,0,0,0,0,0,0,0,0,0,0,0,0
110,184,1,2,16,4,far,1,176,382976,301056,252032,249568,252032,249568,252032,249568,176,0,0,176,0,0,160,0,16,176,0,0,176,0,0,160,0,16,176,0,0,176,0,0,160,0,16,0,0,0,0,0,0,0,0,0,0,0,0,0,0
110,184,1,4,16,4,far,1,176,382976,301056,252032,249920,252032,249920,252032,249920,176,0,0,176,0,0,160,0,16,176,0,0,176,0,0,160,0,16,176,0,0,176,0,0,160,0,16,0,0,0,0,0,0,0,0,0,0,0,0,0,0
110,184,1,8,16,4,far,1,176,382976,301056,252032,250624,252032,250624,252032,250624,176,0,0,176,0,0,96,64,16,176,0,0,176,0,0,96,64,16,176,0,0,176,0,0,96,64,16,0,0,0,0,0,0,0,0,0,0,0,0,0,0
110,184,2,0,1,1,unchanged,1,16,3840,2048,2048,2048,2048,2048,2048,2048,16,0,0,0,16,0,0,16,0,16,0,0,0,16,0,0,16,0,16,0,0,0,16,0,0,16,0,0,0,0,0,0,0,0,0,0,0,0,0,0,0
110,184,2,2,1,1,unchanged,1,16,3840,2048,2048,2080,2048,2080,2048,2080,16,0,0,0,0,16,0,0,16,16,0,0,0,0,16,0,0,16,16,0,0,0,0,16,0,0,16,0,0,0,0,0,0,0,0,0,0,0,0,0,0
110,184,2,4,1,1,unchanged,1,16,3840,2048,2048,2112,2048,2112,2048,2112,16,0,0,0,0,16,0,0,16,16,0,0,0,0,16,0,0,16,16,0,0,0,0,16,0,0,16,0,0,0,0,0,0,0,0,0,0,0,0,0,0
110,184,2,8,1,1,unchanged,1,16,3840,2048,2048,2176,2048,2176,2048,2176,16,0,0,0,0,16,0,0,16,16,0,0,0,0,16,0,0,16,16,0,0,0,0,16,0,0,16,0,0,0,0,0,0,0,0,0,0,0,0,0,0
110,184,2,0,1,1,one_edit,1,64,15360,8960,8960,8576,9216,8576,9216,8576,64,0,0,64,0,0,64,0,0,64,0,0,64,0,0,64,0,0,64,0,0,64,0,0,64,0,0,64,256,4,64,256,4,0,0,0,0,0,0,0,0
110,184,2,2,1,1,one_edit,1,64,15360,8960,8960,8704,9216,8704,9216,8704,64,0,0,64,0,0,64,0,0,64,0,0,64,0,0,64,0,0,64,0,0,64,0,0,64,0,0,64,256,4,64,256,4,0,0,0,0,0,0,0,0
110,184,2,4,1,1,one_edit,1,64,15360,8960,8960,8832,9216,8832,9216,8832,64,0,0,64,0,0,64,0,0,64,0,0,64,0,0,64,0,0,64,0,0,64,0,0,64,0,0,64,256,4,64,256,4,0,0,0,0,0,0,0,0
110,184,2,8,1,1,one_edit,1,64,15360,8960,8960,9088,9216,9088,9216,9088,64,0,0,0,0,64,0,0,64,64,0,0,0,0,64,64,0,0,64,0,0,0,0,64,64,0,0,64,256,4,64,256,4,0,0,0,0,0,0,0,0
110,184,2,0,1,1,far,1,176,42240,24412,24412,24284,24964,24580,24964,24580,176,0,0,64,112,0,64,112,0,176,0,0,64,6,106,128,16,32,176,0,0,64,6,106,128,16,32,138,552,4,138,552,4,0,106,296,4,106,296,4,0
110,184,2,2,1,1,far,1,176,42240,24412,24412,24636,24964,24932,24964,24932,176,0,0,0,64,112,0,64,112,176,0,0,0,64,112,64,64,48,176,0,0,0,64,112,64,64,48,138,552,4,138,552,4,0,106,296,4,106,296,4,0
110,184,2,4,1,1,far,1,176,42240,24412,24412,24988,24964,25284,24964,25284,176,0,0,0,0,176,0,0,176,176,0,0,0,0,176,64,0,112,176,0,0,0,0,176,64,0,112,138,552,4,138,552,4,0,106,296,4,106,296,4,0
110,184,2,8,1,1,far,1,176,42240,24412,24412,25692,24964,25988,24964,25988,176,0,0,0,0,176,0,0,176,176,0,0,0,0,176,0,0,176,176,0,0,0,0,176,0,0,176,138,552,4,138,552,4,0,106,296,4,106,296,4,0
110,184,2,0,1,2,unchanged,1,16,4608,2432,2432,2432,2432,2432,2432,2432,16,0,0,0,16,0,0,16,0,16,0,0,0,16,0,0,16,0,16,0,0,0,16,0,0,16,0,0,0,0,0,0,0,0,0,0,0,0,0,0,0
110,184,2,2,1,2,unchanged,1,16,4608,2432,2432,2464,2432,2464,2432,2464,16,0,0,0,0,16,0,0,16,16,0,0,0,0,16,0,0,16,16,0,0,0,0,16,0,0,16,0,0,0,0,0,0,0,0,0,0,0,0,0,0
110,184,2,4,1,2,unchanged,1,16,4608,2432,2432,2496,2432,2496,2432,2496,16,0,0,0,0,16,0,0,16,16,0,0,0,0,16,0,0,16,16,0,0,0,0,16,0,0,16,0,0,0,0,0,0,0,0,0,0,0,0,0,0
110,184,2,8,1,2,unchanged,1,16,4608,2432,2432,2560,2432,2560,2432,2560,16,0,0,0,0,16,0,0,16,16,0,0,0,0,16,0,0,16,16,0,0,0,0,16,0,0,16,0,0,0,0,0,0,0,0,0,0,0,0,0,0
110,184,2,0,1,2,one_edit,1,64,18432,11264,11264,10496,11776,10496,11776,10496,64,0,0,64,0,0,64,0,0,64,0,0,64,0,0,64,0,0,64,0,0,64,0,0,64,0,0,64,512,8,64,512,8,0,0,0,0,0,0,0,0
110,184,2,2,1,2,one_edit,1,64,18432,11264,11264,10624,11776,10624,11776,10624,64,0,0,64,0,0,64,0,0,64,0,0,64,0,0,64,0,0,64,0,0,64,0,0,64,0,0,64,512,8,64,512,8,0,0,0,0,0,0,0,0
110,184,2,4,1,2,one_edit,1,64,18432,11264,11264,10752,11776,10752,11776,10752,64,0,0,64,0,0,64,0,0,64,0,0,64,0,0,64,0,0,64,0,0,64,0,0,64,0,0,64,512,8,64,512,8,0,0,0,0,0,0,0,0
110,184,2,8,1,2,one_edit,1,64,18432,11264,11264,11008,11776,11008,11776,11008,64,0,0,64,0,0,64,0,0,64,0,0,64,0,0,64,0,0,64,0,0,64,0,0,64,0,0,64,512,8,64,512,8,0,0,0,0,0,0,0,0
110,184,2,0,1,2,far,1,176,50688,30520,30520,30264,31624,30856,31624,30856,176,0,0,64,112,0,64,112,0,176,0,0,64,6,106,128,16,32,176,0,0,64,6,106,128,16,32,138,1104,8,138,1104,8,0,106,592,8,106,592,8,0
110,184,2,2,1,2,far,1,176,50688,30520,30520,30616,31624,31208,31624,31208,176,0,0,64,0,112,64,0,112,176,0,0,64,0,112,128,0,48,176,0,0,64,0,112,128,0,48,138,1104,8,138,1104,8,0,106,592,8,106,592,8,0
110,184,2,4,1,2,far,1,176,50688,30520,30520,30968,31624,31560,31624,31560,176,0,0,0,64,112,0,64,112,176,0,0,0,64,112,64,64,48,176,0,0,0,64,112,64,64,48,138,1104,8,138,1104,8,0,106,592,8,106,592,8,0
110,184,2,8,1,2,far,1,176,50688,30520,30520,31672,31624,32264,31624,32264,176,0,0,0,0,176,0,0,176,176,0,0,0,0,176,64,0,112,176,0,0,0,0,176,64,0,112,138,1104,8,138,1104,8,0,106,592,8,106,592,8,0
110,184,2,0,1,4,unchanged,1,16,6144,3200,3200,3200,3200,3200,3200,3200,16,0,0,0,16,0,0,16,0,16,0,0,0,16,0,0,16,0,16,0,0,0,16,0,0,16,0,0,0,0,0,0,0,0,0,0,0,0,0,0,0
110,184,2,2,1,4,unchanged,1,16,6144,3200,3200,3232,3200,3232,3200,3232,16,0,0,0,0,16,0,0,16,16,0,0,0,0,16,0,0,16,16,0,0,0,0,16,0,0,16,0,0,0,0,0,0,0,0,0,0,0,0,0,0
110,184,2,4,1,4,unchanged,1,16,6144,3200,3200,3264,3200,3264,3200,3264,16,0,0,0,0,16,0,0,16,16,0,0,0,0,16,0,0,16,16,0,0,0,0,16,0,0,16,0,0,0,0,0,0,0,0,0,0,0,0,0,0
110,184,2,8,1,4,unchanged,1,16,6144,3200,3200,3328,3200,3328,3200,3328,16,0,0,0,0,16,0,0,16,16,0,0,0,0,16,0,0,16,16,0,0,0,0,16,0,0,16,0,0,0,0,0,0,0,0,0,0,0,0,0,0
110,184,2,0,1,4,one_edit,1,64,24576,15872,15872,14336,16896,14336,16896,14336,64,0,0,64,0,0,64,0,0,64,0,0,64,0,0,64,0,0,64,0,0,64,0,0,64,0,0,64,1024,16,64,1024,16,0,0,0,0,0,0,0,0
110,184,2,2,1,4,one_edit,1,64,24576,15872,15872,14464,16896,14464,16896,14464,64,0,0,64,0,0,64,0,0,64,0,0,64,0,0,64,0,0,64,0,0,64,0,0,64,0,0,64,1024,16,64,1024,16,0,0,0,0,0,0,0,0
110,184,2,4,1,4,one_edit,1,64,24576,15872,15872,14592,16896,14592,16896,14592,64,0,0,64,0,0,64,0,0,64,0,0,64,0,0,64,0,0,64,0,0,64,0,0,64,0,0,64,1024,16,64,1024,16,0,0,0,0,0,0,0,0
110,184,2,8,1,4,one_edit,1,64,24576,15872,15872,14848,16896,14848,16896,14848,64,0,0,64,0,0,64,0,0,64,0,0,64,0,0,64,0,0,64,0,0,64,0,0,64,0,0,64,1024,16,64,1024,16,0,0,0,0,0,0,0,0
110,184,2,0,1,4,far,1,176,67584,42736,42736,42224,44944,43408,44944,43408,176,0,0,64,112,0,64,112,0,176,0,0,64,6,106,128,16,32,176,0,0,64,6,106,128,16,32,138,2208,16,138,2208,16,0,106,1184,16,106,1184,16,0
110,184,2,2,1,4,far,1,176,67584,42736,42736,42576,44944,43760,44944,43760,176,0,0,64,0,112,64,0,112,176,0,0,64,0,112,128,0,48,176,0,0,64,0,112,128,0,48,138,2208,16,138,2208,16,0,106,1184,16,106,1184,16,0
110,184,2,4,1,4,far,1,176,67584,42736,42736,42928,44944,44112,44944,44112,176,0,0,64,0,112,64,0,112,176,0,0,64,0,112,128,0,48,176,0,0,64,0,112,128,0,48,138,2208,16,138,2208,16,0,106,1184,16,106,1184,16,0
110,184,2,8,1,4,far,1,176,67584,42736,42736,43632,44944,44816,44944,44816,176,0,0,0,64,112,0,64,112,176,0,0,0,64,112,64,64,48,176,0,0,0,64,112,64,64,48,138,2208,16,138,2208,16,0,106,1184,16,106,1184,16,0
110,184,2,0,4,1,unchanged,1,16,6144,3200,3200,3200,3200,3200,3200,3200,16,0,0,0,16,0,0,16,0,16,0,0,0,16,0,0,16,0,16,0,0,0,16,0,0,16,0,0,0,0,0,0,0,0,0,0,0,0,0,0,0
110,184,2,2,4,1,unchanged,1,16,6144,3200,3200,3232,3200,3232,3200,3232,16,0,0,0,0,16,0,0,16,16,0,0,0,0,16,0,0,16,16,0,0,0,0,16,0,0,16,0,0,0,0,0,0,0,0,0,0,0,0,0,0
110,184,2,4,4,1,unchanged,1,16,6144,3200,3200,3264,3200,3264,3200,3264,16,0,0,0,0,16,0,0,16,16,0,0,0,0,16,0,0,16,16,0,0,0,0,16,0,0,16,0,0,0,0,0,0,0,0,0,0,0,0,0,0
110,184,2,8,4,1,unchanged,1,16,6144,3200,3200,3328,3200,3328,3200,3328,16,0,0,0,0,16,0,0,16,16,0,0,0,0,16,0,0,16,16,0,0,0,0,16,0,0,16,0,0,0,0,0,0,0,0,0,0,0,0,0,0
110,184,2,0,4,1,one_edit,1,64,24576,15872,13824,13184,13824,13184,13824,13184,64,0,0,64,0,0,64,0,0,64,0,0,64,0,0,64,0,0,64,0,0,64,0,0,64,0,0,0,0,0,0,0,0,0,0,0,0,0,0,0,0
110,184,2,2,4,1,one_edit,1,64,24576,15872,13824,13312,13824,13312,13824,13312,64,0,0,64,0,0,64,0,0,64,0,0,64,0,0,64,0,0,64,0,0,64,0,0,64,0,0,0,0,0,0,0,0,0,0,0,0,0,0,0,0
110,184,2,4,4,1,one_edit,1,64,24576,15872,13824,13440,13824,13440,13824,13440,64,0,0,64,0,0,64,0,0,64,0,0,64,0,0,64,0,0,64,0,0,64,0,0,64,0,0,0,0,0,0,0,0,0,0,0,0,0,0,0,0
110,184,2,8,4,1,one_edit,1,64,24576,15872,13824,13696,13824,13696,13824,13696,64,0,0,64,0,0,64,0,0,64,0,0,64,0,0,64,0,0,64,0,0,64,0,0,64,0,0,0,0,0,0,0,0,0,0,0,0,0,0,0,0
110,184,2,0,4,1,far,1,176,67584,42736,38016,37312,38016,37312,38016,37312,176,0,0,176,0,0,160,16,0,176,0,0,176,0,0,160,16,0,176,0,0,176,0,0,160,16,0,0,0,0,0,0,0,0,0,0,0,0,0,0,0
110,184,2,2,4,1,far,1,176,67584,42736,38016,37664,38016,37664,38016,37664,176,0,0,176,0,0,96,64,16,176,0,0,176,0,0,96,64,16,176,0,0,176,0,0,96,64,16,0,0,0,0,0,0,0,0,0,0,0,0,0,0
110,184,2,4,4,1,far,1,176,67584,42736,38016,38016,38016,38016,38016,38016,176,0,0,176,0,0,96,0,80,176,0,0,176,0,0,96,0,80,176,0,0,176,0,0,96,0,80,0,0,0,0,0,0,0,0,0,0,0,0,0,0
110,184,2,8,4,1,far,1,176,67584,42736,38016,38720,38016,38720,38016,38720,176,0,0,170,6,0,0,0,176,176,0,0,170,6,0,0,0,176,176,0,0,170,6,0,0,0,176,0,0,0,0,0,0,0,0,0,0,0,0,0,0
110,184,2,0,4,2,unchanged,1,16,9216,4736,4736,4736,4736,4736,4736,4736,16,0,0,0,16,0,0,16,0,16,0,0,0,16,0,0,16,0,16,0,0,0,16,0,0,16,0,0,0,0,0,0,0,0,0,0,0,0,0,0,0
110,184,2,2,4,2,unchanged,1,16,9216,4736,4736,4768,4736,4768,4736,4768,16,0,0,0,0,16,0,0,16,16,0,0,0,0,16,0,0,16,16,0,0,0,0,16,0,0,16,0,0,0,0,0,0,0,0,0,0,0,0,0,0
110,184,2,4,4,2,unchanged,1,16,9216,4736,4736,4800,4736,4800,4736,4800,16,0,0,0,0,16,0,0,16,16,0,0,0,0,16,0,0,16,16,0,0,0,0,16,0,0,16,0,0,0,0,0,0,0,0,0,0,0,0,0,0
110,184,2,8,4,2,unchanged,1,16,9216,4736,4736,4864,4736,4864,4736,4864,16,0,0,0,0,16,0,0,16,16,0,0,0,0,16,0,0,16,16,0,0,0,0,16,0,0,16,0,0,0,0,0,0,0,0,0,0,0,0,0,0
110,184,2,0,4,2,one_edit,1,64,36864,25088,20992,19712,20992,19712,20992,19712,64,0,0,64,0,0,64,0,0,64,0,0,64,0,0,64,0,0,64,0,0,64,0,0,64,0,0,0,0,0,0,0,0,0,0,0,0,0,0,0,0
110,184,2,2,4,2,one_edit,1,64,36864,25088,20992,19840,20992,19840,20992,19840,64,0,0,64,0,0,64,0,0,64,0,0,64,0,0,64,0,0,64,0,0,64,0,0,64,0,0,0,0,0,0,0,0,0,0,0,0,0,0,0,0
110,184,2,4,4,2,one_edit,1,64,36864,25088,20992,19968,20992,19968,20992,19968,64,0,0,64,0,0,64,0,0,64,0,0,64,0,0,64,0,0,64,0,0,64,0,0,64,0,0,0,0,0,0,0,0,0,0,0,0,0,0,0,0
110,184,2,8,4,2,one_edit,1,64,36864,25088,20992,20224,20992,20224,20992,20224,64,0,0,64,0,0,64,0,0,64,0,0,64,0,0,64,0,0,64,0,0,64,0,0,64,0,0,0,0,0,0,0,0,0,0,0,0,0,0,0,0
110,184,2,0,4,2,far,1,176,101376,67168,57728,56320,57728,56320,57728,56320,176,0,0,176,0,0,160,16,0,176,0,0,176,0,0,160,16,0,176,0,0,176,0,0,160,16,0,0,0,0,0,0,0,0,0,0,0,0,0,0,0
110,184,2,2,4,2,far,1,176,101376,67168,57728,56672,57728,56672,57728,56672,176,0,0,176,0,0,160,0,16,176,0,0,176,0,0,160,0,16,176,0,0,176,0,0,160,0,16,0,0,0,0,0,0,0,0,0,0,0,0,0,0
110,184,2,4,4,2,far,1,176,101376,67168,57728,57024,57728,57024,57728,57024,176,0,0,176,0,0,96,64,16,176,0,0,176,0,0,96,64,16,176,0,0,176,0,0,96,64,16,0,0,0,0,0,0,0,0,0,0,0,0,0,0
110,184,2,8,4,2,far,1,176,101376,67168,57728,57728,57728,57728,57728,57728,176,0,0,176,0,0,96,0,80,176,0,0,176,0,0,96,0,80,176,0,0,176,0,0,96,0,80,0,0,0,0,0,0,0,0,0,0,0,0,0,0
110,184,2,0,4,4,unchanged,1,16,15360,7808,7808,7808,7808,7808,7808,7808,16,0,0,0,16,0,0,16,0,16,0,0,0,16,0,0,16,0,16,0,0,0,16,0,0,16,0,0,0,0,0,0,0,0,0,0,0,0,0,0,0
110,184,2,2,4,4,unchanged,1,16,15360,7808,7808,7840,7808,7840,7808,7840,16,0,0,0,0,16,0,0,16,16,0,0,0,0,16,0,0,16,16,0,0,0,0,16,0,0,16,0,0,0,0,0,0,0,0,0,0,0,0,0,0
110,184,2,4,4,4,unchanged,1,16,15360,7808,7808,7872,7808,7872,7808,7872,16,0,0,0,0,16,0,0,16,16,0,0,0,0,16,0,0,16,16,0,0,0,0,16,0,0,16,0,0,0,0,0,0,0,0,0,0,0,0,0,0
110,184,2,8,4,4,unchanged,1,16,15360,7808,7808,7936,7808,7936,7808,7936,16,0,0,0,0,16,0,0,16,16,0,0,0,0,16,0,0,16,16,0,0,0,0,16,0,0,16,0,0,0,0,0,0,0,0,0,0,0,0,0,0
110,184,2,0,4,4,one_edit,1,64,61440,43520,35328,32768,35328,32768,35328,32768,64,0,0,64,0,0,64,0,0,64,0,0,64,0,0,64,0,0,64,0,0,64,0,0,64,0,0,0,0,0,0,0,0,0,0,0,0,0,0,0,0
110,184,2,2,4,4,one_edit,1,64,61440,43520,35328,32896,35328,32896,35328,32896,64,0,0,64,0,0,64,0,0,64,0,0,64,0,0,64,0,0,64,0,0,64,0,0,64,0,0,0,0,0,0,0,0,0,0,0,0,0,0,0,0
110,184,2,4,4,4,one_edit,1,64,61440,43520,35328,33024,35328,33024,35328,33024,64,0,0,64,0,0,64,0,0,64,0,0,64,0,0,64,0,0,64,0,0,64,0,0,64,0,0,0,0,0,0,0,0,0,0,0,0,0,0,0,0
110,184,2,8,4,4,one_edit,1,64,61440,43520,35328,33280,35328,33280,35328,33280,64,0,0,64,0,0,64,0,0,64,0,0,64,0,0,64,0,0,64,0,0,64,0,0,64,0,0,0,0,0,0,0,0,0,0,0,0,0,0,0,0
110,184,2,0,4,4,far,1,176,168960,116032,97152,94336,97152,94336,97152,94336,176,0,0,176,0,0,160,16,0,176,0,0,176,0,0,160,16,0,176,0,0,176,0,0,160,16,0,0,0,0,0,0,0,0,0,0,0,0,0,0,0
110,184,2,2,4,4,far,1,176,168960,116032,97152,94688,97152,94688,97152,94688,176,0,0,176,0,0,160,0,16,176,0,0,176,0,0,160,0,16,176,0,0,176,0,0,160,0,16,0,0,0,0,0,0,0,0,0,0,0,0,0,0
110,184,2,4,4,4,far,1,176,168960,116032,97152,95040,97152,95040,97152,95040,176,0,0,176,0,0,160,0,16,176,0,0,176,0,0,160,0,16,176,0,0,176,0,0,160,0,16,0,0,0,0,0,0,0,0,0,0,0,0,0,0
110,184,2,8,4,4,far,1,176,168960,116032,97152,95744,97152,95744,97152,95744,176,0,0,176,0,0,96,64,16,176,0,0,176,0,0,96,64,16,176,0,0,176,0,0,96,64,16,0,0,0,0,0,0,0,0,0,0,0,0,0,0
110,184,2,0,16,1,unchanged,1,16,15360,7808,7808,7808,7808,7808,7808,7808,16,0,0,0,16,0,0,16,0,16,0,0,0,16,0,0,16,0,16,0,0,0,16,0,0,16,0,0,0,0,0,0,0,0,0,0,0,0,0,0,0
110,184,2,2,16,1,unchanged,1,16,15360,7808,7808,7840,7808,7840,7808,7840,16,0,0,0,0,16,0,0,16,16,0,0,0,0,16,0,0,16,16,0,0,0,0,16,0,0,16,0,0,0,0,0,0,0,0,0,0,0,0,0,0
110,184,2,4,16,1,unchanged,1,16,15360,7808,7808,7872,7808,7872,7808,7872,16,0,0,0,0,16,0,0,16,16,0,0,0,0,16,0,0,16,16,0,0,0,0,16,0,0,16,0,0,0,0,0,0,0,0,0,0,0,0,0,0
110,184,2,8,16,1,unchanged,1,16,15360,7808,7808,7936,7808,7936,7808,7936,16,0,0,0,0,16,0,0,16,16,0,0,0,0,16,0,0,16,16,0,0,0,0,16,0,0,16,0,0,0,0,0,0,0,0,0,0,0,0,0,0
110,184,2,0,16,1,one_edit,1,64,61440,43520,32256,31616,32256,31616,32256,31616,64,0,0,64,0,0,64,0,0,64,0,0,64,0,0,64,0,0,64,0,0,64,0,0,64,0,0,0,0,0,0,0,0,0,0,0,0,0,0,0,0
110,184,2,2,16,1,one_edit,1,64,61440,43520,32256,31744,32256,31744,32256,31744,64,0,0,64,0,0,64,0,0,64,0,0,64,0,0,64,0,0,64,0,0,64,0,0,64,0,0,0,0,0,0,0,0,0,0,0,0,0,0,0,0
110,184,2,4,16,1,one_edit,1,64,61440,43520,32256,31872,32256,31872,32256,31872,64,0,0,64,0,0,64,0,0,64,0,0,64,0,0,64,0,0,64,0,0,64,0,0,64,0,0,0,0,0,0,0,0,0,0,0,0,0,0,0,0
110,184,2,8,16,1,one_edit,1,64,61440,43520,32256,32128,32256,32128,32256,32128,64,0,0,64,0,0,64,0,0,64,0,0,64,0,0,64,0,0,64,0,0,64,0,0,64,0,0,0,0,0,0,0,0,0,0,0,0,0,0,0,0
110,184,2,0,16,1,far,1,176,168960,116032,88704,88000,88704,88000,88704,88000,176,0,0,176,0,0,160,16,0,176,0,0,176,0,0,160,16,0,176,0,0,176,0,0,160,16,0,0,0,0,0,0,0,0,0,0,0,0,0,0,0
110,184,2,2,16,1,far,1,176,168960,116032,88704,88352,88704,88352,88704,88352,176,0,0,176,0,0,96,64,16,176,0,0,176,0,0,96,64,16,176,0,0,176,0,0,96,64,16,0,0,0,0,0,0,0,0,0,0,0,0,0,0
110,184,2,4,16,1,far,1,176,168960,116032,88704,88704,88704,88704,88704,88704,176,0,0,176,0,0,96,0,80,176,0,0,176,0,0,96,0,80,176,0,0,176,0,0,96,0,80,0,0,0,0,0,0,0,0,0,0,0,0,0,0
110,184,2,8,16,1,far,1,176,168960,116032,88704,89408,88704,89408,88704,89408,176,0,0,176,0,0,0,0,176,176,0,0,176,0,0,0,0,176,176,0,0,176,0,0,0,0,176,0,0,0,0,0,0,0,0,0,0,0,0,0,0
110,184,2,0,16,2,unchanged,1,16,27648,13952,13952,13952,13952,13952,13952,13952,16,0,0,0,16,0,0,16,0,16,0,0,0,16,0,0,16,0,16,0,0,0,16,0,0,16,0,0,0,0,0,0,0,0,0,0,0,0,0,0,0
110,184,2,2,16,2,unchanged,1,16,27648,13952,13952,13984,13952,13984,13952,13984,16,0,0,0,0,16,0,0,16,16,0,0,0,0,16,0,0,16,16,0,0,0,0,16,0,0,16,0,0,0,0,0,0,0,0,0,0,0,0,0,0
110,184,2,4,16,2,unchanged,1,16,27648,13952,13952,14016,13952,14016,13952,14016,16,0,0,0,0,16,0,0,16,16,0,0,0,0,16,0,0,16,16,0,0,0,0,16,0,0,16,0,0,0,0,0,0,0,0,0,0,0,0,0,0
110,184,2,8,16,2,unchanged,1,16,27648,13952,13952,14080,13952,14080,13952,14080,16,0,0,0,0,16,0,0,16,16,0,0,0,0,16,0,0,16,16,0,0,0,0,16,0,0,16,0,0,0,0,0,0,0,0,0,0,0,0,0,0
110,184,2,0,16,2,one_edit,1,64,110592,80384,57856,56576,57856,56576,57856,56576,64,0,0,64,0,0,64,0,0,64,0,0,64,0,0,64,0,0,64,0,0,64,0,0,64,0,0,0,0,0,0,0,0,0,0,0,0,0,0,0,0
110,184,2,2,16,2,one_edit,1,64,110592,80384,57856,56704,57856,56704,57856,56704,64,0,0,64,0,0,64,0,0,64,0,0,64,0,0,64,0,0,64,0,0,64,0,0,64,0,0,0,0,0,0,0,0,0,0,0,0,0,0,0,0
110,184,2,4,16,2,one_edit,1,64,110592,80384,57856,56832,57856,56832,57856,56832,64,0,0,64,0,0,64,0,0,64,0,0,64,0,0,64,0,0,64,0,0,64,0,0,64,0,0,0,0,0,0,0,0,0,0,0,0,0,0,0,0
110,184,2,8,16,2,one_edit,1,64,110592,80384,57856,57088,57856,57088,57856,57088,64,0,0,64,0,0,64,0,0,64,0,0,64,0,0,64,0,0,64,0,0,64,0,0,64,0,0,0,0,0,0,0,0,0,0,0,0,0,0,0,0
110,184,2,0,16,2,far,1,176,304128,213760,159104,157696,159104,157696,159104,157696,176,0,0,176,0,0,160,16,0,176,0,0,176,0,0,160,16,0,176,0,0,176,0,0,160,16,0,0,0,0,0,0,0,0,0,0,0,0,0,0,0
110,184,2,2,16,2,far,1,176,304128,213760,159104,158048,159104,158048,159104,158048,176,0,0,176,0,0,160,0,16,176,0,0,176,0,0,160,0,16,176,0,0,176,0,0,160,0,16,0,0,0,0,0,0,0,0,0,0,0,0,0,0
110,184,2,4,16,2,far,1,176,304128,213760,159104,158400,159104,158400,159104,158400,176,0,0,176,0,0,96,64,16,176,0,0,176,0,0,96,64,16,176,0,0,176,0,0,96,64,16,0,0,0,0,0,0,0,0,0,0,0,0,0,0
110,184,2,8,16,2,far,1,176,304128,213760,159104,159104,159104,159104,159104,159104,176,0,0,176,0,0,96,0,80,176,0,0,176,0,0,96,0,80,176,0,0,176,0,0,96,0,80,0,0,0,0,0,0,0,0,0,0,0,0,0,0
110,184,2,0,16,4,unchanged,1,16,52224,26240,26240,26240,26240,26240,26240,26240,16,0,0,0,16,0,0,16,0,16,0,0,0,16,0,0,16,0,16,0,0,0,16,0,0,16,0,0,0,0,0,0,0,0,0,0,0,0,0,0,0
110,184,2,2,16,4,unchanged,1,16,52224,26240,26240,26272,26240,26272,26240,26272,16,0,0,0,0,16,0,0,16,16,0,0,0,0,16,0,0,16,16,0,0,0,0,16,0,0,16,0,0,0,0,0,0,0,0,0,0,0,0,0,0
110,184,2,4,16,4,unchanged,1,16,52224,26240,26240,26304,26240,26304,26240,26304,16,0,0,0,0,16,0,0,16,16,0,0,0,0,16,0,0,16,16,0,0,0,0,16,0,0,16,0,0,0,0,0,0,0,0,0,0,0,0,0,0
110,184,2,8,16,4,unchanged,1,16,52224,26240,26240,26368,26240,26368,26240,26368,16,0,0,0,0,16,0,0,16,16,0,0,0,0,16,0,0,16,16,0,0,0,0,16,0,0,16,0,0,0,0,0,0,0,0,0,0,0,0,0,0
110,184,2,0,16,4,one_edit,1,64,208896,154112,109056,106496,109056,106496,109056,106496,64,0,0,64,0,0,64,0,0,64,0,0,64,0,0,64,0,0,64,0,0,64,0,0,64,0,0,0,0,0,0,0,0,0,0,0,0,0,0,0,0
110,184,2,2,16,4,one_edit,1,64,208896,154112,109056,106624,109056,106624,109056,106624,64,0,0,64,0,0,64,0,0,64,0,0,64,0,0,64,0,0,64,0,0,64,0,0,64,0,0,0,0,0,0,0,0,0,0,0,0,0,0,0,0
110,184,2,4,16,4,one_edit,1,64,208896,154112,109056,106752,109056,106752,109056,106752,64,0,0,64,0,0,64,0,0,64,0,0,64,0,0,64,0,0,64,0,0,64,0,0,64,0,0,0,0,0,0,0,0,0,0,0,0,0,0,0,0
110,184,2,8,16,4,one_edit,1,64,208896,154112,109056,107008,109056,107008,109056,107008,64,0,0,64,0,0,64,0,0,64,0,0,64,0,0,64,0,0,64,0,0,64,0,0,64,0,0,0,0,0,0,0,0,0,0,0,0,0,0,0,0
110,184,2,0,16,4,far,1,176,574464,409216,299904,297088,299904,297088,299904,297088,176,0,0,176,0,0,160,16,0,176,0,0,176,0,0,160,16,0,176,0,0,176,0,0,160,16,0,0,0,0,0,0,0,0,0,0,0,0,0,0,0
110,184,2,2,16,4,far,1,176,574464,409216,299904,297440,299904,297440,299904,297440,176,0,0,176,0,0,160,0,16,176,0,0,176,0,0,160,0,16,176,0,0,176,0,0,160,0,16,0,0,0,0,0,0,0,0,0,0,0,0,0,0
110,184,2,4,16,4,far,1,176,574464,409216,299904,297792,299904,297792,299904,297792,176,0,0,176,0,0,160,0,16,176,0,0,176,0,0,160,0,16,176,0,0,176,0,0,160,0,16,0,0,0,0,0,0,0,0,0,0,0,0,0,0
110,184,2,8,16,4,far,1,176,574464,409216,299904,298496,299904,298496,299904,298496,176,0,0,176,0,0,96,64,16,176,0,0,176,0,0,96,64,16,176,0,0,176,0,0,96,64,16,0,0,0,0,0,0,0,0,0,0,0,0,0,0
110,184,4,0,1,1,unchanged,1,16,6400,2688,2688,2688,2688,2688,2688,2688,16,0,0,0,16,0,0,16,0,16,0,0,0,16,0,0,16,0,16,0,0,0,16,0,0,16,0,0,0,0,0,0,0,0,0,0,0,0,0,0,0
110,184,4,2,1,1,unchanged,1,16,6400,2688,2688,2720,2688,2720,2688,2720,16,0,0,0,0,16,0,0,16,16,0,0,0,0,16,0,0,16,16,0,0,0,0,16,0,0,16,0,0,0,0,0,0,0,0,0,0,0,0,0,0
110,184,4,4,1,1,unchanged,1,16,6400,2688,2688,2752,2688,2752,2688,2752,16,0,0,0,0,16,0,0,16,16,0,0,0,0,16,0,0,16,16,0,0,0,0,16,0,0,16,0,0,0,0,0,0,0,0,0,0,0,0,0,0
110,184,4,8,1,1,unchanged,1,16,6400,2688,2688,2816,2688,2816,2688,2816,16,0,0,0,0,16,0,0,16,16,0,0,0,0,16,0,0,16,16,0,0,0,0,16,0,0,16,0,0,0,0,0,0,0,0,0,0,0,0,0,0
110,184,4,0,1,1,one_edit,1,64,25600,12288,11776,11136,11776,11136,11776,11136,64,0,0,64,0,0,64,0,0,64,0,0,64,0,0,64,0,0,64,0,0,64,0,0,64,0,0,0,0,0,0,0,0,0,0,0,0,0,0,0,0
110,184,4,2,1,1,one_edit,1,64,25600,12288,11776,11264,11776,11264,11776,11264,64,0,0,64,0,0,64,0,0,64,0,0,64,0,0,64,0,0,64,0,0,64,0,0,64,0,0,0,0,0,0,0,0,0,0,0,0,0,0,0,0
110,184,4,4,1,1,one_edit,1,64,25600,12288,11776,11392,11776,11392,11776,11392,64,0,0,64,0,0,64,0,0,64,0,0,64,0,0,64,0,0,64,0,0,64,0,0,64,0,0,0,0,0,0,0,0,0,0,0,0,0,0,0,0
110,184,4,8,1,1,one_edit,1,64,25600,12288,11776,11648,11776,11648,11776,11648,64,0,0,64,0,0,64,0,0,64,0,0,64,0,0,64,0,0,64,0,0,64,0,0,64,0,0,0,0,0,0,0,0,0,0,0,0,0,0,0,0
110,184,4,0,1,1,far,1,176,70400,33336,32232,31656,32384,31680,32384,31680,176,0,0,170,6,0,160,16,0,176,0,0,170,0,6,160,16,0,176,0,0,170,0,6,160,16,0,38,152,4,38,152,4,0,6,24,4,6,24,4,0
110,184,4,2,1,1,far,1,176,70400,33336,32232,32008,32384,32032,32384,32032,176,0,0,138,32,6,64,96,16,176,0,0,138,32,6,96,64,16,176,0,0,138,32,6,96,64,16,38,152,4,38,152,4,0,6,24,4,6,24,4,0
110,184,4,4,1,1,far,1,176,70400,33336,32232,32360,32384,32384,32384,32384,176,0,0,138,0,38,64,0,112,176,0,0,138,0,38,96,0,80,176,0,0,138,0,38,96,0,80,38,152,4,38,152,4,0,6,24,4,6,24,4,0
110,184,4,8,1,1,far,1,176,70400,33336,32232,33064,32384,33088,32384,33088,176,0,0,128,10,38,0,0,176,176,0,0,128,10,38,0,0,176,176,0,0,128,10,38,0,0,176,38,152,4,38,152,4,0,6,24,4,6,24,4,0
110,184,4,0,1,2,unchanged,1,16,7680,3200,3200,3200,3200,3200,3200,3200,16,0,0,0,16,0,0,16,0,16,0,0,0,16,0,0,16,0,16,0,0,0,16,0,0,16,0,0,0,0,0,0,0,0,0,0,0,0,0,0,0
110,184,4,2,1,2,unchanged,1,16,7680,3200,3200,3232,3200,3232,3200,3232,16,0,0,0,0,16,0,0,16,16,0,0,0,0,16,0,0,16,16,0,0,0,0,16,0,0,16,0,0,0,0,0,0,0,0,0,0,0,0,0,0
110,184,4,4,1,2,unchanged,1,16,7680,3200,3200,3264,3200,3264,3200,3264,16,0,0,0,0,16,0,0,16,16,0,0,0,0,16,0,0,16,16,0,0,0,0,16,0,0,16,0,0,0,0,0,0,0,0,0,0,0,0,0,0
110,184,4,8,1,2,unchanged,1,16,7680,3200,3200,3328,3200,3328,3200,3328,16,0,0,0,0,16,0,0,16,16,0,0,0,0,16,0,0,16,16,0,0,0,0,16,0,0,16,0,0,0,0,0,0,0,0,0,0,0,0,0,0
110,184,4,0,1,2,one_edit,1,64,30720,15872,14848,13568,14848,13568,14848,13568,64,0,0,64,0,0,64,0,0,64,0,0,64,0,0,64,0,0,64,0,0,64,0,0,64,0,0,0,0,0,0,0,0,0,0,0,0,0,0,0,0
110,184,4,2,1,2,one_edit,1,64,30720,15872,14848,13696,14848,13696,14848,13696,64,0,0,64,0,0,64,0,0,64,0,0,64,0,0,64,0,0,64,0,0,64,0,0,64,0,0,0,0,0,0,0,0,0,0,0,0,0,0,0,0
110,184,4,4,1,2,one_edit,1,64,30720,15872,14848,13824,14848,13824,14848,13824,64,0,0,64,0,0,64,0,0,64,0,0,64,0,0,64,0,0,64,0,0,64,0,0,64,0,0,0,0,0,0,0,0,0,0,0,0,0,0,0,0
110,184,4,8,1,2,one_edit,1,64,30720,15872,14848,14080,14848,14080,14848,14080,64,0,0,64,0,0,64,0,0,64,0,0,64,0,0,64,0,0,64,0,0,64,0,0,64,0,0,0,0,0,0,0,0,0,0,0,0,0,0,0,0
110,184,4,0,1,2,far,1,176,84480,42736,40528,39376,40832,39424,40832,39424,176,0,0,170,6,0,160,16,0,176,0,0,170,0,6,160,16,0,176,0,0,170,0,6,160,16,0,38,304,8,38,304,8,0,6,48,8,6,48,8,0
110,184,4,2,1,2,far,1,176,84480,42736,40528,39728,40832,39776,40832,39776,176,0,0,170,0,6,160,0,16,176,0,0,170,0,6,160,0,16,176,0,0,170,0,6,160,0,16,38,304,8,38,304,8,0,6,48,8,6,48,8,0
110,184,4,4,1,2,far,1,176,84480,42736,40528,40080,40832,40128,40832,40128,176,0,0,138,32,6,64,96,16,176,0,0,138,32,6,96,64,16,176,0,0,138,32,6,96,64,16,38,304,8,38,304,8,0,6,48,8,6,48,8,0
110,184,4,8,1,2,far,1,176,84480,42736,40528,40784,40832,40832,40832,40832,176,0,0,138,0,38,64,0,112,176,0,0,138,0,38,96,0,80,176,0,0,138,0,38,96,0,80,38,304,8,38,304,8,0,6,48,8,6,48,8,0
110,184,4,0,1,4,unchanged,1,16,10240,4224,4224,4224,4224,4224,4224,4224,16,0,0,0,16,0,0,16,0,16,0,0,0,16,0,0,16,0,16,0,0,0,16,0,0,16,0,0,0,0,0,0,0,0,0,0,0,0,0,0,0
110,184,4,2,1,4,unchanged,1,16,10240,4224,4224,4256,4224,4256,4224,4256,16,0,0,0,0,16,0,0,16,16,0,0,0,0,16,0,0,16,16,0,0,0,0,16,0,0,16,0,0,0,0,0,0,0,0,0,0,0,0,0,0
110,184,4,4,1,4,unchanged,1,16,10240,4224,4224,4288,4224,4288,4224,4288,16,0,0,0,0,16,0,0,16,16,0,0,0,0,16,0,0,16,16,0,0,0,0,16,0,0,16,0,0,0,0,0,0,0,0,0,0,0,0,0,0
110,184,4,8,1,4,unchanged,1,16,10240,4224,4224,4352,4224,4352,4224,4352,16,0,0,0,0,16,0,0,16,16,0,0,0,0,16,0,0,16,16,0,0,0,0,16,0,0,16,0,0,0,0,0,0,0,0,0,0,0,0,0,0
110,184,4,0,1,4,one_edit,1,64,40960,23040,20992,18432,20992,18432,20992,18432,64,0,0,64,0,0,64,0,0,64,0,0,64,0,0,64,0,0,64,0,0,64,0,0,64,0,0,0,0,0,0,0,0,0,0,0,0,0,0,0,0
110,184,4,2,1,4,one_edit,1,64,40960,23040,20992,18560,20992,18560,20992,18560,64,0,0,64,0,0,64,0,0,64,0,0,64,0,0,64,0,0,64,0,0,64,0,0,64,0,0,0,0,0,0,0,0,0,0,0,0,0,0,0,0
110,184,4,4,1,4,one_edit,1,64,40960,23040,20992,18688,20992,18688,20992,18688,64,0,0,64,0,0,64,0,0,64,0,0,64,0,0,64,0,0,64,0,0,64,0,0,64,0,0,0,0,0,0,0,0,0,0,0,0,0,0,0,0
110,184,4,8,1,4,one_edit,1,64,40960,23040,20992,18944,20992,18944,20992,18944,64,0,0,64,0,0,64,0,0,64,0,0,64,0,0,64,0,0,64,0,0,64,0,0,64,0,0,0,0,0,0,0,0,0,0,0,0,0,0,0,0
110,184,4,0,1,4,far,1,176,112640,61536,57120,54816,57728,54912,57728,54912,176,0,0,170,6,0,160,16,0,176,0,0,170,0,6,160,16,0,176,0,0,170,0,6,160,16,0,38,608,16,38,608,16,0,6,96,16,6,96,16,0
110,184,4,2,1,4,far,1,176,112640,61536,57120,55168,57728,55264,57728,55264,176,0,0,170,0,6,160,0,16,176,0,0,170,0,6,160,0,16,176,0,0,170,0,6,160,0,16,38,608,16,38,608,16,0,6,96,16,6,96,16,0
110,184,4,4,1,4,far,1,176,112640,61536,57120,55520,57728,55616,57728,55616,176,0,0,170,0,6,160,0,16,176,0,0,170,0,6,160,0,16,176,0,0,170,0,6,160,0,16,38,608,16,38,608,16,0,6,96,16,6,96,16,0
110,184,4,8,1,4,far,1,176,112640,61536,57120,56224,57728,56320,57728,56320,176,0,0,138,32,6,64,96,16,176,0,0,138,32,6,96,64,16,176,0,0,138,32,6,96,64,16,38,608,16,38,608,16,0,6,96,16,6,96,16,0
110,184,4,0,4,1,unchanged,1,16,10240,4224,4224,4224,4224,4224,4224,4224,16,0,0,0,16,0,0,16,0,16,0,0,0,16,0,0,16,0,16,0,0,0,16,0,0,16,0,0,0,0,0,0,0,0,0,0,0,0,0,0,0
110,184,4,2,4,1,unchanged,1,16,10240,4224,4224,4256,4224,4256,4224,4256,16,0,0,0,0,16,0,0,16,16,0,0,0,0,16,0,0,16,16,0,0,0,0,16,0,0,16,0,0,0,0,0,0,0,0,0,0,0,0,0,0
110,184,4,4,4,1,unchanged,1,16,10240,4224,4224,4288,4224,4288,4224,4288,16,0,0,0,0,16,0,0,16,16,0,0,0,0,16,0,0,16,16,0,0,0,0,16,0,0,16,0,0,0,0,0,0,0,0,0,0,0,0,0,0
110,184,4,8,4,1,unchanged,1,16,10240,4224,4224,4352,4224,4352,4224,4352,16,0,0,0,0,16,0,0,16,16,0,0,0,0,16,0,0,16,16,0,0,0,0,16,0,0,16,0,0,0,0,0,0,0,0,0,0,0,0,0,0
110,184,4,0,4,1,one_edit,1,64,40960,23040,17920,17280,17920,17280,17920,17280,64,0,0,64,0,0,64,0,0,64,0,0,64,0,0,64,0,0,64,0,0,64,0,0,64,0,0,0,0,0,0,0,0,0,0,0,0,0,0,0,0
110,184,4,2,4,1,one_edit,1,64,40960,23040,17920,17408,17920,17408,17920,17408,64,0,0,64,0,0,64,0,0,64,0,0,64,0,0,64,0,0,64,0,0,64,0,0,64,0,0,0,0,0,0,0,0,0,0,0,0,0,0,0,0
110,184,4,4,4,1,one_edit,1,64,40960,23040,17920,17536,17920,17536,17920,17536,64,0,0,64,0,0,64,0,0,64,0,0,64,0,0,64,0,0,64,0,0,64,0,0,64,0,0,0,0,0,0,0,0,0,0,0,0,0,0,0,0
110,184,4,8,4,1,one_edit,1,64,40960,23040,17920,17792,17920,17792,17920,17792,64,0,0,64,0,0,64,0,0,64,0,0,64,0,0,64,0,0,64,0,0,64,0,0,64,0,0,0,0,0,0,0,0,0,0,0,0,0,0,0,0
110,184,4,0,4,1,far,1,176,112640,61536,49280,48576,49280,48576,49280,48576,176,0,0,176,0,0,160,16,0,176,0,0,176,0,0,160,16,0,176,0,0,176,0,0,160,16,0,0,0,0,0,0,0,0,0,0,0,0,0,0,0
110,184,4,2,4,1,far,1,176,112640,61536,49280,48928,49280,48928,49280,48928,176,0,0,176,0,0,96,64,16,176,0,0,176,0,0,96,64,16,176,0,0,176,0,0,96,64,16,0,0,0,0,0,0,0,0,0,0,0,0,0,0
110,184,4,4,4,1,far,1,176,112640,61536,49280,49280,49280,49280,49280,49280,176,0,0,176,0,0,96,0,80,176,0,0,176,0,0,96,0,80,176,0,0,176,0,0,96,0,80,0,0,0,0,0,0,0,0,0,0,0,0,0,0
110,184,4,8,4,1,far,1,176,112640,61536,49280,49984,49280,49984,49280,49984,176,0,0,176,0,0,0,0,176,176,0,0,176,0,0,0,0,176,176,0,0,176,0,0,0,0,176,0,0,0,0,0,0,0,0,0,0,0,0,0,0
110,184,4,0,4,2,unchanged,1,16,15360,6272,6272,6272,6272,6272,6272,6272,16,0,0,0,16,0,0,16,0,16,0,0,0,16,0,0,16,0,16,0,0,0,16,0,0,16,0,0,0,0,0,0,0,0,0,0,0,0,0,0,0
110,184,4,2,4,2,unchanged,1,16,15360,6272,6272,6304,6272,6304,6272,6304,16,0,0,0,0,16,0,0,16,16,0,0,0,0,16,0,0,16,16,0,0,0,0,16,0,0,16,0,0,0,0,0,0,0,0,0,0,0,0,0,0
110,184,4,4,4,2,unchanged,1,16,15360,6272,6272,6336,6272,6336,6272,6336,16,0,0,0,0,16,0,0,16,16,0,0,0,0,16,0,0,16,16,0,0,0,0,16,0,0,16,0,0,0,0,0,0,0,0,0,0,0,0,0,0
110,184,4,8,4,2,unchanged,1,16,15360,6272,6272,6400,6272,6400,6272,6400,16,0,0,0,0,16,0,0,16,16,0,0,0,0,16,0,0,16,16,0,0,0,0,16,0,0,16,0,0,0,0,0,0,0,0,0,0,0,0,0,0
110,184,4,0,4,2,one_edit,1,64,61440,37376,27136,25856,27136,25856,27136,25856,64,0,0,64,0,0,64,0,0,64,0,0,64,0,0,64,0,0,64,0,0,64,0,0,64,0,0,0,0,0,0,0,0,0,0,0,0,0,0,0,0
110,184,4,2,4,2,one_edit,1,64,61440,37376,27136,25984,27136,25984,27136,25984,64,0,0,64,0,0,64,0,0,64,0,0,64,0,0,64,0,0,64,0,0,64,0,0,64,0,0,0,0,0,0,0,0,0,0,0,0,0,0,0,0
110,184,4,4,4,2,one_edit,1,64,61440,37376,27136,26112,27136,26112,27136,26112,64,0,0,64,0,0,64,0,0,64,0,0,64,0,0,64,0,0,64,0,0,64,0,0,64,0,0,0,0,0,0,0,0,0,0,0,0,0,0,0,0
110,184,4,8,4,2,one_edit,1,64,61440,37376,27136,26368,27136,26368,27136,26368,64,0,0,64,0,0,64,0,0,64,0,0,64,0,0,64,0,0,64,0,0,64,0,0,64,0,0,0,0,0,0,0,0,0,0,0,0,0,0,0,0
110,184,4,0,4,2,far,1,176,168960,99136,74624,73216,74624,73216,74624,73216,176,0,0,176,0,0,160,16,0,176,0,0,176,0,0,160,16,0,176,0,0,176,0,0,160,16,0,0,0,0,0,0,0,0,0,0,0,0,0,0,0
110,184,4,2,4,2,far,1,176,168960,99136,74624,73568,74624,73568,74624,73568,176,0,0,176,0,0,160,0,16,176,0,0,176,0,0,160,0,16,176,0,0,176,0,0,160,0,16,0,0,0,0,0,0,0,0,0,0,0,0,0,0
110,184,4,4,4,2,far,1,176,168960,99136,74624,73920,74624,73920,74624,73920,176,0,0,176,0,0,96,64,16,176,0,0,176,0,0,96,64,16,176,0,0,176,0,0,96,64,16,0,0,0,0,0,0,0,0,0,0,0,0,0,0
110,184,4,8,4,2,far,1,176,168960,99136,74624,74624,74624,74624,74624,74624,176,0,0,176,0,0,96,0,80,176,0,0,176,0,0,96,0,80,176,0,0,176,0,0,96,0,80,0,0,0,0,0,0,0,0,0,0,0,0,0,0
110,184,4,0,4,4,unchanged,1,16,25600,10368,10368,10368,10368,10368,10368,10368,16,0,0,0,16,0,0,16,0,16,0,0,0,16,0,0,16,0,16,0,0,0,16,0,0,16,0,0,0,0,0,0,0,0,0,0,0,0,0,0,0
110,184,4,2,4,4,unchanged,1,16,25600,10368,10368,10400,10368,10400,10368,10400,16,0,0,0,0,16,0,0,16,16,0,0,0,0,16,0,0,16,16,0,0,0,0,16,0,0,16,0,0,0,0,0,0,0,0,0,0,0,0,0,0
110,184,4,4,4,4,unchanged,1,16,25600,10368,10368,10432,10368,10432,10368,10432,16,0,0,0,0,16,0,0,16,16,0,0,0,0,16,0,0,16,16,0,0,0,0,16,0,0,16,0,0,0,0,0,0,0,0,0,0,0,0,0,0
110,184,4,8,4,4,unchanged,1,16,25600,10368,10368,10496,10368,10496,10368,10496,16,0,0,0,0,16,0,0,16,16,0,0,0,0,16,0,0,16,16,0,0,0,0,16,0,0,16,0,0,0,0,0,0,0,0,0,0,0,0,0,0
110,184,4,0,4,4,one_edit,1,64,102400,66048,45568,43008,45568,43008,45568,43008,64,0,0,64,0,0,64,0,0,64,0,0,64,0,0,64,0,0,64,0,0,64,0,0,64,0,0,0,0,0,0,0,0,0,0,0,0,0,0,0,0
110,184,4,2,4,4,one_edit,1,64,102400,66048,45568,43136,45568,43136,45568,43136,64,0,0,64,0,0,64,0,0,64,0,0,64,0,0,64,0,0,64,0,0,64,0,0,64,0,0,0,0,0,0,0,0,0,0,0,0,0,0,0,0
110,184,4,4,4,4,one_edit,1,64,102400,66048,45568,43264,45568,43264,45568,43264,64,0,0,64,0,0,64,0,0,64,0,0,64,0,0,64,0,0,64,0,0,64,0,0,64,0,0,0,0,0,0,0,0,0,0,0,0,0,0,0,0
110,184,4,8,4,4,one_edit,1,64,102400,66048,45568,43520,45568,43520,45568,43520,64,0,0,64,0,0,64,0,0,64,0,0,64,0,0,64,0,0,64,0,0,64,0,0,64,0,0,0,0,0,0,0,0,0,0,0,0,0,0,0,0
110,184,4,0,4,4,far,1,176,281600,174336,125312,122496,125312,122496,125312,122496,176,0,0,176,0,0,160,16,0,176,0,0,176,0,0,160,16,0,176,0,0,176,0,0,160,16,0,0,0,0,0,0,0,0,0,0,0,0,0,0,0
110,184,4,2,4,4,far,1,176,281600,174336,125312,122848,125312,122848,125312,122848,176,0,0,176,0,0,160,0,16,176,0,0,176,0,0,160,0,16,176,0,0,176,0,0,160,0,16,0,0,0,0,0,0,0,0,0,0,0,0,0,0
110,184,4,4,4,4,far,1,176,281600,174336,125312,123200,125312,123200,125312,123200,176,0,0,176,0,0,160,0,16,176,0,0,176,0,0,160,0,16,176,0,0,176,0,0,160,0,16,0,0,0,0,0,0,0,0,0,0,0,0,0,0
110,184,4,8,4,4,far,1,176,281600,174336,125312,123904,125312,123904,125312,123904,176,0,0,176,0,0,96,64,16,176,0,0,176,0,0,96,64,16,176,0,0,176,0,0,96,64,16,0,0,0,0,0,0,0,0,0,0,0,0,0,0
110,184,4,0,16,1,unchanged,1,16,25600,10368,10368,10368,10368,10368,10368,10368,16,0,0,0,16,0,0,16,0,16,0,0,0,16,0,0,16,0,16,0,0,0,16,0,0,16,0,0,0,0,0,0,0,0,0,0,0,0,0,0,0
110,184,4,2,16,1,unchanged,1,16,25600,10368,10368,10400,10368,10400,10368,10400,16,0,0,0,0,16,0,0,16,16,0,0,0,0,16,0,0,16,16,0,0,0,0,16,0,0,16,0,0,0,0,0,0,0,0,0,0,0,0,0,0
110,184,4,4,16,1,unchanged,1,16,25600,10368,10368,10432,10368,10432,10368,10432,16,0,0,0,0,16,0,0,16,16,0,0,0,0,16,0,0,16,16,0,0,0,0,16,0,0,16,0,0,0,0,0,0,0,0,0,0,0,0,0,0
110,184,4,8,16,1,unchanged,1,16,25600,10368,10368,10496,10368,10496,10368,10496,16,0,0,0,0,16,0,0,16,16,0,0,0,0,16,0,0,16,16,0,0,0,0,16,0,0,16,0,0,0,0,0,0,0,0,0,0,0,0,0,0
110,184,4,0,16,1,one_edit,1,64,102400,66048,42496,41856,42496,41856,42496,41856,64,0,0,64,0,0,64,0,0,64,0,0,64,0,0,64,0,0,64,0,0,64,0,0,64,0,0,0,0,0,0,0,0,0,0,0,0,0,0,0,0
110,184,4,2,16,1,one_edit,1,64,102400,66048,42496,41984,42496,41984,42496,41984,64,0,0,64,0,0,64,0,0,64,0,0,64,0,0,64,0,0,64,0,0,64,0,0,64,0,0,0,0,0,0,0,0,0,0,0,0,0,0,0,0
110,184,4,4,16,1,one_edit,1,64,102400,66048,42496,42112,42496,42112,42496,42112,64,0,0,64,0,0,64,0,0,64,0,0,64,0,0,64,0,0,64,0,0,64,0,0,64,0,0,0,0,0,0,0,0,0,0,0,0,0,0,0,0
110,184,4,8,16,1,one_edit,1,64,102400,66048,42496,42368,42496,42368,42496,42368,64,0,0,64,0,0,64,0,0,64,0,0,64,0,0,64,0,0,64,0,0,64,0,0,64,0,0,0,0,0,0,0,0,0,0,0,0,0,0,0,0
110,184,4,0,16,1,far,1,176,281600,174336,116864,116160,116864,116160,116864,116160,176,0,0,176,0,0,160,16,0,176,0,0,176,0,0,160,16,0,176,0,0,176,0,0,160,16,0,0,0,0,0,0,0,0,0,0,0,0,0,0,0
110,184,4,2,16,1,far,1,176,281600,174336,116864,116512,116864,116512,116864,116512,176,0,0,176,0,0,96,64,16,176,0,0,176,0,0,96,64,16,176,0,0,176,0,0,96,64,16,0,0,0,0,0,0,0,0,0,0,0,0,0,0
110,184,4,4,16,1,far,1,176,281600,174336,116864,116864,116864,116864,116864,116864,176,0,0,176,0,0,96,0,80,176,0,0,176,0,0,96,0,80,176,0,0,176,0,0,96,0,80,0,0,0,0,0,0,0,0,0,0,0,0,0,0
110,184,4,8,16,1,far,1,176,281600,174336,116864,117568,116864,117568,116864,117568,176,0,0,176,0,0,0,0,176,176,0,0,176,0,0,0,0,176,176,0,0,176,0,0,0,0,176,0,0,0,0,0,0,0,0,0,0,0,0,0,0
110,184,4,0,16,2,unchanged,1,16,46080,18560,18560,18560,18560,18560,18560,18560,16,0,0,0,16,0,0,16,0,16,0,0,0,16,0,0,16,0,16,0,0,0,16,0,0,16,0,0,0,0,0,0,0,0,0,0,0,0,0,0,0
110,184,4,2,16,2,unchanged,1,16,46080,18560,18560,18592,18560,18592,18560,18592,16,0,0,0,0,16,0,0,16,16,0,0,0,0,16,0,0,16,16,0,0,0,0,16,0,0,16,0,0,0,0,0,0,0,0,0,0,0,0,0,0
110,184,4,4,16,2,unchanged,1,16,46080,18560,18560,18624,18560,18624,18560,18624,16,0,0,0,0,16,0,0,16,16,0,0,0,0,16,0,0,16,16,0,0,0,0,16,0,0,16,0,0,0,0,0,0,0,0,0,0,0,0,0,0
110,184,4,8,16,2,unchanged,1,16,46080,18560,18560,18688,18560,18688,18560,18688,16,0,0,0,0,16,0,0,16,16,0,0,0,0,16,0,0,16,16,0,0,0,0,16,0,0,16,0,0,0,0,0,0,0,0,0,0,0,0,0,0
110,184,4,0,16,2,one_edit,1,64,184320,123392,76288,75008,76288,75008,76288,75008,64,0,0,64,0,0,64,0,0,64,0,0,64,0,0,64,0,0,64,0,0,64,0,0,64,0,0,0,0,0,0,0,0,0,0,0,0,0,0,0,0
110,184,4,2,16,2,one_edit,1,64,184320,123392,76288,75136,76288,75136,76288,75136,64,0,0,64,0,0,64,0,0,64,0,0,64,0,0,64,0,0,64,0,0,64,0,0,64,0,0,0,0,0,0,0,0,0,0,0,0,0,0,0,0
110,184,4,4,16,2,one_edit,1,64,184320,123392,76288,75264,76288,75264,76288,75264,64,0,0,64,0,0,64,0,0,64,0,0,64,0,0,64,0,0,64,0,0,64,0,0,64,0,0,0,0,0,0,0,0,0,0,0,0,0,0,0,0
110,184,4,8,16,2,one_edit,1,64,184320,123392,76288,75520,76288,75520,76288,75520,64,0,0,64,0,0,64,0,0,64,0,0,64,0,0,64,0,0,64,0,0,64,0,0,64,0,0,0,0,0,0,0,0,0,0,0,0,0,0,0,0
110,184,4,0,16,2,far,1,176,506880,324736,209792,208384,209792,208384,209792,208384,176,0,0,176,0,0,160,16,0,176,0,0,176,0,0,160,16,0,176,0,0,176,0,0,160,16,0,0,0,0,0,0,0,0,0,0,0,0,0,0,0
110,184,4,2,16,2,far,1,176,506880,324736,209792,208736,209792,208736,209792,208736,176,0,0,176,0,0,160,0,16,176,0,0,176,0,0,160,0,16,176,0,0,176,0,0,160,0,16,0,0,0,0,0,0,0,0,0,0,0,0,0,0
110,184,4,4,16,2,far,1,176,506880,324736,209792,209088,209792,209088,209792,209088,176,0,0,176,0,0,96,64,16,176,0,0,176,0,0,96,64,16,176,0,0,176,0,0,96,64,16,0,0,0,0,0,0,0,0,0,0,0,0,0,0
110,184,4,8,16,2,far,1,176,506880,324736,209792,209792,209792,209792,209792,209792,176,0,0,176,0,0,96,0,80,176,0,0,176,0,0,96,0,80,176,0,0,176,0,0,96,0,80,0,0,0,0,0,0,0,0,0,0,0,0,0,0
110,184,4,0,16,4,unchanged,1,16,87040,34944,34944,34944,34944,34944,34944,34944,16,0,0,0,16,0,0,16,0,16,0,0,0,16,0,0,16,0,16,0,0,0,16,0,0,16,0,0,0,0,0,0,0,0,0,0,0,0,0,0,0
110,184,4,2,16,4,unchanged,1,16,87040,34944,34944,34976,34944,34976,34944,34976,16,0,0,0,0,16,0,0,16,16,0,0,0,0,16,0,0,16,16,0,0,0,0,16,0,0,16,0,0,0,0,0,0,0,0,0,0,0,0,0,0
110,184,4,4,16,4,unchanged,1,16,87040,34944,34944,35008,34944,35008,34944,35008,16,0,0,0,0,16,0,0,16,16,0,0,0,0,16,0,0,16,16,0,0,0,0,16,0,0,16,0,0,0,0,0,0,0,0,0,0,0,0,0,0
110,184,4,8,16,4,unchanged,1,16,87040,34944,34944,35072,34944,35072,34944,35072,16,0,0,0,0,16,0,0,16,16,0,0,0,0,16,0,0,16,16,0,0,0,0,16,0,0,16,0,0,0,0,0,0,0,0,0,0,0,0,0,0
110,184,4,0,16,4,one_edit,1,64,348160,238080,143872,141312,143872,141312,143872,141312,64,0,0,64,0,0,64,0,0,64,0,0,64,0,0,64,0,0,64,0,0,64,0,0,64,0,0,0,0,0,0,0,0,0,0,0,0,0,0,0,0
110,184,4,2,16,4,one_edit,1,64,348160,238080,143872,141440,143872,141440,143872,141440,64,0,0,64,0,0,64,0,0,64,0,0,64,0,0,64,0,0,64,0,0,64,0,0,64,0,0,0,0,0,0,0,0,0,0,0,0,0,0,0,0
110,184,4,4,16,4,one_edit,1,64,348160,238080,143872,141568,143872,141568,143872,141568,64,0,0,64,0,0,64,0,0,64,0,0,64,0,0,64,0,0,64,0,0,64,0,0,64,0,0,0,0,0,0,0,0,0,0,0,0,0,0,0,0
110,184,4,8,16,4,one_edit,1,64,348160,238080,143872,141824,143872,141824,143872,141824,64,0,0,64,0,0,64,0,0,64,0,0,64,0,0,64,0,0,64,0,0,64,0,0,64,0,0,0,0,0,0,0,0,0,0,0,0,0,0,0,0
110,184,4,0,16,4,far,1,176,957440,625536,395648,392832,395648,392832,395648,392832,176,0,0,176,0,0,160,16,0,176,0,0,176,0,0,160,16,0,176,0,0,176,0,0,160,16,0,0,0,0,0,0,0,0,0,0,0,0,0,0,0
110,184,4,2,16,4,far,1,176,957440,625536,395648,393184,395648,393184,395648,393184,176,0,0,176,0,0,160,0,16,176,0,0,176,0,0,160,0,16,176,0,0,176,0,0,160,0,16,0,0,0,0,0,0,0,0,0,0,0,0,0,0
110,184,4,4,16,4,far,1,176,957440,625536,395648,393536,395648,393536,395648,393536,176,0,0,176,0,0,160,0,16,176,0,0,176,0,0,160,0,16,176,0,0,176,0,0,160,0,16,0,0,0,0,0,0,0,0,0,0,0,0,0,0
110,184,4,8,16,4,far,1,176,957440,625536,395648,394240,395648,394240,395648,394240,176,0,0,176,0,0,96,64,16,176,0,0,176,0,0,96,64,16,176,0,0,176,0,0,96,64,16,0,0,0,0,0,0,0,0,0,0,0,0,0,0
184,250,0,0,1,1,unchanged,0,16,1280,1408,1408,1408,1408,1408,1408,1408,0,0,16,0,16,0,0,16,0,0,0,16,0,16,0,0,16,0,0,0,16,0,16,0,0,16,0,0,0,0,0,0,0,0,0,0,0,0,0,0,0
184,250,0,2,1,1,unchanged,0,16,1280,1408,1408,1440,1408,1440,1408,1440,0,0,16,0,0,16,0,0,16,0,0,16,0,0,16,0,0,16,0,0,16,0,0,16,0,0,16,0,0,0,0,0,0,0,0,0,0,0,0,0,0
184,250,0,4,1,1,unchanged,0,16,1280,1408,1408,1472,1408,1472,1408,1472,0,0,16,0,0,16,0,0,16,0,0,16,0,0,16,0,0,16,0,0,16,0,0,16,0,0,16,0,0,0,0,0,0,0,0,0,0,0,0,0,0
184,250,0,8,1,1,unchanged,0,16,1280,1408,1408,1536,1408,1536,1408,1536,0,0,16,0,0,16,0,0,16,0,0,16,0,0,16,0,0,16,0,0,16,0,0,16,0,0,16,0,0,0,0,0,0,0,0,0,0,0,0,0,0
184,250,0,0,1,1,one_edit,0,64,5120,5632,5632,5632,5632,5632,5632,5632,0,0,64,0,64,0,0,64,0,0,0,64,0,64,0,0,64,0,0,0,64,0,64,0,0,64,0,0,0,0,0,0,0,0,0,0,0,0,0,0,0
184,250,0,2,1,1,one_edit,0,64,5120,5632,5632,5760,5632,5760,5632,5760,0,0,64,0,0,64,0,0,64,0,0,64,0,0,64,0,0,64,0,0,64,0,0,64,0,0,64,0,0,0,0,0,0,0,0,0,0,0,0,0,0
184,250,0,4,1,1,one_edit,0,64,5120,5632,5632,5888,5632,5888,5632,5888,0,0,64,0,0,64,0,0,64,0,0,64,0,0,64,0,0,64,0,0,64,0,0,64,0,0,64,0,0,0,0,0,0,0,0,0,0,0,0,0,0
184,250,0,8,1,1,one_edit,0,64,5120,5632,5632,6144,5632,6144,5632,6144,0,0,64,0,0,64,0,0,64,0,0,64,0,0,64,0,0,64,0,0,64,0,0,64,0,0,64,0,0,0,0,0,0,0,0,0,0,0,0,0,0
184,250,0,0,1,1,far,0,176,14080,15488,15488,15488,15488,15488,15488,15488,0,0,176,0,176,0,0,176,0,0,0,176,0,176,0,0,176,0,0,0,176,0,176,0,0,176,0,0,0,0,0,0,0,0,0,0,0,0,0,0,0
184,250,0,2,1,1,far,0,176,14080,15488,15488,15840,15488,15840,15488,15840,0,0,176,0,0,176,0,0,176,0,0,176,0,0,176,0,0,176,0,0,176,0,0,176,0,0,176,0,0,0,0,0,0,0,0,0,0,0,0,0,0
184,250,0,4,1,1,far,0,176,14080,15488,15488,16192,15488,16192,15488,16192,0,0,176,0,0,176,0,0,176,0,0,176,0,0,176,0,0,176,0,0,176,0,0,176,0,0,176,0,0,0,0,0,0,0,0,0,0,0,0,0,0
184,250,0,8,1,1,far,0,176,14080,15488,15488,16896,15488,16896,15488,16896,0,0,176,0,0,176,0,0,176,0,0,176,0,0,176,0,0,176,0,0,176,0,0,176,0,0,176,0,0,0,0,0,0,0,0,0,0,0,0,0,0
184,250,0,0,1,2,unchanged,0,16,1536,1664,1664,1664,1664,1664,1664,1664,0,0,16,0,16,0,0,16,0,0,0,16,0,16,0,0,16,0,0,0,16,0,16,0,0,16,0,0,0,0,0,0,0,0,0,0,0,0,0,0,0
184,250,0,2,1,2,unchanged,0,16,1536,1664,1664,1696,1664,1696,1664,1696,0,0,16,0,0,16,0,0,16,0,0,16,0,0,16,0,0,16,0,0,16,0,0,16,0,0,16,0,0,0,0,0,0,0,0,0,0,0,0,0,0
184,250,0,4,1,2,unchanged,0,16,1536,1664,1664,1728,1664,1728,1664,1728,0,0,16,0,0,16,0,0,16,0,0,16,0,0,16,0,0,16,0,0,16,0,0,16,0,0,16,0,0,0,0,0,0,0,0,0,0,0,0,0,0
184,250,0,8,1,2,unchanged,0,16,1536,1664,1664,1792,1664,1792,1664,1792,0,0,16,0,0,16,0,0,16,0,0,16,0,0,16,0,0,16,0,0,16,0,0,16,0,0,16,0,0,0,0,0,0,0,0,0,0,0,0,0,0
184,250,0,0,1,2,one_edit,0,64,6144,6656,6656,6656,6656,6656,6656,6656,0,0,64,0,64,0,0,64,0,0,0,64,0,64,0,0,64,0,0,0,64,0,64,0,0,64,0,0,0,0,0,0,0,0,0,0,0,0,0,0,0
184,250,0,2,1,2,one_edit,0,64,6144,6656,6656,6784,6656,6784,6656,6784,0,0,64,0,0,64,0,0,64,0,0,64,0,0,64,0,0,64,0,0,64,0,0,64,0,0,64,0,0,0,0,0,0,0,0,0,0,0,0,0,0
184,250,0,4,1,2,one_edit,0,64,6144,6656,6656,6912,6656,6912,6656,6912,0,0,64,0,0,64,0,0,64,0,0,64,0,0,64,0,0,64,0,0,64,0,0,64,0,0,64,0,0,0,0,0,0,0,0,0,0,0,0,0,0
184,250,0,8,1,2,one_edit,0,64,6144,6656,6656,7168,6656,7168,6656,7168,0,0,64,0,0,64,0,0,64,0,0,64,0,0,64,0,0,64,0,0,64,0,0,64,0,0,64,0,0,0,0,0,0,0,0,0,0,0,0,0,0
184,250,0,0,1,2,far,0,176,16896,18304,18304,18304,18304,18304,18304,18304,0,0,176,0,176,0,0,176,0,0,0,176,0,176,0,0,176,0,0,0,176,0,176,0,0,176,0,0,0,0,0,0,0,0,0,0,0,0,0,0,0
184,250,0,2,1,2,far,0,176,16896,18304,18304,18656,18304,18656,18304,18656,0,0,176,0,0,176,0,0,176,0,0,176,0,0,176,0,0,176,0,0,176,0,0,176,0,0,176,0,0,0,0,0,0,0,0,0,0,0,0,0,0
184,250,0,4,1,2,far,0,176,16896,18304,18304,19008,18304,19008,18304,19008,0,0,176,0,0,176,0,0,176,0,0,176,0,0,176,0,0,176,0,0,176,0,0,176,0,0,176,0,0,0,0,0,0,0,0,0,0,0,0,0,0
184,250,0,8,1,2,far,0,176,16896,18304,18304,19712,18304,19712,18304,19712,0,0,176,0,0,176,0,0,176,0,0,176,0,0,176,0,0,176,0,0,176,0,0,176,0,0,176,0,0,0,0,0,0,0,0,0,0,0,0,0,0
184,250,0,0,1,4,unchanged,0,16,2048,2176,2176,2176,2176,2176,2176,2176,0,0,16,0,16,0,0,16,0,0,0,16,0,16,0,0,16,0,0,0,16,0,16,0,0,16,0,0,0,0,0,0,0,0,0,0,0,0,0,0,0
184,250,0,2,1,4,unchanged,0,16,2048,2176,2176,2208,2176,2208,2176,2208,0,0,16,0,0,16,0,0,16,0,0,16,0,0,16,0,0,16,0,0,16,0,0,16,0,0,16,0,0,0,0,0,0,0,0,0,0,0,0,0,0
184,250,0,4,1,4,unchanged,0,16,2048,2176,2176,2240,2176,2240,2176,2240,0,0,16,0,0,16,0,0,16,0,0,16,0,0,16,0,0,16,0,0,16,0,0,16,0,0,16,0,0,0,0,0,0,0,0,0,0,0,0,0,0
184,250,0,8,1,4,unchanged,0,16,2048,2176,2176,2304,2176,2304,2176,2304,0,0,16,0,0,16,0,0,16,0,0,16,0,0,16,0,0,16,0,0,16,0,0,16,0,0,16,0,0,0,0,0,0,0,0,0,0,0,0,0,0
184,250,0,0,1,4,one_edit,0,64,8192,8704,8704,8704,8704,8704,8704,8704,0,0,64,0,64,0,0,64,0,0,0,64,0,64,0,0,64,0,0,0,64,0,64,0,0,64,0,0,0,0,0,0,0,0,0,0,0,0,0,0,0
184,250,0,2,1,4,one_edit,0,64,8192,8704,8704,8832,8704,8832,8704,8832,0,0,64,0,0,64,0,0,64,0,0,64,0,0,64,0,0,64,0,0,64,0,0,64,0,0,64,0,0,0,0,0,0,0,0,0,0,0,0,0,0
184,250,0,4,1,4,one_edit,0,64,8192,8704,8704,8960,8704,8960,8704,8960,0,0,64,0,0,64,0,0,64,0,0,64,0,0,64,0,0,64,0,0,64,0,0,64,0,0,64,0,0,0,0,0,0,0,0,0,0,0,0,0,0
184,250,0,8,1,4,one_edit,0,64,8192,8704,8704,9216,8704,9216,8704,9216,0,0,64,0,0,64,0,0,64,0,0,64,0,0,64,0,0,64,0,0,64,0,0,64,0,0,64,0,0,0,0,0,0,0,0,0,0,0,0,0,0
184,250,0,0,1,4,far,0,176,22528,23936,23936,23936,23936,23936,23936,23936,0,0,176,0,176,0,0,176,0,0,0,176,0,176,0,0,176,0,0,0,176,0,176,0,0,176,0,0,0,0,0,0,0,0,0,0,0,0,0,0,0
184,250,0,2,1,4,far,0,176,22528,23936,23936,24288,23936,24288,23936,24288,0,0,176,0,0,176,0,0,176,0,0,176,0,0,176,0,0,176,0,0,176,0,0,176,0,0,176,0,0,0,0,0,0,0,0,0,0,0,0,0,0
184,250,0,4,1,4,far,0,176,22528,23936,23936,24640,23936,24640,23936,24640,0,0,176,0,0,176,0,0,176,0,0,176,0,0,176,0,0,176,0,0,176,0,0,176,0,0,176,0,0,0,0,0,0,0,0,0,0,0,0,0,0
184,250,0,8,1,4,far,0,176,22528,23936,23936,25344,23936,25344,23936,25344,0,0,176,0,0,176,0,0,176,0,0,176,0,0,176,0,0,176,0,0,176,0,0,176,0,0,176,0,0,0,0,0,0,0,0,0,0,0,0,0,0
184,250,0,0,4,1,unchanged,0,16,2048,2176,2176,2176,2176,2176,2176,2176,0,0,16,0,16,0,0,16,0,0,0,16,0,16,0,0,16,0,0,0,16,0,16,0,0,16,0,0,0,0,0,0,0,0,0,0,0,0,0,0,0
184,250,0,2,4,1,unchanged,0,16,2048,2176,2176,2208,2176,2208,2176,2208,0,0,16,0,0,16,0,0,16,0,0,16,0,0,16,0,0,16,0,0,16,0,0,16,0,0,16,0,0,0,0,0,0,0,0,0,0,0,0,0,0
184,250,0,4,4,1,unchanged,0,16,2048,2176,2176,2240,2176,2240,2176,2240,0,0,16,0,0,16,0,0,16,0,0,16,0,0,16,0,0,16,0,0,16,0,0,16,0,0,16,0,0,0,0,0,0,0,0,0,0,0,0,0,0
184,250,0,8,4,1,unchanged,0,16,2048,2176,2176,2304,2176,2304,2176,2304,0,0,16,0,0,16,0,0,16,0,0,16,0,0,16,0,0,16,0,0,16,0,0,16,0,0,16,0,0,0,0,0,0,0,0,0,0,0,0,0,0
184,250,0,0,4,1,one_edit,0,64,8192,8704,8704,8704,8704,8704,8704,8704,0,0,64,0,64,0,0,64,0,0,0,64,0,64,0,0,64,0,0,0,64,0,64,0,0,64,0,0,0,0,0,0,0,0,0,0,0,0,0,0,0
184,250,0,2,4,1,one_edit,0,64,8192,8704,8704,8832,8704,8832,8704,8832,0,0,64,0,0,64,0,0,64,0,0,64,0,0,64,0,0,64,0,0,64,0,0,64,0,0,64,0,0,0,0,0,0,0,0,0,0,0,0,0,0
184,250,0,4,4,1,one_edit,0,64,8192,8704,8704,8960,8704,8960,8704,8960,0,0,64,0,0,64,0,0,64,0,0,64,0,0,64,0,0,64,0,0,64,0,0,64,0,0,64,0,0,0,0,0,0,0,0,0,0,0,0,0,0
184,250,0,8,4,1,one_edit,0,64,8192,8704,8704,9216,8704,9216,8704,9216,0,0,64,0,0,64,0,0,64,0,0,64,0,0,64,0,0,64,0,0,64,0,0,64,0,0,64,0,0,0,0,0,0,0,0,0,0,0,0,0,0
184,250,0,0,4,1,far,0,176,22528,23936,23936,23936,23936,23936,23936,23936,0,0,176,0,176,0,0,176,0,0,0,176,0,176,0,0,176,0,0,0,176,0,176,0,0,176,0,0,0,0,0,0,0,0,0,0,0,0,0,0,0
184,250,0,2,4,1,far,0,176,22528,23936,23936,24288,23936,24288,23936,24288,0,0,176,0,0,176,0,0,176,0,0,176,0,0,176,0,0,176,0,0,176,0,0,176,0,0,176,0,0,0,0,0,0,0,0,0,0,0,0,0,0
184,250,0,4,4,1,far,0,176,22528,23936,23936,24640,23936,24640,23936,24640,0,0,176,0,0,176,0,0,176,0,0,176,0,0,176,0,0,176,0,0,176,0,0,176,0,0,176,0,0,0,0,0,0,0,0,0,0,0,0,0,0
184,250,0,8,4,1,far,0,176,22528,23936,23936,25344,23936,25344,23936,25344,0,0,176,0,0,176,0,0,176,0,0,176,0,0,176,0,0,176,0,0,176,0,0,176,0,0,176,0,0,0,0,0,0,0,0,0,0,0,0,0,0
184,250,0,0,4,2,unchanged,0,16,3072,3200,3200,3200,3200,3200,3200,3200,0,0,16,0,16,0,0,16,0,0,0,16,0,16,0,0,16,0,0,0,16,0,16,0,0,16,0,0,0,0,0,0,0,0,0,0,0,0,0,0,0
184,250,0,2,4,2,unchanged,0,16,3072,3200,3200,3232,3200,3232,3200,3232,0,0,16,0,0,16,0,0,16,0,0,16,0,0,16,0,0,16,0,0,16,0,0,16,0,0,16,0,0,0,0,0,0,0,0,0,0,0,0,0,0
184,250,0,4,4,2,unchanged,0,16,3072,3200,3200,3264,3200,3264,3200,3264,0,0,16,0,0,16,0,0,16,0,0,16,0,0,16,0,0,16,0,0,16,0,0,16,0,0,16,0,0,0,0,0,0,0,0,0,0,0,0,0,0
184,250,0,8,4,2,unchanged,0,16,3072,3200,3200,3328,3200,3328,3200,3328,0,0,16,0,0,16,0,0,16,0,0,16,0,0,16,0,0,16,0,0,16,0,0,16,0,0,16,0,0,0,0,0,0,0,0,0,0,0,0,0,0
184,250,0,0,4,2,one_edit,0,64,12288,12800,12800,12800,12800,12800,12800,12800,0,0,64,0,64,0,0,64,0,0,0,64,0,64,0,0,64,0,0,0,64,0,64,0,0,64,0,0,0,0,0,0,0,0,0,0,0,0,0,0,0
184,250,0,2,4,2,one_edit,0,64,12288,12800,12800,12928,12800,12928,12800,12928,0,0,64,0,0,64,0,0,64,0,0,64,0,0,64,0,0,64,0,0,64,0,0,64,0,0,64,0,0,0,0,0,0,0,0,0,0,0,0,0,0
184,250,0,4,4,2,one_edit,0,64,12288,12800,12800,13056,12800,13056,12800,13056,0,0,64,0,0,64,0,0,64,0,0,64,0,0,64,0,0,64,0,0,64,0,0,64,0,0,64,0,0,0,0,0,0,0,0,0,0,0,0,0,0
184,250,0,8,4,2,one_edit,0,64,12288,12800,12800,13312,12800,13312,12800,13312,0,0,64,0,0,64,0,0,64,0,0,64,0,0,64,0,0,64,0,0,64,0,0,64,0,0,64,0,0,0,0,0,0,0,0,0,0,0,0,0,0
184,250,0,0,4,2,far,0,176,33792,35200,35200,35200,35200,35200,35200,35200,0,0,176,0,176,0,0,176,0,0,0,176,0,176,0,0,176,0,0,0,176,0,176,0,0,176,0,0,0,0,0,0,0,0,0,0,0,0,0,0,0
184,250,0,2,4,2,far,0,176,33792,35200,35200,35552,35200,35552,35200,35552,0,0,176,0,0,176,0,0,176,0,0,176,0,0,176,0,0,176,0,0,176,0,0,176,0,0,176,0,0,0,0,0,0,0,0,0,0,0,0,0,0
184,250,0,4,4,2,far,0,176,33792,35200,35200,35904,35200,35904,35200,35904,0,0,176,0,0,176,0,0,176,0,0,176,0,0,176,0,0,176,0,0,176,0,0,176,0,0,176,0,0,0,0,0,0,0,0,0,0,0,0,0,0
184,250,0,8,4,2,far,0,176,33792,35200,35200,36608,35200,36608,35200,36608,0,0,176,0,0,176,0,0,176,0,0,176,0,0,176,0,0,176,0,0,176,0,0,176,0,0,176,0,0,0,0,0,0,0,0,0,0,0,0,0,0
184,250,0,0,4,4,unchanged,0,16,5120,5248,5248,5248,5248,5248,5248,5248,0,0,16,0,16,0,0,16,0,0,0,16,0,16,0,0,16,0,0,0,16,0,16,0,0,16,0,0,0,0,0,0,0,0,0,0,0,0,0,0,0
184,250,0,2,4,4,unchanged,0,16,5120,5248,5248,5280,5248,5280,5248,5280,0,0,16,0,0,16,0,0,16,0,0,16,0,0,16,0,0,16,0,0,16,0,0,16,0,0,16,0,0,0,0,0,0,0,0,0,0,0,0,0,0
184,250,0,4,4,4,unchanged,0,16,5120,5248,5248,5312,5248,5312,5248,5312,0,0,16,0,0,16,0,0,16,0,0,16,0,0,16,0,0,16,0,0,16,0,0,16,0,0,16,0,0,0,0,0,0,0,0,0,0,0,0,0,0
184,250,0,8,4,4,unchanged,0,16,5120,5248,5248,5376,5248,5376,5248,5376,0,0,16,0,0,16,0,0,16,0,0,16,0,0,16,0,0,16,0,0,16,0,0,16,0,0,16,0,0,0,0,0,0,0,0,0,0,0,0,0,0
184,250,0,0,4,4,one_edit,0,64,20480,20992,20992,20992,20992,20992,20992,20992,0,0,64,0,64,0,0,64,0,0,0,64,0,64,0,0,64,0,0,0,64,0,64,0,0,64,0,0,0,0,0,0,0,0,0,0,0,0,0,0,0
184,250,0,2,4,4,one_edit,0,64,20480,20992,20992,21120,20992,21120,20992,21120,0,0,64,0,0,64,0,0,64,0,0,64,0,0,64,0,0,64,0,0,64,0,0,64,0,0,64,0,0,0,0,0,0,0,0,0,0,0,0,0,0
184,250,0,4,4,4,one_edit,0,64,20480,20992,20992,21248,20992,21248,20992,21248,0,0,64,0,0,64,0,0,64,0,0,64,0,0,64,0,0,64,0,0,64,0,0,64,0,0,64,0,0,0,0,0,0,0,0,0,0,0,0,0,0
184,250,0,8,4,4,one_edit,0,64,20480,20992,20992,21504,20992,21504,20992,21504,0,0,64,0,0,64,0,0,64,0,0,64,0,0,64,0,0,64,0,0,64,0,0,64,0,0,64,0,0,0,0,0,0,0,0,0,0,0,0,0,0
184,250,0,0,4,4,far,0,176,56320,57728,57728,57728,57728,57728,57728,57728,0,0,176,0,176,0,0,176,0,0,0,176,0,176,0,0,176,0,0,0,176,0,176,0,0,176,0,0,0,0,0,0,0,0,0,0,0,0,0,0,0
184,250,0,2,4,4,far,0,176,56320,57728,57728,58080,57728,58080,57728,58080,0,0,176,0,0,176,0,0,176,0,0,176,0,0,176,0,0,176,0,0,176,0,0,176,0,0,176,0,0,0,0,0,0,0,0,0,0,0,0,0,0
184,250,0,4,4,4,far,0,176,56320,57728,57728,58432,57728,58432,57728,58432,0,0,176,0,0,176,0,0,176,0,0,176,0,0,176,0,0,176,0,0,176,0,0,176,0,0,176,0,0,0,0,0,0,0,0,0,0,0,0,0,0
184,250,0,8,4,4,far,0,176,56320,57728,57728,59136,57728,59136,57728,59136,0,0,176,0,0,176,0,0,176,0,0,176,0,0,176,0,0,176,0,0,176,0,0,176,0,0,176,0,0,0,0,0,0,0,0,0,0,0,0,0,0
184,250,0,0,16,1,unchanged,0,16,5120,5248,5248,5248,5248,5248,5248,5248,0,0,16,0,16,0,0,16,0,0,0,16,0,16,0,0,16,0,0,0,16,0,16,0,0,16,0,0,0,0,0,0,0,0,0,0,0,0,0,0,0
184,250,0,2,16,1,unchanged,0,16,5120,5248,5248,5280,5248,5280,5248,5280,0,0,16,0,0,16,0,0,16,0,0,16,0,0,16,0,0,16,0,0,16,0,0,16,0,0,16,0,0,0,0,0,0,0,0,0,0,0,0,0,0
184,250,0,4,16,1,unchanged,0,16,5120,5248,5248,5312,5248,5312,5248,5312,0,0,16,0,0,16,0,0,16,0,0,16,0,0,16,0,0,16,0,0,16,0,0,16,0,0,16,0,0,0,0,0,0,0,0,0,0,0,0,0,0
184,250,0,8,16,1,unchanged,0,16,5120,5248,5248,5376,5248,5376,5248,5376,0,0,16,0,0,16,0,0,16,0,0,16,0,0,16,0,0,16,0,0,16,0,0,16,0,0,16,0,0,0,0,0,0,0,0,0,0,0,0,0,0
184,250,0,0,16,1,one_edit,0,64,20480,20992,20992,20992,20992,20992,20992,20992,0,0,64,0,64,0,0,64,0,0,0,64,0,64,0,0,64,0,0,0,64,0,64,0,0,64,0,0,0,0,0,0,0,0,0,0,0,0,0,0,0
184,250,0,2,16,1,one_edit,0,64,20480,20992,20992,21120,20992,21120,20992,21120,0,0,64,0,0,64,0,0,64,0,0,64,0,0,64,0,0,64,0,0,64,0,0,64,0,0,64,0,0,0,0,0,0,0,0,0,0,0,0,0,0
184,250,0,4,16,1,one_edit,0,64,20480,20992,20992,21248,20992,21248,20992,21248,0,0,64,0,0,64,0,0,64,0,0,64,0,0,64,0,0,64,0,0,64,0,0,64,0,0,64,0,0,0,0,0,0,0,0,0,0,0,0,0,0
184,250,0,8,16,1,one_edit,0,64,20480,20992,20992,21504,20992,21504,20992,21504,0,0,64,0,0,64,0,0,64,0,0,64,0,0,64,0,0,64,0,0,64,0,0,64,0,0,64,0,0,0,0,0,0,0,0,0,0,0,0,0,0
184,250,0,0,16,1,far,0,176,56320,57728,57728,57728,57728,57728,57728,57728,0,0,176,0,176,0,0,176,0,0,0,176,0,176,0,0,176,0,0,0,176,0,176,0,0,176,0,0,0,0,0,0,0,0,0,0,0,0,0,0,0
184,250,0,2,16,1,far,0,176,56320,57728,57728,58080,57728,58080,57728,58080,0,0,176,0,0,176,0,0,176,0,0,176,0,0,176,0,0,176,0,0,176,0,0,176,0,0,176,0,0,0,0,0,0,0,0,0,0,0,0,0,0
184,250,0,4,16,1,far,0,176,56320,57728,57728,58432,57728,58432,57728,58432,0,0,176,0,0,176,0,0,176,0,0,176,0,0,176,0,0,176,0,0,176,0,0,176,0,0,176,0,0,0,0,0,0,0,0,0,0,0,0,0,0
184,250,0,8,16,1,far,0,176,56320,57728,57728,59136,57728,59136,57728,59136,0,0,176,0,0,176,0,0,176,0,0,176,0,0,176,0,0,176,0,0,176,0,0,176,0,0,176,0,0,0,0,0,0,0,0,0,0,0,0,0,0
184,250,0,0,16,2,unchanged,0,16,9216,9344,9344,9344,9344,9344,9344,9344,0,0,16,0,16,0,0,16,0,0,0,16,0,16,0,0,16,0,0,0,16,0,16,0,0,16,0,0,0,0,0,0,0,0,0,0,0,0,0,0,0
184,250,0,2,16,2,unchanged,0,16,9216,9344,9344,9376,9344,9376,9344,9376,0,0,16,0,0,16,0,0,16,0,0,16,0,0,16,0,0,16,0,0,16,0,0,16,0,0,16,0,0,0,0,0,0,0,0,0,0,0,0,0,0
184,250,0,4,16,2,unchanged,0,16,9216,9344,9344,9408,9344,9408,9344,9408,0,0,16,0,0,16,0,0,16,0,0,16,0,0,16,0,0,16,0,0,16,0,0,16,0,0,16,0,0,0,0,0,0,0,0,0,0,0,0,0,0
184,250,0,8,16,2,unchanged,0,16,9216,9344,9344,9472,9344,9472,9344,9472,0,0,16,0,0,16,0,0,16,0,0,16,0,0,16,0,0,16,0,0,16,0,0,16,0,0,16,0,0,0,0,0,0,0,0,0,0,0,0,0,0
184,250,0,0,16,2,one_edit,0,64,36864,37376,37376,37376,37376,37376,37376,37376,0,0,64,0,64,0,0,64,0,0,0,64,0,64,0,0,64,0,0,0,64,0,64,0,0,64,0,0,0,0,0,0,0,0,0,0,0,0,0,0,0
184,250,0,2,16,2,one_edit,0,64,36864,37376,37376,37504,37376,37504,37376,37504,0,0,64,0,0,64,0,0,64,0,0,64,0,0,64,0,0,64,0,0,64,0,0,64,0,0,64,0,0,0,0,0,0,0,0,0,0,0,0,0,0
184,250,0,4,16,2,one_edit,0,64,36864,37376,37376,37632,37376,37632,37376,37632,0,0,64,0,0,64,0,0,64,0,0,64,0,0,64,0,0,64,0,0,64,0,0,64,0,0,64,0,0,0,0,0,0,0,0,0,0,0,0,0,0
184,250,0,8,16,2,one_edit,0,64,36864,37376,37376,37888,37376,37888,37376,37888,0,0,64,0,0,64,0,0,64,0,0,64,0,0,64,0,0,64,0,0,64,0,0,64,0,0,64,0,0,0,0,0,0,0,0,0,0,0,0,0,0
184,250,0,0,16,2,far,0,176,101376,102784,102784,102784,102784,102784,102784,102784,0,0,176,0,176,0,0,176,0,0,0,176,0,176,0,0,176,0,0,0,176,0,176,0,0,176,0,0,0,0,0,0,0,0,0,0,0,0,0,0,0
184,250,0,2,16,2,far,0,176,101376,102784,102784,103136,102784,103136,102784,103136,0,0,176,0,0,176,0,0,176,0,0,176,0,0,176,0,0,176,0,0,176,0,0,176,0,0,176,0,0,0,0,0,0,0,0,0,0,0,0,0,0
184,250,0,4,16,2,far,0,176,101376,102784,102784,103488,102784,103488,102784,103488,0,0,176,0,0,176,0,0,176,0,0,176,0,0,176,0,0,176,0,0,176,0,0,176,0,0,176,0,0,0,0,0,0,0,0,0,0,0,0,0,0
184,250,0,8,16,2,far,0,176,101376,102784,102784,104192,102784,104192,102784,104192,0,0,176,0,0,176,0,0,176,0,0,176,0,0,176,0,0,176,0,0,176,0,0,176,0,0,176,0,0,0,0,0,0,0,0,0,0,0,0,0,0
184,250,0,0,16,4,unchanged,0,16,17408,17536,17536,17536,17536,17536,17536,17536,0,0,16,0,16,0,0,16,0,0,0,16,0,16,0,0,16,0,0,0,16,0,16,0,0,16,0,0,0,0,0,0,0,0,0,0,0,0,0,0,0
184,250,0,2,16,4,unchanged,0,16,17408,17536,17536,17568,17536,17568,17536,17568,0,0,16,0,0,16,0,0,16,0,0,16,0,0,16,0,0,16,0,0,16,0,0,16,0,0,16,0,0,0,0,0,0,0,0,0,0,0,0,0,0
184,250,0,4,16,4,unchanged,0,16,17408,17536,17536,17600,17536,17600,17536,17600,0,0,16,0,0,16,0,0,16,0,0,16,0,0,16,0,0,16,0,0,16,0,0,16,0,0,16,0,0,0,0,0,0,0,0,0,0,0,0,0,0
184,250,0,8,16,4,unchanged,0,16,17408,17536,17536,17664,17536,17664,17536,17664,0,0,16,0,0,16,0,0,16,0,0,16,0,0,16,0,0,16,0,0,16,0,0,16,0,0,16,0,0,0,0,0,0,0,0,0,0,0,0,0,0
184,250,0,0,16,4,one_edit,0,64,69632,70144,70144,70144,70144,70144,70144,70144,0,0,64,0,64,0,0,64,0,0,0,64,0,64,0,0,64,0,0,0,64,0,64,0,0,64,0,0,0,0,0,0,0,0,0,0,0,0,0,0,0
184,250,0,2,16,4,one_edit,0,64,69632,70144,70144,70272,70144,70272,70144,70272,0,0,64,0,0,64,0,0,64,0,0,64,0,0,64,0,0,64,0,0,64,0,0,64,0,0,64,0,0,0,0,0,0,0,0,0,0,0,0,0,0
184,250,0,4,16,4,one_edit,0,64,69632,70144,70144,70400,70144,70400,70144,70400,0,0,64,0,0,64,0,0,64,0,0,64,0,0,64,0,0,64,0,0,64,0,0,64,0,0,64,0,0,0,0,0,0,0,0,0,0,0,0,0,0
184,250,0,8,16,4,one_edit,0,64,69632,70144,70144,70656,70144,70656,70144,70656,0,0,64,0,0,64,0,0,64,0,0,64,0,0,64,0,0,64,0,0,64,0,0,64,0,0,64,0,0,0,0,0,0,0,0,0,0,0,0,0,0
184,250,0,0,16,4,far,0,176,191488,192896,192896,192896,192896,192896,192896,192896,0,0,176,0,176,0,0,176,0,0,0,176,0,176,0,0,176,0,0,0,176,0,176,0,0,176,0,0,0,0,0,0,0,0,0,0,0,0,0,0,0
184,250,0,2,16,4,far,0,176,191488,192896,192896,193248,192896,193248,192896,193248,0,0,176,0,0,176,0,0,176,0,0,176,0,0,176,0,0,176,0,0,176,0,0,176,0,0,176,0,0,0,0,0,0,0,0,0,0,0,0,0,0
184,250,0,4,16,4,far,0,176,191488,192896,192896,193600,192896,193600,192896,193600,0,0,176,0,0,176,0,0,176,0,0,176,0,0,176,0,0,176,0,0,176,0,0,176,0,0,176,0,0,0,0,0,0,0,0,0,0,0,0,0,0
184,250,0,8,16,4,far,0,176,191488,192896,192896,194304,192896,194304,192896,194304,0,0,176,0,0,176,0,0,176,0,0,176,0,0,176,0,0,176,0,0,176,0,0,176,0,0,176,0,0,0,0,0,0,0,0,0,0,0,0,0,0
184,250,1,0,1,1,unchanged,1,16,2560,1728,1728,1728,1728,1728,1728,1728,16,0,0,0,16,0,0,16,0,16,0,0,0,16,0,0,16,0,16,0,0,0,16,0,0,16,0,0,0,0,0,0,0,0,0,0,0,0,0,0,0
184,250,1,2,1,1,unchanged,1,16,2560,1728,1728,1760,1728,1760,1728,1760,16,0,0,0,0,16,0,0,16,16,0,0,0,0,16,0,0,16,16,0,0,0,0,16,0,0,16,0,0,0,0,0,0,0,0,0,0,0,0,0,0
184,250,1,4,1,1,unchanged,1,16,2560,1728,1728,1792,1728,1792,1728,1792,16,0,0,0,0,16,0,0,16,16,0,0,0,0,16,0,0,16,16,0,0,0,0,16,0,0,16,0,0,0,0,0,0,0,0,0,0,0,0,0,0
184,250,1,8,1,1,unchanged,1,16,2560,1728,1728,1856,1728,1856,1728,1856,16,0,0,0,0,16,0,0,16,16,0,0,0,0,16,0,0,16,16,0,0,0,0,16,0,0,16,0,0,0,0,0,0,0,0,0,0,0,0,0,0
184,250,1,0,1,1,one_edit,1,64,10240,7296,7296,7296,7296,7296,7296,7296,64,0,0,0,64,0,0,64,0,64,0,0,0,64,0,0,64,0,64,0,0,0,64,0,0,64,0,0,0,0,0,0,0,0,0,0,0,0,0,0,0
184,250,1,2,1,1,one_edit,1,64,10240,7296,7296,7424,7296,7424,7296,7424,64,0,0,0,0,64,0,0,64,64,0,0,0,0,64,0,0,64,64,0,0,0,0,64,0,0,64,0,0,0,0,0,0,0,0,0,0,0,0,0,0
184,250,1,4,1,1,one_edit,1,64,10240,7296,7296,7552,7296,7552,7296,7552,64,0,0,0,0,64,0,0,64,64,0,0,0,0,64,0,0,64,64,0,0,0,0,64,0,0,64,0,0,0,0,0,0,0,0,0,0,0,0,0,0
184,250,1,8,1,1,one_edit,1,64,10240,7296,7296,7808,7296,7808,7296,7808,64,0,0,0,0,64,0,0,64,64,0,0,0,0,64,0,0,64,64,0,0,0,0,64,0,0,64,0,0,0,0,0,0,0,0,0,0,0,0,0,0
184,250,1,0,1,1,far,1,176,28160,19950,19950,19950,19950,20278,19950,20206,176,0,0,0,176,0,0,176,0,176,0,0,0,88,88,0,88,88,176,0,0,0,112,64,0,112,64,0,0,0,0,0,0,0,88,328,4,64,256,4,24
184,250,1,2,1,1,far,1,176,28160,19950,19950,20302,19950,20630,19950,20558,176,0,0,0,0,176,0,0,176,176,0,0,0,0,176,0,0,176,176,0,0,0,0,176,0,0,176,0,0,0,0,0,0,0,88,328,4,64,256,4,24
184,250,1,4,1,1,far,1,176,28160,19950,19950,20654,19950,20982,19950,20910,176,0,0,0,0,176,0,0,176,176,0,0,0,0,176,0,0,176,176,0,0,0,0,176,0,0,176,0,0,0,0,0,0,0,88,328,4,64,256,4,24
184,250,1,8,1,1,far,1,176,28160,19950,19950,21358,19950,21686,19950,21614,176,0,0,0,0,176,0,0,176,176,0,0,0,0,176,0,0,176,176,0,0,0,0,176,0,0,176,0,0,0,0,0,0,0,88,328,4,64,256,4,24
184,250,1,0,1,2,unchanged,1,16,3072,2048,2048,2048,2048,2048,2048,2048,16,0,0,0,16,0,0,16,0,16,0,0,0,16,0,0,16,0,16,0,0,0,16,0,0,16,0,0,0,0,0,0,0,0,0,0,0,0,0,0,0
184,250,1,2,1,2,unchanged,1,16,3072,2048,2048,2080,2048,2080,2048,2080,16,0,0,0,0,16,0,0,16,16,0,0,0,0,16,0,0,16,16,0,0,0,0,16,0,0,16,0,0,0,0,0,0,0,0,0,0,0,0,0,0
184,250,1,4,1,2,unchanged,1,16,3072,2048,2048,2112,2048,2112,2048,2112,16,0,0,0,0,16,0,0,16,16,0,0,0,0,16,0,0,16,16,0,0,0,0,16,0,0,16,0,0,0,0,0,0,0,0,0,0,0,0,0,0
184,250,1,8,1,2,unchanged,1,16,3072,2048,2048,2176,2048,2176,2048,2176,16,0,0,0,0,16,0,0,16,16,0,0,0,0,16,0,0,16,16,0,0,0,0,16,0,0,16,0,0,0,0,0,0,0,0,0,0,0,0,0,0
184,250,1,0,1,2,one_edit,1,64,12288,8960,8960,8960,8960,8960,8960,8960,64,0,0,0,64,0,0,64,0,64,0,0,0,64,0,0,64,0,64,0,0,0,64,0,0,64,0,0,0,0,0,0,0,0,0,0,0,0,0,0,0
184,250,1,2,1,2,one_edit,1,64,12288,8960,8960,9088,8960,9088,8960,9088,64,0,0,0,0,64,0,0,64,64,0,0,0,0,64,0,0,64,64,0,0,0,0,64,0,0,64,0,0,0,0,0,0,0,0,0,0,0,0,0,0
184,250,1,4,1,2,one_edit,1,64,12288,8960,8960,9216,8960,9216,8960,9216,64,0,0,0,0,64,0,0,64,64,0,0,0,0,64,0,0,64,64,0,0,0,0,64,0,0,64,0,0,0,0,0,0,0,0,0,0,0,0,0,0
184,250,1,8,1,2,one_edit,1,64,12288,8960,8960,9472,8960,9472,8960,9472,64,0,0,0,0,64,0,0,64,64,0,0,0,0,64,0,0,64,64,0,0,0,0,64,0,0,64,0,0,0,0,0,0,0,0,0,0,0,0,0,0
184,250,1,0,1,2,far,1,176,33792,24412,24412,24412,24412,25068,24412,24924,176,0,0,0,176,0,0,176,0,176,0,0,0,88,88,0,88,88,176,0,0,0,112,64,0,112,64,0,0,0,0,0,0,0,88,656,8,64,512,8,24
184,250,1,2,1,2,far,1,176,33792,24412,24412,24764,24412,25420,24412,25276,176,0,0,0,0,176,0,0,176,176,0,0,0,0,176,0,0,176,176,0,0,0,0,176,0,0,176,0,0,0,0,0,0,0,88,656,8,64,512,8,24
184,250,1,4,1,2,far,1,176,33792,24412,24412,25116,24412,25772,24412,25628,176,0,0,0,0,176,0,0,176,176,0,0,0,0,176,0,0,176,176,0,0,0,0,176,0,0,176,0,0,0,0,0,0,0,88,656,8,64,512,8,24
184,250,1,8,1,2,far,1,176,33792,24412,24412,25820,24412,26476,24412,26332,176,0,0,0,0,176,0,0,176,176,0,0,0,0,176,0,0,176,176,0,0,0,0,176,0,0,176,0,0,0,0,0,0,0,88,656,8,64,512,8,24
184,250,1,0,1,4,unchanged,1,16,4096,2688,2688,2688,2688,2688,2688,2688,16,0,0,0,16,0,0,16,0,16,0,0,0,16,0,0,16,0,16,0,0,0,16,0,0,16,0,0,0,0,0,0,0,0,0,0,0,0,0,0,0
184,250,1,2,1,4,unchanged,1,16,4096,2688,2688,2720,2688,2720,2688,2720,16,0,0,0,0,16,0,0,16,16,0,0,0,0,16,0,0,16,16,0,0,0,0,16,0,0,16,0,0,0,0,0,0,0,0,0,0,0,0,0,0
184,250,1,4,1,4,unchanged,1,16,4096,2688,2688,2752,2688,2752,2688,2752,16,0,0,0,0,16,0,0,16,16,0,0,0,0,16,0,0,16,16,0,0,0,0,16,0,0,16,0,0,0,0,0,0,0,0,0,0,0,0,0,0
184,250,1,8,1,4,unchanged,1,16,4096,2688,2688,2816,2688,2816,2688,2816,16,0,0,0,0,16,0,0,16,16,0,0,0,0,16,0,0,16,16,0,0,0,0,16,0,0,16,0,0,0,0,0,0,0,0,0,0,0,0,0,0
184,250,1,0,1,4,one_edit,1,64,16384,12288,12288,12288,12288,12288,12288,12288,64,0,0,0,64,0,0,64,0,64,0,0,0,64,0,0,64,0,64,0,0,0,64,0,0,64,0,0,0,0,0,0,0,0,0,0,0,0,0,0,0
184,250,1,2,1,4,one_edit,1,64,16384,12288,12288,12416,12288,12416,12288,12416,64,0,0,0,0,64,0,0,64,64,0,0,0,0,64,0,0,64,64,0,0,0,0,64,0,0,64,0,0,0,0,0,0,0,0,0,0,0,0,0,0
184,250,1,4,1,4,one_edit,1,64,16384,12288,12288,12544,12288,12544,12288,12544,64,0,0,0,0,64,0,0,64,64,0,0,0,0,64,0,0,64,64,0,0,0,0,64,0,0,64,0,0,0,0,0,0,0,0,0,0,0,0,0,0
184,250,1,8,1,4,one_edit,1,64,16384,12288,12288,12800,12288,12800,12288,12800,64,0,0,0,0,64,0,0,64,64,0,0,0,0,64,0,0,64,64,0,0,0,0,64,0,0,64,0,0,0,0,0,0,0,0,0,0,0,0,0,0
184,250,1,0,1,4,far,1,176,45056,33336,33336,33336,33336,34648,33336,34360,176,0,0,0,176,0,0,176,0,176,0,0,0,88,88,0,88,88,176,0,0,0,112,64,0,112,64,0,0,0,0,0,0,0,88,1312,16,64,1024,16,24
184,250,1,2,1,4,far,1,176,45056,33336,33336,33688,33336,35000,33336,34712,176,0,0,0,0,176,0,0,176,176,0,0,0,0,176,0,0,176,176,0,0,0,0,176,0,0,176,0,0,0,0,0,0,0,88,1312,16,64,1024,16,24
184,250,1,4,1,4,far,1,176,45056,33336,33336,34040,33336,35352,33336,35064,176,0,0,0,0,176,0,0,176,176,0,0,0,0,176,0,0,176,176,0,0,0,0,176,0,0,176,0,0,0,0,0,0,0,88,1312,16,64,1024,16,24
184,250,1,8,1,4,far,1,176,45056,33336,33336,34744,33336,36056,33336,35768,176,0,0,0,0,176,0,0,176,176,0,0,0,0,176,0,0,176,176,0,0,0,0,176,0,0,176,0,0,0,0,0,0,0,88,1312,16,64,1024,16,24
184,250,1,0,4,1,unchanged,1,16,4096,2688,2688,2688,2688,2688,2688,2688,16,0,0,0,16,0,0,16,0,16,0,0,0,16,0,0,16,0,16,0,0,0,16,0,0,16,0,0,0,0,0,0,0,0,0,0,0,0,0,0,0
184,250,1,2,4,1,unchanged,1,16,4096,2688,2688,2720,2688,2720,2688,2720,16,0,0,0,0,16,0,0,16,16,0,0,0,0,16,0,0,16,16,0,0,0,0,16,0,0,16,0,0,0,0,0,0,0,0,0,0,0,0,0,0
184,250,1,4,4,1,unchanged,1,16,4096,2688,2688,2752,2688,2752,2688,2752,16,0,0,0,0,16,0,0,16,16,0,0,0,0,16,0,0,16,16,0,0,0,0,16,0,0,16,0,0,0,0,0,0,0,0,0,0,0,0,0,0
184,250,1,8,4,1,unchanged,1,16,4096,2688,2688,2816,2688,2816,2688,2816,16,0,0,0,0,16,0,0,16,16,0,0,0,0,16,0,0,16,16,0,0,0,0,16,0,0,16,0,0,0,0,0,0,0,0,0,0,0,0,0,0
184,250,1,0,4,1,one_edit,1,64,16384,12288,11776,11136,11776,11136,11776,11136,64,0,0,64,0,0,64,0,0,64,0,0,64,0,0,64,0,0,64,0,0,64,0,0,64,0,0,0,0,0,0,0,0,0,0,0,0,0,0,0,0
184,250,1,2,4,1,one_edit,1,64,16384,12288,11776,11264,11776,11264,11776,11264,64,0,0,64,0,0,64,0,0,64,0,0,64,0,0,64,0,0,64,0,0,64,0,0,64,0,0,0,0,0,0,0,0,0,0,0,0,0,0,0,0
184,250,1,4,4,1,one_edit,1,64,16384,12288,11776,11392,11776,11392,11776,11392,64,0,0,64,0,0,64,0,0,64,0,0,64,0,0,64,0,0,64,0,0,64,0,0,64,0,0,0,0,0,0,0,0,0,0,0,0,0,0,0,0
184,250,1,8,4,1,one_edit,1,64,16384,12288,11776,11648,11776,11648,11776,11648,64,0,0,64,0,0,64,0,0,64,0,0,64,0,0,64,0,0,64,0,0,64,0,0,64,0,0,0,0,0,0,0,0,0,0,0,0,0,0,0,0
184,250,1,0,4,1,far,1,176,45056,33336,32232,31656,32384,31680,32384,31680,176,0,0,170,6,0,160,16,0,176,0,0,170,0,6,160,16,0,176,0,0,170,0,6,160,16,0,38,152,4,38,152,4,0,6,24,4,6,24,4,0
184,250,1,2,4,1,far,1,176,45056,33336,32232,32008,32384,32032,32384,32032,176,0,0,138,32,6,64,96,16,176,0,0,138,32,6,96,64,16,176,0,0,138,32,6,96,64,16,38,152,4,38,152,4,0,6,24,4,6,24,4,0
184,250,1,4,4,1,far,1,176,45056,33336,32232,32360,32384,32384,32384,32384,176,0,0,138,0,38,64,0,112,176,0,0,138,0,38,96,0,80,176,0,0,138,0,38,96,0,80,38,152,4,38,152,4,0,6,24,4,6,24,4,0
184,250,1,8,4,1,far,1,176,45056,33336,32232,33064,32384,33088,32384,33088,176,0,0,128,10,38,0,0,176,176,0,0,128,10,38,0,0,176,176,0,0,128,10,38,0,0,176,38,152,4,38,152,4,0,6,24,4,6,24,4,0
184,250,1,0,4,2,unchanged,1,16,6144,3968,3968,3968,3968,3968,3968,3968,16,0,0,0,16,0,0,16,0,16,0,0,0,16,0,0,16,0,16,0,0,0,16,0,0,16,0,0,0,0,0,0,0,0,0,0,0,0,0,0,0
184,250,1,2,4,2,unchanged,1,16,6144,3968,3968,4000,3968,4000,3968,4000,16,0,0,0,0,16,0,0,16,16,0,0,0,0,16,0,0,16,16,0,0,0,0,16,0,0,16,0,0,0,0,0,0,0,0,0,0,0,0,0,0
184,250,1,4,4,2,unchanged,1,16,6144,3968,3968,4032,3968,4032,3968,4032,16,0,0,0,0,16,0,0,16,16,0,0,0,0,16,0,0,16,16,0,0,0,0,16,0,0,16,0,0,0,0,0,0,0,0,0,0,0,0,0,0
184,250,1,8,4,2,unchanged,1,16,6144,3968,3968,4096,3968,4096,3968,4096,16,0,0,0,0,16,0,0,16,16,0,0,0,0,16,0,0,16,16,0,0,0,0,16,0,0,16,0,0,0,0,0,0,0,0,0,0,0,0,0,0
184,250,1,0,4,2,one_edit,1,64,24576,18944,17920,16640,17920,16640,17920,16640,64,0,0,64,0,0,64,0,0,64,0,0,64,0,0,64,0,0,64,0,0,64,0,0,64,0,0,0,0,0,0,0,0,0,0,0,0,0,0,0,0
184,250,1,2,4,2,one_edit,1,64,24576,18944,17920,16768,17920,16768,17920,16768,64,0,0,64,0,0,64,0,0,64,0,0,64,0,0,64,0,0,64,0,0,64,0,0,64,0,0,0,0,0,0,0,0,0,0,0,0,0,0,0,0
184,250,1,4,4,2,one_edit,1,64,24576,18944,17920,16896,17920,16896,17920,16896,64,0,0,64,0,0,64,0,0,64,0,0,64,0,0,64,0,0,64,0,0,64,0,0,64,0,0,0,0,0,0,0,0,0,0,0,0,0,0,0,0
184,250,1,8,4,2,one_edit,1,64,24576,18944,17920,17152,17920,17152,17920,17152,64,0,0,64,0,0,64,0,0,64,0,0,64,0,0,64,0,0,64,0,0,64,0,0,64,0,0,0,0,0,0,0,0,0,0,0,0,0,0,0,0
184,250,1,0,4,2,far,1,176,67584,51184,48976,47824,49280,47872,49280,47872,176,0,0,170,6,0,160,16,0,176,0,0,170,0,6,160,16,0,176,0,0,170,0,6,160,16,0,38,304,8,38,304,8,0,6,48,8,6,48,8,0
184,250,1,2,4,2,far,1,176,67584,51184,48976,48176,49280,48224,49280,48224,176,0,0,170,0,6,160,0,16,176,0,0,170,0,6,160,0,16,176,0,0,170,0,6,160,0,16,38,304,8,38,304,8,0,6,48,8,6,48,8,0
184,250,1,4,4,2,far,1,176,67584,51184,48976,48528,49280,48576,49280,48576,176,0,0,138,32,6,64,96,16,176,0,0,138,32,6,96,64,16,176,0,0,138,32,6,96,64,16,38,304,8,38,304,8,0,6,48,8,6,48,8,0
184,250,1,8,4,2,far,1,176,67584,51184,48976,49232,49280,49280,49280,49280,176,0,0,138,0,38,64,0,112,176,0,0,138,0,38,96,0,80,176,0,0,138,0,38,96,0,80,38,304,8,38,304,8,0,6,48,8,6,48,8,0
184,250,1,0,4,4,unchanged,1,16,10240,6528,6528,6528,6528,6528,6528,6528,16,0,0,0,16,0,0,16,0,16,0,0,0,16,0,0,16,0,16,0,0,0,16,0,0,16,0,0,0,0,0,0,0,0,0,0,0,0,0,0,0
184,250,1,2,4,4,unchanged,1,16,10240,6528,6528,6560,6528,6560,6528,6560,16,0,0,0,0,16,0,0,16,16,0,0,0,0,16,0,0,16,16,0,0,0,0,16,0,0,16,0,0,0,0,0,0,0,0,0,0,0,0,0,0
184,250,1,4,4,4,unchanged,1,16,10240,6528,6528,6592,6528,6592,6528,6592,16,0,0,0,0,16,0,0,16,16,0,0,0,0,16,0,0,16,16,0,0,0,0,16,0,0,16,0,0,0,0,0,0,0,0,0,0,0,0,0,0
184,250,1,8,4,4,unchanged,1,16,10240,6528,6528,6656,6528,6656,6528,6656,16,0,0,0,0,16,0,0,16,16,0,0,0,0,16,0,0,16,16,0,0,0,0,16,0,0,16,0,0,0,0,0,0,0,0,0,0,0,0,0,0
184,250,1,0,4,4,one_edit,1,64,40960,32256,30208,27648,30208,27648,30208,27648,64,0,0,64,0,0,64,0,0,64,0,0,64,0,0,64,0,0,64,0,0,64,0,0,64,0,0,0,0,0,0,0,0,0,0,0,0,0,0,0,0
184,250,1,2,4,4,one_edit,1,64,40960,32256,30208,27776,30208,27776,30208,27776,64,0,0,64,0,0,64,0,0,64,0,0,64,0,0,64,0,0,64,0,0,64,0,0,64,0,0,0,0,0,0,0,0,0,0,0,0,0,0,0,0
184,250,1,4,4,4,one_edit,1,64,40960,32256,30208,27904,30208,27904,30208,27904,64,0,0,64,0,0,64,0,0,64,0,0,64,0,0,64,0,0,64,0,0,64,0,0,64,0,0,0,0,0,0,0,0,0,0,0,0,0,0,0,0
184,250,1,8,4,4,one_edit,1,64,40960,32256,30208,28160,30208,28160,30208,28160,64,0,0,64,0,0,64,0,0,64,0,0,64,0,0,64,0,0,64,0,0,64,0,0,64,0,0,0,0,0,0,0,0,0,0,0,0,0,0,0,0
184,250,1,0,4,4,far,1,176,112640,86880,82464,80160,83072,80256,83072,80256,176,0,0,170,6,0,160,16,0,176,0,0,170,0,6,160,16,0,176,0,0,170,0,6,160,16,0,38,608,16,38,608,16,0,6,96,16,6,96,16,0
184,250,1,2,4,4,far,1,176,112640,86880,82464,80512,83072,80608,83072,80608,176,0,0,170,0,6,160,0,16,176,0,0,170,0,6,160,0,16,176,0,0,170,0,6,160,0,16,38,608,16,38,608,16,0,6,96,16,6,96,16,0
184,250,1,4,4,4,far,1,176,112640,86880,82464,80864,83072,80960,83072,80960,176,0,0,170,0,6,160,0,16,176,0,0,170,0,6,160,0,16,176,0,0,170,0,6,160,0,16,38,608,16,38,608,16,0,6,96,16,6,96,16,0
184,250,1,8,4,4,far,1,176,112640,86880,82464,81568,83072,81664,83072,81664,176,0,0,138,32,6,64,96,16,176,0,0,138,32,6,96,64,16,176,0,0,138,32,6,96,64,16,38,608,16,38,608,16,0,6,96,16,6,96,16,0
184,250,1,0,16,1,unchanged,1,16,10240,6528,6528,6528,6528,6528,6528,6528,16,0,0,0,16,0,0,16,0,16,0,0,0,16,0,0,16,0,16,0,0,0,16,0,0,16,0,0,0,0,0,0,0,0,0,0,0,0,0,0,0
184,250,1,2,16,1,unchanged,1,16,10240,6528,6528,6560,6528,6560,6528,6560,16,0,0,0,0,16,0,0,16,16,0,0,0,0,16,0,0,16,16,0,0,0,0,16,0,0,16,0,0,0,0,0,0,0,0,0,0,0,0,0,0
184,250,1,4,16,1,unchanged,1,16,10240,6528,6528,6592,6528,6592,6528,6592,16,0,0,0,0,16,0,0,16,16,0,0,0,0,16,0,0,16,16,0,0,0,0,16,0,0,16,0,0,0,0,0,0,0,0,0,0,0,0,0,0
184,250,1,8,16,1,unchanged,1,16,10240,6528,6528,6656,6528,6656,6528,6656,16,0,0,0,0,16,0,0,16,16,0,0,0,0,16,0,0,16,16,0,0,0,0,16,0,0,16,0,0,0,0,0,0,0,0,0,0,0,0,0,0
184,250,1,0,16,1,one_edit,1,64,40960,32256,27136,26496,27136,26496,27136,26496,64,0,0,64,0,0,64,0,0,64,0,0,64,0,0,64,0,0,64,0,0,64,0,0,64,0,0,0,0,0,0,0,0,0,0,0,0,0,0,0,0
184,250,1,2,16,1,one_edit,1,64,40960,32256,27136,26624,27136,26624,27136,26624,64,0,0,64,0,0,64,0,0,64,0,0,64,0,0,64,0,0,64,0,0,64,0,0,64,0,0,0,0,0,0,0,0,0,0,0,0,0,0,0,0
184,250,1,4,16,1,one_edit,1,64,40960,32256,27136,26752,27136,26752,27136,26752,64,0,0,64,0,0,64,0,0,64,0,0,64,0,0,64,0,0,64,0,0,64,0,0,64,0,0,0,0,0,0,0,0,0,0,0,0,0,0,0,0
184,250,1,8,16,1,one_edit,1,64,40960,32256,27136,27008,27136,27008,27136,27008,64,0,0,64,0,0,64,0,0,64,0,0,64,0,0,64,0,0,64,0,0,64,0,0,64,0,0,0,0,0,0,0,0,0,0,0,0,0,0,0,0
184,250,1,0,16,1,far,1,176,112640,86880,74624,73920,74624,73920,74624,73920,176,0,0,176,0,0,160,16,0,176,0,0,176,0,0,160,16,0,176,0,0,176,0,0,160,16,0,0,0,0,0,0,0,0,0,0,0,0,0,0,0
184,250,1,2,16,1,far,1,176,112640,86880,74624,74272,74624,74272,74624,74272,176,0,0,176,0,0,96,64,16,176,0,0,176,0,0,96,64,16,176,0,0,176,0,0,96,64,16,0,0,0,0,0,0,0,0,0,0,0,0,0,0
184,250,1,4,16,1,far,1,176,112640,86880,74624,74624,74624,74624,74624,74624,176,0,0,176,0,0,96,0,80,176,0,0,176,0,0,96,0,80,176,0,0,176,0,0,96,0,80,0,0,0,0,0,0,0,0,0,0,0,0,0,0
184,250,1,8,16,1,far,1,176,112640,86880,74624,75328,74624,75328,74624,75328,176,0,0,176,0,0,0,0,176,176,0,0,176,0,0,0,0,176,176,0,0,176,0,0,0,0,176,0,0,0,0,0,0,0,0,0,0,0,0,0,0
184,250,1,0,16,2,unchanged,1,16,18432,11648,11648,11648,11648,11648,11648,11648,16,0,0,0,16,0,0,16,0,16,0,0,0,16,0,0,16,0,16,0,0,0,16,0,0,16,0,0,0,0,0,0,0,0,0,0,0,0,0,0,0
184,250,1,2,16,2,unchanged,1,16,18432,11648,11648,11680,11648,11680,11648,11680,16,0,0,0,0,16,0,0,16,16,0,0,0,0,16,0,0,16,16,0,0,0,0,16,0,0,16,0,0,0,0,0,0,0,0,0,0,0,0,0,0
184,250,1,4,16,2,unchanged,1,16,18432,11648,11648,11712,11648,11712,11648,11712,16,0,0,0,0,16,0,0,16,16,0,0,0,0,16,0,0,16,16,0,0,0,0,16,0,0,16,0,0,0,0,0,0,0,0,0,0,0,0,0,0
184,250,1,8,16,2,unchanged,1,16,18432,11648,11648,11776,11648,11776,11648,11776,16,0,0,0,0,16,0,0,16,16,0,0,0,0,16,0,0,16,16,0,0,0,0,16,0,0,16,0,0,0,0,0,0,0,0,0,0,0,0,0,0
184,250,1,0,16,2,one_edit,1,64,73728,58880,48640,47360,48640,47360,48640,47360,64,0,0,64,0,0,64,0,0,64,0,0,64,0,0,64,0,0,64,0,0,64,0,0,64,0,0,0,0,0,0,0,0,0,0,0,0,0,0,0,0
184,250,1,2,16,2,one_edit,1,64,73728,58880,48640,47488,48640,47488,48640,47488,64,0,0,64,0,0,64,0,0,64,0,0,64,0,0,64,0,0,64,0,0,64,0,0,64,0,0,0,0,0,0,0,0,0,0,0,0,0,0,0,0
184,250,1,4,16,2,one_edit,1,64,73728,58880,48640,47616,48640,47616,48640,47616,64,0,0,64,0,0,64,0,0,64,0,0,64,0,0,64,0,0,64,0,0,64,0,0,64,0,0,0,0,0,0,0,0,0,0,0,0,0,0,0,0
184,250,1,8,16,2,one_edit,1,64,73728,58880,48640,47872,48640,47872,48640,47872,64,0,0,64,0,0,64,0,0,64,0,0,64,0,0,64,0,0,64,0,0,64,0,0,64,0,0,0,0,0,0,0,0,0,0,0,0,0,0,0,0
184,250,1,0,16,2,far,1,176,202752,158272,133760,132352,133760,132352,133760,132352,176,0,0,176,0,0,160,16,0,176,0,0,176,0,0,160,16,0,176,0,0,176,0,0,160,16,0,0,0,0,0,0,0,0,0,0,0,0,0,0,0
184,250,1,2,16,2,far,1,176,202752,158272,133760,132704,133760,132704,133760,132704,176,0,0,176,0,0,160,0,16,176,0,0,176,0,0,160,0,16,176,0,0,176,0,0,160,0,16,0,0,0,0,0,0,0,0,0,0,0,0,0,0
184,250,1,4,16,2,far,1,176,202752,158272,133760,133056,133760,133056,133760,133056,176,0,0,176,0,0,96,64,16,176,0,0,176,0,0,96,64,16,176,0,0,176,0,0,96,64,16,0,0,0,0,0,0,0,0,0,0,0,0,0,0
184,250,1,8,16,2,far,1,176,202752,158272,133760,133760,133760,133760,133760,133760,176,0,0,176,0,0,96,0,80,176,0,0,176,0,0,96,0,80,176,0,0,176,0,0,96,0,80,0,0,0,0,0,0,0,0,0,0,0,0,0,0
184,250,1,0,16,4,unchanged,1,16,34816,21888,21888,21888,21888,21888,21888,21888,16,0,0,0,16,0,0,16,0,16,0,0,0,16,0,0,16,0,16,0,0,0,16,0,0,16,0,0,0,0,0,0,0,0,0,0,0,0,0,0,0
184,250,1,2,16,4,unchanged,1,16,34816,21888,21888,21920,21888,21920,21888,21920,16,0,0,0,0,16,0,0,16,16,0,0,0,0,16,0,0,16,16,0,0,0,0,16,0,0,16,0,0,0,0,0,0,0,0,0,0,0,0,0,0
184,250,1,4,16,4,unchanged,1,16,34816,21888,21888,21952,21888,21952,21888,21952,16,0,0,0,0,16,0,0,16,16,0,0,0,0,16,0,0,16,16,0,0,0,0,16,0,0,16,0,0,0,0,0,0,0,0,0,0,0,0,0,0
184,250,1,8,16,4,unchanged,1,16,34816,21888,21888,22016,21888,22016,21888,22016,16,0,0,0,0,16,0,0,16,16,0,0,0,0,16,0,0,16,16,0,0,0,0,16,0,0,16,0,0,0,0,0,0,0,0,0,0,0,0,0,0
184,250,1,0,16,4,one_edit,1,64,139264,112128,91648,89088,91648,89088,91648,89088,64,0,0,64,0,0,64,0,0,64,0,0,64,0,0,64,0,0,64,0,0,64,0,0,64,0,0,0,0,0,0,0,0,0,0,0,0,0,0,0,0
184,250,1,2,16,4,one_edit,1,64,139264,112128,91648,89216,91648,89216,91648,89216,64,0,0,64,0,0,64,0,0,64,0,0,64,0,0,64,0,0,64,0,0,64,0,0,64,0,0,0,0,0,0,0,0,0,0,0,0,0,0,0,0
184,250,1,4,16,4,one_edit,1,64,139264,112128,91648,89344,91648,89344,91648,89344,64,0,0,64,0,0,64,0,0,64,0,0,64,0,0,64,0,0,64,0,0,64,0,0,64,0,0,0,0,0,0,0,0,0,0,0,0,0,0,0,0
184,250,1,8,16,4,one_edit,1,64,139264,112128,91648,89600,91648,89600,91648,89600,64,0,0,64,0,0,64,0,0,64,0,0,64,0,0,64,0,0,64,0,0,64,0,0,64,0,0,0,0,0,0,0,0,0,0,0,0,0,0,0,0
184,250,1,0,16,4,far,1,176,382976,301056,252032,249216,252032,249216,252032,249216,176,0,0,176,0,0,160,16,0,176,0,0,176,0,0,160,16,0,176,0,0,176,0,0,160,16,0,0,0,0,0,0,0,0,0,0,0,0,0,0,0
184,250,1,2,16,4,far,1,176,382976,301056,252032,249568,252032,249568,252032,249568,176,0,0,176,0,0,160,0,16,176,0,0,176,0,0,160,0,16,176,0,0,176,0,0,160,0,16,0,0,0,0,0,0,0,0,0,0,0,0,0,0
184,250,1,4,16,4,far,1,176,382976,301056,252032,249920,252032,249920,252032,249920,176,0,0,176,0,0,160,0,16,176,0,0,176,0,0,160,0,16,176,0,0,176,0,0,160,0,16,0,0,0,0,0,0,0,0,0,0,0,0,0,0
184,250,1,8,16,4,far,1,176,382976,301056,252032,250624,252032,250624,252032,250624,176,0,0,176,0,0,96,64,16,176,0,0,176,0,0,96,64,16,176,0,0,176,0,0,96,64,16,0,0,0,0,0,0,0,0,0,0,0,0,0,0
184,250,2,0,1,1,unchanged,1,16,3840,2048,2048,2048,2048,2048,2048,2048,16,0,0,0,16,0,0,16,0,16,0,0,0,16,0,0,16,0,16,0,0,0,16,0,0,16,0,0,0,0,0,0,0,0,0,0,0,0,0,0,0
184,250,2,2,1,1,unchanged,1,16,3840,2048,2048,2080,2048,2080,2048,2080,16,0,0,0,0,16,0,0,16,16,0,0,0,0,16,0,0,16,16,0,0,0,0,16,0,0,16,0,0,0,0,0,0,0,0,0,0,0,0,0,0
184,250,2,4,1,1,unchanged,1,16,3840,2048,2048,2112,2048,2112,2048,2112,16,0,0,0,0,16,0,0,16,16,0,0,0,0,16,0,0,16,16,0,0,0,0,16,0,0,16,0,0,0,0,0,0,0,0,0,0,0,0,0,0
184,250,2,8,1,1,unchanged,1,16,3840,2048,2048,2176,2048,2176,2048,2176,16,0,0,0,0,16,0,0,16,16,0,0,0,0,16,0,0,16,16,0,0,0,0,16,0,0,16,0,0,0,0,0,0,0,0,0,0,0,0,0,0
184,250,2,0,1,1,one_edit,1,64,15360,8960,8960,8576,9216,8576,9216,8576,64,0,0,64,0,0,64,0,0,64,0,0,64,0,0,64,0,0,64,0,0,64,0,0,64,0,0,64,256,4,64,256,4,0,0,0,0,0,0,0,0
184,250,2,2,1,1,one_edit,1,64,15360,8960,8960,8704,9216,8704,9216,8704,64,0,0,64,0,0,64,0,0,64,0,0,64,0,0,64,0,0,64,0,0,64,0,0,64,0,0,64,256,4,64,256,4,0,0,0,0,0,0,0,0
184,250,2,4,1,1,one_edit,1,64,15360,8960,8960,8832,9216,8832,9216,8832,64,0,0,64,0,0,64,0,0,64,0,0,64,0,0,64,0,0,64,0,0,64,0,0,64,0,0,64,256,4,64,256,4,0,0,0,0,0,0,0,0
184,250,2,8,1,1,one_edit,1,64,15360,8960,8960,9088,9216,9088,9216,9088,64,0,0,0,0,64,0,0,64,64,0,0,0,0,64,64,0,0,64,0,0,0,0,64,64,0,0,64,256,4,64,256,4,0,0,0,0,0,0,0,0
184,250,2,0,1,1,far,1,176,42240,24412,24412,24284,24964,24580,24964,24580,176,0,0,64,112,0,64,112,0,176,0,0,64,6,106,128,16,32,176,0,0,64,6,106,128,16,32,138,552,4,138,552,4,0,106,296,4,106,296,4,0
184,250,2,2,1,1,far,1,176,42240,24412,24412,24636,24964,24932,24964,24932,176,0,0,0,64,112,0,64,112,176,0,0,0,64,112,64,64,48,176,0,0,0,64,112,64,64,48,138,552,4,138,552,4,0,106,296,4,106,296,4,0
184,250,2,4,1,1,far,1,176,42240,24412,24412,24988,24964,25284,24964,25284,176,0,0,0,0,176,0,0,176,176,0,0,0,0,176,64,0,112,176,0,0,0,0,176,64,0,112,138,552,4,138,552,4,0,106,296,4,106,296,4,0
184,250,2,8,1,1,far,1,176,42240,24412,24412,25692,24964,25988,24964,25988,176,0,0,0,0,176,0,0,176,176,0,0,0,0,176,0,0,176,176,0,0,0,0,176,0,0,176,138,552,4,138,552,4,0,106,296,4,106,296,4,0
184,250,2,0,1,2,unchanged,1,16,4608,2432,2432,2432,2432,2432,2432,2432,16,0,0,0,16,0,0,16,0,16,0,0,0,16,0,0,16,0,16,0,0,0,16,0,0,16,0,0,0,0,0,0,0,0,0,0,0,0,0,0,0
184,250,2,2,1,2,unchanged,1,16,4608,2432,2432,2464,2432,2464,2432,2464,16,0,0,0,0,16,0,0,16,16,0,0,0,0,16,0,0,16,16,0,0,0,0,16,0,0,16,0,0,0,0,0,0,0,0,0,0,0,0,0,0
184,250,2,4,1,2,unchanged,1,16,4608,2432,2432,2496,2432,2496,2432,2496,16,0,0,0,0,16,0,0,16,16,0,0,0,0,16,0,0,16,16,0,0,0,0,16,0,0,16,0,0,0,0,0,0,0,0,0,0,0,0,0,0
184,250,2,8,1,2,unchanged,1,16,4608,2432,2432,2560,2432,2560,2432,2560,16,0,0,0,0,16,0,0,16,16,0,0,0,0,16,0,0,16,16,0,0,0,0,16,0,0,16,0,0,0,0,0,0,0,0,0,0,0,0,0,0
184,250,2,0,1,2,one_edit,1,64,18432,11264,11264,10496,11776,10496,11776,10496,64,0,0,64,0,0,64,0,0,64,0,0,64,0,0,64,0,0,64,0,0,64,0,0,64,0,0,64,512,8,64,512,8,0,0,0,0,0,0,0,0
184,250,2,2,1,2,one_edit,1,64,18432,11264,11264,10624,11776,10624,11776,10624,64,0,0,64,0,0,64,0,0,64,0,0,64,0,0,64,0,0,64,0,0,64,0,0,64,0,0,64,512,8,64,512,8,0,0,0,0,0,0,0,0
184,250,2,4,1,2,one_edit,1,64,18432,11264,11264,10752,11776,10752,11776,10752,64,0,0,64,0,0,64,0,0,64,0,0,64,0,0,64,0,0,64,0,0,64,0,0,64,0,0,64,512,8,64,512,8,0,0,0,0,0,0,0,0
184,250,2,8,1,2,one_edit,1,64,18432,11264,11264,11008,11776,11008,11776,11008,64,0,0,64,0,0,64,0,0,64,0,0,64,0,0,64,0,0,64,0,0,64,0,0,64,0,0,64,512,8,64,512,8,0,0,0,0,0,0,0,0
184,250,2,0,1,2,far,1,176,50688,30520,30520,30264,31624,30856,31624,30856,176,0,0,64,112,0,64,112,0,176,0,0,64,6,106,128,16,32,176,0,0,64,6,106,128,16,32,138,1104,8,138,1104,8,0,106,592,8,106,592,8,0
184,250,2,2,1,2,far,1,176,50688,30520,30520,30616,31624,31208,31624,31208,176,0,0,64,0,112,64,0,112,176,0,0,64,0,112,128,0,48,176,0,0,64,0,112,128,0,48,138,1104,8,138,1104,8,0,106,592,8,106,592,8,0
184,250,2,4,1,2,far,1,176,50688,30520,30520,30968,31624,31560,31624,31560,176,0,0,0,64,112,0,64,112,176,0,0,0,64,112,64,64,48,176,0,0,0,64,112,64,64,48,138,1104,8,138,1104,8,0,106,592,8,106,592,8,0
184,250,2,8,1,2,far,1,176,50688,30520,30520,31672,31624,32264,31624,32264,176,0,0,0,0,176,0,0,176,176,0,0,0,0,176,64,0,112,176,0,0,0,0,176,64,0,112,138,1104,8,138,1104,8,0,106,592,8,106,592,8,0
184,250,2,0,1,4,unchanged,1,16,6144,3200,3200,3200,3200,3200,3200,3200,16,0,0,0,16,0,0,16,0,16,0,0,0,16,0,0,16,0,16,0,0,0,16,0,0,16,0,0,0,0,0,0,0,0,0,0,0,0,0,0,0
184,250,2,2,1,4,unchanged,1,16,6144,3200,3200,3232,3200,3232,3200,3232,16,0,0,0,0,16,0,0,16,16,0,0,0,0,16,0,0,16,16,0,0,0,0,16,0,0,16,0,0,0,0,0,0,0,0,0,0,0,0,0,0
184,250,2,4,1,4,unchanged,1,16,6144,3200,3200,3264,3200,3264,3200,3264,16,0,0,0,0,16,0,0,16,16,0,0,0,0,16,0,0,16,16,0,0,0,0,16,0,0,16,0,0,0,0,0,0,0,0,0,0,0,0,0,0
184,250,2,8,1,4,unchanged,1,16,6144,3200,3200,3328,3200,3328,3200,3328,16,0,0,0,0,16,0,0,16,16,0,0,0,0,16,0,0,16,16,0,0,0,0,16,0,0,16,0,0,0,0,0,0,0,0,0,0,0,0,0,0
184,250,2,0,1,4,one_edit,1,64,24576,15872,15872,14336,16896,14336,16896,14336,64,0,0,64,0,0,64,0,0,64,0,0,64,0,0,64,0,0,64,0,0,64,0,0,64,0,0,64,1024,16,64,1024,16,0,0,0,0,0,0,0,0
184,250,2,2,1,4,one_edit,1,64,24576,15872,15872,14464,16896,14464,16896,14464,64,0,0,64,0,0,64,0,0,64,0,0,64,0,0,64,0,0,64,0,0,64,0,0,64,0,0,64,1024,16,64,1024,16,0,0,0,0,0,0,0,0
184,250,2,4,1,4,one_edit,1,64,24576,15872,15872,14592,16896,14592,16896,14592,64,0,0,64,0,0,64,0,0,64,0,0,64,0,0,64,0,0,64,0,0,64,0,0,64,0,0,64,1024,16,64,1024,16,0,0,0,0,0,0,0,0
184,250,2,8,1,4,one_edit,1,64,24576,15872,15872,14848,16896,14848,16896,14848,64,0,0,64,0,0,64,0,0,64,0,0,64,0,0,64,0,0,64,0,0,64,0,0,64,0,0,64,1024,16,64,1024,16,0,0,0,0,0,0,0,0
184,250,2,0,1,4,far,1,176,67584,42736,42736,42224,44944,43408,44944,43408,176,0,0,64,112,0,64,112,0,176,0,0,64,6,106,128,16,32,176,0,0,64,6,106,128,16,32,138,2208,16,138,2208,16,0,106,1184,16,106,1184,16,0
184,250,2,2,1,4,far,1,176,67584,42736,42736,42576,44944,43760,44944,43760,176,0,0,64,0,112,64,0,112,176,0,0,64,0,112,128,0,48,176,0,0,64,0,112,128,0,48,138,2208,16,138,2208,16,0,106,1184,16,106,1184,16,0
184,250,2,4,1,4,far,1,176,67584,42736,42736,42928,44944,44112,44944,44112,176,0,0,64,0,112,64,0,112,176,0,0,64,0,112,128,0,48,176,0,0,64,0,112,128,0,48,138,2208,16,138,2208,16,0,106,1184,16,106,1184,16,0
184,250,2,8,1,4,far,1,176,67584,42736,42736,43632,44944,44816,44944,44816,176,0,0,0,64,112,0,64,112,176,0,0,0,64,112,64,64,48,176,0,0,0,64,112,64,64,48,138,2208,16,138,2208,16,0,106,1184,16,106,1184,16,0
184,250,2,0,4,1,unchanged,1,16,6144,3200,3200,3200,3200,3200,3200,3200,16,0,0,0,16,0,0,16,0,16,0,0,0,16,0,0,16,0,16,0,0,0,16,0,0,16,0,0,0,0,0,0,0,0,0,0,0,0,0,0,0
184,250,2,2,4,1,unchanged,1,16,6144,3200,3200,3232,3200,3232,3200,3232,16,0,0,0,0,16,0,0,16,16,0,0,0,0,16,0,0,16,16,0,0,0,0,16,0,0,16,0,0,0,0,0,0,0,0,0,0,0,0,0,0
184,250,2,4,4,1,unchanged,1,16,6144,3200,3200,3264,3200,3264,3200,3264,16,0,0,0,0,16,0,0,16,16,0,0,0,0,16,0,0,16,16,0,0,0,0,16,0,0,16,0,0,0,0,0,0,0,0,0,0,0,0,0,0
184,250,2,8,4,1,unchanged,1,16,6144,3200,3200,3328,3200,3328,3200,3328,16,0,0,0,0,16,0,0,16,16,0,0,0,0,16,0,0,16,16,0,0,0,0,16,0,0,16,0,0,0,0,0,0,0,0,0,0,0,0,0,0
184,250,2,0,4,1,one_edit,1,64,24576,15872,13824,13184,13824,13184,13824,13184,64,0,0,64,0,0,64,0,0,64,0,0,64,0,0,64,0,0,64,0,0,64,0,0,64,0,0,0,0,0,0,0,0,0,0,0,0,0,0,0,0
184,250,2,2,4,1,one_edit,1,64,24576,15872,13824,13312,13824,13312,13824,13312,64,0,0,64,0,0,64,0,0,64,0,0,64,0,0,64,0,0,64,0,0,64,0,0,64,0,0,0,0,0,0,0,0,0,0,0,0,0,0,0,0
184,250,2,4,4,1,one_edit,1,64,24576,15872,13824,13440,13824,13440,13824,13440,64,0,0,64,0,0,64,0,0,64,0,0,64,0,0,64,0,0,64,0,0,64,0,0,64,0,0,0,0,0,0,0,0,0,0,0,0,0,0,0,0
184,250,2,8,4,1,one_edit,1,64,24576,15872,13824,13696,13824,13696,13824,13696,64,0,0,64,0,0,64,0,0,64,0,0,64,0,0,64,0,0,64,0,0,64,0,0,64,0,0,0,0,0,0,0,0,0,0,0,0,0,0,0,0
184,250,2,0,4,1,far,1,176,67584,42736,38016,37312,38016,37312,38016,37312,176,0,0,176,0,0,160,16,0,176,0,0,176,0,0,160,16,0,176,0,0,176,0,0,160,16,0,0,0,0,0,0,0,0,0,0,0,0,0,0,0
184,250,2,2,4,1,far,1,176,67584,42736,38016,37664,38016,37664,38016,37664,176,0,0,176,0,0,96,64,16,176,0,0,176,0,0,96,64,16,176,0,0,176,0,0,96,64,16,0,0,0,0,0,0,0,0,0,0,0,0,0,0
184,250,2,4,4,1,far,1,176,67584,42736,38016,38016,38016,38016,38016,38016,176,0,0,176,0,0,96,0,80,176,0,0,176,0,0,96,0,80,176,0,0,176,0,0,96,0,80,0,0,0,0,0,0,0,0,0,0,0,0,0,0
184,250,2,8,4,1,far,1,176,67584,42736,38016,38720,38016,38720,38016,38720,176,0,0,170,6,0,0,0,176,176,0,0,170,6,0,0,0,176,176,0,0,170,6,0,0,0,176,0,0,0,0,0,0,0,0,0,0,0,0,0,0
184,250,2,0,4,2,unchanged,1,16,9216,4736,4736,4736,4736,4736,4736,4736,16,0,0,0,16,0,0,16,0,16,0,0,0,16,0,0,16,0,16,0,0,0,16,0,0,16,0,0,0,0,0,0,0,0,0,0,0,0,0,0,0
184,250,2,2,4,2,unchanged,1,16,9216,4736,4736,4768,4736,4768,4736,4768,16,0,0,0,0,16,0,0,16,16,0,0,0,0,16,0,0,16,16,0,0,0,0,16,0,0,16,0,0,0,0,0,0,0,0,0,0,0,0,0,0
184,250,2,4,4,2,unchanged,1,16,9216,4736,4736,4800,4736,4800,4736,4800,16,0,0,0,0,16,0,0,16,16,0,0,0,0,16,0,0,16,16,0,0,0,0,16,0,0,16,0,0,0,0,0,0,0,0,0,0,0,0,0,0
184,250,2,8,4,2,unchanged,1,16,9216,4736,4736,4864,4736,4864,4736,4864,16,0,0,0,0,16,0,0,16,16,0,0,0,0,16,0,0,16,16,0,0,0,0,16,0,0,16,0,0,0,0,0,0,0,0,0,0,0,0,0,0
184,250,2,0,4,2,one_edit,1,64,36864,25088,20992,19712,20992,19712,20992,19712,64,0,0,64,0,0,64,0,0,64,0,0,64,0,0,64,0,0,64,0,0,64,0,0,64,0,0,0,0,0,0,0,0,0,0,0,0,0,0,0,0
184,250,2,2,4,2,one_edit,1,64,36864,25088,20992,19840,20992,19840,20992,19840,64,0,0,64,0,0,64,0,0,64,0,0,64,0,0,64,0,0,64,0,0,64,0,0,64,0,0,0,0,0,0,0,0,0,0,0,0,0,0,0,0
184,250,2,4,4,2,one_edit,1,64,36864,25088,20992,19968,20992,19968,20992,19968,64,0,0,64,0,0,64,0,0,64,0,0,64,0,0,64,0,0,64,0,0,64,0,0,64,0,0,0,0,0,0,0,0,0,0,0,0,0,0,0,0
184,250,2,8,4,2,one_edit,1,64,36864,25088,20992,20224,20992,20224,20992,20224,64,0,0,64,0,0,64,0,0,64,0,0,64,0,0,64,0,0,64,0,0,64,0,0,64,0,0,0,0,0,0,0,0,0,0,0,0,0,0,0,0
184,250,2,0,4,2,far,1,176,101376,67168,57728,56320,57728,56320,57728,56320,176,0,0,176,0,0,160,16,0,176,0,0,176,0,0,160,16,0,176,0,0,176,0,0,160,16,0,0,0,0,0,0,0,0,0,0,0,0,0,0,0
184,250,2,2,4,2,far,1,176,101376,67168,57728,56672,57728,56672,57728,56672,176,0,0,176,0,0,160,0,16,176,0,0,176,0,0,160,0,16,176,0,0,176,0,0,160,0,16,0,0,0,0,0,0,0,0,0,0,0,0,0,0
184,250,2,4,4,2,far,1,176,101376,67168,57728,57024,57728,57024,57728,57024,176,0,0,176,0,0,96,64,16,176,0,0,176,0,0,96,64,16,176,0,0,176,0,0,96,64,16,0,0,0,0,0,0,0,0,0,0,0,0,0,0
184,250,2,8,4,2,far,1,176,101376,67168,57728,57728,57728,57728,57728,57728,176,0,0,176,0,0,96,0,80,176,0,0,176,0,0,96,0,80,176,0,0,176,0,0,96,0,80,0,0,0,0,0,0,0,0,0,0,0,0,0,0
184,250,2,0,4,4,unchanged,1,16,15360,7808,7808,7808,7808,7808,7808,7808,16,0,0,0,16,0,0,16,0,16,0,0,0,16,0,0,16,0,16,0,0,0,16,0,0,16,0,0,0,0,0,0,0,0,0,0,0,0,0,0,0
184,250,2,2,4,4,unchanged,1,16,15360,7808,7808,7840,7808,7840,7808,7840,16,0,0,0,0,16,0,0,16,16,0,0,0,0,16,0,0,16,16,0,0,0,0,16,0,0,16,0,0,0,0,0,0,0,0,0,0,0,0,0,0
184,250,2,4,4,4,unchanged,1,16,15360,7808,7808,7872,7808,7872,7808,7872,16,0,0,0,0,16,0,0,16,16,0,0,0,0,16,0,0,16,16,0,0,0,0,16,0,0,16,0,0,0,0,0,0,0,0,0,0,0,0,0,0
184,250,2,8,4,4,unchanged,1,16,15360,7808,7808,7936,7808,7936,7808,7936,16,0,0,0,0,16,0,0,16,16,0,0,0,0,16,0,0,16,16,0,0,0,0,16,0,0,16,0,0,0,0,0,0,0,0,0,0,0,0,0,0
184,250,2,0,4,4,one_edit,1,64,61440,43520,35328,32768,35328,32768,35328,32768,64,0,0,64,0,0,64,0,0,64,0,0,64,0,0,64,0,0,64,0,0,64,0,0,64,0,0,0,0,0,0,0,0,0,0,0,0,0,0,0,0
184,250,2,2,4,4,one_edit,1,64,61440,43520,35328,32896,35328,32896,35328,32896,64,0,0,64,0,0,64,0,0,64,0,0,64,0,0,64,0,0,64,0,0,64,0,0,64,0,0,0,0,0,0,0,0,0,0,0,0,0,0,0,0
184,250,2,4,4,4,one_edit,1,64,61440,43520,35328,33024,35328,33024,35328,33024,64,0,0,64,0,0,64,0,0,64,0,0,64,0,0,64,0,0,64,0,0,64,0,0,64,0,0,0,0,0,0,0,0,0,0,0,0,0,0,0,0
184,250,2,8,4,4,one_edit,1,64,61440,43520,35328,33280,35328,33280,35328,33280,64,0,0,64,0,0,64,0,0,64,0,0,64,0,0,64,0,0,64,0,0,64,0,0,64,0,0,0,0,0,0,0,0,0,0,0,0,0,0,0,0
184,250,2,0,4,4,far,1,176,168960,116032,97152,94336,97152,94336,97152,94336,176,0,0,176,0,0,160,16,0,176,0,0,176,0,0,160,16,0,176,0,0,176,0,0,160,16,0,0,0,0,0,0,0,0,0,0,0,0,0,0,0
184,250,2,2,4,4,far,1,176,168960,116032,97152,94688,97152,94688,97152,94688,176,0,0,176,0,0,160,0,16,176,0,0,176,0,0,160,0,16,176,0,0,176,0,0,160,0,16,0,0,0,0,0,0,0,0,0,0,0,0,0,0
184,250,2,4,4,4,far,1,176,168960,116032,97152,95040,97152,95040,97152,95040,176,0,0,176,0,0,160,0,16,176,0,0,176,0,0,160,0,16,176,0,0,176,0,0,160,0,16,0,0,0,0,0,0,0,0,0,0,0,0,0,0
184,250,2,8,4,4,far,1,176,168960,116032,97152,95744,97152,95744,97152,95744,176,0,0,176,0,0,96,64,16,176,0,0,176,0,0,96,64,16,176,0,0,176,0,0,96,64,16,0,0,0,0,0,0,0,0,0,0,0,0,0,0
184,250,2,0,16,1,unchanged,1,16,15360,7808,7808,7808,7808,7808,7808,7808,16,0,0,0,16,0,0,16,0,16,0,0,0,16,0,0,16,0,16,0,0,0,16,0,0,16,0,0,0,0,0,0,0,0,0,0,0,0,0,0,0
184,250,2,2,16,1,unchanged,1,16,15360,7808,7808,7840,7808,7840,7808,7840,16,0,0,0,0,16,0,0,16,16,0,0,0,0,16,0,0,16,16,0,0,0,0,16,0,0,16,0,0,0,0,0,0,0,0,0,0,0,0,0,0
184,250,2,4,16,1,unchanged,1,16,15360,7808,7808,7872,7808,7872,7808,7872,16,0,0,0,0,16,0,0,16,16,0,0,0,0,16,0,0,16,16,0,0,0,0,16,0,0,16,0,0,0,0,0,0,0,0,0,0,0,0,0,0
184,250,2,8,16,1,unchanged,1,16,15360,7808,7808,7936,7808,7936,7808,7936,16,0,0,0,0,16,0,0,16,16,0,0,0,0,16,0,0,16,16,0,0,0,0,16,0,0,16,0,0,0,0,0,0,0,0,0,0,0,0,0,0
184,250,2,0,16,1,one_edit,1,64,61440,43520,32256,31616,32256,31616,32256,31616,64,0,0,64,0,0,64,0,0,64,0,0,64,0,0,64,0,0,64,0,0,64,0,0,64,0,0,0,0,0,0,0,0,0,0,0,0,0,0,0,0
184,250,2,2,16,1,one_edit,1,64,61440,43520,32256,31744,32256,31744,32256,31744,64,0,0,64,0,0,64,0,0,64,0,0,64,0,0,64,0,0,64,0,0,64,0,0,64,0,0,0,0,0,0,0,0,0,0,0,0,0,0,0,0
184,250,2,4,16,1,one_edit,1,64,61440,43520,32256,31872,32256,31872,32256,31872,64,0,0,64,0,0,64,0,0,64,0,0,64,0,0,64,0,0,64,0,0,64,0,0,64,0,0,0,0,0,0,0,0,0,0,0,0,0,0,0,0
184,250,2,8,16,1,one_edit,1,64,61440,43520,32256,32128,32256,32128,32256,32128,64,0,0,64,0,0,64,0,0,64,0,0,64,0,0,64,0,0,64,0,0,64,0,0,64,0,0,0,0,0,0,0,0,0,0,0,0,0,0,0,0
184,250,2,0,16,1,far,1,176,168960,116032,88704,88000,88704,88000,88704,88000,176,0,0,176,0,0,160,16,0,176,0,0,176,0,0,160,16,0,176,0,0,176,0,0,160,16,0,0,0,0,0,0,0,0,0,0,0,0,0,0,0
184,250,2,2,16,1,far,1,176,168960,116032,88704,88352,88704,88352,88704,88352,176,0,0,176,0,0,96,64,16,176,0,0,176,0,0,96,64,16,176,0,0,176,0,0,96,64,16,0,0,0,0,0,0,0,0,0,0,0,0,0,0
184,250,2,4,16,1,far,1,176,168960,116032,88704,88704,88704,88704,88704,88704,176,0,0,176,0,0,96,0,80,176,0,0,176,0,0,96,0,80,176,0,0,176,0,0,96,0,80,0,0,0,0,0,0,0,0,0,0,0,0,0,0
184,250,2,8,16,1,far,1,176,168960,116032,88704,89408,88704,89408,88704,89408,176,0,0,176,0,0,0,0,176,176,0,0,176,0,0,0,0,176,176,0,0,176,0,0,0,0,176,0,0,0,0,0,0,0,0,0,0,0,0,0,0
184,250,2,0,16,2,unchanged,1,16,27648,13952,13952,13952,13952,13952,13952,13952,16,0,0,0,16,0,0,16,0,16,0,0,0,16,0,0,16,0,16,0,0,0,16,0,0,16,0,0,0,0,0,0,0,0,0,0,0,0,0,0,0
184,250,2,2,16,2,unchanged,1,16,27648,13952,13952,13984,13952,13984,13952,13984,16,0,0,0,0,16,0,0,16,16,0,0,0,0,16,0,0,16,16,0,0,0,0,16,0,0,16,0,0,0,0,0,0,0,0,0,0,0,0,0,0
184,250,2,4,16,2,unchanged,1,16,27648,13952,13952,14016,13952,14016,13952,14016,16,0,0,0,0,16,0,0,16,16,0,0,0,0,16,0,0,16,16,0,0,0,0,16,0,0,16,0,0,0,0,0,0,0,0,0,0,0,0,0,0
184,250,2,8,16,2,unchanged,1,16,27648,13952,13952,14080,13952,14080,13952,14080,16,0,0,0,0,16,0,0,16,16,0,0,0,0,16,0,0,16,16,0,0,0,0,16,0,0,16,0,0,0,0,0,0,0,0,0,0,0,0,0,0
184,250,2,0,16,2,one_edit,1,64,110592,80384,57856,56576,57856,56576,57856,56576,64,0,0,64,0,0,64,0,0,64,0,0,64,0,0,64,0,0,64,0,0,64,0,0,64,0,0,0,0,0,0,0,0,0,0,0,0,0,0,0,0
184,250,2,2,16,2,one_edit,1,64,110592,80384,57856,56704,57856,56704,57856,56704,64,0,0,64,0,0,64,0,0,64,0,0,64,0,0,64,0,0,64,0,0,64,0,0,64,0,0,0,0,0,0,0,0,0,0,0,0,0,0,0,0
184,250,2,4,16,2,one_edit,1,64,110592,80384,57856,56832,57856,56832,57856,56832,64,0,0,64,0,0,64,0,0,64,0,0,64,0,0,64,0,0,64,0,0,64,0,0,64,0,0,0,0,0,0,0,0,0,0,0,0,0,0,0,0
184,250,2,8,16,2,one_edit,1,64,110592,80384,57856,57088,57856,57088,57856,57088,64,0,0,64,0,0,64,0,0,64,0,0,64,0,0,64,0,0,64,0,0,64,0,0,64,0,0,0,0,0,0,0,0,0,0,0,0,0,0,0,0
184,250,2,0,16,2,far,1,176,304128,213760,159104,157696,159104,157696,159104,157696,176,0,0,176,0,0,160,16,0,176,0,0,176,0,0,160,16,0,176,0,0,176,0,0,160,16,0,0,0,0,0,0,0,0,0,0,0,0,0,0,0
184,250,2,2,16,2,far,1,176,304128,213760,159104,158048,159104,158048,159104,158048,176,0,0,176,0,0,160,0,16,176,0,0,176,0,0,160,0,16,176,0,0,176,0,0,160,0,16,0,0,0,0,0,0,0,0,0,0,0,0,0,0
184,250,2,4,16,2,far,1,176,304128,213760,159104,158400,159104,158400,159104,158400,176,0,0,176,0,0,96,64,16,176,0,0,176,0,0,96,64,16,176,0,0,176,0,0,96,64,16,0,0,0,0,0,0,0,0,0,0,0,0,0,0
184,250,2,8,16,2,far,1,176,304128,213760,159104,159104,159104,159104,159104,159104,176,0,0,176,0,0,96,0,80,176,0,0,176,0,0,96,0,80,176,0,0,176,0,0,96,0,80,0,0,0,0,0,0,0,0,0,0,0,0,0,0
184,250,2,0,16,4,unchanged,1,16,52224,26240,26240,26240,26240,26240,26240,26240,16,0,0,0,16,0,0,16,0,16,0,0,0,16,0,0,16,0,16,0,0,0,16,0,0,16,0,0,0,0,0,0,0,0,0,0,0,0,0,0,0
184,250,2,2,16,4,unchanged,1,16,52224,26240,26240,26272,26240,26272,26240,26272,16,0,0,0,0,16,0,0,16,16,0,0,0,0,16,0,0,16,16,0,0,0,0,16,0,0,16,0,0,0,0,0,0,0,0,0,0,0,0,0,0
184,250,2,4,16,4,unchanged,1,16,52224,26240,26240,26304,26240,26304,26240,26304,16,0,0,0,0,16,0,0,16,16,0,0,0,0,16,0,0,16,16,0,0,0,0,16,0,0,16,0,0,0,0,0,0,0,0,0,0,0,0,0,0
184,250,2,8,16,4,unchanged,1,16,52224,26240,26240,26368,26240,26368,26240,26368,16,0,0,0,0,16,0,0,16,16,0,0,0,0,16,0,0,16,16,0,0,0,0,16,0,0,16,0,0,0,0,0,0,0,0,0,0,0,0,0,0
184,250,2,0,16,4,one_edit,1,64,208896,154112,109056,106496,109056,106496,109056,106496,64,0,0,64,0,0,64,0,0,64,0,0,64,0,0,64,0,0,64,0,0,64,0,0,64,0,0,0,0,0,0,0,0,0,0,0,0,0,0,0,0
184,250,2,2,16,4,one_edit,1,64,208896,154112,109056,106624,109056,106624,109056,106624,64,0,0,64,0,0,64,0,0,64,0,0,64,0,0,64,0,0,64,0,0,64,0,0,64,0,0,0,0,0,0,0,0,0,0,0,0,0,0,0,0
184,250,2,4,16,4,one_edit,1,64,208896,154112,109056,106752,109056,106752,109056,106752,64,0,0,64,0,0,64,0,0,64,0,0,64,0,0,64,0,0,64,0,0,64,0,0,64,0,0,0,0,0,0,0,0,0,0,0,0,0,0,0,0
184,250,2,8,16,4,one_edit,1,64,208896,154112,109056,107008,109056,107008,109056,107008,64,0,0,64,0,0,64,0,0,64,0,0,64,0,0,64,0,0,64,0,0,64,0,0,64,0,0,0,0,0,0,0,0,0,0,0,0,0,0,0,0
184,250,2,0,16,4,far,1,176,574464,409216,299904,297088,299904,297088,299904,297088,176,0,0,176,0,0,160,16,0,176,0,0,176,0,0,160,16,0,176,0,0,176,0,0,160,16,0,0,0,0,0,0,0,0,0,0,0,0,0,0,0
184,250,2,2,16,4,far,1,176,574464,409216,299904,297440,299904,297440,299904,297440,176,0,0,176,0,0,160,0,16,176,0,0,176,0,0,160,0,16,176,0,0,176,0,0,160,0,16,0,0,0,0,0,0,0,0,0,0,0,0,0,0
184,250,2,4,16,4,far,1,176,574464,409216,299904,297792,299904,297792,299904,297792,176,0,0,176,0,0,160,0,16,176,0,0,176,0,0,160,0,16,176,0,0,176,0,0,160,0,16,0,0,0,0,0,0,0,0,0,0,0,0,0,0
184,250,2,8,16,4,far,1,176,574464,409216,299904,298496,299904,298496,299904,298496,176,0,0,176,0,0,96,64,16,176,0,0,176,0,0,96,64,16,176,0,0,176,0,0,96,64,16,0,0,0,0,0,0,0,0,0,0,0,0,0,0
184,250,4,0,1,1,unchanged,1,16,6400,2688,2688,2688,2688,2688,2688,2688,16,0,0,0,16,0,0,16,0,16,0,0,0,16,0,0,16,0,16,0,0,0,16,0,0,16,0,0,0,0,0,0,0,0,0,0,0,0,0,0,0
184,250,4,2,1,1,unchanged,1,16,6400,2688,2688,2720,2688,2720,2688,2720,16,0,0,0,0,16,0,0,16,16,0,0,0,0,16,0,0,16,16,0,0,0,0,16,0,0,16,0,0,0,0,0,0,0,0,0,0,0,0,0,0
184,250,4,4,1,1,unchanged,1,16,6400,2688,2688,2752,2688,2752,2688,2752,16,0,0,0,0,16,0,0,16,16,0,0,0,0,16,0,0,16,16,0,0,0,0,16,0,0,16,0,0,0,0,0,0,0,0,0,0,0,0,0,0
184,250,4,8,1,1,unchanged,1,16,6400,2688,2688,2816,2688,2816,2688,2816,16,0,0,0,0,16,0,0,16,16,0,0,0,0,16,0,0,16,16,0,0,0,0,16,0,0,16,0,0,0,0,0,0,0,0,0,0,0,0,0,0
184,250,4,0,1,1,one_edit,1,64,25600,12288,11776,11136,11776,11136,11776,11136,64,0,0,64,0,0,64,0,0,64,0,0,64,0,0,64,0,0,64,0,0,64,0,0,64,0,0,0,0,0,0,0,0,0,0,0,0,0,0,0,0
184,250,4,2,1,1,one_edit,1,64,25600,12288,11776,11264,11776,11264,11776,11264,64,0,0,64,0,0,64,0,0,64,0,0,64,0,0,64,0,0,64,0,0,64,0,0,64,0,0,0,0,0,0,0,0,0,0,0,0,0,0,0,0
184,250,4,4,1,1,one_edit,1,64,25600,12288,11776,11392,11776,11392,11776,11392,64,0,0,64,0,0,64,0,0,64,0,0,64,0,0,64,0,0,64,0,0,64,0,0,64,0,0,0,0,0,0,0,0,0,0,0,0,0,0,0,0
184,250,4,8,1,1,one_edit,1,64,25600,12288,11776,11648,11776,11648,11776,11648,64,0,0,64,0,0,64,0,0,64,0,0,64,0,0,64,0,0,64,0,0,64,0,0,64,0,0,0,0,0,0,0,0,0,0,0,0,0,0,0,0
184,250,4,0,1,1,far,1,176,70400,33336,32232,31656,32384,31680,32384,31680,176,0,0,170,6,0,160,16,0,176,0,0,170,0,6,160,16,0,176,0,0,170,0,6,160,16,0,38,152,4,38,152,4,0,6,24,4,6,24,4,0
184,250,4,2,1,1,far,1,176,70400,33336,32232,32008,32384,32032,32384,32032,176,0,0,138,32,6,64,96,16,176,0,0,138,32,6,96,64,16,176,0,0,138,32,6,96,64,16,38,152,4,38,152,4,0,6,24,4,6,24,4,0
184,250,4,4,1,1,far,1,176,70400,33336,32232,32360,32384,32384,32384,32384,176,0,0,138,0,38,64,0,112,176,0,0,138,0,38,96,0,80,176,0,0,138,0,38,96,0,80,38,152,4,38,152,4,0,6,24,4,6,24,4,0
184,250,4,8,1,1,far,1,176,70400,33336,32232,33064,32384,33088,32384,33088,176,0,0,128,10,38,0,0,176,176,0,0,128,10,38,0,0,176,176,0,0,128,10,38,0,0,176,38,152,4,38,152,4,0,6,24,4,6,24,4,0
184,250,4,0,1,2,unchanged,1,16,7680,3200,3200,3200,3200,3200,3200,3200,16,0,0,0,16,0,0,16,0,16,0,0,0,16,0,0,16,0,16,0,0,0,16,0,0,16,0,0,0,0,0,0,0,0,0,0,0,0,0,0,0
184,250,4,2,1,2,unchanged,1,16,7680,3200,3200,3232,3200,3232,3200,3232,16,0,0,0,0,16,0,0,16,16,0,0,0,0,16,0,0,16,16,0,0,0,0,16,0,0,16,0,0,0,0,0,0,0,0,0,0,0,0,0,0
184,250,4,4,1,2,unchanged,1,16,7680,3200,3200,3264,3200,3264,3200,3264,16,0,0,0,0,16,0,0,16,16,0,0,0,0,16,0,0,16,16,0,0,0,0,16,0,0,16,0,0,0,0,0,0,0,0,0,0,0,0,0,0
184,250,4,8,1,2,unchanged,1,16,7680,3200,3200,3328,3200,3328,3200,3328,16,0,0,0,0,16,0,0,16,16,0,0,0,0,16,0,0,16,16,0,0,0,0,16,0,0,16,0,0,0,0,0,0,0,0,0,0,0,0,0,0
184,250,4,0,1,2,one_edit,1,64,30720,15872,14848,13568,14848,13568,14848,13568,64,0,0,64,0,0,64,0,0,64,0,0,64,0,0,64,0,0,64,0,0,64,0,0,64,0,0,0,0,0,0,0,0,0,0,0,0,0,0,0,0
184,250,4,2,1,2,one_edit,1,64,30720,15872,14848,13696,14848,13696,14848,13696,64,0,0,64,0,0,64,0,0,64,0,0,64,0,0,64,0,0,64,0,0,64,0,0,64,0,0,0,0,0,0,0,0,0,0,0,0,0,0,0,0
184,250,4,4,1,2,one_edit,1,64,30720,15872,14848,13824,14848,13824,14848,13824,64,0,0,64,0,0,64,0,0,64,0,0,64,0,0,64,0,0,64,0,0,64,0,0,64,0,0,0,0,0,0,0,0,0,0,0,0,0,0,0,0
184,250,4,8,1,2,one_edit,1,64,30720,15872,14848,14080,14848,14080,14848,14080,64,0,0,64,0,0,64,0,0,64,0,0,64,0,0,64,0,0,64,0,0,64,0,0,64,0,0,0,0,0,0,0,0,0,0,0,0,0,0,0,0
184,250,4,0,1,2,far,1,176,84480,42736,40528,39376,40832,39424,40832,39424,176,0,0,170,6,0,160,16,0,176,0,0,170,0,6,160,16,0,176,0,0,170,0,6,160,16,0,38,304,8,38,304,8,0,6,48,8,6,48,8,0
184,250,4,2,1,2,far,1,176,84480,42736,40528,39728,40832,39776,40832,39776,176,0,0,170,0,6,160,0,16,176,0,0,170,0,6,160,0,16,176,0,0,170,0,6,160,0,16,38,304,8,38,304,8,0,6,48,8,6,48,8,0
184,250,4,4,1,2,far,1,176,84480,42736,40528,40080,40832,40128,40832,40128,176,0,0,138,32,6,64,96,16,176,0,0,138,32,6,96,64,16,176,0,0,138,32,6,96,64,16,38,304,8,38,304,8,0,6,48,8,6,48,8,0
184,250,4,8,1,2,far,1,176,84480,42736,40528,40784,40832,40832,40832,40832,176,0,0,138,0,38,64,0,112,176,0,0,138,0,38,96,0,80,176,0,0,138,0,38,96,0,80,38,304,8,38,304,8,0,6,48,8,6,48,8,0
184,250,4,0,1,4,unchanged,1,16,10240,4224,4224,4224,4224,4224,4224,4224,16,0,0,0,16,0,0,16,0,16,0,0,0,16,0,0,16,0,16,0,0,0,16,0,0,16,0,0,0,0,0,0,0,0,0,0,0,0,0,0,0
184,250,4,2,1,4,unchanged,1,16,10240,4224,4224,4256,4224,4256,4224,4256,16,0,0,0,0,16,0,0,16,16,0,0,0,0,16,0,0,16,16,0,0,0,0,16,0,0,16,0,0,0,0,0,0,0,0,0,0,0,0,0,0
184,250,4,4,1,4,unchanged,1,16,10240,4224,4224,4288,4224,4288,4224,4288,16,0,0,0,0,16,0,0,16,16,0,0,0,0,16,0,0,16,16,0,0,0,0,16,0,0,16,0,0,0,0,0,0,0,0,0,0,0,0,0,0
184,250,4,8,1,4,unchanged,1,16,10240,4224,4224,4352,4224,4352,4224,4352,16,0,0,0,0,16,0,0,16,16,0,0,0,0,16,0,0,16,16,0,0,0,0,16,0,0,16,0,0,0,0,0,0,0,0,0,0,0,0,0,0
184,250,4,0,1,4,one_edit,1,64,40960,23040,20992,18432,20992,18432,20992,18432,64,0,0,64,0,0,64,0,0,64,0,0,64,0,0,64,0,0,64,0,0,64,0,0,64,0,0,0,0,0,0,0,0,0,0,0,0,0,0,0,0
184,250,4,2,1,4,one_edit,1,64,40960,23040,20992,18560,20992,18560,20992,18560,64,0,0,64,0,0,64,0,0,64,0,0,64,0,0,64,0,0,64,0,0,64,0,0,64,0,0,0,0,0,0,0,0,0,0,0,0,0,0,0,0
184,250,4,4,1,4,one_edit,1,64,40960,23040,20992,18688,20992,18688,20992,18688,64,0,0,64,0,0,64,0,0,64,0,0,64,0,0,64,0,0,64,0,0,64,0,0,64,0,0,0,0,0,0,0,0,0,0,0,0,0,0,0,0
184,250,4,8,1,4,one_edit,1,64,40960,23040,20992,18944,20992,18944,20992,18944,64,0,0,64,0,0,64,0,0,64,0,0,64,0,0,64,0,0,64,0,0,64,0,0,64,0,0,0,0,0,0,0,0,0,0,0,0,0,0,0,0
184,250,4,0,1,4,far,1,176,112640,61536,57120,54816,57728,54912,57728,54912,176,0,0,170,6,0,160,16,0,176,0,0,170,0,6,160,16,0,176,0,0,170,0,6,160,16,0,38,608,16,38,608,16,0,6,96,16,6,96,16,0
184,250,4,2,1,4,far,1,176,112640,61536,57120,55168,57728,55264,57728,55264,176,0,0,170,0,6,160,0,16,176,0,0,170,0,6,160,0,16,176,0,0,170,0,6,160,0,16,38,608,16,38,608,16,0,6,96,16,6,96,16,0
184,250,4,4,1,4,far,1,176,112640,61536,57120,55520,57728,55616,57728,55616,176,0,0,170,0,6,160,0,16,176,0,0,170,0,6,160,0,16,176,0,0,170,0,6,160,0,16,38,608,16,38,608,16,0,6,96,16,6,96,16,0
184,250,4,8,1,4,far,1,176,112640,61536,57120,56224,57728,56320,57728,56320,176,0,0,138,32,6,64,96,16,176,0,0,138,32,6,96,64,16,176,0,0,138,32,6,96,64,16,38,608,16,38,608,16,0,6,96,16,6,96,16,0
184,250,4,0,4,1,unchanged,1,16,10240,4224,4224,4224,4224,4224,4224,4224,16,0,0,0,16,0,0,16,0,16,0,0,0,16,0,0,16,0,16,0,0,0,16,0,0,16,0,0,0,0,0,0,0,0,0,0,0,0,0,0,0
184,250,4,2,4,1,unchanged,1,16,10240,4224,4224,4256,4224,4256,4224,4256,16,0,0,0,0,16,0,0,16,16,0,0,0,0,16,0,0,16,16,0,0,0,0,16,0,0,16,0,0,0,0,0,0,0,0,0,0,0,0,0,0
184,250,4,4,4,1,unchanged,1,16,10240,4224,4224,4288,4224,4288,4224,4288,16,0,0,0,0,16,0,0,16,16,0,0,0,0,16,0,0,16,16,0,0,0,0,16,0,0,16,0,0,0,0,0,0,0,0,0,0,0,0,0,0
184,250,4,8,4,1,unchanged,1,16,10240,4224,4224,4352,4224,4352,4224,4352,16,0,0,0,0,16,0,0,16,16,0,0,0,0,16,0,0,16,16,0,0,0,0,16,0,0,16,0,0,0,0,0,0,0,0,0,0,0,0,0,0
184,250,4,0,4,1,one_edit,1,64,40960,23040,17920,17280,17920,17280,17920,17280,64,0,0,64,0,0,64,0,0,64,0,0,64,0,0,64,0,0,64,0,0,64,0,0,64,0,0,0,0,0,0,0,0,0,0,0,0,0,0,0,0
184,250,4,2,4,1,one_edit,1,64,40960,23040,17920,17408,17920,17408,17920,17408,64,0,0,64,0,0,64,0,0,64,0,0,64,0,0,64,0,0,64,0,0,64,0,0,64,0,0,0,0,0,0,0,0,0,0,0,0,0,0,0,0
184,250,4,4,4,1,one_edit,1,64,40960,23040,17920,17536,17920,17536,17920,17536,64,0,0,64,0,0,64,0,0,64,0,0,64,0,0,64,0,0,64,0,0,64,0,0,64,0,0,0,0,0,0,0,0,0,0,0,0,0,0,0,0
184,250,4,8,4,1,one_edit,1,64,40960,23040,17920,17792,17920,17792,17920,17792,64,0,0,64,0,0,64,0,0,64,0,0,64,0,0,64,0,0,64,0,0,64,0,0,64,0,0,0,0,0,0,0,0,0,0,0,0,0,0,0,0
184,250,4,0,4,1,far,1,176,112640,61536,49280,48576,49280,48576,49280,48576,176,0,0,176,0,0,160,16,0,176,0,0,176,0,0,160,16,0,176,0,0,176,0,0,160,16,0,0,0,0,0,0,0,0,0,0,0,0,0,0,0
184,250,4,2,4,1,far,1,176,112640,61536,49280,48928,49280,48928,49280,48928,176,0,0,176,0,0,96,64,16,176,0,0,176,0,0,96,64,16,176,0,0,176,0,0,96,64,16,0,0,0,0,0,0,0,0,0,0,0,0,0,0
184,250,4,4,4,1,far,1,176,112640,61536,49280,49280,49280,49280,49280,49280,176,0,0,176,0,0,96,0,80,176,0,0,176,0,0,96,0,80,176,0,0,176,0,0,96,0,80,0,0,0,0,0,0,0,0,0,0,0,0,0,0
184,250,4,8,4,1,far,1,176,112640,61536,49280,49984,49280,49984,49280,49984,176,0,0,176,0,0,0,0,176,176,0,0,176,0,0,0,0,176,176,0,0,176,0,0,0,0,176,0,0,0,0,0,0,0,0,0,0,0,0,0,0
184,250,4,0,4,2,unchanged,1,16,15360,6272,6272,6272,6272,6272,6272,6272,16,0,0,0,16,0,0,16,0,16,0,0,0,16,0,0,16,0,16,0,0,0,16,0,0,16,0,0,0,0,0,0,0,0,0,0,0,0,0,0,0
184,250,4,2,4,2,unchanged,1,16,15360,6272,6272,6304,6272,6304,6272,6304,16,0,0,0,0,16,0,0,16,16,0,0,0,0,16,0,0,16,16,0,0,0,0,16,0,0,16,0,0,0,0,0,0,0,0,0,0,0,0,0,0
184,250,4,4,4,2,unchanged,1,16,15360,6272,6272,6336,6272,6336,6272,6336,16,0,0,0,0,16,0,0,16,16,0,0,0,0,16,0,0,16,16,0,0,0,0,16,0,0,16,0,0,0,0,0,0,0,0,0,0,0,0,0,0
184,250,4,8,4,2,unchanged,1,16,15360,6272,6272,6400,6272,6400,6272,6400,16,0,0,0,0,16,0,0,16,16,0,0,0,0,16,0,0,16,16,0,0,0,0,16,0,0,16,0,0,0,0,0,0,0,0,0,0,0,0,0,0
184,250,4,0,4,2,one_edit,1,64,61440,37376,27136,25856,27136,25856,27136,25856,64,0,0,64,0,0,64,0,0,64,0,0,64,0,0,64,0,0,64,0,0,64,0,0,64,0,0,0,0,0,0,0,0,0,0,0,0,0,0,0,0
184,250,4,2,4,2,one_edit,1,64,61440,37376,27136,25984,27136,25984,27136,25984,64,0,0,64,0,0,64,0,0,64,0,0,64,0,0,64,0,0,64,0,0,64,0,0,64,0,0,0,0,0,0,0,0,0,0,0,0,0,0,0,0
184,250,4,4,4,2,one_edit,1,64,61440,37376,27136,26112,27136,26112,27136,26112,64,0,0,64,0,0,64,0,0,64,0,0,64,0,0,64,0,0,64,0,0,64,0,0,64,0,0,0,0,0,0,0,0,0,0,0,0,0,0,0,0
184,250,4,8,4,2,one_edit,1,64,61440,37376,27136,26368,27136,26368,27136,26368,64,0,0,64,0,0,64,0,0,64,0,0,64,0,0,64,0,0,64,0,0,64,0,0,64,0,0,0,0,0,0,0,0,0,0,0,0,0,0,0,0
184,250,4,0,4,2,far,1,176,168960,99136,74624,73216,74624,73216,74624,73216,176,0,0,176,0,0,160,16,0,176,0,0,176,0,0,160,16,0,176,0,0,176,0,0,160,16,0,0,0,0,0,0,0,0,0,0,0,0,0,0,0
184,250,4,2,4,2,far,1,176,168960,99136,74624,73568,74624,73568,74624,73568,176,0,0,176,0,0,160,0,16,176,0,0,176,0,0,160,0,16,176,0,0,176,0,0,160,0,16,0,0,0,0,0,0,0,0,0,0,0,0,0,0
184,250,4,4,4,2,far,1,176,168960,99136,74624,73920,74624,73920,74624,73920,176,0,0,176,0,0,96,64,16,176,0,0,176,0,0,96,64,16,176,0,0,176,0,0,96,64,16,0,0,0,0,0,0,0,0,0,0,0,0,0,0
184,250,4,8,4,2,far,1,176,168960,99136,74624,74624,74624,74624,74624,74624,176,0,0,176,0,0,96,0,80,176,0,0,176,0,0,96,0,80,176,0,0,176,0,0,96,0,80,0,0,0,0,0,0,0,0,0,0,0,0,0,0
184,250,4,0,4,4,unchanged,1,16,25600,10368,10368,10368,10368,10368,10368,10368,16,0,0,0,16,0,0,16,0,16,0,0,0,16,0,0,16,0,16,0,0,0,16,0,0,16,0,0,0,0,0,0,0,0,0,0,0,0,0,0,0
184,250,4,2,4,4,unchanged,1,16,25600,10368,10368,10400,10368,10400,10368,10400,16,0,0,0,0,16,0,0,16,16,0,0,0,0,16,0,0,16,16,0,0,0,0,16,0,0,16,0,0,0,0,0,0,0,0,0,0,0,0,0,0
184,250,4,4,4,4,unchanged,1,16,25600,10368,10368,10432,10368,10432,10368,10432,16,0,0,0,0,16,0,0,16,16,0,0,0,0,16,0,0,16,16,0,0,0,0,16,0,0,16,0,0,0,0,0,0,0,0,0,0,0,0,0,0
184,250,4,8,4,4,unchanged,1,16,25600,10368,10368,10496,10368,10496,10368,10496,16,0,0,0,0,16,0,0,16,16,0,0,0,0,16,0,0,16,16,0,0,0,0,16,0,0,16,0,0,0,0,0,0,0,0,0,0,0,0,0,0
184,250,4,0,4,4,one_edit,1,64,102400,66048,45568,43008,45568,43008,45568,43008,64,0,0,64,0,0,64,0,0,64,0,0,64,0,0,64,0,0,64,0,0,64,0,0,64,0,0,0,0,0,0,0,0,0,0,0,0,0,0,0,0
184,250,4,2,4,4,one_edit,1,64,102400,66048,45568,43136,45568,43136,45568,43136,64,0,0,64,0,0,64,0,0,64,0,0,64,0,0,64,0,0,64,0,0,64,0,0,64,0,0,0,0,0,0,0,0,0,0,0,0,0,0,0,0
184,250,4,4,4,4,one_edit,1,64,102400,66048,45568,43264,45568,43264,45568,43264,64,0,0,64,0,0,64,0,0,64,0,0,64,0,0,64,0,0,64,0,0,64,0,0,64,0,0,0,0,0,0,0,0,0,0,0,0,0,0,0,0
184,250,4,8,4,4,one_edit,1,64,102400,66048,45568,43520,45568,43520,45568,43520,64,0,0,64,0,0,64,0,0,64,0,0,64,0,0,64,0,0,64,0,0,64,0,0,64,0,0,0,0,0,0,0,0,0,0,0,0,0,0,0,0
184,250,4,0,4,4,far,1,176,281600,174336,125312,122496,125312,122496,125312,122496,176,0,0,176,0,0,160,16,0,176,0,0,176,0,0,160,16,0,176,0,0,176,0,0,160,16,0,0,0,0,0,0,0,0,0,0,0,0,0,0,0
184,250,4,2,4,4,far,1,176,281600,174336,125312,122848,125312,122848,125312,122848,176,0,0,176,0,0,160,0,16,176,0,0,176,0,0,160,0,16,176,0,0,176,0,0,160,0,16,0,0,0,0,0,0,0,0,0,0,0,0,0,0
184,250,4,4,4,4,far,1,176,281600,174336,125312,123200,125312,123200,125312,123200,176,0,0,176,0,0,160,0,16,176,0,0,176,0,0,160,0,16,176,0,0,176,0,0,160,0,16,0,0,0,0,0,0,0,0,0,0,0,0,0,0
184,250,4,8,4,4,far,1,176,281600,174336,125312,123904,125312,123904,125312,123904,176,0,0,176,0,0,96,64,16,176,0,0,176,0,0,96,64,16,176,0,0,176,0,0,96,64,16,0,0,0,0,0,0,0,0,0,0,0,0,0,0
184,250,4,0,16,1,unchanged,1,16,25600,10368,10368,10368,10368,10368,10368,10368,16,0,0,0,16,0,0,16,0,16,0,0,0,16,0,0,16,0,16,0,0,0,16,0,0,16,0,0,0,0,0,0,0,0,0,0,0,0,0,0,0
184,250,4,2,16,1,unchanged,1,16,25600,10368,10368,10400,10368,10400,10368,10400,16,0,0,0,0,16,0,0,16,16,0,0,0,0,16,0,0,16,16,0,0,0,0,16,0,0,16,0,0,0,0,0,0,0,0,0,0,0,0,0,0
184,250,4,4,16,1,unchanged,1,16,25600,10368,10368,10432,10368,10432,10368,10432,16,0,0,0,0,16,0,0,16,16,0,0,0,0,16,0,0,16,16,0,0,0,0,16,0,0,16,0,0,0,0,0,0,0,0,0,0,0,0,0,0
184,250,4,8,16,1,unchanged,1,16,25600,10368,10368,10496,10368,10496,10368,10496,16,0,0,0,0,16,0,0,16,16,0,0,0,0,16,0,0,16,16,0,0,0,0,16,0,0,16,0,0,0,0,0,0,0,0,0,0,0,0,0,0
184,250,4,0,16,1,one_edit,1,64,102400,66048,42496,41856,42496,41856,42496,41856,64,0,0,64,0,0,64,0,0,64,0,0,64,0,0,64,0,0,64,0,0,64,0,0,64,0,0,0,0,0,0,0,0,0,0,0,0,0,0,0,0
184,250,4,2,16,1,one_edit,1,64,102400,66048,42496,41984,42496,41984,42496,41984,64,0,0,64,0,0,64,0,0,64,0,0,64,0,0,64,0,0,64,0,0,64,0,0,64,0,0,0,0,0,0,0,0,0,0,0,0,0,0,0,0
184,250,4,4,16,1,one_edit,1,64,102400,66048,42496,42112,42496,42112,42496,42112,64,0,0,64,0,0,64,0,0,64,0,0,64,0,0,64,0,0,64,0,0,64,0,0,64,0,0,0,0,0,0,0,0,0,0,0,0,0,0,0,0
184,250,4,8,16,1,one_edit,1,64,102400,66048,42496,42368,42496,42368,42496,42368,64,0,0,64,0,0,64,0,0,64,0,0,64,0,0,64,0,0,64,0,0,64,0,0,64,0,0,0,0,0,0,0,0,0,0,0,0,0,0,0,0
184,250,4,0,16,1,far,1,176,281600,174336,116864,116160,116864,116160,116864,116160,176,0,0,176,0,0,160,16,0,176,0,0,176,0,0,160,16,0,176,0,0,176,0,0,160,16,0,0,0,0,0,0,0,0,0,0,0,0,0,0,0
184,250,4,2,16,1,far,1,176,281600,174336,116864,116512,116864,116512,116864,116512,176,0,0,176,0,0,96,64,16,176,0,0,176,0,0,96,64,16,176,0,0,176,0,0,96,64,16,0,0,0,0,0,0,0,0,0,0,0,0,0,0
184,250,4,4,16,1,far,1,176,281600,174336,116864,116864,116864,116864,116864,116864,176,0,0,176,0,0,96,0,80,176,0,0,176,0,0,96,0,80,176,0,0,176,0,0,96,0,80,0,0,0,0,0,0,0,0,0,0,0,0,0,0
184,250,4,8,16,1,far,1,176,281600,174336,116864,117568,116864,117568,116864,117568,176,0,0,176,0,0,0,0,176,176,0,0,176,0,0,0,0,176,176,0,0,176,0,0,0,0,176,0,0,0,0,0,0,0,0,0,0,0,0,0,0
184,250,4,0,16,2,unchanged,1,16,46080,18560,18560,18560,18560,18560,18560,18560,16,0,0,0,16,0,0,16,0,16,0,0,0,16,0,0,16,0,16,0,0,0,16,0,0,16,0,0,0,0,0,0,0,0,0,0,0,0,0,0,0
184,250,4,2,16,2,unchanged,1,16,46080,18560,18560,18592,18560,18592,18560,18592,16,0,0,0,0,16,0,0,16,16,0,0,0,0,16,0,0,16,16,0,0,0,0,16,0,0,16,0,0,0,0,0,0,0,0,0,0,0,0,0,0
184,250,4,4,16,2,unchanged,1,16,46080,18560,18560,18624,18560,18624,18560,18624,16,0,0,0,0,16,0,0,16,16,0,0,0,0,16,0,0,16,16,0,0,0,0,16,0,0,16,0,0,0,0,0,0,0,0,0,0,0,0,0,0
184,250,4,8,16,2,unchanged,1,16,46080,18560,18560,18688,18560,18688,18560,18688,16,0,0,0,0,16,0,0,16,16,0,0,0,0,16,0,0,16,16,0,0,0,0,16,0,0,16,0,0,0,0,0,0,0,0,0,0,0,0,0,0
184,250,4,0,16,2,one_edit,1,64,184320,123392,76288,75008,76288,75008,76288,75008,64,0,0,64,0,0,64,0,0,64,0,0,64,0,0,64,0,0,64,0,0,64,0,0,64,0,0,0,0,0,0,0,0,0,0,0,0,0,0,0,0
184,250,4,2,16,2,one_edit,1,64,184320,123392,76288,75136,76288,75136,76288,75136,64,0,0,64,0,0,64,0,0,64,0,0,64,0,0,64,0,0,64,0,0,64,0,0,64,0,0,0,0,0,0,0,0,0,0,0,0,0,0,0,0
184,250,4,4,16,2,one_edit,1,64,184320,123392,76288,75264,76288,75264,76288,75264,64,0,0,64,0,0,64,0,0,64,0,0,64,0,0,64,0,0,64,0,0,64,0,0,64,0,0,0,0,0,0,0,0,0,0,0,0,0,0,0,0
184,250,4,8,16,2,one_edit,1,64,184320,123392,76288,75520,76288,75520,76288,75520,64,0,0,64,0,0,64,0,0,64,0,0,64,0,0,64,0,0,64,0,0,64,0,0,64,0,0,0,0,0,0,0,0,0,0,0,0,0,0,0,0
184,250,4,0,16,2,far,1,176,506880,324736,209792,208384,209792,208384,209792,208384,176,0,0,176,0,0,160,16,0,176,0,0,176,0,0,160,16,0,176,0,0,176,0,0,160,16,0,0,0,0,0,0,0,0,0,0,0,0,0,0,0
184,250,4,2,16,2,far,1,176,506880,324736,209792,208736,209792,208736,209792,208736,176,0,0,176,0,0,160,0,16,176,0,0,176,0,0,160,0,16,176,0,0,176,0,0,160,0,16,0,0,0,0,0,0,0,0,0,0,0,0,0,0
184,250,4,4,16,2,far,1,176,506880,324736,209792,209088,209792,209088,209792,209088,176,0,0,176,0,0,96,64,16,176,0,0,176,0,0,96,64,16,176,0,0,176,0,0,96,64,16,0,0,0,0,0,0,0,0,0,0,0,0,0,0
184,250,4,8,16,2,far,1,176,506880,324736,209792,209792,209792,209792,209792,209792,176,0,0,176,0,0,96,0,80,176,0,0,176,0,0,96,0,80,176,0,0,176,0,0,96,0,80,0,0,0,0,0,0,0,0,0,0,0,0,0,0
184,250,4,0,16,4,unchanged,1,16,87040,34944,34944,34944,34944,34944,34944,34944,16,0,0,0,16,0,0,16,0,16,0,0,0,16,0,0,16,0,16,0,0,0,16,0,0,16,0,0,0,0,0,0,0,0,0,0,0,0,0,0,0
184,250,4,2,16,4,unchanged,1,16,87040,34944,34944,34976,34944,34976,34944,34976,16,0,0,0,0,16,0,0,16,16,0,0,0,0,16,0,0,16,16,0,0,0,0,16,0,0,16,0,0,0,0,0,0,0,0,0,0,0,0,0,0
184,250,4,4,16,4,unchanged,1,16,87040,34944,34944,35008,34944,35008,34944,35008,16,0,0,0,0,16,0,0,16,16,0,0,0,0,16,0,0,16,16,0,0,0,0,16,0,0,16,0,0,0,0,0,0,0,0,0,0,0,0,0,0
184,250,4,8,16,4,unchanged,1,16,87040,34944,34944,35072,34944,35072,34944,35072,16,0,0,0,0,16,0,0,16,16,0,0,0,0,16,0,0,16,16,0,0,0,0,16,0,0,16,0,0,0,0,0,0,0,0,0,0,0,0,0,0
184,250,4,0,16,4,one_edit,1,64,348160,238080,143872,141312,143872,141312,143872,141312,64,0,0,64,0,0,64,0,0,64,0,0,64,0,0,64,0,0,64,0,0,64,0,0,64,0,0,0,0,0,0,0,0,0,0,0,0,0,0,0,0
184,250,4,2,16,4,one_edit,1,64,348160,238080,143872,141440,143872,141440,143872,141440,64,0,0,64,0,0,64,0,0,64,0,0,64,0,0,64,0,0,64,0,0,64,0,0,64,0,0,0,0,0,0,0,0,0,0,0,0,0,0,0,0
184,250,4,4,16,4,one_edit,1,64,348160,238080,143872,141568,143872,141568,143872,141568,64,0,0,64,0,0,64,0,0,64,0,0,64,0,0,64,0,0,64,0,0,64,0,0,64,0,0,0,0,0,0,0,0,0,0,0,0,0,0,0,0
184,250,4,8,16,4,one_edit,1,64,348160,238080,143872,141824,143872,141824,143872,141824,64,0,0,64,0,0,64,0,0,64,0,0,64,0,0,64,0,0,64,0,0,64,0,0,64,0,0,0,0,0,0,0,0,0,0,0,0,0,0,0,0
184,250,4,0,16,4,far,1,176,957440,625536,395648,392832,395648,392832,395648,392832,176,0,0,176,0,0,160,16,0,176,0,0,176,0,0,160,16,0,176,0,0,176,0,0,160,16,0,0,0,0,0,0,0,0,0,0,0,0,0,0,0
184,250,4,2,16,4,far,1,176,957440,625536,395648,393184,395648,393184,395648,393184,176,0,0,176,0,0,160,0,16,176,0,0,176,0,0,160,0,16,176,0,0,176,0,0,160,0,16,0,0,0,0,0,0,0,0,0,0,0,0,0,0
184,250,4,4,16,4,far,1,176,957440,625536,395648,393536,395648,393536,395648,393536,176,0,0,176,0,0,160,0,16,176,0,0,176,0,0,160,0,16,176,0,0,176,0,0,160,0,16,0,0,0,0,0,0,0,0,0,0,0,0,0,0
184,250,4,8,16,4,far,1,176,957440,625536,395648,394240,395648,394240,395648,394240,176,0,0,176,0,0,96,64,16,176,0,0,176,0,0,96,64,16,176,0,0,176,0,0,96,64,16,0,0,0,0,0,0,0,0,0,0,0,0,0,0
