n,A,B,dispatch,trace,K,shift,useful_inheritance,cases,same_task_map,revision_changed_macro,replacement_changed_macro,sum_uncompiled,sum_frozen,sum_replace,sum_revisable,revision_win_uncompiled,revision_tie_uncompiled,revision_loss_uncompiled,max_saving_uncompiled,max_excess_uncompiled,revision_win_frozen,revision_tie_frozen,revision_loss_frozen,max_saving_frozen,max_excess_frozen,revision_win_replace,revision_tie_replace,revision_loss_replace,max_saving_replace,max_excess_replace
6,0,51,0,0,1,unchanged,0,16,16,0,0,180,308,308,308,0,0,16,-8,8,0,16,0,0,0,0,16,0,0,0
6,0,51,0,0,1,one_edit,0,64,40,0,0,720,1232,1232,1232,0,0,64,-8,8,0,64,0,0,0,0,64,0,0,0
6,0,51,0,0,1,far,0,176,70,0,0,1980,3388,3388,3388,0,0,176,-8,8,0,176,0,0,0,0,176,0,0,0
6,0,51,0,0,4,unchanged,0,16,16,0,0,240,368,368,368,0,0,16,-8,8,0,16,0,0,0,0,16,0,0,0
6,0,51,0,0,4,one_edit,0,64,40,0,0,960,1472,1472,1472,0,0,64,-8,8,0,64,0,0,0,0,64,0,0,0
6,0,51,0,0,4,far,0,176,70,0,0,2640,4048,4048,4048,0,0,176,-8,8,0,176,0,0,0,0,176,0,0,0
6,0,51,0,0,16,unchanged,0,16,16,0,0,480,608,608,608,0,0,16,-8,8,0,16,0,0,0,0,16,0,0,0
6,0,51,0,0,16,one_edit,0,64,40,0,0,1920,2432,2432,2432,0,0,64,-8,8,0,64,0,0,0,0,64,0,0,0
6,0,51,0,0,16,far,0,176,70,0,0,5280,6688,6688,6688,0,0,176,-8,8,0,176,0,0,0,0,176,0,0,0
6,0,51,0,2,1,unchanged,0,16,16,0,0,180,308,308,340,0,0,16,-10,10,0,0,16,-2,2,0,0,16,-2,2
6,0,51,0,2,1,one_edit,0,64,40,0,0,720,1232,1232,1360,0,0,64,-10,10,0,0,64,-2,2,0,0,64,-2,2
6,0,51,0,2,1,far,0,176,70,0,0,1980,3388,3388,3740,0,0,176,-10,10,0,0,176,-2,2,0,0,176,-2,2
6,0,51,0,2,4,unchanged,0,16,16,0,0,240,368,368,400,0,0,16,-10,10,0,0,16,-2,2,0,0,16,-2,2
6,0,51,0,2,4,one_edit,0,64,40,0,0,960,1472,1472,1600,0,0,64,-10,10,0,0,64,-2,2,0,0,64,-2,2
6,0,51,0,2,4,far,0,176,70,0,0,2640,4048,4048,4400,0,0,176,-10,10,0,0,176,-2,2,0,0,176,-2,2
6,0,51,0,2,16,unchanged,0,16,16,0,0,480,608,608,640,0,0,16,-10,10,0,0,16,-2,2,0,0,16,-2,2
6,0,51,0,2,16,one_edit,0,64,40,0,0,1920,2432,2432,2560,0,0,64,-10,10,0,0,64,-2,2,0,0,64,-2,2
6,0,51,0,2,16,far,0,176,70,0,0,5280,6688,6688,7040,0,0,176,-10,10,0,0,176,-2,2,0,0,176,-2,2
6,0,51,0,4,1,unchanged,0,16,16,0,0,180,308,308,372,0,0,16,-12,12,0,0,16,-4,4,0,0,16,-4,4
6,0,51,0,4,1,one_edit,0,64,40,0,0,720,1232,1232,1488,0,0,64,-12,12,0,0,64,-4,4,0,0,64,-4,4
6,0,51,0,4,1,far,0,176,70,0,0,1980,3388,3388,4092,0,0,176,-12,12,0,0,176,-4,4,0,0,176,-4,4
6,0,51,0,4,4,unchanged,0,16,16,0,0,240,368,368,432,0,0,16,-12,12,0,0,16,-4,4,0,0,16,-4,4
6,0,51,0,4,4,one_edit,0,64,40,0,0,960,1472,1472,1728,0,0,64,-12,12,0,0,64,-4,4,0,0,64,-4,4
6,0,51,0,4,4,far,0,176,70,0,0,2640,4048,4048,4752,0,0,176,-12,12,0,0,176,-4,4,0,0,176,-4,4
6,0,51,0,4,16,unchanged,0,16,16,0,0,480,608,608,672,0,0,16,-12,12,0,0,16,-4,4,0,0,16,-4,4
6,0,51,0,4,16,one_edit,0,64,40,0,0,1920,2432,2432,2688,0,0,64,-12,12,0,0,64,-4,4,0,0,64,-4,4
6,0,51,0,4,16,far,0,176,70,0,0,5280,6688,6688,7392,0,0,176,-12,12,0,0,176,-4,4,0,0,176,-4,4
6,0,51,0,8,1,unchanged,0,16,16,0,0,180,308,308,436,0,0,16,-16,16,0,0,16,-8,8,0,0,16,-8,8
6,0,51,0,8,1,one_edit,0,64,40,0,0,720,1232,1232,1744,0,0,64,-16,16,0,0,64,-8,8,0,0,64,-8,8
6,0,51,0,8,1,far,0,176,70,0,0,1980,3388,3388,4796,0,0,176,-16,16,0,0,176,-8,8,0,0,176,-8,8
6,0,51,0,8,4,unchanged,0,16,16,0,0,240,368,368,496,0,0,16,-16,16,0,0,16,-8,8,0,0,16,-8,8
6,0,51,0,8,4,one_edit,0,64,40,0,0,960,1472,1472,1984,0,0,64,-16,16,0,0,64,-8,8,0,0,64,-8,8
6,0,51,0,8,4,far,0,176,70,0,0,2640,4048,4048,5456,0,0,176,-16,16,0,0,176,-8,8,0,0,176,-8,8
6,0,51,0,8,16,unchanged,0,16,16,0,0,480,608,608,736,0,0,16,-16,16,0,0,16,-8,8,0,0,16,-8,8
6,0,51,0,8,16,one_edit,0,64,40,0,0,1920,2432,2432,2944,0,0,64,-16,16,0,0,64,-8,8,0,0,64,-8,8
6,0,51,0,8,16,far,0,176,70,0,0,5280,6688,6688,8096,0,0,176,-16,16,0,0,176,-8,8,0,0,176,-8,8
6,0,51,1,0,1,unchanged,0,16,16,0,0,360,488,488,488,0,0,16,-8,8,0,16,0,0,0,0,16,0,0,0
6,0,51,1,0,1,one_edit,0,64,40,0,0,1440,1952,1952,1952,0,0,64,-8,8,0,64,0,0,0,0,64,0,0,0
6,0,51,1,0,1,far,0,176,70,0,0,3960,5368,5368,5368,0,0,176,-8,8,0,176,0,0,0,0,176,0,0,0
6,0,51,1,0,4,unchanged,0,16,16,0,0,480,608,608,608,0,0,16,-8,8,0,16,0,0,0,0,16,0,0,0
6,0,51,1,0,4,one_edit,0,64,40,0,0,1920,2432,2432,2432,0,0,64,-8,8,0,64,0,0,0,0,64,0,0,0
6,0,51,1,0,4,far,0,176,70,0,0,5280,6688,6688,6688,0,0,176,-8,8,0,176,0,0,0,0,176,0,0,0
6,0,51,1,0,16,unchanged,0,16,16,0,0,960,1088,1088,1088,0,0,16,-8,8,0,16,0,0,0,0,16,0,0,0
6,0,51,1,0,16,one_edit,0,64,40,0,0,3840,4352,4352,4352,0,0,64,-8,8,0,64,0,0,0,0,64,0,0,0
6,0,51,1,0,16,far,0,176,70,0,0,10560,11968,11968,11968,0,0,176,-8,8,0,176,0,0,0,0,176,0,0,0
6,0,51,1,2,1,unchanged,0,16,16,0,0,360,488,488,520,0,0,16,-10,10,0,0,16,-2,2,0,0,16,-2,2
6,0,51,1,2,1,one_edit,0,64,40,0,0,1440,1952,1952,2080,0,0,64,-10,10,0,0,64,-2,2,0,0,64,-2,2
6,0,51,1,2,1,far,0,176,70,0,0,3960,5368,5368,5720,0,0,176,-10,10,0,0,176,-2,2,0,0,176,-2,2
6,0,51,1,2,4,unchanged,0,16,16,0,0,480,608,608,640,0,0,16,-10,10,0,0,16,-2,2,0,0,16,-2,2
6,0,51,1,2,4,one_edit,0,64,40,0,0,1920,2432,2432,2560,0,0,64,-10,10,0,0,64,-2,2,0,0,64,-2,2
6,0,51,1,2,4,far,0,176,70,0,0,5280,6688,6688,7040,0,0,176,-10,10,0,0,176,-2,2,0,0,176,-2,2
6,0,51,1,2,16,unchanged,0,16,16,0,0,960,1088,1088,1120,0,0,16,-10,10,0,0,16,-2,2,0,0,16,-2,2
6,0,51,1,2,16,one_edit,0,64,40,0,0,3840,4352,4352,4480,0,0,64,-10,10,0,0,64,-2,2,0,0,64,-2,2
6,0,51,1,2,16,far,0,176,70,0,0,10560,11968,11968,12320,0,0,176,-10,10,0,0,176,-2,2,0,0,176,-2,2
6,0,51,1,4,1,unchanged,0,16,16,0,0,360,488,488,552,0,0,16,-12,12,0,0,16,-4,4,0,0,16,-4,4
6,0,51,1,4,1,one_edit,0,64,40,0,0,1440,1952,1952,2208,0,0,64,-12,12,0,0,64,-4,4,0,0,64,-4,4
6,0,51,1,4,1,far,0,176,70,0,0,3960,5368,5368,6072,0,0,176,-12,12,0,0,176,-4,4,0,0,176,-4,4
6,0,51,1,4,4,unchanged,0,16,16,0,0,480,608,608,672,0,0,16,-12,12,0,0,16,-4,4,0,0,16,-4,4
6,0,51,1,4,4,one_edit,0,64,40,0,0,1920,2432,2432,2688,0,0,64,-12,12,0,0,64,-4,4,0,0,64,-4,4
6,0,51,1,4,4,far,0,176,70,0,0,5280,6688,6688,7392,0,0,176,-12,12,0,0,176,-4,4,0,0,176,-4,4
6,0,51,1,4,16,unchanged,0,16,16,0,0,960,1088,1088,1152,0,0,16,-12,12,0,0,16,-4,4,0,0,16,-4,4
6,0,51,1,4,16,one_edit,0,64,40,0,0,3840,4352,4352,4608,0,0,64,-12,12,0,0,64,-4,4,0,0,64,-4,4
6,0,51,1,4,16,far,0,176,70,0,0,10560,11968,11968,12672,0,0,176,-12,12,0,0,176,-4,4,0,0,176,-4,4
6,0,51,1,8,1,unchanged,0,16,16,0,0,360,488,488,616,0,0,16,-16,16,0,0,16,-8,8,0,0,16,-8,8
6,0,51,1,8,1,one_edit,0,64,40,0,0,1440,1952,1952,2464,0,0,64,-16,16,0,0,64,-8,8,0,0,64,-8,8
6,0,51,1,8,1,far,0,176,70,0,0,3960,5368,5368,6776,0,0,176,-16,16,0,0,176,-8,8,0,0,176,-8,8
6,0,51,1,8,4,unchanged,0,16,16,0,0,480,608,608,736,0,0,16,-16,16,0,0,16,-8,8,0,0,16,-8,8
6,0,51,1,8,4,one_edit,0,64,40,0,0,1920,2432,2432,2944,0,0,64,-16,16,0,0,64,-8,8,0,0,64,-8,8
6,0,51,1,8,4,far,0,176,70,0,0,5280,6688,6688,8096,0,0,176,-16,16,0,0,176,-8,8,0,0,176,-8,8
6,0,51,1,8,16,unchanged,0,16,16,0,0,960,1088,1088,1216,0,0,16,-16,16,0,0,16,-8,8,0,0,16,-8,8
6,0,51,1,8,16,one_edit,0,64,40,0,0,3840,4352,4352,4864,0,0,64,-16,16,0,0,64,-8,8,0,0,64,-8,8
6,0,51,1,8,16,far,0,176,70,0,0,10560,11968,11968,13376,0,0,176,-16,16,0,0,176,-8,8,0,0,176,-8,8
6,0,51,2,0,1,unchanged,0,16,16,0,0,540,668,668,668,0,0,16,-8,8,0,16,0,0,0,0,16,0,0,0
6,0,51,2,0,1,one_edit,0,64,40,0,0,2160,2672,2672,2672,0,0,64,-8,8,0,64,0,0,0,0,64,0,0,0
6,0,51,2,0,1,far,0,176,70,0,0,5940,7348,7348,7348,0,0,176,-8,8,0,176,0,0,0,0,176,0,0,0
6,0,51,2,0,4,unchanged,0,16,16,0,0,720,848,848,848,0,0,16,-8,8,0,16,0,0,0,0,16,0,0,0
6,0,51,2,0,4,one_edit,0,64,40,0,0,2880,3392,3392,3392,0,0,64,-8,8,0,64,0,0,0,0,64,0,0,0
6,0,51,2,0,4,far,0,176,70,0,0,7920,9328,9328,9328,0,0,176,-8,8,0,176,0,0,0,0,176,0,0,0
6,0,51,2,0,16,unchanged,0,16,16,0,0,1440,1568,1568,1568,0,0,16,-8,8,0,16,0,0,0,0,16,0,0,0
6,0,51,2,0,16,one_edit,0,64,40,0,0,5760,6272,6272,6272,0,0,64,-8,8,0,64,0,0,0,0,64,0,0,0
6,0,51,2,0,16,far,0,176,70,0,0,15840,17248,17248,17248,0,0,176,-8,8,0,176,0,0,0,0,176,0,0,0
6,0,51,2,2,1,unchanged,0,16,16,0,0,540,668,668,700,0,0,16,-10,10,0,0,16,-2,2,0,0,16,-2,2
6,0,51,2,2,1,one_edit,0,64,40,0,0,2160,2672,2672,2800,0,0,64,-10,10,0,0,64,-2,2,0,0,64,-2,2
6,0,51,2,2,1,far,0,176,70,0,0,5940,7348,7348,7700,0,0,176,-10,10,0,0,176,-2,2,0,0,176,-2,2
6,0,51,2,2,4,unchanged,0,16,16,0,0,720,848,848,880,0,0,16,-10,10,0,0,16,-2,2,0,0,16,-2,2
6,0,51,2,2,4,one_edit,0,64,40,0,0,2880,3392,3392,3520,0,0,64,-10,10,0,0,64,-2,2,0,0,64,-2,2
6,0,51,2,2,4,far,0,176,70,0,0,7920,9328,9328,9680,0,0,176,-10,10,0,0,176,-2,2,0,0,176,-2,2
6,0,51,2,2,16,unchanged,0,16,16,0,0,1440,1568,1568,1600,0,0,16,-10,10,0,0,16,-2,2,0,0,16,-2,2
6,0,51,2,2,16,one_edit,0,64,40,0,0,5760,6272,6272,6400,0,0,64,-10,10,0,0,64,-2,2,0,0,64,-2,2
6,0,51,2,2,16,far,0,176,70,0,0,15840,17248,17248,17600,0,0,176,-10,10,0,0,176,-2,2,0,0,176,-2,2
6,0,51,2,4,1,unchanged,0,16,16,0,0,540,668,668,732,0,0,16,-12,12,0,0,16,-4,4,0,0,16,-4,4
6,0,51,2,4,1,one_edit,0,64,40,0,0,2160,2672,2672,2928,0,0,64,-12,12,0,0,64,-4,4,0,0,64,-4,4
6,0,51,2,4,1,far,0,176,70,0,0,5940,7348,7348,8052,0,0,176,-12,12,0,0,176,-4,4,0,0,176,-4,4
6,0,51,2,4,4,unchanged,0,16,16,0,0,720,848,848,912,0,0,16,-12,12,0,0,16,-4,4,0,0,16,-4,4
6,0,51,2,4,4,one_edit,0,64,40,0,0,2880,3392,3392,3648,0,0,64,-12,12,0,0,64,-4,4,0,0,64,-4,4
6,0,51,2,4,4,far,0,176,70,0,0,7920,9328,9328,10032,0,0,176,-12,12,0,0,176,-4,4,0,0,176,-4,4
6,0,51,2,4,16,unchanged,0,16,16,0,0,1440,1568,1568,1632,0,0,16,-12,12,0,0,16,-4,4,0,0,16,-4,4
6,0,51,2,4,16,one_edit,0,64,40,0,0,5760,6272,6272,6528,0,0,64,-12,12,0,0,64,-4,4,0,0,64,-4,4
6,0,51,2,4,16,far,0,176,70,0,0,15840,17248,17248,17952,0,0,176,-12,12,0,0,176,-4,4,0,0,176,-4,4
6,0,51,2,8,1,unchanged,0,16,16,0,0,540,668,668,796,0,0,16,-16,16,0,0,16,-8,8,0,0,16,-8,8
6,0,51,2,8,1,one_edit,0,64,40,0,0,2160,2672,2672,3184,0,0,64,-16,16,0,0,64,-8,8,0,0,64,-8,8
6,0,51,2,8,1,far,0,176,70,0,0,5940,7348,7348,8756,0,0,176,-16,16,0,0,176,-8,8,0,0,176,-8,8
6,0,51,2,8,4,unchanged,0,16,16,0,0,720,848,848,976,0,0,16,-16,16,0,0,16,-8,8,0,0,16,-8,8
6,0,51,2,8,4,one_edit,0,64,40,0,0,2880,3392,3392,3904,0,0,64,-16,16,0,0,64,-8,8,0,0,64,-8,8
6,0,51,2,8,4,far,0,176,70,0,0,7920,9328,9328,10736,0,0,176,-16,16,0,0,176,-8,8,0,0,176,-8,8
6,0,51,2,8,16,unchanged,0,16,16,0,0,1440,1568,1568,1696,0,0,16,-16,16,0,0,16,-8,8,0,0,16,-8,8
6,0,51,2,8,16,one_edit,0,64,40,0,0,5760,6272,6272,6784,0,0,64,-16,16,0,0,64,-8,8,0,0,64,-8,8
6,0,51,2,8,16,far,0,176,70,0,0,15840,17248,17248,18656,0,0,176,-16,16,0,0,176,-8,8,0,0,176,-8,8
6,0,51,4,0,1,unchanged,0,11,11,0,0,450,538,538,538,0,0,11,-8,8,0,11,0,0,0,0,11,0,0,0
6,0,51,4,0,1,one_edit,0,44,30,0,0,1860,2212,2212,2212,0,0,44,-8,8,0,44,0,0,0,0,44,0,0,0
6,0,51,4,0,1,far,0,121,60,0,0,5190,6158,6158,6158,0,0,121,-8,8,0,121,0,0,0,0,121,0,0,0
6,0,51,4,0,1,one_edit,1,20,10,0,0,1740,1560,1560,1560,20,0,0,10,-8,0,20,0,0,0,0,20,0,0,0
6,0,51,4,0,1,unchanged,1,5,5,0,0,450,400,400,400,5,0,0,10,-10,0,5,0,0,0,0,5,0,0,0
6,0,51,4,0,1,far,1,55,10,0,0,4710,4250,4250,4250,55,0,0,10,-8,0,55,0,0,0,0,55,0,0,0
6,0,51,4,0,4,unchanged,0,11,11,0,0,600,688,688,688,0,0,11,-8,8,0,11,0,0,0,0,11,0,0,0
6,0,51,4,0,4,one_edit,0,44,30,10,9,2640,2992,2992,2942,0,0,44,-3,8,10,34,0,5,0,10,34,0,5,0
6,0,51,4,0,4,far,0,121,60,45,41,7560,8528,8528,8333,0,0,121,-3,8,45,76,0,5,0,45,76,0,5,0
6,0,51,4,0,4,one_edit,1,20,10,0,0,2160,1920,1920,1920,20,0,0,16,-8,0,20,0,0,0,0,20,0,0,0
6,0,51,4,0,4,unchanged,1,5,5,0,0,600,520,520,520,5,0,0,16,-16,0,5,0,0,0,0,5,0,0,0
6,0,51,4,0,4,far,1,55,10,0,0,5640,5120,5120,5120,55,0,0,16,-8,0,55,0,0,0,0,55,0,0,0
6,0,51,4,0,16,unchanged,0,11,11,0,0,1200,1288,1288,1288,0,0,11,-8,8,0,11,0,0,0,0,11,0,0,0
6,0,51,4,0,16,one_edit,0,44,30,10,10,5760,6112,5872,5822,10,0,34,21,8,10,34,0,29,0,10,34,0,5,0
6,0,51,4,0,16,far,0,121,60,45,45,17040,18008,16928,16733,45,0,76,21,8,45,76,0,29,0,45,76,0,5,0
6,0,51,4,0,16,one_edit,1,20,10,0,0,3840,3360,3360,3360,20,0,0,40,-8,0,20,0,0,0,0,20,0,0,0
6,0,51,4,0,16,unchanged,1,5,5,0,0,1200,1000,1000,1000,5,0,0,40,-40,0,5,0,0,0,0,5,0,0,0
6,0,51,4,0,16,far,1,55,10,0,0,9360,8600,8600,8600,55,0,0,40,-8,0,55,0,0,0,0,55,0,0,0
6,0,51,4,2,1,unchanged,0,11,11,0,0,450,538,538,560,0,0,11,-10,10,0,0,11,-2,2,0,0,11,-2,2
6,0,51,4,2,1,one_edit,0,44,30,0,0,1860,2212,2212,2300,0,0,44,-10,10,0,0,44,-2,2,0,0,44,-2,2
6,0,51,4,2,1,far,0,121,60,0,0,5190,6158,6158,6400,0,0,121,-10,10,0,0,121,-2,2,0,0,121,-2,2
6,0,51,4,2,1,one_edit,1,20,10,0,0,1740,1560,1560,1600,20,0,0,8,-6,0,0,20,-2,2,0,0,20,-2,2
6,0,51,4,2,1,unchanged,1,5,5,0,0,450,400,400,410,5,0,0,8,-8,0,0,5,-2,2,0,0,5,-2,2
6,0,51,4,2,1,far,1,55,10,0,0,4710,4250,4250,4360,55,0,0,8,-6,0,0,55,-2,2,0,0,55,-2,2
6,0,51,4,2,4,unchanged,0,11,11,0,0,600,688,688,710,0,0,11,-10,10,0,0,11,-2,2,0,0,11,-2,2
6,0,51,4,2,4,one_edit,0,44,30,10,9,2640,2992,2992,3030,0,0,44,-5,10,10,0,34,3,2,10,0,34,3,2
6,0,51,4,2,4,far,0,121,60,45,41,7560,8528,8528,8575,0,0,121,-5,10,45,0,76,3,2,45,0,76,3,2
6,0,51,4,2,4,one_edit,1,20,10,0,0,2160,1920,1920,1960,20,0,0,14,-6,0,0,20,-2,2,0,0,20,-2,2
6,0,51,4,2,4,unchanged,1,5,5,0,0,600,520,520,530,5,0,0,14,-14,0,0,5,-2,2,0,0,5,-2,2
6,0,51,4,2,4,far,1,55,10,0,0,5640,5120,5120,5230,55,0,0,14,-6,0,0,55,-2,2,0,0,55,-2,2
6,0,51,4,2,16,unchanged,0,11,11,0,0,1200,1288,1288,1310,0,0,11,-10,10,0,0,11,-2,2,0,0,11,-2,2
6,0,51,4,2,16,one_edit,0,44,30,10,10,5760,6112,5872,5910,10,0,34,19,10,10,0,34,27,2,10,0,34,3,2
6,0,51,4,2,16,far,0,121,60,45,45,17040,18008,16928,16975,45,0,76,19,10,45,0,76,27,2,45,0,76,3,2
6,0,51,4,2,16,one_edit,1,20,10,0,0,3840,3360,3360,3400,20,0,0,38,-6,0,0,20,-2,2,0,0,20,-2,2
6,0,51,4,2,16,unchanged,1,5,5,0,0,1200,1000,1000,1010,5,0,0,38,-38,0,0,5,-2,2,0,0,5,-2,2
6,0,51,4,2,16,far,1,55,10,0,0,9360,8600,8600,8710,55,0,0,38,-6,0,0,55,-2,2,0,0,55,-2,2
6,0,51,4,4,1,unchanged,0,11,11,0,0,450,538,538,582,0,0,11,-12,12,0,0,11,-4,4,0,0,11,-4,4
6,0,51,4,4,1,one_edit,0,44,30,0,0,1860,2212,2212,2388,0,0,44,-12,12,0,0,44,-4,4,0,0,44,-4,4
6,0,51,4,4,1,far,0,121,60,0,0,5190,6158,6158,6642,0,0,121,-12,12,0,0,121,-4,4,0,0,121,-4,4
6,0,51,4,4,1,one_edit,1,20,10,0,0,1740,1560,1560,1640,20,0,0,6,-4,0,0,20,-4,4,0,0,20,-4,4
6,0,51,4,4,1,unchanged,1,5,5,0,0,450,400,400,420,5,0,0,6,-6,0,0,5,-4,4,0,0,5,-4,4
6,0,51,4,4,1,far,1,55,10,0,0,4710,4250,4250,4470,55,0,0,6,-4,0,0,55,-4,4,0,0,55,-4,4
6,0,51,4,4,4,unchanged,0,11,11,0,0,600,688,688,732,0,0,11,-12,12,0,0,11,-4,4,0,0,11,-4,4
6,0,51,4,4,4,one_edit,0,44,30,10,9,2640,2992,2992,3118,0,0,44,-7,12,10,0,34,1,4,10,0,34,1,4
6,0,51,4,4,4,far,0,121,60,45,41,7560,8528,8528,8817,0,0,121,-7,12,30,0,91,1,4,30,0,91,1,4
6,0,51,4,4,4,one_edit,1,20,10,0,0,2160,1920,1920,2000,20,0,0,12,-4,0,0,20,-4,4,0,0,20,-4,4
6,0,51,4,4,4,unchanged,1,5,5,0,0,600,520,520,540,5,0,0,12,-12,0,0,5,-4,4,0,0,5,-4,4
6,0,51,4,4,4,far,1,55,10,0,0,5640,5120,5120,5340,55,0,0,12,-4,0,0,55,-4,4,0,0,55,-4,4
6,0,51,4,4,16,unchanged,0,11,11,0,0,1200,1288,1288,1332,0,0,11,-12,12,0,0,11,-4,4,0,0,11,-4,4
6,0,51,4,4,16,one_edit,0,44,30,10,10,5760,6112,5872,5998,10,0,34,17,12,10,0,34,25,4,10,0,34,1,4
6,0,51,4,4,16,far,0,121,60,45,45,17040,18008,16928,17217,45,0,76,17,12,45,0,76,25,4,30,0,91,1,4
6,0,51,4,4,16,one_edit,1,20,10,0,0,3840,3360,3360,3440,20,0,0,36,-4,0,0,20,-4,4,0,0,20,-4,4
6,0,51,4,4,16,unchanged,1,5,5,0,0,1200,1000,1000,1020,5,0,0,36,-36,0,0,5,-4,4,0,0,5,-4,4
6,0,51,4,4,16,far,1,55,10,0,0,9360,8600,8600,8820,55,0,0,36,-4,0,0,55,-4,4,0,0,55,-4,4
6,0,51,4,8,1,unchanged,0,11,11,0,0,450,538,538,626,0,0,11,-16,16,0,0,11,-8,8,0,0,11,-8,8
6,0,51,4,8,1,one_edit,0,44,30,0,0,1860,2212,2212,2564,0,0,44,-16,16,0,0,44,-8,8,0,0,44,-8,8
6,0,51,4,8,1,far,0,121,60,0,0,5190,6158,6158,7126,0,0,121,-16,16,0,0,121,-8,8,0,0,121,-8,8
6,0,51,4,8,1,one_edit,1,20,10,0,0,1740,1560,1560,1720,10,10,0,2,0,0,0,20,-8,8,0,0,20,-8,8
6,0,51,4,8,1,unchanged,1,5,5,0,0,450,400,400,440,5,0,0,2,-2,0,0,5,-8,8,0,0,5,-8,8
6,0,51,4,8,1,far,1,55,10,0,0,4710,4250,4250,4690,10,45,0,2,0,0,0,55,-8,8,0,0,55,-8,8
6,0,51,4,8,4,unchanged,0,11,11,0,0,600,688,688,776,0,0,11,-16,16,0,0,11,-8,8,0,0,11,-8,8
6,0,51,4,8,4,one_edit,0,44,30,10,9,2640,2992,2992,3294,0,0,44,-11,16,0,0,44,-3,8,0,0,44,-3,8
6,0,51,4,8,4,far,0,121,60,45,41,7560,8528,8528,9301,0,0,121,-11,16,0,0,121,-3,8,0,0,121,-3,8
6,0,51,4,8,4,one_edit,1,20,10,0,0,2160,1920,1920,2080,10,10,0,8,0,0,0,20,-8,8,0,0,20,-8,8
6,0,51,4,8,4,unchanged,1,5,5,0,0,600,520,520,560,5,0,0,8,-8,0,0,5,-8,8,0,0,5,-8,8
6,0,51,4,8,4,far,1,55,10,0,0,5640,5120,5120,5560,10,45,0,8,0,0,0,55,-8,8,0,0,55,-8,8
6,0,51,4,8,16,unchanged,0,11,11,0,0,1200,1288,1288,1376,0,0,11,-16,16,0,0,11,-8,8,0,0,11,-8,8
6,0,51,4,8,16,one_edit,0,44,30,10,10,5760,6112,5872,6174,10,0,34,13,16,10,0,34,21,8,0,0,44,-3,8
6,0,51,4,8,16,far,0,121,60,45,45,17040,18008,16928,17701,45,0,76,13,16,45,0,76,21,8,0,0,121,-3,8
6,0,51,4,8,16,one_edit,1,20,10,0,0,3840,3360,3360,3520,10,10,0,32,0,0,0,20,-8,8,0,0,20,-8,8
6,0,51,4,8,16,unchanged,1,5,5,0,0,1200,1000,1000,1040,5,0,0,32,-32,0,0,5,-8,8,0,0,5,-8,8
6,0,51,4,8,16,far,1,55,10,0,0,9360,8600,8600,9040,10,45,0,32,0,0,0,55,-8,8,0,0,55,-8,8
6,4,30,0,0,1,unchanged,0,16,16,0,0,738,866,866,866,0,0,16,-8,8,0,16,0,0,0,0,16,0,0,0
6,4,30,0,0,1,one_edit,0,64,8,0,0,2952,3464,3464,3464,0,0,64,-8,8,0,64,0,0,0,0,64,0,0,0
6,4,30,0,0,1,far,0,176,22,0,0,8118,9526,9526,9526,0,0,176,-8,8,0,176,0,0,0,0,176,0,0,0
6,4,30,0,0,4,unchanged,0,16,16,0,0,984,1112,1112,1112,0,0,16,-8,8,0,16,0,0,0,0,16,0,0,0
6,4,30,0,0,4,one_edit,0,64,8,0,0,3936,4448,4448,4448,0,0,64,-8,8,0,64,0,0,0,0,64,0,0,0
6,4,30,0,0,4,far,0,176,22,0,0,10824,12232,12232,12232,0,0,176,-8,8,0,176,0,0,0,0,176,0,0,0
6,4,30,0,0,16,unchanged,0,16,16,0,0,1968,2096,2096,2096,0,0,16,-8,8,0,16,0,0,0,0,16,0,0,0
6,4,30,0,0,16,one_edit,0,64,8,0,0,7872,8384,8384,8384,0,0,64,-8,8,0,64,0,0,0,0,64,0,0,0
6,4,30,0,0,16,far,0,176,22,0,0,21648,23056,23056,23056,0,0,176,-8,8,0,176,0,0,0,0,176,0,0,0
6,4,30,0,2,1,unchanged,0,16,16,0,0,738,866,866,898,0,0,16,-10,10,0,0,16,-2,2,0,0,16,-2,2
6,4,30,0,2,1,one_edit,0,64,8,0,0,2952,3464,3464,3592,0,0,64,-10,10,0,0,64,-2,2,0,0,64,-2,2
6,4,30,0,2,1,far,0,176,22,0,0,8118,9526,9526,9878,0,0,176,-10,10,0,0,176,-2,2,0,0,176,-2,2
6,4,30,0,2,4,unchanged,0,16,16,0,0,984,1112,1112,1144,0,0,16,-10,10,0,0,16,-2,2,0,0,16,-2,2
6,4,30,0,2,4,one_edit,0,64,8,0,0,3936,4448,4448,4576,0,0,64,-10,10,0,0,64,-2,2,0,0,64,-2,2
6,4,30,0,2,4,far,0,176,22,0,0,10824,12232,12232,12584,0,0,176,-10,10,0,0,176,-2,2,0,0,176,-2,2
6,4,30,0,2,16,unchanged,0,16,16,0,0,1968,2096,2096,2128,0,0,16,-10,10,0,0,16,-2,2,0,0,16,-2,2
6,4,30,0,2,16,one_edit,0,64,8,0,0,7872,8384,8384,8512,0,0,64,-10,10,0,0,64,-2,2,0,0,64,-2,2
6,4,30,0,2,16,far,0,176,22,0,0,21648,23056,23056,23408,0,0,176,-10,10,0,0,176,-2,2,0,0,176,-2,2
6,4,30,0,4,1,unchanged,0,16,16,0,0,738,866,866,930,0,0,16,-12,12,0,0,16,-4,4,0,0,16,-4,4
6,4,30,0,4,1,one_edit,0,64,8,0,0,2952,3464,3464,3720,0,0,64,-12,12,0,0,64,-4,4,0,0,64,-4,4
6,4,30,0,4,1,far,0,176,22,0,0,8118,9526,9526,10230,0,0,176,-12,12,0,0,176,-4,4,0,0,176,-4,4
6,4,30,0,4,4,unchanged,0,16,16,0,0,984,1112,1112,1176,0,0,16,-12,12,0,0,16,-4,4,0,0,16,-4,4
6,4,30,0,4,4,one_edit,0,64,8,0,0,3936,4448,4448,4704,0,0,64,-12,12,0,0,64,-4,4,0,0,64,-4,4
6,4,30,0,4,4,far,0,176,22,0,0,10824,12232,12232,12936,0,0,176,-12,12,0,0,176,-4,4,0,0,176,-4,4
6,4,30,0,4,16,unchanged,0,16,16,0,0,1968,2096,2096,2160,0,0,16,-12,12,0,0,16,-4,4,0,0,16,-4,4
6,4,30,0,4,16,one_edit,0,64,8,0,0,7872,8384,8384,8640,0,0,64,-12,12,0,0,64,-4,4,0,0,64,-4,4
6,4,30,0,4,16,far,0,176,22,0,0,21648,23056,23056,23760,0,0,176,-12,12,0,0,176,-4,4,0,0,176,-4,4
6,4,30,0,8,1,unchanged,0,16,16,0,0,738,866,866,994,0,0,16,-16,16,0,0,16,-8,8,0,0,16,-8,8
6,4,30,0,8,1,one_edit,0,64,8,0,0,2952,3464,3464,3976,0,0,64,-16,16,0,0,64,-8,8,0,0,64,-8,8
6,4,30,0,8,1,far,0,176,22,0,0,8118,9526,9526,10934,0,0,176,-16,16,0,0,176,-8,8,0,0,176,-8,8
6,4,30,0,8,4,unchanged,0,16,16,0,0,984,1112,1112,1240,0,0,16,-16,16,0,0,16,-8,8,0,0,16,-8,8
6,4,30,0,8,4,one_edit,0,64,8,0,0,3936,4448,4448,4960,0,0,64,-16,16,0,0,64,-8,8,0,0,64,-8,8
6,4,30,0,8,4,far,0,176,22,0,0,10824,12232,12232,13640,0,0,176,-16,16,0,0,176,-8,8,0,0,176,-8,8
6,4,30,0,8,16,unchanged,0,16,16,0,0,1968,2096,2096,2224,0,0,16,-16,16,0,0,16,-8,8,0,0,16,-8,8
6,4,30,0,8,16,one_edit,0,64,8,0,0,7872,8384,8384,8896,0,0,64,-16,16,0,0,64,-8,8,0,0,64,-8,8
6,4,30,0,8,16,far,0,176,22,0,0,21648,23056,23056,24464,0,0,176,-16,16,0,0,176,-8,8,0,0,176,-8,8
6,4,30,1,0,1,unchanged,0,8,8,0,0,432,460,460,460,4,0,4,1,8,0,8,0,0,0,0,8,0,0,0
6,4,30,1,0,1,one_edit,0,32,8,6,0,1816,1938,1938,1920,10,6,16,3,8,6,26,0,3,0,6,26,0,3,0
6,4,30,1,0,1,far,0,88,22,15,0,5208,5537,5537,5522,22,22,44,1,8,15,73,0,1,0,15,73,0,1,0
6,4,30,1,0,1,far,1,88,0,11,0,11028,8514,8514,8511,88,0,0,43,-8,3,85,0,1,0,3,85,0,1,0
6,4,30,1,0,1,one_edit,1,32,0,16,0,4088,3174,3174,3132,32,0,0,43,-8,14,18,0,3,0,14,18,0,3,0
6,4,30,1,0,1,unchanged,1,8,8,0,0,1044,784,784,784,8,0,0,46,-10,0,8,0,0,0,0,8,0,0,0
6,4,30,1,0,4,unchanged,0,8,8,3,1,576,592,588,581,5,0,3,4,8,3,5,0,9,0,3,5,0,5,0
6,4,30,1,0,4,one_edit,0,32,8,22,14,2656,2760,2632,2566,16,2,14,21,8,22,10,0,21,0,22,10,0,5,0
6,4,30,1,0,4,far,0,88,22,68,54,8160,8420,7796,7641,63,2,23,19,8,68,20,0,19,0,63,25,0,5,0
6,4,30,1,0,4,far,1,88,0,68,37,13488,10824,10588,10422,88,0,0,59,-8,68,20,0,19,0,68,20,0,5,0
6,4,30,1,0,4,one_edit,1,32,0,24,16,5216,4248,4016,3928,32,0,0,61,-8,24,8,0,21,0,24,8,0,5,0
6,4,30,1,0,4,unchanged,1,8,8,3,0,1392,1024,1024,1021,8,0,0,64,-17,3,5,0,1,0,3,5,0,1,0
6,4,30,1,0,16,unchanged,0,8,8,3,3,1152,1120,1064,1049,7,0,1,37,8,3,5,0,45,0,3,5,0,5,0
6,4,30,1,0,16,one_edit,0,32,8,22,22,6016,6048,5136,5038,28,2,2,93,8,22,10,0,93,0,22,10,0,5,0
6,4,30,1,0,16,far,0,88,22,68,68,19968,19952,16048,15837,85,2,1,91,8,68,20,0,91,0,63,25,0,5,0
6,4,30,1,0,16,far,1,88,0,78,78,23328,20064,17856,17548,88,0,0,131,-8,78,10,0,91,0,78,10,0,5,0
6,4,30,1,0,16,one_edit,1,32,0,26,26,9728,8544,7152,7026,32,0,0,133,-19,26,6,0,93,0,26,6,0,5,0
6,4,30,1,0,16,unchanged,1,8,8,3,3,2784,1984,1960,1945,8,0,0,136,-53,3,5,0,13,0,3,5,0,5,0
6,4,30,1,2,1,unchanged,0,8,8,0,0,432,460,460,476,0,0,8,-1,10,0,0,8,-2,2,0,0,8,-2,2
6,4,30,1,2,1,one_edit,0,32,8,6,0,1816,1938,1938,1984,4,0,28,1,10,6,0,26,1,2,6,0,26,1,2
6,4,30,1,2,1,far,0,88,22,15,0,5208,5537,5537,5698,0,0,88,-1,10,0,0,88,-1,2,0,0,88,-1,2
6,4,30,1,2,1,far,1,88,0,11,0,11028,8514,8514,8687,88,0,0,41,-6,0,0,88,-1,2,0,0,88,-1,2
6,4,30,1,2,1,one_edit,1,32,0,16,0,4088,3174,3174,3196,32,0,0,41,-6,14,0,18,1,2,14,0,18,1,2
6,4,30,1,2,1,unchanged,1,8,8,0,0,1044,784,784,800,8,0,0,44,-8,0,0,8,-2,2,0,0,8,-2,2
6,4,30,1,2,4,unchanged,0,8,8,3,1,576,592,588,597,4,0,4,2,10,1,0,7,7,2,1,0,7,3,2
6,4,30,1,2,4,one_edit,0,32,8,22,14,2656,2760,2632,2630,16,0,16,19,10,14,0,18,19,2,14,0,18,3,2
6,4,30,1,2,4,far,0,88,22,68,54,8160,8420,7796,7817,63,0,25,17,10,54,0,34,17,2,34,0,54,3,2
6,4,30,1,2,4,far,1,88,0,68,37,13488,10824,10588,10598,88,0,0,57,-6,40,0,48,17,2,33,0,55,3,2
6,4,30,1,2,4,one_edit,1,32,0,24,16,5216,4248,4016,3992,32,0,0,59,-6,16,0,16,19,2,16,0,16,3,2
6,4,30,1,2,4,unchanged,1,8,8,3,0,1392,1024,1024,1037,8,0,0,62,-15,0,0,8,-1,2,0,0,8,-1,2
6,4,30,1,2,16,unchanged,0,8,8,3,3,1152,1120,1064,1065,7,0,1,35,10,3,0,5,43,2,3,0,5,3,2
6,4,30,1,2,16,one_edit,0,32,8,22,22,6016,6048,5136,5102,28,0,4,91,10,22,0,10,91,2,22,0,10,3,2
6,4,30,1,2,16,far,0,88,22,68,68,19968,19952,16048,16013,85,0,3,89,10,68,0,20,89,2,48,0,40,3,2
6,4,30,1,2,16,far,1,88,0,78,78,23328,20064,17856,17724,88,0,0,129,-6,78,0,10,89,2,71,0,17,3,2
6,4,30,1,2,16,one_edit,1,32,0,26,26,9728,8544,7152,7090,32,0,0,131,-17,26,0,6,91,2,26,0,6,3,2
6,4,30,1,2,16,unchanged,1,8,8,3,3,2784,1984,1960,1961,8,0,0,134,-51,3,0,5,11,2,3,0,5,3,2
6,4,30,1,4,1,unchanged,0,8,8,0,0,432,460,460,492,0,0,8,-3,12,0,0,8,-4,4,0,0,8,-4,4
6,4,30,1,4,1,one_edit,0,32,8,6,0,1816,1938,1938,2048,0,0,32,-1,12,0,0,32,-1,4,0,0,32,-1,4
6,4,30,1,4,1,far,0,88,22,15,0,5208,5537,5537,5874,0,0,88,-3,12,0,0,88,-3,4,0,0,88,-3,4
6,4,30,1,4,1,far,1,88,0,11,0,11028,8514,8514,8863,88,0,0,39,-4,0,0,88,-3,4,0,0,88,-3,4
6,4,30,1,4,1,one_edit,1,32,0,16,0,4088,3174,3174,3260,32,0,0,39,-4,0,0,32,-1,4,0,0,32,-1,4
6,4,30,1,4,1,unchanged,1,8,8,0,0,1044,784,784,816,8,0,0,42,-6,0,0,8,-4,4,0,0,8,-4,4
6,4,30,1,4,4,unchanged,0,8,8,3,1,576,592,588,613,0,4,4,0,12,1,0,7,5,4,1,0,7,1,4
6,4,30,1,4,4,one_edit,0,32,8,22,14,2656,2760,2632,2694,10,6,16,17,12,14,0,18,17,4,8,0,24,1,4
6,4,30,1,4,4,far,0,88,22,68,54,8160,8420,7796,7993,46,17,25,15,12,54,0,34,15,4,12,0,76,1,4
6,4,30,1,4,4,far,1,88,0,68,37,13488,10824,10588,10774,88,0,0,55,-4,40,0,48,15,4,16,0,72,1,4
6,4,30,1,4,4,one_edit,1,32,0,24,16,5216,4248,4016,4056,32,0,0,57,-4,16,0,16,17,4,16,0,16,1,4
6,4,30,1,4,4,unchanged,1,8,8,3,0,1392,1024,1024,1053,8,0,0,60,-13,0,0,8,-3,4,0,0,8,-3,4
6,4,30,1,4,16,unchanged,0,8,8,3,3,1152,1120,1064,1081,7,0,1,33,12,3,0,5,41,4,3,0,5,1,4
6,4,30,1,4,16,one_edit,0,32,8,22,22,6016,6048,5136,5166,28,0,4,89,12,22,0,10,89,4,16,0,16,1,4
6,4,30,1,4,16,far,0,88,22,68,68,19968,19952,16048,16189,85,0,3,87,12,68,0,20,87,4,26,0,62,1,4
6,4,30,1,4,16,far,1,88,0,78,78,23328,20064,17856,17900,88,0,0,127,-4,78,0,10,87,4,44,0,44,1,4
6,4,30,1,4,16,one_edit,1,32,0,26,26,9728,8544,7152,7154,32,0,0,129,-15,26,0,6,89,4,24,0,8,1,4
6,4,30,1,4,16,unchanged,1,8,8,3,3,2784,1984,1960,1977,8,0,0,132,-49,3,0,5,9,4,3,0,5,1,4
6,4,30,1,8,1,unchanged,0,8,8,0,0,432,460,460,524,0,0,8,-7,16,0,0,8,-8,8,0,0,8,-8,8
6,4,30,1,8,1,one_edit,0,32,8,6,0,1816,1938,1938,2176,0,0,32,-5,16,0,0,32,-5,8,0,0,32,-5,8
6,4,30,1,8,1,far,0,88,22,15,0,5208,5537,5537,6226,0,0,88,-7,16,0,0,88,-7,8,0,0,88,-7,8
6,4,30,1,8,1,far,1,88,0,11,0,11028,8514,8514,9215,66,22,0,35,0,0,0,88,-7,8,0,0,88,-7,8
6,4,30,1,8,1,one_edit,1,32,0,16,0,4088,3174,3174,3388,26,6,0,35,0,0,0,32,-5,8,0,0,32,-5,8
6,4,30,1,8,1,unchanged,1,8,8,0,0,1044,784,784,848,8,0,0,38,-2,0,0,8,-8,8,0,0,8,-8,8
6,4,30,1,8,4,unchanged,0,8,8,3,1,576,592,588,645,0,0,8,-4,16,1,0,7,1,8,0,0,8,-3,8
6,4,30,1,8,4,one_edit,0,32,8,22,14,2656,2760,2632,2822,8,0,24,13,16,8,0,24,13,8,0,0,32,-3,8
6,4,30,1,8,4,far,0,88,22,68,54,8160,8420,7796,8345,43,3,42,11,16,46,0,42,11,8,0,0,88,-3,8
6,4,30,1,8,4,far,1,88,0,68,37,13488,10824,10588,11126,81,7,0,51,0,17,0,71,11,8,0,0,88,-3,8
6,4,30,1,8,4,one_edit,1,32,0,24,16,5216,4248,4016,4184,30,2,0,53,0,16,0,16,13,8,0,0,32,-3,8
6,4,30,1,8,4,unchanged,1,8,8,3,0,1392,1024,1024,1085,8,0,0,56,-9,0,0,8,-7,8,0,0,8,-7,8
6,4,30,1,8,16,unchanged,0,8,8,3,3,1152,1120,1064,1113,5,0,3,29,16,3,0,5,37,8,0,0,8,-3,8
6,4,30,1,8,16,one_edit,0,32,8,22,22,6016,6048,5136,5294,20,0,12,85,16,22,0,10,85,8,0,0,32,-3,8
6,4,30,1,8,16,far,0,88,22,68,68,19968,19952,16048,16541,71,0,17,83,16,68,0,20,83,8,0,0,88,-3,8
6,4,30,1,8,16,far,1,88,0,78,78,23328,20064,17856,18252,85,3,0,123,0,78,0,10,83,8,0,0,88,-3,8
6,4,30,1,8,16,one_edit,1,32,0,26,26,9728,8544,7152,7282,32,0,0,125,-11,26,0,6,85,8,0,0,32,-3,8
6,4,30,1,8,16,unchanged,1,8,8,3,3,2784,1984,1960,2009,8,0,0,128,-45,3,0,5,5,8,0,0,8,-3,8
6,4,30,2,0,1,unchanged,0,3,3,0,0,189,213,213,213,0,0,3,-8,8,0,3,0,0,0,0,3,0,0,0
6,4,30,2,0,1,one_edit,0,12,2,4,0,804,900,900,888,0,0,12,-5,8,4,8,0,3,0,4,8,0,3,0
6,4,30,2,0,1,far,0,33,8,22,15,2433,2697,2637,2606,0,0,33,-1,8,22,11,0,7,0,19,14,0,3,0
6,4,30,2,0,1,one_edit,1,52,6,36,20,8052,5438,5358,5244,52,0,0,97,-16,26,26,0,9,0,26,26,0,5,0
6,4,30,2,0,1,far,1,143,14,94,28,21921,14713,14601,14477,143,0,0,95,-16,62,81,0,7,0,60,83,0,3,0
6,4,30,2,0,1,unchanged,1,13,13,0,0,2025,1292,1292,1292,13,0,0,100,-19,0,13,0,0,0,0,13,0,0,0
6,4,30,2,0,4,unchanged,0,3,3,2,2,252,276,268,258,2,0,1,1,8,2,1,0,9,0,2,1,0,5,0
6,4,30,2,0,4,one_edit,0,12,2,10,10,1200,1296,1208,1158,10,0,2,13,8,10,2,0,21,0,10,2,0,5,0
6,4,30,2,0,4,far,0,33,8,33,33,4188,4452,3684,3588,33,0,0,35,-1,33,0,0,43,-9,30,3,0,5,0
6,4,30,2,0,4,one_edit,1,52,6,38,38,10608,7832,6888,6706,52,0,0,133,-16,38,14,0,45,0,38,14,0,5,0
6,4,30,2,0,4,far,1,143,14,113,113,28284,20572,18692,18269,143,0,0,131,-16,113,30,0,43,0,111,32,0,5,0
6,4,30,2,0,4,unchanged,1,13,13,1,1,2700,1688,1684,1679,13,0,0,136,-28,1,12,0,9,0,1,12,0,5,0
6,4,30,2,0,16,unchanged,0,3,3,2,2,504,528,448,438,2,0,1,37,8,2,1,0,45,0,2,1,0,5,0
6,4,30,2,0,16,one_edit,0,12,2,10,10,2784,2880,2288,2238,10,0,2,85,8,10,2,0,93,0,10,2,0,5,0
6,4,30,2,0,16,far,0,33,8,33,33,11208,11472,7608,7512,33,0,0,179,-37,33,0,0,187,-45,30,3,0,5,0
6,4,30,2,0,16,one_edit,1,52,6,38,38,20832,17408,12720,12538,52,0,0,277,-16,38,14,0,189,0,38,14,0,5,0
6,4,30,2,0,16,far,1,143,14,113,113,53736,44008,33776,33353,143,0,0,275,-16,113,30,0,187,0,111,32,0,5,0
6,4,30,2,0,16,unchanged,1,13,13,1,1,5400,3272,3232,3227,13,0,0,280,-64,1,12,0,45,0,1,12,0,5,0
6,4,30,2,2,1,unchanged,0,3,3,0,0,189,213,213,219,0,0,3,-10,10,0,0,3,-2,2,0,0,3,-2,2
6,4,30,2,2,1,one_edit,0,12,2,4,0,804,900,900,912,0,0,12,-7,10,4,0,8,1,2,4,0,8,1,2
6,4,30,2,2,1,far,0,33,8,22,15,2433,2697,2637,2672,0,0,33,-3,10,15,0,18,5,2,6,0,27,1,2
6,4,30,2,2,1,one_edit,1,52,6,36,20,8052,5438,5358,5348,52,0,0,95,-14,24,0,28,7,2,24,0,28,3,2
6,4,30,2,2,1,far,1,143,14,94,28,21921,14713,14601,14763,143,0,0,93,-14,48,0,95,5,2,32,0,111,1,2
6,4,30,2,2,1,unchanged,1,13,13,0,0,2025,1292,1292,1318,13,0,0,98,-17,0,0,13,-2,2,0,0,13,-2,2
6,4,30,2,2,4,unchanged,0,3,3,2,2,252,276,268,264,0,0,3,-1,10,2,0,1,7,2,2,0,1,3,2
6,4,30,2,2,4,one_edit,0,12,2,10,10,1200,1296,1208,1182,4,0,8,11,10,10,0,2,19,2,10,0,2,3,2
6,4,30,2,2,4,far,0,33,8,33,33,4188,4452,3684,3654,23,0,10,33,1,33,0,0,41,-7,23,0,10,3,2
6,4,30,2,2,4,one_edit,1,52,6,38,38,10608,7832,6888,6810,52,0,0,131,-14,38,0,14,43,2,38,0,14,3,2
6,4,30,2,2,4,far,1,143,14,113,113,28284,20572,18692,18555,143,0,0,129,-14,113,0,30,41,2,96,0,47,3,2
6,4,30,2,2,4,unchanged,1,13,13,1,1,2700,1688,1684,1705,13,0,0,134,-26,1,0,12,7,2,1,0,12,3,2
6,4,30,2,2,16,unchanged,0,3,3,2,2,504,528,448,444,2,0,1,35,10,2,0,1,43,2,2,0,1,3,2
6,4,30,2,2,16,one_edit,0,12,2,10,10,2784,2880,2288,2262,10,0,2,83,10,10,0,2,91,2,10,0,2,3,2
6,4,30,2,2,16,far,0,33,8,33,33,11208,11472,7608,7578,33,0,0,177,-35,33,0,0,185,-43,23,0,10,3,2
6,4,30,2,2,16,one_edit,1,52,6,38,38,20832,17408,12720,12642,52,0,0,275,-14,38,0,14,187,2,38,0,14,3,2
6,4,30,2,2,16,far,1,143,14,113,113,53736,44008,33776,33639,143,0,0,273,-14,113,0,30,185,2,96,0,47,3,2
6,4,30,2,2,16,unchanged,1,13,13,1,1,5400,3272,3232,3253,13,0,0,278,-62,1,0,12,43,2,1,0,12,3,2
6,4,30,2,4,1,unchanged,0,3,3,0,0,189,213,213,225,0,0,3,-12,12,0,0,3,-4,4,0,0,3,-4,4
6,4,30,2,4,1,one_edit,0,12,2,4,0,804,900,900,936,0,0,12,-9,12,0,0,12,-1,4,0,0,12,-1,4
6,4,30,2,4,1,far,0,33,8,22,15,2433,2697,2637,2738,0,0,33,-5,12,12,3,18,3,4,0,0,33,-1,4
6,4,30,2,4,1,one_edit,1,52,6,36,20,8052,5438,5358,5452,52,0,0,93,-12,20,0,32,5,4,20,0,32,1,4
6,4,30,2,4,1,far,1,143,14,94,28,21921,14713,14601,15049,143,0,0,91,-12,26,2,115,3,4,0,0,143,-1,4
6,4,30,2,4,1,unchanged,1,13,13,0,0,2025,1292,1292,1344,13,0,0,96,-15,0,0,13,-4,4,0,0,13,-4,4
6,4,30,2,4,4,unchanged,0,3,3,2,2,252,276,268,270,0,0,3,-3,12,2,0,1,5,4,2,0,1,1,4
6,4,30,2,4,4,one_edit,0,12,2,10,10,1200,1296,1208,1206,4,0,8,9,12,10,0,2,17,4,10,0,2,1,4
6,4,30,2,4,4,far,0,33,8,33,33,4188,4452,3684,3720,23,0,10,31,3,33,0,0,39,-5,10,0,23,1,4
6,4,30,2,4,4,one_edit,1,52,6,38,38,10608,7832,6888,6914,52,0,0,129,-12,38,0,14,41,4,34,0,18,1,4
6,4,30,2,4,4,far,1,143,14,113,113,28284,20572,18692,18841,143,0,0,127,-12,113,0,30,39,4,60,0,83,1,4
6,4,30,2,4,4,unchanged,1,13,13,1,1,2700,1688,1684,1731,13,0,0,132,-24,1,0,12,5,4,1,0,12,1,4
6,4,30,2,4,16,unchanged,0,3,3,2,2,504,528,448,450,2,0,1,33,12,2,0,1,41,4,2,0,1,1,4
6,4,30,2,4,16,one_edit,0,12,2,10,10,2784,2880,2288,2286,10,0,2,81,12,10,0,2,89,4,10,0,2,1,4
6,4,30,2,4,16,far,0,33,8,33,33,11208,11472,7608,7644,33,0,0,175,-33,33,0,0,183,-41,10,0,23,1,4
6,4,30,2,4,16,one_edit,1,52,6,38,38,20832,17408,12720,12746,52,0,0,273,-12,38,0,14,185,4,34,0,18,1,4
6,4,30,2,4,16,far,1,143,14,113,113,53736,44008,33776,33925,143,0,0,271,-12,113,0,30,183,4,60,0,83,1,4
6,4,30,2,4,16,unchanged,1,13,13,1,1,5400,3272,3232,3279,13,0,0,276,-60,1,0,12,41,4,1,0,12,1,4
6,4,30,2,8,1,unchanged,0,3,3,0,0,189,213,213,237,0,0,3,-16,16,0,0,3,-8,8,0,0,3,-8,8
6,4,30,2,8,1,one_edit,0,12,2,4,0,804,900,900,984,0,0,12,-13,16,0,0,12,-5,8,0,0,12,-5,8
6,4,30,2,8,1,far,0,33,8,22,15,2433,2697,2637,2870,0,0,33,-9,16,0,0,33,-1,8,0,0,33,-5,8
6,4,30,2,8,1,one_edit,1,52,6,36,20,8052,5438,5358,5660,52,0,0,89,-8,20,0,32,1,8,0,0,52,-3,8
6,4,30,2,8,1,far,1,143,14,94,28,21921,14713,14601,15621,143,0,0,87,-8,0,0,143,-1,8,0,0,143,-5,8
6,4,30,2,8,1,unchanged,1,13,13,0,0,2025,1292,1292,1396,13,0,0,92,-11,0,0,13,-8,8,0,0,13,-8,8
6,4,30,2,8,4,unchanged,0,3,3,2,2,252,276,268,282,0,0,3,-7,16,2,0,1,1,8,0,0,3,-3,8
6,4,30,2,8,4,one_edit,0,12,2,10,10,1200,1296,1208,1254,4,0,8,5,16,10,0,2,13,8,0,0,12,-3,8
6,4,30,2,8,4,far,0,33,8,33,33,4188,4452,3684,3852,23,0,10,27,7,33,0,0,35,-1,0,0,33,-3,8
6,4,30,2,8,4,one_edit,1,52,6,38,38,10608,7832,6888,7122,52,0,0,125,-8,36,0,16,37,8,0,0,52,-3,8
6,4,30,2,8,4,far,1,143,14,113,113,28284,20572,18692,19413,143,0,0,123,-8,103,0,40,35,8,0,0,143,-3,8
6,4,30,2,8,4,unchanged,1,13,13,1,1,2700,1688,1684,1783,13,0,0,128,-20,1,0,12,1,8,0,0,13,-3,8
6,4,30,2,8,16,unchanged,0,3,3,2,2,504,528,448,462,2,0,1,29,16,2,0,1,37,8,0,0,3,-3,8
6,4,30,2,8,16,one_edit,0,12,2,10,10,2784,2880,2288,2334,10,0,2,77,16,10,0,2,85,8,0,0,12,-3,8
6,4,30,2,8,16,far,0,33,8,33,33,11208,11472,7608,7776,33,0,0,171,-29,33,0,0,179,-37,0,0,33,-3,8
6,4,30,2,8,16,one_edit,1,52,6,38,38,20832,17408,12720,12954,52,0,0,269,-8,38,0,14,181,8,0,0,52,-3,8
6,4,30,2,8,16,far,1,143,14,113,113,53736,44008,33776,34497,143,0,0,267,-8,113,0,30,179,8,0,0,143,-3,8
6,4,30,2,8,16,unchanged,1,13,13,1,1,5400,3272,3232,3331,13,0,0,272,-56,1,0,12,37,8,0,0,13,-3,8
6,4,30,4,0,1,unchanged,0,1,1,0,0,45,53,53,53,0,0,1,-8,8,0,1,0,0,0,0,1,0,0,0
6,4,30,4,0,1,one_edit,0,4,0,4,0,220,252,252,236,0,0,4,-4,4,4,0,0,4,-4,4,0,0,4,-4
6,4,30,4,0,1,far,0,11,0,11,9,785,873,771,749,8,0,3,9,4,11,0,0,17,-4,10,1,0,4,0
6,4,30,4,0,1,one_edit,1,60,8,44,30,14540,8390,8022,7836,60,0,0,205,-8,42,18,0,21,0,42,18,0,5,0
6,4,30,4,0,1,unchanged,1,15,15,2,0,3645,1938,1938,1934,15,0,0,208,-12,2,13,0,2,0,2,13,0,2,0
6,4,30,4,0,1,far,1,165,22,135,77,39805,22847,22057,21718,165,0,0,203,-12,131,34,0,19,0,127,38,0,5,0
6,4,30,4,0,4,unchanged,0,1,1,0,0,60,68,68,68,0,0,1,-8,8,0,1,0,0,0,0,1,0,0,0
6,4,30,4,0,4,one_edit,0,4,0,4,4,400,432,352,332,4,0,0,17,-17,4,0,0,25,-25,4,0,0,5,-5
6,4,30,4,0,4,far,0,11,0,11,11,1820,1908,1244,1220,11,0,0,81,-17,11,0,0,89,-25,10,1,0,5,0
6,4,30,4,0,4,one_edit,1,60,8,48,48,19280,12728,10304,10072,60,0,0,277,-8,48,12,0,93,0,48,12,0,5,0
6,4,30,4,0,4,unchanged,1,15,15,3,3,4860,2544,2516,2501,15,0,0,280,-33,3,12,0,17,0,3,12,0,5,0
6,4,30,4,0,4,far,1,165,22,139,137,52300,34100,28124,27693,165,0,0,275,-33,139,26,0,91,0,133,32,0,5,0
6,4,30,4,0,16,unchanged,0,1,1,0,0,120,128,128,128,0,0,1,-8,8,0,1,0,0,0,0,1,0,0,0
6,4,30,4,0,16,one_edit,0,4,0,4,4,1120,1152,736,716,4,0,0,101,-101,4,0,0,109,-109,4,0,0,5,-5
6,4,30,4,0,16,far,0,11,0,11,11,5960,6048,3128,3104,11,0,0,369,-101,11,0,0,377,-109,10,1,0,5,0
6,4,30,4,0,16,one_edit,1,60,8,48,48,38240,30080,19232,19000,60,0,0,565,-8,48,12,0,381,0,48,12,0,5,0
6,4,30,4,0,16,unchanged,1,15,15,3,3,9720,4968,4784,4769,15,0,0,568,-117,3,12,0,77,0,3,12,0,5,0
6,4,30,4,0,16,far,1,165,22,140,140,102280,79112,51848,51417,165,0,0,563,-48,140,25,0,379,0,133,32,0,5,0
6,4,30,4,2,1,unchanged,0,1,1,0,0,45,53,53,55,0,0,1,-10,10,0,0,1,-2,2,0,0,1,-2,2
6,4,30,4,2,1,one_edit,0,4,0,4,0,220,252,252,244,0,0,4,-6,6,4,0,0,2,-2,4,0,0,2,-2
6,4,30,4,2,1,far,0,11,0,11,9,785,873,771,771,5,0,6,7,6,11,0,0,15,-2,5,0,6,2,2
6,4,30,4,2,1,one_edit,1,60,8,44,30,14540,8390,8022,7956,60,0,0,203,-6,38,4,18,19,2,38,4,18,3,2
6,4,30,4,2,1,unchanged,1,15,15,2,0,3645,1938,1938,1964,15,0,0,206,-10,0,2,13,0,2,0,2,13,0,2
6,4,30,4,2,1,far,1,165,22,135,77,39805,22847,22057,22048,165,0,0,201,-10,99,32,34,17,2,76,32,57,3,2
6,4,30,4,2,4,unchanged,0,1,1,0,0,60,68,68,70,0,0,1,-10,10,0,0,1,-2,2,0,0,1,-2,2
6,4,30,4,2,4,one_edit,0,4,0,4,4,400,432,352,340,4,0,0,15,-15,4,0,0,23,-23,4,0,0,3,-3
6,4,30,4,2,4,far,0,11,0,11,11,1820,1908,1244,1242,11,0,0,79,-15,11,0,0,87,-23,5,0,6,3,2
6,4,30,4,2,4,one_edit,1,60,8,48,48,19280,12728,10304,10192,60,0,0,275,-6,48,0,12,91,2,48,0,12,3,2
6,4,30,4,2,4,unchanged,1,15,15,3,3,4860,2544,2516,2531,15,0,0,278,-31,3,0,12,15,2,3,0,12,3,2
6,4,30,4,2,4,far,1,165,22,139,137,52300,34100,28124,28023,165,0,0,273,-31,137,0,28,89,2,104,0,61,3,2
6,4,30,4,2,16,unchanged,0,1,1,0,0,120,128,128,130,0,0,1,-10,10,0,0,1,-2,2,0,0,1,-2,2
6,4,30,4,2,16,one_edit,0,4,0,4,4,1120,1152,736,724,4,0,0,99,-99,4,0,0,107,-107,4,0,0,3,-3
6,4,30,4,2,16,far,0,11,0,11,11,5960,6048,3128,3126,11,0,0,367,-99,11,0,0,375,-107,5,0,6,3,2
6,4,30,4,2,16,one_edit,1,60,8,48,48,38240,30080,19232,19120,60,0,0,563,-6,48,0,12,379,2,48,0,12,3,2
6,4,30,4,2,16,unchanged,1,15,15,3,3,9720,4968,4784,4799,15,0,0,566,-115,3,0,12,75,2,3,0,12,3,2
6,4,30,4,2,16,far,1,165,22,140,140,102280,79112,51848,51747,165,0,0,561,-46,140,0,25,377,2,104,0,61,3,2
6,4,30,4,4,1,unchanged,0,1,1,0,0,45,53,53,57,0,0,1,-12,12,0,0,1,-4,4,0,0,1,-4,4
6,4,30,4,4,1,one_edit,0,4,0,4,0,220,252,252,252,0,0,4,-8,8,0,4,0,0,0,0,4,0,0,0
6,4,30,4,4,1,far,0,11,0,11,9,785,873,771,793,5,0,6,5,8,9,2,0,13,0,0,2,9,0,4
6,4,30,4,4,1,one_edit,1,60,8,44,30,14540,8390,8022,8076,60,0,0,201,-4,30,8,22,17,4,28,8,24,1,4
6,4,30,4,4,1,unchanged,1,15,15,2,0,3645,1938,1938,1994,15,0,0,204,-8,0,0,15,-2,4,0,0,15,-2,4
6,4,30,4,4,1,far,1,165,22,135,77,39805,22847,22057,22378,165,0,0,199,-8,77,22,66,15,4,3,22,140,1,4
6,4,30,4,4,4,unchanged,0,1,1,0,0,60,68,68,72,0,0,1,-12,12,0,0,1,-4,4,0,0,1,-4,4
6,4,30,4,4,4,one_edit,0,4,0,4,4,400,432,352,348,4,0,0,13,-13,4,0,0,21,-21,4,0,0,1,-1
6,4,30,4,4,4,far,0,11,0,11,11,1820,1908,1244,1264,11,0,0,77,-13,11,0,0,85,-21,2,0,9,1,4
6,4,30,4,4,4,one_edit,1,60,8,48,48,19280,12728,10304,10312,60,0,0,273,-4,48,0,12,89,4,44,0,16,1,4
6,4,30,4,4,4,unchanged,1,15,15,3,3,4860,2544,2516,2561,15,0,0,276,-29,3,0,12,13,4,3,0,12,1,4
6,4,30,4,4,4,far,1,165,22,139,137,52300,34100,28124,28353,165,0,0,271,-29,135,0,30,87,4,45,0,120,1,4
6,4,30,4,4,16,unchanged,0,1,1,0,0,120,128,128,132,0,0,1,-12,12,0,0,1,-4,4,0,0,1,-4,4
6,4,30,4,4,16,one_edit,0,4,0,4,4,1120,1152,736,732,4,0,0,97,-97,4,0,0,105,-105,4,0,0,1,-1
6,4,30,4,4,16,far,0,11,0,11,11,5960,6048,3128,3148,11,0,0,365,-97,11,0,0,373,-105,2,0,9,1,4
6,4,30,4,4,16,one_edit,1,60,8,48,48,38240,30080,19232,19240,60,0,0,561,-4,48,0,12,377,4,44,0,16,1,4
6,4,30,4,4,16,unchanged,1,15,15,3,3,9720,4968,4784,4829,15,0,0,564,-113,3,0,12,73,4,3,0,12,1,4
6,4,30,4,4,16,far,1,165,22,140,140,102280,79112,51848,52077,165,0,0,559,-44,140,0,25,375,4,45,0,120,1,4
6,4,30,4,8,1,unchanged,0,1,1,0,0,45,53,53,61,0,0,1,-16,16,0,0,1,-8,8,0,0,1,-8,8
6,4,30,4,8,1,one_edit,0,4,0,4,0,220,252,252,268,0,0,4,-12,12,0,0,4,-4,4,0,0,4,-4,4
6,4,30,4,8,1,far,0,11,0,11,9,785,873,771,837,4,1,6,1,12,8,0,3,9,4,0,0,11,-4,8
6,4,30,4,8,1,one_edit,1,60,8,44,30,14540,8390,8022,8316,58,2,0,197,0,28,0,32,13,8,0,0,60,-3,8
6,4,30,4,8,1,unchanged,1,15,15,2,0,3645,1938,1938,2054,15,0,0,200,-4,0,0,15,-6,8,0,0,15,-6,8
6,4,30,4,8,1,far,1,165,22,135,77,39805,22847,22057,23038,165,0,0,195,-4,58,0,107,11,8,0,0,165,-3,8
6,4,30,4,8,4,unchanged,0,1,1,0,0,60,68,68,76,0,0,1,-16,16,0,0,1,-8,8,0,0,1,-8,8
6,4,30,4,8,4,one_edit,0,4,0,4,4,400,432,352,364,4,0,0,9,-9,4,0,0,17,-17,0,0,4,-3,3
6,4,30,4,8,4,far,0,11,0,11,11,1820,1908,1244,1308,11,0,0,73,-9,11,0,0,81,-17,0,0,11,-3,8
6,4,30,4,8,4,one_edit,1,60,8,48,48,19280,12728,10304,10552,58,2,0,269,0,44,0,16,85,8,0,0,60,-3,8
6,4,30,4,8,4,unchanged,1,15,15,3,3,4860,2544,2516,2621,15,0,0,272,-25,3,0,12,9,8,0,0,15,-3,8
6,4,30,4,8,4,far,1,165,22,139,137,52300,34100,28124,29013,165,0,0,267,-25,135,0,30,83,8,0,0,165,-3,8
6,4,30,4,8,16,unchanged,0,1,1,0,0,120,128,128,136,0,0,1,-16,16,0,0,1,-8,8,0,0,1,-8,8
6,4,30,4,8,16,one_edit,0,4,0,4,4,1120,1152,736,748,4,0,0,93,-93,4,0,0,101,-101,0,0,4,-3,3
6,4,30,4,8,16,far,0,11,0,11,11,5960,6048,3128,3192,11,0,0,361,-93,11,0,0,369,-101,0,0,11,-3,8
6,4,30,4,8,16,one_edit,1,60,8,48,48,38240,30080,19232,19480,58,2,0,557,0,48,0,12,373,8,0,0,60,-3,8
6,4,30,4,8,16,unchanged,1,15,15,3,3,9720,4968,4784,4889,15,0,0,560,-109,3,0,12,69,8,0,0,15,-3,8
6,4,30,4,8,16,far,1,165,22,140,140,102280,79112,51848,52737,165,0,0,555,-40,140,0,25,371,8,0,0,165,-3,8
6,30,110,0,0,1,unchanged,0,16,16,0,0,1152,1280,1280,1280,0,0,16,-8,8,0,16,0,0,0,0,16,0,0,0
6,30,110,0,0,1,one_edit,0,64,0,0,0,4608,5120,5120,5120,0,0,64,-8,8,0,64,0,0,0,0,64,0,0,0
6,30,110,0,0,1,far,0,176,0,0,0,12672,14080,14080,14080,0,0,176,-8,8,0,176,0,0,0,0,176,0,0,0
6,30,110,0,0,4,unchanged,0,16,16,0,0,1536,1664,1664,1664,0,0,16,-8,8,0,16,0,0,0,0,16,0,0,0
6,30,110,0,0,4,one_edit,0,64,0,0,0,6144,6656,6656,6656,0,0,64,-8,8,0,64,0,0,0,0,64,0,0,0
6,30,110,0,0,4,far,0,176,0,0,0,16896,18304,18304,18304,0,0,176,-8,8,0,176,0,0,0,0,176,0,0,0
6,30,110,0,0,16,unchanged,0,16,16,0,0,3072,3200,3200,3200,0,0,16,-8,8,0,16,0,0,0,0,16,0,0,0
6,30,110,0,0,16,one_edit,0,64,0,0,0,12288,12800,12800,12800,0,0,64,-8,8,0,64,0,0,0,0,64,0,0,0
6,30,110,0,0,16,far,0,176,0,0,0,33792,35200,35200,35200,0,0,176,-8,8,0,176,0,0,0,0,176,0,0,0
6,30,110,0,2,1,unchanged,0,16,16,0,0,1152,1280,1280,1312,0,0,16,-10,10,0,0,16,-2,2,0,0,16,-2,2
6,30,110,0,2,1,one_edit,0,64,0,0,0,4608,5120,5120,5248,0,0,64,-10,10,0,0,64,-2,2,0,0,64,-2,2
6,30,110,0,2,1,far,0,176,0,0,0,12672,14080,14080,14432,0,0,176,-10,10,0,0,176,-2,2,0,0,176,-2,2
6,30,110,0,2,4,unchanged,0,16,16,0,0,1536,1664,1664,1696,0,0,16,-10,10,0,0,16,-2,2,0,0,16,-2,2
6,30,110,0,2,4,one_edit,0,64,0,0,0,6144,6656,6656,6784,0,0,64,-10,10,0,0,64,-2,2,0,0,64,-2,2
6,30,110,0,2,4,far,0,176,0,0,0,16896,18304,18304,18656,0,0,176,-10,10,0,0,176,-2,2,0,0,176,-2,2
6,30,110,0,2,16,unchanged,0,16,16,0,0,3072,3200,3200,3232,0,0,16,-10,10,0,0,16,-2,2,0,0,16,-2,2
6,30,110,0,2,16,one_edit,0,64,0,0,0,12288,12800,12800,12928,0,0,64,-10,10,0,0,64,-2,2,0,0,64,-2,2
6,30,110,0,2,16,far,0,176,0,0,0,33792,35200,35200,35552,0,0,176,-10,10,0,0,176,-2,2,0,0,176,-2,2
6,30,110,0,4,1,unchanged,0,16,16,0,0,1152,1280,1280,1344,0,0,16,-12,12,0,0,16,-4,4,0,0,16,-4,4
6,30,110,0,4,1,one_edit,0,64,0,0,0,4608,5120,5120,5376,0,0,64,-12,12,0,0,64,-4,4,0,0,64,-4,4
6,30,110,0,4,1,far,0,176,0,0,0,12672,14080,14080,14784,0,0,176,-12,12,0,0,176,-4,4,0,0,176,-4,4
6,30,110,0,4,4,unchanged,0,16,16,0,0,1536,1664,1664,1728,0,0,16,-12,12,0,0,16,-4,4,0,0,16,-4,4
6,30,110,0,4,4,one_edit,0,64,0,0,0,6144,6656,6656,6912,0,0,64,-12,12,0,0,64,-4,4,0,0,64,-4,4
6,30,110,0,4,4,far,0,176,0,0,0,16896,18304,18304,19008,0,0,176,-12,12,0,0,176,-4,4,0,0,176,-4,4
6,30,110,0,4,16,unchanged,0,16,16,0,0,3072,3200,3200,3264,0,0,16,-12,12,0,0,16,-4,4,0,0,16,-4,4
6,30,110,0,4,16,one_edit,0,64,0,0,0,12288,12800,12800,13056,0,0,64,-12,12,0,0,64,-4,4,0,0,64,-4,4
6,30,110,0,4,16,far,0,176,0,0,0,33792,35200,35200,35904,0,0,176,-12,12,0,0,176,-4,4,0,0,176,-4,4
6,30,110,0,8,1,unchanged,0,16,16,0,0,1152,1280,1280,1408,0,0,16,-16,16,0,0,16,-8,8,0,0,16,-8,8
6,30,110,0,8,1,one_edit,0,64,0,0,0,4608,5120,5120,5632,0,0,64,-16,16,0,0,64,-8,8,0,0,64,-8,8
6,30,110,0,8,1,far,0,176,0,0,0,12672,14080,14080,15488,0,0,176,-16,16,0,0,176,-8,8,0,0,176,-8,8
6,30,110,0,8,4,unchanged,0,16,16,0,0,1536,1664,1664,1792,0,0,16,-16,16,0,0,16,-8,8,0,0,16,-8,8
6,30,110,0,8,4,one_edit,0,64,0,0,0,6144,6656,6656,7168,0,0,64,-16,16,0,0,64,-8,8,0,0,64,-8,8
6,30,110,0,8,4,far,0,176,0,0,0,16896,18304,18304,19712,0,0,176,-16,16,0,0,176,-8,8,0,0,176,-8,8
6,30,110,0,8,16,unchanged,0,16,16,0,0,3072,3200,3200,3328,0,0,16,-16,16,0,0,16,-8,8,0,0,16,-8,8
6,30,110,0,8,16,one_edit,0,64,0,0,0,12288,12800,12800,13312,0,0,64,-16,16,0,0,64,-8,8,0,0,64,-8,8
6,30,110,0,8,16,far,0,176,0,0,0,33792,35200,35200,36608,0,0,176,-16,16,0,0,176,-8,8,0,0,176,-8,8
6,30,110,1,0,1,unchanged,1,16,16,0,0,2304,1568,1568,1568,16,0,0,46,-46,0,16,0,0,0,0,16,0,0,0
6,30,110,1,0,1,one_edit,1,64,0,64,0,9216,6656,6656,6464,64,0,0,43,-43,64,0,0,3,-3,64,0,0,3,-3
6,30,110,1,0,1,far,1,176,0,88,0,25344,18190,18190,18126,176,0,0,43,-40,64,112,0,1,0,64,112,0,1,0
6,30,110,1,0,4,unchanged,1,16,16,0,0,3072,2048,2048,2048,16,0,0,64,-64,0,16,0,0,0,0,16,0,0,0
6,30,110,1,0,4,one_edit,1,64,0,64,64,12288,9728,8704,8384,64,0,0,61,-61,64,0,0,21,-21,64,0,0,5,-5
6,30,110,1,0,4,far,1,176,0,176,176,33792,26296,23936,23584,176,0,0,59,-56,176,0,0,19,-4,160,16,0,3,0
6,30,110,1,0,16,unchanged,1,16,16,0,0,6144,3968,3968,3968,16,0,0,136,-136,0,16,0,0,0,0,16,0,0,0
6,30,110,1,0,16,one_edit,1,64,0,64,64,24576,22016,16384,16064,64,0,0,133,-133,64,0,0,93,-93,64,0,0,5,-5
6,30,110,1,0,16,far,1,176,0,176,176,67584,58720,45056,44704,176,0,0,131,-128,176,0,0,91,-40,160,16,0,3,0
6,30,110,1,2,1,unchanged,1,16,16,0,0,2304,1568,1568,1600,16,0,0,44,-44,0,0,16,-2,2,0,0,16,-2,2
6,30,110,1,2,1,one_edit,1,64,0,64,0,9216,6656,6656,6592,64,0,0,41,-41,64,0,0,1,-1,64,0,0,1,-1
6,30,110,1,2,1,far,1,176,0,88,0,25344,18190,18190,18478,176,0,0,41,-38,0,0,176,-1,2,0,0,176,-1,2
6,30,110,1,2,4,unchanged,1,16,16,0,0,3072,2048,2048,2080,16,0,0,62,-62,0,0,16,-2,2,0,0,16,-2,2
6,30,110,1,2,4,one_edit,1,64,0,64,64,12288,9728,8704,8512,64,0,0,59,-59,64,0,0,19,-19,64,0,0,3,-3
6,30,110,1,2,4,far,1,176,0,176,176,33792,26296,23936,23936,176,0,0,57,-54,176,0,0,17,-2,96,0,80,1,2
6,30,110,1,2,16,unchanged,1,16,16,0,0,6144,3968,3968,4000,16,0,0,134,-134,0,0,16,-2,2,0,0,16,-2,2
6,30,110,1,2,16,one_edit,1,64,0,64,64,24576,22016,16384,16192,64,0,0,131,-131,64,0,0,91,-91,64,0,0,3,-3
6,30,110,1,2,16,far,1,176,0,176,176,67584,58720,45056,45056,176,0,0,129,-126,176,0,0,89,-38,96,0,80,1,2
6,30,110,1,4,1,unchanged,1,16,16,0,0,2304,1568,1568,1632,16,0,0,42,-42,0,0,16,-4,4,0,0,16,-4,4
6,30,110,1,4,1,one_edit,1,64,0,64,0,9216,6656,6656,6720,64,0,0,39,-39,0,0,64,-1,1,0,0,64,-1,1
6,30,110,1,4,1,far,1,176,0,88,0,25344,18190,18190,18830,176,0,0,39,-36,0,0,176,-3,4,0,0,176,-3,4
6,30,110,1,4,4,unchanged,1,16,16,0,0,3072,2048,2048,2112,16,0,0,60,-60,0,0,16,-4,4,0,0,16,-4,4
6,30,110,1,4,4,one_edit,1,64,0,64,64,12288,9728,8704,8640,64,0,0,57,-57,64,0,0,17,-17,64,0,0,1,-1
6,30,110,1,4,4,far,1,176,0,176,176,33792,26296,23936,24288,176,0,0,55,-52,170,6,0,15,0,0,0,176,-1,4
6,30,110,1,4,16,unchanged,1,16,16,0,0,6144,3968,3968,4032,16,0,0,132,-132,0,0,16,-4,4,0,0,16,-4,4
6,30,110,1,4,16,one_edit,1,64,0,64,64,24576,22016,16384,16320,64,0,0,129,-129,64,0,0,89,-89,64,0,0,1,-1
6,30,110,1,4,16,far,1,176,0,176,176,67584,58720,45056,45408,176,0,0,127,-124,176,0,0,87,-36,0,0,176,-1,4
6,30,110,1,8,1,unchanged,1,16,16,0,0,2304,1568,1568,1696,16,0,0,38,-38,0,0,16,-8,8,0,0,16,-8,8
6,30,110,1,8,1,one_edit,1,64,0,64,0,9216,6656,6656,6976,64,0,0,35,-35,0,0,64,-5,5,0,0,64,-5,5
6,30,110,1,8,1,far,1,176,0,88,0,25344,18190,18190,19534,176,0,0,35,-32,0,0,176,-7,8,0,0,176,-7,8
6,30,110,1,8,4,unchanged,1,16,16,0,0,3072,2048,2048,2176,16,0,0,56,-56,0,0,16,-8,8,0,0,16,-8,8
6,30,110,1,8,4,one_edit,1,64,0,64,64,12288,9728,8704,8896,64,0,0,53,-53,64,0,0,13,-13,0,0,64,-3,3
6,30,110,1,8,4,far,1,176,0,176,176,33792,26296,23936,24992,176,0,0,51,-48,138,0,38,11,4,0,0,176,-5,8
6,30,110,1,8,16,unchanged,1,16,16,0,0,6144,3968,3968,4096,16,0,0,128,-128,0,0,16,-8,8,0,0,16,-8,8
6,30,110,1,8,16,one_edit,1,64,0,64,64,24576,22016,16384,16576,64,0,0,125,-125,64,0,0,85,-85,0,0,64,-3,3
6,30,110,1,8,16,far,1,176,0,176,176,67584,58720,45056,46112,176,0,0,123,-120,176,0,0,83,-32,0,0,176,-5,8
6,30,110,2,0,1,unchanged,1,16,16,0,0,3456,1856,1856,1856,16,0,0,100,-100,0,16,0,0,0,0,16,0,0,0
6,30,110,2,0,1,one_edit,1,64,0,64,64,13824,8192,7936,7616,64,0,0,97,-97,64,0,0,9,-9,64,0,0,5,-5
6,30,110,2,0,1,far,1,176,0,170,138,38016,22300,21748,21460,176,0,0,95,-92,170,6,0,7,0,160,16,0,3,0
6,30,110,2,0,4,unchanged,1,16,16,0,0,4608,2432,2432,2432,16,0,0,136,-136,0,16,0,0,0,0,16,0,0,0
6,30,110,2,0,4,one_edit,1,64,0,64,64,18432,12800,10240,9920,64,0,0,133,-133,64,0,0,45,-45,64,0,0,5,-5
6,30,110,2,0,4,far,1,176,0,176,176,50688,34288,28160,27808,176,0,0,131,-128,176,0,0,43,-16,160,16,0,3,0
6,30,110,2,0,16,unchanged,1,16,16,0,0,9216,4736,4736,4736,16,0,0,280,-280,0,16,0,0,0,0,16,0,0,0
6,30,110,2,0,16,one_edit,1,64,0,64,64,36864,31232,19456,19136,64,0,0,277,-277,64,0,0,189,-189,64,0,0,5,-5
6,30,110,2,0,16,far,1,176,0,176,176,101376,82240,53504,53152,176,0,0,275,-272,176,0,0,187,-88,160,16,0,3,0
6,30,110,2,2,1,unchanged,1,16,16,0,0,3456,1856,1856,1888,16,0,0,98,-98,0,0,16,-2,2,0,0,16,-2,2
6,30,110,2,2,1,one_edit,1,64,0,64,64,13824,8192,7936,7744,64,0,0,95,-95,64,0,0,7,-7,64,0,0,3,-3
6,30,110,2,2,1,far,1,176,0,170,138,38016,22300,21748,21812,176,0,0,93,-90,138,0,38,5,2,64,0,112,1,2
6,30,110,2,2,4,unchanged,1,16,16,0,0,4608,2432,2432,2464,16,0,0,134,-134,0,0,16,-2,2,0,0,16,-2,2
6,30,110,2,2,4,one_edit,1,64,0,64,64,18432,12800,10240,10048,64,0,0,131,-131,64,0,0,43,-43,64,0,0,3,-3
6,30,110,2,2,4,far,1,176,0,176,176,50688,34288,28160,28160,176,0,0,129,-126,176,0,0,41,-14,96,0,80,1,2
6,30,110,2,2,16,unchanged,1,16,16,0,0,9216,4736,4736,4768,16,0,0,278,-278,0,0,16,-2,2,0,0,16,-2,2
6,30,110,2,2,16,one_edit,1,64,0,64,64,36864,31232,19456,19264,64,0,0,275,-275,64,0,0,187,-187,64,0,0,3,-3
6,30,110,2,2,16,far,1,176,0,176,176,101376,82240,53504,53504,176,0,0,273,-270,176,0,0,185,-86,96,0,80,1,2
6,30,110,2,4,1,unchanged,1,16,16,0,0,3456,1856,1856,1920,16,0,0,96,-96,0,0,16,-4,4,0,0,16,-4,4
6,30,110,2,4,1,one_edit,1,64,0,64,64,13824,8192,7936,7872,64,0,0,93,-93,64,0,0,5,-5,64,0,0,1,-1
6,30,110,2,4,1,far,1,176,0,170,138,38016,22300,21748,22164,176,0,0,91,-88,128,10,38,3,4,0,0,176,-1,4
6,30,110,2,4,4,unchanged,1,16,16,0,0,4608,2432,2432,2496,16,0,0,132,-132,0,0,16,-4,4,0,0,16,-4,4
6,30,110,2,4,4,one_edit,1,64,0,64,64,18432,12800,10240,10176,64,0,0,129,-129,64,0,0,41,-41,64,0,0,1,-1
6,30,110,2,4,4,far,1,176,0,176,176,50688,34288,28160,28512,176,0,0,127,-124,176,0,0,39,-12,0,0,176,-1,4
6,30,110,2,4,16,unchanged,1,16,16,0,0,9216,4736,4736,4800,16,0,0,276,-276,0,0,16,-4,4,0,0,16,-4,4
6,30,110,2,4,16,one_edit,1,64,0,64,64,36864,31232,19456,19392,64,0,0,273,-273,64,0,0,185,-185,64,0,0,1,-1
6,30,110,2,4,16,far,1,176,0,176,176,101376,82240,53504,53856,176,0,0,271,-268,176,0,0,183,-84,0,0,176,-1,4
6,30,110,2,8,1,unchanged,1,16,16,0,0,3456,1856,1856,1984,16,0,0,92,-92,0,0,16,-8,8,0,0,16,-8,8
6,30,110,2,8,1,one_edit,1,64,0,64,64,13824,8192,7936,8128,64,0,0,89,-89,64,0,0,1,-1,0,0,64,-3,3
6,30,110,2,8,1,far,1,176,0,170,138,38016,22300,21748,22868,176,0,0,87,-84,0,0,176,-1,8,0,0,176,-5,8
6,30,110,2,8,4,unchanged,1,16,16,0,0,4608,2432,2432,2560,16,0,0,128,-128,0,0,16,-8,8,0,0,16,-8,8
6,30,110,2,8,4,one_edit,1,64,0,64,64,18432,12800,10240,10432,64,0,0,125,-125,64,0,0,37,-37,0,0,64,-3,3
6,30,110,2,8,4,far,1,176,0,176,176,50688,34288,28160,29216,176,0,0,123,-120,176,0,0,35,-8,0,0,176,-5,8
6,30,110,2,8,16,unchanged,1,16,16,0,0,9216,4736,4736,4864,16,0,0,272,-272,0,0,16,-8,8,0,0,16,-8,8
6,30,110,2,8,16,one_edit,1,64,0,64,64,36864,31232,19456,19648,64,0,0,269,-269,64,0,0,181,-181,0,0,64,-3,3
6,30,110,2,8,16,far,1,176,0,176,176,101376,82240,53504,54560,176,0,0,267,-264,176,0,0,179,-80,0,0,176,-5,8
6,30,110,4,0,1,unchanged,1,16,16,0,0,5760,2432,2432,2432,16,0,0,208,-208,0,16,0,0,0,0,16,0,0,0
6,30,110,4,0,1,one_edit,1,64,0,64,64,23040,11264,10240,9920,64,0,0,205,-205,64,0,0,21,-21,64,0,0,5,-5
6,30,110,4,0,1,far,1,176,0,176,176,63360,30520,28160,27808,176,0,0,203,-200,176,0,0,19,-4,160,16,0,3,0
6,30,110,4,0,4,unchanged,1,16,16,0,0,7680,3200,3200,3200,16,0,0,280,-280,0,16,0,0,0,0,16,0,0,0
6,30,110,4,0,4,one_edit,1,64,0,64,64,30720,18944,13312,12992,64,0,0,277,-277,64,0,0,93,-93,64,0,0,5,-5
6,30,110,4,0,4,far,1,176,0,176,176,84480,50272,36608,36256,176,0,0,275,-272,176,0,0,91,-40,160,16,0,3,0
6,30,110,4,0,16,unchanged,1,16,16,0,0,15360,6272,6272,6272,16,0,0,568,-568,0,16,0,0,0,0,16,0,0,0
6,30,110,4,0,16,one_edit,1,64,0,64,64,61440,49664,25600,25280,64,0,0,565,-565,64,0,0,381,-381,64,0,0,5,-5
6,30,110,4,0,16,far,1,176,0,176,176,168960,129280,70400,70048,176,0,0,563,-560,176,0,0,379,-184,160,16,0,3,0
6,30,110,4,2,1,unchanged,1,16,16,0,0,5760,2432,2432,2464,16,0,0,206,-206,0,0,16,-2,2,0,0,16,-2,2
6,30,110,4,2,1,one_edit,1,64,0,64,64,23040,11264,10240,10048,64,0,0,203,-203,64,0,0,19,-19,64,0,0,3,-3
6,30,110,4,2,1,far,1,176,0,176,176,63360,30520,28160,28160,176,0,0,201,-198,176,0,0,17,-2,96,0,80,1,2
6,30,110,4,2,4,unchanged,1,16,16,0,0,7680,3200,3200,3232,16,0,0,278,-278,0,0,16,-2,2,0,0,16,-2,2
6,30,110,4,2,4,one_edit,1,64,0,64,64,30720,18944,13312,13120,64,0,0,275,-275,64,0,0,91,-91,64,0,0,3,-3
6,30,110,4,2,4,far,1,176,0,176,176,84480,50272,36608,36608,176,0,0,273,-270,176,0,0,89,-38,96,0,80,1,2
6,30,110,4,2,16,unchanged,1,16,16,0,0,15360,6272,6272,6304,16,0,0,566,-566,0,0,16,-2,2,0,0,16,-2,2
6,30,110,4,2,16,one_edit,1,64,0,64,64,61440,49664,25600,25408,64,0,0,563,-563,64,0,0,379,-379,64,0,0,3,-3
6,30,110,4,2,16,far,1,176,0,176,176,168960,129280,70400,70400,176,0,0,561,-558,176,0,0,377,-182,96,0,80,1,2
6,30,110,4,4,1,unchanged,1,16,16,0,0,5760,2432,2432,2496,16,0,0,204,-204,0,0,16,-4,4,0,0,16,-4,4
6,30,110,4,4,1,one_edit,1,64,0,64,64,23040,11264,10240,10176,64,0,0,201,-201,64,0,0,17,-17,64,0,0,1,-1
6,30,110,4,4,1,far,1,176,0,176,176,63360,30520,28160,28512,176,0,0,199,-196,170,6,0,15,0,0,0,176,-1,4
6,30,110,4,4,4,unchanged,1,16,16,0,0,7680,3200,3200,3264,16,0,0,276,-276,0,0,16,-4,4,0,0,16,-4,4
6,30,110,4,4,4,one_edit,1,64,0,64,64,30720,18944,13312,13248,64,0,0,273,-273,64,0,0,89,-89,64,0,0,1,-1
6,30,110,4,4,4,far,1,176,0,176,176,84480,50272,36608,36960,176,0,0,271,-268,176,0,0,87,-36,0,0,176,-1,4
6,30,110,4,4,16,unchanged,1,16,16,0,0,15360,6272,6272,6336,16,0,0,564,-564,0,0,16,-4,4,0,0,16,-4,4
6,30,110,4,4,16,one_edit,1,64,0,64,64,61440,49664,25600,25536,64,0,0,561,-561,64,0,0,377,-377,64,0,0,1,-1
6,30,110,4,4,16,far,1,176,0,176,176,168960,129280,70400,70752,176,0,0,559,-556,176,0,0,375,-180,0,0,176,-1,4
6,30,110,4,8,1,unchanged,1,16,16,0,0,5760,2432,2432,2560,16,0,0,200,-200,0,0,16,-8,8,0,0,16,-8,8
6,30,110,4,8,1,one_edit,1,64,0,64,64,23040,11264,10240,10432,64,0,0,197,-197,64,0,0,13,-13,0,0,64,-3,3
6,30,110,4,8,1,far,1,176,0,176,176,63360,30520,28160,29216,176,0,0,195,-192,138,0,38,11,4,0,0,176,-5,8
6,30,110,4,8,4,unchanged,1,16,16,0,0,7680,3200,3200,3328,16,0,0,272,-272,0,0,16,-8,8,0,0,16,-8,8
6,30,110,4,8,4,one_edit,1,64,0,64,64,30720,18944,13312,13504,64,0,0,269,-269,64,0,0,85,-85,0,0,64,-3,3
6,30,110,4,8,4,far,1,176,0,176,176,84480,50272,36608,37664,176,0,0,267,-264,176,0,0,83,-32,0,0,176,-5,8
6,30,110,4,8,16,unchanged,1,16,16,0,0,15360,6272,6272,6400,16,0,0,560,-560,0,0,16,-8,8,0,0,16,-8,8
6,30,110,4,8,16,one_edit,1,64,0,64,64,61440,49664,25600,25792,64,0,0,557,-557,64,0,0,373,-373,0,0,64,-3,3
6,30,110,4,8,16,far,1,176,0,176,176,168960,129280,70400,71456,176,0,0,555,-552,176,0,0,371,-176,0,0,176,-5,8
6,51,170,0,0,1,unchanged,0,16,16,0,0,306,434,434,434,0,0,16,-8,8,0,16,0,0,0,0,16,0,0,0
6,51,170,0,0,1,one_edit,0,64,0,0,0,1224,1736,1736,1736,0,0,64,-8,8,0,64,0,0,0,0,64,0,0,0
6,51,170,0,0,1,far,0,176,70,0,0,3366,4774,4774,4774,0,0,176,-8,8,0,176,0,0,0,0,176,0,0,0
6,51,170,0,0,4,unchanged,0,16,16,0,0,408,536,536,536,0,0,16,-8,8,0,16,0,0,0,0,16,0,0,0
6,51,170,0,0,4,one_edit,0,64,0,0,0,1632,2144,2144,2144,0,0,64,-8,8,0,64,0,0,0,0,64,0,0,0
6,51,170,0,0,4,far,0,176,70,0,0,4488,5896,5896,5896,0,0,176,-8,8,0,176,0,0,0,0,176,0,0,0
6,51,170,0,0,16,unchanged,0,16,16,0,0,816,944,944,944,0,0,16,-8,8,0,16,0,0,0,0,16,0,0,0
6,51,170,0,0,16,one_edit,0,64,0,0,0,3264,3776,3776,3776,0,0,64,-8,8,0,64,0,0,0,0,64,0,0,0
6,51,170,0,0,16,far,0,176,70,0,0,8976,10384,10384,10384,0,0,176,-8,8,0,176,0,0,0,0,176,0,0,0
6,51,170,0,2,1,unchanged,0,16,16,0,0,306,434,434,466,0,0,16,-10,10,0,0,16,-2,2,0,0,16,-2,2
6,51,170,0,2,1,one_edit,0,64,0,0,0,1224,1736,1736,1864,0,0,64,-10,10,0,0,64,-2,2,0,0,64,-2,2
6,51,170,0,2,1,far,0,176,70,0,0,3366,4774,4774,5126,0,0,176,-10,10,0,0,176,-2,2,0,0,176,-2,2
6,51,170,0,2,4,unchanged,0,16,16,0,0,408,536,536,568,0,0,16,-10,10,0,0,16,-2,2,0,0,16,-2,2
6,51,170,0,2,4,one_edit,0,64,0,0,0,1632,2144,2144,2272,0,0,64,-10,10,0,0,64,-2,2,0,0,64,-2,2
6,51,170,0,2,4,far,0,176,70,0,0,4488,5896,5896,6248,0,0,176,-10,10,0,0,176,-2,2,0,0,176,-2,2
6,51,170,0,2,16,unchanged,0,16,16,0,0,816,944,944,976,0,0,16,-10,10,0,0,16,-2,2,0,0,16,-2,2
6,51,170,0,2,16,one_edit,0,64,0,0,0,3264,3776,3776,3904,0,0,64,-10,10,0,0,64,-2,2,0,0,64,-2,2
6,51,170,0,2,16,far,0,176,70,0,0,8976,10384,10384,10736,0,0,176,-10,10,0,0,176,-2,2,0,0,176,-2,2
6,51,170,0,4,1,unchanged,0,16,16,0,0,306,434,434,498,0,0,16,-12,12,0,0,16,-4,4,0,0,16,-4,4
6,51,170,0,4,1,one_edit,0,64,0,0,0,1224,1736,1736,1992,0,0,64,-12,12,0,0,64,-4,4,0,0,64,-4,4
6,51,170,0,4,1,far,0,176,70,0,0,3366,4774,4774,5478,0,0,176,-12,12,0,0,176,-4,4,0,0,176,-4,4
6,51,170,0,4,4,unchanged,0,16,16,0,0,408,536,536,600,0,0,16,-12,12,0,0,16,-4,4,0,0,16,-4,4
6,51,170,0,4,4,one_edit,0,64,0,0,0,1632,2144,2144,2400,0,0,64,-12,12,0,0,64,-4,4,0,0,64,-4,4
6,51,170,0,4,4,far,0,176,70,0,0,4488,5896,5896,6600,0,0,176,-12,12,0,0,176,-4,4,0,0,176,-4,4
6,51,170,0,4,16,unchanged,0,16,16,0,0,816,944,944,1008,0,0,16,-12,12,0,0,16,-4,4,0,0,16,-4,4
6,51,170,0,4,16,one_edit,0,64,0,0,0,3264,3776,3776,4032,0,0,64,-12,12,0,0,64,-4,4,0,0,64,-4,4
6,51,170,0,4,16,far,0,176,70,0,0,8976,10384,10384,11088,0,0,176,-12,12,0,0,176,-4,4,0,0,176,-4,4
6,51,170,0,8,1,unchanged,0,16,16,0,0,306,434,434,562,0,0,16,-16,16,0,0,16,-8,8,0,0,16,-8,8
6,51,170,0,8,1,one_edit,0,64,0,0,0,1224,1736,1736,2248,0,0,64,-16,16,0,0,64,-8,8,0,0,64,-8,8
6,51,170,0,8,1,far,0,176,70,0,0,3366,4774,4774,6182,0,0,176,-16,16,0,0,176,-8,8,0,0,176,-8,8
6,51,170,0,8,4,unchanged,0,16,16,0,0,408,536,536,664,0,0,16,-16,16,0,0,16,-8,8,0,0,16,-8,8
6,51,170,0,8,4,one_edit,0,64,0,0,0,1632,2144,2144,2656,0,0,64,-16,16,0,0,64,-8,8,0,0,64,-8,8
6,51,170,0,8,4,far,0,176,70,0,0,4488,5896,5896,7304,0,0,176,-16,16,0,0,176,-8,8,0,0,176,-8,8
6,51,170,0,8,16,unchanged,0,16,16,0,0,816,944,944,1072,0,0,16,-16,16,0,0,16,-8,8,0,0,16,-8,8
6,51,170,0,8,16,one_edit,0,64,0,0,0,3264,3776,3776,4288,0,0,64,-16,16,0,0,64,-8,8,0,0,64,-8,8
6,51,170,0,8,16,far,0,176,70,0,0,8976,10384,10384,11792,0,0,176,-16,16,0,0,176,-8,8,0,0,176,-8,8
6,51,170,1,0,1,unchanged,0,16,16,0,0,612,740,740,740,0,0,16,-8,8,0,16,0,0,0,0,16,0,0,0
6,51,170,1,0,1,one_edit,0,64,0,0,0,2448,2960,2960,2960,0,0,64,-8,8,0,64,0,0,0,0,64,0,0,0
6,51,170,1,0,1,far,0,176,70,0,0,6732,8122,8122,8122,0,0,176,-5,8,0,176,0,0,0,0,176,0,0,0
6,51,170,1,0,4,unchanged,0,16,16,6,6,816,944,920,902,0,0,16,-1,8,6,10,0,7,0,6,10,0,3,0
6,51,170,1,0,4,one_edit,0,64,0,24,24,3264,3776,3680,3608,12,0,52,1,8,24,40,0,9,0,24,40,0,5,0
6,51,170,1,0,4,far,0,176,70,60,60,8976,10312,10072,9910,18,0,158,4,8,60,116,0,9,0,54,122,0,5,0
6,51,170,1,0,16,unchanged,0,16,16,6,6,1632,1760,1520,1502,6,0,10,35,8,6,10,0,43,0,6,10,0,3,0
6,51,170,1,0,16,one_edit,0,64,0,24,24,6528,7040,6080,6008,24,0,40,37,8,24,40,0,45,0,24,40,0,5,0
6,51,170,1,0,16,far,0,176,70,60,60,17952,19072,16672,16510,66,0,110,40,8,60,116,0,45,0,54,122,0,5,0
6,51,170,1,2,1,unchanged,0,16,16,0,0,612,740,740,772,0,0,16,-10,10,0,0,16,-2,2,0,0,16,-2,2
6,51,170,1,2,1,one_edit,0,64,0,0,0,2448,2960,2960,3088,0,0,64,-10,10,0,0,64,-2,2,0,0,64,-2,2
6,51,170,1,2,1,far,0,176,70,0,0,6732,8122,8122,8474,0,0,176,-7,10,0,0,176,-2,2,0,0,176,-2,2
6,51,170,1,2,4,unchanged,0,16,16,6,6,816,944,920,934,0,0,16,-3,10,6,0,10,5,2,6,0,10,1,2
6,51,170,1,2,4,one_edit,0,64,0,24,24,3264,3776,3680,3736,0,0,64,-1,10,24,0,40,7,2,12,0,52,3,2
6,51,170,1,2,4,far,0,176,70,60,60,8976,10312,10072,10262,6,0,170,2,10,60,0,116,7,2,42,0,134,3,2
6,51,170,1,2,16,unchanged,0,16,16,6,6,1632,1760,1520,1534,6,0,10,33,10,6,0,10,41,2,6,0,10,1,2
6,51,170,1,2,16,one_edit,0,64,0,24,24,6528,7040,6080,6136,24,0,40,35,10,24,0,40,43,2,12,0,52,3,2
6,51,170,1,2,16,far,0,176,70,60,60,17952,19072,16672,16862,66,0,110,38,10,60,0,116,43,2,42,0,134,3,2
6,51,170,1,4,1,unchanged,0,16,16,0,0,612,740,740,804,0,0,16,-12,12,0,0,16,-4,4,0,0,16,-4,4
6,51,170,1,4,1,one_edit,0,64,0,0,0,2448,2960,2960,3216,0,0,64,-12,12,0,0,64,-4,4,0,0,64,-4,4
6,51,170,1,4,1,far,0,176,70,0,0,6732,8122,8122,8826,0,0,176,-9,12,0,0,176,-4,4,0,0,176,-4,4
6,51,170,1,4,4,unchanged,0,16,16,6,6,816,944,920,966,0,0,16,-5,12,6,0,10,3,4,0,0,16,-1,4
6,51,170,1,4,4,one_edit,0,64,0,24,24,3264,3776,3680,3864,0,0,64,-3,12,24,0,40,5,4,12,0,52,1,4
6,51,170,1,4,4,far,0,176,70,60,60,8976,10312,10072,10614,0,6,170,0,12,54,6,116,5,4,12,0,164,1,4
6,51,170,1,4,16,unchanged,0,16,16,6,6,1632,1760,1520,1566,6,0,10,31,12,6,0,10,39,4,0,0,16,-1,4
6,51,170,1,4,16,one_edit,0,64,0,24,24,6528,7040,6080,6264,24,0,40,33,12,24,0,40,41,4,12,0,52,1,4
6,51,170,1,4,16,far,0,176,70,60,60,17952,19072,16672,17214,66,0,110,36,12,60,0,116,41,4,12,0,164,1,4
6,51,170,1,8,1,unchanged,0,16,16,0,0,612,740,740,868,0,0,16,-16,16,0,0,16,-8,8,0,0,16,-8,8
6,51,170,1,8,1,one_edit,0,64,0,0,0,2448,2960,2960,3472,0,0,64,-16,16,0,0,64,-8,8,0,0,64,-8,8
6,51,170,1,8,1,far,0,176,70,0,0,6732,8122,8122,9530,0,0,176,-13,16,0,0,176,-8,8,0,0,176,-8,8
6,51,170,1,8,4,unchanged,0,16,16,6,6,816,944,920,1030,0,0,16,-9,16,0,0,16,-1,8,0,0,16,-5,8
6,51,170,1,8,4,one_edit,0,64,0,24,24,3264,3776,3680,4120,0,0,64,-7,16,12,0,52,1,8,0,0,64,-3,8
6,51,170,1,8,4,far,0,176,70,60,60,8976,10312,10072,11318,0,0,176,-4,16,12,0,164,1,8,0,0,176,-3,8
6,51,170,1,8,16,unchanged,0,16,16,6,6,1632,1760,1520,1630,6,0,10,27,16,6,0,10,35,8,0,0,16,-5,8
6,51,170,1,8,16,one_edit,0,64,0,24,24,6528,7040,6080,6520,24,0,40,29,16,24,0,40,37,8,0,0,64,-3,8
6,51,170,1,8,16,far,0,176,70,60,60,17952,19072,16672,17918,66,0,110,32,16,60,0,116,37,8,0,0,176,-3,8
6,51,170,2,0,1,unchanged,0,16,16,6,0,918,1046,1046,1040,0,0,16,-7,8,6,10,0,1,0,6,10,0,1,0
6,51,170,2,0,1,one_edit,0,64,0,12,0,3672,4184,4184,4148,0,0,64,-5,8,12,52,0,3,0,12,52,0,3,0
6,51,170,2,0,1,far,0,176,70,42,0,10098,11470,11470,11404,0,0,176,-2,8,42,134,0,3,0,42,134,0,3,0
6,51,170,2,0,4,unchanged,0,16,16,6,6,1224,1352,1256,1238,6,0,10,11,8,6,10,0,19,0,6,10,0,3,0
6,51,170,2,0,4,one_edit,0,64,0,24,24,4896,5408,5024,4952,24,0,40,13,8,24,40,0,21,0,24,40,0,5,0
6,51,170,2,0,4,far,0,176,70,60,60,13464,14728,13768,13606,66,0,110,16,8,60,116,0,21,0,54,122,0,5,0
6,51,170,2,0,16,unchanged,0,16,16,6,6,2448,2576,2048,2030,6,0,10,83,8,6,10,0,91,0,6,10,0,3,0
6,51,170,2,0,16,one_edit,0,64,0,24,24,9792,10304,8192,8120,24,0,40,85,8,24,40,0,93,0,24,40,0,5,0
6,51,170,2,0,16,far,0,176,70,60,60,26928,27760,22480,22318,66,0,110,88,8,60,116,0,93,0,54,122,0,5,0
6,51,170,2,2,1,unchanged,0,16,16,6,0,918,1046,1046,1072,0,0,16,-9,10,0,0,16,-1,2,0,0,16,-1,2
6,51,170,2,2,1,one_edit,0,64,0,12,0,3672,4184,4184,4276,0,0,64,-7,10,12,0,52,1,2,12,0,52,1,2
6,51,170,2,2,1,far,0,176,70,42,0,10098,11470,11470,11756,0,0,176,-4,10,12,0,164,1,2,12,0,164,1,2
6,51,170,2,2,4,unchanged,0,16,16,6,6,1224,1352,1256,1270,6,0,10,9,10,6,0,10,17,2,6,0,10,1,2
6,51,170,2,2,4,one_edit,0,64,0,24,24,4896,5408,5024,5080,24,0,40,11,10,24,0,40,19,2,12,0,52,3,2
6,51,170,2,2,4,far,0,176,70,60,60,13464,14728,13768,13958,66,0,110,14,10,60,0,116,19,2,42,0,134,3,2
6,51,170,2,2,16,unchanged,0,16,16,6,6,2448,2576,2048,2062,6,0,10,81,10,6,0,10,89,2,6,0,10,1,2
6,51,170,2,2,16,one_edit,0,64,0,24,24,9792,10304,8192,8248,24,0,40,83,10,24,0,40,91,2,12,0,52,3,2
6,51,170,2,2,16,far,0,176,70,60,60,26928,27760,22480,22670,66,0,110,86,10,60,0,116,91,2,42,0,134,3,2
6,51,170,2,4,1,unchanged,0,16,16,6,0,918,1046,1046,1104,0,0,16,-11,12,0,0,16,-3,4,0,0,16,-3,4
6,51,170,2,4,1,one_edit,0,64,0,12,0,3672,4184,4184,4404,0,0,64,-9,12,0,0,64,-1,4,0,0,64,-1,4
6,51,170,2,4,1,far,0,176,70,42,0,10098,11470,11470,12108,0,0,176,-6,12,0,0,176,-1,4,0,0,176,-1,4
6,51,170,2,4,4,unchanged,0,16,16,6,6,1224,1352,1256,1302,6,0,10,7,12,6,0,10,15,4,0,0,16,-1,4
6,51,170,2,4,4,one_edit,0,64,0,24,24,4896,5408,5024,5208,24,0,40,9,12,24,0,40,17,4,12,0,52,1,4
6,51,170,2,4,4,far,0,176,70,60,60,13464,14728,13768,14310,66,0,110,12,12,60,0,116,17,4,12,0,164,1,4
6,51,170,2,4,16,unchanged,0,16,16,6,6,2448,2576,2048,2094,6,0,10,79,12,6,0,10,87,4,0,0,16,-1,4
6,51,170,2,4,16,one_edit,0,64,0,24,24,9792,10304,8192,8376,24,0,40,81,12,24,0,40,89,4,12,0,52,1,4
6,51,170,2,4,16,far,0,176,70,60,60,26928,27760,22480,23022,66,0,110,84,12,60,0,116,89,4,12,0,164,1,4
6,51,170,2,8,1,unchanged,0,16,16,6,0,918,1046,1046,1168,0,0,16,-15,16,0,0,16,-7,8,0,0,16,-7,8
6,51,170,2,8,1,one_edit,0,64,0,12,0,3672,4184,4184,4660,0,0,64,-13,16,0,0,64,-5,8,0,0,64,-5,8
6,51,170,2,8,1,far,0,176,70,42,0,10098,11470,11470,12812,0,0,176,-10,16,0,0,176,-5,8,0,0,176,-5,8
6,51,170,2,8,4,unchanged,0,16,16,6,6,1224,1352,1256,1366,6,0,10,3,16,6,0,10,11,8,0,0,16,-5,8
6,51,170,2,8,4,one_edit,0,64,0,24,24,4896,5408,5024,5464,24,0,40,5,16,24,0,40,13,8,0,0,64,-3,8
6,51,170,2,8,4,far,0,176,70,60,60,13464,14728,13768,15014,60,6,110,8,16,60,0,116,13,8,0,0,176,-3,8
6,51,170,2,8,16,unchanged,0,16,16,6,6,2448,2576,2048,2158,6,0,10,75,16,6,0,10,83,8,0,0,16,-5,8
6,51,170,2,8,16,one_edit,0,64,0,24,24,9792,10304,8192,8632,24,0,40,77,16,24,0,40,85,8,0,0,64,-3,8
6,51,170,2,8,16,far,0,176,70,60,60,26928,27760,22480,23726,66,0,110,80,16,60,0,116,85,8,0,0,176,-3,8
6,51,170,4,0,1,unchanged,0,10,10,0,0,450,530,530,530,0,0,10,-8,8,0,10,0,0,0,0,10,0,0,0
6,51,170,4,0,1,one_edit,0,40,0,24,24,2160,2456,2384,2312,12,0,28,1,8,24,16,0,7,0,24,16,0,5,0
6,51,170,4,0,1,far,0,110,40,30,30,5490,6274,6178,6106,18,0,92,4,8,30,80,0,7,0,24,86,0,5,0
6,51,170,4,0,1,far,1,66,30,30,0,11340,9600,9600,9510,66,0,0,31,-24,30,36,0,3,0,30,36,0,3,0
6,51,170,4,0,1,one_edit,1,24,0,0,0,3960,3360,3360,3360,24,0,0,26,-24,0,24,0,0,0,0,24,0,0,0
6,51,170,4,0,1,unchanged,1,6,6,6,0,1080,912,912,894,6,0,0,31,-31,6,0,0,3,-3,6,0,0,3,-3
6,51,170,4,0,4,unchanged,0,10,10,5,3,600,680,680,657,0,0,10,-3,8,5,5,0,5,0,5,5,0,5,0
6,51,170,4,0,4,one_edit,0,40,0,32,28,3840,4064,3200,3096,24,0,16,37,8,32,8,0,41,0,32,8,0,5,0
6,51,170,4,0,4,far,0,110,40,67,58,8760,9256,8152,7905,36,0,74,40,8,67,43,0,41,0,61,49,0,5,0
6,51,170,4,0,4,far,1,66,30,30,30,13680,11472,10752,10662,66,0,0,67,-24,30,36,0,27,0,30,36,0,3,0
6,51,170,4,0,4,one_edit,1,24,0,0,0,4320,3648,3648,3648,24,0,0,32,-24,0,24,0,0,0,0,24,0,0,0
6,51,170,4,0,4,unchanged,1,6,6,6,6,1440,1200,1056,1038,6,0,0,67,-67,6,0,0,27,-27,6,0,0,3,-3
6,51,170,4,0,16,unchanged,0,10,10,5,5,1200,1280,1160,1137,5,0,5,21,8,5,5,0,29,0,5,5,0,5,0
6,51,170,4,0,16,one_edit,0,40,0,32,32,10560,10496,6272,6168,32,0,8,181,8,32,8,0,185,0,32,8,0,5,0
6,51,170,4,0,16,far,0,110,40,67,67,21840,21184,15160,14913,73,0,37,184,8,67,43,0,185,0,61,49,0,5,0
6,51,170,4,0,16,far,1,66,30,30,30,23040,18960,15360,15270,66,0,0,211,-24,30,36,0,123,0,30,36,0,3,0
6,51,170,4,0,16,one_edit,1,24,0,0,0,5760,4800,4800,4800,24,0,0,56,-24,0,24,0,0,0,0,24,0,0,0
6,51,170,4,0,16,unchanged,1,6,6,6,6,2880,2352,1632,1614,6,0,0,211,-211,6,0,0,123,-123,6,0,0,3,-3
6,51,170,4,2,1,unchanged,0,10,10,0,0,450,530,530,550,0,0,10,-10,10,0,0,10,-2,2,0,0,10,-2,2
6,51,170,4,2,1,one_edit,0,40,0,24,24,2160,2456,2384,2392,0,0,40,-1,10,24,0,16,5,2,12,0,28,3,2
6,51,170,4,2,1,far,0,110,40,30,30,5490,6274,6178,6326,6,0,104,2,10,30,0,80,5,2,12,0,98,3,2
6,51,170,4,2,1,far,1,66,30,30,0,11340,9600,9600,9642,66,0,0,29,-22,30,0,36,1,2,30,0,36,1,2
6,51,170,4,2,1,one_edit,1,24,0,0,0,3960,3360,3360,3408,24,0,0,24,-22,0,0,24,-2,2,0,0,24,-2,2
6,51,170,4,2,1,unchanged,1,6,6,6,0,1080,912,912,906,6,0,0,29,-29,6,0,0,1,-1,6,0,0,1,-1
6,51,170,4,2,4,unchanged,0,10,10,5,3,600,680,680,677,0,0,10,-5,10,5,0,5,3,2,5,0,5,3,2
6,51,170,4,2,4,one_edit,0,40,0,32,28,3840,4064,3200,3176,24,0,16,35,10,32,0,8,39,2,20,0,20,3,2
6,51,170,4,2,4,far,0,110,40,67,58,8760,9256,8152,8125,36,0,74,38,10,67,0,43,39,2,49,0,61,3,2
6,51,170,4,2,4,far,1,66,30,30,30,13680,11472,10752,10794,66,0,0,65,-22,30,0,36,25,2,30,0,36,1,2
6,51,170,4,2,4,one_edit,1,24,0,0,0,4320,3648,3648,3696,24,0,0,30,-22,0,0,24,-2,2,0,0,24,-2,2
6,51,170,4,2,4,unchanged,1,6,6,6,6,1440,1200,1056,1050,6,0,0,65,-65,6,0,0,25,-25,6,0,0,1,-1
6,51,170,4,2,16,unchanged,0,10,10,5,5,1200,1280,1160,1157,5,0,5,19,10,5,0,5,27,2,5,0,5,3,2
6,51,170,4,2,16,one_edit,0,40,0,32,32,10560,10496,6272,6248,32,0,8,179,10,32,0,8,183,2,20,0,20,3,2
6,51,170,4,2,16,far,0,110,40,67,67,21840,21184,15160,15133,73,0,37,182,10,67,0,43,183,2,49,0,61,3,2
6,51,170,4,2,16,far,1,66,30,30,30,23040,18960,15360,15402,66,0,0,209,-22,30,0,36,121,2,30,0,36,1,2
6,51,170,4,2,16,one_edit,1,24,0,0,0,5760,4800,4800,4848,24,0,0,54,-22,0,0,24,-2,2,0,0,24,-2,2
6,51,170,4,2,16,unchanged,1,6,6,6,6,2880,2352,1632,1626,6,0,0,209,-209,6,0,0,121,-121,6,0,0,1,-1
6,51,170,4,4,1,unchanged,0,10,10,0,0,450,530,530,570,0,0,10,-12,12,0,0,10,-4,4,0,0,10,-4,4
6,51,170,4,4,1,one_edit,0,40,0,24,24,2160,2456,2384,2472,0,0,40,-3,12,24,0,16,3,4,12,0,28,1,4
6,51,170,4,4,1,far,0,110,40,30,30,5490,6274,6178,6546,0,6,104,0,12,24,6,80,3,4,12,0,98,1,4
6,51,170,4,4,1,far,1,66,30,30,0,11340,9600,9600,9774,66,0,0,27,-20,0,0,66,-1,4,0,0,66,-1,4
6,51,170,4,4,1,one_edit,1,24,0,0,0,3960,3360,3360,3456,24,0,0,22,-20,0,0,24,-4,4,0,0,24,-4,4
6,51,170,4,4,1,unchanged,1,6,6,6,0,1080,912,912,918,6,0,0,27,-27,0,0,6,-1,1,0,0,6,-1,1
6,51,170,4,4,4,unchanged,0,10,10,5,3,600,680,680,697,0,0,10,-7,12,4,0,6,1,4,4,0,6,1,4
6,51,170,4,4,4,one_edit,0,40,0,32,28,3840,4064,3200,3256,24,0,16,33,12,28,0,12,37,4,16,0,24,1,4
6,51,170,4,4,4,far,0,110,40,67,58,8760,9256,8152,8345,36,0,74,36,12,62,0,48,37,4,44,0,66,1,4
6,51,170,4,4,4,far,1,66,30,30,30,13680,11472,10752,10926,66,0,0,63,-20,30,0,36,23,4,0,0,66,-1,4
6,51,170,4,4,4,one_edit,1,24,0,0,0,4320,3648,3648,3744,24,0,0,28,-20,0,0,24,-4,4,0,0,24,-4,4
6,51,170,4,4,4,unchanged,1,6,6,6,6,1440,1200,1056,1062,6,0,0,63,-63,6,0,0,23,-23,0,0,6,-1,1
6,51,170,4,4,16,unchanged,0,10,10,5,5,1200,1280,1160,1177,5,0,5,17,12,5,0,5,25,4,4,0,6,1,4
6,51,170,4,4,16,one_edit,0,40,0,32,32,10560,10496,6272,6328,32,0,8,177,12,32,0,8,181,4,16,0,24,1,4
6,51,170,4,4,16,far,0,110,40,67,67,21840,21184,15160,15353,73,0,37,180,12,67,0,43,181,4,44,0,66,1,4
6,51,170,4,4,16,far,1,66,30,30,30,23040,18960,15360,15534,66,0,0,207,-20,30,0,36,119,4,0,0,66,-1,4
6,51,170,4,4,16,one_edit,1,24,0,0,0,5760,4800,4800,4896,24,0,0,52,-20,0,0,24,-4,4,0,0,24,-4,4
6,51,170,4,4,16,unchanged,1,6,6,6,6,2880,2352,1632,1638,6,0,0,207,-207,6,0,0,119,-119,0,0,6,-1,1
6,51,170,4,8,1,unchanged,0,10,10,0,0,450,530,530,610,0,0,10,-16,16,0,0,10,-8,8,0,0,10,-8,8
6,51,170,4,8,1,one_edit,0,40,0,24,24,2160,2456,2384,2632,0,0,40,-7,16,0,0,40,-1,8,0,0,40,-3,8
6,51,170,4,8,1,far,0,110,40,30,30,5490,6274,6178,6986,0,0,110,-4,16,0,0,110,-1,8,0,0,110,-3,8
6,51,170,4,8,1,far,1,66,30,30,0,11340,9600,9600,10038,66,0,0,23,-16,0,0,66,-5,8,0,0,66,-5,8
6,51,170,4,8,1,one_edit,1,24,0,0,0,3960,3360,3360,3552,24,0,0,18,-16,0,0,24,-8,8,0,0,24,-8,8
6,51,170,4,8,1,unchanged,1,6,6,6,0,1080,912,912,942,6,0,0,23,-23,0,0,6,-5,5,0,0,6,-5,5
6,51,170,4,8,4,unchanged,0,10,10,5,3,600,680,680,737,0,0,10,-11,16,0,0,10,-3,8,0,0,10,-3,8
6,51,170,4,8,4,one_edit,0,40,0,32,28,3840,4064,3200,3416,24,0,16,29,16,24,0,16,33,8,0,0,40,-3,8
6,51,170,4,8,4,far,0,110,40,67,58,8760,9256,8152,8785,36,0,74,32,16,30,0,80,33,8,0,0,110,-3,8
6,51,170,4,8,4,far,1,66,30,30,30,13680,11472,10752,11190,66,0,0,59,-16,30,0,36,19,8,0,0,66,-5,8
6,51,170,4,8,4,one_edit,1,24,0,0,0,4320,3648,3648,3840,24,0,0,24,-16,0,0,24,-8,8,0,0,24,-8,8
6,51,170,4,8,4,unchanged,1,6,6,6,6,1440,1200,1056,1086,6,0,0,59,-59,6,0,0,19,-19,0,0,6,-5,5
6,51,170,4,8,16,unchanged,0,10,10,5,5,1200,1280,1160,1217,5,0,5,13,16,5,0,5,21,8,0,0,10,-3,8
6,51,170,4,8,16,one_edit,0,40,0,32,32,10560,10496,6272,6488,32,0,8,173,16,32,0,8,177,8,0,0,40,-3,8
6,51,170,4,8,16,far,0,110,40,67,67,21840,21184,15160,15793,73,0,37,176,16,67,0,43,177,8,0,0,110,-3,8
6,51,170,4,8,16,far,1,66,30,30,30,23040,18960,15360,15798,66,0,0,203,-16,30,0,36,115,8,0,0,66,-5,8
6,51,170,4,8,16,one_edit,1,24,0,0,0,5760,4800,4800,4992,24,0,0,48,-16,0,0,24,-8,8,0,0,24,-8,8
6,51,170,4,8,16,unchanged,1,6,6,6,6,2880,2352,1632,1662,6,0,0,203,-203,6,0,0,115,-115,0,0,6,-5,5
6,54,110,0,0,1,unchanged,0,16,16,0,0,1152,1280,1280,1280,0,0,16,-8,8,0,16,0,0,0,0,16,0,0,0
6,54,110,0,0,1,one_edit,0,64,0,0,0,4608,5120,5120,5120,0,0,64,-8,8,0,64,0,0,0,0,64,0,0,0
6,54,110,0,0,1,far,0,176,0,0,0,12672,14080,14080,14080,0,0,176,-8,8,0,176,0,0,0,0,176,0,0,0
6,54,110,0,0,4,unchanged,0,16,16,0,0,1536,1664,1664,1664,0,0,16,-8,8,0,16,0,0,0,0,16,0,0,0
6,54,110,0,0,4,one_edit,0,64,0,0,0,6144,6656,6656,6656,0,0,64,-8,8,0,64,0,0,0,0,64,0,0,0
6,54,110,0,0,4,far,0,176,0,0,0,16896,18304,18304,18304,0,0,176,-8,8,0,176,0,0,0,0,176,0,0,0
6,54,110,0,0,16,unchanged,0,16,16,0,0,3072,3200,3200,3200,0,0,16,-8,8,0,16,0,0,0,0,16,0,0,0
6,54,110,0,0,16,one_edit,0,64,0,0,0,12288,12800,12800,12800,0,0,64,-8,8,0,64,0,0,0,0,64,0,0,0
6,54,110,0,0,16,far,0,176,0,0,0,33792,35200,35200,35200,0,0,176,-8,8,0,176,0,0,0,0,176,0,0,0
6,54,110,0,2,1,unchanged,0,16,16,0,0,1152,1280,1280,1312,0,0,16,-10,10,0,0,16,-2,2,0,0,16,-2,2
6,54,110,0,2,1,one_edit,0,64,0,0,0,4608,5120,5120,5248,0,0,64,-10,10,0,0,64,-2,2,0,0,64,-2,2
6,54,110,0,2,1,far,0,176,0,0,0,12672,14080,14080,14432,0,0,176,-10,10,0,0,176,-2,2,0,0,176,-2,2
6,54,110,0,2,4,unchanged,0,16,16,0,0,1536,1664,1664,1696,0,0,16,-10,10,0,0,16,-2,2,0,0,16,-2,2
6,54,110,0,2,4,one_edit,0,64,0,0,0,6144,6656,6656,6784,0,0,64,-10,10,0,0,64,-2,2,0,0,64,-2,2
6,54,110,0,2,4,far,0,176,0,0,0,16896,18304,18304,18656,0,0,176,-10,10,0,0,176,-2,2,0,0,176,-2,2
6,54,110,0,2,16,unchanged,0,16,16,0,0,3072,3200,3200,3232,0,0,16,-10,10,0,0,16,-2,2,0,0,16,-2,2
6,54,110,0,2,16,one_edit,0,64,0,0,0,12288,12800,12800,12928,0,0,64,-10,10,0,0,64,-2,2,0,0,64,-2,2
6,54,110,0,2,16,far,0,176,0,0,0,33792,35200,35200,35552,0,0,176,-10,10,0,0,176,-2,2,0,0,176,-2,2
6,54,110,0,4,1,unchanged,0,16,16,0,0,1152,1280,1280,1344,0,0,16,-12,12,0,0,16,-4,4,0,0,16,-4,4
6,54,110,0,4,1,one_edit,0,64,0,0,0,4608,5120,5120,5376,0,0,64,-12,12,0,0,64,-4,4,0,0,64,-4,4
6,54,110,0,4,1,far,0,176,0,0,0,12672,14080,14080,14784,0,0,176,-12,12,0,0,176,-4,4,0,0,176,-4,4
6,54,110,0,4,4,unchanged,0,16,16,0,0,1536,1664,1664,1728,0,0,16,-12,12,0,0,16,-4,4,0,0,16,-4,4
6,54,110,0,4,4,one_edit,0,64,0,0,0,6144,6656,6656,6912,0,0,64,-12,12,0,0,64,-4,4,0,0,64,-4,4
6,54,110,0,4,4,far,0,176,0,0,0,16896,18304,18304,19008,0,0,176,-12,12,0,0,176,-4,4,0,0,176,-4,4
6,54,110,0,4,16,unchanged,0,16,16,0,0,3072,3200,3200,3264,0,0,16,-12,12,0,0,16,-4,4,0,0,16,-4,4
6,54,110,0,4,16,one_edit,0,64,0,0,0,12288,12800,12800,13056,0,0,64,-12,12,0,0,64,-4,4,0,0,64,-4,4
6,54,110,0,4,16,far,0,176,0,0,0,33792,35200,35200,35904,0,0,176,-12,12,0,0,176,-4,4,0,0,176,-4,4
6,54,110,0,8,1,unchanged,0,16,16,0,0,1152,1280,1280,1408,0,0,16,-16,16,0,0,16,-8,8,0,0,16,-8,8
6,54,110,0,8,1,one_edit,0,64,0,0,0,4608,5120,5120,5632,0,0,64,-16,16,0,0,64,-8,8,0,0,64,-8,8
6,54,110,0,8,1,far,0,176,0,0,0,12672,14080,14080,15488,0,0,176,-16,16,0,0,176,-8,8,0,0,176,-8,8
6,54,110,0,8,4,unchanged,0,16,16,0,0,1536,1664,1664,1792,0,0,16,-16,16,0,0,16,-8,8,0,0,16,-8,8
6,54,110,0,8,4,one_edit,0,64,0,0,0,6144,6656,6656,7168,0,0,64,-16,16,0,0,64,-8,8,0,0,64,-8,8
6,54,110,0,8,4,far,0,176,0,0,0,16896,18304,18304,19712,0,0,176,-16,16,0,0,176,-8,8,0,0,176,-8,8
6,54,110,0,8,16,unchanged,0,16,16,0,0,3072,3200,3200,3328,0,0,16,-16,16,0,0,16,-8,8,0,0,16,-8,8
6,54,110,0,8,16,one_edit,0,64,0,0,0,12288,12800,12800,13312,0,0,64,-16,16,0,0,64,-8,8,0,0,64,-8,8
6,54,110,0,8,16,far,0,176,0,0,0,33792,35200,35200,36608,0,0,176,-16,16,0,0,176,-8,8,0,0,176,-8,8
6,54,110,1,0,1,unchanged,1,16,16,0,0,2304,1568,1568,1568,16,0,0,46,-46,0,16,0,0,0,0,16,0,0,0
6,54,110,1,0,1,one_edit,1,64,0,64,0,9216,6656,6656,6464,64,0,0,43,-43,64,0,0,3,-3,64,0,0,3,-3
6,54,110,1,0,1,far,1,176,0,88,0,25344,18190,18190,18126,176,0,0,43,-40,64,112,0,1,0,64,112,0,1,0
6,54,110,1,0,4,unchanged,1,16,16,0,0,3072,2048,2048,2048,16,0,0,64,-64,0,16,0,0,0,0,16,0,0,0
6,54,110,1,0,4,one_edit,1,64,0,64,64,12288,9728,8704,8384,64,0,0,61,-61,64,0,0,21,-21,64,0,0,5,-5
6,54,110,1,0,4,far,1,176,0,176,176,33792,26296,23936,23584,176,0,0,59,-56,176,0,0,19,-4,160,16,0,3,0
6,54,110,1,0,16,unchanged,1,16,16,0,0,6144,3968,3968,3968,16,0,0,136,-136,0,16,0,0,0,0,16,0,0,0
6,54,110,1,0,16,one_edit,1,64,0,64,64,24576,22016,16384,16064,64,0,0,133,-133,64,0,0,93,-93,64,0,0,5,-5
6,54,110,1,0,16,far,1,176,0,176,176,67584,58720,45056,44704,176,0,0,131,-128,176,0,0,91,-40,160,16,0,3,0
6,54,110,1,2,1,unchanged,1,16,16,0,0,2304,1568,1568,1600,16,0,0,44,-44,0,0,16,-2,2,0,0,16,-2,2
6,54,110,1,2,1,one_edit,1,64,0,64,0,9216,6656,6656,6592,64,0,0,41,-41,64,0,0,1,-1,64,0,0,1,-1
6,54,110,1,2,1,far,1,176,0,88,0,25344,18190,18190,18478,176,0,0,41,-38,0,0,176,-1,2,0,0,176,-1,2
6,54,110,1,2,4,unchanged,1,16,16,0,0,3072,2048,2048,2080,16,0,0,62,-62,0,0,16,-2,2,0,0,16,-2,2
6,54,110,1,2,4,one_edit,1,64,0,64,64,12288,9728,8704,8512,64,0,0,59,-59,64,0,0,19,-19,64,0,0,3,-3
6,54,110,1,2,4,far,1,176,0,176,176,33792,26296,23936,23936,176,0,0,57,-54,176,0,0,17,-2,96,0,80,1,2
6,54,110,1,2,16,unchanged,1,16,16,0,0,6144,3968,3968,4000,16,0,0,134,-134,0,0,16,-2,2,0,0,16,-2,2
6,54,110,1,2,16,one_edit,1,64,0,64,64,24576,22016,16384,16192,64,0,0,131,-131,64,0,0,91,-91,64,0,0,3,-3
6,54,110,1,2,16,far,1,176,0,176,176,67584,58720,45056,45056,176,0,0,129,-126,176,0,0,89,-38,96,0,80,1,2
6,54,110,1,4,1,unchanged,1,16,16,0,0,2304,1568,1568,1632,16,0,0,42,-42,0,0,16,-4,4,0,0,16,-4,4
6,54,110,1,4,1,one_edit,1,64,0,64,0,9216,6656,6656,6720,64,0,0,39,-39,0,0,64,-1,1,0,0,64,-1,1
6,54,110,1,4,1,far,1,176,0,88,0,25344,18190,18190,18830,176,0,0,39,-36,0,0,176,-3,4,0,0,176,-3,4
6,54,110,1,4,4,unchanged,1,16,16,0,0,3072,2048,2048,2112,16,0,0,60,-60,0,0,16,-4,4,0,0,16,-4,4
6,54,110,1,4,4,one_edit,1,64,0,64,64,12288,9728,8704,8640,64,0,0,57,-57,64,0,0,17,-17,64,0,0,1,-1
6,54,110,1,4,4,far,1,176,0,176,176,33792,26296,23936,24288,176,0,0,55,-52,170,6,0,15,0,0,0,176,-1,4
6,54,110,1,4,16,unchanged,1,16,16,0,0,6144,3968,3968,4032,16,0,0,132,-132,0,0,16,-4,4,0,0,16,-4,4
6,54,110,1,4,16,one_edit,1,64,0,64,64,24576,22016,16384,16320,64,0,0,129,-129,64,0,0,89,-89,64,0,0,1,-1
6,54,110,1,4,16,far,1,176,0,176,176,67584,58720,45056,45408,176,0,0,127,-124,176,0,0,87,-36,0,0,176,-1,4
6,54,110,1,8,1,unchanged,1,16,16,0,0,2304,1568,1568,1696,16,0,0,38,-38,0,0,16,-8,8,0,0,16,-8,8
6,54,110,1,8,1,one_edit,1,64,0,64,0,9216,6656,6656,6976,64,0,0,35,-35,0,0,64,-5,5,0,0,64,-5,5
6,54,110,1,8,1,far,1,176,0,88,0,25344,18190,18190,19534,176,0,0,35,-32,0,0,176,-7,8,0,0,176,-7,8
6,54,110,1,8,4,unchanged,1,16,16,0,0,3072,2048,2048,2176,16,0,0,56,-56,0,0,16,-8,8,0,0,16,-8,8
6,54,110,1,8,4,one_edit,1,64,0,64,64,12288,9728,8704,8896,64,0,0,53,-53,64,0,0,13,-13,0,0,64,-3,3
6,54,110,1,8,4,far,1,176,0,176,176,33792,26296,23936,24992,176,0,0,51,-48,138,0,38,11,4,0,0,176,-5,8
6,54,110,1,8,16,unchanged,1,16,16,0,0,6144,3968,3968,4096,16,0,0,128,-128,0,0,16,-8,8,0,0,16,-8,8
6,54,110,1,8,16,one_edit,1,64,0,64,64,24576,22016,16384,16576,64,0,0,125,-125,64,0,0,85,-85,0,0,64,-3,3
6,54,110,1,8,16,far,1,176,0,176,176,67584,58720,45056,46112,176,0,0,123,-120,176,0,0,83,-32,0,0,176,-5,8
6,54,110,2,0,1,unchanged,1,16,16,0,0,3456,1856,1856,1856,16,0,0,100,-100,0,16,0,0,0,0,16,0,0,0
6,54,110,2,0,1,one_edit,1,64,0,64,64,13824,8192,7936,7616,64,0,0,97,-97,64,0,0,9,-9,64,0,0,5,-5
6,54,110,2,0,1,far,1,176,0,170,138,38016,22300,21748,21460,176,0,0,95,-92,170,6,0,7,0,160,16,0,3,0
6,54,110,2,0,4,unchanged,1,16,16,0,0,4608,2432,2432,2432,16,0,0,136,-136,0,16,0,0,0,0,16,0,0,0
6,54,110,2,0,4,one_edit,1,64,0,64,64,18432,12800,10240,9920,64,0,0,133,-133,64,0,0,45,-45,64,0,0,5,-5
6,54,110,2,0,4,far,1,176,0,176,176,50688,34288,28160,27808,176,0,0,131,-128,176,0,0,43,-16,160,16,0,3,0
6,54,110,2,0,16,unchanged,1,16,16,0,0,9216,4736,4736,4736,16,0,0,280,-280,0,16,0,0,0,0,16,0,0,0
6,54,110,2,0,16,one_edit,1,64,0,64,64,36864,31232,19456,19136,64,0,0,277,-277,64,0,0,189,-189,64,0,0,5,-5
6,54,110,2,0,16,far,1,176,0,176,176,101376,82240,53504,53152,176,0,0,275,-272,176,0,0,187,-88,160,16,0,3,0
6,54,110,2,2,1,unchanged,1,16,16,0,0,3456,1856,1856,1888,16,0,0,98,-98,0,0,16,-2,2,0,0,16,-2,2
6,54,110,2,2,1,one_edit,1,64,0,64,64,13824,8192,7936,7744,64,0,0,95,-95,64,0,0,7,-7,64,0,0,3,-3
6,54,110,2,2,1,far,1,176,0,170,138,38016,22300,21748,21812,176,0,0,93,-90,138,0,38,5,2,64,0,112,1,2
6,54,110,2,2,4,unchanged,1,16,16,0,0,4608,2432,2432,2464,16,0,0,134,-134,0,0,16,-2,2,0,0,16,-2,2
6,54,110,2,2,4,one_edit,1,64,0,64,64,18432,12800,10240,10048,64,0,0,131,-131,64,0,0,43,-43,64,0,0,3,-3
6,54,110,2,2,4,far,1,176,0,176,176,50688,34288,28160,28160,176,0,0,129,-126,176,0,0,41,-14,96,0,80,1,2
6,54,110,2,2,16,unchanged,1,16,16,0,0,9216,4736,4736,4768,16,0,0,278,-278,0,0,16,-2,2,0,0,16,-2,2
6,54,110,2,2,16,one_edit,1,64,0,64,64,36864,31232,19456,19264,64,0,0,275,-275,64,0,0,187,-187,64,0,0,3,-3
6,54,110,2,2,16,far,1,176,0,176,176,101376,82240,53504,53504,176,0,0,273,-270,176,0,0,185,-86,96,0,80,1,2
6,54,110,2,4,1,unchanged,1,16,16,0,0,3456,1856,1856,1920,16,0,0,96,-96,0,0,16,-4,4,0,0,16,-4,4
6,54,110,2,4,1,one_edit,1,64,0,64,64,13824,8192,7936,7872,64,0,0,93,-93,64,0,0,5,-5,64,0,0,1,-1
6,54,110,2,4,1,far,1,176,0,170,138,38016,22300,21748,22164,176,0,0,91,-88,128,10,38,3,4,0,0,176,-1,4
6,54,110,2,4,4,unchanged,1,16,16,0,0,4608,2432,2432,2496,16,0,0,132,-132,0,0,16,-4,4,0,0,16,-4,4
6,54,110,2,4,4,one_edit,1,64,0,64,64,18432,12800,10240,10176,64,0,0,129,-129,64,0,0,41,-41,64,0,0,1,-1
6,54,110,2,4,4,far,1,176,0,176,176,50688,34288,28160,28512,176,0,0,127,-124,176,0,0,39,-12,0,0,176,-1,4
6,54,110,2,4,16,unchanged,1,16,16,0,0,9216,4736,4736,4800,16,0,0,276,-276,0,0,16,-4,4,0,0,16,-4,4
6,54,110,2,4,16,one_edit,1,64,0,64,64,36864,31232,19456,19392,64,0,0,273,-273,64,0,0,185,-185,64,0,0,1,-1
6,54,110,2,4,16,far,1,176,0,176,176,101376,82240,53504,53856,176,0,0,271,-268,176,0,0,183,-84,0,0,176,-1,4
6,54,110,2,8,1,unchanged,1,16,16,0,0,3456,1856,1856,1984,16,0,0,92,-92,0,0,16,-8,8,0,0,16,-8,8
6,54,110,2,8,1,one_edit,1,64,0,64,64,13824,8192,7936,8128,64,0,0,89,-89,64,0,0,1,-1,0,0,64,-3,3
6,54,110,2,8,1,far,1,176,0,170,138,38016,22300,21748,22868,176,0,0,87,-84,0,0,176,-1,8,0,0,176,-5,8
6,54,110,2,8,4,unchanged,1,16,16,0,0,4608,2432,2432,2560,16,0,0,128,-128,0,0,16,-8,8,0,0,16,-8,8
6,54,110,2,8,4,one_edit,1,64,0,64,64,18432,12800,10240,10432,64,0,0,125,-125,64,0,0,37,-37,0,0,64,-3,3
6,54,110,2,8,4,far,1,176,0,176,176,50688,34288,28160,29216,176,0,0,123,-120,176,0,0,35,-8,0,0,176,-5,8
6,54,110,2,8,16,unchanged,1,16,16,0,0,9216,4736,4736,4864,16,0,0,272,-272,0,0,16,-8,8,0,0,16,-8,8
6,54,110,2,8,16,one_edit,1,64,0,64,64,36864,31232,19456,19648,64,0,0,269,-269,64,0,0,181,-181,0,0,64,-3,3
6,54,110,2,8,16,far,1,176,0,176,176,101376,82240,53504,54560,176,0,0,267,-264,176,0,0,179,-80,0,0,176,-5,8
6,54,110,4,0,1,unchanged,1,16,16,0,0,5760,2432,2432,2432,16,0,0,208,-208,0,16,0,0,0,0,16,0,0,0
6,54,110,4,0,1,one_edit,1,64,0,64,64,23040,11264,10240,9920,64,0,0,205,-205,64,0,0,21,-21,64,0,0,5,-5
6,54,110,4,0,1,far,1,176,0,176,176,63360,30520,28160,27808,176,0,0,203,-200,176,0,0,19,-4,160,16,0,3,0
6,54,110,4,0,4,unchanged,1,16,16,0,0,7680,3200,3200,3200,16,0,0,280,-280,0,16,0,0,0,0,16,0,0,0
6,54,110,4,0,4,one_edit,1,64,0,64,64,30720,18944,13312,12992,64,0,0,277,-277,64,0,0,93,-93,64,0,0,5,-5
6,54,110,4,0,4,far,1,176,0,176,176,84480,50272,36608,36256,176,0,0,275,-272,176,0,0,91,-40,160,16,0,3,0
6,54,110,4,0,16,unchanged,1,16,16,0,0,15360,6272,6272,6272,16,0,0,568,-568,0,16,0,0,0,0,16,0,0,0
6,54,110,4,0,16,one_edit,1,64,0,64,64,61440,49664,25600,25280,64,0,0,565,-565,64,0,0,381,-381,64,0,0,5,-5
6,54,110,4,0,16,far,1,176,0,176,176,168960,129280,70400,70048,176,0,0,563,-560,176,0,0,379,-184,160,16,0,3,0
6,54,110,4,2,1,unchanged,1,16,16,0,0,5760,2432,2432,2464,16,0,0,206,-206,0,0,16,-2,2,0,0,16,-2,2
6,54,110,4,2,1,one_edit,1,64,0,64,64,23040,11264,10240,10048,64,0,0,203,-203,64,0,0,19,-19,64,0,0,3,-3
6,54,110,4,2,1,far,1,176,0,176,176,63360,30520,28160,28160,176,0,0,201,-198,176,0,0,17,-2,96,0,80,1,2
6,54,110,4,2,4,unchanged,1,16,16,0,0,7680,3200,3200,3232,16,0,0,278,-278,0,0,16,-2,2,0,0,16,-2,2
6,54,110,4,2,4,one_edit,1,64,0,64,64,30720,18944,13312,13120,64,0,0,275,-275,64,0,0,91,-91,64,0,0,3,-3
6,54,110,4,2,4,far,1,176,0,176,176,84480,50272,36608,36608,176,0,0,273,-270,176,0,0,89,-38,96,0,80,1,2
6,54,110,4,2,16,unchanged,1,16,16,0,0,15360,6272,6272,6304,16,0,0,566,-566,0,0,16,-2,2,0,0,16,-2,2
6,54,110,4,2,16,one_edit,1,64,0,64,64,61440,49664,25600,25408,64,0,0,563,-563,64,0,0,379,-379,64,0,0,3,-3
6,54,110,4,2,16,far,1,176,0,176,176,168960,129280,70400,70400,176,0,0,561,-558,176,0,0,377,-182,96,0,80,1,2
6,54,110,4,4,1,unchanged,1,16,16,0,0,5760,2432,2432,2496,16,0,0,204,-204,0,0,16,-4,4,0,0,16,-4,4
6,54,110,4,4,1,one_edit,1,64,0,64,64,23040,11264,10240,10176,64,0,0,201,-201,64,0,0,17,-17,64,0,0,1,-1
6,54,110,4,4,1,far,1,176,0,176,176,63360,30520,28160,28512,176,0,0,199,-196,170,6,0,15,0,0,0,176,-1,4
6,54,110,4,4,4,unchanged,1,16,16,0,0,7680,3200,3200,3264,16,0,0,276,-276,0,0,16,-4,4,0,0,16,-4,4
6,54,110,4,4,4,one_edit,1,64,0,64,64,30720,18944,13312,13248,64,0,0,273,-273,64,0,0,89,-89,64,0,0,1,-1
6,54,110,4,4,4,far,1,176,0,176,176,84480,50272,36608,36960,176,0,0,271,-268,176,0,0,87,-36,0,0,176,-1,4
6,54,110,4,4,16,unchanged,1,16,16,0,0,15360,6272,6272,6336,16,0,0,564,-564,0,0,16,-4,4,0,0,16,-4,4
6,54,110,4,4,16,one_edit,1,64,0,64,64,61440,49664,25600,25536,64,0,0,561,-561,64,0,0,377,-377,64,0,0,1,-1
6,54,110,4,4,16,far,1,176,0,176,176,168960,129280,70400,70752,176,0,0,559,-556,176,0,0,375,-180,0,0,176,-1,4
6,54,110,4,8,1,unchanged,1,16,16,0,0,5760,2432,2432,2560,16,0,0,200,-200,0,0,16,-8,8,0,0,16,-8,8
6,54,110,4,8,1,one_edit,1,64,0,64,64,23040,11264,10240,10432,64,0,0,197,-197,64,0,0,13,-13,0,0,64,-3,3
6,54,110,4,8,1,far,1,176,0,176,176,63360,30520,28160,29216,176,0,0,195,-192,138,0,38,11,4,0,0,176,-5,8
6,54,110,4,8,4,unchanged,1,16,16,0,0,7680,3200,3200,3328,16,0,0,272,-272,0,0,16,-8,8,0,0,16,-8,8
6,54,110,4,8,4,one_edit,1,64,0,64,64,30720,18944,13312,13504,64,0,0,269,-269,64,0,0,85,-85,0,0,64,-3,3
6,54,110,4,8,4,far,1,176,0,176,176,84480,50272,36608,37664,176,0,0,267,-264,176,0,0,83,-32,0,0,176,-5,8
6,54,110,4,8,16,unchanged,1,16,16,0,0,15360,6272,6272,6400,16,0,0,560,-560,0,0,16,-8,8,0,0,16,-8,8
6,54,110,4,8,16,one_edit,1,64,0,64,64,61440,49664,25600,25792,64,0,0,557,-557,64,0,0,373,-373,0,0,64,-3,3
6,54,110,4,8,16,far,1,176,0,176,176,168960,129280,70400,71456,176,0,0,555,-552,176,0,0,371,-176,0,0,176,-5,8
6,90,150,0,0,1,unchanged,0,16,16,0,0,414,542,542,542,0,0,16,-8,8,0,16,0,0,0,0,16,0,0,0
6,90,150,0,0,1,one_edit,0,64,48,0,0,1656,2168,2168,2168,0,0,64,-8,8,0,64,0,0,0,0,64,0,0,0
6,90,150,0,0,1,far,0,176,134,0,0,4554,5962,5962,5962,0,0,176,-8,8,0,176,0,0,0,0,176,0,0,0
6,90,150,0,0,4,unchanged,0,16,16,0,0,552,680,680,680,0,0,16,-8,8,0,16,0,0,0,0,16,0,0,0
6,90,150,0,0,4,one_edit,0,64,48,0,0,2208,2720,2720,2720,0,0,64,-8,8,0,64,0,0,0,0,64,0,0,0
6,90,150,0,0,4,far,0,176,134,0,0,6072,7480,7480,7480,0,0,176,-8,8,0,176,0,0,0,0,176,0,0,0
6,90,150,0,0,16,unchanged,0,16,16,0,0,1104,1232,1232,1232,0,0,16,-8,8,0,16,0,0,0,0,16,0,0,0
6,90,150,0,0,16,one_edit,0,64,48,0,0,4416,4928,4928,4928,0,0,64,-8,8,0,64,0,0,0,0,64,0,0,0
6,90,150,0,0,16,far,0,176,134,0,0,12144,13552,13552,13552,0,0,176,-8,8,0,176,0,0,0,0,176,0,0,0
6,90,150,0,2,1,unchanged,0,16,16,0,0,414,542,542,574,0,0,16,-10,10,0,0,16,-2,2,0,0,16,-2,2
6,90,150,0,2,1,one_edit,0,64,48,0,0,1656,2168,2168,2296,0,0,64,-10,10,0,0,64,-2,2,0,0,64,-2,2
6,90,150,0,2,1,far,0,176,134,0,0,4554,5962,5962,6314,0,0,176,-10,10,0,0,176,-2,2,0,0,176,-2,2
6,90,150,0,2,4,unchanged,0,16,16,0,0,552,680,680,712,0,0,16,-10,10,0,0,16,-2,2,0,0,16,-2,2
6,90,150,0,2,4,one_edit,0,64,48,0,0,2208,2720,2720,2848,0,0,64,-10,10,0,0,64,-2,2,0,0,64,-2,2
6,90,150,0,2,4,far,0,176,134,0,0,6072,7480,7480,7832,0,0,176,-10,10,0,0,176,-2,2,0,0,176,-2,2
6,90,150,0,2,16,unchanged,0,16,16,0,0,1104,1232,1232,1264,0,0,16,-10,10,0,0,16,-2,2,0,0,16,-2,2
6,90,150,0,2,16,one_edit,0,64,48,0,0,4416,4928,4928,5056,0,0,64,-10,10,0,0,64,-2,2,0,0,64,-2,2
6,90,150,0,2,16,far,0,176,134,0,0,12144,13552,13552,13904,0,0,176,-10,10,0,0,176,-2,2,0,0,176,-2,2
6,90,150,0,4,1,unchanged,0,16,16,0,0,414,542,542,606,0,0,16,-12,12,0,0,16,-4,4,0,0,16,-4,4
6,90,150,0,4,1,one_edit,0,64,48,0,0,1656,2168,2168,2424,0,0,64,-12,12,0,0,64,-4,4,0,0,64,-4,4
6,90,150,0,4,1,far,0,176,134,0,0,4554,5962,5962,6666,0,0,176,-12,12,0,0,176,-4,4,0,0,176,-4,4
6,90,150,0,4,4,unchanged,0,16,16,0,0,552,680,680,744,0,0,16,-12,12,0,0,16,-4,4,0,0,16,-4,4
6,90,150,0,4,4,one_edit,0,64,48,0,0,2208,2720,2720,2976,0,0,64,-12,12,0,0,64,-4,4,0,0,64,-4,4
6,90,150,0,4,4,far,0,176,134,0,0,6072,7480,7480,8184,0,0,176,-12,12,0,0,176,-4,4,0,0,176,-4,4
6,90,150,0,4,16,unchanged,0,16,16,0,0,1104,1232,1232,1296,0,0,16,-12,12,0,0,16,-4,4,0,0,16,-4,4
6,90,150,0,4,16,one_edit,0,64,48,0,0,4416,4928,4928,5184,0,0,64,-12,12,0,0,64,-4,4,0,0,64,-4,4
6,90,150,0,4,16,far,0,176,134,0,0,12144,13552,13552,14256,0,0,176,-12,12,0,0,176,-4,4,0,0,176,-4,4
6,90,150,0,8,1,unchanged,0,16,16,0,0,414,542,542,670,0,0,16,-16,16,0,0,16,-8,8,0,0,16,-8,8
6,90,150,0,8,1,one_edit,0,64,48,0,0,1656,2168,2168,2680,0,0,64,-16,16,0,0,64,-8,8,0,0,64,-8,8
6,90,150,0,8,1,far,0,176,134,0,0,4554,5962,5962,7370,0,0,176,-16,16,0,0,176,-8,8,0,0,176,-8,8
6,90,150,0,8,4,unchanged,0,16,16,0,0,552,680,680,808,0,0,16,-16,16,0,0,16,-8,8,0,0,16,-8,8
6,90,150,0,8,4,one_edit,0,64,48,0,0,2208,2720,2720,3232,0,0,64,-16,16,0,0,64,-8,8,0,0,64,-8,8
6,90,150,0,8,4,far,0,176,134,0,0,6072,7480,7480,8888,0,0,176,-16,16,0,0,176,-8,8,0,0,176,-8,8
6,90,150,0,8,16,unchanged,0,16,16,0,0,1104,1232,1232,1360,0,0,16,-16,16,0,0,16,-8,8,0,0,16,-8,8
6,90,150,0,8,16,one_edit,0,64,48,0,0,4416,4928,4928,5440,0,0,64,-16,16,0,0,64,-8,8,0,0,64,-8,8
6,90,150,0,8,16,far,0,176,134,0,0,12144,13552,13552,14960,0,0,176,-16,16,0,0,176,-8,8,0,0,176,-8,8
6,90,150,1,0,1,unchanged,0,16,16,0,0,828,866,866,866,10,0,6,1,8,0,16,0,0,0,0,16,0,0,0
6,90,150,1,0,1,one_edit,0,64,48,0,0,3312,3468,3468,3468,36,4,24,1,8,0,64,0,0,0,0,64,0,0,0
6,90,150,1,0,1,far,0,176,134,0,0,9108,9542,9542,9542,94,16,66,1,8,0,176,0,0,0,0,176,0,0,0
6,90,150,1,0,4,unchanged,0,16,16,4,0,1104,1112,1112,1108,10,0,6,4,8,4,12,0,1,0,4,12,0,1,0
6,90,150,1,0,4,one_edit,0,64,48,16,0,4416,4464,4464,4448,36,4,24,4,8,16,48,0,1,0,16,48,0,1,0
6,90,150,1,0,4,far,0,176,134,50,0,12144,12296,12296,12246,94,16,66,4,8,50,126,0,1,0,50,126,0,1,0
6,90,150,1,0,16,unchanged,0,16,16,4,4,2208,2096,2064,2044,14,0,2,16,8,4,12,0,13,0,4,12,0,5,0
6,90,150,1,0,16,one_edit,0,64,48,20,20,8832,8448,8288,8196,56,4,4,16,8,20,44,0,13,0,20,44,0,5,0
6,90,150,1,0,16,far,0,176,134,60,60,24288,23312,22832,22552,154,16,6,16,8,60,116,0,13,0,60,116,0,5,0
6,90,150,1,2,1,unchanged,0,16,16,0,0,828,866,866,898,0,0,16,-1,10,0,0,16,-2,2,0,0,16,-2,2
6,90,150,1,2,1,one_edit,0,64,48,0,0,3312,3468,3468,3596,0,0,64,-1,10,0,0,64,-2,2,0,0,64,-2,2
6,90,150,1,2,1,far,0,176,134,0,0,9108,9542,9542,9894,0,0,176,-1,10,0,0,176,-2,2,0,0,176,-2,2
6,90,150,1,2,4,unchanged,0,16,16,4,0,1104,1112,1112,1140,10,0,6,2,10,0,0,16,-1,2,0,0,16,-1,2
6,90,150,1,2,4,one_edit,0,64,48,16,0,4416,4464,4464,4576,36,0,28,2,10,0,0,64,-1,2,0,0,64,-1,2
6,90,150,1,2,4,far,0,176,134,50,0,12144,12296,12296,12598,94,0,82,2,10,0,0,176,-1,2,0,0,176,-1,2
6,90,150,1,2,16,unchanged,0,16,16,4,4,2208,2096,2064,2076,14,0,2,14,10,4,0,12,11,2,4,0,12,3,2
6,90,150,1,2,16,one_edit,0,64,48,20,20,8832,8448,8288,8324,56,0,8,14,10,20,0,44,11,2,20,0,44,3,2
6,90,150,1,2,16,far,0,176,134,60,60,24288,23312,22832,22904,154,0,22,14,10,60,0,116,11,2,60,0,116,3,2
6,90,150,1,4,1,unchanged,0,16,16,0,0,828,866,866,930,0,0,16,-3,12,0,0,16,-4,4,0,0,16,-4,4
6,90,150,1,4,1,one_edit,0,64,48,0,0,3312,3468,3468,3724,0,0,64,-3,12,0,0,64,-4,4,0,0,64,-4,4
6,90,150,1,4,1,far,0,176,134,0,0,9108,9542,9542,10246,0,0,176,-3,12,0,0,176,-4,4,0,0,176,-4,4
6,90,150,1,4,4,unchanged,0,16,16,4,0,1104,1112,1112,1172,0,10,6,0,12,0,0,16,-3,4,0,0,16,-3,4
6,90,150,1,4,4,one_edit,0,64,48,16,0,4416,4464,4464,4704,0,36,28,0,12,0,0,64,-3,4,0,0,64,-3,4
6,90,150,1,4,4,far,0,176,134,50,0,12144,12296,12296,12950,0,94,82,0,12,0,0,176,-3,4,0,0,176,-3,4
6,90,150,1,4,16,unchanged,0,16,16,4,4,2208,2096,2064,2108,14,0,2,12,12,4,0,12,9,4,4,0,12,1,4
6,90,150,1,4,16,one_edit,0,64,48,20,20,8832,8448,8288,8452,52,0,12,12,12,20,0,44,9,4,16,0,48,1,4
6,90,150,1,4,16,far,0,176,134,60,60,24288,23312,22832,23256,144,0,32,12,12,60,0,116,9,4,50,0,126,1,4
6,90,150,1,8,1,unchanged,0,16,16,0,0,828,866,866,994,0,0,16,-7,16,0,0,16,-8,8,0,0,16,-8,8
6,90,150,1,8,1,one_edit,0,64,48,0,0,3312,3468,3468,3980,0,0,64,-7,16,0,0,64,-8,8,0,0,64,-8,8
6,90,150,1,8,1,far,0,176,134,0,0,9108,9542,9542,10950,0,0,176,-7,16,0,0,176,-8,8,0,0,176,-8,8
6,90,150,1,8,4,unchanged,0,16,16,4,0,1104,1112,1112,1236,0,0,16,-4,16,0,0,16,-7,8,0,0,16,-7,8
6,90,150,1,8,4,one_edit,0,64,48,16,0,4416,4464,4464,4960,0,0,64,-4,16,0,0,64,-7,8,0,0,64,-7,8
6,90,150,1,8,4,far,0,176,134,50,0,12144,12296,12296,13654,0,0,176,-4,16,0,0,176,-7,8,0,0,176,-7,8
6,90,150,1,8,16,unchanged,0,16,16,4,4,2208,2096,2064,2172,10,0,6,8,16,4,0,12,5,8,0,0,16,-3,8
6,90,150,1,8,16,one_edit,0,64,48,20,20,8832,8448,8288,8708,36,0,28,8,16,20,0,44,5,8,0,0,64,-3,8
6,90,150,1,8,16,far,0,176,134,60,60,24288,23312,22832,23960,94,0,82,8,16,60,0,116,5,8,0,0,176,-3,8
6,90,150,2,0,1,unchanged,0,6,6,0,0,432,480,480,480,0,0,6,-8,8,0,6,0,0,0,0,6,0,0,0
6,90,150,2,0,1,one_edit,0,24,12,4,0,1740,1932,1932,1932,0,0,24,-8,8,0,24,0,0,0,0,24,0,0,0
6,90,150,2,0,1,far,0,66,40,10,0,4800,5328,5328,5328,0,0,66,-8,8,0,66,0,0,0,0,66,0,0,0
6,90,150,2,0,1,far,1,110,94,0,0,8862,6820,6820,6820,110,0,0,19,-16,0,110,0,0,0,0,110,0,0,0
6,90,150,2,0,1,one_edit,1,40,36,0,0,3228,2480,2480,2480,40,0,0,19,-16,0,40,0,0,0,0,40,0,0,0
6,90,150,2,0,1,unchanged,1,10,10,0,0,810,620,620,620,10,0,0,19,-19,0,10,0,0,0,0,10,0,0,0
6,90,150,2,0,4,unchanged,0,6,6,4,4,576,624,608,588,4,0,2,1,8,4,2,0,9,0,4,2,0,5,0
6,90,150,2,0,4,one_edit,0,24,12,20,20,2352,2544,2464,2372,16,0,8,1,8,20,4,0,9,0,20,4,0,5,0
6,90,150,2,0,4,far,0,66,40,60,60,6528,7056,6816,6536,50,0,16,1,8,60,6,0,9,0,60,6,0,5,0
6,90,150,2,0,4,far,1,110,94,0,0,11688,8800,8800,8800,110,0,0,28,-16,0,110,0,0,0,0,110,0,0,0
6,90,150,2,0,4,one_edit,1,40,36,0,0,4272,3200,3200,3200,40,0,0,28,-16,0,40,0,0,0,0,40,0,0,0
6,90,150,2,0,4,unchanged,1,10,10,0,0,1080,800,800,800,10,0,0,28,-28,0,10,0,0,0,0,10,0,0,0
6,90,150,2,0,16,unchanged,0,6,6,4,4,1152,1200,1040,1020,4,0,2,37,8,4,2,0,45,0,4,2,0,5,0
6,90,150,2,0,16,one_edit,0,24,12,20,20,4800,4992,4192,4100,20,0,4,37,8,20,4,0,45,0,20,4,0,5,0
6,90,150,2,0,16,far,0,66,40,60,60,13440,13968,11568,11288,60,0,6,37,8,60,6,0,45,0,60,6,0,5,0
6,90,150,2,0,16,far,1,110,94,0,0,22992,16720,16720,16720,110,0,0,64,-16,0,110,0,0,0,0,110,0,0,0
6,90,150,2,0,16,one_edit,1,40,36,0,0,8448,6080,6080,6080,40,0,0,64,-16,0,40,0,0,0,0,40,0,0,0
6,90,150,2,0,16,unchanged,1,10,10,0,0,2160,1520,1520,1520,10,0,0,64,-64,0,10,0,0,0,0,10,0,0,0
6,90,150,2,2,1,unchanged,0,6,6,0,0,432,480,480,492,0,0,6,-10,10,0,0,6,-2,2,0,0,6,-2,2
6,90,150,2,2,1,one_edit,0,24,12,4,0,1740,1932,1932,1980,0,0,24,-10,10,0,0,24,-2,2,0,0,24,-2,2
6,90,150,2,2,1,far,0,66,40,10,0,4800,5328,5328,5460,0,0,66,-10,10,0,0,66,-2,2,0,0,66,-2,2
6,90,150,2,2,1,far,1,110,94,0,0,8862,6820,6820,7040,110,0,0,17,-14,0,0,110,-2,2,0,0,110,-2,2
6,90,150,2,2,1,one_edit,1,40,36,0,0,3228,2480,2480,2560,40,0,0,17,-14,0,0,40,-2,2,0,0,40,-2,2
6,90,150,2,2,1,unchanged,1,10,10,0,0,810,620,620,640,10,0,0,17,-17,0,0,10,-2,2,0,0,10,-2,2
6,90,150,2,2,4,unchanged,0,6,6,4,4,576,624,608,600,0,0,6,-1,10,4,0,2,7,2,4,0,2,3,2
6,90,150,2,2,4,one_edit,0,24,12,20,20,2352,2544,2464,2420,0,0,24,-1,10,20,0,4,7,2,20,0,4,3,2
6,90,150,2,2,4,far,0,66,40,60,60,6528,7056,6816,6668,0,0,66,-1,10,60,0,6,7,2,60,0,6,3,2
6,90,150,2,2,4,far,1,110,94,0,0,11688,8800,8800,9020,110,0,0,26,-14,0,0,110,-2,2,0,0,110,-2,2
6,90,150,2,2,4,one_edit,1,40,36,0,0,4272,3200,3200,3280,40,0,0,26,-14,0,0,40,-2,2,0,0,40,-2,2
6,90,150,2,2,4,unchanged,1,10,10,0,0,1080,800,800,820,10,0,0,26,-26,0,0,10,-2,2,0,0,10,-2,2
6,90,150,2,2,16,unchanged,0,6,6,4,4,1152,1200,1040,1032,4,0,2,35,10,4,0,2,43,2,4,0,2,3,2
6,90,150,2,2,16,one_edit,0,24,12,20,20,4800,4992,4192,4148,20,0,4,35,10,20,0,4,43,2,20,0,4,3,2
6,90,150,2,2,16,far,0,66,40,60,60,13440,13968,11568,11420,60,0,6,35,10,60,0,6,43,2,60,0,6,3,2
6,90,150,2,2,16,far,1,110,94,0,0,22992,16720,16720,16940,110,0,0,62,-14,0,0,110,-2,2,0,0,110,-2,2
6,90,150,2,2,16,one_edit,1,40,36,0,0,8448,6080,6080,6160,40,0,0,62,-14,0,0,40,-2,2,0,0,40,-2,2
6,90,150,2,2,16,unchanged,1,10,10,0,0,2160,1520,1520,1540,10,0,0,62,-62,0,0,10,-2,2,0,0,10,-2,2
6,90,150,2,4,1,unchanged,0,6,6,0,0,432,480,480,504,0,0,6,-12,12,0,0,6,-4,4,0,0,6,-4,4
6,90,150,2,4,1,one_edit,0,24,12,4,0,1740,1932,1932,2028,0,0,24,-12,12,0,0,24,-4,4,0,0,24,-4,4
6,90,150,2,4,1,far,0,66,40,10,0,4800,5328,5328,5592,0,0,66,-12,12,0,0,66,-4,4,0,0,66,-4,4
6,90,150,2,4,1,far,1,110,94,0,0,8862,6820,6820,7260,110,0,0,15,-12,0,0,110,-4,4,0,0,110,-4,4
6,90,150,2,4,1,one_edit,1,40,36,0,0,3228,2480,2480,2640,40,0,0,15,-12,0,0,40,-4,4,0,0,40,-4,4
6,90,150,2,4,1,unchanged,1,10,10,0,0,810,620,620,660,10,0,0,15,-15,0,0,10,-4,4,0,0,10,-4,4
6,90,150,2,4,4,unchanged,0,6,6,4,4,576,624,608,612,0,0,6,-3,12,4,0,2,5,4,4,0,2,1,4
6,90,150,2,4,4,one_edit,0,24,12,20,20,2352,2544,2464,2468,0,0,24,-3,12,20,0,4,5,4,16,0,8,1,4
6,90,150,2,4,4,far,0,66,40,60,60,6528,7056,6816,6800,0,0,66,-3,12,60,0,6,5,4,50,0,16,1,4
6,90,150,2,4,4,far,1,110,94,0,0,11688,8800,8800,9240,110,0,0,24,-12,0,0,110,-4,4,0,0,110,-4,4
6,90,150,2,4,4,one_edit,1,40,36,0,0,4272,3200,3200,3360,40,0,0,24,-12,0,0,40,-4,4,0,0,40,-4,4
6,90,150,2,4,4,unchanged,1,10,10,0,0,1080,800,800,840,10,0,0,24,-24,0,0,10,-4,4,0,0,10,-4,4
6,90,150,2,4,16,unchanged,0,6,6,4,4,1152,1200,1040,1044,4,0,2,33,12,4,0,2,41,4,4,0,2,1,4
6,90,150,2,4,16,one_edit,0,24,12,20,20,4800,4992,4192,4196,20,0,4,33,12,20,0,4,41,4,16,0,8,1,4
6,90,150,2,4,16,far,0,66,40,60,60,13440,13968,11568,11552,60,0,6,33,12,60,0,6,41,4,50,0,16,1,4
6,90,150,2,4,16,far,1,110,94,0,0,22992,16720,16720,17160,110,0,0,60,-12,0,0,110,-4,4,0,0,110,-4,4
6,90,150,2,4,16,one_edit,1,40,36,0,0,8448,6080,6080,6240,40,0,0,60,-12,0,0,40,-4,4,0,0,40,-4,4
6,90,150,2,4,16,unchanged,1,10,10,0,0,2160,1520,1520,1560,10,0,0,60,-60,0,0,10,-4,4,0,0,10,-4,4
6,90,150,2,8,1,unchanged,0,6,6,0,0,432,480,480,528,0,0,6,-16,16,0,0,6,-8,8,0,0,6,-8,8
6,90,150,2,8,1,one_edit,0,24,12,4,0,1740,1932,1932,2124,0,0,24,-16,16,0,0,24,-8,8,0,0,24,-8,8
6,90,150,2,8,1,far,0,66,40,10,0,4800,5328,5328,5856,0,0,66,-16,16,0,0,66,-8,8,0,0,66,-8,8
6,90,150,2,8,1,far,1,110,94,0,0,8862,6820,6820,7700,110,0,0,11,-8,0,0,110,-8,8,0,0,110,-8,8
6,90,150,2,8,1,one_edit,1,40,36,0,0,3228,2480,2480,2800,40,0,0,11,-8,0,0,40,-8,8,0,0,40,-8,8
6,90,150,2,8,1,unchanged,1,10,10,0,0,810,620,620,700,10,0,0,11,-11,0,0,10,-8,8,0,0,10,-8,8
6,90,150,2,8,4,unchanged,0,6,6,4,4,576,624,608,636,0,0,6,-7,16,4,0,2,1,8,0,0,6,-3,8
6,90,150,2,8,4,one_edit,0,24,12,20,20,2352,2544,2464,2564,0,0,24,-7,16,16,0,8,1,8,0,0,24,-3,8
6,90,150,2,8,4,far,0,66,40,60,60,6528,7056,6816,7064,0,0,66,-7,16,50,0,16,1,8,0,0,66,-3,8
6,90,150,2,8,4,far,1,110,94,0,0,11688,8800,8800,9680,110,0,0,20,-8,0,0,110,-8,8,0,0,110,-8,8
6,90,150,2,8,4,one_edit,1,40,36,0,0,4272,3200,3200,3520,40,0,0,20,-8,0,0,40,-8,8,0,0,40,-8,8
6,90,150,2,8,4,unchanged,1,10,10,0,0,1080,800,800,880,10,0,0,20,-20,0,0,10,-8,8,0,0,10,-8,8
6,90,150,2,8,16,unchanged,0,6,6,4,4,1152,1200,1040,1068,4,0,2,29,16,4,0,2,37,8,0,0,6,-3,8
6,90,150,2,8,16,one_edit,0,24,12,20,20,4800,4992,4192,4292,20,0,4,29,16,20,0,4,37,8,0,0,24,-3,8
6,90,150,2,8,16,far,0,66,40,60,60,13440,13968,11568,11816,60,0,6,29,16,60,0,6,37,8,0,0,66,-3,8
6,90,150,2,8,16,far,1,110,94,0,0,22992,16720,16720,17600,110,0,0,56,-8,0,0,110,-8,8,0,0,110,-8,8
6,90,150,2,8,16,one_edit,1,40,36,0,0,8448,6080,6080,6400,40,0,0,56,-8,0,0,40,-8,8,0,0,40,-8,8
6,90,150,2,8,16,unchanged,1,10,10,0,0,2160,1520,1520,1600,10,0,0,56,-56,0,0,10,-8,8,0,0,10,-8,8
6,90,150,4,0,1,unchanged,1,16,16,4,0,2070,1460,1460,1452,16,0,0,55,-10,4,12,0,2,0,4,12,0,2,0
6,90,150,4,0,1,one_edit,1,64,48,20,0,8280,5884,5884,5844,64,0,0,55,-8,20,44,0,2,0,20,44,0,2,0
6,90,150,4,0,1,far,1,176,134,60,0,22770,16204,16204,16084,176,0,0,55,-8,60,116,0,2,0,60,116,0,2,0
6,90,150,4,0,4,unchanged,1,16,16,4,4,2760,1904,1856,1836,16,0,0,76,-16,4,12,0,17,0,4,12,0,5,0
6,90,150,4,0,4,one_edit,1,64,48,28,24,11040,7792,7520,7388,64,0,0,76,-13,28,36,0,23,0,28,36,0,5,0
6,90,150,4,0,4,far,1,176,134,81,71,30360,21520,20720,20396,176,0,0,76,-8,80,96,0,23,0,80,96,0,5,0
6,90,150,4,0,16,unchanged,1,16,16,4,4,5520,3680,3392,3372,16,0,0,160,-40,4,12,0,77,0,4,12,0,5,0
6,90,150,4,0,16,one_edit,1,64,48,28,28,22080,15424,13664,13532,64,0,0,160,-37,28,36,0,107,0,28,36,0,5,0
6,90,150,4,0,16,far,1,176,134,82,82,60720,42784,37616,37292,176,0,0,160,-32,82,94,0,107,0,80,96,0,5,0
6,90,150,4,2,1,unchanged,1,16,16,4,0,2070,1460,1460,1484,16,0,0,53,-8,0,4,12,0,2,0,4,12,0,2
6,90,150,4,2,1,one_edit,1,64,48,20,0,8280,5884,5884,5972,64,0,0,53,-6,0,20,44,0,2,0,20,44,0,2
6,90,150,4,2,1,far,1,176,134,60,0,22770,16204,16204,16436,176,0,0,53,-6,0,60,116,0,2,0,60,116,0,2
6,90,150,4,2,4,unchanged,1,16,16,4,4,2760,1904,1856,1868,16,0,0,74,-14,4,0,12,15,2,4,0,12,3,2
6,90,150,4,2,4,one_edit,1,64,48,28,24,11040,7792,7520,7516,64,0,0,74,-11,28,0,36,21,2,28,0,36,3,2
6,90,150,4,2,4,far,1,176,134,81,71,30360,21520,20720,20748,176,0,0,74,-6,72,0,104,21,2,72,0,104,3,2
6,90,150,4,2,16,unchanged,1,16,16,4,4,5520,3680,3392,3404,16,0,0,158,-38,4,0,12,75,2,4,0,12,3,2
6,90,150,4,2,16,one_edit,1,64,48,28,28,22080,15424,13664,13660,64,0,0,158,-35,28,0,36,105,2,28,0,36,3,2
6,90,150,4,2,16,far,1,176,134,82,82,60720,42784,37616,37644,176,0,0,158,-30,82,0,94,105,2,72,0,104,3,2
6,90,150,4,4,1,unchanged,1,16,16,4,0,2070,1460,1460,1516,16,0,0,51,-6,0,0,16,-2,4,0,0,16,-2,4
6,90,150,4,4,1,one_edit,1,64,48,20,0,8280,5884,5884,6100,64,0,0,51,-4,0,0,64,-2,4,0,0,64,-2,4
6,90,150,4,4,1,far,1,176,134,60,0,22770,16204,16204,16788,176,0,0,51,-4,0,0,176,-2,4,0,0,176,-2,4
6,90,150,4,4,4,unchanged,1,16,16,4,4,2760,1904,1856,1900,16,0,0,72,-12,4,0,12,13,4,4,0,12,1,4
6,90,150,4,4,4,one_edit,1,64,48,28,24,11040,7792,7520,7644,64,0,0,72,-9,28,0,36,19,4,24,0,40,1,4
6,90,150,4,4,4,far,1,176,134,81,71,30360,21520,20720,21100,176,0,0,72,-4,60,0,116,19,4,50,0,126,1,4
6,90,150,4,4,16,unchanged,1,16,16,4,4,5520,3680,3392,3436,16,0,0,156,-36,4,0,12,73,4,4,0,12,1,4
6,90,150,4,4,16,one_edit,1,64,48,28,28,22080,15424,13664,13788,64,0,0,156,-33,28,0,36,103,4,24,0,40,1,4
6,90,150,4,4,16,far,1,176,134,82,82,60720,42784,37616,37996,176,0,0,156,-28,82,0,94,103,4,50,0,126,1,4
6,90,150,4,8,1,unchanged,1,16,16,4,0,2070,1460,1460,1580,16,0,0,47,-2,0,0,16,-6,8,0,0,16,-6,8
6,90,150,4,8,1,one_edit,1,64,48,20,0,8280,5884,5884,6356,60,4,0,47,0,0,0,64,-6,8,0,0,64,-6,8
6,90,150,4,8,1,far,1,176,134,60,0,22770,16204,16204,17492,170,6,0,47,0,0,0,176,-6,8,0,0,176,-6,8
6,90,150,4,8,4,unchanged,1,16,16,4,4,2760,1904,1856,1964,16,0,0,68,-8,4,0,12,9,8,0,0,16,-3,8
6,90,150,4,8,4,one_edit,1,64,48,28,24,11040,7792,7520,7900,64,0,0,68,-5,20,0,44,15,8,0,0,64,-3,8
6,90,150,4,8,4,far,1,176,134,81,71,30360,21520,20720,21804,174,2,0,68,0,60,0,116,15,8,0,0,176,-3,8
6,90,150,4,8,16,unchanged,1,16,16,4,4,5520,3680,3392,3500,16,0,0,152,-32,4,0,12,69,8,0,0,16,-3,8
6,90,150,4,8,16,one_edit,1,64,48,28,28,22080,15424,13664,14044,64,0,0,152,-29,28,0,36,99,8,0,0,64,-3,8
6,90,150,4,8,16,far,1,176,134,82,82,60720,42784,37616,38700,176,0,0,152,-24,82,0,94,99,8,0,0,176,-3,8
6,110,184,0,0,1,unchanged,0,16,16,0,0,1071,1199,1199,1199,0,0,16,-8,8,0,16,0,0,0,0,16,0,0,0
6,110,184,0,0,1,one_edit,0,64,0,0,0,4284,4796,4796,4796,0,0,64,-8,8,0,64,0,0,0,0,64,0,0,0
6,110,184,0,0,1,far,0,176,2,0,0,11781,13189,13189,13189,0,0,176,-8,8,0,176,0,0,0,0,176,0,0,0
6,110,184,0,0,4,unchanged,0,16,16,0,0,1428,1556,1556,1556,0,0,16,-8,8,0,16,0,0,0,0,16,0,0,0
6,110,184,0,0,4,one_edit,0,64,0,0,0,5712,6224,6224,6224,0,0,64,-8,8,0,64,0,0,0,0,64,0,0,0
6,110,184,0,0,4,far,0,176,2,0,0,15708,17116,17116,17116,0,0,176,-8,8,0,176,0,0,0,0,176,0,0,0
6,110,184,0,0,16,unchanged,0,16,16,0,0,2856,2984,2984,2984,0,0,16,-8,8,0,16,0,0,0,0,16,0,0,0
6,110,184,0,0,16,one_edit,0,64,0,0,0,11424,11936,11936,11936,0,0,64,-8,8,0,64,0,0,0,0,64,0,0,0
6,110,184,0,0,16,far,0,176,2,0,0,31416,32824,32824,32824,0,0,176,-8,8,0,176,0,0,0,0,176,0,0,0
6,110,184,0,2,1,unchanged,0,16,16,0,0,1071,1199,1199,1231,0,0,16,-10,10,0,0,16,-2,2,0,0,16,-2,2
6,110,184,0,2,1,one_edit,0,64,0,0,0,4284,4796,4796,4924,0,0,64,-10,10,0,0,64,-2,2,0,0,64,-2,2
6,110,184,0,2,1,far,0,176,2,0,0,11781,13189,13189,13541,0,0,176,-10,10,0,0,176,-2,2,0,0,176,-2,2
6,110,184,0,2,4,unchanged,0,16,16,0,0,1428,1556,1556,1588,0,0,16,-10,10,0,0,16,-2,2,0,0,16,-2,2
6,110,184,0,2,4,one_edit,0,64,0,0,0,5712,6224,6224,6352,0,0,64,-10,10,0,0,64,-2,2,0,0,64,-2,2
6,110,184,0,2,4,far,0,176,2,0,0,15708,17116,17116,17468,0,0,176,-10,10,0,0,176,-2,2,0,0,176,-2,2
6,110,184,0,2,16,unchanged,0,16,16,0,0,2856,2984,2984,3016,0,0,16,-10,10,0,0,16,-2,2,0,0,16,-2,2
6,110,184,0,2,16,one_edit,0,64,0,0,0,11424,11936,11936,12064,0,0,64,-10,10,0,0,64,-2,2,0,0,64,-2,2
6,110,184,0,2,16,far,0,176,2,0,0,31416,32824,32824,33176,0,0,176,-10,10,0,0,176,-2,2,0,0,176,-2,2
6,110,184,0,4,1,unchanged,0,16,16,0,0,1071,1199,1199,1263,0,0,16,-12,12,0,0,16,-4,4,0,0,16,-4,4
6,110,184,0,4,1,one_edit,0,64,0,0,0,4284,4796,4796,5052,0,0,64,-12,12,0,0,64,-4,4,0,0,64,-4,4
6,110,184,0,4,1,far,0,176,2,0,0,11781,13189,13189,13893,0,0,176,-12,12,0,0,176,-4,4,0,0,176,-4,4
6,110,184,0,4,4,unchanged,0,16,16,0,0,1428,1556,1556,1620,0,0,16,-12,12,0,0,16,-4,4,0,0,16,-4,4
6,110,184,0,4,4,one_edit,0,64,0,0,0,5712,6224,6224,6480,0,0,64,-12,12,0,0,64,-4,4,0,0,64,-4,4
6,110,184,0,4,4,far,0,176,2,0,0,15708,17116,17116,17820,0,0,176,-12,12,0,0,176,-4,4,0,0,176,-4,4
6,110,184,0,4,16,unchanged,0,16,16,0,0,2856,2984,2984,3048,0,0,16,-12,12,0,0,16,-4,4,0,0,16,-4,4
6,110,184,0,4,16,one_edit,0,64,0,0,0,11424,11936,11936,12192,0,0,64,-12,12,0,0,64,-4,4,0,0,64,-4,4
6,110,184,0,4,16,far,0,176,2,0,0,31416,32824,32824,33528,0,0,176,-12,12,0,0,176,-4,4,0,0,176,-4,4
6,110,184,0,8,1,unchanged,0,16,16,0,0,1071,1199,1199,1327,0,0,16,-16,16,0,0,16,-8,8,0,0,16,-8,8
6,110,184,0,8,1,one_edit,0,64,0,0,0,4284,4796,4796,5308,0,0,64,-16,16,0,0,64,-8,8,0,0,64,-8,8
6,110,184,0,8,1,far,0,176,2,0,0,11781,13189,13189,14597,0,0,176,-16,16,0,0,176,-8,8,0,0,176,-8,8
6,110,184,0,8,4,unchanged,0,16,16,0,0,1428,1556,1556,1684,0,0,16,-16,16,0,0,16,-8,8,0,0,16,-8,8
6,110,184,0,8,4,one_edit,0,64,0,0,0,5712,6224,6224,6736,0,0,64,-16,16,0,0,64,-8,8,0,0,64,-8,8
6,110,184,0,8,4,far,0,176,2,0,0,15708,17116,17116,18524,0,0,176,-16,16,0,0,176,-8,8,0,0,176,-8,8
6,110,184,0,8,16,unchanged,0,16,16,0,0,2856,2984,2984,3112,0,0,16,-16,16,0,0,16,-8,8,0,0,16,-8,8
6,110,184,0,8,16,one_edit,0,64,0,0,0,11424,11936,11936,12448,0,0,64,-16,16,0,0,64,-8,8,0,0,64,-8,8
6,110,184,0,8,16,far,0,176,2,0,0,31416,32824,32824,34232,0,0,176,-16,16,0,0,176,-8,8,0,0,176,-8,8
6,110,184,1,0,1,unchanged,1,15,15,0,0,2106,1470,1470,1470,15,0,0,46,-28,0,15,0,0,0,0,15,0,0,0
6,110,184,1,0,1,one_edit,1,60,0,52,0,8376,6156,6156,6022,60,0,0,43,-27,48,12,0,3,0,48,12,0,3,0
6,110,184,1,0,1,far,1,165,2,66,0,23040,16840,16840,16797,165,0,0,43,-24,43,122,0,1,0,43,122,0,1,0
6,110,184,1,0,1,far,0,11,0,3,0,522,610,610,607,0,0,11,-7,8,3,8,0,1,0,3,8,0,1,0
6,110,184,1,0,1,one_edit,0,4,0,4,0,192,224,224,212,0,0,4,-5,5,4,0,0,3,-3,4,0,0,3,-3
6,110,184,1,0,1,unchanged,0,1,1,0,0,36,44,44,44,0,0,1,-8,8,0,1,0,0,0,0,1,0,0,0
6,110,184,1,0,4,unchanged,1,15,15,0,0,2808,1920,1920,1920,15,0,0,64,-40,0,15,0,0,0,0,15,0,0,0
6,110,184,1,0,4,one_edit,1,60,0,56,55,11040,8784,8028,7752,60,0,0,61,-40,56,4,0,21,0,56,4,0,5,0
6,110,184,1,0,4,far,1,165,2,146,146,30384,23800,22048,21737,165,0,0,59,-24,146,19,0,19,0,135,30,0,5,0
6,110,184,1,0,4,far,0,11,0,11,11,1032,1120,968,946,11,0,0,11,-3,11,0,0,19,-11,10,1,0,3,0
6,110,184,1,0,4,one_edit,0,4,0,4,4,384,416,352,332,4,0,0,13,-13,4,0,0,21,-21,4,0,0,5,-5
6,110,184,1,0,4,unchanged,0,1,1,0,0,48,56,56,56,0,0,1,-8,8,0,1,0,0,0,0,1,0,0,0
6,110,184,1,0,16,unchanged,1,15,15,0,0,5616,3720,3720,3720,15,0,0,136,-88,0,15,0,0,0,0,15,0,0,0
6,110,184,1,0,16,one_edit,1,60,0,56,56,21696,19296,14944,14664,60,0,0,133,-40,56,4,0,93,0,56,4,0,5,0
6,110,184,1,0,16,far,1,165,2,152,152,59760,51640,41080,40756,165,0,0,131,-24,152,13,0,91,0,140,25,0,5,0
6,110,184,1,0,16,far,0,11,0,11,11,3072,3160,2288,2266,11,0,0,83,-51,11,0,0,91,-59,10,1,0,3,0
6,110,184,1,0,16,one_edit,0,4,0,4,4,1152,1184,832,812,4,0,0,85,-85,4,0,0,93,-93,4,0,0,5,-5
6,110,184,1,0,16,unchanged,0,1,1,0,0,96,104,104,104,0,0,1,-8,8,0,1,0,0,0,0,1,0,0,0
6,110,184,1,2,1,unchanged,1,15,15,0,0,2106,1470,1470,1500,15,0,0,44,-26,0,0,15,-2,2,0,0,15,-2,2
6,110,184,1,2,1,one_edit,1,60,0,52,0,8376,6156,6156,6142,60,0,0,41,-25,43,0,17,1,2,43,0,17,1,2
6,110,184,1,2,1,far,1,165,2,66,0,23040,16840,16840,17127,165,0,0,41,-22,0,0,165,-1,2,0,0,165,-1,2
6,110,184,1,2,1,far,0,11,0,3,0,522,610,610,629,0,0,11,-9,10,0,0,11,-1,2,0,0,11,-1,2
6,110,184,1,2,1,one_edit,0,4,0,4,0,192,224,224,220,0,0,4,-7,7,4,0,0,1,-1,4,0,0,1,-1
6,110,184,1,2,1,unchanged,0,1,1,0,0,36,44,44,46,0,0,1,-10,10,0,0,1,-2,2,0,0,1,-2,2
6,110,184,1,2,4,unchanged,1,15,15,0,0,2808,1920,1920,1950,15,0,0,62,-38,0,0,15,-2,2,0,0,15,-2,2
6,110,184,1,2,4,one_edit,1,60,0,56,55,11040,8784,8028,7872,60,0,0,59,-38,55,0,5,19,2,55,0,5,3,2
6,110,184,1,2,4,far,1,165,2,146,146,30384,23800,22048,22067,165,0,0,57,-22,146,0,19,17,2,84,0,81,3,2
6,110,184,1,2,4,far,0,11,0,11,11,1032,1120,968,968,11,0,0,9,-1,11,0,0,17,-9,6,0,5,1,2
6,110,184,1,2,4,one_edit,0,4,0,4,4,384,416,352,340,4,0,0,11,-11,4,0,0,19,-19,4,0,0,3,-3
6,110,184,1,2,4,unchanged,0,1,1,0,0,48,56,56,58,0,0,1,-10,10,0,0,1,-2,2,0,0,1,-2,2
6,110,184,1,2,16,unchanged,1,15,15,0,0,5616,3720,3720,3750,15,0,0,134,-86,0,0,15,-2,2,0,0,15,-2,2
6,110,184,1,2,16,one_edit,1,60,0,56,56,21696,19296,14944,14784,60,0,0,131,-38,56,0,4,91,2,56,0,4,3,2
6,110,184,1,2,16,far,1,165,2,152,152,59760,51640,41080,41086,165,0,0,129,-22,152,0,13,89,2,88,0,77,3,2
6,110,184,1,2,16,far,0,11,0,11,11,3072,3160,2288,2288,11,0,0,81,-49,11,0,0,89,-57,6,0,5,1,2
6,110,184,1,2,16,one_edit,0,4,0,4,4,1152,1184,832,820,4,0,0,83,-83,4,0,0,91,-91,4,0,0,3,-3
6,110,184,1,2,16,unchanged,0,1,1,0,0,96,104,104,106,0,0,1,-10,10,0,0,1,-2,2,0,0,1,-2,2
6,110,184,1,4,1,unchanged,1,15,15,0,0,2106,1470,1470,1530,15,0,0,42,-24,0,0,15,-4,4,0,0,15,-4,4
6,110,184,1,4,1,one_edit,1,60,0,52,0,8376,6156,6156,6262,60,0,0,39,-23,0,0,60,-1,4,0,0,60,-1,4
6,110,184,1,4,1,far,1,165,2,66,0,23040,16840,16840,17457,165,0,0,39,-20,0,0,165,-3,4,0,0,165,-3,4
6,110,184,1,4,1,far,0,11,0,3,0,522,610,610,651,0,0,11,-11,12,0,0,11,-3,4,0,0,11,-3,4
6,110,184,1,4,1,one_edit,0,4,0,4,0,192,224,224,228,0,0,4,-9,9,0,0,4,-1,1,0,0,4,-1,1
6,110,184,1,4,1,unchanged,0,1,1,0,0,36,44,44,48,0,0,1,-12,12,0,0,1,-4,4,0,0,1,-4,4
6,110,184,1,4,4,unchanged,1,15,15,0,0,2808,1920,1920,1980,15,0,0,60,-36,0,0,15,-4,4,0,0,15,-4,4
6,110,184,1,4,4,one_edit,1,60,0,56,55,11040,8784,8028,7992,60,0,0,57,-36,55,0,5,17,4,55,0,5,1,4
6,110,184,1,4,4,far,1,165,2,146,146,30384,23800,22048,22397,165,0,0,55,-20,143,3,19,15,4,4,0,161,1,4
6,110,184,1,4,4,far,0,11,0,11,11,1032,1120,968,990,8,0,3,7,1,11,0,0,15,-7,0,0,11,-1,4
6,110,184,1,4,4,one_edit,0,4,0,4,4,384,416,352,348,4,0,0,9,-9,4,0,0,17,-17,4,0,0,1,-1
6,110,184,1,4,4,unchanged,0,1,1,0,0,48,56,56,60,0,0,1,-12,12,0,0,1,-4,4,0,0,1,-4,4
6,110,184,1,4,16,unchanged,1,15,15,0,0,5616,3720,3720,3780,15,0,0,132,-84,0,0,15,-4,4,0,0,15,-4,4
6,110,184,1,4,16,one_edit,1,60,0,56,56,21696,19296,14944,14904,60,0,0,129,-36,56,0,4,89,4,56,0,4,1,4
6,110,184,1,4,16,far,1,165,2,152,152,59760,51640,41080,41416,165,0,0,127,-20,152,0,13,87,4,4,0,161,1,4
6,110,184,1,4,16,far,0,11,0,11,11,3072,3160,2288,2310,11,0,0,79,-47,11,0,0,87,-55,0,0,11,-1,4
6,110,184,1,4,16,one_edit,0,4,0,4,4,1152,1184,832,828,4,0,0,81,-81,4,0,0,89,-89,4,0,0,1,-1
6,110,184,1,4,16,unchanged,0,1,1,0,0,96,104,104,108,0,0,1,-12,12,0,0,1,-4,4,0,0,1,-4,4
6,110,184,1,8,1,unchanged,1,15,15,0,0,2106,1470,1470,1590,15,0,0,38,-20,0,0,15,-8,8,0,0,15,-8,8
6,110,184,1,8,1,one_edit,1,60,0,52,0,8376,6156,6156,6502,60,0,0,35,-19,0,0,60,-5,8,0,0,60,-5,8
6,110,184,1,8,1,far,1,165,2,66,0,23040,16840,16840,18117,165,0,0,35,-16,0,0,165,-7,8,0,0,165,-7,8
6,110,184,1,8,1,far,0,11,0,3,0,522,610,610,695,0,0,11,-15,16,0,0,11,-7,8,0,0,11,-7,8
6,110,184,1,8,1,one_edit,0,4,0,4,0,192,224,224,244,0,0,4,-13,13,0,0,4,-5,5,0,0,4,-5,5
6,110,184,1,8,1,unchanged,0,1,1,0,0,36,44,44,52,0,0,1,-16,16,0,0,1,-8,8,0,0,1,-8,8
6,110,184,1,8,4,unchanged,1,15,15,0,0,2808,1920,1920,2040,15,0,0,56,-32,0,0,15,-8,8,0,0,15,-8,8
6,110,184,1,8,4,one_edit,1,60,0,56,55,11040,8784,8028,8232,60,0,0,53,-32,55,0,5,13,8,0,0,60,-3,8
6,110,184,1,8,4,far,1,165,2,146,146,30384,23800,22048,23057,165,0,0,51,-16,110,0,55,11,8,0,0,165,-3,8
6,110,184,1,8,4,far,0,11,0,11,11,1032,1120,968,1034,7,1,3,3,5,11,0,0,11,-3,0,0,11,-5,8
6,110,184,1,8,4,one_edit,0,4,0,4,4,384,416,352,364,4,0,0,5,-5,4,0,0,13,-13,0,0,4,-3,3
6,110,184,1,8,4,unchanged,0,1,1,0,0,48,56,56,64,0,0,1,-16,16,0,0,1,-8,8,0,0,1,-8,8
6,110,184,1,8,16,unchanged,1,15,15,0,0,5616,3720,3720,3840,15,0,0,128,-80,0,0,15,-8,8,0,0,15,-8,8
6,110,184,1,8,16,one_edit,1,60,0,56,56,21696,19296,14944,15144,60,0,0,125,-32,56,0,4,85,8,0,0,60,-3,8
6,110,184,1,8,16,far,1,165,2,152,152,59760,51640,41080,42076,165,0,0,123,-16,151,1,13,83,8,0,0,165,-3,8
6,110,184,1,8,16,far,0,11,0,11,11,3072,3160,2288,2354,11,0,0,75,-43,11,0,0,83,-51,0,0,11,-5,8
6,110,184,1,8,16,one_edit,0,4,0,4,4,1152,1184,832,844,4,0,0,77,-77,4,0,0,85,-85,0,0,4,-3,3
6,110,184,1,8,16,unchanged,0,1,1,0,0,96,104,104,112,0,0,1,-16,16,0,0,1,-8,8,0,0,1,-8,8
6,110,184,2,0,1,unchanged,1,15,15,0,0,3159,1740,1740,1740,15,0,0,100,-73,0,15,0,0,0,0,15,0,0,0
6,110,184,2,0,1,one_edit,1,60,0,55,48,12564,7542,7365,7104,60,0,0,97,-73,55,5,0,9,0,55,5,0,5,0
6,110,184,2,0,1,far,1,165,2,142,108,34560,20568,20184,19935,165,0,0,95,-64,140,25,0,7,0,132,33,0,5,0
6,110,184,2,0,1,far,0,11,0,11,11,783,871,836,814,0,0,11,-1,4,11,0,0,7,-4,10,1,0,3,0
6,110,184,2,0,1,one_edit,0,4,0,4,4,288,320,304,284,4,0,0,1,-1,4,0,0,9,-9,4,0,0,5,-5
6,110,184,2,0,1,unchanged,0,1,1,0,0,54,62,62,62,0,0,1,-8,8,0,1,0,0,0,0,1,0,0,0
6,110,184,2,0,4,unchanged,1,15,15,0,0,4212,2280,2280,2280,15,0,0,136,-100,0,15,0,0,0,0,15,0,0,0
6,110,184,2,0,4,one_edit,1,60,0,56,56,16560,11448,9472,9192,60,0,0,133,-88,56,4,0,45,0,56,4,0,5,0
6,110,184,2,0,4,far,1,165,2,152,152,45576,30792,26032,25708,165,0,0,131,-64,152,13,0,43,0,140,25,0,5,0
6,110,184,2,0,4,far,0,11,0,11,11,1548,1636,1232,1210,11,0,0,35,-23,11,0,0,43,-31,10,1,0,3,0
6,110,184,2,0,4,one_edit,0,4,0,4,4,576,608,448,428,4,0,0,37,-37,4,0,0,45,-45,4,0,0,5,-5
6,110,184,2,0,4,unchanged,0,1,1,0,0,72,80,80,80,0,0,1,-8,8,0,1,0,0,0,0,1,0,0,0
6,110,184,2,0,16,unchanged,1,15,15,0,0,8424,4440,4440,4440,15,0,0,280,-208,0,15,0,0,0,0,15,0,0,0
6,110,184,2,0,16,one_edit,1,60,0,56,56,32544,27072,17824,17544,60,0,0,277,-88,56,4,0,189,0,56,4,0,5,0
6,110,184,2,0,16,far,1,165,2,152,152,89640,71688,49000,48676,165,0,0,275,-64,152,13,0,187,0,140,25,0,5,0
6,110,184,2,0,16,far,0,11,0,11,11,4608,4696,2816,2794,11,0,0,179,-131,11,0,0,187,-139,10,1,0,3,0
6,110,184,2,0,16,one_edit,0,4,0,4,4,1728,1760,1024,1004,4,0,0,181,-181,4,0,0,189,-189,4,0,0,5,-5
6,110,184,2,0,16,unchanged,0,1,1,0,0,144,152,152,152,0,0,1,-8,8,0,1,0,0,0,0,1,0,0,0
6,110,184,2,2,1,unchanged,1,15,15,0,0,3159,1740,1740,1770,15,0,0,98,-71,0,0,15,-2,2,0,0,15,-2,2
6,110,184,2,2,1,one_edit,1,60,0,55,48,12564,7542,7365,7224,60,0,0,95,-71,55,0,5,7,2,55,0,5,3,2
6,110,184,2,2,1,far,1,165,2,142,108,34560,20568,20184,20265,165,0,0,93,-62,110,0,55,5,2,54,5,106,3,2
6,110,184,2,2,1,far,0,11,0,11,11,783,871,836,836,0,0,11,-3,6,11,0,0,5,-2,6,0,5,1,2
6,110,184,2,2,1,one_edit,0,4,0,4,4,288,320,304,292,0,0,4,-1,1,4,0,0,7,-7,4,0,0,3,-3
6,110,184,2,2,1,unchanged,0,1,1,0,0,54,62,62,64,0,0,1,-10,10,0,0,1,-2,2,0,0,1,-2,2
6,110,184,2,2,4,unchanged,1,15,15,0,0,4212,2280,2280,2310,15,0,0,134,-98,0,0,15,-2,2,0,0,15,-2,2
6,110,184,2,2,4,one_edit,1,60,0,56,56,16560,11448,9472,9312,60,0,0,131,-86,56,0,4,43,2,56,0,4,3,2
6,110,184,2,2,4,far,1,165,2,152,152,45576,30792,26032,26038,165,0,0,129,-62,152,0,13,41,2,88,0,77,3,2
6,110,184,2,2,4,far,0,11,0,11,11,1548,1636,1232,1232,11,0,0,33,-21,11,0,0,41,-29,6,0,5,1,2
6,110,184,2,2,4,one_edit,0,4,0,4,4,576,608,448,436,4,0,0,35,-35,4,0,0,43,-43,4,0,0,3,-3
6,110,184,2,2,4,unchanged,0,1,1,0,0,72,80,80,82,0,0,1,-10,10,0,0,1,-2,2,0,0,1,-2,2
6,110,184,2,2,16,unchanged,1,15,15,0,0,8424,4440,4440,4470,15,0,0,278,-206,0,0,15,-2,2,0,0,15,-2,2
6,110,184,2,2,16,one_edit,1,60,0,56,56,32544,27072,17824,17664,60,0,0,275,-86,56,0,4,187,2,56,0,4,3,2
6,110,184,2,2,16,far,1,165,2,152,152,89640,71688,49000,49006,165,0,0,273,-62,152,0,13,185,2,88,0,77,3,2
6,110,184,2,2,16,far,0,11,0,11,11,4608,4696,2816,2816,11,0,0,177,-129,11,0,0,185,-137,6,0,5,1,2
6,110,184,2,2,16,one_edit,0,4,0,4,4,1728,1760,1024,1012,4,0,0,179,-179,4,0,0,187,-187,4,0,0,3,-3
6,110,184,2,2,16,unchanged,0,1,1,0,0,144,152,152,154,0,0,1,-10,10,0,0,1,-2,2,0,0,1,-2,2
6,110,184,2,4,1,unchanged,1,15,15,0,0,3159,1740,1740,1800,15,0,0,96,-69,0,0,15,-4,4,0,0,15,-4,4
6,110,184,2,4,1,one_edit,1,60,0,55,48,12564,7542,7365,7344,60,0,0,93,-69,48,0,12,5,4,48,0,12,1,4
6,110,184,2,4,1,far,1,165,2,142,108,34560,20568,20184,20595,165,0,0,91,-60,86,17,62,3,4,2,0,163,1,4
6,110,184,2,4,1,far,0,11,0,11,11,783,871,836,858,0,0,11,-5,8,7,4,0,3,0,0,0,11,-1,4
6,110,184,2,4,1,one_edit,0,4,0,4,4,288,320,304,300,0,0,4,-3,3,4,0,0,5,-5,4,0,0,1,-1
6,110,184,2,4,1,unchanged,0,1,1,0,0,54,62,62,66,0,0,1,-12,12,0,0,1,-4,4,0,0,1,-4,4
6,110,184,2,4,4,unchanged,1,15,15,0,0,4212,2280,2280,2340,15,0,0,132,-96,0,0,15,-4,4,0,0,15,-4,4
6,110,184,2,4,4,one_edit,1,60,0,56,56,16560,11448,9472,9432,60,0,0,129,-84,56,0,4,41,4,56,0,4,1,4
6,110,184,2,4,4,far,1,165,2,152,152,45576,30792,26032,26368,165,0,0,127,-60,151,1,13,39,4,4,0,161,1,4
6,110,184,2,4,4,far,0,11,0,11,11,1548,1636,1232,1254,11,0,0,31,-19,11,0,0,39,-27,0,0,11,-1,4
6,110,184,2,4,4,one_edit,0,4,0,4,4,576,608,448,444,4,0,0,33,-33,4,0,0,41,-41,4,0,0,1,-1
6,110,184,2,4,4,unchanged,0,1,1,0,0,72,80,80,84,0,0,1,-12,12,0,0,1,-4,4,0,0,1,-4,4
6,110,184,2,4,16,unchanged,1,15,15,0,0,8424,4440,4440,4500,15,0,0,276,-204,0,0,15,-4,4,0,0,15,-4,4
6,110,184,2,4,16,one_edit,1,60,0,56,56,32544,27072,17824,17784,60,0,0,273,-84,56,0,4,185,4,56,0,4,1,4
6,110,184,2,4,16,far,1,165,2,152,152,89640,71688,49000,49336,165,0,0,271,-60,152,0,13,183,4,4,0,161,1,4
6,110,184,2,4,16,far,0,11,0,11,11,4608,4696,2816,2838,11,0,0,175,-127,11,0,0,183,-135,0,0,11,-1,4
6,110,184,2,4,16,one_edit,0,4,0,4,4,1728,1760,1024,1020,4,0,0,177,-177,4,0,0,185,-185,4,0,0,1,-1
6,110,184,2,4,16,unchanged,0,1,1,0,0,144,152,152,156,0,0,1,-12,12,0,0,1,-4,4,0,0,1,-4,4
6,110,184,2,8,1,unchanged,1,15,15,0,0,3159,1740,1740,1860,15,0,0,92,-65,0,0,15,-8,8,0,0,15,-8,8
6,110,184,2,8,1,one_edit,1,60,0,55,48,12564,7542,7365,7584,60,0,0,89,-65,43,0,17,1,8,0,0,60,-3,8
6,110,184,2,8,1,far,1,165,2,142,108,34560,20568,20184,21255,165,0,0,87,-56,0,0,165,-1,8,0,0,165,-3,8
6,110,184,2,8,1,far,0,11,0,11,11,783,871,836,902,0,0,11,-9,12,0,0,11,-1,4,0,0,11,-5,8
6,110,184,2,8,1,one_edit,0,4,0,4,4,288,320,304,316,0,0,4,-7,7,4,0,0,1,-1,0,0,4,-3,3
6,110,184,2,8,1,unchanged,0,1,1,0,0,54,62,62,70,0,0,1,-16,16,0,0,1,-8,8,0,0,1,-8,8
6,110,184,2,8,4,unchanged,1,15,15,0,0,4212,2280,2280,2400,15,0,0,128,-92,0,0,15,-8,8,0,0,15,-8,8
6,110,184,2,8,4,one_edit,1,60,0,56,56,16560,11448,9472,9672,60,0,0,125,-80,56,0,4,37,8,0,0,60,-3,8
6,110,184,2,8,4,far,1,165,2,152,152,45576,30792,26032,27028,165,0,0,123,-56,146,0,19,35,8,0,0,165,-3,8
6,110,184,2,8,4,far,0,11,0,11,11,1548,1636,1232,1298,11,0,0,27,-15,11,0,0,35,-23,0,0,11,-5,8
6,110,184,2,8,4,one_edit,0,4,0,4,4,576,608,448,460,4,0,0,29,-29,4,0,0,37,-37,0,0,4,-3,3
6,110,184,2,8,4,unchanged,0,1,1,0,0,72,80,80,88,0,0,1,-16,16,0,0,1,-8,8,0,0,1,-8,8
6,110,184,2,8,16,unchanged,1,15,15,0,0,8424,4440,4440,4560,15,0,0,272,-200,0,0,15,-8,8,0,0,15,-8,8
6,110,184,2,8,16,one_edit,1,60,0,56,56,32544,27072,17824,18024,60,0,0,269,-80,56,0,4,181,8,0,0,60,-3,8
6,110,184,2,8,16,far,1,165,2,152,152,89640,71688,49000,49996,165,0,0,267,-56,152,0,13,179,8,0,0,165,-3,8
6,110,184,2,8,16,far,0,11,0,11,11,4608,4696,2816,2882,11,0,0,171,-123,11,0,0,179,-131,0,0,11,-5,8
6,110,184,2,8,16,one_edit,0,4,0,4,4,1728,1760,1024,1036,4,0,0,173,-173,4,0,0,181,-181,0,0,4,-3,3
6,110,184,2,8,16,unchanged,0,1,1,0,0,144,152,152,160,0,0,1,-16,16,0,0,1,-8,8,0,0,1,-8,8
6,110,184,4,0,1,unchanged,1,15,15,0,0,5265,2280,2280,2280,15,0,0,208,-163,0,15,0,0,0,0,15,0,0,0
6,110,184,4,0,1,one_edit,1,60,0,56,55,20940,10314,9543,9264,60,0,0,205,-165,56,4,0,21,0,56,4,0,5,0
6,110,184,4,0,1,far,1,165,2,151,146,57600,28024,26224,25905,165,0,0,203,-144,150,15,0,19,0,139,26,0,5,0
6,110,184,4,0,1,far,0,11,0,11,11,1305,1393,1232,1210,11,0,0,11,-6,11,0,0,19,-14,10,1,0,3,0
6,110,184,4,0,1,one_edit,0,4,0,4,4,480,512,448,428,4,0,0,13,-13,4,0,0,21,-21,4,0,0,5,-5
6,110,184,4,0,1,unchanged,0,1,1,0,0,90,98,98,98,0,0,1,-8,8,0,1,0,0,0,0,1,0,0,0
6,110,184,4,0,4,unchanged,1,15,15,0,0,7020,3000,3000,3000,15,0,0,280,-220,0,15,0,0,0,0,15,0,0,0
6,110,184,4,0,4,one_edit,1,60,0,56,56,27600,16776,12352,12072,60,0,0,277,-184,56,4,0,93,0,56,4,0,5,0
6,110,184,4,0,4,far,1,165,2,152,152,75960,44776,33952,33628,165,0,0,275,-144,152,13,0,91,0,140,25,0,5,0
6,110,184,4,0,4,far,0,11,0,11,11,2580,2668,1760,1738,11,0,0,83,-63,11,0,0,91,-71,10,1,0,3,0
6,110,184,4,0,4,one_edit,0,4,0,4,4,960,992,640,620,4,0,0,85,-85,4,0,0,93,-93,4,0,0,5,-5
6,110,184,4,0,4,unchanged,0,1,1,0,0,120,128,128,128,0,0,1,-8,8,0,1,0,0,0,0,1,0,0,0
6,110,184,4,0,16,unchanged,1,15,15,0,0,14040,5880,5880,5880,15,0,0,568,-448,0,15,0,0,0,0,15,0,0,0
6,110,184,4,0,16,one_edit,1,60,0,56,56,54240,42624,23584,23304,60,0,0,565,-184,56,4,0,381,0,56,4,0,5,0
6,110,184,4,0,16,far,1,165,2,152,152,149400,111784,64840,64516,165,0,0,563,-144,152,13,0,379,0,140,25,0,5,0
6,110,184,4,0,16,far,0,11,0,11,11,7680,7768,3872,3850,11,0,0,371,-291,11,0,0,379,-299,10,1,0,3,0
6,110,184,4,0,16,one_edit,0,4,0,4,4,2880,2912,1408,1388,4,0,0,373,-373,4,0,0,381,-381,4,0,0,5,-5
6,110,184,4,0,16,unchanged,0,1,1,0,0,240,248,248,248,0,0,1,-8,8,0,1,0,0,0,0,1,0,0,0
6,110,184,4,2,1,unchanged,1,15,15,0,0,5265,2280,2280,2310,15,0,0,206,-161,0,0,15,-2,2,0,0,15,-2,2
6,110,184,4,2,1,one_edit,1,60,0,56,55,20940,10314,9543,9384,60,0,0,203,-163,56,0,4,19,2,56,0,4,3,2
6,110,184,4,2,1,far,1,165,2,151,146,57600,28024,26224,26235,165,0,0,201,-142,146,4,15,17,2,84,4,77,3,2
6,110,184,4,2,1,far,0,11,0,11,11,1305,1393,1232,1232,11,0,0,9,-4,11,0,0,17,-12,6,0,5,1,2
6,110,184,4,2,1,one_edit,0,4,0,4,4,480,512,448,436,4,0,0,11,-11,4,0,0,19,-19,4,0,0,3,-3
6,110,184,4,2,1,unchanged,0,1,1,0,0,90,98,98,100,0,0,1,-10,10,0,0,1,-2,2,0,0,1,-2,2
6,110,184,4,2,4,unchanged,1,15,15,0,0,7020,3000,3000,3030,15,0,0,278,-218,0,0,15,-2,2,0,0,15,-2,2
6,110,184,4,2,4,one_edit,1,60,0,56,56,27600,16776,12352,12192,60,0,0,275,-182,56,0,4,91,2,56,0,4,3,2
6,110,184,4,2,4,far,1,165,2,152,152,75960,44776,33952,33958,165,0,0,273,-142,152,0,13,89,2,88,0,77,3,2
6,110,184,4,2,4,far,0,11,0,11,11,2580,2668,1760,1760,11,0,0,81,-61,11,0,0,89,-69,6,0,5,1,2
6,110,184,4,2,4,one_edit,0,4,0,4,4,960,992,640,628,4,0,0,83,-83,4,0,0,91,-91,4,0,0,3,-3
6,110,184,4,2,4,unchanged,0,1,1,0,0,120,128,128,130,0,0,1,-10,10,0,0,1,-2,2,0,0,1,-2,2
6,110,184,4,2,16,unchanged,1,15,15,0,0,14040,5880,5880,5910,15,0,0,566,-446,0,0,15,-2,2,0,0,15,-2,2
6,110,184,4,2,16,one_edit,1,60,0,56,56,54240,42624,23584,23424,60,0,0,563,-182,56,0,4,379,2,56,0,4,3,2
6,110,184,4,2,16,far,1,165,2,152,152,149400,111784,64840,64846,165,0,0,561,-142,152,0,13,377,2,88,0,77,3,2
6,110,184,4,2,16,far,0,11,0,11,11,7680,7768,3872,3872,11,0,0,369,-289,11,0,0,377,-297,6,0,5,1,2
6,110,184,4,2,16,one_edit,0,4,0,4,4,2880,2912,1408,1396,4,0,0,371,-371,4,0,0,379,-379,4,0,0,3,-3
6,110,184,4,2,16,unchanged,0,1,1,0,0,240,248,248,250,0,0,1,-10,10,0,0,1,-2,2,0,0,1,-2,2
6,110,184,4,4,1,unchanged,1,15,15,0,0,5265,2280,2280,2340,15,0,0,204,-159,0,0,15,-4,4,0,0,15,-4,4
6,110,184,4,4,1,one_edit,1,60,0,56,55,20940,10314,9543,9504,60,0,0,201,-161,55,1,4,17,4,55,1,4,1,4
6,110,184,4,4,1,far,1,165,2,151,146,57600,28024,26224,26565,165,0,0,199,-140,143,3,19,15,4,4,0,161,1,4
6,110,184,4,4,1,far,0,11,0,11,11,1305,1393,1232,1254,11,0,0,7,-2,11,0,0,15,-10,0,0,11,-1,4
6,110,184,4,4,1,one_edit,0,4,0,4,4,480,512,448,444,4,0,0,9,-9,4,0,0,17,-17,4,0,0,1,-1
6,110,184,4,4,1,unchanged,0,1,1,0,0,90,98,98,102,0,0,1,-12,12,0,0,1,-4,4,0,0,1,-4,4
6,110,184,4,4,4,unchanged,1,15,15,0,0,7020,3000,3000,3060,15,0,0,276,-216,0,0,15,-4,4,0,0,15,-4,4
6,110,184,4,4,4,one_edit,1,60,0,56,56,27600,16776,12352,12312,60,0,0,273,-180,56,0,4,89,4,56,0,4,1,4
6,110,184,4,4,4,far,1,165,2,152,152,75960,44776,33952,34288,165,0,0,271,-140,152,0,13,87,4,4,0,161,1,4
6,110,184,4,4,4,far,0,11,0,11,11,2580,2668,1760,1782,11,0,0,79,-59,11,0,0,87,-67,0,0,11,-1,4
6,110,184,4,4,4,one_edit,0,4,0,4,4,960,992,640,636,4,0,0,81,-81,4,0,0,89,-89,4,0,0,1,-1
6,110,184,4,4,4,unchanged,0,1,1,0,0,120,128,128,132,0,0,1,-12,12,0,0,1,-4,4,0,0,1,-4,4
6,110,184,4,4,16,unchanged,1,15,15,0,0,14040,5880,5880,5940,15,0,0,564,-444,0,0,15,-4,4,0,0,15,-4,4
6,110,184,4,4,16,one_edit,1,60,0,56,56,54240,42624,23584,23544,60,0,0,561,-180,56,0,4,377,4,56,0,4,1,4
6,110,184,4,4,16,far,1,165,2,152,152,149400,111784,64840,65176,165,0,0,559,-140,152,0,13,375,4,4,0,161,1,4
6,110,184,4,4,16,far,0,11,0,11,11,7680,7768,3872,3894,11,0,0,367,-287,11,0,0,375,-295,0,0,11,-1,4
6,110,184,4,4,16,one_edit,0,4,0,4,4,2880,2912,1408,1404,4,0,0,369,-369,4,0,0,377,-377,4,0,0,1,-1
6,110,184,4,4,16,unchanged,0,1,1,0,0,240,248,248,252,0,0,1,-12,12,0,0,1,-4,4,0,0,1,-4,4
6,110,184,4,8,1,unchanged,1,15,15,0,0,5265,2280,2280,2400,15,0,0,200,-155,0,0,15,-8,8,0,0,15,-8,8
6,110,184,4,8,1,one_edit,1,60,0,56,55,20940,10314,9543,9744,60,0,0,197,-157,55,0,5,13,8,0,0,60,-3,8
6,110,184,4,8,1,far,1,165,2,151,146,57600,28024,26224,27225,165,0,0,195,-136,110,0,55,11,8,0,0,165,-3,8
6,110,184,4,8,1,far,0,11,0,11,11,1305,1393,1232,1298,7,1,3,3,2,11,0,0,11,-6,0,0,11,-5,8
6,110,184,4,8,1,one_edit,0,4,0,4,4,480,512,448,460,4,0,0,5,-5,4,0,0,13,-13,0,0,4,-3,3
6,110,184,4,8,1,unchanged,0,1,1,0,0,90,98,98,106,0,0,1,-16,16,0,0,1,-8,8,0,0,1,-8,8
6,110,184,4,8,4,unchanged,1,15,15,0,0,7020,3000,3000,3120,15,0,0,272,-212,0,0,15,-8,8,0,0,15,-8,8
6,110,184,4,8,4,one_edit,1,60,0,56,56,27600,16776,12352,12552,60,0,0,269,-176,56,0,4,85,8,0,0,60,-3,8
6,110,184,4,8,4,far,1,165,2,152,152,75960,44776,33952,34948,165,0,0,267,-136,152,0,13,83,8,0,0,165,-3,8
6,110,184,4,8,4,far,0,11,0,11,11,2580,2668,1760,1826,11,0,0,75,-55,11,0,0,83,-63,0,0,11,-5,8
6,110,184,4,8,4,one_edit,0,4,0,4,4,960,992,640,652,4,0,0,77,-77,4,0,0,85,-85,0,0,4,-3,3
6,110,184,4,8,4,unchanged,0,1,1,0,0,120,128,128,136,0,0,1,-16,16,0,0,1,-8,8,0,0,1,-8,8
6,110,184,4,8,16,unchanged,1,15,15,0,0,14040,5880,5880,6000,15,0,0,560,-440,0,0,15,-8,8,0,0,15,-8,8
6,110,184,4,8,16,one_edit,1,60,0,56,56,54240,42624,23584,23784,60,0,0,557,-176,56,0,4,373,8,0,0,60,-3,8
6,110,184,4,8,16,far,1,165,2,152,152,149400,111784,64840,65836,165,0,0,555,-136,152,0,13,371,8,0,0,165,-3,8
6,110,184,4,8,16,far,0,11,0,11,11,7680,7768,3872,3938,11,0,0,363,-283,11,0,0,371,-291,0,0,11,-5,8
6,110,184,4,8,16,one_edit,0,4,0,4,4,2880,2912,1408,1420,4,0,0,365,-365,4,0,0,373,-373,0,0,4,-3,3
6,110,184,4,8,16,unchanged,0,1,1,0,0,240,248,248,256,0,0,1,-16,16,0,0,1,-8,8,0,0,1,-8,8
6,184,250,0,0,1,unchanged,0,16,16,0,0,468,596,596,596,0,0,16,-8,8,0,16,0,0,0,0,16,0,0,0
6,184,250,0,0,1,one_edit,0,64,30,0,0,1872,2384,2384,2384,0,0,64,-8,8,0,64,0,0,0,0,64,0,0,0
6,184,250,0,0,1,far,0,176,30,0,0,5148,6556,6556,6556,0,0,176,-8,8,0,176,0,0,0,0,176,0,0,0
6,184,250,0,0,4,unchanged,0,16,16,0,0,624,752,752,752,0,0,16,-8,8,0,16,0,0,0,0,16,0,0,0
6,184,250,0,0,4,one_edit,0,64,30,0,0,2496,3008,3008,3008,0,0,64,-8,8,0,64,0,0,0,0,64,0,0,0
6,184,250,0,0,4,far,0,176,30,0,0,6864,8272,8272,8272,0,0,176,-8,8,0,176,0,0,0,0,176,0,0,0
6,184,250,0,0,16,unchanged,0,16,16,0,0,1248,1376,1376,1376,0,0,16,-8,8,0,16,0,0,0,0,16,0,0,0
6,184,250,0,0,16,one_edit,0,64,30,0,0,4992,5504,5504,5504,0,0,64,-8,8,0,64,0,0,0,0,64,0,0,0
6,184,250,0,0,16,far,0,176,30,0,0,13728,15136,15136,15136,0,0,176,-8,8,0,176,0,0,0,0,176,0,0,0
6,184,250,0,2,1,unchanged,0,16,16,0,0,468,596,596,628,0,0,16,-10,10,0,0,16,-2,2,0,0,16,-2,2
6,184,250,0,2,1,one_edit,0,64,30,0,0,1872,2384,2384,2512,0,0,64,-10,10,0,0,64,-2,2,0,0,64,-2,2
6,184,250,0,2,1,far,0,176,30,0,0,5148,6556,6556,6908,0,0,176,-10,10,0,0,176,-2,2,0,0,176,-2,2
6,184,250,0,2,4,unchanged,0,16,16,0,0,624,752,752,784,0,0,16,-10,10,0,0,16,-2,2,0,0,16,-2,2
6,184,250,0,2,4,one_edit,0,64,30,0,0,2496,3008,3008,3136,0,0,64,-10,10,0,0,64,-2,2,0,0,64,-2,2
6,184,250,0,2,4,far,0,176,30,0,0,6864,8272,8272,8624,0,0,176,-10,10,0,0,176,-2,2,0,0,176,-2,2
6,184,250,0,2,16,unchanged,0,16,16,0,0,1248,1376,1376,1408,0,0,16,-10,10,0,0,16,-2,2,0,0,16,-2,2
6,184,250,0,2,16,one_edit,0,64,30,0,0,4992,5504,5504,5632,0,0,64,-10,10,0,0,64,-2,2,0,0,64,-2,2
6,184,250,0,2,16,far,0,176,30,0,0,13728,15136,15136,15488,0,0,176,-10,10,0,0,176,-2,2,0,0,176,-2,2
6,184,250,0,4,1,unchanged,0,16,16,0,0,468,596,596,660,0,0,16,-12,12,0,0,16,-4,4,0,0,16,-4,4
6,184,250,0,4,1,one_edit,0,64,30,0,0,1872,2384,2384,2640,0,0,64,-12,12,0,0,64,-4,4,0,0,64,-4,4
6,184,250,0,4,1,far,0,176,30,0,0,5148,6556,6556,7260,0,0,176,-12,12,0,0,176,-4,4,0,0,176,-4,4
6,184,250,0,4,4,unchanged,0,16,16,0,0,624,752,752,816,0,0,16,-12,12,0,0,16,-4,4,0,0,16,-4,4
6,184,250,0,4,4,one_edit,0,64,30,0,0,2496,3008,3008,3264,0,0,64,-12,12,0,0,64,-4,4,0,0,64,-4,4
6,184,250,0,4,4,far,0,176,30,0,0,6864,8272,8272,8976,0,0,176,-12,12,0,0,176,-4,4,0,0,176,-4,4
6,184,250,0,4,16,unchanged,0,16,16,0,0,1248,1376,1376,1440,0,0,16,-12,12,0,0,16,-4,4,0,0,16,-4,4
6,184,250,0,4,16,one_edit,0,64,30,0,0,4992,5504,5504,5760,0,0,64,-12,12,0,0,64,-4,4,0,0,64,-4,4
6,184,250,0,4,16,far,0,176,30,0,0,13728,15136,15136,15840,0,0,176,-12,12,0,0,176,-4,4,0,0,176,-4,4
6,184,250,0,8,1,unchanged,0,16,16,0,0,468,596,596,724,0,0,16,-16,16,0,0,16,-8,8,0,0,16,-8,8
6,184,250,0,8,1,one_edit,0,64,30,0,0,1872,2384,2384,2896,0,0,64,-16,16,0,0,64,-8,8,0,0,64,-8,8
6,184,250,0,8,1,far,0,176,30,0,0,5148,6556,6556,7964,0,0,176,-16,16,0,0,176,-8,8,0,0,176,-8,8
6,184,250,0,8,4,unchanged,0,16,16,0,0,624,752,752,880,0,0,16,-16,16,0,0,16,-8,8,0,0,16,-8,8
6,184,250,0,8,4,one_edit,0,64,30,0,0,2496,3008,3008,3520,0,0,64,-16,16,0,0,64,-8,8,0,0,64,-8,8
6,184,250,0,8,4,far,0,176,30,0,0,6864,8272,8272,9680,0,0,176,-16,16,0,0,176,-8,8,0,0,176,-8,8
6,184,250,0,8,16,unchanged,0,16,16,0,0,1248,1376,1376,1504,0,0,16,-16,16,0,0,16,-8,8,0,0,16,-8,8
6,184,250,0,8,16,one_edit,0,64,30,0,0,4992,5504,5504,6016,0,0,64,-16,16,0,0,64,-8,8,0,0,64,-8,8
6,184,250,0,8,16,far,0,176,30,0,0,13728,15136,15136,16544,0,0,176,-16,16,0,0,176,-8,8,0,0,176,-8,8
6,184,250,1,0,1,unchanged,0,11,11,0,0,504,592,592,592,0,0,11,-8,8,0,11,0,0,0,0,11,0,0,0
6,184,250,1,0,1,one_edit,0,44,22,7,0,2080,2423,2423,2420,0,0,44,-5,8,1,43,0,3,0,1,43,0,3,0
6,184,250,1,0,1,far,0,121,27,14,0,5728,6687,6687,6684,0,0,121,-5,8,3,118,0,1,0,3,118,0,1,0
6,184,250,1,0,1,far,1,55,3,5,0,4568,3415,3415,3415,55,0,0,40,-16,0,55,0,0,0,0,55,0,0,0
6,184,250,1,0,1,one_edit,1,20,8,1,0,1664,1224,1224,1224,20,0,0,40,-16,0,20,0,0,0,0,20,0,0,0
6,184,250,1,0,1,unchanged,1,5,5,0,0,432,310,310,310,5,0,0,46,-19,0,5,0,0,0,0,5,0,0,0
6,184,250,1,0,4,unchanged,0,11,11,3,3,672,760,748,733,3,0,8,1,8,3,8,0,9,0,3,8,0,5,0
6,184,250,1,0,4,one_edit,0,44,22,20,20,2944,3260,3168,3080,14,0,30,13,8,20,24,0,21,0,20,24,0,5,0
6,184,250,1,0,4,far,0,121,27,65,65,8128,9060,8752,8546,27,0,94,11,8,65,56,0,19,0,62,59,0,5,0
6,184,250,1,0,4,far,1,55,3,20,20,5600,4420,4292,4245,55,0,0,45,-16,20,35,0,17,0,19,36,0,5,0
6,184,250,1,0,4,one_edit,1,20,8,4,4,2048,1536,1520,1504,20,0,0,40,-16,4,16,0,9,0,4,16,0,5,0
6,184,250,1,0,4,unchanged,1,5,5,0,0,576,400,400,400,5,0,0,64,-28,0,5,0,0,0,0,5,0,0,0
6,184,250,1,0,16,unchanged,0,11,11,3,3,1344,1432,1312,1297,3,0,8,37,8,3,8,0,45,0,3,8,0,5,0
6,184,250,1,0,16,one_edit,0,44,22,20,20,6400,6608,5760,5672,20,0,24,85,8,20,24,0,93,0,20,24,0,5,0
6,184,250,1,0,16,far,0,121,27,65,65,17728,18552,15760,15554,65,0,56,83,8,65,56,0,91,0,62,59,0,5,0
6,184,250,1,0,16,far,1,55,3,20,20,9728,8440,7448,7401,55,0,0,105,-16,20,35,0,89,0,19,36,0,5,0
6,184,250,1,0,16,one_edit,1,20,8,4,4,3584,2784,2624,2608,20,0,0,64,-16,4,16,0,45,0,4,16,0,5,0
6,184,250,1,0,16,unchanged,1,5,5,0,0,1152,760,760,760,5,0,0,136,-64,0,5,0,0,0,0,5,0,0,0
6,184,250,1,2,1,unchanged,0,11,11,0,0,504,592,592,614,0,0,11,-10,10,0,0,11,-2,2,0,0,11,-2,2
6,184,250,1,2,1,one_edit,0,44,22,7,0,2080,2423,2423,2508,0,0,44,-7,10,1,0,43,1,2,1,0,43,1,2
6,184,250,1,2,1,far,0,121,27,14,0,5728,6687,6687,6926,0,0,121,-7,10,0,0,121,-1,2,0,0,121,-1,2
6,184,250,1,2,1,far,1,55,3,5,0,4568,3415,3415,3525,55,0,0,38,-14,0,0,55,-2,2,0,0,55,-2,2
6,184,250,1,2,1,one_edit,1,20,8,1,0,1664,1224,1224,1264,20,0,0,38,-14,0,0,20,-2,2,0,0,20,-2,2
6,184,250,1,2,1,unchanged,1,5,5,0,0,432,310,310,320,5,0,0,44,-17,0,0,5,-2,2,0,0,5,-2,2
6,184,250,1,2,4,unchanged,0,11,11,3,3,672,760,748,755,0,0,11,-1,10,3,0,8,7,2,3,0,8,3,2
6,184,250,1,2,4,one_edit,0,44,22,20,20,2944,3260,3168,3168,4,0,40,11,10,20,0,24,19,2,20,0,24,3,2
6,184,250,1,2,4,far,0,121,27,65,65,8128,9060,8752,8788,7,0,114,9,10,65,0,56,17,2,52,0,69,3,2
6,184,250,1,2,4,far,1,55,3,20,20,5600,4420,4292,4355,55,0,0,43,-14,20,0,35,15,2,9,0,46,3,2
6,184,250,1,2,4,one_edit,1,20,8,4,4,2048,1536,1520,1544,20,0,0,38,-14,4,0,16,7,2,4,0,16,3,2
6,184,250,1,2,4,unchanged,1,5,5,0,0,576,400,400,410,5,0,0,62,-26,0,0,5,-2,2,0,0,5,-2,2
6,184,250,1,2,16,unchanged,0,11,11,3,3,1344,1432,1312,1319,3,0,8,35,10,3,0,8,43,2,3,0,8,3,2
6,184,250,1,2,16,one_edit,0,44,22,20,20,6400,6608,5760,5760,20,0,24,83,10,20,0,24,91,2,20,0,24,3,2
6,184,250,1,2,16,far,0,121,27,65,65,17728,18552,15760,15796,65,0,56,81,10,65,0,56,89,2,52,0,69,3,2
6,184,250,1,2,16,far,1,55,3,20,20,9728,8440,7448,7511,55,0,0,103,-14,20,0,35,87,2,9,0,46,3,2
6,184,250,1,2,16,one_edit,1,20,8,4,4,3584,2784,2624,2648,20,0,0,62,-14,4,0,16,43,2,4,0,16,3,2
6,184,250,1,2,16,unchanged,1,5,5,0,0,1152,760,760,770,5,0,0,134,-62,0,0,5,-2,2,0,0,5,-2,2
6,184,250,1,4,1,unchanged,0,11,11,0,0,504,592,592,636,0,0,11,-12,12,0,0,11,-4,4,0,0,11,-4,4
6,184,250,1,4,1,one_edit,0,44,22,7,0,2080,2423,2423,2596,0,0,44,-9,12,0,0,44,-1,4,0,0,44,-1,4
6,184,250,1,4,1,far,0,121,27,14,0,5728,6687,6687,7168,0,0,121,-9,12,0,0,121,-3,4,0,0,121,-3,4
6,184,250,1,4,1,far,1,55,3,5,0,4568,3415,3415,3635,55,0,0,36,-12,0,0,55,-4,4,0,0,55,-4,4
6,184,250,1,4,1,one_edit,1,20,8,1,0,1664,1224,1224,1304,20,0,0,36,-12,0,0,20,-4,4,0,0,20,-4,4
6,184,250,1,4,1,unchanged,1,5,5,0,0,432,310,310,330,5,0,0,42,-15,0,0,5,-4,4,0,0,5,-4,4
6,184,250,1,4,4,unchanged,0,11,11,3,3,672,760,748,777,0,0,11,-3,12,3,0,8,5,4,3,0,8,1,4
6,184,250,1,4,4,one_edit,0,44,22,20,20,2944,3260,3168,3256,4,0,40,9,12,20,0,24,17,4,14,0,30,1,4
6,184,250,1,4,4,far,0,121,27,65,65,8128,9060,8752,9030,7,0,114,7,12,62,3,56,15,4,20,0,101,1,4
6,184,250,1,4,4,far,1,55,3,20,20,5600,4420,4292,4465,55,0,0,41,-12,20,0,35,13,4,5,0,50,1,4
6,184,250,1,4,4,one_edit,1,20,8,4,4,2048,1536,1520,1584,20,0,0,36,-12,4,0,16,5,4,2,0,18,1,4
6,184,250,1,4,4,unchanged,1,5,5,0,0,576,400,400,420,5,0,0,60,-24,0,0,5,-4,4,0,0,5,-4,4
6,184,250,1,4,16,unchanged,0,11,11,3,3,1344,1432,1312,1341,3,0,8,33,12,3,0,8,41,4,3,0,8,1,4
6,184,250,1,4,16,one_edit,0,44,22,20,20,6400,6608,5760,5848,20,0,24,81,12,20,0,24,89,4,14,0,30,1,4
6,184,250,1,4,16,far,0,121,27,65,65,17728,18552,15760,16038,65,0,56,79,12,65,0,56,87,4,20,0,101,1,4
6,184,250,1,4,16,far,1,55,3,20,20,9728,8440,7448,7621,55,0,0,101,-12,20,0,35,85,4,5,0,50,1,4
6,184,250,1,4,16,one_edit,1,20,8,4,4,3584,2784,2624,2688,20,0,0,60,-12,4,0,16,41,4,2,0,18,1,4
6,184,250,1,4,16,unchanged,1,5,5,0,0,1152,760,760,780,5,0,0,132,-60,0,0,5,-4,4,0,0,5,-4,4
6,184,250,1,8,1,unchanged,0,11,11,0,0,504,592,592,680,0,0,11,-16,16,0,0,11,-8,8,0,0,11,-8,8
6,184,250,1,8,1,one_edit,0,44,22,7,0,2080,2423,2423,2772,0,0,44,-13,16,0,0,44,-5,8,0,0,44,-5,8
6,184,250,1,8,1,far,0,121,27,14,0,5728,6687,6687,7652,0,0,121,-13,16,0,0,121,-7,8,0,0,121,-7,8
6,184,250,1,8,1,far,1,55,3,5,0,4568,3415,3415,3855,55,0,0,32,-8,0,0,55,-8,8,0,0,55,-8,8
6,184,250,1,8,1,one_edit,1,20,8,1,0,1664,1224,1224,1384,20,0,0,32,-8,0,0,20,-8,8,0,0,20,-8,8
6,184,250,1,8,1,unchanged,1,5,5,0,0,432,310,310,350,5,0,0,38,-11,0,0,5,-8,8,0,0,5,-8,8
6,184,250,1,8,4,unchanged,0,11,11,3,3,672,760,748,821,0,0,11,-7,16,3,0,8,1,8,0,0,11,-3,8
6,184,250,1,8,4,one_edit,0,44,22,20,20,2944,3260,3168,3432,4,0,40,5,16,14,0,30,13,8,0,0,44,-3,8
6,184,250,1,8,4,far,0,121,27,65,65,8128,9060,8752,9514,7,0,114,3,16,24,0,97,11,8,0,0,121,-3,8
6,184,250,1,8,4,far,1,55,3,20,20,5600,4420,4292,4685,55,0,0,37,-8,9,0,46,9,8,0,0,55,-3,8
6,184,250,1,8,4,one_edit,1,20,8,4,4,2048,1536,1520,1664,20,0,0,32,-8,2,0,18,1,8,0,0,20,-3,8
6,184,250,1,8,4,unchanged,1,5,5,0,0,576,400,400,440,5,0,0,56,-20,0,0,5,-8,8,0,0,5,-8,8
6,184,250,1,8,16,unchanged,0,11,11,3,3,1344,1432,1312,1385,3,0,8,29,16,3,0,8,37,8,0,0,11,-3,8
6,184,250,1,8,16,one_edit,0,44,22,20,20,6400,6608,5760,6024,20,0,24,77,16,20,0,24,85,8,0,0,44,-3,8
6,184,250,1,8,16,far,0,121,27,65,65,17728,18552,15760,16522,65,0,56,75,16,65,0,56,83,8,0,0,121,-3,8
6,184,250,1,8,16,far,1,55,3,20,20,9728,8440,7448,7841,55,0,0,97,-8,20,0,35,81,8,0,0,55,-3,8
6,184,250,1,8,16,one_edit,1,20,8,4,4,3584,2784,2624,2768,20,0,0,56,-8,4,0,16,37,8,0,0,20,-3,8
6,184,250,1,8,16,unchanged,1,5,5,0,0,1152,760,760,800,5,0,0,128,-56,0,0,5,-8,8,0,0,5,-8,8
6,184,250,2,0,1,unchanged,0,11,11,3,0,756,844,844,835,0,0,11,-5,8,3,8,0,3,0,3,8,0,3,0
6,184,250,2,0,1,one_edit,0,44,22,20,1,3120,3454,3450,3400,4,0,40,1,8,20,24,0,9,0,20,24,0,5,0
6,184,250,2,0,1,far,0,121,27,53,4,8592,9542,9526,9427,0,0,121,-1,8,53,68,0,7,0,53,68,0,3,0
6,184,250,2,0,1,far,1,55,3,13,4,6852,4106,4090,4068,55,0,0,88,-40,13,42,0,5,0,12,43,0,3,0
6,184,250,2,0,1,one_edit,1,20,8,4,0,2496,1456,1456,1448,20,0,0,88,-40,4,16,0,3,0,4,16,0,3,0
6,184,250,2,0,1,unchanged,1,5,5,0,0,648,364,364,364,5,0,0,100,-46,0,5,0,0,0,0,5,0,0,0
6,184,250,2,0,4,unchanged,0,11,11,3,3,1008,1096,1048,1033,3,0,8,13,8,3,8,0,21,0,3,8,0,5,0
6,184,250,2,0,4,one_edit,0,44,22,20,20,4416,4696,4352,4264,20,0,24,37,8,20,24,0,45,0,20,24,0,5,0
6,184,250,2,0,4,far,0,121,27,65,65,12192,13088,11952,11746,65,0,56,35,8,65,56,0,43,0,62,59,0,5,0
6,184,250,2,0,4,far,1,55,3,20,20,8400,5600,5184,5137,55,0,0,105,-40,20,35,0,41,0,19,36,0,5,0
6,184,250,2,0,4,one_edit,1,20,8,4,4,3072,1888,1824,1808,20,0,0,88,-40,4,16,0,21,0,4,16,0,5,0
6,184,250,2,0,4,unchanged,1,5,5,0,0,864,472,472,472,5,0,0,136,-64,0,5,0,0,0,0,5,0,0,0
6,184,250,2,0,16,unchanged,0,11,11,3,3,2016,2104,1840,1825,3,0,8,85,8,3,8,0,93,0,3,8,0,5,0
6,184,250,2,0,16,one_edit,0,44,22,20,20,9600,9664,7808,7720,20,0,24,181,8,20,24,0,189,0,20,24,0,5,0
6,184,250,2,0,16,far,0,121,27,65,65,26592,27272,21168,20962,65,0,56,179,8,65,56,0,187,0,62,59,0,5,0
6,184,250,2,0,16,far,1,55,3,20,20,14592,11576,9432,9385,55,0,0,225,-40,20,35,0,185,0,19,36,0,5,0
6,184,250,2,0,16,one_edit,1,20,8,4,4,5376,3616,3264,3248,20,0,0,136,-40,4,16,0,93,0,4,16,0,5,0
6,184,250,2,0,16,unchanged,1,5,5,0,0,1728,904,904,904,5,0,0,280,-136,0,5,0,0,0,0,5,0,0,0
6,184,250,2,2,1,unchanged,0,11,11,3,0,756,844,844,857,0,0,11,-7,10,3,0,8,1,2,3,0,8,1,2
6,184,250,2,2,1,one_edit,0,44,22,20,1,3120,3454,3450,3488,0,0,44,-1,10,14,0,30,7,2,14,0,30,3,2
6,184,250,2,2,1,far,0,121,27,53,4,8592,9542,9526,9669,0,0,121,-3,10,24,0,97,5,2,23,0,98,1,2
6,184,250,2,2,1,far,1,55,3,13,4,6852,4106,4090,4178,55,0,0,86,-38,9,0,46,3,2,5,0,50,1,2
6,184,250,2,2,1,one_edit,1,20,8,4,0,2496,1456,1456,1488,20,0,0,86,-38,2,0,18,1,2,2,0,18,1,2
6,184,250,2,2,1,unchanged,1,5,5,0,0,648,364,364,374,5,0,0,98,-44,0,0,5,-2,2,0,0,5,-2,2
6,184,250,2,2,4,unchanged,0,11,11,3,3,1008,1096,1048,1055,3,0,8,11,10,3,0,8,19,2,3,0,8,3,2
6,184,250,2,2,4,one_edit,0,44,22,20,20,4416,4696,4352,4352,20,0,24,35,10,20,0,24,43,2,20,0,24,3,2
6,184,250,2,2,4,far,0,121,27,65,65,12192,13088,11952,11988,65,0,56,33,10,65,0,56,41,2,52,0,69,3,2
6,184,250,2,2,4,far,1,55,3,20,20,8400,5600,5184,5247,55,0,0,103,-38,20,0,35,39,2,9,0,46,3,2
6,184,250,2,2,4,one_edit,1,20,8,4,4,3072,1888,1824,1848,20,0,0,86,-38,4,0,16,19,2,4,0,16,3,2
6,184,250,2,2,4,unchanged,1,5,5,0,0,864,472,472,482,5,0,0,134,-62,0,0,5,-2,2,0,0,5,-2,2
6,184,250,2,2,16,unchanged,0,11,11,3,3,2016,2104,1840,1847,3,0,8,83,10,3,0,8,91,2,3,0,8,3,2
6,184,250,2,2,16,one_edit,0,44,22,20,20,9600,9664,7808,7808,20,0,24,179,10,20,0,24,187,2,20,0,24,3,2
6,184,250,2,2,16,far,0,121,27,65,65,26592,27272,21168,21204,65,0,56,177,10,65,0,56,185,2,52,0,69,3,2
6,184,250,2,2,16,far,1,55,3,20,20,14592,11576,9432,9495,55,0,0,223,-38,20,0,35,183,2,9,0,46,3,2
6,184,250,2,2,16,one_edit,1,20,8,4,4,5376,3616,3264,3288,20,0,0,134,-38,4,0,16,91,2,4,0,16,3,2
6,184,250,2,2,16,unchanged,1,5,5,0,0,1728,904,904,914,5,0,0,278,-134,0,0,5,-2,2,0,0,5,-2,2
6,184,250,2,4,1,unchanged,0,11,11,3,0,756,844,844,879,0,0,11,-9,12,0,0,11,-1,4,0,0,11,-1,4
6,184,250,2,4,1,one_edit,0,44,22,20,1,3120,3454,3450,3576,0,0,44,-3,12,1,0,43,5,4,1,0,43,1,4
6,184,250,2,4,1,far,0,121,27,53,4,8592,9542,9526,9911,0,0,121,-5,12,4,0,117,3,4,0,0,121,-1,4
6,184,250,2,4,1,far,1,55,3,13,4,6852,4106,4090,4288,55,0,0,84,-36,3,1,51,1,4,0,0,55,-1,4
6,184,250,2,4,1,one_edit,1,20,8,4,0,2496,1456,1456,1528,20,0,0,84,-36,0,0,20,-1,4,0,0,20,-1,4
6,184,250,2,4,1,unchanged,1,5,5,0,0,648,364,364,384,5,0,0,96,-42,0,0,5,-4,4,0,0,5,-4,4
6,184,250,2,4,4,unchanged,0,11,11,3,3,1008,1096,1048,1077,3,0,8,9,12,3,0,8,17,4,3,0,8,1,4
6,184,250,2,4,4,one_edit,0,44,22,20,20,4416,4696,4352,4440,20,0,24,33,12,20,0,24,41,4,14,0,30,1,4
6,184,250,2,4,4,far,0,121,27,65,65,12192,13088,11952,12230,65,0,56,31,12,65,0,56,39,4,20,0,101,1,4
6,184,250,2,4,4,far,1,55,3,20,20,8400,5600,5184,5357,55,0,0,101,-36,20,0,35,37,4,5,0,50,1,4
6,184,250,2,4,4,one_edit,1,20,8,4,4,3072,1888,1824,1888,20,0,0,84,-36,4,0,16,17,4,2,0,18,1,4
6,184,250,2,4,4,unchanged,1,5,5,0,0,864,472,472,492,5,0,0,132,-60,0,0,5,-4,4,0,0,5,-4,4
6,184,250,2,4,16,unchanged,0,11,11,3,3,2016,2104,1840,1869,3,0,8,81,12,3,0,8,89,4,3,0,8,1,4
6,184,250,2,4,16,one_edit,0,44,22,20,20,9600,9664,7808,7896,20,0,24,177,12,20,0,24,185,4,14,0,30,1,4
6,184,250,2,4,16,far,0,121,27,65,65,26592,27272,21168,21446,65,0,56,175,12,65,0,56,183,4,20,0,101,1,4
6,184,250,2,4,16,far,1,55,3,20,20,14592,11576,9432,9605,55,0,0,221,-36,20,0,35,181,4,5,0,50,1,4
6,184,250,2,4,16,one_edit,1,20,8,4,4,5376,3616,3264,3328,20,0,0,132,-36,4,0,16,89,4,2,0,18,1,4
6,184,250,2,4,16,unchanged,1,5,5,0,0,1728,904,904,924,5,0,0,276,-132,0,0,5,-4,4,0,0,5,-4,4
6,184,250,2,8,1,unchanged,0,11,11,3,0,756,844,844,923,0,0,11,-13,16,0,0,11,-5,8,0,0,11,-5,8
6,184,250,2,8,1,one_edit,0,44,22,20,1,3120,3454,3450,3752,0,0,44,-7,16,1,0,43,1,8,0,0,44,-3,8
6,184,250,2,8,1,far,0,121,27,53,4,8592,9542,9526,10395,0,0,121,-9,16,0,0,121,-1,8,0,0,121,-5,8
6,184,250,2,8,1,far,1,55,3,13,4,6852,4106,4090,4508,55,0,0,80,-32,0,0,55,-3,8,0,0,55,-5,8
6,184,250,2,8,1,one_edit,1,20,8,4,0,2496,1456,1456,1608,20,0,0,80,-32,0,0,20,-5,8,0,0,20,-5,8
6,184,250,2,8,1,unchanged,1,5,5,0,0,648,364,364,404,5,0,0,92,-38,0,0,5,-8,8,0,0,5,-8,8
6,184,250,2,8,4,unchanged,0,11,11,3,3,1008,1096,1048,1121,3,0,8,5,16,3,0,8,13,8,0,0,11,-3,8
6,184,250,2,8,4,one_edit,0,44,22,20,20,4416,4696,4352,4616,20,0,24,29,16,20,0,24,37,8,0,0,44,-3,8
6,184,250,2,8,4,far,0,121,27,65,65,12192,13088,11952,12714,62,3,56,27,16,65,0,56,35,8,0,0,121,-3,8
6,184,250,2,8,4,far,1,55,3,20,20,8400,5600,5184,5577,55,0,0,97,-32,20,0,35,33,8,0,0,55,-3,8
6,184,250,2,8,4,one_edit,1,20,8,4,4,3072,1888,1824,1968,20,0,0,80,-32,4,0,16,13,8,0,0,20,-3,8
6,184,250,2,8,4,unchanged,1,5,5,0,0,864,472,472,512,5,0,0,128,-56,0,0,5,-8,8,0,0,5,-8,8
6,184,250,2,8,16,unchanged,0,11,11,3,3,2016,2104,1840,1913,3,0,8,77,16,3,0,8,85,8,0,0,11,-3,8
6,184,250,2,8,16,one_edit,0,44,22,20,20,9600,9664,7808,8072,20,0,24,173,16,20,0,24,181,8,0,0,44,-3,8
6,184,250,2,8,16,far,0,121,27,65,65,26592,27272,21168,21930,65,0,56,171,16,65,0,56,179,8,0,0,121,-3,8
6,184,250,2,8,16,far,1,55,3,20,20,14592,11576,9432,9825,55,0,0,217,-32,20,0,35,177,8,0,0,55,-3,8
6,184,250,2,8,16,one_edit,1,20,8,4,4,5376,3616,3264,3408,20,0,0,128,-32,4,0,16,85,8,0,0,20,-3,8
6,184,250,2,8,16,unchanged,1,5,5,0,0,1728,904,904,944,5,0,0,272,-128,0,0,5,-8,8,0,0,5,-8,8
6,184,250,4,0,1,unchanged,0,3,3,0,0,270,294,294,294,0,0,3,-8,8,0,3,0,0,0,0,3,0,0,0
6,184,250,4,0,1,one_edit,0,12,4,8,8,1220,1272,1248,1218,3,0,9,13,8,8,4,0,9,0,8,4,0,5,0
6,184,250,4,0,1,far,0,33,8,16,16,3130,3368,3330,3282,0,0,33,-1,8,16,17,0,7,0,16,17,0,3,0
6,184,250,4,0,1,one_edit,1,52,26,16,12,8140,5386,5348,5274,52,0,0,184,-10,16,36,0,21,0,16,36,0,5,0
6,184,250,4,0,1,unchanged,1,13,13,3,0,2070,1328,1328,1313,13,0,0,208,-10,3,10,0,5,0,3,10,0,5,0
6,184,250,4,0,1,far,1,143,22,69,66,22610,15262,15006,14801,143,0,0,189,-8,69,74,0,19,0,65,78,0,5,0
6,184,250,4,0,4,unchanged,0,3,3,2,0,360,384,384,374,0,0,3,-3,8,2,1,0,5,0,2,1,0,5,0
6,184,250,4,0,4,one_edit,0,12,4,12,8,2000,1920,1632,1582,8,0,4,85,3,12,0,0,45,-5,12,0,0,5,-3
6,184,250,4,0,4,far,0,33,8,31,16,4600,4760,4224,4115,16,0,17,35,8,31,2,0,43,0,31,2,0,5,0
6,184,250,4,0,4,one_edit,1,52,26,26,16,10480,7240,6704,6584,52,0,0,189,-16,26,26,0,93,0,26,26,0,5,0
6,184,250,4,0,4,unchanged,1,13,13,3,3,2760,1736,1664,1649,13,0,0,280,-16,3,10,0,29,0,3,10,0,5,0
6,184,250,4,0,4,far,1,143,22,115,69,29720,21712,19032,18621,143,0,0,225,-8,115,28,0,91,0,111,32,0,5,0
6,184,250,4,0,16,unchanged,0,3,3,2,2,720,744,696,686,2,0,1,21,8,2,1,0,29,0,2,1,0,5,0
6,184,250,4,0,16,one_edit,0,12,4,12,12,5120,4512,3072,3022,12,0,0,373,-21,12,0,0,189,-29,12,0,0,5,-3
6,184,250,4,0,16,far,0,33,8,31,31,10480,10328,7440,7331,31,0,2,179,8,31,2,0,187,0,31,2,0,5,0
6,184,250,4,0,16,one_edit,1,52,26,26,26,19840,14656,11888,11768,52,0,0,389,-24,26,26,0,381,0,26,26,0,5,0
6,184,250,4,0,16,unchanged,1,13,13,3,3,5520,3368,3008,2993,13,0,0,568,-40,3,10,0,125,0,3,10,0,5,0
6,184,250,4,0,16,far,1,143,22,115,115,58160,47512,34032,33621,143,0,0,465,-8,115,28,0,379,0,111,32,0,5,0
6,184,250,4,2,1,unchanged,0,3,3,0,0,270,294,294,300,0,0,3,-10,10,0,0,3,-2,2,0,0,3,-2,2
6,184,250,4,2,1,one_edit,0,12,4,8,8,1220,1272,1248,1242,3,0,9,11,10,8,0,4,7,2,8,0,4,3,2
6,184,250,4,2,1,far,0,33,8,16,16,3130,3368,3330,3348,0,0,33,-3,10,16,0,17,5,2,16,0,17,1,2
6,184,250,4,2,1,one_edit,1,52,26,16,12,8140,5386,5348,5378,52,0,0,182,-8,16,0,36,19,2,16,0,36,3,2
6,184,250,4,2,1,unchanged,1,13,13,3,0,2070,1328,1328,1339,13,0,0,206,-8,3,0,10,3,2,3,0,10,3,2
6,184,250,4,2,1,far,1,143,22,69,66,22610,15262,15006,15087,143,0,0,187,-6,66,3,74,17,2,45,0,98,3,2
6,184,250,4,2,4,unchanged,0,3,3,2,0,360,384,384,380,0,0,3,-5,10,2,0,1,3,2,2,0,1,3,2
6,184,250,4,2,4,one_edit,0,12,4,12,8,2000,1920,1632,1606,8,0,4,83,5,12,0,0,43,-3,12,0,0,3,-1
6,184,250,4,2,4,far,0,33,8,31,16,4600,4760,4224,4181,16,0,17,33,10,31,0,2,41,2,31,0,2,3,2
6,184,250,4,2,4,one_edit,1,52,26,26,16,10480,7240,6704,6688,52,0,0,187,-14,26,0,26,91,2,26,0,26,3,2
6,184,250,4,2,4,unchanged,1,13,13,3,3,2760,1736,1664,1675,13,0,0,278,-14,3,0,10,27,2,3,0,10,3,2
6,184,250,4,2,4,far,1,143,22,115,69,29720,21712,19032,18907,143,0,0,223,-6,115,0,28,89,2,91,0,52,3,2
6,184,250,4,2,16,unchanged,0,3,3,2,2,720,744,696,692,2,0,1,19,10,2,0,1,27,2,2,0,1,3,2
6,184,250,4,2,16,one_edit,0,12,4,12,12,5120,4512,3072,3046,12,0,0,371,-19,12,0,0,187,-27,12,0,0,3,-1
6,184,250,4,2,16,far,0,33,8,31,31,10480,10328,7440,7397,31,0,2,177,10,31,0,2,185,2,31,0,2,3,2
6,184,250,4,2,16,one_edit,1,52,26,26,26,19840,14656,11888,11872,52,0,0,387,-22,26,0,26,379,2,26,0,26,3,2
6,184,250,4,2,16,unchanged,1,13,13,3,3,5520,3368,3008,3019,13,0,0,566,-38,3,0,10,123,2,3,0,10,3,2
6,184,250,4,2,16,far,1,143,22,115,115,58160,47512,34032,33907,143,0,0,463,-6,115,0,28,377,2,91,0,52,3,2
6,184,250,4,4,1,unchanged,0,3,3,0,0,270,294,294,306,0,0,3,-12,12,0,0,3,-4,4,0,0,3,-4,4
6,184,250,4,4,1,one_edit,0,12,4,8,8,1220,1272,1248,1266,3,0,9,9,12,8,0,4,5,4,3,0,9,1,4
6,184,250,4,4,1,far,0,33,8,16,16,3130,3368,3330,3414,0,0,33,-5,12,16,0,17,3,4,0,0,33,-1,4
6,184,250,4,4,1,one_edit,1,52,26,16,12,8140,5386,5348,5482,52,0,0,180,-6,16,0,36,17,4,13,0,39,1,4
6,184,250,4,4,1,unchanged,1,13,13,3,0,2070,1328,1328,1365,13,0,0,204,-6,3,0,10,1,4,3,0,10,1,4
6,184,250,4,4,1,far,1,143,22,69,66,22610,15262,15006,15373,143,0,0,185,-4,53,0,90,15,4,25,0,118,1,4
6,184,250,4,4,4,unchanged,0,3,3,2,0,360,384,384,386,0,0,3,-7,12,2,0,1,1,4,2,0,1,1,4
6,184,250,4,4,4,one_edit,0,12,4,12,8,2000,1920,1632,1630,8,0,4,81,7,12,0,0,41,-1,7,0,5,1,1
6,184,250,4,4,4,far,0,33,8,31,16,4600,4760,4224,4247,16,0,17,31,12,24,0,9,39,4,8,0,25,1,4
6,184,250,4,4,4,one_edit,1,52,26,26,16,10480,7240,6704,6792,52,0,0,185,-12,24,0,28,89,4,21,0,31,1,4
6,184,250,4,4,4,unchanged,1,13,13,3,3,2760,1736,1664,1701,13,0,0,276,-12,3,0,10,25,4,3,0,10,1,4
6,184,250,4,4,4,far,1,143,22,115,69,29720,21712,19032,19193,143,0,0,221,-4,103,0,40,87,4,59,0,84,1,4
6,184,250,4,4,16,unchanged,0,3,3,2,2,720,744,696,698,2,0,1,17,12,2,0,1,25,4,2,0,1,1,4
6,184,250,4,4,16,one_edit,0,12,4,12,12,5120,4512,3072,3070,12,0,0,369,-17,12,0,0,185,-25,7,0,5,1,1
6,184,250,4,4,16,far,0,33,8,31,31,10480,10328,7440,7463,31,0,2,175,12,31,0,2,183,4,8,0,25,1,4
6,184,250,4,4,16,one_edit,1,52,26,26,26,19840,14656,11888,11976,52,0,0,385,-20,26,0,26,377,4,21,0,31,1,4
6,184,250,4,4,16,unchanged,1,13,13,3,3,5520,3368,3008,3045,13,0,0,564,-36,3,0,10,121,4,3,0,10,1,4
6,184,250,4,4,16,far,1,143,22,115,115,58160,47512,34032,34193,143,0,0,461,-4,115,0,28,375,4,59,0,84,1,4
6,184,250,4,8,1,unchanged,0,3,3,0,0,270,294,294,318,0,0,3,-16,16,0,0,3,-8,8,0,0,3,-8,8
6,184,250,4,8,1,one_edit,0,12,4,8,8,1220,1272,1248,1314,3,0,9,5,16,3,0,9,1,8,0,0,12,-3,8
6,184,250,4,8,1,far,0,33,8,16,16,3130,3368,3330,3546,0,0,33,-9,16,0,0,33,-1,8,0,0,33,-5,8
6,184,250,4,8,1,one_edit,1,52,26,16,12,8140,5386,5348,5690,52,0,0,176,-2,1,0,51,13,8,0,0,52,-3,8
6,184,250,4,8,1,unchanged,1,13,13,3,0,2070,1328,1328,1417,13,0,0,200,-2,0,0,13,-3,8,0,0,13,-3,8
6,184,250,4,8,1,far,1,143,22,69,66,22610,15262,15006,15945,138,5,0,181,0,8,0,135,11,8,0,0,143,-3,8
6,184,250,4,8,4,unchanged,0,3,3,2,0,360,384,384,398,0,0,3,-11,16,0,0,3,-3,8,0,0,3,-3,8
6,184,250,4,8,4,one_edit,0,12,4,12,8,2000,1920,1632,1678,8,0,4,77,11,8,0,4,37,3,0,0,12,-3,5
6,184,250,4,8,4,far,0,33,8,31,16,4600,4760,4224,4379,16,0,17,27,16,16,0,17,35,8,0,0,33,-3,8
6,184,250,4,8,4,one_edit,1,52,26,26,16,10480,7240,6704,7000,52,0,0,181,-8,16,0,36,85,8,0,0,52,-3,8
6,184,250,4,8,4,unchanged,1,13,13,3,3,2760,1736,1664,1753,13,0,0,272,-8,3,0,10,21,8,0,0,13,-3,8
6,184,250,4,8,4,far,1,143,22,115,69,29720,21712,19032,19765,138,5,0,217,0,69,0,74,83,8,0,0,143,-3,8
6,184,250,4,8,16,unchanged,0,3,3,2,2,720,744,696,710,2,0,1,13,16,2,0,1,21,8,0,0,3,-3,8
6,184,250,4,8,16,one_edit,0,12,4,12,12,5120,4512,3072,3118,12,0,0,365,-13,12,0,0,181,-21,0,0,12,-3,5
6,184,250,4,8,16,far,0,33,8,31,31,10480,10328,7440,7595,31,0,2,171,16,31,0,2,179,8,0,0,33,-3,8
6,184,250,4,8,16,one_edit,1,52,26,26,26,19840,14656,11888,12184,52,0,0,381,-16,26,0,26,373,8,0,0,52,-3,8
6,184,250,4,8,16,unchanged,1,13,13,3,3,5520,3368,3008,3097,13,0,0,560,-32,3,0,10,117,8,0,0,13,-3,8
6,184,250,4,8,16,far,1,143,22,115,115,58160,47512,34032,34765,138,5,0,457,0,115,0,28,371,8,0,0,143,-3,8
9,0,51,0,0,1,unchanged,0,16,16,0,0,180,308,308,308,0,0,16,-8,8,0,16,0,0,0,0,16,0,0,0
9,0,51,0,0,1,one_edit,0,64,40,0,0,720,1232,1232,1232,0,0,64,-8,8,0,64,0,0,0,0,64,0,0,0
9,0,51,0,0,1,far,0,176,70,0,0,1980,3388,3388,3388,0,0,176,-8,8,0,176,0,0,0,0,176,0,0,0
9,0,51,0,0,4,unchanged,0,16,16,0,0,240,368,368,368,0,0,16,-8,8,0,16,0,0,0,0,16,0,0,0
9,0,51,0,0,4,one_edit,0,64,40,0,0,960,1472,1472,1472,0,0,64,-8,8,0,64,0,0,0,0,64,0,0,0
9,0,51,0,0,4,far,0,176,70,0,0,2640,4048,4048,4048,0,0,176,-8,8,0,176,0,0,0,0,176,0,0,0
9,0,51,0,0,16,unchanged,0,16,16,0,0,480,608,608,608,0,0,16,-8,8,0,16,0,0,0,0,16,0,0,0
9,0,51,0,0,16,one_edit,0,64,40,0,0,1920,2432,2432,2432,0,0,64,-8,8,0,64,0,0,0,0,64,0,0,0
9,0,51,0,0,16,far,0,176,70,0,0,5280,6688,6688,6688,0,0,176,-8,8,0,176,0,0,0,0,176,0,0,0
9,0,51,0,2,1,unchanged,0,16,16,0,0,180,308,308,340,0,0,16,-10,10,0,0,16,-2,2,0,0,16,-2,2
9,0,51,0,2,1,one_edit,0,64,40,0,0,720,1232,1232,1360,0,0,64,-10,10,0,0,64,-2,2,0,0,64,-2,2
9,0,51,0,2,1,far,0,176,70,0,0,1980,3388,3388,3740,0,0,176,-10,10,0,0,176,-2,2,0,0,176,-2,2
9,0,51,0,2,4,unchanged,0,16,16,0,0,240,368,368,400,0,0,16,-10,10,0,0,16,-2,2,0,0,16,-2,2
9,0,51,0,2,4,one_edit,0,64,40,0,0,960,1472,1472,1600,0,0,64,-10,10,0,0,64,-2,2,0,0,64,-2,2
9,0,51,0,2,4,far,0,176,70,0,0,2640,4048,4048,4400,0,0,176,-10,10,0,0,176,-2,2,0,0,176,-2,2
9,0,51,0,2,16,unchanged,0,16,16,0,0,480,608,608,640,0,0,16,-10,10,0,0,16,-2,2,0,0,16,-2,2
9,0,51,0,2,16,one_edit,0,64,40,0,0,1920,2432,2432,2560,0,0,64,-10,10,0,0,64,-2,2,0,0,64,-2,2
9,0,51,0,2,16,far,0,176,70,0,0,5280,6688,6688,7040,0,0,176,-10,10,0,0,176,-2,2,0,0,176,-2,2
9,0,51,0,4,1,unchanged,0,16,16,0,0,180,308,308,372,0,0,16,-12,12,0,0,16,-4,4,0,0,16,-4,4
9,0,51,0,4,1,one_edit,0,64,40,0,0,720,1232,1232,1488,0,0,64,-12,12,0,0,64,-4,4,0,0,64,-4,4
9,0,51,0,4,1,far,0,176,70,0,0,1980,3388,3388,4092,0,0,176,-12,12,0,0,176,-4,4,0,0,176,-4,4
9,0,51,0,4,4,unchanged,0,16,16,0,0,240,368,368,432,0,0,16,-12,12,0,0,16,-4,4,0,0,16,-4,4
9,0,51,0,4,4,one_edit,0,64,40,0,0,960,1472,1472,1728,0,0,64,-12,12,0,0,64,-4,4,0,0,64,-4,4
9,0,51,0,4,4,far,0,176,70,0,0,2640,4048,4048,4752,0,0,176,-12,12,0,0,176,-4,4,0,0,176,-4,4
9,0,51,0,4,16,unchanged,0,16,16,0,0,480,608,608,672,0,0,16,-12,12,0,0,16,-4,4,0,0,16,-4,4
9,0,51,0,4,16,one_edit,0,64,40,0,0,1920,2432,2432,2688,0,0,64,-12,12,0,0,64,-4,4,0,0,64,-4,4
9,0,51,0,4,16,far,0,176,70,0,0,5280,6688,6688,7392,0,0,176,-12,12,0,0,176,-4,4,0,0,176,-4,4
9,0,51,0,8,1,unchanged,0,16,16,0,0,180,308,308,436,0,0,16,-16,16,0,0,16,-8,8,0,0,16,-8,8
9,0,51,0,8,1,one_edit,0,64,40,0,0,720,1232,1232,1744,0,0,64,-16,16,0,0,64,-8,8,0,0,64,-8,8
9,0,51,0,8,1,far,0,176,70,0,0,1980,3388,3388,4796,0,0,176,-16,16,0,0,176,-8,8,0,0,176,-8,8
9,0,51,0,8,4,unchanged,0,16,16,0,0,240,368,368,496,0,0,16,-16,16,0,0,16,-8,8,0,0,16,-8,8
9,0,51,0,8,4,one_edit,0,64,40,0,0,960,1472,1472,1984,0,0,64,-16,16,0,0,64,-8,8,0,0,64,-8,8
9,0,51,0,8,4,far,0,176,70,0,0,2640,4048,4048,5456,0,0,176,-16,16,0,0,176,-8,8,0,0,176,-8,8
9,0,51,0,8,16,unchanged,0,16,16,0,0,480,608,608,736,0,0,16,-16,16,0,0,16,-8,8,0,0,16,-8,8
9,0,51,0,8,16,one_edit,0,64,40,0,0,1920,2432,2432,2944,0,0,64,-16,16,0,0,64,-8,8,0,0,64,-8,8
9,0,51,0,8,16,far,0,176,70,0,0,5280,6688,6688,8096,0,0,176,-16,16,0,0,176,-8,8,0,0,176,-8,8
9,0,51,1,0,1,unchanged,0,16,16,0,0,360,488,488,488,0,0,16,-8,8,0,16,0,0,0,0,16,0,0,0
9,0,51,1,0,1,one_edit,0,64,40,0,0,1440,1952,1952,1952,0,0,64,-8,8,0,64,0,0,0,0,64,0,0,0
9,0,51,1,0,1,far,0,176,70,0,0,3960,5368,5368,5368,0,0,176,-8,8,0,176,0,0,0,0,176,0,0,0
9,0,51,1,0,4,unchanged,0,16,16,0,0,480,608,608,608,0,0,16,-8,8,0,16,0,0,0,0,16,0,0,0
9,0,51,1,0,4,one_edit,0,64,40,0,0,1920,2432,2432,2432,0,0,64,-8,8,0,64,0,0,0,0,64,0,0,0
9,0,51,1,0,4,far,0,176,70,0,0,5280,6688,6688,6688,0,0,176,-8,8,0,176,0,0,0,0,176,0,0,0
9,0,51,1,0,16,unchanged,0,16,16,0,0,960,1088,1088,1088,0,0,16,-8,8,0,16,0,0,0,0,16,0,0,0
9,0,51,1,0,16,one_edit,0,64,40,0,0,3840,4352,4352,4352,0,0,64,-8,8,0,64,0,0,0,0,64,0,0,0
9,0,51,1,0,16,far,0,176,70,0,0,10560,11968,11968,11968,0,0,176,-8,8,0,176,0,0,0,0,176,0,0,0
9,0,51,1,2,1,unchanged,0,16,16,0,0,360,488,488,520,0,0,16,-10,10,0,0,16,-2,2,0,0,16,-2,2
9,0,51,1,2,1,one_edit,0,64,40,0,0,1440,1952,1952,2080,0,0,64,-10,10,0,0,64,-2,2,0,0,64,-2,2
9,0,51,1,2,1,far,0,176,70,0,0,3960,5368,5368,5720,0,0,176,-10,10,0,0,176,-2,2,0,0,176,-2,2
9,0,51,1,2,4,unchanged,0,16,16,0,0,480,608,608,640,0,0,16,-10,10,0,0,16,-2,2,0,0,16,-2,2
9,0,51,1,2,4,one_edit,0,64,40,0,0,1920,2432,2432,2560,0,0,64,-10,10,0,0,64,-2,2,0,0,64,-2,2
9,0,51,1,2,4,far,0,176,70,0,0,5280,6688,6688,7040,0,0,176,-10,10,0,0,176,-2,2,0,0,176,-2,2
9,0,51,1,2,16,unchanged,0,16,16,0,0,960,1088,1088,1120,0,0,16,-10,10,0,0,16,-2,2,0,0,16,-2,2
9,0,51,1,2,16,one_edit,0,64,40,0,0,3840,4352,4352,4480,0,0,64,-10,10,0,0,64,-2,2,0,0,64,-2,2
9,0,51,1,2,16,far,0,176,70,0,0,10560,11968,11968,12320,0,0,176,-10,10,0,0,176,-2,2,0,0,176,-2,2
9,0,51,1,4,1,unchanged,0,16,16,0,0,360,488,488,552,0,0,16,-12,12,0,0,16,-4,4,0,0,16,-4,4
9,0,51,1,4,1,one_edit,0,64,40,0,0,1440,1952,1952,2208,0,0,64,-12,12,0,0,64,-4,4,0,0,64,-4,4
9,0,51,1,4,1,far,0,176,70,0,0,3960,5368,5368,6072,0,0,176,-12,12,0,0,176,-4,4,0,0,176,-4,4
9,0,51,1,4,4,unchanged,0,16,16,0,0,480,608,608,672,0,0,16,-12,12,0,0,16,-4,4,0,0,16,-4,4
9,0,51,1,4,4,one_edit,0,64,40,0,0,1920,2432,2432,2688,0,0,64,-12,12,0,0,64,-4,4,0,0,64,-4,4
9,0,51,1,4,4,far,0,176,70,0,0,5280,6688,6688,7392,0,0,176,-12,12,0,0,176,-4,4,0,0,176,-4,4
9,0,51,1,4,16,unchanged,0,16,16,0,0,960,1088,1088,1152,0,0,16,-12,12,0,0,16,-4,4,0,0,16,-4,4
9,0,51,1,4,16,one_edit,0,64,40,0,0,3840,4352,4352,4608,0,0,64,-12,12,0,0,64,-4,4,0,0,64,-4,4
9,0,51,1,4,16,far,0,176,70,0,0,10560,11968,11968,12672,0,0,176,-12,12,0,0,176,-4,4,0,0,176,-4,4
9,0,51,1,8,1,unchanged,0,16,16,0,0,360,488,488,616,0,0,16,-16,16,0,0,16,-8,8,0,0,16,-8,8
9,0,51,1,8,1,one_edit,0,64,40,0,0,1440,1952,1952,2464,0,0,64,-16,16,0,0,64,-8,8,0,0,64,-8,8
9,0,51,1,8,1,far,0,176,70,0,0,3960,5368,5368,6776,0,0,176,-16,16,0,0,176,-8,8,0,0,176,-8,8
9,0,51,1,8,4,unchanged,0,16,16,0,0,480,608,608,736,0,0,16,-16,16,0,0,16,-8,8,0,0,16,-8,8
9,0,51,1,8,4,one_edit,0,64,40,0,0,1920,2432,2432,2944,0,0,64,-16,16,0,0,64,-8,8,0,0,64,-8,8
9,0,51,1,8,4,far,0,176,70,0,0,5280,6688,6688,8096,0,0,176,-16,16,0,0,176,-8,8,0,0,176,-8,8
9,0,51,1,8,16,unchanged,0,16,16,0,0,960,1088,1088,1216,0,0,16,-16,16,0,0,16,-8,8,0,0,16,-8,8
9,0,51,1,8,16,one_edit,0,64,40,0,0,3840,4352,4352,4864,0,0,64,-16,16,0,0,64,-8,8,0,0,64,-8,8
9,0,51,1,8,16,far,0,176,70,0,0,10560,11968,11968,13376,0,0,176,-16,16,0,0,176,-8,8,0,0,176,-8,8
9,0,51,2,0,1,unchanged,0,16,16,0,0,540,668,668,668,0,0,16,-8,8,0,16,0,0,0,0,16,0,0,0
9,0,51,2,0,1,one_edit,0,64,40,0,0,2160,2672,2672,2672,0,0,64,-8,8,0,64,0,0,0,0,64,0,0,0
9,0,51,2,0,1,far,0,176,70,0,0,5940,7348,7348,7348,0,0,176,-8,8,0,176,0,0,0,0,176,0,0,0
9,0,51,2,0,4,unchanged,0,16,16,0,0,720,848,848,848,0,0,16,-8,8,0,16,0,0,0,0,16,0,0,0
9,0,51,2,0,4,one_edit,0,64,40,0,0,2880,3392,3392,3392,0,0,64,-8,8,0,64,0,0,0,0,64,0,0,0
9,0,51,2,0,4,far,0,176,70,0,0,7920,9328,9328,9328,0,0,176,-8,8,0,176,0,0,0,0,176,0,0,0
9,0,51,2,0,16,unchanged,0,16,16,0,0,1440,1568,1568,1568,0,0,16,-8,8,0,16,0,0,0,0,16,0,0,0
9,0,51,2,0,16,one_edit,0,64,40,0,0,5760,6272,6272,6272,0,0,64,-8,8,0,64,0,0,0,0,64,0,0,0
9,0,51,2,0,16,far,0,176,70,0,0,15840,17248,17248,17248,0,0,176,-8,8,0,176,0,0,0,0,176,0,0,0
9,0,51,2,2,1,unchanged,0,16,16,0,0,540,668,668,700,0,0,16,-10,10,0,0,16,-2,2,0,0,16,-2,2
9,0,51,2,2,1,one_edit,0,64,40,0,0,2160,2672,2672,2800,0,0,64,-10,10,0,0,64,-2,2,0,0,64,-2,2
9,0,51,2,2,1,far,0,176,70,0,0,5940,7348,7348,7700,0,0,176,-10,10,0,0,176,-2,2,0,0,176,-2,2
9,0,51,2,2,4,unchanged,0,16,16,0,0,720,848,848,880,0,0,16,-10,10,0,0,16,-2,2,0,0,16,-2,2
9,0,51,2,2,4,one_edit,0,64,40,0,0,2880,3392,3392,3520,0,0,64,-10,10,0,0,64,-2,2,0,0,64,-2,2
9,0,51,2,2,4,far,0,176,70,0,0,7920,9328,9328,9680,0,0,176,-10,10,0,0,176,-2,2,0,0,176,-2,2
9,0,51,2,2,16,unchanged,0,16,16,0,0,1440,1568,1568,1600,0,0,16,-10,10,0,0,16,-2,2,0,0,16,-2,2
9,0,51,2,2,16,one_edit,0,64,40,0,0,5760,6272,6272,6400,0,0,64,-10,10,0,0,64,-2,2,0,0,64,-2,2
9,0,51,2,2,16,far,0,176,70,0,0,15840,17248,17248,17600,0,0,176,-10,10,0,0,176,-2,2,0,0,176,-2,2
9,0,51,2,4,1,unchanged,0,16,16,0,0,540,668,668,732,0,0,16,-12,12,0,0,16,-4,4,0,0,16,-4,4
9,0,51,2,4,1,one_edit,0,64,40,0,0,2160,2672,2672,2928,0,0,64,-12,12,0,0,64,-4,4,0,0,64,-4,4
9,0,51,2,4,1,far,0,176,70,0,0,5940,7348,7348,8052,0,0,176,-12,12,0,0,176,-4,4,0,0,176,-4,4
9,0,51,2,4,4,unchanged,0,16,16,0,0,720,848,848,912,0,0,16,-12,12,0,0,16,-4,4,0,0,16,-4,4
9,0,51,2,4,4,one_edit,0,64,40,0,0,2880,3392,3392,3648,0,0,64,-12,12,0,0,64,-4,4,0,0,64,-4,4
9,0,51,2,4,4,far,0,176,70,0,0,7920,9328,9328,10032,0,0,176,-12,12,0,0,176,-4,4,0,0,176,-4,4
9,0,51,2,4,16,unchanged,0,16,16,0,0,1440,1568,1568,1632,0,0,16,-12,12,0,0,16,-4,4,0,0,16,-4,4
9,0,51,2,4,16,one_edit,0,64,40,0,0,5760,6272,6272,6528,0,0,64,-12,12,0,0,64,-4,4,0,0,64,-4,4
9,0,51,2,4,16,far,0,176,70,0,0,15840,17248,17248,17952,0,0,176,-12,12,0,0,176,-4,4,0,0,176,-4,4
9,0,51,2,8,1,unchanged,0,16,16,0,0,540,668,668,796,0,0,16,-16,16,0,0,16,-8,8,0,0,16,-8,8
9,0,51,2,8,1,one_edit,0,64,40,0,0,2160,2672,2672,3184,0,0,64,-16,16,0,0,64,-8,8,0,0,64,-8,8
9,0,51,2,8,1,far,0,176,70,0,0,5940,7348,7348,8756,0,0,176,-16,16,0,0,176,-8,8,0,0,176,-8,8
9,0,51,2,8,4,unchanged,0,16,16,0,0,720,848,848,976,0,0,16,-16,16,0,0,16,-8,8,0,0,16,-8,8
9,0,51,2,8,4,one_edit,0,64,40,0,0,2880,3392,3392,3904,0,0,64,-16,16,0,0,64,-8,8,0,0,64,-8,8
9,0,51,2,8,4,far,0,176,70,0,0,7920,9328,9328,10736,0,0,176,-16,16,0,0,176,-8,8,0,0,176,-8,8
9,0,51,2,8,16,unchanged,0,16,16,0,0,1440,1568,1568,1696,0,0,16,-16,16,0,0,16,-8,8,0,0,16,-8,8
9,0,51,2,8,16,one_edit,0,64,40,0,0,5760,6272,6272,6784,0,0,64,-16,16,0,0,64,-8,8,0,0,64,-8,8
9,0,51,2,8,16,far,0,176,70,0,0,15840,17248,17248,18656,0,0,176,-16,16,0,0,176,-8,8,0,0,176,-8,8
9,0,51,4,0,1,unchanged,0,11,11,0,0,450,538,538,538,0,0,11,-8,8,0,11,0,0,0,0,11,0,0,0
9,0,51,4,0,1,one_edit,0,44,30,0,0,1860,2212,2212,2212,0,0,44,-8,8,0,44,0,0,0,0,44,0,0,0
9,0,51,4,0,1,far,0,121,60,0,0,5190,6158,6158,6158,0,0,121,-8,8,0,121,0,0,0,0,121,0,0,0
9,0,51,4,0,1,one_edit,1,20,10,0,0,1740,1560,1560,1560,20,0,0,10,-8,0,20,0,0,0,0,20,0,0,0
9,0,51,4,0,1,unchanged,1,5,5,0,0,450,400,400,400,5,0,0,10,-10,0,5,0,0,0,0,5,0,0,0
9,0,51,4,0,1,far,1,55,10,0,0,4710,4250,4250,4250,55,0,0,10,-8,0,55,0,0,0,0,55,0,0,0
9,0,51,4,0,4,unchanged,0,11,11,0,0,600,688,688,688,0,0,11,-8,8,0,11,0,0,0,0,11,0,0,0
9,0,51,4,0,4,one_edit,0,44,30,10,9,2640,2992,2992,2942,0,0,44,-3,8,10,34,0,5,0,10,34,0,5,0
9,0,51,4,0,4,far,0,121,60,45,41,7560,8528,8528,8333,0,0,121,-3,8,45,76,0,5,0,45,76,0,5,0
9,0,51,4,0,4,one_edit,1,20,10,0,0,2160,1920,1920,1920,20,0,0,16,-8,0,20,0,0,0,0,20,0,0,0
9,0,51,4,0,4,unchanged,1,5,5,0,0,600,520,520,520,5,0,0,16,-16,0,5,0,0,0,0,5,0,0,0
9,0,51,4,0,4,far,1,55,10,0,0,5640,5120,5120,5120,55,0,0,16,-8,0,55,0,0,0,0,55,0,0,0
9,0,51,4,0,16,unchanged,0,11,11,0,0,1200,1288,1288,1288,0,0,11,-8,8,0,11,0,0,0,0,11,0,0,0
9,0,51,4,0,16,one_edit,0,44,30,10,10,5760,6112,5872,5822,10,0,34,21,8,10,34,0,29,0,10,34,0,5,0
9,0,51,4,0,16,far,0,121,60,45,45,17040,18008,16928,16733,45,0,76,21,8,45,76,0,29,0,45,76,0,5,0
9,0,51,4,0,16,one_edit,1,20,10,0,0,3840,3360,3360,3360,20,0,0,40,-8,0,20,0,0,0,0,20,0,0,0
9,0,51,4,0,16,unchanged,1,5,5,0,0,1200,1000,1000,1000,5,0,0,40,-40,0,5,0,0,0,0,5,0,0,0
9,0,51,4,0,16,far,1,55,10,0,0,9360,8600,8600,8600,55,0,0,40,-8,0,55,0,0,0,0,55,0,0,0
9,0,51,4,2,1,unchanged,0,11,11,0,0,450,538,538,560,0,0,11,-10,10,0,0,11,-2,2,0,0,11,-2,2
9,0,51,4,2,1,one_edit,0,44,30,0,0,1860,2212,2212,2300,0,0,44,-10,10,0,0,44,-2,2,0,0,44,-2,2
9,0,51,4,2,1,far,0,121,60,0,0,5190,6158,6158,6400,0,0,121,-10,10,0,0,121,-2,2,0,0,121,-2,2
9,0,51,4,2,1,one_edit,1,20,10,0,0,1740,1560,1560,1600,20,0,0,8,-6,0,0,20,-2,2,0,0,20,-2,2
9,0,51,4,2,1,unchanged,1,5,5,0,0,450,400,400,410,5,0,0,8,-8,0,0,5,-2,2,0,0,5,-2,2
9,0,51,4,2,1,far,1,55,10,0,0,4710,4250,4250,4360,55,0,0,8,-6,0,0,55,-2,2,0,0,55,-2,2
9,0,51,4,2,4,unchanged,0,11,11,0,0,600,688,688,710,0,0,11,-10,10,0,0,11,-2,2,0,0,11,-2,2
9,0,51,4,2,4,one_edit,0,44,30,10,9,2640,2992,2992,3030,0,0,44,-5,10,10,0,34,3,2,10,0,34,3,2
9,0,51,4,2,4,far,0,121,60,45,41,7560,8528,8528,8575,0,0,121,-5,10,45,0,76,3,2,45,0,76,3,2
9,0,51,4,2,4,one_edit,1,20,10,0,0,2160,1920,1920,1960,20,0,0,14,-6,0,0,20,-2,2,0,0,20,-2,2
9,0,51,4,2,4,unchanged,1,5,5,0,0,600,520,520,530,5,0,0,14,-14,0,0,5,-2,2,0,0,5,-2,2
9,0,51,4,2,4,far,1,55,10,0,0,5640,5120,5120,5230,55,0,0,14,-6,0,0,55,-2,2,0,0,55,-2,2
9,0,51,4,2,16,unchanged,0,11,11,0,0,1200,1288,1288,1310,0,0,11,-10,10,0,0,11,-2,2,0,0,11,-2,2
9,0,51,4,2,16,one_edit,0,44,30,10,10,5760,6112,5872,5910,10,0,34,19,10,10,0,34,27,2,10,0,34,3,2
9,0,51,4,2,16,far,0,121,60,45,45,17040,18008,16928,16975,45,0,76,19,10,45,0,76,27,2,45,0,76,3,2
9,0,51,4,2,16,one_edit,1,20,10,0,0,3840,3360,3360,3400,20,0,0,38,-6,0,0,20,-2,2,0,0,20,-2,2
9,0,51,4,2,16,unchanged,1,5,5,0,0,1200,1000,1000,1010,5,0,0,38,-38,0,0,5,-2,2,0,0,5,-2,2
9,0,51,4,2,16,far,1,55,10,0,0,9360,8600,8600,8710,55,0,0,38,-6,0,0,55,-2,2,0,0,55,-2,2
9,0,51,4,4,1,unchanged,0,11,11,0,0,450,538,538,582,0,0,11,-12,12,0,0,11,-4,4,0,0,11,-4,4
9,0,51,4,4,1,one_edit,0,44,30,0,0,1860,2212,2212,2388,0,0,44,-12,12,0,0,44,-4,4,0,0,44,-4,4
9,0,51,4,4,1,far,0,121,60,0,0,5190,6158,6158,6642,0,0,121,-12,12,0,0,121,-4,4,0,0,121,-4,4
9,0,51,4,4,1,one_edit,1,20,10,0,0,1740,1560,1560,1640,20,0,0,6,-4,0,0,20,-4,4,0,0,20,-4,4
9,0,51,4,4,1,unchanged,1,5,5,0,0,450,400,400,420,5,0,0,6,-6,0,0,5,-4,4,0,0,5,-4,4
9,0,51,4,4,1,far,1,55,10,0,0,4710,4250,4250,4470,55,0,0,6,-4,0,0,55,-4,4,0,0,55,-4,4
9,0,51,4,4,4,unchanged,0,11,11,0,0,600,688,688,732,0,0,11,-12,12,0,0,11,-4,4,0,0,11,-4,4
9,0,51,4,4,4,one_edit,0,44,30,10,9,2640,2992,2992,3118,0,0,44,-7,12,10,0,34,1,4,10,0,34,1,4
9,0,51,4,4,4,far,0,121,60,45,41,7560,8528,8528,8817,0,0,121,-7,12,30,0,91,1,4,30,0,91,1,4
9,0,51,4,4,4,one_edit,1,20,10,0,0,2160,1920,1920,2000,20,0,0,12,-4,0,0,20,-4,4,0,0,20,-4,4
9,0,51,4,4,4,unchanged,1,5,5,0,0,600,520,520,540,5,0,0,12,-12,0,0,5,-4,4,0,0,5,-4,4
9,0,51,4,4,4,far,1,55,10,0,0,5640,5120,5120,5340,55,0,0,12,-4,0,0,55,-4,4,0,0,55,-4,4
9,0,51,4,4,16,unchanged,0,11,11,0,0,1200,1288,1288,1332,0,0,11,-12,12,0,0,11,-4,4,0,0,11,-4,4
9,0,51,4,4,16,one_edit,0,44,30,10,10,5760,6112,5872,5998,10,0,34,17,12,10,0,34,25,4,10,0,34,1,4
9,0,51,4,4,16,far,0,121,60,45,45,17040,18008,16928,17217,45,0,76,17,12,45,0,76,25,4,30,0,91,1,4
9,0,51,4,4,16,one_edit,1,20,10,0,0,3840,3360,3360,3440,20,0,0,36,-4,0,0,20,-4,4,0,0,20,-4,4
9,0,51,4,4,16,unchanged,1,5,5,0,0,1200,1000,1000,1020,5,0,0,36,-36,0,0,5,-4,4,0,0,5,-4,4
9,0,51,4,4,16,far,1,55,10,0,0,9360,8600,8600,8820,55,0,0,36,-4,0,0,55,-4,4,0,0,55,-4,4
9,0,51,4,8,1,unchanged,0,11,11,0,0,450,538,538,626,0,0,11,-16,16,0,0,11,-8,8,0,0,11,-8,8
9,0,51,4,8,1,one_edit,0,44,30,0,0,1860,2212,2212,2564,0,0,44,-16,16,0,0,44,-8,8,0,0,44,-8,8
9,0,51,4,8,1,far,0,121,60,0,0,5190,6158,6158,7126,0,0,121,-16,16,0,0,121,-8,8,0,0,121,-8,8
9,0,51,4,8,1,one_edit,1,20,10,0,0,1740,1560,1560,1720,10,10,0,2,0,0,0,20,-8,8,0,0,20,-8,8
9,0,51,4,8,1,unchanged,1,5,5,0,0,450,400,400,440,5,0,0,2,-2,0,0,5,-8,8,0,0,5,-8,8
9,0,51,4,8,1,far,1,55,10,0,0,4710,4250,4250,4690,10,45,0,2,0,0,0,55,-8,8,0,0,55,-8,8
9,0,51,4,8,4,unchanged,0,11,11,0,0,600,688,688,776,0,0,11,-16,16,0,0,11,-8,8,0,0,11,-8,8
9,0,51,4,8,4,one_edit,0,44,30,10,9,2640,2992,2992,3294,0,0,44,-11,16,0,0,44,-3,8,0,0,44,-3,8
9,0,51,4,8,4,far,0,121,60,45,41,7560,8528,8528,9301,0,0,121,-11,16,0,0,121,-3,8,0,0,121,-3,8
9,0,51,4,8,4,one_edit,1,20,10,0,0,2160,1920,1920,2080,10,10,0,8,0,0,0,20,-8,8,0,0,20,-8,8
9,0,51,4,8,4,unchanged,1,5,5,0,0,600,520,520,560,5,0,0,8,-8,0,0,5,-8,8,0,0,5,-8,8
9,0,51,4,8,4,far,1,55,10,0,0,5640,5120,5120,5560,10,45,0,8,0,0,0,55,-8,8,0,0,55,-8,8
9,0,51,4,8,16,unchanged,0,11,11,0,0,1200,1288,1288,1376,0,0,11,-16,16,0,0,11,-8,8,0,0,11,-8,8
9,0,51,4,8,16,one_edit,0,44,30,10,10,5760,6112,5872,6174,10,0,34,13,16,10,0,34,21,8,0,0,44,-3,8
9,0,51,4,8,16,far,0,121,60,45,45,17040,18008,16928,17701,45,0,76,13,16,45,0,76,21,8,0,0,121,-3,8
9,0,51,4,8,16,one_edit,1,20,10,0,0,3840,3360,3360,3520,10,10,0,32,0,0,0,20,-8,8,0,0,20,-8,8
9,0,51,4,8,16,unchanged,1,5,5,0,0,1200,1000,1000,1040,5,0,0,32,-32,0,0,5,-8,8,0,0,5,-8,8
9,0,51,4,8,16,far,1,55,10,0,0,9360,8600,8600,9040,10,45,0,32,0,0,0,55,-8,8,0,0,55,-8,8
9,4,30,0,0,1,unchanged,0,16,16,0,0,846,974,974,974,0,0,16,-8,8,0,16,0,0,0,0,16,0,0,0
9,4,30,0,0,1,one_edit,0,64,4,0,0,3384,3896,3896,3896,0,0,64,-8,8,0,64,0,0,0,0,64,0,0,0
9,4,30,0,0,1,far,0,176,8,0,0,9306,10714,10714,10714,0,0,176,-8,8,0,176,0,0,0,0,176,0,0,0
9,4,30,0,0,4,unchanged,0,16,16,0,0,1128,1256,1256,1256,0,0,16,-8,8,0,16,0,0,0,0,16,0,0,0
9,4,30,0,0,4,one_edit,0,64,4,0,0,4512,5024,5024,5024,0,0,64,-8,8,0,64,0,0,0,0,64,0,0,0
9,4,30,0,0,4,far,0,176,8,0,0,12408,13816,13816,13816,0,0,176,-8,8,0,176,0,0,0,0,176,0,0,0
9,4,30,0,0,16,unchanged,0,16,16,0,0,2256,2384,2384,2384,0,0,16,-8,8,0,16,0,0,0,0,16,0,0,0
9,4,30,0,0,16,one_edit,0,64,4,0,0,9024,9536,9536,9536,0,0,64,-8,8,0,64,0,0,0,0,64,0,0,0
9,4,30,0,0,16,far,0,176,8,0,0,24816,26224,26224,26224,0,0,176,-8,8,0,176,0,0,0,0,176,0,0,0
9,4,30,0,2,1,unchanged,0,16,16,0,0,846,974,974,1006,0,0,16,-10,10,0,0,16,-2,2,0,0,16,-2,2
9,4,30,0,2,1,one_edit,0,64,4,0,0,3384,3896,3896,4024,0,0,64,-10,10,0,0,64,-2,2,0,0,64,-2,2
9,4,30,0,2,1,far,0,176,8,0,0,9306,10714,10714,11066,0,0,176,-10,10,0,0,176,-2,2,0,0,176,-2,2
9,4,30,0,2,4,unchanged,0,16,16,0,0,1128,1256,1256,1288,0,0,16,-10,10,0,0,16,-2,2,0,0,16,-2,2
9,4,30,0,2,4,one_edit,0,64,4,0,0,4512,5024,5024,5152,0,0,64,-10,10,0,0,64,-2,2,0,0,64,-2,2
9,4,30,0,2,4,far,0,176,8,0,0,12408,13816,13816,14168,0,0,176,-10,10,0,0,176,-2,2,0,0,176,-2,2
9,4,30,0,2,16,unchanged,0,16,16,0,0,2256,2384,2384,2416,0,0,16,-10,10,0,0,16,-2,2,0,0,16,-2,2
9,4,30,0,2,16,one_edit,0,64,4,0,0,9024,9536,9536,9664,0,0,64,-10,10,0,0,64,-2,2,0,0,64,-2,2
9,4,30,0,2,16,far,0,176,8,0,0,24816,26224,26224,26576,0,0,176,-10,10,0,0,176,-2,2,0,0,176,-2,2
9,4,30,0,4,1,unchanged,0,16,16,0,0,846,974,974,1038,0,0,16,-12,12,0,0,16,-4,4,0,0,16,-4,4
9,4,30,0,4,1,one_edit,0,64,4,0,0,3384,3896,3896,4152,0,0,64,-12,12,0,0,64,-4,4,0,0,64,-4,4
9,4,30,0,4,1,far,0,176,8,0,0,9306,10714,10714,11418,0,0,176,-12,12,0,0,176,-4,4,0,0,176,-4,4
9,4,30,0,4,4,unchanged,0,16,16,0,0,1128,1256,1256,1320,0,0,16,-12,12,0,0,16,-4,4,0,0,16,-4,4
9,4,30,0,4,4,one_edit,0,64,4,0,0,4512,5024,5024,5280,0,0,64,-12,12,0,0,64,-4,4,0,0,64,-4,4
9,4,30,0,4,4,far,0,176,8,0,0,12408,13816,13816,14520,0,0,176,-12,12,0,0,176,-4,4,0,0,176,-4,4
9,4,30,0,4,16,unchanged,0,16,16,0,0,2256,2384,2384,2448,0,0,16,-12,12,0,0,16,-4,4,0,0,16,-4,4
9,4,30,0,4,16,one_edit,0,64,4,0,0,9024,9536,9536,9792,0,0,64,-12,12,0,0,64,-4,4,0,0,64,-4,4
9,4,30,0,4,16,far,0,176,8,0,0,24816,26224,26224,26928,0,0,176,-12,12,0,0,176,-4,4,0,0,176,-4,4
9,4,30,0,8,1,unchanged,0,16,16,0,0,846,974,974,1102,0,0,16,-16,16,0,0,16,-8,8,0,0,16,-8,8
9,4,30,0,8,1,one_edit,0,64,4,0,0,3384,3896,3896,4408,0,0,64,-16,16,0,0,64,-8,8,0,0,64,-8,8
9,4,30,0,8,1,far,0,176,8,0,0,9306,10714,10714,12122,0,0,176,-16,16,0,0,176,-8,8,0,0,176,-8,8
9,4,30,0,8,4,unchanged,0,16,16,0,0,1128,1256,1256,1384,0,0,16,-16,16,0,0,16,-8,8,0,0,16,-8,8
9,4,30,0,8,4,one_edit,0,64,4,0,0,4512,5024,5024,5536,0,0,64,-16,16,0,0,64,-8,8,0,0,64,-8,8
9,4,30,0,8,4,far,0,176,8,0,0,12408,13816,13816,15224,0,0,176,-16,16,0,0,176,-8,8,0,0,176,-8,8
9,4,30,0,8,16,unchanged,0,16,16,0,0,2256,2384,2384,2512,0,0,16,-16,16,0,0,16,-8,8,0,0,16,-8,8
9,4,30,0,8,16,one_edit,0,64,4,0,0,9024,9536,9536,10048,0,0,64,-16,16,0,0,64,-8,8,0,0,64,-8,8
9,4,30,0,8,16,far,0,176,8,0,0,24816,26224,26224,27632,0,0,176,-16,16,0,0,176,-8,8,0,0,176,-8,8
9,4,30,1,0,1,unchanged,0,5,5,0,0,342,364,364,364,2,0,3,1,8,0,5,0,0,0,0,5,0,0,0
9,4,30,1,0,1,one_edit,0,20,2,2,0,1400,1494,1494,1492,4,4,12,1,8,2,18,0,1,0,2,18,0,1,0
9,4,30,1,0,1,far,0,55,4,12,0,4062,4318,4318,4306,14,8,33,1,8,12,43,0,1,0,12,43,0,1,0
9,4,30,1,0,1,far,1,121,4,30,0,14550,11388,11388,11382,121,0,0,43,-8,6,115,0,1,0,6,115,0,1,0
9,4,30,1,0,1,one_edit,1,44,2,28,0,5368,4222,4222,4160,44,0,0,43,-8,22,22,0,3,0,22,22,0,3,0
9,4,30,1,0,1,unchanged,1,11,11,0,0,1350,1024,1024,1024,11,0,0,46,-10,0,11,0,0,0,0,11,0,0,0
9,4,30,1,0,4,unchanged,0,5,5,4,2,456,472,464,444,4,0,1,9,8,4,1,0,9,0,4,1,0,5,0
9,4,30,1,0,4,one_edit,0,20,2,16,14,1952,2040,1976,1912,8,2,10,13,8,16,4,0,13,0,16,4,0,5,0
9,4,30,1,0,4,far,0,55,4,55,47,6216,6448,5948,5794,46,0,9,19,3,55,0,0,19,-1,50,5,0,5,0
9,4,30,1,0,4,far,1,121,4,99,97,18600,15192,14608,14281,121,0,0,59,-8,99,22,0,19,0,97,24,0,5,0
9,4,30,1,0,4,one_edit,1,44,2,36,35,7072,5848,5464,5300,44,0,0,61,-15,36,8,0,21,0,36,8,0,5,0
9,4,30,1,0,4,unchanged,1,11,11,3,0,1800,1336,1336,1333,11,0,0,64,-17,3,8,0,1,0,3,8,0,1,0
9,4,30,1,0,16,unchanged,0,5,5,4,4,912,904,776,756,4,0,1,45,8,4,1,0,45,0,4,1,0,5,0
9,4,30,1,0,16,one_edit,0,20,2,16,16,4160,4224,3584,3520,16,2,2,61,8,16,4,0,61,0,16,4,0,5,0
9,4,30,1,0,16,far,0,55,4,55,55,14832,14968,11648,11494,55,0,0,91,-33,55,0,0,91,-25,50,5,0,5,0
9,4,30,1,0,16,far,1,121,4,101,101,34800,30408,25680,25352,121,0,0,131,-8,101,20,0,91,0,98,23,0,5,0
9,4,30,1,0,16,one_edit,1,44,2,36,36,13888,12352,9952,9788,44,0,0,133,-51,36,8,0,93,0,36,8,0,5,0
9,4,30,1,0,16,unchanged,1,11,11,3,3,3600,2584,2560,2545,11,0,0,136,-53,3,8,0,13,0,3,8,0,5,0
9,4,30,1,2,1,unchanged,0,5,5,0,0,342,364,364,374,0,0,5,-1,10,0,0,5,-2,2,0,0,5,-2,2
9,4,30,1,2,1,one_edit,0,20,2,2,0,1400,1494,1494,1532,0,0,20,-1,10,0,0,20,-1,2,0,0,20,-1,2
9,4,30,1,2,1,far,0,55,4,12,0,4062,4318,4318,4416,0,0,55,-1,10,0,0,55,-1,2,0,0,55,-1,2
9,4,30,1,2,1,far,1,121,4,30,0,14550,11388,11388,11624,121,0,0,41,-6,0,0,121,-1,2,0,0,121,-1,2
9,4,30,1,2,1,one_edit,1,44,2,28,0,5368,4222,4222,4248,44,0,0,41,-6,20,0,24,1,2,20,0,24,1,2
9,4,30,1,2,1,unchanged,1,11,11,0,0,1350,1024,1024,1046,11,0,0,44,-8,0,0,11,-2,2,0,0,11,-2,2
9,4,30,1,2,4,unchanged,0,5,5,4,2,456,472,464,454,2,0,3,7,10,4,0,1,7,2,4,0,1,3,2
9,4,30,1,2,4,one_edit,0,20,2,16,14,1952,2040,1976,1952,6,0,14,11,10,16,0,4,11,2,16,0,4,3,2
9,4,30,1,2,4,far,0,55,4,55,47,6216,6448,5948,5904,38,0,17,17,5,53,0,2,17,1,36,0,19,3,2
9,4,30,1,2,4,far,1,121,4,99,97,18600,15192,14608,14523,121,0,0,57,-6,99,0,22,17,2,80,0,41,3,2
9,4,30,1,2,4,one_edit,1,44,2,36,35,7072,5848,5464,5388,44,0,0,59,-13,36,0,8,19,2,36,0,8,3,2
9,4,30,1,2,4,unchanged,1,11,11,3,0,1800,1336,1336,1355,11,0,0,62,-15,0,0,11,-1,2,0,0,11,-1,2
9,4,30,1,2,16,unchanged,0,5,5,4,4,912,904,776,766,4,0,1,43,10,4,0,1,43,2,4,0,1,3,2
9,4,30,1,2,16,one_edit,0,20,2,16,16,4160,4224,3584,3560,16,0,4,59,10,16,0,4,59,2,16,0,4,3,2
9,4,30,1,2,16,far,0,55,4,55,55,14832,14968,11648,11604,55,0,0,89,-31,55,0,0,89,-23,36,0,19,3,2
9,4,30,1,2,16,far,1,121,4,101,101,34800,30408,25680,25594,121,0,0,129,-6,101,0,20,89,2,80,0,41,3,2
9,4,30,1,2,16,one_edit,1,44,2,36,36,13888,12352,9952,9876,44,0,0,131,-49,36,0,8,91,2,36,0,8,3,2
9,4,30,1,2,16,unchanged,1,11,11,3,3,3600,2584,2560,2567,11,0,0,134,-51,3,0,8,11,2,3,0,8,3,2
9,4,30,1,4,1,unchanged,0,5,5,0,0,342,364,364,384,0,0,5,-3,12,0,0,5,-4,4,0,0,5,-4,4
9,4,30,1,4,1,one_edit,0,20,2,2,0,1400,1494,1494,1572,0,0,20,-3,12,0,0,20,-3,4,0,0,20,-3,4
9,4,30,1,4,1,far,0,55,4,12,0,4062,4318,4318,4526,0,0,55,-3,12,0,0,55,-3,4,0,0,55,-3,4
9,4,30,1,4,1,far,1,121,4,30,0,14550,11388,11388,11866,121,0,0,39,-4,0,0,121,-3,4,0,0,121,-3,4
9,4,30,1,4,1,one_edit,1,44,2,28,0,5368,4222,4222,4336,44,0,0,39,-4,0,0,44,-1,4,0,0,44,-1,4
9,4,30,1,4,1,unchanged,1,11,11,0,0,1350,1024,1024,1068,11,0,0,42,-6,0,0,11,-4,4,0,0,11,-4,4
9,4,30,1,4,4,unchanged,0,5,5,4,2,456,472,464,464,2,0,3,5,12,4,0,1,5,4,4,0,1,1,4
9,4,30,1,4,4,one_edit,0,20,2,16,14,1952,2040,1976,1992,6,0,14,9,12,16,0,4,9,4,8,0,12,1,4
9,4,30,1,4,4,far,0,55,4,55,47,6216,6448,5948,6014,37,0,18,15,7,53,0,2,15,3,16,0,39,1,4
9,4,30,1,4,4,far,1,121,4,99,97,18600,15192,14608,14765,121,0,0,55,-4,93,2,26,15,4,35,0,86,1,4
9,4,30,1,4,4,one_edit,1,44,2,36,35,7072,5848,5464,5476,44,0,0,57,-11,34,0,10,17,4,28,0,16,1,4
9,4,30,1,4,4,unchanged,1,11,11,3,0,1800,1336,1336,1377,11,0,0,60,-13,0,0,11,-3,4,0,0,11,-3,4
9,4,30,1,4,16,unchanged,0,5,5,4,4,912,904,776,776,4,0,1,41,12,4,0,1,41,4,4,0,1,1,4
9,4,30,1,4,16,one_edit,0,20,2,16,16,4160,4224,3584,3600,16,0,4,57,12,16,0,4,57,4,8,0,12,1,4
9,4,30,1,4,16,far,0,55,4,55,55,14832,14968,11648,11714,55,0,0,87,-29,55,0,0,87,-21,16,0,39,1,4
9,4,30,1,4,16,far,1,121,4,101,101,34800,30408,25680,25836,121,0,0,127,-4,101,0,20,87,4,35,0,86,1,4
9,4,30,1,4,16,one_edit,1,44,2,36,36,13888,12352,9952,9964,44,0,0,129,-47,36,0,8,89,4,28,0,16,1,4
9,4,30,1,4,16,unchanged,1,11,11,3,3,3600,2584,2560,2589,11,0,0,132,-49,3,0,8,9,4,3,0,8,1,4
9,4,30,1,8,1,unchanged,0,5,5,0,0,342,364,364,404,0,0,5,-7,16,0,0,5,-8,8,0,0,5,-8,8
9,4,30,1,8,1,one_edit,0,20,2,2,0,1400,1494,1494,1652,0,0,20,-7,16,0,0,20,-7,8,0,0,20,-7,8
9,4,30,1,8,1,far,0,55,4,12,0,4062,4318,4318,4746,0,0,55,-7,16,0,0,55,-7,8,0,0,55,-7,8
9,4,30,1,8,1,far,1,121,4,30,0,14550,11388,11388,12350,104,17,0,35,0,0,0,121,-7,8,0,0,121,-7,8
9,4,30,1,8,1,one_edit,1,44,2,28,0,5368,4222,4222,4512,40,4,0,35,0,0,0,44,-5,8,0,0,44,-5,8
9,4,30,1,8,1,unchanged,1,11,11,0,0,1350,1024,1024,1112,11,0,0,38,-2,0,0,11,-8,8,0,0,11,-8,8
9,4,30,1,8,4,unchanged,0,5,5,4,2,456,472,464,484,2,0,3,1,16,2,0,3,1,8,0,0,5,-3,8
9,4,30,1,8,4,one_edit,0,20,2,16,14,1952,2040,1976,2072,6,0,14,5,16,6,0,14,5,8,0,0,20,-3,8
9,4,30,1,8,4,far,0,55,4,55,47,6216,6448,5948,6234,32,3,20,11,11,38,0,17,11,7,0,0,55,-3,8
9,4,30,1,8,4,far,1,121,4,99,97,18600,15192,14608,15249,118,3,0,51,0,50,0,71,11,8,0,0,121,-3,8
9,4,30,1,8,4,one_edit,1,44,2,36,35,7072,5848,5464,5652,44,0,0,53,-7,28,0,16,13,8,0,0,44,-3,8
9,4,30,1,8,4,unchanged,1,11,11,3,0,1800,1336,1336,1421,11,0,0,56,-9,0,0,11,-7,8,0,0,11,-7,8
9,4,30,1,8,16,unchanged,0,5,5,4,4,912,904,776,796,4,0,1,37,16,4,0,1,37,8,0,0,5,-3,8
9,4,30,1,8,16,one_edit,0,20,2,16,16,4160,4224,3584,3680,16,0,4,53,16,16,0,4,53,8,0,0,20,-3,8
9,4,30,1,8,16,far,0,55,4,55,55,14832,14968,11648,11934,55,0,0,83,-25,55,0,0,83,-17,0,0,55,-3,8
9,4,30,1,8,16,far,1,121,4,101,101,34800,30408,25680,26320,118,3,0,123,0,101,0,20,83,8,0,0,121,-3,8
9,4,30,1,8,16,one_edit,1,44,2,36,36,13888,12352,9952,10140,44,0,0,125,-43,36,0,8,85,8,0,0,44,-3,8
9,4,30,1,8,16,unchanged,1,11,11,3,3,3600,2584,2560,2633,11,0,0,128,-45,3,0,8,5,8,0,0,11,-3,8
9,4,30,2,0,1,unchanged,0,3,3,2,0,243,267,267,261,0,0,3,-5,8,2,1,0,3,0,2,1,0,3,0
9,4,30,2,0,1,one_edit,0,12,0,10,0,1026,1122,1122,1100,0,0,12,-5,8,10,2,0,3,0,10,2,0,3,0
9,4,30,2,0,1,far,0,33,0,31,18,3033,3297,3234,3180,0,0,33,-1,8,31,2,0,7,0,28,5,0,3,0
9,4,30,2,0,1,one_edit,1,52,4,38,24,9126,6122,6038,5888,52,0,0,97,-16,38,14,0,9,0,38,14,0,5,0
9,4,30,2,0,1,far,1,143,8,100,31,24885,16588,16473,16283,143,0,0,95,-19,96,47,0,7,0,94,49,0,3,0
9,4,30,2,0,1,unchanged,1,13,13,0,0,2295,1454,1454,1454,13,0,0,100,-19,0,13,0,0,0,0,13,0,0,0
9,4,30,2,0,4,unchanged,0,3,3,2,2,324,348,316,306,2,0,1,13,8,2,1,0,21,0,2,1,0,5,0
9,4,30,2,0,4,one_edit,0,12,0,10,10,1512,1608,1448,1406,10,0,2,13,8,10,2,0,21,0,10,2,0,5,0
9,4,30,2,0,4,far,0,33,0,33,33,5004,5268,4344,4262,33,0,0,35,-9,33,0,0,43,-17,30,3,0,5,0
9,4,30,2,0,4,one_edit,1,52,4,42,42,12024,8840,7688,7494,52,0,0,133,-16,42,10,0,45,0,42,10,0,5,0
9,4,30,2,0,4,far,1,143,8,123,123,32220,23320,20884,20484,143,0,0,131,-33,123,20,0,43,0,118,25,0,5,0
9,4,30,2,0,4,unchanged,1,13,13,2,2,3060,1904,1896,1886,13,0,0,136,-37,2,11,0,9,0,2,11,0,5,0
9,4,30,2,0,16,unchanged,0,3,3,2,2,648,672,496,486,2,0,1,85,8,2,1,0,93,0,2,1,0,5,0
9,4,30,2,0,16,one_edit,0,12,0,10,10,3456,3552,2672,2630,10,0,2,85,8,10,2,0,93,0,10,2,0,5,0
9,4,30,2,0,16,far,0,33,0,33,33,12888,13152,8664,8582,33,0,0,179,-81,33,0,0,187,-89,30,3,0,5,0
9,4,30,2,0,16,one_edit,1,52,4,42,42,23616,19712,14096,13902,52,0,0,277,-16,42,10,0,189,0,42,10,0,5,0
9,4,30,2,0,16,far,1,143,8,123,123,61560,50248,37552,37152,143,0,0,275,-40,123,20,0,187,0,118,25,0,5,0
9,4,30,2,0,16,unchanged,1,13,13,2,2,6120,3704,3624,3614,13,0,0,280,-109,2,11,0,45,0,2,11,0,5,0
9,4,30,2,2,1,unchanged,0,3,3,2,0,243,267,267,267,0,0,3,-7,10,2,0,1,1,2,2,0,1,1,2
9,4,30,2,2,1,one_edit,0,12,0,10,0,1026,1122,1122,1124,0,0,12,-7,10,6,0,6,1,2,6,0,6,1,2
9,4,30,2,2,1,far,0,33,0,31,18,3033,3297,3234,3246,0,0,33,-3,10,22,2,9,5,2,13,0,20,1,2
9,4,30,2,2,1,one_edit,1,52,4,38,24,9126,6122,6038,5992,52,0,0,95,-14,32,0,20,7,2,32,0,20,3,2
9,4,30,2,2,1,far,1,143,8,100,31,24885,16588,16473,16569,143,0,0,93,-17,64,0,79,5,2,48,0,95,1,2
9,4,30,2,2,1,unchanged,1,13,13,0,0,2295,1454,1454,1480,13,0,0,98,-17,0,0,13,-2,2,0,0,13,-2,2
9,4,30,2,2,4,unchanged,0,3,3,2,2,324,348,316,312,2,0,1,11,10,2,0,1,19,2,2,0,1,3,2
9,4,30,2,2,4,one_edit,0,12,0,10,10,1512,1608,1448,1430,10,0,2,11,10,10,0,2,19,2,10,0,2,3,2
9,4,30,2,2,4,far,0,33,0,33,33,5004,5268,4344,4328,33,0,0,33,-7,33,0,0,41,-15,20,0,13,3,2
9,4,30,2,2,4,one_edit,1,52,4,42,42,12024,8840,7688,7598,52,0,0,131,-14,42,0,10,43,2,42,0,10,3,2
9,4,30,2,2,4,far,1,143,8,123,123,32220,23320,20884,20770,143,0,0,129,-31,123,0,20,41,2,96,0,47,3,2
9,4,30,2,2,4,unchanged,1,13,13,2,2,3060,1904,1896,1912,13,0,0,134,-35,2,0,11,7,2,2,0,11,3,2
9,4,30,2,2,16,unchanged,0,3,3,2,2,648,672,496,492,2,0,1,83,10,2,0,1,91,2,2,0,1,3,2
9,4,30,2,2,16,one_edit,0,12,0,10,10,3456,3552,2672,2654,10,0,2,83,10,10,0,2,91,2,10,0,2,3,2
9,4,30,2,2,16,far,0,33,0,33,33,12888,13152,8664,8648,33,0,0,177,-79,33,0,0,185,-87,20,0,13,3,2
9,4,30,2,2,16,one_edit,1,52,4,42,42,23616,19712,14096,14006,52,0,0,275,-14,42,0,10,187,2,42,0,10,3,2
9,4,30,2,2,16,far,1,143,8,123,123,61560,50248,37552,37438,143,0,0,273,-38,123,0,20,185,2,96,0,47,3,2
9,4,30,2,2,16,unchanged,1,13,13,2,2,6120,3704,3624,3640,13,0,0,278,-107,2,0,11,43,2,2,0,11,3,2
9,4,30,2,4,1,unchanged,0,3,3,2,0,243,267,267,273,0,0,3,-9,12,0,0,3,-1,4,0,0,3,-1,4
9,4,30,2,4,1,one_edit,0,12,0,10,0,1026,1122,1122,1148,0,0,12,-9,12,0,0,12,-1,4,0,0,12,-1,4
9,4,30,2,4,1,far,0,33,0,31,18,3033,3297,3234,3312,0,0,33,-5,12,12,4,17,3,4,0,0,33,-1,4
9,4,30,2,4,1,one_edit,1,52,4,38,24,9126,6122,6038,6096,52,0,0,93,-12,24,0,28,5,4,24,0,28,1,4
9,4,30,2,4,1,far,1,143,8,100,31,24885,16588,16473,16855,143,0,0,91,-15,26,5,112,3,4,0,0,143,-1,4
9,4,30,2,4,1,unchanged,1,13,13,0,0,2295,1454,1454,1506,13,0,0,96,-15,0,0,13,-4,4,0,0,13,-4,4
9,4,30,2,4,4,unchanged,0,3,3,2,2,324,348,316,318,2,0,1,9,12,2,0,1,17,4,2,0,1,1,4
9,4,30,2,4,4,one_edit,0,12,0,10,10,1512,1608,1448,1454,10,0,2,9,12,10,0,2,17,4,6,0,6,1,4
9,4,30,2,4,4,far,0,33,0,33,33,5004,5268,4344,4394,33,0,0,31,-5,33,0,0,39,-13,6,0,27,1,4
9,4,30,2,4,4,one_edit,1,52,4,42,42,12024,8840,7688,7702,52,0,0,129,-12,42,0,10,41,4,34,0,18,1,4
9,4,30,2,4,4,far,1,143,8,123,123,32220,23320,20884,21056,143,0,0,127,-29,123,0,20,39,4,45,0,98,1,4
9,4,30,2,4,4,unchanged,1,13,13,2,2,3060,1904,1896,1938,13,0,0,132,-33,2,0,11,5,4,2,0,11,1,4
9,4,30,2,4,16,unchanged,0,3,3,2,2,648,672,496,498,2,0,1,81,12,2,0,1,89,4,2,0,1,1,4
9,4,30,2,4,16,one_edit,0,12,0,10,10,3456,3552,2672,2678,10,0,2,81,12,10,0,2,89,4,6,0,6,1,4
9,4,30,2,4,16,far,0,33,0,33,33,12888,13152,8664,8714,33,0,0,175,-77,33,0,0,183,-85,6,0,27,1,4
9,4,30,2,4,16,one_edit,1,52,4,42,42,23616,19712,14096,14110,52,0,0,273,-12,42,0,10,185,4,34,0,18,1,4
9,4,30,2,4,16,far,1,143,8,123,123,61560,50248,37552,37724,143,0,0,271,-36,123,0,20,183,4,45,0,98,1,4
9,4,30,2,4,16,unchanged,1,13,13,2,2,6120,3704,3624,3666,13,0,0,276,-105,2,0,11,41,4,2,0,11,1,4
9,4,30,2,8,1,unchanged,0,3,3,2,0,243,267,267,285,0,0,3,-13,16,0,0,3,-5,8,0,0,3,-5,8
9,4,30,2,8,1,one_edit,0,12,0,10,0,1026,1122,1122,1196,0,0,12,-13,16,0,0,12,-5,8,0,0,12,-5,8
9,4,30,2,8,1,far,0,33,0,31,18,3033,3297,3234,3444,0,0,33,-9,16,0,0,33,-1,8,0,0,33,-5,8
9,4,30,2,8,1,one_edit,1,52,4,38,24,9126,6122,6038,6304,52,0,0,89,-8,20,0,32,1,8,0,0,52,-3,8
9,4,30,2,8,1,far,1,143,8,100,31,24885,16588,16473,17427,143,0,0,87,-11,0,0,143,-1,8,0,0,143,-5,8
9,4,30,2,8,1,unchanged,1,13,13,0,0,2295,1454,1454,1558,13,0,0,92,-11,0,0,13,-8,8,0,0,13,-8,8
9,4,30,2,8,4,unchanged,0,3,3,2,2,324,348,316,330,2,0,1,5,16,2,0,1,13,8,0,0,3,-3,8
9,4,30,2,8,4,one_edit,0,12,0,10,10,1512,1608,1448,1502,10,0,2,5,16,10,0,2,13,8,0,0,12,-3,8
9,4,30,2,8,4,far,0,33,0,33,33,5004,5268,4344,4526,33,0,0,27,-1,33,0,0,35,-9,0,0,33,-3,8
9,4,30,2,8,4,one_edit,1,52,4,42,42,12024,8840,7688,7910,52,0,0,125,-8,40,0,12,37,8,0,0,52,-3,8
9,4,30,2,8,4,far,1,143,8,123,123,32220,23320,20884,21628,143,0,0,123,-25,115,0,28,35,8,0,0,143,-3,8
9,4,30,2,8,4,unchanged,1,13,13,2,2,3060,1904,1896,1990,13,0,0,128,-29,2,0,11,1,8,0,0,13,-3,8
9,4,30,2,8,16,unchanged,0,3,3,2,2,648,672,496,510,2,0,1,77,16,2,0,1,85,8,0,0,3,-3,8
9,4,30,2,8,16,one_edit,0,12,0,10,10,3456,3552,2672,2726,10,0,2,77,16,10,0,2,85,8,0,0,12,-3,8
9,4,30,2,8,16,far,0,33,0,33,33,12888,13152,8664,8846,33,0,0,171,-73,33,0,0,179,-81,0,0,33,-3,8
9,4,30,2,8,16,one_edit,1,52,4,42,42,23616,19712,14096,14318,52,0,0,269,-8,42,0,10,181,8,0,0,52,-3,8
9,4,30,2,8,16,far,1,143,8,123,123,61560,50248,37552,38296,143,0,0,267,-32,123,0,20,179,8,0,0,143,-3,8
9,4,30,2,8,16,unchanged,1,13,13,2,2,6120,3704,3624,3718,13,0,0,272,-101,2,0,11,37,8,0,0,13,-3,8
9,4,30,4,0,1,unchanged,0,1,1,0,0,45,53,53,53,0,0,1,-8,8,0,1,0,0,0,0,1,0,0,0
9,4,30,4,0,1,one_edit,0,4,0,4,4,250,282,266,254,0,0,4,-1,1,4,0,0,7,-7,4,0,0,3,-3
9,4,30,4,0,1,far,0,11,0,11,11,815,903,786,764,9,0,2,9,1,11,0,0,17,-7,10,1,0,3,0
9,4,30,4,0,1,one_edit,1,60,4,45,44,16670,9610,9170,8962,60,0,0,205,-24,44,16,0,21,0,44,16,0,5,0
9,4,30,4,0,1,unchanged,1,15,15,2,0,4185,2226,2226,2216,15,0,0,208,-33,2,13,0,5,0,2,13,0,5,0
9,4,30,4,0,1,far,1,165,8,139,125,45715,26232,25247,24885,165,0,0,203,-29,133,32,0,19,0,126,39,0,5,0
9,4,30,4,0,4,unchanged,0,1,1,0,0,60,68,68,68,0,0,1,-8,8,0,1,0,0,0,0,1,0,0,0
9,4,30,4,0,4,one_edit,0,4,0,4,4,520,552,392,380,4,0,0,35,-35,4,0,0,43,-43,4,0,0,3,-3
9,4,30,4,0,4,far,0,11,0,11,11,1940,2028,1296,1274,11,0,0,81,-35,11,0,0,89,-43,10,1,0,3,0
9,4,30,4,0,4,one_edit,1,60,4,52,52,22040,14536,11688,11444,60,0,0,277,-24,52,8,0,93,0,52,8,0,5,0
9,4,30,4,0,4,unchanged,1,15,15,4,4,5580,2928,2872,2852,15,0,0,280,-69,4,11,0,29,0,4,11,0,5,0
9,4,30,4,0,4,far,1,165,8,149,147,60100,39192,31980,31584,165,0,0,275,-65,149,16,0,91,0,140,25,0,5,0
9,4,30,4,0,16,unchanged,0,1,1,0,0,120,128,128,128,0,0,1,-8,8,0,1,0,0,0,0,1,0,0,0
9,4,30,4,0,16,one_edit,0,4,0,4,4,1600,1632,896,884,4,0,0,179,-179,4,0,0,187,-187,4,0,0,3,-3
9,4,30,4,0,16,far,0,11,0,11,11,6440,6528,3336,3314,11,0,0,369,-179,11,0,0,377,-187,10,1,0,3,0
9,4,30,4,0,16,one_edit,1,60,4,52,52,43520,34240,21600,21356,60,0,0,565,-24,52,8,0,381,0,52,8,0,5,0
9,4,30,4,0,16,unchanged,1,15,15,4,4,11160,5736,5416,5396,15,0,0,568,-213,4,11,0,125,0,4,11,0,5,0
9,4,30,4,0,16,far,1,165,8,150,150,117640,91032,58584,58188,165,0,0,563,-88,150,15,0,379,0,140,25,0,5,0
9,4,30,4,2,1,unchanged,0,1,1,0,0,45,53,53,55,0,0,1,-10,10,0,0,1,-2,2,0,0,1,-2,2
9,4,30,4,2,1,one_edit,0,4,0,4,4,250,282,266,262,0,0,4,-3,3,4,0,0,5,-5,4,0,0,1,-1
9,4,30,4,2,1,far,0,11,0,11,11,815,903,786,786,6,0,5,7,3,11,0,0,15,-5,6,0,5,1,2
9,4,30,4,2,1,one_edit,1,60,4,45,44,16670,9610,9170,9082,60,0,0,203,-22,44,0,16,19,2,44,0,16,3,2
9,4,30,4,2,1,unchanged,1,15,15,2,0,4185,2226,2226,2246,15,0,0,206,-31,2,0,13,3,2,2,0,13,3,2
9,4,30,4,2,1,far,1,165,8,139,125,45715,26232,25247,25215,165,0,0,201,-27,125,8,32,17,2,92,8,65,3,2
9,4,30,4,2,4,unchanged,0,1,1,0,0,60,68,68,70,0,0,1,-10,10,0,0,1,-2,2,0,0,1,-2,2
9,4,30,4,2,4,one_edit,0,4,0,4,4,520,552,392,388,4,0,0,33,-33,4,0,0,41,-41,4,0,0,1,-1
9,4,30,4,2,4,far,0,11,0,11,11,1940,2028,1296,1296,11,0,0,79,-33,11,0,0,87,-41,6,0,5,1,2
9,4,30,4,2,4,one_edit,1,60,4,52,52,22040,14536,11688,11564,60,0,0,275,-22,52,0,8,91,2,52,0,8,3,2
9,4,30,4,2,4,unchanged,1,15,15,4,4,5580,2928,2872,2882,15,0,0,278,-67,4,0,11,27,2,4,0,11,3,2
9,4,30,4,2,4,far,1,165,8,149,147,60100,39192,31980,31914,165,0,0,273,-63,147,0,18,89,2,100,0,65,3,2
9,4,30,4,2,16,unchanged,0,1,1,0,0,120,128,128,130,0,0,1,-10,10,0,0,1,-2,2,0,0,1,-2,2
9,4,30,4,2,16,one_edit,0,4,0,4,4,1600,1632,896,892,4,0,0,177,-177,4,0,0,185,-185,4,0,0,1,-1
9,4,30,4,2,16,far,0,11,0,11,11,6440,6528,3336,3336,11,0,0,367,-177,11,0,0,375,-185,6,0,5,1,2
9,4,30,4,2,16,one_edit,1,60,4,52,52,43520,34240,21600,21476,60,0,0,563,-22,52,0,8,379,2,52,0,8,3,2
9,4,30,4,2,16,unchanged,1,15,15,4,4,11160,5736,5416,5426,15,0,0,566,-211,4,0,11,123,2,4,0,11,3,2
9,4,30,4,2,16,far,1,165,8,150,150,117640,91032,58584,58518,165,0,0,561,-86,150,0,15,377,2,100,0,65,3,2
9,4,30,4,4,1,unchanged,0,1,1,0,0,45,53,53,57,0,0,1,-12,12,0,0,1,-4,4,0,0,1,-4,4
9,4,30,4,4,1,one_edit,0,4,0,4,4,250,282,266,270,0,0,4,-5,5,4,0,0,3,-3,0,0,4,-1,1
9,4,30,4,4,1,far,0,11,0,11,11,815,903,786,808,6,0,5,5,5,11,0,0,13,-3,0,0,11,-1,4
9,4,30,4,4,1,one_edit,1,60,4,45,44,16670,9610,9170,9202,60,0,0,201,-20,44,0,16,17,4,38,0,22,1,4
9,4,30,4,4,1,unchanged,1,15,15,2,0,4185,2226,2226,2276,15,0,0,204,-29,2,0,13,1,4,2,0,13,1,4
9,4,30,4,4,1,far,1,165,8,139,125,45715,26232,25247,25545,165,0,0,199,-25,120,3,42,15,4,22,0,143,1,4
9,4,30,4,4,4,unchanged,0,1,1,0,0,60,68,68,72,0,0,1,-12,12,0,0,1,-4,4,0,0,1,-4,4
9,4,30,4,4,4,one_edit,0,4,0,4,4,520,552,392,396,4,0,0,31,-31,4,0,0,39,-39,0,0,4,-1,1
9,4,30,4,4,4,far,0,11,0,11,11,1940,2028,1296,1318,11,0,0,77,-31,11,0,0,85,-39,0,0,11,-1,4
9,4,30,4,4,4,one_edit,1,60,4,52,52,22040,14536,11688,11684,60,0,0,273,-20,52,0,8,89,4,44,0,16,1,4
9,4,30,4,4,4,unchanged,1,15,15,4,4,5580,2928,2872,2912,15,0,0,276,-65,4,0,11,25,4,4,0,11,1,4
9,4,30,4,4,4,far,1,165,8,149,147,60100,39192,31980,32244,165,0,0,271,-61,145,0,20,87,4,28,0,137,1,4
9,4,30,4,4,16,unchanged,0,1,1,0,0,120,128,128,132,0,0,1,-12,12,0,0,1,-4,4,0,0,1,-4,4
9,4,30,4,4,16,one_edit,0,4,0,4,4,1600,1632,896,900,4,0,0,175,-175,4,0,0,183,-183,0,0,4,-1,1
9,4,30,4,4,16,far,0,11,0,11,11,6440,6528,3336,3358,11,0,0,365,-175,11,0,0,373,-183,0,0,11,-1,4
9,4,30,4,4,16,one_edit,1,60,4,52,52,43520,34240,21600,21596,60,0,0,561,-20,52,0,8,377,4,44,0,16,1,4
9,4,30,4,4,16,unchanged,1,15,15,4,4,11160,5736,5416,5456,15,0,0,564,-209,4,0,11,121,4,4,0,11,1,4
9,4,30,4,4,16,far,1,165,8,150,150,117640,91032,58584,58848,165,0,0,559,-84,150,0,15,375,4,28,0,137,1,4
9,4,30,4,8,1,unchanged,0,1,1,0,0,45,53,53,61,0,0,1,-16,16,0,0,1,-8,8,0,0,1,-8,8
9,4,30,4,8,1,one_edit,0,4,0,4,4,250,282,266,286,0,0,4,-9,9,0,0,4,-1,1,0,0,4,-5,5
9,4,30,4,8,1,far,0,11,0,11,11,815,903,786,852,4,1,6,1,9,9,0,2,9,1,0,0,11,-5,8
9,4,30,4,8,1,one_edit,1,60,4,45,44,16670,9610,9170,9442,60,0,0,197,-16,32,0,28,13,8,0,0,60,-3,8
9,4,30,4,8,1,unchanged,1,15,15,2,0,4185,2226,2226,2336,15,0,0,200,-25,0,0,15,-3,8,0,0,15,-3,8
9,4,30,4,8,1,far,1,165,8,139,125,45715,26232,25247,26205,165,0,0,195,-21,64,0,101,11,8,0,0,165,-3,8
9,4,30,4,8,4,unchanged,0,1,1,0,0,60,68,68,76,0,0,1,-16,16,0,0,1,-8,8,0,0,1,-8,8
9,4,30,4,8,4,one_edit,0,4,0,4,4,520,552,392,412,4,0,0,27,-27,4,0,0,35,-35,0,0,4,-5,5
9,4,30,4,8,4,far,0,11,0,11,11,1940,2028,1296,1362,11,0,0,73,-27,11,0,0,81,-35,0,0,11,-5,8
9,4,30,4,8,4,one_edit,1,60,4,52,52,22040,14536,11688,11924,60,0,0,269,-16,48,0,12,85,8,0,0,60,-3,8
9,4,30,4,8,4,unchanged,1,15,15,4,4,5580,2928,2872,2972,15,0,0,272,-61,4,0,11,21,8,0,0,15,-3,8
9,4,30,4,8,4,far,1,165,8,149,147,60100,39192,31980,32904,165,0,0,267,-57,145,0,20,83,8,0,0,165,-3,8
9,4,30,4,8,16,unchanged,0,1,1,0,0,120,128,128,136,0,0,1,-16,16,0,0,1,-8,8,0,0,1,-8,8
9,4,30,4,8,16,one_edit,0,4,0,4,4,1600,1632,896,916,4,0,0,171,-171,4,0,0,179,-179,0,0,4,-5,5
9,4,30,4,8,16,far,0,11,0,11,11,6440,6528,3336,3402,11,0,0,361,-171,11,0,0,369,-179,0,0,11,-5,8
9,4,30,4,8,16,one_edit,1,60,4,52,52,43520,34240,21600,21836,60,0,0,557,-16,52,0,8,373,8,0,0,60,-3,8
9,4,30,4,8,16,unchanged,1,15,15,4,4,11160,5736,5416,5516,15,0,0,560,-205,4,0,11,117,8,0,0,15,-3,8
9,4,30,4,8,16,far,1,165,8,150,150,117640,91032,58584,59508,165,0,0,555,-80,150,0,15,371,8,0,0,165,-3,8
9,30,110,0,0,1,unchanged,0,16,16,0,0,1152,1280,1280,1280,0,0,16,-8,8,0,16,0,0,0,0,16,0,0,0
9,30,110,0,0,1,one_edit,0,64,0,0,0,4608,5120,5120,5120,0,0,64,-8,8,0,64,0,0,0,0,64,0,0,0
9,30,110,0,0,1,far,0,176,0,0,0,12672,14080,14080,14080,0,0,176,-8,8,0,176,0,0,0,0,176,0,0,0
9,30,110,0,0,4,unchanged,0,16,16,0,0,1536,1664,1664,1664,0,0,16,-8,8,0,16,0,0,0,0,16,0,0,0
9,30,110,0,0,4,one_edit,0,64,0,0,0,6144,6656,6656,6656,0,0,64,-8,8,0,64,0,0,0,0,64,0,0,0
9,30,110,0,0,4,far,0,176,0,0,0,16896,18304,18304,18304,0,0,176,-8,8,0,176,0,0,0,0,176,0,0,0
9,30,110,0,0,16,unchanged,0,16,16,0,0,3072,3200,3200,3200,0,0,16,-8,8,0,16,0,0,0,0,16,0,0,0
9,30,110,0,0,16,one_edit,0,64,0,0,0,12288,12800,12800,12800,0,0,64,-8,8,0,64,0,0,0,0,64,0,0,0
9,30,110,0,0,16,far,0,176,0,0,0,33792,35200,35200,35200,0,0,176,-8,8,0,176,0,0,0,0,176,0,0,0
9,30,110,0,2,1,unchanged,0,16,16,0,0,1152,1280,1280,1312,0,0,16,-10,10,0,0,16,-2,2,0,0,16,-2,2
9,30,110,0,2,1,one_edit,0,64,0,0,0,4608,5120,5120,5248,0,0,64,-10,10,0,0,64,-2,2,0,0,64,-2,2
9,30,110,0,2,1,far,0,176,0,0,0,12672,14080,14080,14432,0,0,176,-10,10,0,0,176,-2,2,0,0,176,-2,2
9,30,110,0,2,4,unchanged,0,16,16,0,0,1536,1664,1664,1696,0,0,16,-10,10,0,0,16,-2,2,0,0,16,-2,2
9,30,110,0,2,4,one_edit,0,64,0,0,0,6144,6656,6656,6784,0,0,64,-10,10,0,0,64,-2,2,0,0,64,-2,2
9,30,110,0,2,4,far,0,176,0,0,0,16896,18304,18304,18656,0,0,176,-10,10,0,0,176,-2,2,0,0,176,-2,2
9,30,110,0,2,16,unchanged,0,16,16,0,0,3072,3200,3200,3232,0,0,16,-10,10,0,0,16,-2,2,0,0,16,-2,2
9,30,110,0,2,16,one_edit,0,64,0,0,0,12288,12800,12800,12928,0,0,64,-10,10,0,0,64,-2,2,0,0,64,-2,2
9,30,110,0,2,16,far,0,176,0,0,0,33792,35200,35200,35552,0,0,176,-10,10,0,0,176,-2,2,0,0,176,-2,2
9,30,110,0,4,1,unchanged,0,16,16,0,0,1152,1280,1280,1344,0,0,16,-12,12,0,0,16,-4,4,0,0,16,-4,4
9,30,110,0,4,1,one_edit,0,64,0,0,0,4608,5120,5120,5376,0,0,64,-12,12,0,0,64,-4,4,0,0,64,-4,4
9,30,110,0,4,1,far,0,176,0,0,0,12672,14080,14080,14784,0,0,176,-12,12,0,0,176,-4,4,0,0,176,-4,4
9,30,110,0,4,4,unchanged,0,16,16,0,0,1536,1664,1664,1728,0,0,16,-12,12,0,0,16,-4,4,0,0,16,-4,4
9,30,110,0,4,4,one_edit,0,64,0,0,0,6144,6656,6656,6912,0,0,64,-12,12,0,0,64,-4,4,0,0,64,-4,4
9,30,110,0,4,4,far,0,176,0,0,0,16896,18304,18304,19008,0,0,176,-12,12,0,0,176,-4,4,0,0,176,-4,4
9,30,110,0,4,16,unchanged,0,16,16,0,0,3072,3200,3200,3264,0,0,16,-12,12,0,0,16,-4,4,0,0,16,-4,4
9,30,110,0,4,16,one_edit,0,64,0,0,0,12288,12800,12800,13056,0,0,64,-12,12,0,0,64,-4,4,0,0,64,-4,4
9,30,110,0,4,16,far,0,176,0,0,0,33792,35200,35200,35904,0,0,176,-12,12,0,0,176,-4,4,0,0,176,-4,4
9,30,110,0,8,1,unchanged,0,16,16,0,0,1152,1280,1280,1408,0,0,16,-16,16,0,0,16,-8,8,0,0,16,-8,8
9,30,110,0,8,1,one_edit,0,64,0,0,0,4608,5120,5120,5632,0,0,64,-16,16,0,0,64,-8,8,0,0,64,-8,8
9,30,110,0,8,1,far,0,176,0,0,0,12672,14080,14080,15488,0,0,176,-16,16,0,0,176,-8,8,0,0,176,-8,8
9,30,110,0,8,4,unchanged,0,16,16,0,0,1536,1664,1664,1792,0,0,16,-16,16,0,0,16,-8,8,0,0,16,-8,8
9,30,110,0,8,4,one_edit,0,64,0,0,0,6144,6656,6656,7168,0,0,64,-16,16,0,0,64,-8,8,0,0,64,-8,8
9,30,110,0,8,4,far,0,176,0,0,0,16896,18304,18304,19712,0,0,176,-16,16,0,0,176,-8,8,0,0,176,-8,8
9,30,110,0,8,16,unchanged,0,16,16,0,0,3072,3200,3200,3328,0,0,16,-16,16,0,0,16,-8,8,0,0,16,-8,8
9,30,110,0,8,16,one_edit,0,64,0,0,0,12288,12800,12800,13312,0,0,64,-16,16,0,0,64,-8,8,0,0,64,-8,8
9,30,110,0,8,16,far,0,176,0,0,0,33792,35200,35200,36608,0,0,176,-16,16,0,0,176,-8,8,0,0,176,-8,8
9,30,110,1,0,1,unchanged,1,16,16,0,0,2304,1568,1568,1568,16,0,0,46,-46,0,16,0,0,0,0,16,0,0,0
9,30,110,1,0,1,one_edit,1,64,0,64,0,9216,6656,6656,6464,64,0,0,43,-43,64,0,0,3,-3,64,0,0,3,-3
9,30,110,1,0,1,far,1,176,0,88,0,25344,18190,18190,18126,176,0,0,43,-40,64,112,0,1,0,64,112,0,1,0
9,30,110,1,0,4,unchanged,1,16,16,0,0,3072,2048,2048,2048,16,0,0,64,-64,0,16,0,0,0,0,16,0,0,0
9,30,110,1,0,4,one_edit,1,64,0,64,64,12288,9728,8704,8384,64,0,0,61,-61,64,0,0,21,-21,64,0,0,5,-5
9,30,110,1,0,4,far,1,176,0,176,176,33792,26296,23936,23584,176,0,0,59,-56,176,0,0,19,-4,160,16,0,3,0
9,30,110,1,0,16,unchanged,1,16,16,0,0,6144,3968,3968,3968,16,0,0,136,-136,0,16,0,0,0,0,16,0,0,0
9,30,110,1,0,16,one_edit,1,64,0,64,64,24576,22016,16384,16064,64,0,0,133,-133,64,0,0,93,-93,64,0,0,5,-5
9,30,110,1,0,16,far,1,176,0,176,176,67584,58720,45056,44704,176,0,0,131,-128,176,0,0,91,-40,160,16,0,3,0
9,30,110,1,2,1,unchanged,1,16,16,0,0,2304,1568,1568,1600,16,0,0,44,-44,0,0,16,-2,2,0,0,16,-2,2
9,30,110,1,2,1,one_edit,1,64,0,64,0,9216,6656,6656,6592,64,0,0,41,-41,64,0,0,1,-1,64,0,0,1,-1
9,30,110,1,2,1,far,1,176,0,88,0,25344,18190,18190,18478,176,0,0,41,-38,0,0,176,-1,2,0,0,176,-1,2
9,30,110,1,2,4,unchanged,1,16,16,0,0,3072,2048,2048,2080,16,0,0,62,-62,0,0,16,-2,2,0,0,16,-2,2
9,30,110,1,2,4,one_edit,1,64,0,64,64,12288,9728,8704,8512,64,0,0,59,-59,64,0,0,19,-19,64,0,0,3,-3
9,30,110,1,2,4,far,1,176,0,176,176,33792,26296,23936,23936,176,0,0,57,-54,176,0,0,17,-2,96,0,80,1,2
9,30,110,1,2,16,unchanged,1,16,16,0,0,6144,3968,3968,4000,16,0,0,134,-134,0,0,16,-2,2,0,0,16,-2,2
9,30,110,1,2,16,one_edit,1,64,0,64,64,24576,22016,16384,16192,64,0,0,131,-131,64,0,0,91,-91,64,0,0,3,-3
9,30,110,1,2,16,far,1,176,0,176,176,67584,58720,45056,45056,176,0,0,129,-126,176,0,0,89,-38,96,0,80,1,2
9,30,110,1,4,1,unchanged,1,16,16,0,0,2304,1568,1568,1632,16,0,0,42,-42,0,0,16,-4,4,0,0,16,-4,4
9,30,110,1,4,1,one_edit,1,64,0,64,0,9216,6656,6656,6720,64,0,0,39,-39,0,0,64,-1,1,0,0,64,-1,1
9,30,110,1,4,1,far,1,176,0,88,0,25344,18190,18190,18830,176,0,0,39,-36,0,0,176,-3,4,0,0,176,-3,4
9,30,110,1,4,4,unchanged,1,16,16,0,0,3072,2048,2048,2112,16,0,0,60,-60,0,0,16,-4,4,0,0,16,-4,4
9,30,110,1,4,4,one_edit,1,64,0,64,64,12288,9728,8704,8640,64,0,0,57,-57,64,0,0,17,-17,64,0,0,1,-1
9,30,110,1,4,4,far,1,176,0,176,176,33792,26296,23936,24288,176,0,0,55,-52,170,6,0,15,0,0,0,176,-1,4
9,30,110,1,4,16,unchanged,1,16,16,0,0,6144,3968,3968,4032,16,0,0,132,-132,0,0,16,-4,4,0,0,16,-4,4
9,30,110,1,4,16,one_edit,1,64,0,64,64,24576,22016,16384,16320,64,0,0,129,-129,64,0,0,89,-89,64,0,0,1,-1
9,30,110,1,4,16,far,1,176,0,176,176,67584,58720,45056,45408,176,0,0,127,-124,176,0,0,87,-36,0,0,176,-1,4
9,30,110,1,8,1,unchanged,1,16,16,0,0,2304,1568,1568,1696,16,0,0,38,-38,0,0,16,-8,8,0,0,16,-8,8
9,30,110,1,8,1,one_edit,1,64,0,64,0,9216,6656,6656,6976,64,0,0,35,-35,0,0,64,-5,5,0,0,64,-5,5
9,30,110,1,8,1,far,1,176,0,88,0,25344,18190,18190,19534,176,0,0,35,-32,0,0,176,-7,8,0,0,176,-7,8
9,30,110,1,8,4,unchanged,1,16,16,0,0,3072,2048,2048,2176,16,0,0,56,-56,0,0,16,-8,8,0,0,16,-8,8
9,30,110,1,8,4,one_edit,1,64,0,64,64,12288,9728,8704,8896,64,0,0,53,-53,64,0,0,13,-13,0,0,64,-3,3
9,30,110,1,8,4,far,1,176,0,176,176,33792,26296,23936,24992,176,0,0,51,-48,138,0,38,11,4,0,0,176,-5,8
9,30,110,1,8,16,unchanged,1,16,16,0,0,6144,3968,3968,4096,16,0,0,128,-128,0,0,16,-8,8,0,0,16,-8,8
9,30,110,1,8,16,one_edit,1,64,0,64,64,24576,22016,16384,16576,64,0,0,125,-125,64,0,0,85,-85,0,0,64,-3,3
9,30,110,1,8,16,far,1,176,0,176,176,67584,58720,45056,46112,176,0,0,123,-120,176,0,0,83,-32,0,0,176,-5,8
9,30,110,2,0,1,unchanged,1,16,16,0,0,3456,1856,1856,1856,16,0,0,100,-100,0,16,0,0,0,0,16,0,0,0
9,30,110,2,0,1,one_edit,1,64,0,64,64,13824,8192,7936,7616,64,0,0,97,-97,64,0,0,9,-9,64,0,0,5,-5
9,30,110,2,0,1,far,1,176,0,170,138,38016,22300,21748,21460,176,0,0,95,-92,170,6,0,7,0,160,16,0,3,0
9,30,110,2,0,4,unchanged,1,16,16,0,0,4608,2432,2432,2432,16,0,0,136,-136,0,16,0,0,0,0,16,0,0,0
9,30,110,2,0,4,one_edit,1,64,0,64,64,18432,12800,10240,9920,64,0,0,133,-133,64,0,0,45,-45,64,0,0,5,-5
9,30,110,2,0,4,far,1,176,0,176,176,50688,34288,28160,27808,176,0,0,131,-128,176,0,0,43,-16,160,16,0,3,0
9,30,110,2,0,16,unchanged,1,16,16,0,0,9216,4736,4736,4736,16,0,0,280,-280,0,16,0,0,0,0,16,0,0,0
9,30,110,2,0,16,one_edit,1,64,0,64,64,36864,31232,19456,19136,64,0,0,277,-277,64,0,0,189,-189,64,0,0,5,-5
9,30,110,2,0,16,far,1,176,0,176,176,101376,82240,53504,53152,176,0,0,275,-272,176,0,0,187,-88,160,16,0,3,0
9,30,110,2,2,1,unchanged,1,16,16,0,0,3456,1856,1856,1888,16,0,0,98,-98,0,0,16,-2,2,0,0,16,-2,2
9,30,110,2,2,1,one_edit,1,64,0,64,64,13824,8192,7936,7744,64,0,0,95,-95,64,0,0,7,-7,64,0,0,3,-3
9,30,110,2,2,1,far,1,176,0,170,138,38016,22300,21748,21812,176,0,0,93,-90,138,0,38,5,2,64,0,112,1,2
9,30,110,2,2,4,unchanged,1,16,16,0,0,4608,2432,2432,2464,16,0,0,134,-134,0,0,16,-2,2,0,0,16,-2,2
9,30,110,2,2,4,one_edit,1,64,0,64,64,18432,12800,10240,10048,64,0,0,131,-131,64,0,0,43,-43,64,0,0,3,-3
9,30,110,2,2,4,far,1,176,0,176,176,50688,34288,28160,28160,176,0,0,129,-126,176,0,0,41,-14,96,0,80,1,2
9,30,110,2,2,16,unchanged,1,16,16,0,0,9216,4736,4736,4768,16,0,0,278,-278,0,0,16,-2,2,0,0,16,-2,2
9,30,110,2,2,16,one_edit,1,64,0,64,64,36864,31232,19456,19264,64,0,0,275,-275,64,0,0,187,-187,64,0,0,3,-3
9,30,110,2,2,16,far,1,176,0,176,176,101376,82240,53504,53504,176,0,0,273,-270,176,0,0,185,-86,96,0,80,1,2
9,30,110,2,4,1,unchanged,1,16,16,0,0,3456,1856,1856,1920,16,0,0,96,-96,0,0,16,-4,4,0,0,16,-4,4
9,30,110,2,4,1,one_edit,1,64,0,64,64,13824,8192,7936,7872,64,0,0,93,-93,64,0,0,5,-5,64,0,0,1,-1
9,30,110,2,4,1,far,1,176,0,170,138,38016,22300,21748,22164,176,0,0,91,-88,128,10,38,3,4,0,0,176,-1,4
9,30,110,2,4,4,unchanged,1,16,16,0,0,4608,2432,2432,2496,16,0,0,132,-132,0,0,16,-4,4,0,0,16,-4,4
9,30,110,2,4,4,one_edit,1,64,0,64,64,18432,12800,10240,10176,64,0,0,129,-129,64,0,0,41,-41,64,0,0,1,-1
9,30,110,2,4,4,far,1,176,0,176,176,50688,34288,28160,28512,176,0,0,127,-124,176,0,0,39,-12,0,0,176,-1,4
9,30,110,2,4,16,unchanged,1,16,16,0,0,9216,4736,4736,4800,16,0,0,276,-276,0,0,16,-4,4,0,0,16,-4,4
9,30,110,2,4,16,one_edit,1,64,0,64,64,36864,31232,19456,19392,64,0,0,273,-273,64,0,0,185,-185,64,0,0,1,-1
9,30,110,2,4,16,far,1,176,0,176,176,101376,82240,53504,53856,176,0,0,271,-268,176,0,0,183,-84,0,0,176,-1,4
9,30,110,2,8,1,unchanged,1,16,16,0,0,3456,1856,1856,1984,16,0,0,92,-92,0,0,16,-8,8,0,0,16,-8,8
9,30,110,2,8,1,one_edit,1,64,0,64,64,13824,8192,7936,8128,64,0,0,89,-89,64,0,0,1,-1,0,0,64,-3,3
9,30,110,2,8,1,far,1,176,0,170,138,38016,22300,21748,22868,176,0,0,87,-84,0,0,176,-1,8,0,0,176,-5,8
9,30,110,2,8,4,unchanged,1,16,16,0,0,4608,2432,2432,2560,16,0,0,128,-128,0,0,16,-8,8,0,0,16,-8,8
9,30,110,2,8,4,one_edit,1,64,0,64,64,18432,12800,10240,10432,64,0,0,125,-125,64,0,0,37,-37,0,0,64,-3,3
9,30,110,2,8,4,far,1,176,0,176,176,50688,34288,28160,29216,176,0,0,123,-120,176,0,0,35,-8,0,0,176,-5,8
9,30,110,2,8,16,unchanged,1,16,16,0,0,9216,4736,4736,4864,16,0,0,272,-272,0,0,16,-8,8,0,0,16,-8,8
9,30,110,2,8,16,one_edit,1,64,0,64,64,36864,31232,19456,19648,64,0,0,269,-269,64,0,0,181,-181,0,0,64,-3,3
9,30,110,2,8,16,far,1,176,0,176,176,101376,82240,53504,54560,176,0,0,267,-264,176,0,0,179,-80,0,0,176,-5,8
9,30,110,4,0,1,unchanged,1,16,16,0,0,5760,2432,2432,2432,16,0,0,208,-208,0,16,0,0,0,0,16,0,0,0
9,30,110,4,0,1,one_edit,1,64,0,64,64,23040,11264,10240,9920,64,0,0,205,-205,64,0,0,21,-21,64,0,0,5,-5
9,30,110,4,0,1,far,1,176,0,176,176,63360,30520,28160,27808,176,0,0,203,-200,176,0,0,19,-4,160,16,0,3,0
9,30,110,4,0,4,unchanged,1,16,16,0,0,7680,3200,3200,3200,16,0,0,280,-280,0,16,0,0,0,0,16,0,0,0
9,30,110,4,0,4,one_edit,1,64,0,64,64,30720,18944,13312,12992,64,0,0,277,-277,64,0,0,93,-93,64,0,0,5,-5
9,30,110,4,0,4,far,1,176,0,176,176,84480,50272,36608,36256,176,0,0,275,-272,176,0,0,91,-40,160,16,0,3,0
9,30,110,4,0,16,unchanged,1,16,16,0,0,15360,6272,6272,6272,16,0,0,568,-568,0,16,0,0,0,0,16,0,0,0
9,30,110,4,0,16,one_edit,1,64,0,64,64,61440,49664,25600,25280,64,0,0,565,-565,64,0,0,381,-381,64,0,0,5,-5
9,30,110,4,0,16,far,1,176,0,176,176,168960,129280,70400,70048,176,0,0,563,-560,176,0,0,379,-184,160,16,0,3,0
9,30,110,4,2,1,unchanged,1,16,16,0,0,5760,2432,2432,2464,16,0,0,206,-206,0,0,16,-2,2,0,0,16,-2,2
9,30,110,4,2,1,one_edit,1,64,0,64,64,23040,11264,10240,10048,64,0,0,203,-203,64,0,0,19,-19,64,0,0,3,-3
9,30,110,4,2,1,far,1,176,0,176,176,63360,30520,28160,28160,176,0,0,201,-198,176,0,0,17,-2,96,0,80,1,2
9,30,110,4,2,4,unchanged,1,16,16,0,0,7680,3200,3200,3232,16,0,0,278,-278,0,0,16,-2,2,0,0,16,-2,2
9,30,110,4,2,4,one_edit,1,64,0,64,64,30720,18944,13312,13120,64,0,0,275,-275,64,0,0,91,-91,64,0,0,3,-3
9,30,110,4,2,4,far,1,176,0,176,176,84480,50272,36608,36608,176,0,0,273,-270,176,0,0,89,-38,96,0,80,1,2
9,30,110,4,2,16,unchanged,1,16,16,0,0,15360,6272,6272,6304,16,0,0,566,-566,0,0,16,-2,2,0,0,16,-2,2
9,30,110,4,2,16,one_edit,1,64,0,64,64,61440,49664,25600,25408,64,0,0,563,-563,64,0,0,379,-379,64,0,0,3,-3
9,30,110,4,2,16,far,1,176,0,176,176,168960,129280,70400,70400,176,0,0,561,-558,176,0,0,377,-182,96,0,80,1,2
9,30,110,4,4,1,unchanged,1,16,16,0,0,5760,2432,2432,2496,16,0,0,204,-204,0,0,16,-4,4,0,0,16,-4,4
9,30,110,4,4,1,one_edit,1,64,0,64,64,23040,11264,10240,10176,64,0,0,201,-201,64,0,0,17,-17,64,0,0,1,-1
9,30,110,4,4,1,far,1,176,0,176,176,63360,30520,28160,28512,176,0,0,199,-196,170,6,0,15,0,0,0,176,-1,4
9,30,110,4,4,4,unchanged,1,16,16,0,0,7680,3200,3200,3264,16,0,0,276,-276,0,0,16,-4,4,0,0,16,-4,4
9,30,110,4,4,4,one_edit,1,64,0,64,64,30720,18944,13312,13248,64,0,0,273,-273,64,0,0,89,-89,64,0,0,1,-1
9,30,110,4,4,4,far,1,176,0,176,176,84480,50272,36608,36960,176,0,0,271,-268,176,0,0,87,-36,0,0,176,-1,4
9,30,110,4,4,16,unchanged,1,16,16,0,0,15360,6272,6272,6336,16,0,0,564,-564,0,0,16,-4,4,0,0,16,-4,4
9,30,110,4,4,16,one_edit,1,64,0,64,64,61440,49664,25600,25536,64,0,0,561,-561,64,0,0,377,-377,64,0,0,1,-1
9,30,110,4,4,16,far,1,176,0,176,176,168960,129280,70400,70752,176,0,0,559,-556,176,0,0,375,-180,0,0,176,-1,4
9,30,110,4,8,1,unchanged,1,16,16,0,0,5760,2432,2432,2560,16,0,0,200,-200,0,0,16,-8,8,0,0,16,-8,8
9,30,110,4,8,1,one_edit,1,64,0,64,64,23040,11264,10240,10432,64,0,0,197,-197,64,0,0,13,-13,0,0,64,-3,3
9,30,110,4,8,1,far,1,176,0,176,176,63360,30520,28160,29216,176,0,0,195,-192,138,0,38,11,4,0,0,176,-5,8
9,30,110,4,8,4,unchanged,1,16,16,0,0,7680,3200,3200,3328,16,0,0,272,-272,0,0,16,-8,8,0,0,16,-8,8
9,30,110,4,8,4,one_edit,1,64,0,64,64,30720,18944,13312,13504,64,0,0,269,-269,64,0,0,85,-85,0,0,64,-3,3
9,30,110,4,8,4,far,1,176,0,176,176,84480,50272,36608,37664,176,0,0,267,-264,176,0,0,83,-32,0,0,176,-5,8
9,30,110,4,8,16,unchanged,1,16,16,0,0,15360,6272,6272,6400,16,0,0,560,-560,0,0,16,-8,8,0,0,16,-8,8
9,30,110,4,8,16,one_edit,1,64,0,64,64,61440,49664,25600,25792,64,0,0,557,-557,64,0,0,373,-373,0,0,64,-3,3
9,30,110,4,8,16,far,1,176,0,176,176,168960,129280,70400,71456,176,0,0,555,-552,176,0,0,371,-176,0,0,176,-5,8
9,51,170,0,0,1,unchanged,0,16,16,0,0,576,704,704,704,0,0,16,-8,8,0,16,0,0,0,0,16,0,0,0
9,51,170,0,0,1,one_edit,0,64,0,0,0,2304,2816,2816,2816,0,0,64,-8,8,0,64,0,0,0,0,64,0,0,0
9,51,170,0,0,1,far,0,176,54,0,0,6336,7744,7744,7744,0,0,176,-8,8,0,176,0,0,0,0,176,0,0,0
9,51,170,0,0,4,unchanged,0,16,16,0,0,768,896,896,896,0,0,16,-8,8,0,16,0,0,0,0,16,0,0,0
9,51,170,0,0,4,one_edit,0,64,0,0,0,3072,3584,3584,3584,0,0,64,-8,8,0,64,0,0,0,0,64,0,0,0
9,51,170,0,0,4,far,0,176,54,0,0,8448,9856,9856,9856,0,0,176,-8,8,0,176,0,0,0,0,176,0,0,0
9,51,170,0,0,16,unchanged,0,16,16,0,0,1536,1664,1664,1664,0,0,16,-8,8,0,16,0,0,0,0,16,0,0,0
9,51,170,0,0,16,one_edit,0,64,0,0,0,6144,6656,6656,6656,0,0,64,-8,8,0,64,0,0,0,0,64,0,0,0
9,51,170,0,0,16,far,0,176,54,0,0,16896,18304,18304,18304,0,0,176,-8,8,0,176,0,0,0,0,176,0,0,0
9,51,170,0,2,1,unchanged,0,16,16,0,0,576,704,704,736,0,0,16,-10,10,0,0,16,-2,2,0,0,16,-2,2
9,51,170,0,2,1,one_edit,0,64,0,0,0,2304,2816,2816,2944,0,0,64,-10,10,0,0,64,-2,2,0,0,64,-2,2
9,51,170,0,2,1,far,0,176,54,0,0,6336,7744,7744,8096,0,0,176,-10,10,0,0,176,-2,2,0,0,176,-2,2
9,51,170,0,2,4,unchanged,0,16,16,0,0,768,896,896,928,0,0,16,-10,10,0,0,16,-2,2,0,0,16,-2,2
9,51,170,0,2,4,one_edit,0,64,0,0,0,3072,3584,3584,3712,0,0,64,-10,10,0,0,64,-2,2,0,0,64,-2,2
9,51,170,0,2,4,far,0,176,54,0,0,8448,9856,9856,10208,0,0,176,-10,10,0,0,176,-2,2,0,0,176,-2,2
9,51,170,0,2,16,unchanged,0,16,16,0,0,1536,1664,1664,1696,0,0,16,-10,10,0,0,16,-2,2,0,0,16,-2,2
9,51,170,0,2,16,one_edit,0,64,0,0,0,6144,6656,6656,6784,0,0,64,-10,10,0,0,64,-2,2,0,0,64,-2,2
9,51,170,0,2,16,far,0,176,54,0,0,16896,18304,18304,18656,0,0,176,-10,10,0,0,176,-2,2,0,0,176,-2,2
9,51,170,0,4,1,unchanged,0,16,16,0,0,576,704,704,768,0,0,16,-12,12,0,0,16,-4,4,0,0,16,-4,4
9,51,170,0,4,1,one_edit,0,64,0,0,0,2304,2816,2816,3072,0,0,64,-12,12,0,0,64,-4,4,0,0,64,-4,4
9,51,170,0,4,1,far,0,176,54,0,0,6336,7744,7744,8448,0,0,176,-12,12,0,0,176,-4,4,0,0,176,-4,4
9,51,170,0,4,4,unchanged,0,16,16,0,0,768,896,896,960,0,0,16,-12,12,0,0,16,-4,4,0,0,16,-4,4
9,51,170,0,4,4,one_edit,0,64,0,0,0,3072,3584,3584,3840,0,0,64,-12,12,0,0,64,-4,4,0,0,64,-4,4
9,51,170,0,4,4,far,0,176,54,0,0,8448,9856,9856,10560,0,0,176,-12,12,0,0,176,-4,4,0,0,176,-4,4
9,51,170,0,4,16,unchanged,0,16,16,0,0,1536,1664,1664,1728,0,0,16,-12,12,0,0,16,-4,4,0,0,16,-4,4
9,51,170,0,4,16,one_edit,0,64,0,0,0,6144,6656,6656,6912,0,0,64,-12,12,0,0,64,-4,4,0,0,64,-4,4
9,51,170,0,4,16,far,0,176,54,0,0,16896,18304,18304,19008,0,0,176,-12,12,0,0,176,-4,4,0,0,176,-4,4
9,51,170,0,8,1,unchanged,0,16,16,0,0,576,704,704,832,0,0,16,-16,16,0,0,16,-8,8,0,0,16,-8,8
9,51,170,0,8,1,one_edit,0,64,0,0,0,2304,2816,2816,3328,0,0,64,-16,16,0,0,64,-8,8,0,0,64,-8,8
9,51,170,0,8,1,far,0,176,54,0,0,6336,7744,7744,9152,0,0,176,-16,16,0,0,176,-8,8,0,0,176,-8,8
9,51,170,0,8,4,unchanged,0,16,16,0,0,768,896,896,1024,0,0,16,-16,16,0,0,16,-8,8,0,0,16,-8,8
9,51,170,0,8,4,one_edit,0,64,0,0,0,3072,3584,3584,4096,0,0,64,-16,16,0,0,64,-8,8,0,0,64,-8,8
9,51,170,0,8,4,far,0,176,54,0,0,8448,9856,9856,11264,0,0,176,-16,16,0,0,176,-8,8,0,0,176,-8,8
9,51,170,0,8,16,unchanged,0,16,16,0,0,1536,1664,1664,1792,0,0,16,-16,16,0,0,16,-8,8,0,0,16,-8,8
9,51,170,0,8,16,one_edit,0,64,0,0,0,6144,6656,6656,7168,0,0,64,-16,16,0,0,64,-8,8,0,0,64,-8,8
9,51,170,0,8,16,far,0,176,54,0,0,16896,18304,18304,19712,0,0,176,-16,16,0,0,176,-8,8,0,0,176,-8,8
9,51,170,1,0,1,unchanged,0,11,11,0,0,576,664,664,664,0,0,11,-8,8,0,11,0,0,0,0,11,0,0,0
9,51,170,1,0,1,one_edit,0,44,0,0,0,2352,2704,2704,2704,0,0,44,-8,8,0,44,0,0,0,0,44,0,0,0
9,51,170,1,0,1,far,0,121,42,6,0,6672,7640,7640,7634,0,0,121,-7,8,6,115,0,1,0,6,115,0,1,0
9,51,170,1,0,1,far,1,55,12,0,0,6000,5166,5166,5166,55,0,0,43,-8,0,55,0,0,0,0,55,0,0,0
9,51,170,1,0,1,one_edit,1,20,0,4,0,2256,1956,1956,1944,20,0,0,43,-8,4,16,0,3,0,4,16,0,3,0
9,51,170,1,0,1,unchanged,1,5,5,0,0,576,490,490,490,5,0,0,46,-10,0,5,0,0,0,0,5,0,0,0
9,51,170,1,0,4,unchanged,0,11,11,6,6,768,856,832,814,0,0,11,-1,8,6,5,0,7,0,6,5,0,3,0
9,51,170,1,0,4,one_edit,0,44,0,24,24,3264,3616,3520,3472,0,0,44,-1,8,24,20,0,7,0,24,20,0,3,0
9,51,170,1,0,4,far,0,121,42,91,91,9792,10760,10264,10088,11,0,110,11,8,91,30,0,19,0,80,41,0,3,0
9,51,170,1,0,4,far,1,55,12,24,12,7104,6144,6096,6024,55,0,0,52,-8,24,31,0,9,0,24,31,0,5,0
9,51,170,1,0,4,one_edit,1,20,0,16,16,2880,2544,2432,2352,20,0,0,52,-17,16,4,0,21,0,16,4,0,5,0
9,51,170,1,0,4,unchanged,1,5,5,4,0,768,640,640,636,5,0,0,64,-17,4,1,0,1,0,4,1,0,1,0
9,51,170,1,0,16,unchanged,0,11,11,6,6,1536,1624,1384,1366,6,0,5,35,8,6,5,0,43,0,6,5,0,3,0
9,51,170,1,0,16,one_edit,0,44,0,24,24,6912,7264,6304,6256,24,0,20,35,8,24,20,0,43,0,24,20,0,3,0
9,51,170,1,0,16,far,0,121,42,91,91,22272,23240,19072,18896,91,0,30,83,8,91,30,0,91,0,80,41,0,3,0
9,51,170,1,0,16,far,1,55,12,24,24,11520,10056,9480,9360,55,0,0,88,-8,24,31,0,45,0,24,31,0,5,0
9,51,170,1,0,16,one_edit,1,20,0,16,16,5376,4896,4064,3984,20,0,0,101,-53,16,4,0,93,0,16,4,0,5,0
9,51,170,1,0,16,unchanged,1,5,5,4,4,1536,1240,1208,1188,5,0,0,136,-53,4,1,0,13,0,4,1,0,5,0
9,51,170,1,2,1,unchanged,0,11,11,0,0,576,664,664,686,0,0,11,-10,10,0,0,11,-2,2,0,0,11,-2,2
9,51,170,1,2,1,one_edit,0,44,0,0,0,2352,2704,2704,2792,0,0,44,-10,10,0,0,44,-2,2,0,0,44,-2,2
9,51,170,1,2,1,far,0,121,42,6,0,6672,7640,7640,7876,0,0,121,-9,10,0,0,121,-1,2,0,0,121,-1,2
9,51,170,1,2,1,far,1,55,12,0,0,6000,5166,5166,5276,55,0,0,41,-6,0,0,55,-2,2,0,0,55,-2,2
9,51,170,1,2,1,one_edit,1,20,0,4,0,2256,1956,1956,1984,20,0,0,41,-6,4,0,16,1,2,4,0,16,1,2
9,51,170,1,2,1,unchanged,1,5,5,0,0,576,490,490,500,5,0,0,44,-8,0,0,5,-2,2,0,0,5,-2,2
9,51,170,1,2,4,unchanged,0,11,11,6,6,768,856,832,836,0,0,11,-3,10,6,0,5,5,2,6,0,5,1,2
9,51,170,1,2,4,one_edit,0,44,0,24,24,3264,3616,3520,3560,0,0,44,-3,10,24,0,20,5,2,12,0,32,1,2
9,51,170,1,2,4,far,0,121,42,91,91,9792,10760,10264,10330,11,0,110,9,10,91,0,30,17,2,48,0,73,1,2
9,51,170,1,2,4,far,1,55,12,24,12,7104,6144,6096,6134,55,0,0,50,-6,12,0,43,7,2,12,0,43,3,2
9,51,170,1,2,4,one_edit,1,20,0,16,16,2880,2544,2432,2392,20,0,0,50,-15,16,0,4,19,2,16,0,4,3,2
9,51,170,1,2,4,unchanged,1,5,5,4,0,768,640,640,646,5,0,0,62,-15,0,0,5,-1,2,0,0,5,-1,2
9,51,170,1,2,16,unchanged,0,11,11,6,6,1536,1624,1384,1388,6,0,5,33,10,6,0,5,41,2,6,0,5,1,2
9,51,170,1,2,16,one_edit,0,44,0,24,24,6912,7264,6304,6344,24,0,20,33,10,24,0,20,41,2,12,0,32,1,2
9,51,170,1,2,16,far,0,121,42,91,91,22272,23240,19072,19138,91,0,30,81,10,91,0,30,89,2,48,0,73,1,2
9,51,170,1,2,16,far,1,55,12,24,24,11520,10056,9480,9470,55,0,0,86,-6,24,0,31,43,2,24,0,31,3,2
9,51,170,1,2,16,one_edit,1,20,0,16,16,5376,4896,4064,4024,20,0,0,99,-51,16,0,4,91,2,16,0,4,3,2
9,51,170,1,2,16,unchanged,1,5,5,4,4,1536,1240,1208,1198,5,0,0,134,-51,4,0,1,11,2,4,0,1,3,2
9,51,170,1,4,1,unchanged,0,11,11,0,0,576,664,664,708,0,0,11,-12,12,0,0,11,-4,4,0,0,11,-4,4
9,51,170,1,4,1,one_edit,0,44,0,0,0,2352,2704,2704,2880,0,0,44,-12,12,0,0,44,-4,4,0,0,44,-4,4
9,51,170,1,4,1,far,0,121,42,6,0,6672,7640,7640,8118,0,0,121,-11,12,0,0,121,-3,4,0,0,121,-3,4
9,51,170,1,4,1,far,1,55,12,0,0,6000,5166,5166,5386,55,0,0,39,-4,0,0,55,-4,4,0,0,55,-4,4
9,51,170,1,4,1,one_edit,1,20,0,4,0,2256,1956,1956,2024,20,0,0,39,-4,0,0,20,-1,4,0,0,20,-1,4
9,51,170,1,4,1,unchanged,1,5,5,0,0,576,490,490,510,5,0,0,42,-6,0,0,5,-4,4,0,0,5,-4,4
9,51,170,1,4,4,unchanged,0,11,11,6,6,768,856,832,858,0,0,11,-5,12,6,0,5,3,4,0,0,11,-1,4
9,51,170,1,4,4,one_edit,0,44,0,24,24,3264,3616,3520,3648,0,0,44,-5,12,24,0,20,3,4,0,0,44,-1,4
9,51,170,1,4,4,far,0,121,42,91,91,9792,10760,10264,10572,11,0,110,7,12,81,10,30,15,4,0,0,121,-1,4
9,51,170,1,4,4,far,1,55,12,24,12,7104,6144,6096,6244,55,0,0,48,-4,12,0,43,5,4,12,0,43,1,4
9,51,170,1,4,4,one_edit,1,20,0,16,16,2880,2544,2432,2432,20,0,0,48,-13,16,0,4,17,4,16,0,4,1,4
9,51,170,1,4,4,unchanged,1,5,5,4,0,768,640,640,656,5,0,0,60,-13,0,0,5,-3,4,0,0,5,-3,4
9,51,170,1,4,16,unchanged,0,11,11,6,6,1536,1624,1384,1410,6,0,5,31,12,6,0,5,39,4,0,0,11,-1,4
9,51,170,1,4,16,one_edit,0,44,0,24,24,6912,7264,6304,6432,24,0,20,31,12,24,0,20,39,4,0,0,44,-1,4
9,51,170,1,4,16,far,0,121,42,91,91,22272,23240,19072,19380,91,0,30,79,12,91,0,30,87,4,0,0,121,-1,4
9,51,170,1,4,16,far,1,55,12,24,24,11520,10056,9480,9580,55,0,0,84,-4,24,0,31,41,4,24,0,31,1,4
9,51,170,1,4,16,one_edit,1,20,0,16,16,5376,4896,4064,4064,20,0,0,97,-49,16,0,4,89,4,16,0,4,1,4
9,51,170,1,4,16,unchanged,1,5,5,4,4,1536,1240,1208,1208,5,0,0,132,-49,4,0,1,9,4,4,0,1,1,4
9,51,170,1,8,1,unchanged,0,11,11,0,0,576,664,664,752,0,0,11,-16,16,0,0,11,-8,8,0,0,11,-8,8
9,51,170,1,8,1,one_edit,0,44,0,0,0,2352,2704,2704,3056,0,0,44,-16,16,0,0,44,-8,8,0,0,44,-8,8
9,51,170,1,8,1,far,0,121,42,6,0,6672,7640,7640,8602,0,0,121,-15,16,0,0,121,-7,8,0,0,121,-7,8
9,51,170,1,8,1,far,1,55,12,0,0,6000,5166,5166,5606,23,32,0,35,0,0,0,55,-8,8,0,0,55,-8,8
9,51,170,1,8,1,one_edit,1,20,0,4,0,2256,1956,1956,2104,8,12,0,35,0,0,0,20,-5,8,0,0,20,-5,8
9,51,170,1,8,1,unchanged,1,5,5,0,0,576,490,490,530,5,0,0,38,-2,0,0,5,-8,8,0,0,5,-8,8
9,51,170,1,8,4,unchanged,0,11,11,6,6,768,856,832,902,0,0,11,-9,16,0,0,11,-1,8,0,0,11,-5,8
9,51,170,1,8,4,one_edit,0,44,0,24,24,3264,3616,3520,3824,0,0,44,-9,16,0,0,44,-1,8,0,0,44,-5,8
9,51,170,1,8,4,far,0,121,42,91,91,9792,10760,10264,11056,10,1,110,3,16,11,0,110,11,8,0,0,121,-5,8
9,51,170,1,8,4,far,1,55,12,24,12,7104,6144,6096,6464,35,20,0,44,0,12,0,43,1,8,0,0,55,-3,8
9,51,170,1,8,4,one_edit,1,20,0,16,16,2880,2544,2432,2512,20,0,0,44,-9,16,0,4,13,8,0,0,20,-3,8
9,51,170,1,8,4,unchanged,1,5,5,4,0,768,640,640,676,5,0,0,56,-9,0,0,5,-7,8,0,0,5,-7,8
9,51,170,1,8,16,unchanged,0,11,11,6,6,1536,1624,1384,1454,6,0,5,27,16,6,0,5,35,8,0,0,11,-5,8
9,51,170,1,8,16,one_edit,0,44,0,24,24,6912,7264,6304,6608,24,0,20,27,16,24,0,20,35,8,0,0,44,-5,8
9,51,170,1,8,16,far,0,121,42,91,91,22272,23240,19072,19864,91,0,30,75,16,91,0,30,83,8,0,0,121,-5,8
9,51,170,1,8,16,far,1,55,12,24,24,11520,10056,9480,9800,35,20,0,80,0,24,0,31,37,8,0,0,55,-3,8
9,51,170,1,8,16,one_edit,1,20,0,16,16,5376,4896,4064,4144,20,0,0,93,-45,16,0,4,85,8,0,0,20,-3,8
9,51,170,1,8,16,unchanged,1,5,5,4,4,1536,1240,1208,1228,5,0,0,128,-45,4,0,1,5,8,0,0,5,-3,8
9,51,170,2,0,1,unchanged,0,11,11,6,0,864,952,952,946,0,0,11,-7,8,6,5,0,1,0,6,5,0,1,0
9,51,170,2,0,1,one_edit,0,44,0,12,0,3528,3880,3880,3844,0,0,44,-5,8,12,32,0,3,0,12,32,0,3,0
9,51,170,2,0,1,far,0,121,42,69,11,10008,10976,10932,10828,0,0,121,-1,8,69,52,0,7,0,68,53,0,3,0
9,51,170,2,0,1,far,1,55,12,12,0,9000,6164,6164,6128,55,0,0,94,-40,12,43,0,3,0,12,43,0,3,0
9,51,170,2,0,1,one_edit,1,20,0,16,4,3384,2368,2352,2296,20,0,0,94,-43,16,4,0,9,0,16,4,0,5,0
9,51,170,2,0,1,unchanged,1,5,5,0,0,864,580,580,580,5,0,0,100,-46,0,5,0,0,0,0,5,0,0,0
9,51,170,2,0,4,unchanged,0,11,11,6,6,1152,1240,1144,1126,6,0,5,11,8,6,5,0,19,0,6,5,0,3,0
9,51,170,2,0,4,one_edit,0,44,0,24,24,4896,5248,4864,4792,24,0,20,13,8,24,20,0,21,0,24,20,0,5,0
9,51,170,2,0,4,far,0,121,42,91,91,14688,15656,13936,13700,91,0,30,35,8,91,30,0,43,0,84,37,0,5,0
9,51,170,2,0,4,far,1,55,12,12,12,10656,7496,7304,7244,55,0,0,112,-40,12,43,0,21,0,12,43,0,5,0
9,51,170,2,0,4,one_edit,1,20,0,16,16,4320,3232,2880,2800,20,0,0,112,-61,16,4,0,45,0,16,4,0,5,0
9,51,170,2,0,4,unchanged,1,5,5,0,0,1152,760,760,760,5,0,0,136,-64,0,5,0,0,0,0,5,0,0,0
9,51,170,2,0,16,unchanged,0,11,11,6,6,2304,2392,1864,1846,6,0,5,83,8,6,5,0,91,0,6,5,0,3,0
9,51,170,2,0,16,one_edit,0,44,0,24,24,10368,10720,8608,8536,24,0,20,85,8,24,20,0,93,0,24,20,0,5,0
9,51,170,2,0,16,far,0,121,42,91,91,33408,34376,25312,25076,91,0,30,179,8,91,30,0,187,0,84,37,0,5,0
9,51,170,2,0,16,far,1,55,12,12,12,17280,12824,11768,11708,55,0,0,184,-40,12,43,0,93,0,12,43,0,5,0
9,51,170,2,0,16,one_edit,1,20,0,16,16,8064,6688,4896,4816,20,0,0,229,-133,16,4,0,189,0,16,4,0,5,0
9,51,170,2,0,16,unchanged,1,5,5,0,0,2304,1480,1480,1480,5,0,0,280,-136,0,5,0,0,0,0,5,0,0,0
9,51,170,2,2,1,unchanged,0,11,11,6,0,864,952,952,968,0,0,11,-9,10,0,0,11,-1,2,0,0,11,-1,2
9,51,170,2,2,1,one_edit,0,44,0,12,0,3528,3880,3880,3932,0,0,44,-7,10,12,0,32,1,2,12,0,32,1,2
9,51,170,2,2,1,far,0,121,42,69,11,10008,10976,10932,11070,0,0,121,-3,10,23,0,98,5,2,18,0,103,1,2
9,51,170,2,2,1,far,1,55,12,12,0,9000,6164,6164,6238,55,0,0,92,-38,12,0,43,1,2,12,0,43,1,2
9,51,170,2,2,1,one_edit,1,20,0,16,4,3384,2368,2352,2336,20,0,0,92,-41,16,0,4,7,2,16,0,4,3,2
9,51,170,2,2,1,unchanged,1,5,5,0,0,864,580,580,590,5,0,0,98,-44,0,0,5,-2,2,0,0,5,-2,2
9,51,170,2,2,4,unchanged,0,11,11,6,6,1152,1240,1144,1148,6,0,5,9,10,6,0,5,17,2,6,0,5,1,2
9,51,170,2,2,4,one_edit,0,44,0,24,24,4896,5248,4864,4880,24,0,20,11,10,24,0,20,19,2,12,0,32,3,2
9,51,170,2,2,4,far,0,121,42,91,91,14688,15656,13936,13942,91,0,30,33,10,91,0,30,41,2,64,0,57,3,2
9,51,170,2,2,4,far,1,55,12,12,12,10656,7496,7304,7354,55,0,0,110,-38,12,0,43,19,2,12,0,43,3,2
9,51,170,2,2,4,one_edit,1,20,0,16,16,4320,3232,2880,2840,20,0,0,110,-59,16,0,4,43,2,16,0,4,3,2
9,51,170,2,2,4,unchanged,1,5,5,0,0,1152,760,760,770,5,0,0,134,-62,0,0,5,-2,2,0,0,5,-2,2
9,51,170,2,2,16,unchanged,0,11,11,6,6,2304,2392,1864,1868,6,0,5,81,10,6,0,5,89,2,6,0,5,1,2
9,51,170,2,2,16,one_edit,0,44,0,24,24,10368,10720,8608,8624,24,0,20,83,10,24,0,20,91,2,12,0,32,3,2
9,51,170,2,2,16,far,0,121,42,91,91,33408,34376,25312,25318,91,0,30,177,10,91,0,30,185,2,64,0,57,3,2
9,51,170,2,2,16,far,1,55,12,12,12,17280,12824,11768,11818,55,0,0,182,-38,12,0,43,91,2,12,0,43,3,2
9,51,170,2,2,16,one_edit,1,20,0,16,16,8064,6688,4896,4856,20,0,0,227,-131,16,0,4,187,2,16,0,4,3,2
9,51,170,2,2,16,unchanged,1,5,5,0,0,2304,1480,1480,1490,5,0,0,278,-134,0,0,5,-2,2,0,0,5,-2,2
9,51,170,2,4,1,unchanged,0,11,11,6,0,864,952,952,990,0,0,11,-11,12,0,0,11,-3,4,0,0,11,-3,4
9,51,170,2,4,1,one_edit,0,44,0,12,0,3528,3880,3880,4020,0,0,44,-9,12,0,0,44,-1,4,0,0,44,-1,4
9,51,170,2,4,1,far,0,121,42,69,11,10008,10976,10932,11312,0,0,121,-5,12,10,1,110,3,4,0,0,121,-1,4
9,51,170,2,4,1,far,1,55,12,12,0,9000,6164,6164,6348,55,0,0,90,-36,0,0,55,-1,4,0,0,55,-1,4
9,51,170,2,4,1,one_edit,1,20,0,16,4,3384,2368,2352,2376,20,0,0,90,-39,4,0,16,5,4,4,0,16,1,4
9,51,170,2,4,1,unchanged,1,5,5,0,0,864,580,580,600,5,0,0,96,-42,0,0,5,-4,4,0,0,5,-4,4
9,51,170,2,4,4,unchanged,0,11,11,6,6,1152,1240,1144,1170,6,0,5,7,12,6,0,5,15,4,0,0,11,-1,4
9,51,170,2,4,4,one_edit,0,44,0,24,24,4896,5248,4864,4968,24,0,20,9,12,24,0,20,17,4,12,0,32,1,4
9,51,170,2,4,4,far,0,121,42,91,91,14688,15656,13936,14184,91,0,30,31,12,91,0,30,39,4,12,0,109,1,4
9,51,170,2,4,4,far,1,55,12,12,12,10656,7496,7304,7464,55,0,0,108,-36,12,0,43,17,4,12,0,43,1,4
9,51,170,2,4,4,one_edit,1,20,0,16,16,4320,3232,2880,2880,20,0,0,108,-57,16,0,4,41,4,16,0,4,1,4
9,51,170,2,4,4,unchanged,1,5,5,0,0,1152,760,760,780,5,0,0,132,-60,0,0,5,-4,4,0,0,5,-4,4
9,51,170,2,4,16,unchanged,0,11,11,6,6,2304,2392,1864,1890,6,0,5,79,12,6,0,5,87,4,0,0,11,-1,4
9,51,170,2,4,16,one_edit,0,44,0,24,24,10368,10720,8608,8712,24,0,20,81,12,24,0,20,89,4,12,0,32,1,4
9,51,170,2,4,16,far,0,121,42,91,91,33408,34376,25312,25560,91,0,30,175,12,91,0,30,183,4,12,0,109,1,4
9,51,170,2,4,16,far,1,55,12,12,12,17280,12824,11768,11928,55,0,0,180,-36,12,0,43,89,4,12,0,43,1,4
9,51,170,2,4,16,one_edit,1,20,0,16,16,8064,6688,4896,4896,20,0,0,225,-129,16,0,4,185,4,16,0,4,1,4
9,51,170,2,4,16,unchanged,1,5,5,0,0,2304,1480,1480,1500,5,0,0,276,-132,0,0,5,-4,4,0,0,5,-4,4
9,51,170,2,8,1,unchanged,0,11,11,6,0,864,952,952,1034,0,0,11,-15,16,0,0,11,-7,8,0,0,11,-7,8
9,51,170,2,8,1,one_edit,0,44,0,12,0,3528,3880,3880,4196,0,0,44,-13,16,0,0,44,-5,8,0,0,44,-5,8
9,51,170,2,8,1,far,0,121,42,69,11,10008,10976,10932,11796,0,0,121,-9,16,0,0,121,-1,8,0,0,121,-5,8
9,51,170,2,8,1,far,1,55,12,12,0,9000,6164,6164,6568,55,0,0,86,-32,0,0,55,-5,8,0,0,55,-5,8
9,51,170,2,8,1,one_edit,1,20,0,16,4,3384,2368,2352,2456,20,0,0,86,-35,4,0,16,1,8,0,0,20,-3,8
9,51,170,2,8,1,unchanged,1,5,5,0,0,864,580,580,620,5,0,0,92,-38,0,0,5,-8,8,0,0,5,-8,8
9,51,170,2,8,4,unchanged,0,11,11,6,6,1152,1240,1144,1214,6,0,5,3,16,6,0,5,11,8,0,0,11,-5,8
9,51,170,2,8,4,one_edit,0,44,0,24,24,4896,5248,4864,5144,24,0,20,5,16,24,0,20,13,8,0,0,44,-3,8
9,51,170,2,8,4,far,0,121,42,91,91,14688,15656,13936,14668,85,6,30,27,16,91,0,30,35,8,0,0,121,-3,8
9,51,170,2,8,4,far,1,55,12,12,12,10656,7496,7304,7684,55,0,0,104,-32,12,0,43,13,8,0,0,55,-3,8
9,51,170,2,8,4,one_edit,1,20,0,16,16,4320,3232,2880,2960,20,0,0,104,-53,16,0,4,37,8,0,0,20,-3,8
9,51,170,2,8,4,unchanged,1,5,5,0,0,1152,760,760,800,5,0,0,128,-56,0,0,5,-8,8,0,0,5,-8,8
9,51,170,2,8,16,unchanged,0,11,11,6,6,2304,2392,1864,1934,6,0,5,75,16,6,0,5,83,8,0,0,11,-5,8
9,51,170,2,8,16,one_edit,0,44,0,24,24,10368,10720,8608,8888,24,0,20,77,16,24,0,20,85,8,0,0,44,-3,8
9,51,170,2,8,16,far,0,121,42,91,91,33408,34376,25312,26044,91,0,30,171,16,91,0,30,179,8,0,0,121,-3,8
9,51,170,2,8,16,far,1,55,12,12,12,17280,12824,11768,12148,55,0,0,176,-32,12,0,43,85,8,0,0,55,-3,8
9,51,170,2,8,16,one_edit,1,20,0,16,16,8064,6688,4896,4976,20,0,0,221,-125,16,0,4,181,8,0,0,20,-3,8
9,51,170,2,8,16,unchanged,1,5,5,0,0,2304,1480,1480,1520,5,0,0,272,-128,0,0,5,-8,8,0,0,5,-8,8
9,51,170,4,0,1,unchanged,0,5,5,0,0,360,400,400,400,0,0,5,-8,8,0,5,0,0,0,0,5,0,0,0
9,51,170,4,0,1,one_edit,0,20,0,12,12,1560,1720,1672,1660,0,0,20,-3,8,12,8,0,5,0,12,8,0,1,0
9,51,170,4,0,1,far,0,55,12,43,43,4800,5240,4968,4900,21,0,34,9,8,43,12,0,17,0,36,19,0,3,0
9,51,170,4,0,1,far,1,121,42,60,30,26880,18264,18096,17868,121,0,0,196,-24,60,61,0,19,0,60,61,0,5,0
9,51,170,4,0,1,one_edit,1,44,0,28,28,9960,6864,6728,6588,44,0,0,196,-26,28,16,0,21,0,28,16,0,5,0
9,51,170,4,0,1,unchanged,1,11,11,6,0,2520,1672,1672,1654,11,0,0,208,-31,6,5,0,3,0,6,5,0,3,0
9,51,170,4,0,4,unchanged,0,5,5,4,2,480,520,520,500,0,0,5,-3,8,4,1,0,5,0,4,1,0,5,0
9,51,170,4,0,4,one_edit,0,20,0,16,12,2400,2560,2080,2056,12,0,8,33,8,16,4,0,41,0,16,4,0,3,0
9,51,170,4,0,4,far,0,55,12,55,49,8640,9080,6960,6832,43,0,12,81,3,55,0,0,89,-5,48,7,0,5,0
9,51,170,4,0,4,far,1,121,42,80,80,33600,23688,21576,21256,121,0,0,232,-24,80,41,0,91,0,80,41,0,5,0
9,51,170,4,0,4,one_edit,1,44,0,32,32,12960,9504,8288,8128,44,0,0,237,-32,32,12,0,93,0,32,12,0,5,0
9,51,170,4,0,4,unchanged,1,11,11,6,6,3360,2200,2056,2038,11,0,0,280,-67,6,5,0,27,0,6,5,0,3,0
9,51,170,4,0,16,unchanged,0,5,5,4,4,960,1000,904,884,4,0,1,21,8,4,1,0,29,0,4,1,0,5,0
9,51,170,4,0,16,one_edit,0,20,0,16,16,5760,5920,3616,3592,16,0,4,177,8,16,4,0,185,0,16,4,0,3,0
9,51,170,4,0,16,far,0,55,12,55,55,24000,24440,14640,14512,55,0,0,369,-21,55,0,0,377,-29,48,7,0,5,0
9,51,170,4,0,16,far,1,121,42,80,80,60480,45384,35016,34696,121,0,0,403,-24,80,41,0,379,0,80,41,0,5,0
9,51,170,4,0,16,one_edit,1,44,0,32,32,24960,20064,14432,14272,44,0,0,485,-56,32,12,0,381,0,32,12,0,5,0
9,51,170,4,0,16,unchanged,1,11,11,6,6,6720,4312,3592,3574,11,0,0,568,-211,6,5,0,123,0,6,5,0,3,0
9,51,170,4,2,1,unchanged,0,5,5,0,0,360,400,400,410,0,0,5,-10,10,0,0,5,-2,2,0,0,5,-2,2
9,51,170,4,2,1,one_edit,0,20,0,12,12,1560,1720,1672,1700,0,0,20,-5,10,12,0,8,3,2,0,0,20,-1,2
9,51,170,4,2,1,far,0,55,12,43,43,4800,5240,4968,5010,5,0,50,7,10,43,0,12,15,2,16,0,39,1,2
9,51,170,4,2,1,far,1,121,42,60,30,26880,18264,18096,18110,121,0,0,194,-22,60,0,61,17,2,60,0,61,3,2
9,51,170,4,2,1,one_edit,1,44,0,28,28,9960,6864,6728,6676,44,0,0,194,-24,28,0,16,19,2,28,0,16,3,2
9,51,170,4,2,1,unchanged,1,11,11,6,0,2520,1672,1672,1676,11,0,0,206,-29,6,0,5,1,2,6,0,5,1,2
9,51,170,4,2,4,unchanged,0,5,5,4,2,480,520,520,510,0,0,5,-5,10,4,0,1,3,2,4,0,1,3,2
9,51,170,4,2,4,one_edit,0,20,0,16,12,2400,2560,2080,2096,12,0,8,31,10,16,0,4,39,2,4,0,16,1,2
9,51,170,4,2,4,far,0,55,12,55,49,8640,9080,6960,6942,43,0,12,79,5,55,0,0,87,-3,28,0,27,3,2
9,51,170,4,2,4,far,1,121,42,80,80,33600,23688,21576,21498,121,0,0,230,-22,80,0,41,89,2,80,0,41,3,2
9,51,170,4,2,4,one_edit,1,44,0,32,32,12960,9504,8288,8216,44,0,0,235,-30,32,0,12,91,2,32,0,12,3,2
9,51,170,4,2,4,unchanged,1,11,11,6,6,3360,2200,2056,2060,11,0,0,278,-65,6,0,5,25,2,6,0,5,1,2
9,51,170,4,2,16,unchanged,0,5,5,4,4,960,1000,904,894,4,0,1,19,10,4,0,1,27,2,4,0,1,3,2
9,51,170,4,2,16,one_edit,0,20,0,16,16,5760,5920,3616,3632,16,0,4,175,10,16,0,4,183,2,4,0,16,1,2
9,51,170,4,2,16,far,0,55,12,55,55,24000,24440,14640,14622,55,0,0,367,-19,55,0,0,375,-27,28,0,27,3,2
9,51,170,4,2,16,far,1,121,42,80,80,60480,45384,35016,34938,121,0,0,401,-22,80,0,41,377,2,80,0,41,3,2
9,51,170,4,2,16,one_edit,1,44,0,32,32,24960,20064,14432,14360,44,0,0,483,-54,32,0,12,379,2,32,0,12,3,2
9,51,170,4,2,16,unchanged,1,11,11,6,6,6720,4312,3592,3596,11,0,0,566,-209,6,0,5,121,2,6,0,5,1,2
9,51,170,4,4,1,unchanged,0,5,5,0,0,360,400,400,420,0,0,5,-12,12,0,0,5,-4,4,0,0,5,-4,4
9,51,170,4,4,1,one_edit,0,20,0,12,12,1560,1720,1672,1740,0,0,20,-7,12,12,0,8,1,4,0,0,20,-3,4
9,51,170,4,4,1,far,0,55,12,43,43,4800,5240,4968,5120,5,0,50,5,12,37,6,12,13,4,0,0,55,-1,4
9,51,170,4,4,1,far,1,121,42,60,30,26880,18264,18096,18352,121,0,0,192,-20,30,0,91,15,4,24,0,97,1,4
9,51,170,4,4,1,one_edit,1,44,0,28,28,9960,6864,6728,6764,44,0,0,192,-22,28,0,16,17,4,28,0,16,1,4
9,51,170,4,4,1,unchanged,1,11,11,6,0,2520,1672,1672,1698,11,0,0,204,-27,0,0,11,-1,4,0,0,11,-1,4
9,51,170,4,4,4,unchanged,0,5,5,4,2,480,520,520,520,0,0,5,-7,12,4,0,1,1,4,4,0,1,1,4
9,51,170,4,4,4,one_edit,0,20,0,16,12,2400,2560,2080,2136,12,0,8,29,12,12,0,8,37,4,0,0,20,-1,4
9,51,170,4,4,4,far,0,55,12,55,49,8640,9080,6960,7052,43,0,12,77,7,55,0,0,85,-1,12,0,43,1,4
9,51,170,4,4,4,far,1,121,42,80,80,33600,23688,21576,21740,121,0,0,228,-20,76,0,45,87,4,40,0,81,1,4
9,51,170,4,4,4,one_edit,1,44,0,32,32,12960,9504,8288,8304,44,0,0,233,-28,32,0,12,89,4,32,0,12,1,4
9,51,170,4,4,4,unchanged,1,11,11,6,6,3360,2200,2056,2082,11,0,0,276,-63,6,0,5,23,4,0,0,11,-1,4
9,51,170,4,4,16,unchanged,0,5,5,4,4,960,1000,904,904,4,0,1,17,12,4,0,1,25,4,4,0,1,1,4
9,51,170,4,4,16,one_edit,0,20,0,16,16,5760,5920,3616,3672,16,0,4,173,12,16,0,4,181,4,0,0,20,-1,4
9,51,170,4,4,16,far,0,55,12,55,55,24000,24440,14640,14732,55,0,0,365,-17,55,0,0,373,-25,12,0,43,1,4
9,51,170,4,4,16,far,1,121,42,80,80,60480,45384,35016,35180,121,0,0,399,-20,80,0,41,375,4,40,0,81,1,4
9,51,170,4,4,16,one_edit,1,44,0,32,32,24960,20064,14432,14448,44,0,0,481,-52,32,0,12,377,4,32,0,12,1,4
9,51,170,4,4,16,unchanged,1,11,11,6,6,6720,4312,3592,3618,11,0,0,564,-207,6,0,5,119,4,0,0,11,-1,4
9,51,170,4,8,1,unchanged,0,5,5,0,0,360,400,400,440,0,0,5,-16,16,0,0,5,-8,8,0,0,5,-8,8
9,51,170,4,8,1,one_edit,0,20,0,12,12,1560,1720,1672,1820,0,0,20,-11,16,0,0,20,-3,8,0,0,20,-7,8
9,51,170,4,8,1,far,0,55,12,43,43,4800,5240,4968,5340,4,1,50,1,16,21,0,34,9,8,0,0,55,-5,8
9,51,170,4,8,1,far,1,121,42,60,30,26880,18264,18096,18836,121,0,0,188,-16,18,0,103,11,8,0,0,121,-3,8
9,51,170,4,8,1,one_edit,1,44,0,28,28,9960,6864,6728,6940,44,0,0,188,-18,16,0,28,13,8,0,0,44,-3,8
9,51,170,4,8,1,unchanged,1,11,11,6,0,2520,1672,1672,1742,11,0,0,200,-23,0,0,11,-5,8,0,0,11,-5,8
9,51,170,4,8,4,unchanged,0,5,5,4,2,480,520,520,540,0,0,5,-11,16,0,0,5,-3,8,0,0,5,-3,8
9,51,170,4,8,4,one_edit,0,20,0,16,12,2400,2560,2080,2216,12,0,8,25,16,12,0,8,33,8,0,0,20,-5,8
9,51,170,4,8,4,far,0,55,12,55,49,8640,9080,6960,7272,43,0,12,73,11,43,0,12,81,3,0,0,55,-3,8
9,51,170,4,8,4,far,1,121,42,80,80,33600,23688,21576,22224,121,0,0,224,-16,60,0,61,83,8,0,0,121,-3,8
9,51,170,4,8,4,one_edit,1,44,0,32,32,12960,9504,8288,8480,44,0,0,229,-24,28,0,16,85,8,0,0,44,-3,8
9,51,170,4,8,4,unchanged,1,11,11,6,6,3360,2200,2056,2126,11,0,0,272,-59,6,0,5,19,8,0,0,11,-5,8
9,51,170,4,8,16,unchanged,0,5,5,4,4,960,1000,904,924,4,0,1,13,16,4,0,1,21,8,0,0,5,-3,8
9,51,170,4,8,16,one_edit,0,20,0,16,16,5760,5920,3616,3752,16,0,4,169,16,16,0,4,177,8,0,0,20,-5,8
9,51,170,4,8,16,far,0,55,12,55,55,24000,24440,14640,14952,55,0,0,361,-13,55,0,0,369,-21,0,0,55,-3,8
9,51,170,4,8,16,far,1,121,42,80,80,60480,45384,35016,35664,121,0,0,395,-16,80,0,41,371,8,0,0,121,-3,8
9,51,170,4,8,16,one_edit,1,44,0,32,32,24960,20064,14432,14624,44,0,0,477,-48,32,0,12,373,8,0,0,44,-3,8
9,51,170,4,8,16,unchanged,1,11,11,6,6,6720,4312,3592,3662,11,0,0,560,-203,6,0,5,115,8,0,0,11,-5,8
9,54,110,0,0,1,unchanged,0,16,16,0,0,1152,1280,1280,1280,0,0,16,-8,8,0,16,0,0,0,0,16,0,0,0
9,54,110,0,0,1,one_edit,0,64,0,0,0,4608,5120,5120,5120,0,0,64,-8,8,0,64,0,0,0,0,64,0,0,0
9,54,110,0,0,1,far,0,176,0,0,0,12672,14080,14080,14080,0,0,176,-8,8,0,176,0,0,0,0,176,0,0,0
9,54,110,0,0,4,unchanged,0,16,16,0,0,1536,1664,1664,1664,0,0,16,-8,8,0,16,0,0,0,0,16,0,0,0
9,54,110,0,0,4,one_edit,0,64,0,0,0,6144,6656,6656,6656,0,0,64,-8,8,0,64,0,0,0,0,64,0,0,0
9,54,110,0,0,4,far,0,176,0,0,0,16896,18304,18304,18304,0,0,176,-8,8,0,176,0,0,0,0,176,0,0,0
9,54,110,0,0,16,unchanged,0,16,16,0,0,3072,3200,3200,3200,0,0,16,-8,8,0,16,0,0,0,0,16,0,0,0
9,54,110,0,0,16,one_edit,0,64,0,0,0,12288,12800,12800,12800,0,0,64,-8,8,0,64,0,0,0,0,64,0,0,0
9,54,110,0,0,16,far,0,176,0,0,0,33792,35200,35200,35200,0,0,176,-8,8,0,176,0,0,0,0,176,0,0,0
9,54,110,0,2,1,unchanged,0,16,16,0,0,1152,1280,1280,1312,0,0,16,-10,10,0,0,16,-2,2,0,0,16,-2,2
9,54,110,0,2,1,one_edit,0,64,0,0,0,4608,5120,5120,5248,0,0,64,-10,10,0,0,64,-2,2,0,0,64,-2,2
9,54,110,0,2,1,far,0,176,0,0,0,12672,14080,14080,14432,0,0,176,-10,10,0,0,176,-2,2,0,0,176,-2,2
9,54,110,0,2,4,unchanged,0,16,16,0,0,1536,1664,1664,1696,0,0,16,-10,10,0,0,16,-2,2,0,0,16,-2,2
9,54,110,0,2,4,one_edit,0,64,0,0,0,6144,6656,6656,6784,0,0,64,-10,10,0,0,64,-2,2,0,0,64,-2,2
9,54,110,0,2,4,far,0,176,0,0,0,16896,18304,18304,18656,0,0,176,-10,10,0,0,176,-2,2,0,0,176,-2,2
9,54,110,0,2,16,unchanged,0,16,16,0,0,3072,3200,3200,3232,0,0,16,-10,10,0,0,16,-2,2,0,0,16,-2,2
9,54,110,0,2,16,one_edit,0,64,0,0,0,12288,12800,12800,12928,0,0,64,-10,10,0,0,64,-2,2,0,0,64,-2,2
9,54,110,0,2,16,far,0,176,0,0,0,33792,35200,35200,35552,0,0,176,-10,10,0,0,176,-2,2,0,0,176,-2,2
9,54,110,0,4,1,unchanged,0,16,16,0,0,1152,1280,1280,1344,0,0,16,-12,12,0,0,16,-4,4,0,0,16,-4,4
9,54,110,0,4,1,one_edit,0,64,0,0,0,4608,5120,5120,5376,0,0,64,-12,12,0,0,64,-4,4,0,0,64,-4,4
9,54,110,0,4,1,far,0,176,0,0,0,12672,14080,14080,14784,0,0,176,-12,12,0,0,176,-4,4,0,0,176,-4,4
9,54,110,0,4,4,unchanged,0,16,16,0,0,1536,1664,1664,1728,0,0,16,-12,12,0,0,16,-4,4,0,0,16,-4,4
9,54,110,0,4,4,one_edit,0,64,0,0,0,6144,6656,6656,6912,0,0,64,-12,12,0,0,64,-4,4,0,0,64,-4,4
9,54,110,0,4,4,far,0,176,0,0,0,16896,18304,18304,19008,0,0,176,-12,12,0,0,176,-4,4,0,0,176,-4,4
9,54,110,0,4,16,unchanged,0,16,16,0,0,3072,3200,3200,3264,0,0,16,-12,12,0,0,16,-4,4,0,0,16,-4,4
9,54,110,0,4,16,one_edit,0,64,0,0,0,12288,12800,12800,13056,0,0,64,-12,12,0,0,64,-4,4,0,0,64,-4,4
9,54,110,0,4,16,far,0,176,0,0,0,33792,35200,35200,35904,0,0,176,-12,12,0,0,176,-4,4,0,0,176,-4,4
9,54,110,0,8,1,unchanged,0,16,16,0,0,1152,1280,1280,1408,0,0,16,-16,16,0,0,16,-8,8,0,0,16,-8,8
9,54,110,0,8,1,one_edit,0,64,0,0,0,4608,5120,5120,5632,0,0,64,-16,16,0,0,64,-8,8,0,0,64,-8,8
9,54,110,0,8,1,far,0,176,0,0,0,12672,14080,14080,15488,0,0,176,-16,16,0,0,176,-8,8,0,0,176,-8,8
9,54,110,0,8,4,unchanged,0,16,16,0,0,1536,1664,1664,1792,0,0,16,-16,16,0,0,16,-8,8,0,0,16,-8,8
9,54,110,0,8,4,one_edit,0,64,0,0,0,6144,6656,6656,7168,0,0,64,-16,16,0,0,64,-8,8,0,0,64,-8,8
9,54,110,0,8,4,far,0,176,0,0,0,16896,18304,18304,19712,0,0,176,-16,16,0,0,176,-8,8,0,0,176,-8,8
9,54,110,0,8,16,unchanged,0,16,16,0,0,3072,3200,3200,3328,0,0,16,-16,16,0,0,16,-8,8,0,0,16,-8,8
9,54,110,0,8,16,one_edit,0,64,0,0,0,12288,12800,12800,13312,0,0,64,-16,16,0,0,64,-8,8,0,0,64,-8,8
9,54,110,0,8,16,far,0,176,0,0,0,33792,35200,35200,36608,0,0,176,-16,16,0,0,176,-8,8,0,0,176,-8,8
9,54,110,1,0,1,unchanged,1,16,16,0,0,2304,1568,1568,1568,16,0,0,46,-46,0,16,0,0,0,0,16,0,0,0
9,54,110,1,0,1,one_edit,1,64,0,64,0,9216,6656,6656,6464,64,0,0,43,-43,64,0,0,3,-3,64,0,0,3,-3
9,54,110,1,0,1,far,1,176,0,88,0,25344,18190,18190,18126,176,0,0,43,-40,64,112,0,1,0,64,112,0,1,0
9,54,110,1,0,4,unchanged,1,16,16,0,0,3072,2048,2048,2048,16,0,0,64,-64,0,16,0,0,0,0,16,0,0,0
9,54,110,1,0,4,one_edit,1,64,0,64,64,12288,9728,8704,8384,64,0,0,61,-61,64,0,0,21,-21,64,0,0,5,-5
9,54,110,1,0,4,far,1,176,0,176,176,33792,26296,23936,23584,176,0,0,59,-56,176,0,0,19,-4,160,16,0,3,0
9,54,110,1,0,16,unchanged,1,16,16,0,0,6144,3968,3968,3968,16,0,0,136,-136,0,16,0,0,0,0,16,0,0,0
9,54,110,1,0,16,one_edit,1,64,0,64,64,24576,22016,16384,16064,64,0,0,133,-133,64,0,0,93,-93,64,0,0,5,-5
9,54,110,1,0,16,far,1,176,0,176,176,67584,58720,45056,44704,176,0,0,131,-128,176,0,0,91,-40,160,16,0,3,0
9,54,110,1,2,1,unchanged,1,16,16,0,0,2304,1568,1568,1600,16,0,0,44,-44,0,0,16,-2,2,0,0,16,-2,2
9,54,110,1,2,1,one_edit,1,64,0,64,0,9216,6656,6656,6592,64,0,0,41,-41,64,0,0,1,-1,64,0,0,1,-1
9,54,110,1,2,1,far,1,176,0,88,0,25344,18190,18190,18478,176,0,0,41,-38,0,0,176,-1,2,0,0,176,-1,2
9,54,110,1,2,4,unchanged,1,16,16,0,0,3072,2048,2048,2080,16,0,0,62,-62,0,0,16,-2,2,0,0,16,-2,2
9,54,110,1,2,4,one_edit,1,64,0,64,64,12288,9728,8704,8512,64,0,0,59,-59,64,0,0,19,-19,64,0,0,3,-3
9,54,110,1,2,4,far,1,176,0,176,176,33792,26296,23936,23936,176,0,0,57,-54,176,0,0,17,-2,96,0,80,1,2
9,54,110,1,2,16,unchanged,1,16,16,0,0,6144,3968,3968,4000,16,0,0,134,-134,0,0,16,-2,2,0,0,16,-2,2
9,54,110,1,2,16,one_edit,1,64,0,64,64,24576,22016,16384,16192,64,0,0,131,-131,64,0,0,91,-91,64,0,0,3,-3
9,54,110,1,2,16,far,1,176,0,176,176,67584,58720,45056,45056,176,0,0,129,-126,176,0,0,89,-38,96,0,80,1,2
9,54,110,1,4,1,unchanged,1,16,16,0,0,2304,1568,1568,1632,16,0,0,42,-42,0,0,16,-4,4,0,0,16,-4,4
9,54,110,1,4,1,one_edit,1,64,0,64,0,9216,6656,6656,6720,64,0,0,39,-39,0,0,64,-1,1,0,0,64,-1,1
9,54,110,1,4,1,far,1,176,0,88,0,25344,18190,18190,18830,176,0,0,39,-36,0,0,176,-3,4,0,0,176,-3,4
9,54,110,1,4,4,unchanged,1,16,16,0,0,3072,2048,2048,2112,16,0,0,60,-60,0,0,16,-4,4,0,0,16,-4,4
9,54,110,1,4,4,one_edit,1,64,0,64,64,12288,9728,8704,8640,64,0,0,57,-57,64,0,0,17,-17,64,0,0,1,-1
9,54,110,1,4,4,far,1,176,0,176,176,33792,26296,23936,24288,176,0,0,55,-52,170,6,0,15,0,0,0,176,-1,4
9,54,110,1,4,16,unchanged,1,16,16,0,0,6144,3968,3968,4032,16,0,0,132,-132,0,0,16,-4,4,0,0,16,-4,4
9,54,110,1,4,16,one_edit,1,64,0,64,64,24576,22016,16384,16320,64,0,0,129,-129,64,0,0,89,-89,64,0,0,1,-1
9,54,110,1,4,16,far,1,176,0,176,176,67584,58720,45056,45408,176,0,0,127,-124,176,0,0,87,-36,0,0,176,-1,4
9,54,110,1,8,1,unchanged,1,16,16,0,0,2304,1568,1568,1696,16,0,0,38,-38,0,0,16,-8,8,0,0,16,-8,8
9,54,110,1,8,1,one_edit,1,64,0,64,0,9216,6656,6656,6976,64,0,0,35,-35,0,0,64,-5,5,0,0,64,-5,5
9,54,110,1,8,1,far,1,176,0,88,0,25344,18190,18190,19534,176,0,0,35,-32,0,0,176,-7,8,0,0,176,-7,8
9,54,110,1,8,4,unchanged,1,16,16,0,0,3072,2048,2048,2176,16,0,0,56,-56,0,0,16,-8,8,0,0,16,-8,8
9,54,110,1,8,4,one_edit,1,64,0,64,64,12288,9728,8704,8896,64,0,0,53,-53,64,0,0,13,-13,0,0,64,-3,3
9,54,110,1,8,4,far,1,176,0,176,176,33792,26296,23936,24992,176,0,0,51,-48,138,0,38,11,4,0,0,176,-5,8
9,54,110,1,8,16,unchanged,1,16,16,0,0,6144,3968,3968,4096,16,0,0,128,-128,0,0,16,-8,8,0,0,16,-8,8
9,54,110,1,8,16,one_edit,1,64,0,64,64,24576,22016,16384,16576,64,0,0,125,-125,64,0,0,85,-85,0,0,64,-3,3
9,54,110,1,8,16,far,1,176,0,176,176,67584,58720,45056,46112,176,0,0,123,-120,176,0,0,83,-32,0,0,176,-5,8
9,54,110,2,0,1,unchanged,1,16,16,0,0,3456,1856,1856,1856,16,0,0,100,-100,0,16,0,0,0,0,16,0,0,0
9,54,110,2,0,1,one_edit,1,64,0,64,64,13824,8192,7936,7616,64,0,0,97,-97,64,0,0,9,-9,64,0,0,5,-5
9,54,110,2,0,1,far,1,176,0,170,138,38016,22300,21748,21460,176,0,0,95,-92,170,6,0,7,0,160,16,0,3,0
9,54,110,2,0,4,unchanged,1,16,16,0,0,4608,2432,2432,2432,16,0,0,136,-136,0,16,0,0,0,0,16,0,0,0
9,54,110,2,0,4,one_edit,1,64,0,64,64,18432,12800,10240,9920,64,0,0,133,-133,64,0,0,45,-45,64,0,0,5,-5
9,54,110,2,0,4,far,1,176,0,176,176,50688,34288,28160,27808,176,0,0,131,-128,176,0,0,43,-16,160,16,0,3,0
9,54,110,2,0,16,unchanged,1,16,16,0,0,9216,4736,4736,4736,16,0,0,280,-280,0,16,0,0,0,0,16,0,0,0
9,54,110,2,0,16,one_edit,1,64,0,64,64,36864,31232,19456,19136,64,0,0,277,-277,64,0,0,189,-189,64,0,0,5,-5
9,54,110,2,0,16,far,1,176,0,176,176,101376,82240,53504,53152,176,0,0,275,-272,176,0,0,187,-88,160,16,0,3,0
9,54,110,2,2,1,unchanged,1,16,16,0,0,3456,1856,1856,1888,16,0,0,98,-98,0,0,16,-2,2,0,0,16,-2,2
9,54,110,2,2,1,one_edit,1,64,0,64,64,13824,8192,7936,7744,64,0,0,95,-95,64,0,0,7,-7,64,0,0,3,-3
9,54,110,2,2,1,far,1,176,0,170,138,38016,22300,21748,21812,176,0,0,93,-90,138,0,38,5,2,64,0,112,1,2
9,54,110,2,2,4,unchanged,1,16,16,0,0,4608,2432,2432,2464,16,0,0,134,-134,0,0,16,-2,2,0,0,16,-2,2
9,54,110,2,2,4,one_edit,1,64,0,64,64,18432,12800,10240,10048,64,0,0,131,-131,64,0,0,43,-43,64,0,0,3,-3
9,54,110,2,2,4,far,1,176,0,176,176,50688,34288,28160,28160,176,0,0,129,-126,176,0,0,41,-14,96,0,80,1,2
9,54,110,2,2,16,unchanged,1,16,16,0,0,9216,4736,4736,4768,16,0,0,278,-278,0,0,16,-2,2,0,0,16,-2,2
9,54,110,2,2,16,one_edit,1,64,0,64,64,36864,31232,19456,19264,64,0,0,275,-275,64,0,0,187,-187,64,0,0,3,-3
9,54,110,2,2,16,far,1,176,0,176,176,101376,82240,53504,53504,176,0,0,273,-270,176,0,0,185,-86,96,0,80,1,2
9,54,110,2,4,1,unchanged,1,16,16,0,0,3456,1856,1856,1920,16,0,0,96,-96,0,0,16,-4,4,0,0,16,-4,4
9,54,110,2,4,1,one_edit,1,64,0,64,64,13824,8192,7936,7872,64,0,0,93,-93,64,0,0,5,-5,64,0,0,1,-1
9,54,110,2,4,1,far,1,176,0,170,138,38016,22300,21748,22164,176,0,0,91,-88,128,10,38,3,4,0,0,176,-1,4
9,54,110,2,4,4,unchanged,1,16,16,0,0,4608,2432,2432,2496,16,0,0,132,-132,0,0,16,-4,4,0,0,16,-4,4
9,54,110,2,4,4,one_edit,1,64,0,64,64,18432,12800,10240,10176,64,0,0,129,-129,64,0,0,41,-41,64,0,0,1,-1
9,54,110,2,4,4,far,1,176,0,176,176,50688,34288,28160,28512,176,0,0,127,-124,176,0,0,39,-12,0,0,176,-1,4
9,54,110,2,4,16,unchanged,1,16,16,0,0,9216,4736,4736,4800,16,0,0,276,-276,0,0,16,-4,4,0,0,16,-4,4
9,54,110,2,4,16,one_edit,1,64,0,64,64,36864,31232,19456,19392,64,0,0,273,-273,64,0,0,185,-185,64,0,0,1,-1
9,54,110,2,4,16,far,1,176,0,176,176,101376,82240,53504,53856,176,0,0,271,-268,176,0,0,183,-84,0,0,176,-1,4
9,54,110,2,8,1,unchanged,1,16,16,0,0,3456,1856,1856,1984,16,0,0,92,-92,0,0,16,-8,8,0,0,16,-8,8
9,54,110,2,8,1,one_edit,1,64,0,64,64,13824,8192,7936,8128,64,0,0,89,-89,64,0,0,1,-1,0,0,64,-3,3
9,54,110,2,8,1,far,1,176,0,170,138,38016,22300,21748,22868,176,0,0,87,-84,0,0,176,-1,8,0,0,176,-5,8
9,54,110,2,8,4,unchanged,1,16,16,0,0,4608,2432,2432,2560,16,0,0,128,-128,0,0,16,-8,8,0,0,16,-8,8
9,54,110,2,8,4,one_edit,1,64,0,64,64,18432,12800,10240,10432,64,0,0,125,-125,64,0,0,37,-37,0,0,64,-3,3
9,54,110,2,8,4,far,1,176,0,176,176,50688,34288,28160,29216,176,0,0,123,-120,176,0,0,35,-8,0,0,176,-5,8
9,54,110,2,8,16,unchanged,1,16,16,0,0,9216,4736,4736,4864,16,0,0,272,-272,0,0,16,-8,8,0,0,16,-8,8
9,54,110,2,8,16,one_edit,1,64,0,64,64,36864,31232,19456,19648,64,0,0,269,-269,64,0,0,181,-181,0,0,64,-3,3
9,54,110,2,8,16,far,1,176,0,176,176,101376,82240,53504,54560,176,0,0,267,-264,176,0,0,179,-80,0,0,176,-5,8
9,54,110,4,0,1,unchanged,1,16,16,0,0,5760,2432,2432,2432,16,0,0,208,-208,0,16,0,0,0,0,16,0,0,0
9,54,110,4,0,1,one_edit,1,64,0,64,64,23040,11264,10240,9920,64,0,0,205,-205,64,0,0,21,-21,64,0,0,5,-5
9,54,110,4,0,1,far,1,176,0,176,176,63360,30520,28160,27808,176,0,0,203,-200,176,0,0,19,-4,160,16,0,3,0
9,54,110,4,0,4,unchanged,1,16,16,0,0,7680,3200,3200,3200,16,0,0,280,-280,0,16,0,0,0,0,16,0,0,0
9,54,110,4,0,4,one_edit,1,64,0,64,64,30720,18944,13312,12992,64,0,0,277,-277,64,0,0,93,-93,64,0,0,5,-5
9,54,110,4,0,4,far,1,176,0,176,176,84480,50272,36608,36256,176,0,0,275,-272,176,0,0,91,-40,160,16,0,3,0
9,54,110,4,0,16,unchanged,1,16,16,0,0,15360,6272,6272,6272,16,0,0,568,-568,0,16,0,0,0,0,16,0,0,0
9,54,110,4,0,16,one_edit,1,64,0,64,64,61440,49664,25600,25280,64,0,0,565,-565,64,0,0,381,-381,64,0,0,5,-5
9,54,110,4,0,16,far,1,176,0,176,176,168960,129280,70400,70048,176,0,0,563,-560,176,0,0,379,-184,160,16,0,3,0
9,54,110,4,2,1,unchanged,1,16,16,0,0,5760,2432,2432,2464,16,0,0,206,-206,0,0,16,-2,2,0,0,16,-2,2
9,54,110,4,2,1,one_edit,1,64,0,64,64,23040,11264,10240,10048,64,0,0,203,-203,64,0,0,19,-19,64,0,0,3,-3
9,54,110,4,2,1,far,1,176,0,176,176,63360,30520,28160,28160,176,0,0,201,-198,176,0,0,17,-2,96,0,80,1,2
9,54,110,4,2,4,unchanged,1,16,16,0,0,7680,3200,3200,3232,16,0,0,278,-278,0,0,16,-2,2,0,0,16,-2,2
9,54,110,4,2,4,one_edit,1,64,0,64,64,30720,18944,13312,13120,64,0,0,275,-275,64,0,0,91,-91,64,0,0,3,-3
9,54,110,4,2,4,far,1,176,0,176,176,84480,50272,36608,36608,176,0,0,273,-270,176,0,0,89,-38,96,0,80,1,2
9,54,110,4,2,16,unchanged,1,16,16,0,0,15360,6272,6272,6304,16,0,0,566,-566,0,0,16,-2,2,0,0,16,-2,2
9,54,110,4,2,16,one_edit,1,64,0,64,64,61440,49664,25600,25408,64,0,0,563,-563,64,0,0,379,-379,64,0,0,3,-3
9,54,110,4,2,16,far,1,176,0,176,176,168960,129280,70400,70400,176,0,0,561,-558,176,0,0,377,-182,96,0,80,1,2
9,54,110,4,4,1,unchanged,1,16,16,0,0,5760,2432,2432,2496,16,0,0,204,-204,0,0,16,-4,4,0,0,16,-4,4
9,54,110,4,4,1,one_edit,1,64,0,64,64,23040,11264,10240,10176,64,0,0,201,-201,64,0,0,17,-17,64,0,0,1,-1
9,54,110,4,4,1,far,1,176,0,176,176,63360,30520,28160,28512,176,0,0,199,-196,170,6,0,15,0,0,0,176,-1,4
9,54,110,4,4,4,unchanged,1,16,16,0,0,7680,3200,3200,3264,16,0,0,276,-276,0,0,16,-4,4,0,0,16,-4,4
9,54,110,4,4,4,one_edit,1,64,0,64,64,30720,18944,13312,13248,64,0,0,273,-273,64,0,0,89,-89,64,0,0,1,-1
9,54,110,4,4,4,far,1,176,0,176,176,84480,50272,36608,36960,176,0,0,271,-268,176,0,0,87,-36,0,0,176,-1,4
9,54,110,4,4,16,unchanged,1,16,16,0,0,15360,6272,6272,6336,16,0,0,564,-564,0,0,16,-4,4,0,0,16,-4,4
9,54,110,4,4,16,one_edit,1,64,0,64,64,61440,49664,25600,25536,64,0,0,561,-561,64,0,0,377,-377,64,0,0,1,-1
9,54,110,4,4,16,far,1,176,0,176,176,168960,129280,70400,70752,176,0,0,559,-556,176,0,0,375,-180,0,0,176,-1,4
9,54,110,4,8,1,unchanged,1,16,16,0,0,5760,2432,2432,2560,16,0,0,200,-200,0,0,16,-8,8,0,0,16,-8,8
9,54,110,4,8,1,one_edit,1,64,0,64,64,23040,11264,10240,10432,64,0,0,197,-197,64,0,0,13,-13,0,0,64,-3,3
9,54,110,4,8,1,far,1,176,0,176,176,63360,30520,28160,29216,176,0,0,195,-192,138,0,38,11,4,0,0,176,-5,8
9,54,110,4,8,4,unchanged,1,16,16,0,0,7680,3200,3200,3328,16,0,0,272,-272,0,0,16,-8,8,0,0,16,-8,8
9,54,110,4,8,4,one_edit,1,64,0,64,64,30720,18944,13312,13504,64,0,0,269,-269,64,0,0,85,-85,0,0,64,-3,3
9,54,110,4,8,4,far,1,176,0,176,176,84480,50272,36608,37664,176,0,0,267,-264,176,0,0,83,-32,0,0,176,-5,8
9,54,110,4,8,16,unchanged,1,16,16,0,0,15360,6272,6272,6400,16,0,0,560,-560,0,0,16,-8,8,0,0,16,-8,8
9,54,110,4,8,16,one_edit,1,64,0,64,64,61440,49664,25600,25792,64,0,0,557,-557,64,0,0,373,-373,0,0,64,-3,3
9,54,110,4,8,16,far,1,176,0,176,176,168960,129280,70400,71456,176,0,0,555,-552,176,0,0,371,-176,0,0,176,-5,8
9,90,150,0,0,1,unchanged,0,16,16,0,0,540,668,668,668,0,0,16,-8,8,0,16,0,0,0,0,16,0,0,0
9,90,150,0,0,1,one_edit,0,64,0,0,0,2160,2672,2672,2672,0,0,64,-8,8,0,64,0,0,0,0,64,0,0,0
9,90,150,0,0,1,far,0,176,54,0,0,5940,7348,7348,7348,0,0,176,-8,8,0,176,0,0,0,0,176,0,0,0
9,90,150,0,0,4,unchanged,0,16,16,0,0,720,848,848,848,0,0,16,-8,8,0,16,0,0,0,0,16,0,0,0
9,90,150,0,0,4,one_edit,0,64,0,0,0,2880,3392,3392,3392,0,0,64,-8,8,0,64,0,0,0,0,64,0,0,0
9,90,150,0,0,4,far,0,176,54,0,0,7920,9328,9328,9328,0,0,176,-8,8,0,176,0,0,0,0,176,0,0,0
9,90,150,0,0,16,unchanged,0,16,16,0,0,1440,1568,1568,1568,0,0,16,-8,8,0,16,0,0,0,0,16,0,0,0
9,90,150,0,0,16,one_edit,0,64,0,0,0,5760,6272,6272,6272,0,0,64,-8,8,0,64,0,0,0,0,64,0,0,0
9,90,150,0,0,16,far,0,176,54,0,0,15840,17248,17248,17248,0,0,176,-8,8,0,176,0,0,0,0,176,0,0,0
9,90,150,0,2,1,unchanged,0,16,16,0,0,540,668,668,700,0,0,16,-10,10,0,0,16,-2,2,0,0,16,-2,2
9,90,150,0,2,1,one_edit,0,64,0,0,0,2160,2672,2672,2800,0,0,64,-10,10,0,0,64,-2,2,0,0,64,-2,2
9,90,150,0,2,1,far,0,176,54,0,0,5940,7348,7348,7700,0,0,176,-10,10,0,0,176,-2,2,0,0,176,-2,2
9,90,150,0,2,4,unchanged,0,16,16,0,0,720,848,848,880,0,0,16,-10,10,0,0,16,-2,2,0,0,16,-2,2
9,90,150,0,2,4,one_edit,0,64,0,0,0,2880,3392,3392,3520,0,0,64,-10,10,0,0,64,-2,2,0,0,64,-2,2
9,90,150,0,2,4,far,0,176,54,0,0,7920,9328,9328,9680,0,0,176,-10,10,0,0,176,-2,2,0,0,176,-2,2
9,90,150,0,2,16,unchanged,0,16,16,0,0,1440,1568,1568,1600,0,0,16,-10,10,0,0,16,-2,2,0,0,16,-2,2
9,90,150,0,2,16,one_edit,0,64,0,0,0,5760,6272,6272,6400,0,0,64,-10,10,0,0,64,-2,2,0,0,64,-2,2
9,90,150,0,2,16,far,0,176,54,0,0,15840,17248,17248,17600,0,0,176,-10,10,0,0,176,-2,2,0,0,176,-2,2
9,90,150,0,4,1,unchanged,0,16,16,0,0,540,668,668,732,0,0,16,-12,12,0,0,16,-4,4,0,0,16,-4,4
9,90,150,0,4,1,one_edit,0,64,0,0,0,2160,2672,2672,2928,0,0,64,-12,12,0,0,64,-4,4,0,0,64,-4,4
9,90,150,0,4,1,far,0,176,54,0,0,5940,7348,7348,8052,0,0,176,-12,12,0,0,176,-4,4,0,0,176,-4,4
9,90,150,0,4,4,unchanged,0,16,16,0,0,720,848,848,912,0,0,16,-12,12,0,0,16,-4,4,0,0,16,-4,4
9,90,150,0,4,4,one_edit,0,64,0,0,0,2880,3392,3392,3648,0,0,64,-12,12,0,0,64,-4,4,0,0,64,-4,4
9,90,150,0,4,4,far,0,176,54,0,0,7920,9328,9328,10032,0,0,176,-12,12,0,0,176,-4,4,0,0,176,-4,4
9,90,150,0,4,16,unchanged,0,16,16,0,0,1440,1568,1568,1632,0,0,16,-12,12,0,0,16,-4,4,0,0,16,-4,4
9,90,150,0,4,16,one_edit,0,64,0,0,0,5760,6272,6272,6528,0,0,64,-12,12,0,0,64,-4,4,0,0,64,-4,4
9,90,150,0,4,16,far,0,176,54,0,0,15840,17248,17248,17952,0,0,176,-12,12,0,0,176,-4,4,0,0,176,-4,4
9,90,150,0,8,1,unchanged,0,16,16,0,0,540,668,668,796,0,0,16,-16,16,0,0,16,-8,8,0,0,16,-8,8
9,90,150,0,8,1,one_edit,0,64,0,0,0,2160,2672,2672,3184,0,0,64,-16,16,0,0,64,-8,8,0,0,64,-8,8
9,90,150,0,8,1,far,0,176,54,0,0,5940,7348,7348,8756,0,0,176,-16,16,0,0,176,-8,8,0,0,176,-8,8
9,90,150,0,8,4,unchanged,0,16,16,0,0,720,848,848,976,0,0,16,-16,16,0,0,16,-8,8,0,0,16,-8,8
9,90,150,0,8,4,one_edit,0,64,0,0,0,2880,3392,3392,3904,0,0,64,-16,16,0,0,64,-8,8,0,0,64,-8,8
9,90,150,0,8,4,far,0,176,54,0,0,7920,9328,9328,10736,0,0,176,-16,16,0,0,176,-8,8,0,0,176,-8,8
9,90,150,0,8,16,unchanged,0,16,16,0,0,1440,1568,1568,1696,0,0,16,-16,16,0,0,16,-8,8,0,0,16,-8,8
9,90,150,0,8,16,one_edit,0,64,0,0,0,5760,6272,6272,6784,0,0,64,-16,16,0,0,64,-8,8,0,0,64,-8,8
9,90,150,0,8,16,far,0,176,54,0,0,15840,17248,17248,18656,0,0,176,-16,16,0,0,176,-8,8,0,0,176,-8,8
9,90,150,1,0,1,unchanged,0,10,10,0,0,540,584,584,584,4,0,6,1,8,0,10,0,0,0,0,10,0,0,0
9,90,150,1,0,1,one_edit,0,40,0,0,0,2232,2372,2372,2372,12,4,24,1,8,0,40,0,0,0,0,40,0,0,0
9,90,150,1,0,1,far,0,110,24,0,0,6108,6522,6522,6522,24,20,66,1,8,0,110,0,0,0,0,110,0,0,0
9,90,150,1,0,1,far,1,66,30,12,0,5772,4626,4626,4626,66,0,0,19,-16,0,66,0,0,0,0,66,0,0,0
9,90,150,1,0,1,one_edit,1,24,0,12,0,2088,1704,1704,1704,24,0,0,16,-16,0,24,0,0,0,0,24,0,0,0
9,90,150,1,0,1,unchanged,1,6,6,0,0,540,426,426,426,6,0,0,19,-19,0,6,0,0,0,0,6,0,0,0
9,90,150,1,0,4,unchanged,0,10,10,4,4,720,752,752,740,4,0,6,7,8,4,6,0,3,0,4,6,0,3,0
9,90,150,1,0,4,one_edit,0,40,0,16,16,3168,3152,3152,3088,24,4,12,9,8,16,24,0,5,0,16,24,0,5,0
9,90,150,1,0,4,far,0,110,24,40,40,8592,8664,8624,8460,62,20,28,9,8,40,70,0,9,0,40,70,0,5,0
9,90,150,1,0,4,far,1,66,30,12,12,7248,5832,5784,5724,66,0,0,28,-16,12,54,0,9,0,12,54,0,5,0
9,90,150,1,0,4,one_edit,1,24,0,12,12,2592,2208,2160,2100,24,0,0,25,-16,12,12,0,9,0,12,12,0,5,0
9,90,150,1,0,4,unchanged,1,6,6,0,0,720,552,552,552,6,0,0,28,-28,0,6,0,0,0,0,6,0,0,0
9,90,150,1,0,16,unchanged,0,10,10,4,4,1440,1424,1328,1316,4,0,6,43,8,4,6,0,27,0,4,6,0,3,0
9,90,150,1,0,16,one_edit,0,40,0,16,16,6912,6272,5888,5824,28,4,8,45,8,16,24,0,29,0,16,24,0,5,0
9,90,150,1,0,16,far,0,110,24,40,40,18528,17232,16112,15948,68,20,22,45,8,40,70,0,45,0,40,70,0,5,0
9,90,150,1,0,16,far,1,66,30,12,12,13152,10656,10176,10116,66,0,0,64,-16,12,54,0,45,0,12,54,0,5,0
9,90,150,1,0,16,one_edit,1,24,0,12,12,4608,4224,3744,3684,24,0,0,61,-16,12,12,0,45,0,12,12,0,5,0
9,90,150,1,0,16,unchanged,1,6,6,0,0,1440,1056,1056,1056,6,0,0,64,-64,0,6,0,0,0,0,6,0,0,0
9,90,150,1,2,1,unchanged,0,10,10,0,0,540,584,584,604,0,0,10,-1,10,0,0,10,-2,2,0,0,10,-2,2
9,90,150,1,2,1,one_edit,0,40,0,0,0,2232,2372,2372,2452,0,0,40,-1,10,0,0,40,-2,2,0,0,40,-2,2
9,90,150,1,2,1,far,0,110,24,0,0,6108,6522,6522,6742,0,0,110,-1,10,0,0,110,-2,2,0,0,110,-2,2
9,90,150,1,2,1,far,1,66,30,12,0,5772,4626,4626,4758,66,0,0,17,-14,0,0,66,-2,2,0,0,66,-2,2
9,90,150,1,2,1,one_edit,1,24,0,12,0,2088,1704,1704,1752,24,0,0,14,-14,0,0,24,-2,2,0,0,24,-2,2
9,90,150,1,2,1,unchanged,1,6,6,0,0,540,426,426,438,6,0,0,17,-17,0,0,6,-2,2,0,0,6,-2,2
9,90,150,1,2,4,unchanged,0,10,10,4,4,720,752,752,760,4,0,6,5,10,4,0,6,1,2,4,0,6,1,2
9,90,150,1,2,4,one_edit,0,40,0,16,16,3168,3152,3152,3168,24,0,16,7,10,12,0,28,3,2,12,0,28,3,2
9,90,150,1,2,4,far,0,110,24,40,40,8592,8664,8624,8680,52,0,58,7,10,40,0,70,7,2,40,0,70,3,2
9,90,150,1,2,4,far,1,66,30,12,12,7248,5832,5784,5856,66,0,0,26,-14,12,0,54,7,2,12,0,54,3,2
9,90,150,1,2,4,one_edit,1,24,0,12,12,2592,2208,2160,2148,24,0,0,23,-14,12,0,12,7,2,12,0,12,3,2
9,90,150,1,2,4,unchanged,1,6,6,0,0,720,552,552,564,6,0,0,26,-26,0,0,6,-2,2,0,0,6,-2,2
9,90,150,1,2,16,unchanged,0,10,10,4,4,1440,1424,1328,1336,4,0,6,41,10,4,0,6,25,2,4,0,6,1,2
9,90,150,1,2,16,one_edit,0,40,0,16,16,6912,6272,5888,5904,28,0,12,43,10,16,0,24,27,2,12,0,28,3,2
9,90,150,1,2,16,far,0,110,24,40,40,18528,17232,16112,16168,68,0,42,43,10,40,0,70,43,2,40,0,70,3,2
9,90,150,1,2,16,far,1,66,30,12,12,13152,10656,10176,10248,66,0,0,62,-14,12,0,54,43,2,12,0,54,3,2
9,90,150,1,2,16,one_edit,1,24,0,12,12,4608,4224,3744,3732,24,0,0,59,-14,12,0,12,43,2,12,0,12,3,2
9,90,150,1,2,16,unchanged,1,6,6,0,0,1440,1056,1056,1068,6,0,0,62,-62,0,0,6,-2,2,0,0,6,-2,2
9,90,150,1,4,1,unchanged,0,10,10,0,0,540,584,584,624,0,0,10,-3,12,0,0,10,-4,4,0,0,10,-4,4
9,90,150,1,4,1,one_edit,0,40,0,0,0,2232,2372,2372,2532,0,0,40,-3,12,0,0,40,-4,4,0,0,40,-4,4
9,90,150,1,4,1,far,0,110,24,0,0,6108,6522,6522,6962,0,0,110,-3,12,0,0,110,-4,4,0,0,110,-4,4
9,90,150,1,4,1,far,1,66,30,12,0,5772,4626,4626,4890,66,0,0,15,-12,0,0,66,-4,4,0,0,66,-4,4
9,90,150,1,4,1,one_edit,1,24,0,12,0,2088,1704,1704,1800,24,0,0,12,-12,0,0,24,-4,4,0,0,24,-4,4
9,90,150,1,4,1,unchanged,1,6,6,0,0,540,426,426,450,6,0,0,15,-15,0,0,6,-4,4,0,0,6,-4,4
9,90,150,1,4,4,unchanged,0,10,10,4,4,720,752,752,780,4,0,6,3,12,0,0,10,-1,4,0,0,10,-1,4
9,90,150,1,4,4,one_edit,0,40,0,16,16,3168,3152,3152,3248,12,12,16,5,12,12,0,28,1,4,12,0,28,1,4
9,90,150,1,4,4,far,0,110,24,40,40,8592,8664,8624,8900,24,28,58,5,12,22,0,88,5,4,22,0,88,1,4
9,90,150,1,4,4,far,1,66,30,12,12,7248,5832,5784,5988,66,0,0,24,-12,12,0,54,5,4,12,0,54,1,4
9,90,150,1,4,4,one_edit,1,24,0,12,12,2592,2208,2160,2196,24,0,0,21,-12,12,0,12,5,4,12,0,12,1,4
9,90,150,1,4,4,unchanged,1,6,6,0,0,720,552,552,576,6,0,0,24,-24,0,0,6,-4,4,0,0,6,-4,4
9,90,150,1,4,16,unchanged,0,10,10,4,4,1440,1424,1328,1356,4,0,6,39,12,4,0,6,23,4,0,0,10,-1,4
9,90,150,1,4,16,one_edit,0,40,0,16,16,6912,6272,5888,5984,28,0,12,41,12,16,0,24,25,4,12,0,28,1,4
9,90,150,1,4,16,far,0,110,24,40,40,18528,17232,16112,16388,68,0,42,41,12,40,0,70,41,4,22,0,88,1,4
9,90,150,1,4,16,far,1,66,30,12,12,13152,10656,10176,10380,66,0,0,60,-12,12,0,54,41,4,12,0,54,1,4
9,90,150,1,4,16,one_edit,1,24,0,12,12,4608,4224,3744,3780,24,0,0,57,-12,12,0,12,41,4,12,0,12,1,4
9,90,150,1,4,16,unchanged,1,6,6,0,0,1440,1056,1056,1080,6,0,0,60,-60,0,0,6,-4,4,0,0,6,-4,4
9,90,150,1,8,1,unchanged,0,10,10,0,0,540,584,584,664,0,0,10,-7,16,0,0,10,-8,8,0,0,10,-8,8
9,90,150,1,8,1,one_edit,0,40,0,0,0,2232,2372,2372,2692,0,0,40,-7,16,0,0,40,-8,8,0,0,40,-8,8
9,90,150,1,8,1,far,0,110,24,0,0,6108,6522,6522,7402,0,0,110,-7,16,0,0,110,-8,8,0,0,110,-8,8
9,90,150,1,8,1,far,1,66,30,12,0,5772,4626,4626,5154,66,0,0,11,-8,0,0,66,-8,8,0,0,66,-8,8
9,90,150,1,8,1,one_edit,1,24,0,12,0,2088,1704,1704,1896,24,0,0,8,-8,0,0,24,-8,8,0,0,24,-8,8
9,90,150,1,8,1,unchanged,1,6,6,0,0,540,426,426,474,6,0,0,11,-11,0,0,6,-8,8,0,0,6,-8,8
9,90,150,1,8,4,unchanged,0,10,10,4,4,720,752,752,820,0,0,10,-1,16,0,0,10,-5,8,0,0,10,-5,8
9,90,150,1,8,4,one_edit,0,40,0,16,16,3168,3152,3152,3408,12,0,28,1,16,0,0,40,-3,8,0,0,40,-3,8
9,90,150,1,8,4,far,0,110,24,40,40,8592,8664,8624,9340,12,0,98,1,16,10,0,100,1,8,0,0,110,-3,8
9,90,150,1,8,4,far,1,66,30,12,12,7248,5832,5784,6252,66,0,0,20,-8,12,0,54,1,8,0,0,66,-3,8
9,90,150,1,8,4,one_edit,1,24,0,12,12,2592,2208,2160,2292,24,0,0,17,-8,12,0,12,1,8,0,0,24,-3,8
9,90,150,1,8,4,unchanged,1,6,6,0,0,720,552,552,600,6,0,0,20,-20,0,0,6,-8,8,0,0,6,-8,8
9,90,150,1,8,16,unchanged,0,10,10,4,4,1440,1424,1328,1396,4,0,6,35,16,4,0,6,19,8,0,0,10,-5,8
9,90,150,1,8,16,one_edit,0,40,0,16,16,6912,6272,5888,6144,28,0,12,37,16,16,0,24,21,8,0,0,40,-3,8
9,90,150,1,8,16,far,0,110,24,40,40,18528,17232,16112,16828,68,0,42,37,16,40,0,70,37,8,0,0,110,-3,8
9,90,150,1,8,16,far,1,66,30,12,12,13152,10656,10176,10644,66,0,0,56,-8,12,0,54,37,8,0,0,66,-3,8
9,90,150,1,8,16,one_edit,1,24,0,12,12,4608,4224,3744,3876,24,0,0,53,-8,12,0,12,37,8,0,0,24,-3,8
9,90,150,1,8,16,unchanged,1,6,6,0,0,1440,1056,1056,1104,6,0,0,56,-56,0,0,6,-8,8,0,0,6,-8,8
9,90,150,2,0,1,unchanged,0,6,6,0,0,378,426,426,426,0,0,6,-8,8,0,6,0,0,0,0,6,0,0,0
9,90,150,2,0,1,one_edit,0,24,0,0,0,1620,1728,1728,1728,0,0,24,-2,8,0,24,0,0,0,0,24,0,0,0
9,90,150,2,0,1,far,0,66,12,10,0,4458,4800,4800,4770,0,0,66,-2,8,10,56,0,3,0,10,56,0,3,0
9,90,150,2,0,1,far,1,110,42,24,0,13362,9766,9766,9730,110,0,0,46,-16,12,98,0,3,0,12,98,0,3,0
9,90,150,2,0,1,one_edit,1,40,0,24,0,4860,3608,3608,3572,40,0,0,43,-16,12,28,0,3,0,12,28,0,3,0
9,90,150,2,0,1,unchanged,1,10,10,0,0,1242,890,890,890,10,0,0,46,-19,0,10,0,0,0,0,10,0,0,0
9,90,150,2,0,4,unchanged,0,6,6,0,0,504,552,552,552,0,0,6,-8,8,0,6,0,0,0,0,6,0,0,0
9,90,150,2,0,4,one_edit,0,24,0,4,4,2448,2304,2288,2284,16,0,8,16,8,4,20,0,5,0,4,20,0,1,0
9,90,150,2,0,4,far,0,66,12,16,16,6744,6528,6344,6276,44,0,22,16,8,16,50,0,21,0,16,50,0,5,0
9,90,150,2,0,4,far,1,110,42,36,36,17016,12664,12376,12220,110,0,0,64,-16,36,74,0,21,0,36,74,0,5,0
9,90,150,2,0,4,one_edit,1,40,0,24,24,6192,4832,4592,4472,40,0,0,61,-16,24,16,0,21,0,24,16,0,5,0
9,90,150,2,0,4,unchanged,1,10,10,4,4,1656,1160,1144,1132,10,0,0,64,-35,4,6,0,7,0,4,6,0,3,0
9,90,150,2,0,16,unchanged,0,6,6,0,0,1008,1056,1056,1056,0,0,6,-8,8,0,6,0,0,0,0,6,0,0,0
9,90,150,2,0,16,one_edit,0,24,0,4,4,5760,4608,4448,4444,16,0,8,88,8,4,20,0,41,0,4,20,0,1,0
9,90,150,2,0,16,far,0,66,12,16,16,15888,13440,12320,12252,44,0,22,88,8,16,50,0,93,0,16,50,0,5,0
9,90,150,2,0,16,far,1,110,42,36,36,31632,24256,22240,22084,110,0,0,136,-16,36,74,0,93,0,36,74,0,5,0
9,90,150,2,0,16,one_edit,1,40,0,24,24,11520,9728,8192,8072,40,0,0,133,-16,24,16,0,93,0,24,16,0,5,0
9,90,150,2,0,16,unchanged,1,10,10,4,4,3312,2240,2080,2068,10,0,0,136,-107,4,6,0,43,0,4,6,0,3,0
9,90,150,2,2,1,unchanged,0,6,6,0,0,378,426,426,438,0,0,6,-10,10,0,0,6,-2,2,0,0,6,-2,2
9,90,150,2,2,1,one_edit,0,24,0,0,0,1620,1728,1728,1776,0,0,24,-4,10,0,0,24,-2,2,0,0,24,-2,2
9,90,150,2,2,1,far,0,66,12,10,0,4458,4800,4800,4902,0,0,66,-4,10,10,0,56,1,2,10,0,56,1,2
9,90,150,2,2,1,far,1,110,42,24,0,13362,9766,9766,9950,110,0,0,44,-14,12,0,98,1,2,12,0,98,1,2
9,90,150,2,2,1,one_edit,1,40,0,24,0,4860,3608,3608,3652,40,0,0,41,-14,12,0,28,1,2,12,0,28,1,2
9,90,150,2,2,1,unchanged,1,10,10,0,0,1242,890,890,910,10,0,0,44,-17,0,0,10,-2,2,0,0,10,-2,2
9,90,150,2,2,4,unchanged,0,6,6,0,0,504,552,552,564,0,0,6,-10,10,0,0,6,-2,2,0,0,6,-2,2
9,90,150,2,2,4,one_edit,0,24,0,4,4,2448,2304,2288,2332,16,0,8,14,10,4,0,20,3,2,0,0,24,-1,2
9,90,150,2,2,4,far,0,66,12,16,16,6744,6528,6344,6408,44,0,22,14,10,16,0,50,19,2,16,0,50,3,2
9,90,150,2,2,4,far,1,110,42,36,36,17016,12664,12376,12440,110,0,0,62,-14,36,0,74,19,2,36,0,74,3,2
9,90,150,2,2,4,one_edit,1,40,0,24,24,6192,4832,4592,4552,40,0,0,59,-14,24,0,16,19,2,24,0,16,3,2
9,90,150,2,2,4,unchanged,1,10,10,4,4,1656,1160,1144,1152,10,0,0,62,-33,4,0,6,5,2,4,0,6,1,2
9,90,150,2,2,16,unchanged,0,6,6,0,0,1008,1056,1056,1068,0,0,6,-10,10,0,0,6,-2,2,0,0,6,-2,2
9,90,150,2,2,16,one_edit,0,24,0,4,4,5760,4608,4448,4492,16,0,8,86,10,4,0,20,39,2,0,0,24,-1,2
9,90,150,2,2,16,far,0,66,12,16,16,15888,13440,12320,12384,44,0,22,86,10,16,0,50,91,2,16,0,50,3,2
9,90,150,2,2,16,far,1,110,42,36,36,31632,24256,22240,22304,110,0,0,134,-14,36,0,74,91,2,36,0,74,3,2
9,90,150,2,2,16,one_edit,1,40,0,24,24,11520,9728,8192,8152,40,0,0,131,-14,24,0,16,91,2,24,0,16,3,2
9,90,150,2,2,16,unchanged,1,10,10,4,4,3312,2240,2080,2088,10,0,0,134,-105,4,0,6,41,2,4,0,6,1,2
9,90,150,2,4,1,unchanged,0,6,6,0,0,378,426,426,450,0,0,6,-12,12,0,0,6,-4,4,0,0,6,-4,4
9,90,150,2,4,1,one_edit,0,24,0,0,0,1620,1728,1728,1824,0,0,24,-6,12,0,0,24,-4,4,0,0,24,-4,4
9,90,150,2,4,1,far,0,66,12,10,0,4458,4800,4800,5034,0,0,66,-6,12,0,0,66,-1,4,0,0,66,-1,4
9,90,150,2,4,1,far,1,110,42,24,0,13362,9766,9766,10170,110,0,0,42,-12,0,0,110,-1,4,0,0,110,-1,4
9,90,150,2,4,1,one_edit,1,40,0,24,0,4860,3608,3608,3732,40,0,0,39,-12,0,0,40,-1,4,0,0,40,-1,4
9,90,150,2,4,1,unchanged,1,10,10,0,0,1242,890,890,930,10,0,0,42,-15,0,0,10,-4,4,0,0,10,-4,4
9,90,150,2,4,4,unchanged,0,6,6,0,0,504,552,552,576,0,0,6,-12,12,0,0,6,-4,4,0,0,6,-4,4
9,90,150,2,4,4,one_edit,0,24,0,4,4,2448,2304,2288,2380,16,0,8,12,12,4,0,20,1,4,0,0,24,-3,4
9,90,150,2,4,4,far,0,66,12,16,16,6744,6528,6344,6540,44,0,22,12,12,16,0,50,17,4,10,0,56,1,4
9,90,150,2,4,4,far,1,110,42,36,36,17016,12664,12376,12660,110,0,0,60,-12,36,0,74,17,4,24,0,86,1,4
9,90,150,2,4,4,one_edit,1,40,0,24,24,6192,4832,4592,4632,40,0,0,57,-12,24,0,16,17,4,24,0,16,1,4
9,90,150,2,4,4,unchanged,1,10,10,4,4,1656,1160,1144,1172,10,0,0,60,-31,4,0,6,3,4,0,0,10,-1,4
9,90,150,2,4,16,unchanged,0,6,6,0,0,1008,1056,1056,1080,0,0,6,-12,12,0,0,6,-4,4,0,0,6,-4,4
9,90,150,2,4,16,one_edit,0,24,0,4,4,5760,4608,4448,4540,16,0,8,84,12,4,0,20,37,4,0,0,24,-3,4
9,90,150,2,4,16,far,0,66,12,16,16,15888,13440,12320,12516,44,0,22,84,12,16,0,50,89,4,10,0,56,1,4
9,90,150,2,4,16,far,1,110,42,36,36,31632,24256,22240,22524,110,0,0,132,-12,36,0,74,89,4,24,0,86,1,4
9,90,150,2,4,16,one_edit,1,40,0,24,24,11520,9728,8192,8232,40,0,0,129,-12,24,0,16,89,4,24,0,16,1,4
9,90,150,2,4,16,unchanged,1,10,10,4,4,3312,2240,2080,2108,10,0,0,132,-103,4,0,6,39,4,0,0,10,-1,4
9,90,150,2,8,1,unchanged,0,6,6,0,0,378,426,426,474,0,0,6,-16,16,0,0,6,-8,8,0,0,6,-8,8
9,90,150,2,8,1,one_edit,0,24,0,0,0,1620,1728,1728,1920,0,0,24,-10,16,0,0,24,-8,8,0,0,24,-8,8
9,90,150,2,8,1,far,0,66,12,10,0,4458,4800,4800,5298,0,0,66,-10,16,0,0,66,-5,8,0,0,66,-5,8
9,90,150,2,8,1,far,1,110,42,24,0,13362,9766,9766,10610,110,0,0,38,-8,0,0,110,-5,8,0,0,110,-5,8
9,90,150,2,8,1,one_edit,1,40,0,24,0,4860,3608,3608,3892,40,0,0,35,-8,0,0,40,-5,8,0,0,40,-5,8
9,90,150,2,8,1,unchanged,1,10,10,0,0,1242,890,890,970,10,0,0,38,-11,0,0,10,-8,8,0,0,10,-8,8
9,90,150,2,8,4,unchanged,0,6,6,0,0,504,552,552,600,0,0,6,-16,16,0,0,6,-8,8,0,0,6,-8,8
9,90,150,2,8,4,one_edit,0,24,0,4,4,2448,2304,2288,2476,16,0,8,8,16,0,0,24,-3,8,0,0,24,-7,8
9,90,150,2,8,4,far,0,66,12,16,16,6744,6528,6344,6804,44,0,22,8,16,10,0,56,13,8,0,0,66,-3,8
9,90,150,2,8,4,far,1,110,42,36,36,17016,12664,12376,13100,110,0,0,56,-8,24,0,86,13,8,0,0,110,-3,8
9,90,150,2,8,4,one_edit,1,40,0,24,24,6192,4832,4592,4792,40,0,0,53,-8,24,0,16,13,8,0,0,40,-3,8
9,90,150,2,8,4,unchanged,1,10,10,4,4,1656,1160,1144,1212,10,0,0,56,-27,0,0,10,-1,8,0,0,10,-5,8
9,90,150,2,8,16,unchanged,0,6,6,0,0,1008,1056,1056,1104,0,0,6,-16,16,0,0,6,-8,8,0,0,6,-8,8
9,90,150,2,8,16,one_edit,0,24,0,4,4,5760,4608,4448,4636,16,0,8,80,16,4,0,20,33,8,0,0,24,-7,8
9,90,150,2,8,16,far,0,66,12,16,16,15888,13440,12320,12780,44,0,22,80,16,16,0,50,85,8,0,0,66,-3,8
9,90,150,2,8,16,far,1,110,42,36,36,31632,24256,22240,22964,110,0,0,128,-8,36,0,74,85,8,0,0,110,-3,8
9,90,150,2,8,16,one_edit,1,40,0,24,24,11520,9728,8192,8392,40,0,0,125,-8,24,0,16,85,8,0,0,40,-3,8
9,90,150,2,8,16,unchanged,1,10,10,4,4,3312,2240,2080,2148,10,0,0,128,-99,4,0,6,35,8,0,0,10,-5,8
9,90,150,4,0,1,unchanged,0,6,6,0,0,630,678,678,678,0,0,6,-8,8,0,6,0,0,0,0,6,0,0,0
9,90,150,4,0,1,one_edit,0,24,0,0,0,2700,2720,2720,2720,12,0,12,4,8,0,24,0,0,0,0,24,0,0,0
9,90,150,4,0,1,far,0,66,12,16,10,7430,7568,7540,7490,38,0,28,4,8,10,56,0,9,0,10,56,0,5,0
9,90,150,4,0,1,far,1,110,42,36,12,22270,13822,13774,13690,110,0,0,100,-48,24,86,0,9,0,24,86,0,5,0
9,90,150,4,0,1,one_edit,1,40,0,24,12,8100,5136,5088,5004,40,0,0,97,-48,24,16,0,9,0,24,16,0,5,0
9,90,150,4,0,1,unchanged,1,10,10,4,0,2070,1250,1250,1250,10,0,0,100,-55,0,10,0,0,0,0,10,0,0,0
9,90,150,4,0,4,unchanged,0,6,6,0,0,840,888,888,888,0,0,6,-8,8,0,6,0,0,0,0,6,0,0,0
9,90,150,4,0,4,one_edit,0,24,0,4,4,4080,3584,3536,3532,16,0,8,40,8,4,20,0,13,0,4,20,0,1,0
9,90,150,4,0,4,far,0,66,12,16,16,11240,10208,9784,9716,44,0,22,40,8,16,50,0,45,0,16,50,0,5,0
9,90,150,4,0,4,far,1,110,42,36,36,28360,18328,17560,17404,110,0,0,136,-48,36,74,0,45,0,36,74,0,5,0
9,90,150,4,0,4,one_edit,1,40,0,24,24,10320,7104,6480,6360,40,0,0,133,-48,24,16,0,45,0,24,16,0,5,0
9,90,150,4,0,4,unchanged,1,10,10,4,4,2760,1640,1592,1580,10,0,0,136,-91,4,6,0,15,0,4,6,0,3,0
9,90,150,4,0,16,unchanged,0,6,6,0,0,1680,1728,1728,1728,0,0,6,-8,8,0,6,0,0,0,0,6,0,0,0
9,90,150,4,0,16,one_edit,0,24,0,4,4,9600,7040,6752,6748,16,0,8,184,8,4,20,0,73,0,4,20,0,1,0
9,90,150,4,0,16,far,0,66,12,16,16,26480,20768,18688,18620,44,0,22,184,8,16,50,0,189,0,16,50,0,5,0
9,90,150,4,0,16,far,1,110,42,36,36,52720,36352,32416,32260,110,0,0,280,-48,36,74,0,189,0,36,74,0,5,0
9,90,150,4,0,16,one_edit,1,40,0,24,24,19200,14976,11904,11784,40,0,0,277,-48,24,16,0,189,0,24,16,0,5,0
9,90,150,4,0,16,unchanged,1,10,10,4,4,5520,3200,2912,2900,10,0,0,280,-235,4,6,0,75,0,4,6,0,3,0
9,90,150,4,2,1,unchanged,0,6,6,0,0,630,678,678,690,0,0,6,-10,10,0,0,6,-2,2,0,0,6,-2,2
9,90,150,4,2,1,one_edit,0,24,0,0,0,2700,2720,2720,2768,12,0,12,2,10,0,0,24,-2,2,0,0,24,-2,2
9,90,150,4,2,1,far,0,66,12,16,10,7430,7568,7540,7622,28,0,38,2,10,10,0,56,7,2,10,0,56,3,2
9,90,150,4,2,1,far,1,110,42,36,12,22270,13822,13774,13910,110,0,0,98,-46,12,12,86,7,2,12,12,86,3,2
9,90,150,4,2,1,one_edit,1,40,0,24,12,8100,5136,5088,5084,40,0,0,95,-46,12,12,16,7,2,12,12,16,3,2
9,90,150,4,2,1,unchanged,1,10,10,4,0,2070,1250,1250,1270,10,0,0,98,-53,0,0,10,-2,2,0,0,10,-2,2
9,90,150,4,2,4,unchanged,0,6,6,0,0,840,888,888,900,0,0,6,-10,10,0,0,6,-2,2,0,0,6,-2,2
9,90,150,4,2,4,one_edit,0,24,0,4,4,4080,3584,3536,3580,16,0,8,38,10,4,0,20,11,2,0,0,24,-1,2
9,90,150,4,2,4,far,0,66,12,16,16,11240,10208,9784,9848,44,0,22,38,10,16,0,50,43,2,16,0,50,3,2
9,90,150,4,2,4,far,1,110,42,36,36,28360,18328,17560,17624,110,0,0,134,-46,36,0,74,43,2,36,0,74,3,2
9,90,150,4,2,4,one_edit,1,40,0,24,24,10320,7104,6480,6440,40,0,0,131,-46,24,0,16,43,2,24,0,16,3,2
9,90,150,4,2,4,unchanged,1,10,10,4,4,2760,1640,1592,1600,10,0,0,134,-89,4,0,6,13,2,4,0,6,1,2
9,90,150,4,2,16,unchanged,0,6,6,0,0,1680,1728,1728,1740,0,0,6,-10,10,0,0,6,-2,2,0,0,6,-2,2
9,90,150,4,2,16,one_edit,0,24,0,4,4,9600,7040,6752,6796,16,0,8,182,10,4,0,20,71,2,0,0,24,-1,2
9,90,150,4,2,16,far,0,66,12,16,16,26480,20768,18688,18752,44,0,22,182,10,16,0,50,187,2,16,0,50,3,2
9,90,150,4,2,16,far,1,110,42,36,36,52720,36352,32416,32480,110,0,0,278,-46,36,0,74,187,2,36,0,74,3,2
9,90,150,4,2,16,one_edit,1,40,0,24,24,19200,14976,11904,11864,40,0,0,275,-46,24,0,16,187,2,24,0,16,3,2
9,90,150,4,2,16,unchanged,1,10,10,4,4,5520,3200,2912,2920,10,0,0,278,-233,4,0,6,73,2,4,0,6,1,2
9,90,150,4,4,1,unchanged,0,6,6,0,0,630,678,678,702,0,0,6,-12,12,0,0,6,-4,4,0,0,6,-4,4
9,90,150,4,4,1,one_edit,0,24,0,0,0,2700,2720,2720,2816,0,12,12,0,12,0,0,24,-4,4,0,0,24,-4,4
9,90,150,4,4,1,far,0,66,12,16,10,7430,7568,7540,7754,0,28,38,0,12,10,0,56,5,4,10,0,56,1,4
9,90,150,4,4,1,far,1,110,42,36,12,22270,13822,13774,14130,110,0,0,96,-44,12,0,98,5,4,12,0,98,1,4
9,90,150,4,4,1,one_edit,1,40,0,24,12,8100,5136,5088,5164,40,0,0,93,-44,12,0,28,5,4,12,0,28,1,4
9,90,150,4,4,1,unchanged,1,10,10,4,0,2070,1250,1250,1290,10,0,0,96,-51,0,0,10,-4,4,0,0,10,-4,4
9,90,150,4,4,4,unchanged,0,6,6,0,0,840,888,888,912,0,0,6,-12,12,0,0,6,-4,4,0,0,6,-4,4
9,90,150,4,4,4,one_edit,0,24,0,4,4,4080,3584,3536,3628,16,0,8,36,12,4,0,20,9,4,0,0,24,-3,4
9,90,150,4,4,4,far,0,66,12,16,16,11240,10208,9784,9980,44,0,22,36,12,16,0,50,41,4,10,0,56,1,4
9,90,150,4,4,4,far,1,110,42,36,36,28360,18328,17560,17844,110,0,0,132,-44,36,0,74,41,4,24,0,86,1,4
9,90,150,4,4,4,one_edit,1,40,0,24,24,10320,7104,6480,6520,40,0,0,129,-44,24,0,16,41,4,24,0,16,1,4
9,90,150,4,4,4,unchanged,1,10,10,4,4,2760,1640,1592,1620,10,0,0,132,-87,4,0,6,11,4,0,0,10,-1,4
9,90,150,4,4,16,unchanged,0,6,6,0,0,1680,1728,1728,1752,0,0,6,-12,12,0,0,6,-4,4,0,0,6,-4,4
9,90,150,4,4,16,one_edit,0,24,0,4,4,9600,7040,6752,6844,16,0,8,180,12,4,0,20,69,4,0,0,24,-3,4
9,90,150,4,4,16,far,0,66,12,16,16,26480,20768,18688,18884,44,0,22,180,12,16,0,50,185,4,10,0,56,1,4
9,90,150,4,4,16,far,1,110,42,36,36,52720,36352,32416,32700,110,0,0,276,-44,36,0,74,185,4,24,0,86,1,4
9,90,150,4,4,16,one_edit,1,40,0,24,24,19200,14976,11904,11944,40,0,0,273,-44,24,0,16,185,4,24,0,16,1,4
9,90,150,4,4,16,unchanged,1,10,10,4,4,5520,3200,2912,2940,10,0,0,276,-231,4,0,6,71,4,0,0,10,-1,4
9,90,150,4,8,1,unchanged,0,6,6,0,0,630,678,678,726,0,0,6,-16,16,0,0,6,-8,8,0,0,6,-8,8
9,90,150,4,8,1,one_edit,0,24,0,0,0,2700,2720,2720,2912,0,0,24,-4,16,0,0,24,-8,8,0,0,24,-8,8
9,90,150,4,8,1,far,0,66,12,16,10,7430,7568,7540,8018,0,0,66,-4,16,4,0,62,1,8,0,0,66,-3,8
9,90,150,4,8,1,far,1,110,42,36,12,22270,13822,13774,14570,110,0,0,92,-40,12,0,98,1,8,0,0,110,-3,8
9,90,150,4,8,1,one_edit,1,40,0,24,12,8100,5136,5088,5324,40,0,0,89,-40,12,0,28,1,8,0,0,40,-3,8
9,90,150,4,8,1,unchanged,1,10,10,4,0,2070,1250,1250,1330,10,0,0,92,-47,0,0,10,-8,8,0,0,10,-8,8
9,90,150,4,8,4,unchanged,0,6,6,0,0,840,888,888,936,0,0,6,-16,16,0,0,6,-8,8,0,0,6,-8,8
9,90,150,4,8,4,one_edit,0,24,0,4,4,4080,3584,3536,3724,16,0,8,32,16,4,0,20,5,8,0,0,24,-7,8
9,90,150,4,8,4,far,0,66,12,16,16,11240,10208,9784,10244,44,0,22,32,16,16,0,50,37,8,0,0,66,-3,8
9,90,150,4,8,4,far,1,110,42,36,36,28360,18328,17560,18284,110,0,0,128,-40,36,0,74,37,8,0,0,110,-3,8
9,90,150,4,8,4,one_edit,1,40,0,24,24,10320,7104,6480,6680,40,0,0,125,-40,24,0,16,37,8,0,0,40,-3,8
9,90,150,4,8,4,unchanged,1,10,10,4,4,2760,1640,1592,1660,10,0,0,128,-83,4,0,6,7,8,0,0,10,-5,8
9,90,150,4,8,16,unchanged,0,6,6,0,0,1680,1728,1728,1776,0,0,6,-16,16,0,0,6,-8,8,0,0,6,-8,8
9,90,150,4,8,16,one_edit,0,24,0,4,4,9600,7040,6752,6940,16,0,8,176,16,4,0,20,65,8,0,0,24,-7,8
9,90,150,4,8,16,far,0,66,12,16,16,26480,20768,18688,19148,44,0,22,176,16,16,0,50,181,8,0,0,66,-3,8
9,90,150,4,8,16,far,1,110,42,36,36,52720,36352,32416,33140,110,0,0,272,-40,36,0,74,181,8,0,0,110,-3,8
9,90,150,4,8,16,one_edit,1,40,0,24,24,19200,14976,11904,12104,40,0,0,269,-40,24,0,16,181,8,0,0,40,-3,8
9,90,150,4,8,16,unchanged,1,10,10,4,4,5520,3200,2912,2980,10,0,0,272,-227,4,0,6,67,8,0,0,10,-5,8
9,110,184,0,0,1,unchanged,0,16,16,0,0,1152,1280,1280,1280,0,0,16,-8,8,0,16,0,0,0,0,16,0,0,0
9,110,184,0,0,1,one_edit,0,64,0,0,0,4608,5120,5120,5120,0,0,64,-8,8,0,64,0,0,0,0,64,0,0,0
9,110,184,0,0,1,far,0,176,0,0,0,12672,14080,14080,14080,0,0,176,-8,8,0,176,0,0,0,0,176,0,0,0
9,110,184,0,0,4,unchanged,0,16,16,0,0,1536,1664,1664,1664,0,0,16,-8,8,0,16,0,0,0,0,16,0,0,0
9,110,184,0,0,4,one_edit,0,64,0,0,0,6144,6656,6656,6656,0,0,64,-8,8,0,64,0,0,0,0,64,0,0,0
9,110,184,0,0,4,far,0,176,0,0,0,16896,18304,18304,18304,0,0,176,-8,8,0,176,0,0,0,0,176,0,0,0
9,110,184,0,0,16,unchanged,0,16,16,0,0,3072,3200,3200,3200,0,0,16,-8,8,0,16,0,0,0,0,16,0,0,0
9,110,184,0,0,16,one_edit,0,64,0,0,0,12288,12800,12800,12800,0,0,64,-8,8,0,64,0,0,0,0,64,0,0,0
9,110,184,0,0,16,far,0,176,0,0,0,33792,35200,35200,35200,0,0,176,-8,8,0,176,0,0,0,0,176,0,0,0
9,110,184,0,2,1,unchanged,0,16,16,0,0,1152,1280,1280,1312,0,0,16,-10,10,0,0,16,-2,2,0,0,16,-2,2
9,110,184,0,2,1,one_edit,0,64,0,0,0,4608,5120,5120,5248,0,0,64,-10,10,0,0,64,-2,2,0,0,64,-2,2
9,110,184,0,2,1,far,0,176,0,0,0,12672,14080,14080,14432,0,0,176,-10,10,0,0,176,-2,2,0,0,176,-2,2
9,110,184,0,2,4,unchanged,0,16,16,0,0,1536,1664,1664,1696,0,0,16,-10,10,0,0,16,-2,2,0,0,16,-2,2
9,110,184,0,2,4,one_edit,0,64,0,0,0,6144,6656,6656,6784,0,0,64,-10,10,0,0,64,-2,2,0,0,64,-2,2
9,110,184,0,2,4,far,0,176,0,0,0,16896,18304,18304,18656,0,0,176,-10,10,0,0,176,-2,2,0,0,176,-2,2
9,110,184,0,2,16,unchanged,0,16,16,0,0,3072,3200,3200,3232,0,0,16,-10,10,0,0,16,-2,2,0,0,16,-2,2
9,110,184,0,2,16,one_edit,0,64,0,0,0,12288,12800,12800,12928,0,0,64,-10,10,0,0,64,-2,2,0,0,64,-2,2
9,110,184,0,2,16,far,0,176,0,0,0,33792,35200,35200,35552,0,0,176,-10,10,0,0,176,-2,2,0,0,176,-2,2
9,110,184,0,4,1,unchanged,0,16,16,0,0,1152,1280,1280,1344,0,0,16,-12,12,0,0,16,-4,4,0,0,16,-4,4
9,110,184,0,4,1,one_edit,0,64,0,0,0,4608,5120,5120,5376,0,0,64,-12,12,0,0,64,-4,4,0,0,64,-4,4
9,110,184,0,4,1,far,0,176,0,0,0,12672,14080,14080,14784,0,0,176,-12,12,0,0,176,-4,4,0,0,176,-4,4
9,110,184,0,4,4,unchanged,0,16,16,0,0,1536,1664,1664,1728,0,0,16,-12,12,0,0,16,-4,4,0,0,16,-4,4
9,110,184,0,4,4,one_edit,0,64,0,0,0,6144,6656,6656,6912,0,0,64,-12,12,0,0,64,-4,4,0,0,64,-4,4
9,110,184,0,4,4,far,0,176,0,0,0,16896,18304,18304,19008,0,0,176,-12,12,0,0,176,-4,4,0,0,176,-4,4
9,110,184,0,4,16,unchanged,0,16,16,0,0,3072,3200,3200,3264,0,0,16,-12,12,0,0,16,-4,4,0,0,16,-4,4
9,110,184,0,4,16,one_edit,0,64,0,0,0,12288,12800,12800,13056,0,0,64,-12,12,0,0,64,-4,4,0,0,64,-4,4
9,110,184,0,4,16,far,0,176,0,0,0,33792,35200,35200,35904,0,0,176,-12,12,0,0,176,-4,4,0,0,176,-4,4
9,110,184,0,8,1,unchanged,0,16,16,0,0,1152,1280,1280,1408,0,0,16,-16,16,0,0,16,-8,8,0,0,16,-8,8
9,110,184,0,8,1,one_edit,0,64,0,0,0,4608,5120,5120,5632,0,0,64,-16,16,0,0,64,-8,8,0,0,64,-8,8
9,110,184,0,8,1,far,0,176,0,0,0,12672,14080,14080,15488,0,0,176,-16,16,0,0,176,-8,8,0,0,176,-8,8
9,110,184,0,8,4,unchanged,0,16,16,0,0,1536,1664,1664,1792,0,0,16,-16,16,0,0,16,-8,8,0,0,16,-8,8
9,110,184,0,8,4,one_edit,0,64,0,0,0,6144,6656,6656,7168,0,0,64,-16,16,0,0,64,-8,8,0,0,64,-8,8
9,110,184,0,8,4,far,0,176,0,0,0,16896,18304,18304,19712,0,0,176,-16,16,0,0,176,-8,8,0,0,176,-8,8
9,110,184,0,8,16,unchanged,0,16,16,0,0,3072,3200,3200,3328,0,0,16,-16,16,0,0,16,-8,8,0,0,16,-8,8
9,110,184,0,8,16,one_edit,0,64,0,0,0,12288,12800,12800,13312,0,0,64,-16,16,0,0,64,-8,8,0,0,64,-8,8
9,110,184,0,8,16,far,0,176,0,0,0,33792,35200,35200,36608,0,0,176,-16,16,0,0,176,-8,8,0,0,176,-8,8
9,110,184,1,0,1,unchanged,1,16,16,0,0,2304,1568,1568,1568,16,0,0,46,-46,0,16,0,0,0,0,16,0,0,0
9,110,184,1,0,1,one_edit,1,64,0,64,0,9216,6656,6656,6464,64,0,0,43,-43,64,0,0,3,-3,64,0,0,3,-3
9,110,184,1,0,1,far,1,176,0,88,0,25344,18190,18190,18126,176,0,0,43,-40,64,112,0,1,0,64,112,0,1,0
9,110,184,1,0,4,unchanged,1,16,16,0,0,3072,2048,2048,2048,16,0,0,64,-64,0,16,0,0,0,0,16,0,0,0
9,110,184,1,0,4,one_edit,1,64,0,64,64,12288,9728,8704,8384,64,0,0,61,-61,64,0,0,21,-21,64,0,0,5,-5
9,110,184,1,0,4,far,1,176,0,176,176,33792,26296,23936,23584,176,0,0,59,-56,176,0,0,19,-4,160,16,0,3,0
9,110,184,1,0,16,unchanged,1,16,16,0,0,6144,3968,3968,3968,16,0,0,136,-136,0,16,0,0,0,0,16,0,0,0
9,110,184,1,0,16,one_edit,1,64,0,64,64,24576,22016,16384,16064,64,0,0,133,-133,64,0,0,93,-93,64,0,0,5,-5
9,110,184,1,0,16,far,1,176,0,176,176,67584,58720,45056,44704,176,0,0,131,-128,176,0,0,91,-40,160,16,0,3,0
9,110,184,1,2,1,unchanged,1,16,16,0,0,2304,1568,1568,1600,16,0,0,44,-44,0,0,16,-2,2,0,0,16,-2,2
9,110,184,1,2,1,one_edit,1,64,0,64,0,9216,6656,6656,6592,64,0,0,41,-41,64,0,0,1,-1,64,0,0,1,-1
9,110,184,1,2,1,far,1,176,0,88,0,25344,18190,18190,18478,176,0,0,41,-38,0,0,176,-1,2,0,0,176,-1,2
9,110,184,1,2,4,unchanged,1,16,16,0,0,3072,2048,2048,2080,16,0,0,62,-62,0,0,16,-2,2,0,0,16,-2,2
9,110,184,1,2,4,one_edit,1,64,0,64,64,12288,9728,8704,8512,64,0,0,59,-59,64,0,0,19,-19,64,0,0,3,-3
9,110,184,1,2,4,far,1,176,0,176,176,33792,26296,23936,23936,176,0,0,57,-54,176,0,0,17,-2,96,0,80,1,2
9,110,184,1,2,16,unchanged,1,16,16,0,0,6144,3968,3968,4000,16,0,0,134,-134,0,0,16,-2,2,0,0,16,-2,2
9,110,184,1,2,16,one_edit,1,64,0,64,64,24576,22016,16384,16192,64,0,0,131,-131,64,0,0,91,-91,64,0,0,3,-3
9,110,184,1,2,16,far,1,176,0,176,176,67584,58720,45056,45056,176,0,0,129,-126,176,0,0,89,-38,96,0,80,1,2
9,110,184,1,4,1,unchanged,1,16,16,0,0,2304,1568,1568,1632,16,0,0,42,-42,0,0,16,-4,4,0,0,16,-4,4
9,110,184,1,4,1,one_edit,1,64,0,64,0,9216,6656,6656,6720,64,0,0,39,-39,0,0,64,-1,1,0,0,64,-1,1
9,110,184,1,4,1,far,1,176,0,88,0,25344,18190,18190,18830,176,0,0,39,-36,0,0,176,-3,4,0,0,176,-3,4
9,110,184,1,4,4,unchanged,1,16,16,0,0,3072,2048,2048,2112,16,0,0,60,-60,0,0,16,-4,4,0,0,16,-4,4
9,110,184,1,4,4,one_edit,1,64,0,64,64,12288,9728,8704,8640,64,0,0,57,-57,64,0,0,17,-17,64,0,0,1,-1
9,110,184,1,4,4,far,1,176,0,176,176,33792,26296,23936,24288,176,0,0,55,-52,170,6,0,15,0,0,0,176,-1,4
9,110,184,1,4,16,unchanged,1,16,16,0,0,6144,3968,3968,4032,16,0,0,132,-132,0,0,16,-4,4,0,0,16,-4,4
9,110,184,1,4,16,one_edit,1,64,0,64,64,24576,22016,16384,16320,64,0,0,129,-129,64,0,0,89,-89,64,0,0,1,-1
9,110,184,1,4,16,far,1,176,0,176,176,67584,58720,45056,45408,176,0,0,127,-124,176,0,0,87,-36,0,0,176,-1,4
9,110,184,1,8,1,unchanged,1,16,16,0,0,2304,1568,1568,1696,16,0,0,38,-38,0,0,16,-8,8,0,0,16,-8,8
9,110,184,1,8,1,one_edit,1,64,0,64,0,9216,6656,6656,6976,64,0,0,35,-35,0,0,64,-5,5,0,0,64,-5,5
9,110,184,1,8,1,far,1,176,0,88,0,25344,18190,18190,19534,176,0,0,35,-32,0,0,176,-7,8,0,0,176,-7,8
9,110,184,1,8,4,unchanged,1,16,16,0,0,3072,2048,2048,2176,16,0,0,56,-56,0,0,16,-8,8,0,0,16,-8,8
9,110,184,1,8,4,one_edit,1,64,0,64,64,12288,9728,8704,8896,64,0,0,53,-53,64,0,0,13,-13,0,0,64,-3,3
9,110,184,1,8,4,far,1,176,0,176,176,33792,26296,23936,24992,176,0,0,51,-48,138,0,38,11,4,0,0,176,-5,8
9,110,184,1,8,16,unchanged,1,16,16,0,0,6144,3968,3968,4096,16,0,0,128,-128,0,0,16,-8,8,0,0,16,-8,8
9,110,184,1,8,16,one_edit,1,64,0,64,64,24576,22016,16384,16576,64,0,0,125,-125,64,0,0,85,-85,0,0,64,-3,3
9,110,184,1,8,16,far,1,176,0,176,176,67584,58720,45056,46112,176,0,0,123,-120,176,0,0,83,-32,0,0,176,-5,8
9,110,184,2,0,1,unchanged,1,16,16,0,0,3456,1856,1856,1856,16,0,0,100,-100,0,16,0,0,0,0,16,0,0,0
9,110,184,2,0,1,one_edit,1,64,0,64,64,13824,8192,7936,7616,64,0,0,97,-97,64,0,0,9,-9,64,0,0,5,-5
9,110,184,2,0,1,far,1,176,0,170,138,38016,22300,21748,21460,176,0,0,95,-92,170,6,0,7,0,160,16,0,3,0
9,110,184,2,0,4,unchanged,1,16,16,0,0,4608,2432,2432,2432,16,0,0,136,-136,0,16,0,0,0,0,16,0,0,0
9,110,184,2,0,4,one_edit,1,64,0,64,64,18432,12800,10240,9920,64,0,0,133,-133,64,0,0,45,-45,64,0,0,5,-5
9,110,184,2,0,4,far,1,176,0,176,176,50688,34288,28160,27808,176,0,0,131,-128,176,0,0,43,-16,160,16,0,3,0
9,110,184,2,0,16,unchanged,1,16,16,0,0,9216,4736,4736,4736,16,0,0,280,-280,0,16,0,0,0,0,16,0,0,0
9,110,184,2,0,16,one_edit,1,64,0,64,64,36864,31232,19456,19136,64,0,0,277,-277,64,0,0,189,-189,64,0,0,5,-5
9,110,184,2,0,16,far,1,176,0,176,176,101376,82240,53504,53152,176,0,0,275,-272,176,0,0,187,-88,160,16,0,3,0
9,110,184,2,2,1,unchanged,1,16,16,0,0,3456,1856,1856,1888,16,0,0,98,-98,0,0,16,-2,2,0,0,16,-2,2
9,110,184,2,2,1,one_edit,1,64,0,64,64,13824,8192,7936,7744,64,0,0,95,-95,64,0,0,7,-7,64,0,0,3,-3
9,110,184,2,2,1,far,1,176,0,170,138,38016,22300,21748,21812,176,0,0,93,-90,138,0,38,5,2,64,0,112,1,2
9,110,184,2,2,4,unchanged,1,16,16,0,0,4608,2432,2432,2464,16,0,0,134,-134,0,0,16,-2,2,0,0,16,-2,2
9,110,184,2,2,4,one_edit,1,64,0,64,64,18432,12800,10240,10048,64,0,0,131,-131,64,0,0,43,-43,64,0,0,3,-3
9,110,184,2,2,4,far,1,176,0,176,176,50688,34288,28160,28160,176,0,0,129,-126,176,0,0,41,-14,96,0,80,1,2
9,110,184,2,2,16,unchanged,1,16,16,0,0,9216,4736,4736,4768,16,0,0,278,-278,0,0,16,-2,2,0,0,16,-2,2
9,110,184,2,2,16,one_edit,1,64,0,64,64,36864,31232,19456,19264,64,0,0,275,-275,64,0,0,187,-187,64,0,0,3,-3
9,110,184,2,2,16,far,1,176,0,176,176,101376,82240,53504,53504,176,0,0,273,-270,176,0,0,185,-86,96,0,80,1,2
9,110,184,2,4,1,unchanged,1,16,16,0,0,3456,1856,1856,1920,16,0,0,96,-96,0,0,16,-4,4,0,0,16,-4,4
9,110,184,2,4,1,one_edit,1,64,0,64,64,13824,8192,7936,7872,64,0,0,93,-93,64,0,0,5,-5,64,0,0,1,-1
9,110,184,2,4,1,far,1,176,0,170,138,38016,22300,21748,22164,176,0,0,91,-88,128,10,38,3,4,0,0,176,-1,4
9,110,184,2,4,4,unchanged,1,16,16,0,0,4608,2432,2432,2496,16,0,0,132,-132,0,0,16,-4,4,0,0,16,-4,4
9,110,184,2,4,4,one_edit,1,64,0,64,64,18432,12800,10240,10176,64,0,0,129,-129,64,0,0,41,-41,64,0,0,1,-1
9,110,184,2,4,4,far,1,176,0,176,176,50688,34288,28160,28512,176,0,0,127,-124,176,0,0,39,-12,0,0,176,-1,4
9,110,184,2,4,16,unchanged,1,16,16,0,0,9216,4736,4736,4800,16,0,0,276,-276,0,0,16,-4,4,0,0,16,-4,4
9,110,184,2,4,16,one_edit,1,64,0,64,64,36864,31232,19456,19392,64,0,0,273,-273,64,0,0,185,-185,64,0,0,1,-1
9,110,184,2,4,16,far,1,176,0,176,176,101376,82240,53504,53856,176,0,0,271,-268,176,0,0,183,-84,0,0,176,-1,4
9,110,184,2,8,1,unchanged,1,16,16,0,0,3456,1856,1856,1984,16,0,0,92,-92,0,0,16,-8,8,0,0,16,-8,8
9,110,184,2,8,1,one_edit,1,64,0,64,64,13824,8192,7936,8128,64,0,0,89,-89,64,0,0,1,-1,0,0,64,-3,3
9,110,184,2,8,1,far,1,176,0,170,138,38016,22300,21748,22868,176,0,0,87,-84,0,0,176,-1,8,0,0,176,-5,8
9,110,184,2,8,4,unchanged,1,16,16,0,0,4608,2432,2432,2560,16,0,0,128,-128,0,0,16,-8,8,0,0,16,-8,8
9,110,184,2,8,4,one_edit,1,64,0,64,64,18432,12800,10240,10432,64,0,0,125,-125,64,0,0,37,-37,0,0,64,-3,3
9,110,184,2,8,4,far,1,176,0,176,176,50688,34288,28160,29216,176,0,0,123,-120,176,0,0,35,-8,0,0,176,-5,8
9,110,184,2,8,16,unchanged,1,16,16,0,0,9216,4736,4736,4864,16,0,0,272,-272,0,0,16,-8,8,0,0,16,-8,8
9,110,184,2,8,16,one_edit,1,64,0,64,64,36864,31232,19456,19648,64,0,0,269,-269,64,0,0,181,-181,0,0,64,-3,3
9,110,184,2,8,16,far,1,176,0,176,176,101376,82240,53504,54560,176,0,0,267,-264,176,0,0,179,-80,0,0,176,-5,8
9,110,184,4,0,1,unchanged,1,16,16,0,0,5760,2432,2432,2432,16,0,0,208,-208,0,16,0,0,0,0,16,0,0,0
9,110,184,4,0,1,one_edit,1,64,0,64,64,23040,11264,10240,9920,64,0,0,205,-205,64,0,0,21,-21,64,0,0,5,-5
9,110,184,4,0,1,far,1,176,0,176,176,63360,30520,28160,27808,176,0,0,203,-200,176,0,0,19,-4,160,16,0,3,0
9,110,184,4,0,4,unchanged,1,16,16,0,0,7680,3200,3200,3200,16,0,0,280,-280,0,16,0,0,0,0,16,0,0,0
9,110,184,4,0,4,one_edit,1,64,0,64,64,30720,18944,13312,12992,64,0,0,277,-277,64,0,0,93,-93,64,0,0,5,-5
9,110,184,4,0,4,far,1,176,0,176,176,84480,50272,36608,36256,176,0,0,275,-272,176,0,0,91,-40,160,16,0,3,0
9,110,184,4,0,16,unchanged,1,16,16,0,0,15360,6272,6272,6272,16,0,0,568,-568,0,16,0,0,0,0,16,0,0,0
9,110,184,4,0,16,one_edit,1,64,0,64,64,61440,49664,25600,25280,64,0,0,565,-565,64,0,0,381,-381,64,0,0,5,-5
9,110,184,4,0,16,far,1,176,0,176,176,168960,129280,70400,70048,176,0,0,563,-560,176,0,0,379,-184,160,16,0,3,0
9,110,184,4,2,1,unchanged,1,16,16,0,0,5760,2432,2432,2464,16,0,0,206,-206,0,0,16,-2,2,0,0,16,-2,2
9,110,184,4,2,1,one_edit,1,64,0,64,64,23040,11264,10240,10048,64,0,0,203,-203,64,0,0,19,-19,64,0,0,3,-3
9,110,184,4,2,1,far,1,176,0,176,176,63360,30520,28160,28160,176,0,0,201,-198,176,0,0,17,-2,96,0,80,1,2
9,110,184,4,2,4,unchanged,1,16,16,0,0,7680,3200,3200,3232,16,0,0,278,-278,0,0,16,-2,2,0,0,16,-2,2
9,110,184,4,2,4,one_edit,1,64,0,64,64,30720,18944,13312,13120,64,0,0,275,-275,64,0,0,91,-91,64,0,0,3,-3
9,110,184,4,2,4,far,1,176,0,176,176,84480,50272,36608,36608,176,0,0,273,-270,176,0,0,89,-38,96,0,80,1,2
9,110,184,4,2,16,unchanged,1,16,16,0,0,15360,6272,6272,6304,16,0,0,566,-566,0,0,16,-2,2,0,0,16,-2,2
9,110,184,4,2,16,one_edit,1,64,0,64,64,61440,49664,25600,25408,64,0,0,563,-563,64,0,0,379,-379,64,0,0,3,-3
9,110,184,4,2,16,far,1,176,0,176,176,168960,129280,70400,70400,176,0,0,561,-558,176,0,0,377,-182,96,0,80,1,2
9,110,184,4,4,1,unchanged,1,16,16,0,0,5760,2432,2432,2496,16,0,0,204,-204,0,0,16,-4,4,0,0,16,-4,4
9,110,184,4,4,1,one_edit,1,64,0,64,64,23040,11264,10240,10176,64,0,0,201,-201,64,0,0,17,-17,64,0,0,1,-1
9,110,184,4,4,1,far,1,176,0,176,176,63360,30520,28160,28512,176,0,0,199,-196,170,6,0,15,0,0,0,176,-1,4
9,110,184,4,4,4,unchanged,1,16,16,0,0,7680,3200,3200,3264,16,0,0,276,-276,0,0,16,-4,4,0,0,16,-4,4
9,110,184,4,4,4,one_edit,1,64,0,64,64,30720,18944,13312,13248,64,0,0,273,-273,64,0,0,89,-89,64,0,0,1,-1
9,110,184,4,4,4,far,1,176,0,176,176,84480,50272,36608,36960,176,0,0,271,-268,176,0,0,87,-36,0,0,176,-1,4
9,110,184,4,4,16,unchanged,1,16,16,0,0,15360,6272,6272,6336,16,0,0,564,-564,0,0,16,-4,4,0,0,16,-4,4
9,110,184,4,4,16,one_edit,1,64,0,64,64,61440,49664,25600,25536,64,0,0,561,-561,64,0,0,377,-377,64,0,0,1,-1
9,110,184,4,4,16,far,1,176,0,176,176,168960,129280,70400,70752,176,0,0,559,-556,176,0,0,375,-180,0,0,176,-1,4
9,110,184,4,8,1,unchanged,1,16,16,0,0,5760,2432,2432,2560,16,0,0,200,-200,0,0,16,-8,8,0,0,16,-8,8
9,110,184,4,8,1,one_edit,1,64,0,64,64,23040,11264,10240,10432,64,0,0,197,-197,64,0,0,13,-13,0,0,64,-3,3
9,110,184,4,8,1,far,1,176,0,176,176,63360,30520,28160,29216,176,0,0,195,-192,138,0,38,11,4,0,0,176,-5,8
9,110,184,4,8,4,unchanged,1,16,16,0,0,7680,3200,3200,3328,16,0,0,272,-272,0,0,16,-8,8,0,0,16,-8,8
9,110,184,4,8,4,one_edit,1,64,0,64,64,30720,18944,13312,13504,64,0,0,269,-269,64,0,0,85,-85,0,0,64,-3,3
9,110,184,4,8,4,far,1,176,0,176,176,84480,50272,36608,37664,176,0,0,267,-264,176,0,0,83,-32,0,0,176,-5,8
9,110,184,4,8,16,unchanged,1,16,16,0,0,15360,6272,6272,6400,16,0,0,560,-560,0,0,16,-8,8,0,0,16,-8,8
9,110,184,4,8,16,one_edit,1,64,0,64,64,61440,49664,25600,25792,64,0,0,557,-557,64,0,0,373,-373,0,0,64,-3,3
9,110,184,4,8,16,far,1,176,0,176,176,168960,129280,70400,71456,176,0,0,555,-552,176,0,0,371,-176,0,0,176,-5,8
9,184,250,0,0,1,unchanged,0,16,16,0,0,1116,1244,1244,1244,0,0,16,-8,8,0,16,0,0,0,0,16,0,0,0
9,184,250,0,0,1,one_edit,0,64,0,0,0,4464,4976,4976,4976,0,0,64,-8,8,0,64,0,0,0,0,64,0,0,0
9,184,250,0,0,1,far,0,176,2,0,0,12276,13684,13684,13684,0,0,176,-8,8,0,176,0,0,0,0,176,0,0,0
9,184,250,0,0,4,unchanged,0,16,16,0,0,1488,1616,1616,1616,0,0,16,-8,8,0,16,0,0,0,0,16,0,0,0
9,184,250,0,0,4,one_edit,0,64,0,0,0,5952,6464,6464,6464,0,0,64,-8,8,0,64,0,0,0,0,64,0,0,0
9,184,250,0,0,4,far,0,176,2,0,0,16368,17776,17776,17776,0,0,176,-8,8,0,176,0,0,0,0,176,0,0,0
9,184,250,0,0,16,unchanged,0,16,16,0,0,2976,3104,3104,3104,0,0,16,-8,8,0,16,0,0,0,0,16,0,0,0
9,184,250,0,0,16,one_edit,0,64,0,0,0,11904,12416,12416,12416,0,0,64,-8,8,0,64,0,0,0,0,64,0,0,0
9,184,250,0,0,16,far,0,176,2,0,0,32736,34144,34144,34144,0,0,176,-8,8,0,176,0,0,0,0,176,0,0,0
9,184,250,0,2,1,unchanged,0,16,16,0,0,1116,1244,1244,1276,0,0,16,-10,10,0,0,16,-2,2,0,0,16,-2,2
9,184,250,0,2,1,one_edit,0,64,0,0,0,4464,4976,4976,5104,0,0,64,-10,10,0,0,64,-2,2,0,0,64,-2,2
9,184,250,0,2,1,far,0,176,2,0,0,12276,13684,13684,14036,0,0,176,-10,10,0,0,176,-2,2,0,0,176,-2,2
9,184,250,0,2,4,unchanged,0,16,16,0,0,1488,1616,1616,1648,0,0,16,-10,10,0,0,16,-2,2,0,0,16,-2,2
9,184,250,0,2,4,one_edit,0,64,0,0,0,5952,6464,6464,6592,0,0,64,-10,10,0,0,64,-2,2,0,0,64,-2,2
9,184,250,0,2,4,far,0,176,2,0,0,16368,17776,17776,18128,0,0,176,-10,10,0,0,176,-2,2,0,0,176,-2,2
9,184,250,0,2,16,unchanged,0,16,16,0,0,2976,3104,3104,3136,0,0,16,-10,10,0,0,16,-2,2,0,0,16,-2,2
9,184,250,0,2,16,one_edit,0,64,0,0,0,11904,12416,12416,12544,0,0,64,-10,10,0,0,64,-2,2,0,0,64,-2,2
9,184,250,0,2,16,far,0,176,2,0,0,32736,34144,34144,34496,0,0,176,-10,10,0,0,176,-2,2,0,0,176,-2,2
9,184,250,0,4,1,unchanged,0,16,16,0,0,1116,1244,1244,1308,0,0,16,-12,12,0,0,16,-4,4,0,0,16,-4,4
9,184,250,0,4,1,one_edit,0,64,0,0,0,4464,4976,4976,5232,0,0,64,-12,12,0,0,64,-4,4,0,0,64,-4,4
9,184,250,0,4,1,far,0,176,2,0,0,12276,13684,13684,14388,0,0,176,-12,12,0,0,176,-4,4,0,0,176,-4,4
9,184,250,0,4,4,unchanged,0,16,16,0,0,1488,1616,1616,1680,0,0,16,-12,12,0,0,16,-4,4,0,0,16,-4,4
9,184,250,0,4,4,one_edit,0,64,0,0,0,5952,6464,6464,6720,0,0,64,-12,12,0,0,64,-4,4,0,0,64,-4,4
9,184,250,0,4,4,far,0,176,2,0,0,16368,17776,17776,18480,0,0,176,-12,12,0,0,176,-4,4,0,0,176,-4,4
9,184,250,0,4,16,unchanged,0,16,16,0,0,2976,3104,3104,3168,0,0,16,-12,12,0,0,16,-4,4,0,0,16,-4,4
9,184,250,0,4,16,one_edit,0,64,0,0,0,11904,12416,12416,12672,0,0,64,-12,12,0,0,64,-4,4,0,0,64,-4,4
9,184,250,0,4,16,far,0,176,2,0,0,32736,34144,34144,34848,0,0,176,-12,12,0,0,176,-4,4,0,0,176,-4,4
9,184,250,0,8,1,unchanged,0,16,16,0,0,1116,1244,1244,1372,0,0,16,-16,16,0,0,16,-8,8,0,0,16,-8,8
9,184,250,0,8,1,one_edit,0,64,0,0,0,4464,4976,4976,5488,0,0,64,-16,16,0,0,64,-8,8,0,0,64,-8,8
9,184,250,0,8,1,far,0,176,2,0,0,12276,13684,13684,15092,0,0,176,-16,16,0,0,176,-8,8,0,0,176,-8,8
9,184,250,0,8,4,unchanged,0,16,16,0,0,1488,1616,1616,1744,0,0,16,-16,16,0,0,16,-8,8,0,0,16,-8,8
9,184,250,0,8,4,one_edit,0,64,0,0,0,5952,6464,6464,6976,0,0,64,-16,16,0,0,64,-8,8,0,0,64,-8,8
9,184,250,0,8,4,far,0,176,2,0,0,16368,17776,17776,19184,0,0,176,-16,16,0,0,176,-8,8,0,0,176,-8,8
9,184,250,0,8,16,unchanged,0,16,16,0,0,2976,3104,3104,3232,0,0,16,-16,16,0,0,16,-8,8,0,0,16,-8,8
9,184,250,0,8,16,one_edit,0,64,0,0,0,11904,12416,12416,12928,0,0,64,-16,16,0,0,64,-8,8,0,0,64,-8,8
9,184,250,0,8,16,far,0,176,2,0,0,32736,34144,34144,35552,0,0,176,-16,16,0,0,176,-8,8,0,0,176,-8,8
9,184,250,1,0,1,unchanged,1,16,16,0,0,2232,1568,1568,1568,16,0,0,46,-10,0,16,0,0,0,0,16,0,0,0
9,184,250,1,0,1,one_edit,1,64,0,54,0,8928,6612,6612,6450,64,0,0,43,-11,54,10,0,3,0,54,10,0,3,0
9,184,250,1,0,1,far,1,176,2,82,0,24552,18113,18113,18055,176,0,0,43,-8,58,118,0,1,0,58,118,0,1,0
9,184,250,1,0,4,unchanged,1,16,16,2,0,2976,2048,2048,2046,16,0,0,64,-17,2,14,0,1,0,2,14,0,1,0
9,184,250,1,0,4,one_edit,1,64,0,62,62,11904,9552,8656,8358,64,0,0,61,-29,62,2,0,21,0,62,2,0,5,0
9,184,250,1,0,4,far,1,176,2,176,174,32736,25988,23840,23484,176,0,0,59,-17,176,0,0,19,-1,160,16,0,5,0
9,184,250,1,0,16,unchanged,1,16,16,2,2,5952,3968,3952,3942,16,0,0,136,-53,2,14,0,13,0,2,14,0,5,0
9,184,250,1,0,16,one_edit,1,64,0,62,62,23808,21312,16240,15942,64,0,0,133,-83,62,2,0,93,0,62,2,0,5,0
9,184,250,1,0,16,far,1,176,2,176,176,65472,57488,44704,44340,176,0,0,131,-53,176,0,0,91,-13,160,16,0,5,0
9,184,250,1,2,1,unchanged,1,16,16,0,0,2232,1568,1568,1600,16,0,0,44,-8,0,0,16,-2,2,0,0,16,-2,2
9,184,250,1,2,1,one_edit,1,64,0,54,0,8928,6612,6612,6578,64,0,0,41,-9,54,0,10,1,2,54,0,10,1,2
9,184,250,1,2,1,far,1,176,2,82,0,24552,18113,18113,18407,176,0,0,41,-6,0,0,176,-1,2,0,0,176,-1,2
9,184,250,1,2,4,unchanged,1,16,16,2,0,2976,2048,2048,2078,16,0,0,62,-15,0,0,16,-1,2,0,0,16,-1,2
9,184,250,1,2,4,one_edit,1,64,0,62,62,11904,9552,8656,8486,64,0,0,59,-27,62,0,2,19,2,62,0,2,3,2
9,184,250,1,2,4,far,1,176,2,176,174,32736,25988,23840,23836,176,0,0,57,-15,174,0,2,17,1,94,0,82,3,2
9,184,250,1,2,16,unchanged,1,16,16,2,2,5952,3968,3952,3974,16,0,0,134,-51,2,0,14,11,2,2,0,14,3,2
9,184,250,1,2,16,one_edit,1,64,0,62,62,23808,21312,16240,16070,64,0,0,131,-81,62,0,2,91,2,62,0,2,3,2
9,184,250,1,2,16,far,1,176,2,176,176,65472,57488,44704,44692,176,0,0,129,-51,176,0,0,89,-11,96,0,80,3,2
9,184,250,1,4,1,unchanged,1,16,16,0,0,2232,1568,1568,1632,16,0,0,42,-6,0,0,16,-4,4,0,0,16,-4,4
9,184,250,1,4,1,one_edit,1,64,0,54,0,8928,6612,6612,6706,64,0,0,39,-7,0,0,64,-1,4,0,0,64,-1,4
9,184,250,1,4,1,far,1,176,2,82,0,24552,18113,18113,18759,176,0,0,39,-4,0,0,176,-3,4,0,0,176,-3,4
9,184,250,1,4,4,unchanged,1,16,16,2,0,2976,2048,2048,2110,16,0,0,60,-13,0,0,16,-3,4,0,0,16,-3,4
9,184,250,1,4,4,one_edit,1,64,0,62,62,11904,9552,8656,8614,64,0,0,57,-25,62,0,2,17,4,56,0,8,1,4
9,184,250,1,4,4,far,1,176,2,176,174,32736,25988,23840,24188,176,0,0,55,-13,166,8,2,15,3,4,0,172,1,4
9,184,250,1,4,16,unchanged,1,16,16,2,2,5952,3968,3952,4006,16,0,0,132,-49,2,0,14,9,4,2,0,14,1,4
9,184,250,1,4,16,one_edit,1,64,0,62,62,23808,21312,16240,16198,64,0,0,129,-79,62,0,2,89,4,56,0,8,1,4
9,184,250,1,4,16,far,1,176,2,176,176,65472,57488,44704,45044,176,0,0,127,-49,176,0,0,87,-9,6,0,170,1,4
9,184,250,1,8,1,unchanged,1,16,16,0,0,2232,1568,1568,1696,16,0,0,38,-2,0,0,16,-8,8,0,0,16,-8,8
9,184,250,1,8,1,one_edit,1,64,0,54,0,8928,6612,6612,6962,64,0,0,35,-3,0,0,64,-5,8,0,0,64,-5,8
9,184,250,1,8,1,far,1,176,2,82,0,24552,18113,18113,19463,166,10,0,35,0,0,0,176,-7,8,0,0,176,-7,8
9,184,250,1,8,4,unchanged,1,16,16,2,0,2976,2048,2048,2174,16,0,0,56,-9,0,0,16,-7,8,0,0,16,-7,8
9,184,250,1,8,4,one_edit,1,64,0,62,62,11904,9552,8656,8870,64,0,0,53,-21,56,0,8,13,8,0,0,64,-3,8
9,184,250,1,8,4,far,1,176,2,176,174,32736,25988,23840,24892,176,0,0,51,-9,125,0,51,11,7,0,0,176,-3,8
9,184,250,1,8,16,unchanged,1,16,16,2,2,5952,3968,3952,4070,16,0,0,128,-45,2,0,14,5,8,0,0,16,-3,8
9,184,250,1,8,16,one_edit,1,64,0,62,62,23808,21312,16240,16454,64,0,0,125,-75,62,0,2,85,8,0,0,64,-3,8
9,184,250,1,8,16,far,1,176,2,176,176,65472,57488,44704,45748,176,0,0,123,-45,176,0,0,83,-5,0,0,176,-3,8
9,184,250,2,0,1,unchanged,1,16,16,0,0,3348,1856,1856,1856,16,0,0,100,-46,0,16,0,0,0,0,16,0,0,0
9,184,250,2,0,1,one_edit,1,64,0,62,54,13392,8120,7904,7610,64,0,0,97,-49,62,2,0,9,0,62,2,0,5,0
9,184,250,2,0,1,far,1,176,2,165,121,36828,22186,21702,21413,176,0,0,95,-44,165,11,0,7,0,157,19,0,3,0
9,184,250,2,0,4,unchanged,1,16,16,0,0,4464,2432,2432,2432,16,0,0,136,-64,0,16,0,0,0,0,16,0,0,0
9,184,250,2,0,4,one_edit,1,64,0,62,62,17856,12512,10224,9914,64,0,0,133,-85,62,2,0,45,0,62,2,0,5,0
9,184,250,2,0,4,far,1,176,2,174,174,49104,33832,28144,27764,176,0,0,131,-64,174,2,0,43,0,160,16,0,5,0
9,184,250,2,0,16,unchanged,1,16,16,0,0,8928,4736,4736,4736,16,0,0,280,-136,0,16,0,0,0,0,16,0,0,0
9,184,250,2,0,16,one_edit,1,64,0,62,62,35712,30080,19440,19130,64,0,0,277,-181,62,2,0,189,0,62,2,0,5,0
9,184,250,2,0,16,far,1,176,2,174,174,98208,80416,53488,53108,176,0,0,275,-136,174,2,0,187,0,160,16,0,5,0
9,184,250,2,2,1,unchanged,1,16,16,0,0,3348,1856,1856,1888,16,0,0,98,-44,0,0,16,-2,2,0,0,16,-2,2
9,184,250,2,2,1,one_edit,1,64,0,62,54,13392,8120,7904,7738,64,0,0,95,-47,62,0,2,7,2,62,0,2,3,2
9,184,250,2,2,1,far,1,176,2,165,121,36828,22186,21702,21765,176,0,0,93,-42,129,0,47,5,2,66,0,110,1,2
9,184,250,2,2,4,unchanged,1,16,16,0,0,4464,2432,2432,2464,16,0,0,134,-62,0,0,16,-2,2,0,0,16,-2,2
9,184,250,2,2,4,one_edit,1,64,0,62,62,17856,12512,10224,10042,64,0,0,131,-83,62,0,2,43,2,62,0,2,3,2
9,184,250,2,2,4,far,1,176,2,174,174,49104,33832,28144,28116,176,0,0,129,-62,174,0,2,41,2,102,0,74,3,2
9,184,250,2,2,16,unchanged,1,16,16,0,0,8928,4736,4736,4768,16,0,0,278,-134,0,0,16,-2,2,0,0,16,-2,2
9,184,250,2,2,16,one_edit,1,64,0,62,62,35712,30080,19440,19258,64,0,0,275,-179,62,0,2,187,2,62,0,2,3,2
9,184,250,2,2,16,far,1,176,2,174,174,98208,80416,53488,53460,176,0,0,273,-134,174,0,2,185,2,102,0,74,3,2
9,184,250,2,4,1,unchanged,1,16,16,0,0,3348,1856,1856,1920,16,0,0,96,-42,0,0,16,-4,4,0,0,16,-4,4
9,184,250,2,4,1,one_edit,1,64,0,62,54,13392,8120,7904,7866,64,0,0,93,-45,54,0,10,5,4,54,0,10,1,4
9,184,250,2,4,1,far,1,176,2,165,121,36828,22186,21702,22117,176,0,0,91,-40,113,8,55,3,4,0,0,176,-1,4
9,184,250,2,4,4,unchanged,1,16,16,0,0,4464,2432,2432,2496,16,0,0,132,-60,0,0,16,-4,4,0,0,16,-4,4
9,184,250,2,4,4,one_edit,1,64,0,62,62,17856,12512,10224,10170,64,0,0,129,-81,62,0,2,41,4,62,0,2,1,4
9,184,250,2,4,4,far,1,176,2,174,174,49104,33832,28144,28468,176,0,0,127,-60,174,0,2,39,4,8,0,168,1,4
9,184,250,2,4,16,unchanged,1,16,16,0,0,8928,4736,4736,4800,16,0,0,276,-132,0,0,16,-4,4,0,0,16,-4,4
9,184,250,2,4,16,one_edit,1,64,0,62,62,35712,30080,19440,19386,64,0,0,273,-177,62,0,2,185,4,62,0,2,1,4
9,184,250,2,4,16,far,1,176,2,174,174,98208,80416,53488,53812,176,0,0,271,-132,174,0,2,183,4,8,0,168,1,4
9,184,250,2,8,1,unchanged,1,16,16,0,0,3348,1856,1856,1984,16,0,0,92,-38,0,0,16,-8,8,0,0,16,-8,8
9,184,250,2,8,1,one_edit,1,64,0,62,54,13392,8120,7904,8122,64,0,0,89,-41,54,0,10,1,8,0,0,64,-3,8
9,184,250,2,8,1,far,1,176,2,165,121,36828,22186,21702,22821,176,0,0,87,-36,0,0,176,-1,8,0,0,176,-5,8
9,184,250,2,8,4,unchanged,1,16,16,0,0,4464,2432,2432,2560,16,0,0,128,-56,0,0,16,-8,8,0,0,16,-8,8
9,184,250,2,8,4,one_edit,1,64,0,62,62,17856,12512,10224,10426,64,0,0,125,-77,62,0,2,37,8,0,0,64,-3,8
9,184,250,2,8,4,far,1,176,2,174,174,49104,33832,28144,29172,176,0,0,123,-56,174,0,2,35,8,0,0,176,-3,8
9,184,250,2,8,16,unchanged,1,16,16,0,0,8928,4736,4736,4864,16,0,0,272,-128,0,0,16,-8,8,0,0,16,-8,8
9,184,250,2,8,16,one_edit,1,64,0,62,62,35712,30080,19440,19642,64,0,0,269,-173,62,0,2,181,8,0,0,64,-3,8
9,184,250,2,8,16,far,1,176,2,174,174,98208,80416,53488,54516,176,0,0,267,-128,174,0,2,179,8,0,0,176,-3,8
9,184,250,4,0,1,unchanged,1,16,16,0,0,5580,2432,2432,2432,16,0,0,208,-118,0,16,0,0,0,0,16,0,0,0
9,184,250,4,0,1,one_edit,1,64,0,62,62,22320,11136,10228,9918,64,0,0,205,-125,62,2,0,21,0,62,2,0,5,0
9,184,250,4,0,1,far,1,176,2,174,174,61380,30320,28144,27776,176,0,0,203,-118,174,2,0,19,0,160,16,0,5,0
9,184,250,4,0,4,unchanged,1,16,16,0,0,7440,3200,3200,3200,16,0,0,280,-160,0,16,0,0,0,0,16,0,0,0
9,184,250,4,0,4,one_edit,1,64,0,64,64,29760,18432,13312,12992,64,0,0,277,-197,64,0,0,93,-5,64,0,0,5,-5
9,184,250,4,0,4,far,1,176,2,174,174,81840,49472,36592,36224,176,0,0,275,-160,174,2,0,91,0,160,16,0,5,0
9,184,250,4,0,16,unchanged,1,16,16,0,0,14880,6272,6272,6272,16,0,0,568,-328,0,16,0,0,0,0,16,0,0,0
9,184,250,4,0,16,one_edit,1,64,0,64,64,59520,47616,25600,25280,64,0,0,565,-405,64,0,0,381,-29,64,0,0,5,-5
9,184,250,4,0,16,far,1,176,2,174,174,163680,126080,70384,70016,176,0,0,563,-328,174,2,0,379,0,160,16,0,5,0
9,184,250,4,2,1,unchanged,1,16,16,0,0,5580,2432,2432,2464,16,0,0,206,-116,0,0,16,-2,2,0,0,16,-2,2
9,184,250,4,2,1,one_edit,1,64,0,62,62,22320,11136,10228,10046,64,0,0,203,-123,62,0,2,19,2,62,0,2,3,2
9,184,250,4,2,1,far,1,176,2,174,174,61380,30320,28144,28128,176,0,0,201,-116,174,0,2,17,2,100,0,76,3,2
9,184,250,4,2,4,unchanged,1,16,16,0,0,7440,3200,3200,3232,16,0,0,278,-158,0,0,16,-2,2,0,0,16,-2,2
9,184,250,4,2,4,one_edit,1,64,0,64,64,29760,18432,13312,13120,64,0,0,275,-195,64,0,0,91,-3,64,0,0,3,-3
9,184,250,4,2,4,far,1,176,2,174,174,81840,49472,36592,36576,176,0,0,273,-158,174,0,2,89,2,100,0,76,3,2
9,184,250,4,2,16,unchanged,1,16,16,0,0,14880,6272,6272,6304,16,0,0,566,-326,0,0,16,-2,2,0,0,16,-2,2
9,184,250,4,2,16,one_edit,1,64,0,64,64,59520,47616,25600,25408,64,0,0,563,-403,64,0,0,379,-27,64,0,0,3,-3
9,184,250,4,2,16,far,1,176,2,174,174,163680,126080,70384,70368,176,0,0,561,-326,174,0,2,377,2,100,0,76,3,2
9,184,250,4,4,1,unchanged,1,16,16,0,0,5580,2432,2432,2496,16,0,0,204,-114,0,0,16,-4,4,0,0,16,-4,4
9,184,250,4,4,1,one_edit,1,64,0,62,62,22320,11136,10228,10174,64,0,0,201,-121,62,0,2,17,4,62,0,2,1,4
9,184,250,4,4,1,far,1,176,2,174,174,61380,30320,28144,28480,176,0,0,199,-114,168,6,2,15,4,4,0,172,1,4
9,184,250,4,4,4,unchanged,1,16,16,0,0,7440,3200,3200,3264,16,0,0,276,-156,0,0,16,-4,4,0,0,16,-4,4
9,184,250,4,4,4,one_edit,1,64,0,64,64,29760,18432,13312,13248,64,0,0,273,-193,64,0,0,89,-1,64,0,0,1,-1
9,184,250,4,4,4,far,1,176,2,174,174,81840,49472,36592,36928,176,0,0,271,-156,174,0,2,87,4,4,0,172,1,4
9,184,250,4,4,16,unchanged,1,16,16,0,0,14880,6272,6272,6336,16,0,0,564,-324,0,0,16,-4,4,0,0,16,-4,4
9,184,250,4,4,16,one_edit,1,64,0,64,64,59520,47616,25600,25536,64,0,0,561,-401,64,0,0,377,-25,64,0,0,1,-1
9,184,250,4,4,16,far,1,176,2,174,174,163680,126080,70384,70720,176,0,0,559,-324,174,0,2,375,4,4,0,172,1,4
9,184,250,4,8,1,unchanged,1,16,16,0,0,5580,2432,2432,2560,16,0,0,200,-110,0,0,16,-8,8,0,0,16,-8,8
9,184,250,4,8,1,one_edit,1,64,0,62,62,22320,11136,10228,10430,64,0,0,197,-117,62,0,2,13,8,0,0,64,-3,8
9,184,250,4,8,1,far,1,176,2,174,174,61380,30320,28144,29184,176,0,0,195,-110,133,0,43,11,8,0,0,176,-3,8
9,184,250,4,8,4,unchanged,1,16,16,0,0,7440,3200,3200,3328,16,0,0,272,-152,0,0,16,-8,8,0,0,16,-8,8
9,184,250,4,8,4,one_edit,1,64,0,64,64,29760,18432,13312,13504,64,0,0,269,-189,62,0,2,85,3,0,0,64,-3,3
9,184,250,4,8,4,far,1,176,2,174,174,81840,49472,36592,37632,176,0,0,267,-152,174,0,2,83,8,0,0,176,-3,8
9,184,250,4,8,16,unchanged,1,16,16,0,0,14880,6272,6272,6400,16,0,0,560,-320,0,0,16,-8,8,0,0,16,-8,8
9,184,250,4,8,16,one_edit,1,64,0,64,64,59520,47616,25600,25792,64,0,0,557,-397,64,0,0,373,-21,0,0,64,-3,3
9,184,250,4,8,16,far,1,176,2,174,174,163680,126080,70384,71424,176,0,0,555,-320,174,0,2,371,8,0,0,176,-3,8
11,0,51,0,0,1,unchanged,0,16,16,0,0,180,308,308,308,0,0,16,-8,8,0,16,0,0,0,0,16,0,0,0
11,0,51,0,0,1,one_edit,0,64,40,0,0,720,1232,1232,1232,0,0,64,-8,8,0,64,0,0,0,0,64,0,0,0
11,0,51,0,0,1,far,0,176,70,0,0,1980,3388,3388,3388,0,0,176,-8,8,0,176,0,0,0,0,176,0,0,0
11,0,51,0,0,4,unchanged,0,16,16,0,0,240,368,368,368,0,0,16,-8,8,0,16,0,0,0,0,16,0,0,0
11,0,51,0,0,4,one_edit,0,64,40,0,0,960,1472,1472,1472,0,0,64,-8,8,0,64,0,0,0,0,64,0,0,0
11,0,51,0,0,4,far,0,176,70,0,0,2640,4048,4048,4048,0,0,176,-8,8,0,176,0,0,0,0,176,0,0,0
11,0,51,0,0,16,unchanged,0,16,16,0,0,480,608,608,608,0,0,16,-8,8,0,16,0,0,0,0,16,0,0,0
11,0,51,0,0,16,one_edit,0,64,40,0,0,1920,2432,2432,2432,0,0,64,-8,8,0,64,0,0,0,0,64,0,0,0
11,0,51,0,0,16,far,0,176,70,0,0,5280,6688,6688,6688,0,0,176,-8,8,0,176,0,0,0,0,176,0,0,0
11,0,51,0,2,1,unchanged,0,16,16,0,0,180,308,308,340,0,0,16,-10,10,0,0,16,-2,2,0,0,16,-2,2
11,0,51,0,2,1,one_edit,0,64,40,0,0,720,1232,1232,1360,0,0,64,-10,10,0,0,64,-2,2,0,0,64,-2,2
11,0,51,0,2,1,far,0,176,70,0,0,1980,3388,3388,3740,0,0,176,-10,10,0,0,176,-2,2,0,0,176,-2,2
11,0,51,0,2,4,unchanged,0,16,16,0,0,240,368,368,400,0,0,16,-10,10,0,0,16,-2,2,0,0,16,-2,2
11,0,51,0,2,4,one_edit,0,64,40,0,0,960,1472,1472,1600,0,0,64,-10,10,0,0,64,-2,2,0,0,64,-2,2
11,0,51,0,2,4,far,0,176,70,0,0,2640,4048,4048,4400,0,0,176,-10,10,0,0,176,-2,2,0,0,176,-2,2
11,0,51,0,2,16,unchanged,0,16,16,0,0,480,608,608,640,0,0,16,-10,10,0,0,16,-2,2,0,0,16,-2,2
11,0,51,0,2,16,one_edit,0,64,40,0,0,1920,2432,2432,2560,0,0,64,-10,10,0,0,64,-2,2,0,0,64,-2,2
11,0,51,0,2,16,far,0,176,70,0,0,5280,6688,6688,7040,0,0,176,-10,10,0,0,176,-2,2,0,0,176,-2,2
11,0,51,0,4,1,unchanged,0,16,16,0,0,180,308,308,372,0,0,16,-12,12,0,0,16,-4,4,0,0,16,-4,4
11,0,51,0,4,1,one_edit,0,64,40,0,0,720,1232,1232,1488,0,0,64,-12,12,0,0,64,-4,4,0,0,64,-4,4
11,0,51,0,4,1,far,0,176,70,0,0,1980,3388,3388,4092,0,0,176,-12,12,0,0,176,-4,4,0,0,176,-4,4
11,0,51,0,4,4,unchanged,0,16,16,0,0,240,368,368,432,0,0,16,-12,12,0,0,16,-4,4,0,0,16,-4,4
11,0,51,0,4,4,one_edit,0,64,40,0,0,960,1472,1472,1728,0,0,64,-12,12,0,0,64,-4,4,0,0,64,-4,4
11,0,51,0,4,4,far,0,176,70,0,0,2640,4048,4048,4752,0,0,176,-12,12,0,0,176,-4,4,0,0,176,-4,4
11,0,51,0,4,16,unchanged,0,16,16,0,0,480,608,608,672,0,0,16,-12,12,0,0,16,-4,4,0,0,16,-4,4
11,0,51,0,4,16,one_edit,0,64,40,0,0,1920,2432,2432,2688,0,0,64,-12,12,0,0,64,-4,4,0,0,64,-4,4
11,0,51,0,4,16,far,0,176,70,0,0,5280,6688,6688,7392,0,0,176,-12,12,0,0,176,-4,4,0,0,176,-4,4
11,0,51,0,8,1,unchanged,0,16,16,0,0,180,308,308,436,0,0,16,-16,16,0,0,16,-8,8,0,0,16,-8,8
11,0,51,0,8,1,one_edit,0,64,40,0,0,720,1232,1232,1744,0,0,64,-16,16,0,0,64,-8,8,0,0,64,-8,8
11,0,51,0,8,1,far,0,176,70,0,0,1980,3388,3388,4796,0,0,176,-16,16,0,0,176,-8,8,0,0,176,-8,8
11,0,51,0,8,4,unchanged,0,16,16,0,0,240,368,368,496,0,0,16,-16,16,0,0,16,-8,8,0,0,16,-8,8
11,0,51,0,8,4,one_edit,0,64,40,0,0,960,1472,1472,1984,0,0,64,-16,16,0,0,64,-8,8,0,0,64,-8,8
11,0,51,0,8,4,far,0,176,70,0,0,2640,4048,4048,5456,0,0,176,-16,16,0,0,176,-8,8,0,0,176,-8,8
11,0,51,0,8,16,unchanged,0,16,16,0,0,480,608,608,736,0,0,16,-16,16,0,0,16,-8,8,0,0,16,-8,8
11,0,51,0,8,16,one_edit,0,64,40,0,0,1920,2432,2432,2944,0,0,64,-16,16,0,0,64,-8,8,0,0,64,-8,8
11,0,51,0,8,16,far,0,176,70,0,0,5280,6688,6688,8096,0,0,176,-16,16,0,0,176,-8,8,0,0,176,-8,8
11,0,51,1,0,1,unchanged,0,16,16,0,0,360,488,488,488,0,0,16,-8,8,0,16,0,0,0,0,16,0,0,0
11,0,51,1,0,1,one_edit,0,64,40,0,0,1440,1952,1952,1952,0,0,64,-8,8,0,64,0,0,0,0,64,0,0,0
11,0,51,1,0,1,far,0,176,70,0,0,3960,5368,5368,5368,0,0,176,-8,8,0,176,0,0,0,0,176,0,0,0
11,0,51,1,0,4,unchanged,0,16,16,0,0,480,608,608,608,0,0,16,-8,8,0,16,0,0,0,0,16,0,0,0
11,0,51,1,0,4,one_edit,0,64,40,0,0,1920,2432,2432,2432,0,0,64,-8,8,0,64,0,0,0,0,64,0,0,0
11,0,51,1,0,4,far,0,176,70,0,0,5280,6688,6688,6688,0,0,176,-8,8,0,176,0,0,0,0,176,0,0,0
11,0,51,1,0,16,unchanged,0,16,16,0,0,960,1088,1088,1088,0,0,16,-8,8,0,16,0,0,0,0,16,0,0,0
11,0,51,1,0,16,one_edit,0,64,40,0,0,3840,4352,4352,4352,0,0,64,-8,8,0,64,0,0,0,0,64,0,0,0
11,0,51,1,0,16,far,0,176,70,0,0,10560,11968,11968,11968,0,0,176,-8,8,0,176,0,0,0,0,176,0,0,0
11,0,51,1,2,1,unchanged,0,16,16,0,0,360,488,488,520,0,0,16,-10,10,0,0,16,-2,2,0,0,16,-2,2
11,0,51,1,2,1,one_edit,0,64,40,0,0,1440,1952,1952,2080,0,0,64,-10,10,0,0,64,-2,2,0,0,64,-2,2
11,0,51,1,2,1,far,0,176,70,0,0,3960,5368,5368,5720,0,0,176,-10,10,0,0,176,-2,2,0,0,176,-2,2
11,0,51,1,2,4,unchanged,0,16,16,0,0,480,608,608,640,0,0,16,-10,10,0,0,16,-2,2,0,0,16,-2,2
11,0,51,1,2,4,one_edit,0,64,40,0,0,1920,2432,2432,2560,0,0,64,-10,10,0,0,64,-2,2,0,0,64,-2,2
11,0,51,1,2,4,far,0,176,70,0,0,5280,6688,6688,7040,0,0,176,-10,10,0,0,176,-2,2,0,0,176,-2,2
11,0,51,1,2,16,unchanged,0,16,16,0,0,960,1088,1088,1120,0,0,16,-10,10,0,0,16,-2,2,0,0,16,-2,2
11,0,51,1,2,16,one_edit,0,64,40,0,0,3840,4352,4352,4480,0,0,64,-10,10,0,0,64,-2,2,0,0,64,-2,2
11,0,51,1,2,16,far,0,176,70,0,0,10560,11968,11968,12320,0,0,176,-10,10,0,0,176,-2,2,0,0,176,-2,2
11,0,51,1,4,1,unchanged,0,16,16,0,0,360,488,488,552,0,0,16,-12,12,0,0,16,-4,4,0,0,16,-4,4
11,0,51,1,4,1,one_edit,0,64,40,0,0,1440,1952,1952,2208,0,0,64,-12,12,0,0,64,-4,4,0,0,64,-4,4
11,0,51,1,4,1,far,0,176,70,0,0,3960,5368,5368,6072,0,0,176,-12,12,0,0,176,-4,4,0,0,176,-4,4
11,0,51,1,4,4,unchanged,0,16,16,0,0,480,608,608,672,0,0,16,-12,12,0,0,16,-4,4,0,0,16,-4,4
11,0,51,1,4,4,one_edit,0,64,40,0,0,1920,2432,2432,2688,0,0,64,-12,12,0,0,64,-4,4,0,0,64,-4,4
11,0,51,1,4,4,far,0,176,70,0,0,5280,6688,6688,7392,0,0,176,-12,12,0,0,176,-4,4,0,0,176,-4,4
11,0,51,1,4,16,unchanged,0,16,16,0,0,960,1088,1088,1152,0,0,16,-12,12,0,0,16,-4,4,0,0,16,-4,4
11,0,51,1,4,16,one_edit,0,64,40,0,0,3840,4352,4352,4608,0,0,64,-12,12,0,0,64,-4,4,0,0,64,-4,4
11,0,51,1,4,16,far,0,176,70,0,0,10560,11968,11968,12672,0,0,176,-12,12,0,0,176,-4,4,0,0,176,-4,4
11,0,51,1,8,1,unchanged,0,16,16,0,0,360,488,488,616,0,0,16,-16,16,0,0,16,-8,8,0,0,16,-8,8
11,0,51,1,8,1,one_edit,0,64,40,0,0,1440,1952,1952,2464,0,0,64,-16,16,0,0,64,-8,8,0,0,64,-8,8
11,0,51,1,8,1,far,0,176,70,0,0,3960,5368,5368,6776,0,0,176,-16,16,0,0,176,-8,8,0,0,176,-8,8
11,0,51,1,8,4,unchanged,0,16,16,0,0,480,608,608,736,0,0,16,-16,16,0,0,16,-8,8,0,0,16,-8,8
11,0,51,1,8,4,one_edit,0,64,40,0,0,1920,2432,2432,2944,0,0,64,-16,16,0,0,64,-8,8,0,0,64,-8,8
11,0,51,1,8,4,far,0,176,70,0,0,5280,6688,6688,8096,0,0,176,-16,16,0,0,176,-8,8,0,0,176,-8,8
11,0,51,1,8,16,unchanged,0,16,16,0,0,960,1088,1088,1216,0,0,16,-16,16,0,0,16,-8,8,0,0,16,-8,8
11,0,51,1,8,16,one_edit,0,64,40,0,0,3840,4352,4352,4864,0,0,64,-16,16,0,0,64,-8,8,0,0,64,-8,8
11,0,51,1,8,16,far,0,176,70,0,0,10560,11968,11968,13376,0,0,176,-16,16,0,0,176,-8,8,0,0,176,-8,8
11,0,51,2,0,1,unchanged,0,16,16,0,0,540,668,668,668,0,0,16,-8,8,0,16,0,0,0,0,16,0,0,0
11,0,51,2,0,1,one_edit,0,64,40,0,0,2160,2672,2672,2672,0,0,64,-8,8,0,64,0,0,0,0,64,0,0,0
11,0,51,2,0,1,far,0,176,70,0,0,5940,7348,7348,7348,0,0,176,-8,8,0,176,0,0,0,0,176,0,0,0
11,0,51,2,0,4,unchanged,0,16,16,0,0,720,848,848,848,0,0,16,-8,8,0,16,0,0,0,0,16,0,0,0
11,0,51,2,0,4,one_edit,0,64,40,0,0,2880,3392,3392,3392,0,0,64,-8,8,0,64,0,0,0,0,64,0,0,0
11,0,51,2,0,4,far,0,176,70,0,0,7920,9328,9328,9328,0,0,176,-8,8,0,176,0,0,0,0,176,0,0,0
11,0,51,2,0,16,unchanged,0,16,16,0,0,1440,1568,1568,1568,0,0,16,-8,8,0,16,0,0,0,0,16,0,0,0
11,0,51,2,0,16,one_edit,0,64,40,0,0,5760,6272,6272,6272,0,0,64,-8,8,0,64,0,0,0,0,64,0,0,0
11,0,51,2,0,16,far,0,176,70,0,0,15840,17248,17248,17248,0,0,176,-8,8,0,176,0,0,0,0,176,0,0,0
11,0,51,2,2,1,unchanged,0,16,16,0,0,540,668,668,700,0,0,16,-10,10,0,0,16,-2,2,0,0,16,-2,2
11,0,51,2,2,1,one_edit,0,64,40,0,0,2160,2672,2672,2800,0,0,64,-10,10,0,0,64,-2,2,0,0,64,-2,2
11,0,51,2,2,1,far,0,176,70,0,0,5940,7348,7348,7700,0,0,176,-10,10,0,0,176,-2,2,0,0,176,-2,2
11,0,51,2,2,4,unchanged,0,16,16,0,0,720,848,848,880,0,0,16,-10,10,0,0,16,-2,2,0,0,16,-2,2
11,0,51,2,2,4,one_edit,0,64,40,0,0,2880,3392,3392,3520,0,0,64,-10,10,0,0,64,-2,2,0,0,64,-2,2
11,0,51,2,2,4,far,0,176,70,0,0,7920,9328,9328,9680,0,0,176,-10,10,0,0,176,-2,2,0,0,176,-2,2
11,0,51,2,2,16,unchanged,0,16,16,0,0,1440,1568,1568,1600,0,0,16,-10,10,0,0,16,-2,2,0,0,16,-2,2
11,0,51,2,2,16,one_edit,0,64,40,0,0,5760,6272,6272,6400,0,0,64,-10,10,0,0,64,-2,2,0,0,64,-2,2
11,0,51,2,2,16,far,0,176,70,0,0,15840,17248,17248,17600,0,0,176,-10,10,0,0,176,-2,2,0,0,176,-2,2
11,0,51,2,4,1,unchanged,0,16,16,0,0,540,668,668,732,0,0,16,-12,12,0,0,16,-4,4,0,0,16,-4,4
11,0,51,2,4,1,one_edit,0,64,40,0,0,2160,2672,2672,2928,0,0,64,-12,12,0,0,64,-4,4,0,0,64,-4,4
11,0,51,2,4,1,far,0,176,70,0,0,5940,7348,7348,8052,0,0,176,-12,12,0,0,176,-4,4,0,0,176,-4,4
11,0,51,2,4,4,unchanged,0,16,16,0,0,720,848,848,912,0,0,16,-12,12,0,0,16,-4,4,0,0,16,-4,4
11,0,51,2,4,4,one_edit,0,64,40,0,0,2880,3392,3392,3648,0,0,64,-12,12,0,0,64,-4,4,0,0,64,-4,4
11,0,51,2,4,4,far,0,176,70,0,0,7920,9328,9328,10032,0,0,176,-12,12,0,0,176,-4,4,0,0,176,-4,4
11,0,51,2,4,16,unchanged,0,16,16,0,0,1440,1568,1568,1632,0,0,16,-12,12,0,0,16,-4,4,0,0,16,-4,4
11,0,51,2,4,16,one_edit,0,64,40,0,0,5760,6272,6272,6528,0,0,64,-12,12,0,0,64,-4,4,0,0,64,-4,4
11,0,51,2,4,16,far,0,176,70,0,0,15840,17248,17248,17952,0,0,176,-12,12,0,0,176,-4,4,0,0,176,-4,4
11,0,51,2,8,1,unchanged,0,16,16,0,0,540,668,668,796,0,0,16,-16,16,0,0,16,-8,8,0,0,16,-8,8
11,0,51,2,8,1,one_edit,0,64,40,0,0,2160,2672,2672,3184,0,0,64,-16,16,0,0,64,-8,8,0,0,64,-8,8
11,0,51,2,8,1,far,0,176,70,0,0,5940,7348,7348,8756,0,0,176,-16,16,0,0,176,-8,8,0,0,176,-8,8
11,0,51,2,8,4,unchanged,0,16,16,0,0,720,848,848,976,0,0,16,-16,16,0,0,16,-8,8,0,0,16,-8,8
11,0,51,2,8,4,one_edit,0,64,40,0,0,2880,3392,3392,3904,0,0,64,-16,16,0,0,64,-8,8,0,0,64,-8,8
11,0,51,2,8,4,far,0,176,70,0,0,7920,9328,9328,10736,0,0,176,-16,16,0,0,176,-8,8,0,0,176,-8,8
11,0,51,2,8,16,unchanged,0,16,16,0,0,1440,1568,1568,1696,0,0,16,-16,16,0,0,16,-8,8,0,0,16,-8,8
11,0,51,2,8,16,one_edit,0,64,40,0,0,5760,6272,6272,6784,0,0,64,-16,16,0,0,64,-8,8,0,0,64,-8,8
11,0,51,2,8,16,far,0,176,70,0,0,15840,17248,17248,18656,0,0,176,-16,16,0,0,176,-8,8,0,0,176,-8,8
11,0,51,4,0,1,unchanged,0,11,11,0,0,450,538,538,538,0,0,11,-8,8,0,11,0,0,0,0,11,0,0,0
11,0,51,4,0,1,one_edit,0,44,30,0,0,1860,2212,2212,2212,0,0,44,-8,8,0,44,0,0,0,0,44,0,0,0
11,0,51,4,0,1,far,0,121,60,0,0,5190,6158,6158,6158,0,0,121,-8,8,0,121,0,0,0,0,121,0,0,0
11,0,51,4,0,1,one_edit,1,20,10,0,0,1740,1560,1560,1560,20,0,0,10,-8,0,20,0,0,0,0,20,0,0,0
11,0,51,4,0,1,unchanged,1,5,5,0,0,450,400,400,400,5,0,0,10,-10,0,5,0,0,0,0,5,0,0,0
11,0,51,4,0,1,far,1,55,10,0,0,4710,4250,4250,4250,55,0,0,10,-8,0,55,0,0,0,0,55,0,0,0
11,0,51,4,0,4,unchanged,0,11,11,0,0,600,688,688,688,0,0,11,-8,8,0,11,0,0,0,0,11,0,0,0
11,0,51,4,0,4,one_edit,0,44,30,10,9,2640,2992,2992,2942,0,0,44,-3,8,10,34,0,5,0,10,34,0,5,0
11,0,51,4,0,4,far,0,121,60,45,41,7560,8528,8528,8333,0,0,121,-3,8,45,76,0,5,0,45,76,0,5,0
11,0,51,4,0,4,one_edit,1,20,10,0,0,2160,1920,1920,1920,20,0,0,16,-8,0,20,0,0,0,0,20,0,0,0
11,0,51,4,0,4,unchanged,1,5,5,0,0,600,520,520,520,5,0,0,16,-16,0,5,0,0,0,0,5,0,0,0
11,0,51,4,0,4,far,1,55,10,0,0,5640,5120,5120,5120,55,0,0,16,-8,0,55,0,0,0,0,55,0,0,0
11,0,51,4,0,16,unchanged,0,11,11,0,0,1200,1288,1288,1288,0,0,11,-8,8,0,11,0,0,0,0,11,0,0,0
11,0,51,4,0,16,one_edit,0,44,30,10,10,5760,6112,5872,5822,10,0,34,21,8,10,34,0,29,0,10,34,0,5,0
11,0,51,4,0,16,far,0,121,60,45,45,17040,18008,16928,16733,45,0,76,21,8,45,76,0,29,0,45,76,0,5,0
11,0,51,4,0,16,one_edit,1,20,10,0,0,3840,3360,3360,3360,20,0,0,40,-8,0,20,0,0,0,0,20,0,0,0
11,0,51,4,0,16,unchanged,1,5,5,0,0,1200,1000,1000,1000,5,0,0,40,-40,0,5,0,0,0,0,5,0,0,0
11,0,51,4,0,16,far,1,55,10,0,0,9360,8600,8600,8600,55,0,0,40,-8,0,55,0,0,0,0,55,0,0,0
11,0,51,4,2,1,unchanged,0,11,11,0,0,450,538,538,560,0,0,11,-10,10,0,0,11,-2,2,0,0,11,-2,2
11,0,51,4,2,1,one_edit,0,44,30,0,0,1860,2212,2212,2300,0,0,44,-10,10,0,0,44,-2,2,0,0,44,-2,2
11,0,51,4,2,1,far,0,121,60,0,0,5190,6158,6158,6400,0,0,121,-10,10,0,0,121,-2,2,0,0,121,-2,2
11,0,51,4,2,1,one_edit,1,20,10,0,0,1740,1560,1560,1600,20,0,0,8,-6,0,0,20,-2,2,0,0,20,-2,2
11,0,51,4,2,1,unchanged,1,5,5,0,0,450,400,400,410,5,0,0,8,-8,0,0,5,-2,2,0,0,5,-2,2
11,0,51,4,2,1,far,1,55,10,0,0,4710,4250,4250,4360,55,0,0,8,-6,0,0,55,-2,2,0,0,55,-2,2
11,0,51,4,2,4,unchanged,0,11,11,0,0,600,688,688,710,0,0,11,-10,10,0,0,11,-2,2,0,0,11,-2,2
11,0,51,4,2,4,one_edit,0,44,30,10,9,2640,2992,2992,3030,0,0,44,-5,10,10,0,34,3,2,10,0,34,3,2
11,0,51,4,2,4,far,0,121,60,45,41,7560,8528,8528,8575,0,0,121,-5,10,45,0,76,3,2,45,0,76,3,2
11,0,51,4,2,4,one_edit,1,20,10,0,0,2160,1920,1920,1960,20,0,0,14,-6,0,0,20,-2,2,0,0,20,-2,2
11,0,51,4,2,4,unchanged,1,5,5,0,0,600,520,520,530,5,0,0,14,-14,0,0,5,-2,2,0,0,5,-2,2
11,0,51,4,2,4,far,1,55,10,0,0,5640,5120,5120,5230,55,0,0,14,-6,0,0,55,-2,2,0,0,55,-2,2
11,0,51,4,2,16,unchanged,0,11,11,0,0,1200,1288,1288,1310,0,0,11,-10,10,0,0,11,-2,2,0,0,11,-2,2
11,0,51,4,2,16,one_edit,0,44,30,10,10,5760,6112,5872,5910,10,0,34,19,10,10,0,34,27,2,10,0,34,3,2
11,0,51,4,2,16,far,0,121,60,45,45,17040,18008,16928,16975,45,0,76,19,10,45,0,76,27,2,45,0,76,3,2
11,0,51,4,2,16,one_edit,1,20,10,0,0,3840,3360,3360,3400,20,0,0,38,-6,0,0,20,-2,2,0,0,20,-2,2
11,0,51,4,2,16,unchanged,1,5,5,0,0,1200,1000,1000,1010,5,0,0,38,-38,0,0,5,-2,2,0,0,5,-2,2
11,0,51,4,2,16,far,1,55,10,0,0,9360,8600,8600,8710,55,0,0,38,-6,0,0,55,-2,2,0,0,55,-2,2
11,0,51,4,4,1,unchanged,0,11,11,0,0,450,538,538,582,0,0,11,-12,12,0,0,11,-4,4,0,0,11,-4,4
11,0,51,4,4,1,one_edit,0,44,30,0,0,1860,2212,2212,2388,0,0,44,-12,12,0,0,44,-4,4,0,0,44,-4,4
11,0,51,4,4,1,far,0,121,60,0,0,5190,6158,6158,6642,0,0,121,-12,12,0,0,121,-4,4,0,0,121,-4,4
11,0,51,4,4,1,one_edit,1,20,10,0,0,1740,1560,1560,1640,20,0,0,6,-4,0,0,20,-4,4,0,0,20,-4,4
11,0,51,4,4,1,unchanged,1,5,5,0,0,450,400,400,420,5,0,0,6,-6,0,0,5,-4,4,0,0,5,-4,4
11,0,51,4,4,1,far,1,55,10,0,0,4710,4250,4250,4470,55,0,0,6,-4,0,0,55,-4,4,0,0,55,-4,4
11,0,51,4,4,4,unchanged,0,11,11,0,0,600,688,688,732,0,0,11,-12,12,0,0,11,-4,4,0,0,11,-4,4
11,0,51,4,4,4,one_edit,0,44,30,10,9,2640,2992,2992,3118,0,0,44,-7,12,10,0,34,1,4,10,0,34,1,4
11,0,51,4,4,4,far,0,121,60,45,41,7560,8528,8528,8817,0,0,121,-7,12,30,0,91,1,4,30,0,91,1,4
11,0,51,4,4,4,one_edit,1,20,10,0,0,2160,1920,1920,2000,20,0,0,12,-4,0,0,20,-4,4,0,0,20,-4,4
11,0,51,4,4,4,unchanged,1,5,5,0,0,600,520,520,540,5,0,0,12,-12,0,0,5,-4,4,0,0,5,-4,4
11,0,51,4,4,4,far,1,55,10,0,0,5640,5120,5120,5340,55,0,0,12,-4,0,0,55,-4,4,0,0,55,-4,4
11,0,51,4,4,16,unchanged,0,11,11,0,0,1200,1288,1288,1332,0,0,11,-12,12,0,0,11,-4,4,0,0,11,-4,4
11,0,51,4,4,16,one_edit,0,44,30,10,10,5760,6112,5872,5998,10,0,34,17,12,10,0,34,25,4,10,0,34,1,4
11,0,51,4,4,16,far,0,121,60,45,45,17040,18008,16928,17217,45,0,76,17,12,45,0,76,25,4,30,0,91,1,4
11,0,51,4,4,16,one_edit,1,20,10,0,0,3840,3360,3360,3440,20,0,0,36,-4,0,0,20,-4,4,0,0,20,-4,4
11,0,51,4,4,16,unchanged,1,5,5,0,0,1200,1000,1000,1020,5,0,0,36,-36,0,0,5,-4,4,0,0,5,-4,4
11,0,51,4,4,16,far,1,55,10,0,0,9360,8600,8600,8820,55,0,0,36,-4,0,0,55,-4,4,0,0,55,-4,4
11,0,51,4,8,1,unchanged,0,11,11,0,0,450,538,538,626,0,0,11,-16,16,0,0,11,-8,8,0,0,11,-8,8
11,0,51,4,8,1,one_edit,0,44,30,0,0,1860,2212,2212,2564,0,0,44,-16,16,0,0,44,-8,8,0,0,44,-8,8
11,0,51,4,8,1,far,0,121,60,0,0,5190,6158,6158,7126,0,0,121,-16,16,0,0,121,-8,8,0,0,121,-8,8
11,0,51,4,8,1,one_edit,1,20,10,0,0,1740,1560,1560,1720,10,10,0,2,0,0,0,20,-8,8,0,0,20,-8,8
11,0,51,4,8,1,unchanged,1,5,5,0,0,450,400,400,440,5,0,0,2,-2,0,0,5,-8,8,0,0,5,-8,8
11,0,51,4,8,1,far,1,55,10,0,0,4710,4250,4250,4690,10,45,0,2,0,0,0,55,-8,8,0,0,55,-8,8
11,0,51,4,8,4,unchanged,0,11,11,0,0,600,688,688,776,0,0,11,-16,16,0,0,11,-8,8,0,0,11,-8,8
11,0,51,4,8,4,one_edit,0,44,30,10,9,2640,2992,2992,3294,0,0,44,-11,16,0,0,44,-3,8,0,0,44,-3,8
11,0,51,4,8,4,far,0,121,60,45,41,7560,8528,8528,9301,0,0,121,-11,16,0,0,121,-3,8,0,0,121,-3,8
11,0,51,4,8,4,one_edit,1,20,10,0,0,2160,1920,1920,2080,10,10,0,8,0,0,0,20,-8,8,0,0,20,-8,8
11,0,51,4,8,4,unchanged,1,5,5,0,0,600,520,520,560,5,0,0,8,-8,0,0,5,-8,8,0,0,5,-8,8
11,0,51,4,8,4,far,1,55,10,0,0,5640,5120,5120,5560,10,45,0,8,0,0,0,55,-8,8,0,0,55,-8,8
11,0,51,4,8,16,unchanged,0,11,11,0,0,1200,1288,1288,1376,0,0,11,-16,16,0,0,11,-8,8,0,0,11,-8,8
11,0,51,4,8,16,one_edit,0,44,30,10,10,5760,6112,5872,6174,10,0,34,13,16,10,0,34,21,8,0,0,44,-3,8
11,0,51,4,8,16,far,0,121,60,45,45,17040,18008,16928,17701,45,0,76,13,16,45,0,76,21,8,0,0,121,-3,8
11,0,51,4,8,16,one_edit,1,20,10,0,0,3840,3360,3360,3520,10,10,0,32,0,0,0,20,-8,8,0,0,20,-8,8
11,0,51,4,8,16,unchanged,1,5,5,0,0,1200,1000,1000,1040,5,0,0,32,-32,0,0,5,-8,8,0,0,5,-8,8
11,0,51,4,8,16,far,1,55,10,0,0,9360,8600,8600,9040,10,45,0,32,0,0,0,55,-8,8,0,0,55,-8,8
11,4,30,0,0,1,unchanged,0,16,16,0,0,882,1010,1010,1010,0,0,16,-8,8,0,16,0,0,0,0,16,0,0,0
11,4,30,0,0,1,one_edit,0,64,0,0,0,3528,4040,4040,4040,0,0,64,-8,8,0,64,0,0,0,0,64,0,0,0
11,4,30,0,0,1,far,0,176,4,0,0,9702,11110,11110,11110,0,0,176,-8,8,0,176,0,0,0,0,176,0,0,0
11,4,30,0,0,4,unchanged,0,16,16,0,0,1176,1304,1304,1304,0,0,16,-8,8,0,16,0,0,0,0,16,0,0,0
11,4,30,0,0,4,one_edit,0,64,0,0,0,4704,5216,5216,5216,0,0,64,-8,8,0,64,0,0,0,0,64,0,0,0
11,4,30,0,0,4,far,0,176,4,0,0,12936,14344,14344,14344,0,0,176,-8,8,0,176,0,0,0,0,176,0,0,0
11,4,30,0,0,16,unchanged,0,16,16,0,0,2352,2480,2480,2480,0,0,16,-8,8,0,16,0,0,0,0,16,0,0,0
11,4,30,0,0,16,one_edit,0,64,0,0,0,9408,9920,9920,9920,0,0,64,-8,8,0,64,0,0,0,0,64,0,0,0
11,4,30,0,0,16,far,0,176,4,0,0,25872,27280,27280,27280,0,0,176,-8,8,0,176,0,0,0,0,176,0,0,0
11,4,30,0,2,1,unchanged,0,16,16,0,0,882,1010,1010,1042,0,0,16,-10,10,0,0,16,-2,2,0,0,16,-2,2
11,4,30,0,2,1,one_edit,0,64,0,0,0,3528,4040,4040,4168,0,0,64,-10,10,0,0,64,-2,2,0,0,64,-2,2
11,4,30,0,2,1,far,0,176,4,0,0,9702,11110,11110,11462,0,0,176,-10,10,0,0,176,-2,2,0,0,176,-2,2
11,4,30,0,2,4,unchanged,0,16,16,0,0,1176,1304,1304,1336,0,0,16,-10,10,0,0,16,-2,2,0,0,16,-2,2
11,4,30,0,2,4,one_edit,0,64,0,0,0,4704,5216,5216,5344,0,0,64,-10,10,0,0,64,-2,2,0,0,64,-2,2
11,4,30,0,2,4,far,0,176,4,0,0,12936,14344,14344,14696,0,0,176,-10,10,0,0,176,-2,2,0,0,176,-2,2
11,4,30,0,2,16,unchanged,0,16,16,0,0,2352,2480,2480,2512,0,0,16,-10,10,0,0,16,-2,2,0,0,16,-2,2
11,4,30,0,2,16,one_edit,0,64,0,0,0,9408,9920,9920,10048,0,0,64,-10,10,0,0,64,-2,2,0,0,64,-2,2
11,4,30,0,2,16,far,0,176,4,0,0,25872,27280,27280,27632,0,0,176,-10,10,0,0,176,-2,2,0,0,176,-2,2
11,4,30,0,4,1,unchanged,0,16,16,0,0,882,1010,1010,1074,0,0,16,-12,12,0,0,16,-4,4,0,0,16,-4,4
11,4,30,0,4,1,one_edit,0,64,0,0,0,3528,4040,4040,4296,0,0,64,-12,12,0,0,64,-4,4,0,0,64,-4,4
11,4,30,0,4,1,far,0,176,4,0,0,9702,11110,11110,11814,0,0,176,-12,12,0,0,176,-4,4,0,0,176,-4,4
11,4,30,0,4,4,unchanged,0,16,16,0,0,1176,1304,1304,1368,0,0,16,-12,12,0,0,16,-4,4,0,0,16,-4,4
11,4,30,0,4,4,one_edit,0,64,0,0,0,4704,5216,5216,5472,0,0,64,-12,12,0,0,64,-4,4,0,0,64,-4,4
11,4,30,0,4,4,far,0,176,4,0,0,12936,14344,14344,15048,0,0,176,-12,12,0,0,176,-4,4,0,0,176,-4,4
11,4,30,0,4,16,unchanged,0,16,16,0,0,2352,2480,2480,2544,0,0,16,-12,12,0,0,16,-4,4,0,0,16,-4,4
11,4,30,0,4,16,one_edit,0,64,0,0,0,9408,9920,9920,10176,0,0,64,-12,12,0,0,64,-4,4,0,0,64,-4,4
11,4,30,0,4,16,far,0,176,4,0,0,25872,27280,27280,27984,0,0,176,-12,12,0,0,176,-4,4,0,0,176,-4,4
11,4,30,0,8,1,unchanged,0,16,16,0,0,882,1010,1010,1138,0,0,16,-16,16,0,0,16,-8,8,0,0,16,-8,8
11,4,30,0,8,1,one_edit,0,64,0,0,0,3528,4040,4040,4552,0,0,64,-16,16,0,0,64,-8,8,0,0,64,-8,8
11,4,30,0,8,1,far,0,176,4,0,0,9702,11110,11110,12518,0,0,176,-16,16,0,0,176,-8,8,0,0,176,-8,8
11,4,30,0,8,4,unchanged,0,16,16,0,0,1176,1304,1304,1432,0,0,16,-16,16,0,0,16,-8,8,0,0,16,-8,8
11,4,30,0,8,4,one_edit,0,64,0,0,0,4704,5216,5216,5728,0,0,64,-16,16,0,0,64,-8,8,0,0,64,-8,8
11,4,30,0,8,4,far,0,176,4,0,0,12936,14344,14344,15752,0,0,176,-16,16,0,0,176,-8,8,0,0,176,-8,8
11,4,30,0,8,16,unchanged,0,16,16,0,0,2352,2480,2480,2608,0,0,16,-16,16,0,0,16,-8,8,0,0,16,-8,8
11,4,30,0,8,16,one_edit,0,64,0,0,0,9408,9920,9920,10432,0,0,64,-16,16,0,0,64,-8,8,0,0,64,-8,8
11,4,30,0,8,16,far,0,176,4,0,0,25872,27280,27280,28688,0,0,176,-16,16,0,0,176,-8,8,0,0,176,-8,8
11,4,30,1,0,1,unchanged,0,5,5,0,0,342,364,364,364,2,0,3,1,8,0,5,0,0,0,0,5,0,0,0
11,4,30,1,0,1,one_edit,0,20,0,4,0,1416,1510,1510,1506,4,4,12,1,8,4,16,0,1,0,4,16,0,1,0
11,4,30,1,0,1,far,0,55,2,14,0,4086,4342,4342,4328,14,8,33,1,8,14,41,0,1,0,14,41,0,1,0
11,4,30,1,0,1,far,1,121,2,30,0,15318,11975,11975,11966,121,0,0,43,-8,9,112,0,1,0,9,112,0,1,0
11,4,30,1,0,1,one_edit,1,44,0,28,0,5640,4429,4429,4364,44,0,0,43,-8,25,19,0,3,0,25,19,0,3,0
11,4,30,1,0,1,unchanged,1,11,11,0,0,1422,1078,1078,1078,11,0,0,46,-10,0,11,0,0,0,0,11,0,0,0
11,4,30,1,0,4,unchanged,0,5,5,4,2,456,472,464,444,4,0,1,9,8,4,1,0,9,0,4,1,0,5,0
11,4,30,1,0,4,one_edit,0,20,0,16,16,2016,2104,2024,1960,8,2,10,13,8,16,4,0,13,0,16,4,0,5,0
11,4,30,1,0,4,far,0,55,2,55,49,6312,6544,6020,5866,48,0,7,19,3,55,0,0,19,-1,50,5,0,5,0
11,4,30,1,0,4,far,1,121,2,99,97,19560,15956,15328,15001,121,0,0,59,-8,99,22,0,19,0,97,24,0,5,0
11,4,30,1,0,4,one_edit,1,44,0,36,35,7392,6100,5704,5540,44,0,0,61,-15,36,8,0,21,0,36,8,0,5,0
11,4,30,1,0,4,unchanged,1,11,11,3,0,1896,1408,1408,1405,11,0,0,64,-17,3,8,0,1,0,3,8,0,1,0
11,4,30,1,0,16,unchanged,0,5,5,4,4,912,904,776,756,4,0,1,45,8,4,1,0,45,0,4,1,0,5,0
11,4,30,1,0,16,one_edit,0,20,0,16,16,4416,4480,3776,3712,16,2,2,61,8,16,4,0,61,0,16,4,0,5,0
11,4,30,1,0,16,far,0,55,2,55,55,15216,15352,11936,11782,55,0,0,91,-33,55,0,0,91,-25,50,5,0,5,0
11,4,30,1,0,16,far,1,121,2,101,101,36528,31880,26976,26648,121,0,0,131,-8,101,20,0,91,0,98,23,0,5,0
11,4,30,1,0,16,one_edit,1,44,0,36,36,14400,12784,10336,10172,44,0,0,133,-51,36,8,0,93,0,36,8,0,5,0
11,4,30,1,0,16,unchanged,1,11,11,3,3,3792,2728,2704,2689,11,0,0,136,-53,3,8,0,13,0,3,8,0,5,0
11,4,30,1,2,1,unchanged,0,5,5,0,0,342,364,364,374,0,0,5,-1,10,0,0,5,-2,2,0,0,5,-2,2
11,4,30,1,2,1,one_edit,0,20,0,4,0,1416,1510,1510,1546,0,0,20,-1,10,0,0,20,-1,2,0,0,20,-1,2
11,4,30,1,2,1,far,0,55,2,14,0,4086,4342,4342,4438,0,0,55,-1,10,0,0,55,-1,2,0,0,55,-1,2
11,4,30,1,2,1,far,1,121,2,30,0,15318,11975,11975,12208,121,0,0,41,-6,0,0,121,-1,2,0,0,121,-1,2
11,4,30,1,2,1,one_edit,1,44,0,28,0,5640,4429,4429,4452,44,0,0,41,-6,20,0,24,1,2,20,0,24,1,2
11,4,30,1,2,1,unchanged,1,11,11,0,0,1422,1078,1078,1100,11,0,0,44,-8,0,0,11,-2,2,0,0,11,-2,2
11,4,30,1,2,4,unchanged,0,5,5,4,2,456,472,464,454,2,0,3,7,10,4,0,1,7,2,4,0,1,3,2
11,4,30,1,2,4,one_edit,0,20,0,16,16,2016,2104,2024,2000,8,0,12,11,10,16,0,4,11,2,16,0,4,3,2
11,4,30,1,2,4,far,0,55,2,55,49,6312,6544,6020,5976,42,0,13,17,5,53,0,2,17,1,36,0,19,3,2
11,4,30,1,2,4,far,1,121,2,99,97,19560,15956,15328,15243,121,0,0,57,-6,99,0,22,17,2,80,0,41,3,2
11,4,30,1,2,4,one_edit,1,44,0,36,35,7392,6100,5704,5628,44,0,0,59,-13,36,0,8,19,2,36,0,8,3,2
11,4,30,1,2,4,unchanged,1,11,11,3,0,1896,1408,1408,1427,11,0,0,62,-15,0,0,11,-1,2,0,0,11,-1,2
11,4,30,1,2,16,unchanged,0,5,5,4,4,912,904,776,766,4,0,1,43,10,4,0,1,43,2,4,0,1,3,2
11,4,30,1,2,16,one_edit,0,20,0,16,16,4416,4480,3776,3752,16,0,4,59,10,16,0,4,59,2,16,0,4,3,2
11,4,30,1,2,16,far,0,55,2,55,55,15216,15352,11936,11892,55,0,0,89,-31,55,0,0,89,-23,36,0,19,3,2
11,4,30,1,2,16,far,1,121,2,101,101,36528,31880,26976,26890,121,0,0,129,-6,101,0,20,89,2,80,0,41,3,2
11,4,30,1,2,16,one_edit,1,44,0,36,36,14400,12784,10336,10260,44,0,0,131,-49,36,0,8,91,2,36,0,8,3,2
11,4,30,1,2,16,unchanged,1,11,11,3,3,3792,2728,2704,2711,11,0,0,134,-51,3,0,8,11,2,3,0,8,3,2
11,4,30,1,4,1,unchanged,0,5,5,0,0,342,364,364,384,0,0,5,-3,12,0,0,5,-4,4,0,0,5,-4,4
11,4,30,1,4,1,one_edit,0,20,0,4,0,1416,1510,1510,1586,0,0,20,-3,12,0,0,20,-3,4,0,0,20,-3,4
11,4,30,1,4,1,far,0,55,2,14,0,4086,4342,4342,4548,0,0,55,-3,12,0,0,55,-3,4,0,0,55,-3,4
11,4,30,1,4,1,far,1,121,2,30,0,15318,11975,11975,12450,121,0,0,39,-4,0,0,121,-3,4,0,0,121,-3,4
11,4,30,1,4,1,one_edit,1,44,0,28,0,5640,4429,4429,4540,44,0,0,39,-4,0,0,44,-1,4,0,0,44,-1,4
11,4,30,1,4,1,unchanged,1,11,11,0,0,1422,1078,1078,1122,11,0,0,42,-6,0,0,11,-4,4,0,0,11,-4,4
11,4,30,1,4,4,unchanged,0,5,5,4,2,456,472,464,464,2,0,3,5,12,4,0,1,5,4,4,0,1,1,4
11,4,30,1,4,4,one_edit,0,20,0,16,16,2016,2104,2024,2040,8,0,12,9,12,16,0,4,9,4,8,0,12,1,4
11,4,30,1,4,4,far,0,55,2,55,49,6312,6544,6020,6086,39,0,16,15,7,53,0,2,15,3,16,0,39,1,4
11,4,30,1,4,4,far,1,121,2,99,97,19560,15956,15328,15485,121,0,0,55,-4,95,2,24,15,4,35,0,86,1,4
11,4,30,1,4,4,one_edit,1,44,0,36,35,7392,6100,5704,5716,44,0,0,57,-11,34,0,10,17,4,28,0,16,1,4
11,4,30,1,4,4,unchanged,1,11,11,3,0,1896,1408,1408,1449,11,0,0,60,-13,0,0,11,-3,4,0,0,11,-3,4
11,4,30,1,4,16,unchanged,0,5,5,4,4,912,904,776,776,4,0,1,41,12,4,0,1,41,4,4,0,1,1,4
11,4,30,1,4,16,one_edit,0,20,0,16,16,4416,4480,3776,3792,16,0,4,57,12,16,0,4,57,4,8,0,12,1,4
11,4,30,1,4,16,far,0,55,2,55,55,15216,15352,11936,12002,55,0,0,87,-29,55,0,0,87,-21,16,0,39,1,4
11,4,30,1,4,16,far,1,121,2,101,101,36528,31880,26976,27132,121,0,0,127,-4,101,0,20,87,4,35,0,86,1,4
11,4,30,1,4,16,one_edit,1,44,0,36,36,14400,12784,10336,10348,44,0,0,129,-47,36,0,8,89,4,28,0,16,1,4
11,4,30,1,4,16,unchanged,1,11,11,3,3,3792,2728,2704,2733,11,0,0,132,-49,3,0,8,9,4,3,0,8,1,4
11,4,30,1,8,1,unchanged,0,5,5,0,0,342,364,364,404,0,0,5,-7,16,0,0,5,-8,8,0,0,5,-8,8
11,4,30,1,8,1,one_edit,0,20,0,4,0,1416,1510,1510,1666,0,0,20,-7,16,0,0,20,-7,8,0,0,20,-7,8
11,4,30,1,8,1,far,0,55,2,14,0,4086,4342,4342,4768,0,0,55,-7,16,0,0,55,-7,8,0,0,55,-7,8
11,4,30,1,8,1,far,1,121,2,30,0,15318,11975,11975,12934,104,17,0,35,0,0,0,121,-7,8,0,0,121,-7,8
11,4,30,1,8,1,one_edit,1,44,0,28,0,5640,4429,4429,4716,40,4,0,35,0,0,0,44,-5,8,0,0,44,-5,8
11,4,30,1,8,1,unchanged,1,11,11,0,0,1422,1078,1078,1166,11,0,0,38,-2,0,0,11,-8,8,0,0,11,-8,8
11,4,30,1,8,4,unchanged,0,5,5,4,2,456,472,464,484,2,0,3,1,16,2,0,3,1,8,0,0,5,-3,8
11,4,30,1,8,4,one_edit,0,20,0,16,16,2016,2104,2024,2120,6,0,14,5,16,8,0,12,5,8,0,0,20,-3,8
11,4,30,1,8,4,far,0,55,2,55,49,6312,6544,6020,6306,32,3,20,11,11,42,0,13,11,7,0,0,55,-3,8
11,4,30,1,8,4,far,1,121,2,99,97,19560,15956,15328,15969,118,3,0,51,0,56,0,65,11,8,0,0,121,-3,8
11,4,30,1,8,4,one_edit,1,44,0,36,35,7392,6100,5704,5892,44,0,0,53,-7,28,0,16,13,8,0,0,44,-3,8
11,4,30,1,8,4,unchanged,1,11,11,3,0,1896,1408,1408,1493,11,0,0,56,-9,0,0,11,-7,8,0,0,11,-7,8
11,4,30,1,8,16,unchanged,0,5,5,4,4,912,904,776,796,4,0,1,37,16,4,0,1,37,8,0,0,5,-3,8
11,4,30,1,8,16,one_edit,0,20,0,16,16,4416,4480,3776,3872,16,0,4,53,16,16,0,4,53,8,0,0,20,-3,8
11,4,30,1,8,16,far,0,55,2,55,55,15216,15352,11936,12222,55,0,0,83,-25,55,0,0,83,-17,0,0,55,-3,8
11,4,30,1,8,16,far,1,121,2,101,101,36528,31880,26976,27616,118,3,0,123,0,101,0,20,83,8,0,0,121,-3,8
11,4,30,1,8,16,one_edit,1,44,0,36,36,14400,12784,10336,10524,44,0,0,125,-43,36,0,8,85,8,0,0,44,-3,8
11,4,30,1,8,16,unchanged,1,11,11,3,3,3792,2728,2704,2777,11,0,0,128,-45,3,0,8,5,8,0,0,11,-3,8
11,4,30,2,0,1,unchanged,0,3,3,2,0,243,267,267,261,0,0,3,-5,8,2,1,0,3,0,2,1,0,3,0
11,4,30,2,0,1,one_edit,0,12,0,10,2,1038,1134,1132,1106,0,0,12,-2,8,10,2,0,6,0,10,2,0,5,0
11,4,30,2,0,1,far,0,33,0,31,22,3057,3321,3254,3192,0,0,33,-1,8,31,2,0,7,0,28,5,0,5,0
11,4,30,2,0,1,one_edit,1,52,0,40,27,9546,6347,6260,6098,52,0,0,97,-16,40,12,0,9,0,40,12,0,5,0
11,4,30,2,0,1,far,1,143,4,104,40,26049,17209,17085,16869,143,0,0,95,-19,100,43,0,7,0,98,45,0,5,0
11,4,30,2,0,1,unchanged,1,13,13,0,0,2403,1508,1508,1508,13,0,0,100,-19,0,13,0,0,0,0,13,0,0,0
11,4,30,2,0,4,unchanged,0,3,3,2,2,324,348,316,306,2,0,1,13,8,2,1,0,21,0,2,1,0,5,0
11,4,30,2,0,4,one_edit,0,12,0,10,10,1560,1656,1472,1430,10,0,2,25,8,10,2,0,33,0,10,2,0,5,0
11,4,30,2,0,4,far,0,33,0,33,33,5100,5364,4392,4310,33,0,0,35,-9,33,0,0,43,-17,30,3,0,5,0
11,4,30,2,0,4,one_edit,1,52,0,42,42,12552,9164,7952,7758,52,0,0,133,-16,42,10,0,45,0,42,10,0,5,0
11,4,30,2,0,4,far,1,143,4,123,123,33708,24220,21628,21228,143,0,0,131,-33,123,20,0,43,0,118,25,0,5,0
11,4,30,2,0,4,unchanged,1,13,13,2,2,3204,1976,1968,1958,13,0,0,136,-37,2,11,0,9,0,2,11,0,5,0
11,4,30,2,0,16,unchanged,0,3,3,2,2,648,672,496,486,2,0,1,85,8,2,1,0,93,0,2,1,0,5,0
11,4,30,2,0,16,one_edit,0,12,0,10,10,3648,3744,2768,2726,10,0,2,133,8,10,2,0,141,0,10,2,0,5,0
11,4,30,2,0,16,far,0,33,0,33,33,13272,13536,8856,8774,33,0,0,179,-81,33,0,0,187,-89,30,3,0,5,0
11,4,30,2,0,16,one_edit,1,52,0,42,42,24576,20432,14576,14382,52,0,0,277,-16,42,10,0,189,0,42,10,0,5,0
11,4,30,2,0,16,far,1,143,4,123,123,64344,52264,38944,38544,143,0,0,275,-40,123,20,0,187,0,118,25,0,5,0
11,4,30,2,0,16,unchanged,1,13,13,2,2,6408,3848,3768,3758,13,0,0,280,-109,2,11,0,45,0,2,11,0,5,0
11,4,30,2,2,1,unchanged,0,3,3,2,0,243,267,267,267,0,0,3,-7,10,2,0,1,1,2,2,0,1,1,2
11,4,30,2,2,1,one_edit,0,12,0,10,2,1038,1134,1132,1130,0,0,12,-4,10,6,0,6,4,2,6,0,6,3,2
11,4,30,2,2,1,far,0,33,0,31,22,3057,3321,3254,3258,0,0,33,-3,10,24,2,7,5,2,15,0,18,3,2
11,4,30,2,2,1,one_edit,1,52,0,40,27,9546,6347,6260,6202,52,0,0,95,-14,34,0,18,7,2,34,0,18,3,2
11,4,30,2,2,1,far,1,143,4,104,40,26049,17209,17085,17155,143,0,0,93,-17,72,0,71,5,2,56,0,87,3,2
11,4,30,2,2,1,unchanged,1,13,13,0,0,2403,1508,1508,1534,13,0,0,98,-17,0,0,13,-2,2,0,0,13,-2,2
11,4,30,2,2,4,unchanged,0,3,3,2,2,324,348,316,312,2,0,1,11,10,2,0,1,19,2,2,0,1,3,2
11,4,30,2,2,4,one_edit,0,12,0,10,10,1560,1656,1472,1454,10,0,2,23,10,10,0,2,31,2,10,0,2,3,2
11,4,30,2,2,4,far,0,33,0,33,33,5100,5364,4392,4376,33,0,0,33,-7,33,0,0,41,-15,20,0,13,3,2
11,4,30,2,2,4,one_edit,1,52,0,42,42,12552,9164,7952,7862,52,0,0,131,-14,42,0,10,43,2,42,0,10,3,2
11,4,30,2,2,4,far,1,143,4,123,123,33708,24220,21628,21514,143,0,0,129,-31,123,0,20,41,2,96,0,47,3,2
11,4,30,2,2,4,unchanged,1,13,13,2,2,3204,1976,1968,1984,13,0,0,134,-35,2,0,11,7,2,2,0,11,3,2
11,4,30,2,2,16,unchanged,0,3,3,2,2,648,672,496,492,2,0,1,83,10,2,0,1,91,2,2,0,1,3,2
11,4,30,2,2,16,one_edit,0,12,0,10,10,3648,3744,2768,2750,10,0,2,131,10,10,0,2,139,2,10,0,2,3,2
11,4,30,2,2,16,far,0,33,0,33,33,13272,13536,8856,8840,33,0,0,177,-79,33,0,0,185,-87,20,0,13,3,2
11,4,30,2,2,16,one_edit,1,52,0,42,42,24576,20432,14576,14486,52,0,0,275,-14,42,0,10,187,2,42,0,10,3,2
11,4,30,2,2,16,far,1,143,4,123,123,64344,52264,38944,38830,143,0,0,273,-38,123,0,20,185,2,96,0,47,3,2
11,4,30,2,2,16,unchanged,1,13,13,2,2,6408,3848,3768,3784,13,0,0,278,-107,2,0,11,43,2,2,0,11,3,2
11,4,30,2,4,1,unchanged,0,3,3,2,0,243,267,267,273,0,0,3,-9,12,0,0,3,-1,4,0,0,3,-1,4
11,4,30,2,4,1,one_edit,0,12,0,10,2,1038,1134,1132,1154,0,0,12,-6,12,2,0,10,2,4,2,0,10,1,4
11,4,30,2,4,1,far,0,33,0,31,22,3057,3321,3254,3324,0,0,33,-5,12,14,6,13,3,4,2,0,31,1,4
11,4,30,2,4,1,one_edit,1,52,0,40,27,9546,6347,6260,6306,52,0,0,93,-12,27,0,25,5,4,27,0,25,1,4
11,4,30,2,4,1,far,1,143,4,104,40,26049,17209,17085,17441,143,0,0,91,-15,29,11,103,3,4,3,0,140,1,4
11,4,30,2,4,1,unchanged,1,13,13,0,0,2403,1508,1508,1560,13,0,0,96,-15,0,0,13,-4,4,0,0,13,-4,4
11,4,30,2,4,4,unchanged,0,3,3,2,2,324,348,316,318,2,0,1,9,12,2,0,1,17,4,2,0,1,1,4
11,4,30,2,4,4,one_edit,0,12,0,10,10,1560,1656,1472,1478,10,0,2,21,12,10,0,2,29,4,6,0,6,1,4
11,4,30,2,4,4,far,0,33,0,33,33,5100,5364,4392,4442,33,0,0,31,-5,33,0,0,39,-13,6,0,27,1,4
11,4,30,2,4,4,one_edit,1,52,0,42,42,12552,9164,7952,7966,52,0,0,129,-12,42,0,10,41,4,34,0,18,1,4
11,4,30,2,4,4,far,1,143,4,123,123,33708,24220,21628,21800,143,0,0,127,-29,123,0,20,39,4,45,0,98,1,4
11,4,30,2,4,4,unchanged,1,13,13,2,2,3204,1976,1968,2010,13,0,0,132,-33,2,0,11,5,4,2,0,11,1,4
11,4,30,2,4,16,unchanged,0,3,3,2,2,648,672,496,498,2,0,1,81,12,2,0,1,89,4,2,0,1,1,4
11,4,30,2,4,16,one_edit,0,12,0,10,10,3648,3744,2768,2774,10,0,2,129,12,10,0,2,137,4,6,0,6,1,4
11,4,30,2,4,16,far,0,33,0,33,33,13272,13536,8856,8906,33,0,0,175,-77,33,0,0,183,-85,6,0,27,1,4
11,4,30,2,4,16,one_edit,1,52,0,42,42,24576,20432,14576,14590,52,0,0,273,-12,42,0,10,185,4,34,0,18,1,4
11,4,30,2,4,16,far,1,143,4,123,123,64344,52264,38944,39116,143,0,0,271,-36,123,0,20,183,4,45,0,98,1,4
11,4,30,2,4,16,unchanged,1,13,13,2,2,6408,3848,3768,3810,13,0,0,276,-105,2,0,11,41,4,2,0,11,1,4
11,4,30,2,8,1,unchanged,0,3,3,2,0,243,267,267,285,0,0,3,-13,16,0,0,3,-5,8,0,0,3,-5,8
11,4,30,2,8,1,one_edit,0,12,0,10,2,1038,1134,1132,1202,0,0,12,-10,16,0,0,12,-2,8,0,0,12,-3,8
11,4,30,2,8,1,far,0,33,0,31,22,3057,3321,3254,3456,0,0,33,-9,16,0,0,33,-1,8,0,0,33,-3,8
11,4,30,2,8,1,one_edit,1,52,0,40,27,9546,6347,6260,6514,52,0,0,89,-8,20,0,32,1,8,0,0,52,-3,8
11,4,30,2,8,1,far,1,143,4,104,40,26049,17209,17085,18013,143,0,0,87,-11,0,0,143,-1,8,0,0,143,-3,8
11,4,30,2,8,1,unchanged,1,13,13,0,0,2403,1508,1508,1612,13,0,0,92,-11,0,0,13,-8,8,0,0,13,-8,8
11,4,30,2,8,4,unchanged,0,3,3,2,2,324,348,316,330,2,0,1,5,16,2,0,1,13,8,0,0,3,-3,8
11,4,30,2,8,4,one_edit,0,12,0,10,10,1560,1656,1472,1526,10,0,2,17,16,10,0,2,25,8,0,0,12,-3,8
11,4,30,2,8,4,far,0,33,0,33,33,5100,5364,4392,4574,33,0,0,27,-1,33,0,0,35,-9,0,0,33,-3,8
11,4,30,2,8,4,one_edit,1,52,0,42,42,12552,9164,7952,8174,52,0,0,125,-8,40,0,12,37,8,0,0,52,-3,8
11,4,30,2,8,4,far,1,143,4,123,123,33708,24220,21628,22372,143,0,0,123,-25,117,0,26,35,8,0,0,143,-3,8
11,4,30,2,8,4,unchanged,1,13,13,2,2,3204,1976,1968,2062,13,0,0,128,-29,2,0,11,1,8,0,0,13,-3,8
11,4,30,2,8,16,unchanged,0,3,3,2,2,648,672,496,510,2,0,1,77,16,2,0,1,85,8,0,0,3,-3,8
11,4,30,2,8,16,one_edit,0,12,0,10,10,3648,3744,2768,2822,10,0,2,125,16,10,0,2,133,8,0,0,12,-3,8
11,4,30,2,8,16,far,0,33,0,33,33,13272,13536,8856,9038,33,0,0,171,-73,33,0,0,179,-81,0,0,33,-3,8
11,4,30,2,8,16,one_edit,1,52,0,42,42,24576,20432,14576,14798,52,0,0,269,-8,42,0,10,181,8,0,0,52,-3,8
11,4,30,2,8,16,far,1,143,4,123,123,64344,52264,38944,39688,143,0,0,267,-32,123,0,20,179,8,0,0,143,-3,8
11,4,30,2,8,16,unchanged,1,13,13,2,2,6408,3848,3768,3862,13,0,0,272,-101,2,0,11,37,8,0,0,13,-3,8
11,4,30,4,0,1,unchanged,0,1,1,0,0,45,53,53,53,0,0,1,-8,8,0,1,0,0,0,0,1,0,0,0
11,4,30,4,0,1,one_edit,0,4,0,4,4,250,282,266,254,0,0,4,-1,1,4,0,0,7,-7,4,0,0,3,-3
11,4,30,4,0,1,far,0,11,0,11,11,835,923,792,770,11,0,0,9,-1,11,0,0,17,-9,10,1,0,3,0
11,4,30,4,0,1,one_edit,1,60,0,47,46,17390,9891,9396,9178,60,0,0,205,-24,46,14,0,21,0,46,14,0,5,0
11,4,30,4,0,1,unchanged,1,15,15,2,0,4365,2280,2280,2270,15,0,0,208,-33,2,13,0,5,0,2,13,0,5,0
11,4,30,4,0,1,far,1,165,4,141,129,47675,26957,25851,25473,165,0,0,203,-29,137,28,0,19,0,130,35,0,5,0
11,4,30,4,0,4,unchanged,0,1,1,0,0,60,68,68,68,0,0,1,-8,8,0,1,0,0,0,0,1,0,0,0
11,4,30,4,0,4,one_edit,0,4,0,4,4,520,552,392,380,4,0,0,35,-35,4,0,0,43,-43,4,0,0,3,-3
11,4,30,4,0,4,far,0,11,0,11,11,2020,2108,1320,1298,11,0,0,81,-43,11,0,0,89,-51,10,1,0,3,0
11,4,30,4,0,4,one_edit,1,60,0,52,52,23000,15084,11976,11732,60,0,0,277,-24,52,8,0,93,0,52,8,0,5,0
11,4,30,4,0,4,unchanged,1,15,15,4,4,5820,3000,2944,2924,15,0,0,280,-69,4,11,0,29,0,4,11,0,5,0
11,4,30,4,0,4,far,1,165,4,149,147,62660,40508,32748,32352,165,0,0,275,-65,149,16,0,91,0,140,25,0,5,0
11,4,30,4,0,16,unchanged,0,1,1,0,0,120,128,128,128,0,0,1,-8,8,0,1,0,0,0,0,1,0,0,0
11,4,30,4,0,16,one_edit,0,4,0,4,4,1600,1632,896,884,4,0,0,179,-179,4,0,0,187,-187,4,0,0,3,-3
11,4,30,4,0,16,far,0,11,0,11,11,6760,6848,3432,3410,11,0,0,369,-211,11,0,0,377,-219,10,1,0,3,0
11,4,30,4,0,16,one_edit,1,60,0,52,52,45440,35856,22176,21932,60,0,0,565,-24,52,8,0,381,0,52,8,0,5,0
11,4,30,4,0,16,unchanged,1,15,15,4,4,11640,5880,5560,5540,15,0,0,568,-213,4,11,0,125,0,4,11,0,5,0
11,4,30,4,0,16,far,1,165,4,150,150,122600,94712,60072,59676,165,0,0,563,-104,150,15,0,379,0,140,25,0,5,0
11,4,30,4,2,1,unchanged,0,1,1,0,0,45,53,53,55,0,0,1,-10,10,0,0,1,-2,2,0,0,1,-2,2
11,4,30,4,2,1,one_edit,0,4,0,4,4,250,282,266,262,0,0,4,-3,3,4,0,0,5,-5,4,0,0,1,-1
11,4,30,4,2,1,far,0,11,0,11,11,835,923,792,792,8,0,3,7,1,11,0,0,15,-7,6,0,5,1,2
11,4,30,4,2,1,one_edit,1,60,0,47,46,17390,9891,9396,9298,60,0,0,203,-22,46,0,14,19,2,46,0,14,3,2
11,4,30,4,2,1,unchanged,1,15,15,2,0,4365,2280,2280,2300,15,0,0,206,-31,2,0,13,3,2,2,0,13,3,2
11,4,30,4,2,1,far,1,165,4,141,129,47675,26957,25851,25803,165,0,0,201,-27,129,8,28,17,2,96,8,61,3,2
11,4,30,4,2,4,unchanged,0,1,1,0,0,60,68,68,70,0,0,1,-10,10,0,0,1,-2,2,0,0,1,-2,2
11,4,30,4,2,4,one_edit,0,4,0,4,4,520,552,392,388,4,0,0,33,-33,4,0,0,41,-41,4,0,0,1,-1
11,4,30,4,2,4,far,0,11,0,11,11,2020,2108,1320,1320,11,0,0,79,-41,11,0,0,87,-49,6,0,5,1,2
11,4,30,4,2,4,one_edit,1,60,0,52,52,23000,15084,11976,11852,60,0,0,275,-22,52,0,8,91,2,52,0,8,3,2
11,4,30,4,2,4,unchanged,1,15,15,4,4,5820,3000,2944,2954,15,0,0,278,-67,4,0,11,27,2,4,0,11,3,2
11,4,30,4,2,4,far,1,165,4,149,147,62660,40508,32748,32682,165,0,0,273,-63,147,0,18,89,2,100,0,65,3,2
11,4,30,4,2,16,unchanged,0,1,1,0,0,120,128,128,130,0,0,1,-10,10,0,0,1,-2,2,0,0,1,-2,2
11,4,30,4,2,16,one_edit,0,4,0,4,4,1600,1632,896,892,4,0,0,177,-177,4,0,0,185,-185,4,0,0,1,-1
11,4,30,4,2,16,far,0,11,0,11,11,6760,6848,3432,3432,11,0,0,367,-209,11,0,0,375,-217,6,0,5,1,2
11,4,30,4,2,16,one_edit,1,60,0,52,52,45440,35856,22176,22052,60,0,0,563,-22,52,0,8,379,2,52,0,8,3,2
11,4,30,4,2,16,unchanged,1,15,15,4,4,11640,5880,5560,5570,15,0,0,566,-211,4,0,11,123,2,4,0,11,3,2
11,4,30,4,2,16,far,1,165,4,150,150,122600,94712,60072,60006,165,0,0,561,-102,150,0,15,377,2,100,0,65,3,2
11,4,30,4,4,1,unchanged,0,1,1,0,0,45,53,53,57,0,0,1,-12,12,0,0,1,-4,4,0,0,1,-4,4
11,4,30,4,4,1,one_edit,0,4,0,4,4,250,282,266,270,0,0,4,-5,5,4,0,0,3,-3,0,0,4,-1,1
11,4,30,4,4,1,far,0,11,0,11,11,835,923,792,814,8,0,3,5,3,11,0,0,13,-5,0,0,11,-1,4
11,4,30,4,4,1,one_edit,1,60,0,47,46,17390,9891,9396,9418,60,0,0,201,-20,46,0,14,17,4,40,0,20,1,4
11,4,30,4,4,1,unchanged,1,15,15,2,0,4365,2280,2280,2330,15,0,0,204,-29,2,0,13,1,4,2,0,13,1,4
11,4,30,4,4,1,far,1,165,4,141,129,47675,26957,25851,26133,165,0,0,199,-25,124,3,38,15,4,24,0,141,1,4
11,4,30,4,4,4,unchanged,0,1,1,0,0,60,68,68,72,0,0,1,-12,12,0,0,1,-4,4,0,0,1,-4,4
11,4,30,4,4,4,one_edit,0,4,0,4,4,520,552,392,396,4,0,0,31,-31,4,0,0,39,-39,0,0,4,-1,1
11,4,30,4,4,4,far,0,11,0,11,11,2020,2108,1320,1342,11,0,0,77,-39,11,0,0,85,-47,0,0,11,-1,4
11,4,30,4,4,4,one_edit,1,60,0,52,52,23000,15084,11976,11972,60,0,0,273,-20,52,0,8,89,4,44,0,16,1,4
11,4,30,4,4,4,unchanged,1,15,15,4,4,5820,3000,2944,2984,15,0,0,276,-65,4,0,11,25,4,4,0,11,1,4
11,4,30,4,4,4,far,1,165,4,149,147,62660,40508,32748,33012,165,0,0,271,-61,145,0,20,87,4,28,0,137,1,4
11,4,30,4,4,16,unchanged,0,1,1,0,0,120,128,128,132,0,0,1,-12,12,0,0,1,-4,4,0,0,1,-4,4
11,4,30,4,4,16,one_edit,0,4,0,4,4,1600,1632,896,900,4,0,0,175,-175,4,0,0,183,-183,0,0,4,-1,1
11,4,30,4,4,16,far,0,11,0,11,11,6760,6848,3432,3454,11,0,0,365,-207,11,0,0,373,-215,0,0,11,-1,4
11,4,30,4,4,16,one_edit,1,60,0,52,52,45440,35856,22176,22172,60,0,0,561,-20,52,0,8,377,4,44,0,16,1,4
11,4,30,4,4,16,unchanged,1,15,15,4,4,11640,5880,5560,5600,15,0,0,564,-209,4,0,11,121,4,4,0,11,1,4
11,4,30,4,4,16,far,1,165,4,150,150,122600,94712,60072,60336,165,0,0,559,-100,150,0,15,375,4,28,0,137,1,4
11,4,30,4,8,1,unchanged,0,1,1,0,0,45,53,53,61,0,0,1,-16,16,0,0,1,-8,8,0,0,1,-8,8
11,4,30,4,8,1,one_edit,0,4,0,4,4,250,282,266,286,0,0,4,-9,9,0,0,4,-1,1,0,0,4,-5,5
11,4,30,4,8,1,far,0,11,0,11,11,835,923,792,858,4,1,6,1,7,11,0,0,9,-1,0,0,11,-5,8
11,4,30,4,8,1,one_edit,1,60,0,47,46,17390,9891,9396,9658,60,0,0,197,-16,40,0,20,13,8,0,0,60,-3,8
11,4,30,4,8,1,unchanged,1,15,15,2,0,4365,2280,2280,2390,15,0,0,200,-25,0,0,15,-3,8,0,0,15,-3,8
11,4,30,4,8,1,far,1,165,4,141,129,47675,26957,25851,26793,165,0,0,195,-21,86,0,79,11,8,0,0,165,-3,8
11,4,30,4,8,4,unchanged,0,1,1,0,0,60,68,68,76,0,0,1,-16,16,0,0,1,-8,8,0,0,1,-8,8
11,4,30,4,8,4,one_edit,0,4,0,4,4,520,552,392,412,4,0,0,27,-27,4,0,0,35,-35,0,0,4,-5,5
11,4,30,4,8,4,far,0,11,0,11,11,2020,2108,1320,1386,11,0,0,73,-35,11,0,0,81,-43,0,0,11,-5,8
11,4,30,4,8,4,one_edit,1,60,0,52,52,23000,15084,11976,12212,60,0,0,269,-16,48,0,12,85,8,0,0,60,-3,8
11,4,30,4,8,4,unchanged,1,15,15,4,4,5820,3000,2944,3044,15,0,0,272,-61,4,0,11,21,8,0,0,15,-3,8
11,4,30,4,8,4,far,1,165,4,149,147,62660,40508,32748,33672,165,0,0,267,-57,145,0,20,83,8,0,0,165,-3,8
11,4,30,4,8,16,unchanged,0,1,1,0,0,120,128,128,136,0,0,1,-16,16,0,0,1,-8,8,0,0,1,-8,8
11,4,30,4,8,16,one_edit,0,4,0,4,4,1600,1632,896,916,4,0,0,171,-171,4,0,0,179,-179,0,0,4,-5,5
11,4,30,4,8,16,far,0,11,0,11,11,6760,6848,3432,3498,11,0,0,361,-203,11,0,0,369,-211,0,0,11,-5,8
11,4,30,4,8,16,one_edit,1,60,0,52,52,45440,35856,22176,22412,60,0,0,557,-16,52,0,8,373,8,0,0,60,-3,8
11,4,30,4,8,16,unchanged,1,15,15,4,4,11640,5880,5560,5660,15,0,0,560,-205,4,0,11,117,8,0,0,15,-3,8
11,4,30,4,8,16,far,1,165,4,150,150,122600,94712,60072,60996,165,0,0,555,-96,150,0,15,371,8,0,0,165,-3,8
11,30,110,0,0,1,unchanged,0,16,16,0,0,1152,1280,1280,1280,0,0,16,-8,8,0,16,0,0,0,0,16,0,0,0
11,30,110,0,0,1,one_edit,0,64,0,0,0,4608,5120,5120,5120,0,0,64,-8,8,0,64,0,0,0,0,64,0,0,0
11,30,110,0,0,1,far,0,176,0,0,0,12672,14080,14080,14080,0,0,176,-8,8,0,176,0,0,0,0,176,0,0,0
11,30,110,0,0,4,unchanged,0,16,16,0,0,1536,1664,1664,1664,0,0,16,-8,8,0,16,0,0,0,0,16,0,0,0
11,30,110,0,0,4,one_edit,0,64,0,0,0,6144,6656,6656,6656,0,0,64,-8,8,0,64,0,0,0,0,64,0,0,0
11,30,110,0,0,4,far,0,176,0,0,0,16896,18304,18304,18304,0,0,176,-8,8,0,176,0,0,0,0,176,0,0,0
11,30,110,0,0,16,unchanged,0,16,16,0,0,3072,3200,3200,3200,0,0,16,-8,8,0,16,0,0,0,0,16,0,0,0
11,30,110,0,0,16,one_edit,0,64,0,0,0,12288,12800,12800,12800,0,0,64,-8,8,0,64,0,0,0,0,64,0,0,0
11,30,110,0,0,16,far,0,176,0,0,0,33792,35200,35200,35200,0,0,176,-8,8,0,176,0,0,0,0,176,0,0,0
11,30,110,0,2,1,unchanged,0,16,16,0,0,1152,1280,1280,1312,0,0,16,-10,10,0,0,16,-2,2,0,0,16,-2,2
11,30,110,0,2,1,one_edit,0,64,0,0,0,4608,5120,5120,5248,0,0,64,-10,10,0,0,64,-2,2,0,0,64,-2,2
11,30,110,0,2,1,far,0,176,0,0,0,12672,14080,14080,14432,0,0,176,-10,10,0,0,176,-2,2,0,0,176,-2,2
11,30,110,0,2,4,unchanged,0,16,16,0,0,1536,1664,1664,1696,0,0,16,-10,10,0,0,16,-2,2,0,0,16,-2,2
11,30,110,0,2,4,one_edit,0,64,0,0,0,6144,6656,6656,6784,0,0,64,-10,10,0,0,64,-2,2,0,0,64,-2,2
11,30,110,0,2,4,far,0,176,0,0,0,16896,18304,18304,18656,0,0,176,-10,10,0,0,176,-2,2,0,0,176,-2,2
11,30,110,0,2,16,unchanged,0,16,16,0,0,3072,3200,3200,3232,0,0,16,-10,10,0,0,16,-2,2,0,0,16,-2,2
11,30,110,0,2,16,one_edit,0,64,0,0,0,12288,12800,12800,12928,0,0,64,-10,10,0,0,64,-2,2,0,0,64,-2,2
11,30,110,0,2,16,far,0,176,0,0,0,33792,35200,35200,35552,0,0,176,-10,10,0,0,176,-2,2,0,0,176,-2,2
11,30,110,0,4,1,unchanged,0,16,16,0,0,1152,1280,1280,1344,0,0,16,-12,12,0,0,16,-4,4,0,0,16,-4,4
11,30,110,0,4,1,one_edit,0,64,0,0,0,4608,5120,5120,5376,0,0,64,-12,12,0,0,64,-4,4,0,0,64,-4,4
11,30,110,0,4,1,far,0,176,0,0,0,12672,14080,14080,14784,0,0,176,-12,12,0,0,176,-4,4,0,0,176,-4,4
11,30,110,0,4,4,unchanged,0,16,16,0,0,1536,1664,1664,1728,0,0,16,-12,12,0,0,16,-4,4,0,0,16,-4,4
11,30,110,0,4,4,one_edit,0,64,0,0,0,6144,6656,6656,6912,0,0,64,-12,12,0,0,64,-4,4,0,0,64,-4,4
11,30,110,0,4,4,far,0,176,0,0,0,16896,18304,18304,19008,0,0,176,-12,12,0,0,176,-4,4,0,0,176,-4,4
11,30,110,0,4,16,unchanged,0,16,16,0,0,3072,3200,3200,3264,0,0,16,-12,12,0,0,16,-4,4,0,0,16,-4,4
11,30,110,0,4,16,one_edit,0,64,0,0,0,12288,12800,12800,13056,0,0,64,-12,12,0,0,64,-4,4,0,0,64,-4,4
11,30,110,0,4,16,far,0,176,0,0,0,33792,35200,35200,35904,0,0,176,-12,12,0,0,176,-4,4,0,0,176,-4,4
11,30,110,0,8,1,unchanged,0,16,16,0,0,1152,1280,1280,1408,0,0,16,-16,16,0,0,16,-8,8,0,0,16,-8,8
11,30,110,0,8,1,one_edit,0,64,0,0,0,4608,5120,5120,5632,0,0,64,-16,16,0,0,64,-8,8,0,0,64,-8,8
11,30,110,0,8,1,far,0,176,0,0,0,12672,14080,14080,15488,0,0,176,-16,16,0,0,176,-8,8,0,0,176,-8,8
11,30,110,0,8,4,unchanged,0,16,16,0,0,1536,1664,1664,1792,0,0,16,-16,16,0,0,16,-8,8,0,0,16,-8,8
11,30,110,0,8,4,one_edit,0,64,0,0,0,6144,6656,6656,7168,0,0,64,-16,16,0,0,64,-8,8,0,0,64,-8,8
11,30,110,0,8,4,far,0,176,0,0,0,16896,18304,18304,19712,0,0,176,-16,16,0,0,176,-8,8,0,0,176,-8,8
11,30,110,0,8,16,unchanged,0,16,16,0,0,3072,3200,3200,3328,0,0,16,-16,16,0,0,16,-8,8,0,0,16,-8,8
11,30,110,0,8,16,one_edit,0,64,0,0,0,12288,12800,12800,13312,0,0,64,-16,16,0,0,64,-8,8,0,0,64,-8,8
11,30,110,0,8,16,far,0,176,0,0,0,33792,35200,35200,36608,0,0,176,-16,16,0,0,176,-8,8,0,0,176,-8,8
11,30,110,1,0,1,unchanged,1,16,16,0,0,2304,1568,1568,1568,16,0,0,46,-46,0,16,0,0,0,0,16,0,0,0
11,30,110,1,0,1,one_edit,1,64,0,64,0,9216,6656,6656,6464,64,0,0,43,-43,64,0,0,3,-3,64,0,0,3,-3
11,30,110,1,0,1,far,1,176,0,88,0,25344,18190,18190,18126,176,0,0,43,-40,64,112,0,1,0,64,112,0,1,0
11,30,110,1,0,4,unchanged,1,16,16,0,0,3072,2048,2048,2048,16,0,0,64,-64,0,16,0,0,0,0,16,0,0,0
11,30,110,1,0,4,one_edit,1,64,0,64,64,12288,9728,8704,8384,64,0,0,61,-61,64,0,0,21,-21,64,0,0,5,-5
11,30,110,1,0,4,far,1,176,0,176,176,33792,26296,23936,23584,176,0,0,59,-56,176,0,0,19,-4,160,16,0,3,0
11,30,110,1,0,16,unchanged,1,16,16,0,0,6144,3968,3968,3968,16,0,0,136,-136,0,16,0,0,0,0,16,0,0,0
11,30,110,1,0,16,one_edit,1,64,0,64,64,24576,22016,16384,16064,64,0,0,133,-133,64,0,0,93,-93,64,0,0,5,-5
11,30,110,1,0,16,far,1,176,0,176,176,67584,58720,45056,44704,176,0,0,131,-128,176,0,0,91,-40,160,16,0,3,0
11,30,110,1,2,1,unchanged,1,16,16,0,0,2304,1568,1568,1600,16,0,0,44,-44,0,0,16,-2,2,0,0,16,-2,2
11,30,110,1,2,1,one_edit,1,64,0,64,0,9216,6656,6656,6592,64,0,0,41,-41,64,0,0,1,-1,64,0,0,1,-1
11,30,110,1,2,1,far,1,176,0,88,0,25344,18190,18190,18478,176,0,0,41,-38,0,0,176,-1,2,0,0,176,-1,2
11,30,110,1,2,4,unchanged,1,16,16,0,0,3072,2048,2048,2080,16,0,0,62,-62,0,0,16,-2,2,0,0,16,-2,2
11,30,110,1,2,4,one_edit,1,64,0,64,64,12288,9728,8704,8512,64,0,0,59,-59,64,0,0,19,-19,64,0,0,3,-3
11,30,110,1,2,4,far,1,176,0,176,176,33792,26296,23936,23936,176,0,0,57,-54,176,0,0,17,-2,96,0,80,1,2
11,30,110,1,2,16,unchanged,1,16,16,0,0,6144,3968,3968,4000,16,0,0,134,-134,0,0,16,-2,2,0,0,16,-2,2
11,30,110,1,2,16,one_edit,1,64,0,64,64,24576,22016,16384,16192,64,0,0,131,-131,64,0,0,91,-91,64,0,0,3,-3
11,30,110,1,2,16,far,1,176,0,176,176,67584,58720,45056,45056,176,0,0,129,-126,176,0,0,89,-38,96,0,80,1,2
11,30,110,1,4,1,unchanged,1,16,16,0,0,2304,1568,1568,1632,16,0,0,42,-42,0,0,16,-4,4,0,0,16,-4,4
11,30,110,1,4,1,one_edit,1,64,0,64,0,9216,6656,6656,6720,64,0,0,39,-39,0,0,64,-1,1,0,0,64,-1,1
11,30,110,1,4,1,far,1,176,0,88,0,25344,18190,18190,18830,176,0,0,39,-36,0,0,176,-3,4,0,0,176,-3,4
11,30,110,1,4,4,unchanged,1,16,16,0,0,3072,2048,2048,2112,16,0,0,60,-60,0,0,16,-4,4,0,0,16,-4,4
11,30,110,1,4,4,one_edit,1,64,0,64,64,12288,9728,8704,8640,64,0,0,57,-57,64,0,0,17,-17,64,0,0,1,-1
11,30,110,1,4,4,far,1,176,0,176,176,33792,26296,23936,24288,176,0,0,55,-52,170,6,0,15,0,0,0,176,-1,4
11,30,110,1,4,16,unchanged,1,16,16,0,0,6144,3968,3968,4032,16,0,0,132,-132,0,0,16,-4,4,0,0,16,-4,4
11,30,110,1,4,16,one_edit,1,64,0,64,64,24576,22016,16384,16320,64,0,0,129,-129,64,0,0,89,-89,64,0,0,1,-1
11,30,110,1,4,16,far,1,176,0,176,176,67584,58720,45056,45408,176,0,0,127,-124,176,0,0,87,-36,0,0,176,-1,4
11,30,110,1,8,1,unchanged,1,16,16,0,0,2304,1568,1568,1696,16,0,0,38,-38,0,0,16,-8,8,0,0,16,-8,8
11,30,110,1,8,1,one_edit,1,64,0,64,0,9216,6656,6656,6976,64,0,0,35,-35,0,0,64,-5,5,0,0,64,-5,5
11,30,110,1,8,1,far,1,176,0,88,0,25344,18190,18190,19534,176,0,0,35,-32,0,0,176,-7,8,0,0,176,-7,8
11,30,110,1,8,4,unchanged,1,16,16,0,0,3072,2048,2048,2176,16,0,0,56,-56,0,0,16,-8,8,0,0,16,-8,8
11,30,110,1,8,4,one_edit,1,64,0,64,64,12288,9728,8704,8896,64,0,0,53,-53,64,0,0,13,-13,0,0,64,-3,3
11,30,110,1,8,4,far,1,176,0,176,176,33792,26296,23936,24992,176,0,0,51,-48,138,0,38,11,4,0,0,176,-5,8
11,30,110,1,8,16,unchanged,1,16,16,0,0,6144,3968,3968,4096,16,0,0,128,-128,0,0,16,-8,8,0,0,16,-8,8
11,30,110,1,8,16,one_edit,1,64,0,64,64,24576,22016,16384,16576,64,0,0,125,-125,64,0,0,85,-85,0,0,64,-3,3
11,30,110,1,8,16,far,1,176,0,176,176,67584,58720,45056,46112,176,0,0,123,-120,176,0,0,83,-32,0,0,176,-5,8
11,30,110,2,0,1,unchanged,1,16,16,0,0,3456,1856,1856,1856,16,0,0,100,-100,0,16,0,0,0,0,16,0,0,0
11,30,110,2,0,1,one_edit,1,64,0,64,64,13824,8192,7936,7616,64,0,0,97,-97,64,0,0,9,-9,64,0,0,5,-5
11,30,110,2,0,1,far,1,176,0,170,138,38016,22300,21748,21460,176,0,0,95,-92,170,6,0,7,0,160,16,0,3,0
11,30,110,2,0,4,unchanged,1,16,16,0,0,4608,2432,2432,2432,16,0,0,136,-136,0,16,0,0,0,0,16,0,0,0
11,30,110,2,0,4,one_edit,1,64,0,64,64,18432,12800,10240,9920,64,0,0,133,-133,64,0,0,45,-45,64,0,0,5,-5
11,30,110,2,0,4,far,1,176,0,176,176,50688,34288,28160,27808,176,0,0,131,-128,176,0,0,43,-16,160,16,0,3,0
11,30,110,2,0,16,unchanged,1,16,16,0,0,9216,4736,4736,4736,16,0,0,280,-280,0,16,0,0,0,0,16,0,0,0
11,30,110,2,0,16,one_edit,1,64,0,64,64,36864,31232,19456,19136,64,0,0,277,-277,64,0,0,189,-189,64,0,0,5,-5
11,30,110,2,0,16,far,1,176,0,176,176,101376,82240,53504,53152,176,0,0,275,-272,176,0,0,187,-88,160,16,0,3,0
11,30,110,2,2,1,unchanged,1,16,16,0,0,3456,1856,1856,1888,16,0,0,98,-98,0,0,16,-2,2,0,0,16,-2,2
11,30,110,2,2,1,one_edit,1,64,0,64,64,13824,8192,7936,7744,64,0,0,95,-95,64,0,0,7,-7,64,0,0,3,-3
11,30,110,2,2,1,far,1,176,0,170,138,38016,22300,21748,21812,176,0,0,93,-90,138,0,38,5,2,64,0,112,1,2
11,30,110,2,2,4,unchanged,1,16,16,0,0,4608,2432,2432,2464,16,0,0,134,-134,0,0,16,-2,2,0,0,16,-2,2
11,30,110,2,2,4,one_edit,1,64,0,64,64,18432,12800,10240,10048,64,0,0,131,-131,64,0,0,43,-43,64,0,0,3,-3
11,30,110,2,2,4,far,1,176,0,176,176,50688,34288,28160,28160,176,0,0,129,-126,176,0,0,41,-14,96,0,80,1,2
11,30,110,2,2,16,unchanged,1,16,16,0,0,9216,4736,4736,4768,16,0,0,278,-278,0,0,16,-2,2,0,0,16,-2,2
11,30,110,2,2,16,one_edit,1,64,0,64,64,36864,31232,19456,19264,64,0,0,275,-275,64,0,0,187,-187,64,0,0,3,-3
11,30,110,2,2,16,far,1,176,0,176,176,101376,82240,53504,53504,176,0,0,273,-270,176,0,0,185,-86,96,0,80,1,2
11,30,110,2,4,1,unchanged,1,16,16,0,0,3456,1856,1856,1920,16,0,0,96,-96,0,0,16,-4,4,0,0,16,-4,4
11,30,110,2,4,1,one_edit,1,64,0,64,64,13824,8192,7936,7872,64,0,0,93,-93,64,0,0,5,-5,64,0,0,1,-1
11,30,110,2,4,1,far,1,176,0,170,138,38016,22300,21748,22164,176,0,0,91,-88,128,10,38,3,4,0,0,176,-1,4
11,30,110,2,4,4,unchanged,1,16,16,0,0,4608,2432,2432,2496,16,0,0,132,-132,0,0,16,-4,4,0,0,16,-4,4
11,30,110,2,4,4,one_edit,1,64,0,64,64,18432,12800,10240,10176,64,0,0,129,-129,64,0,0,41,-41,64,0,0,1,-1
11,30,110,2,4,4,far,1,176,0,176,176,50688,34288,28160,28512,176,0,0,127,-124,176,0,0,39,-12,0,0,176,-1,4
11,30,110,2,4,16,unchanged,1,16,16,0,0,9216,4736,4736,4800,16,0,0,276,-276,0,0,16,-4,4,0,0,16,-4,4
11,30,110,2,4,16,one_edit,1,64,0,64,64,36864,31232,19456,19392,64,0,0,273,-273,64,0,0,185,-185,64,0,0,1,-1
11,30,110,2,4,16,far,1,176,0,176,176,101376,82240,53504,53856,176,0,0,271,-268,176,0,0,183,-84,0,0,176,-1,4
11,30,110,2,8,1,unchanged,1,16,16,0,0,3456,1856,1856,1984,16,0,0,92,-92,0,0,16,-8,8,0,0,16,-8,8
11,30,110,2,8,1,one_edit,1,64,0,64,64,13824,8192,7936,8128,64,0,0,89,-89,64,0,0,1,-1,0,0,64,-3,3
11,30,110,2,8,1,far,1,176,0,170,138,38016,22300,21748,22868,176,0,0,87,-84,0,0,176,-1,8,0,0,176,-5,8
11,30,110,2,8,4,unchanged,1,16,16,0,0,4608,2432,2432,2560,16,0,0,128,-128,0,0,16,-8,8,0,0,16,-8,8
11,30,110,2,8,4,one_edit,1,64,0,64,64,18432,12800,10240,10432,64,0,0,125,-125,64,0,0,37,-37,0,0,64,-3,3
11,30,110,2,8,4,far,1,176,0,176,176,50688,34288,28160,29216,176,0,0,123,-120,176,0,0,35,-8,0,0,176,-5,8
11,30,110,2,8,16,unchanged,1,16,16,0,0,9216,4736,4736,4864,16,0,0,272,-272,0,0,16,-8,8,0,0,16,-8,8
11,30,110,2,8,16,one_edit,1,64,0,64,64,36864,31232,19456,19648,64,0,0,269,-269,64,0,0,181,-181,0,0,64,-3,3
11,30,110,2,8,16,far,1,176,0,176,176,101376,82240,53504,54560,176,0,0,267,-264,176,0,0,179,-80,0,0,176,-5,8
11,30,110,4,0,1,unchanged,1,16,16,0,0,5760,2432,2432,2432,16,0,0,208,-208,0,16,0,0,0,0,16,0,0,0
11,30,110,4,0,1,one_edit,1,64,0,64,64,23040,11264,10240,9920,64,0,0,205,-205,64,0,0,21,-21,64,0,0,5,-5
11,30,110,4,0,1,far,1,176,0,176,176,63360,30520,28160,27808,176,0,0,203,-200,176,0,0,19,-4,160,16,0,3,0
11,30,110,4,0,4,unchanged,1,16,16,0,0,7680,3200,3200,3200,16,0,0,280,-280,0,16,0,0,0,0,16,0,0,0
11,30,110,4,0,4,one_edit,1,64,0,64,64,30720,18944,13312,12992,64,0,0,277,-277,64,0,0,93,-93,64,0,0,5,-5
11,30,110,4,0,4,far,1,176,0,176,176,84480,50272,36608,36256,176,0,0,275,-272,176,0,0,91,-40,160,16,0,3,0
11,30,110,4,0,16,unchanged,1,16,16,0,0,15360,6272,6272,6272,16,0,0,568,-568,0,16,0,0,0,0,16,0,0,0
11,30,110,4,0,16,one_edit,1,64,0,64,64,61440,49664,25600,25280,64,0,0,565,-565,64,0,0,381,-381,64,0,0,5,-5
11,30,110,4,0,16,far,1,176,0,176,176,168960,129280,70400,70048,176,0,0,563,-560,176,0,0,379,-184,160,16,0,3,0
11,30,110,4,2,1,unchanged,1,16,16,0,0,5760,2432,2432,2464,16,0,0,206,-206,0,0,16,-2,2,0,0,16,-2,2
11,30,110,4,2,1,one_edit,1,64,0,64,64,23040,11264,10240,10048,64,0,0,203,-203,64,0,0,19,-19,64,0,0,3,-3
11,30,110,4,2,1,far,1,176,0,176,176,63360,30520,28160,28160,176,0,0,201,-198,176,0,0,17,-2,96,0,80,1,2
11,30,110,4,2,4,unchanged,1,16,16,0,0,7680,3200,3200,3232,16,0,0,278,-278,0,0,16,-2,2,0,0,16,-2,2
11,30,110,4,2,4,one_edit,1,64,0,64,64,30720,18944,13312,13120,64,0,0,275,-275,64,0,0,91,-91,64,0,0,3,-3
11,30,110,4,2,4,far,1,176,0,176,176,84480,50272,36608,36608,176,0,0,273,-270,176,0,0,89,-38,96,0,80,1,2
11,30,110,4,2,16,unchanged,1,16,16,0,0,15360,6272,6272,6304,16,0,0,566,-566,0,0,16,-2,2,0,0,16,-2,2
11,30,110,4,2,16,one_edit,1,64,0,64,64,61440,49664,25600,25408,64,0,0,563,-563,64,0,0,379,-379,64,0,0,3,-3
11,30,110,4,2,16,far,1,176,0,176,176,168960,129280,70400,70400,176,0,0,561,-558,176,0,0,377,-182,96,0,80,1,2
11,30,110,4,4,1,unchanged,1,16,16,0,0,5760,2432,2432,2496,16,0,0,204,-204,0,0,16,-4,4,0,0,16,-4,4
11,30,110,4,4,1,one_edit,1,64,0,64,64,23040,11264,10240,10176,64,0,0,201,-201,64,0,0,17,-17,64,0,0,1,-1
11,30,110,4,4,1,far,1,176,0,176,176,63360,30520,28160,28512,176,0,0,199,-196,170,6,0,15,0,0,0,176,-1,4
11,30,110,4,4,4,unchanged,1,16,16,0,0,7680,3200,3200,3264,16,0,0,276,-276,0,0,16,-4,4,0,0,16,-4,4
11,30,110,4,4,4,one_edit,1,64,0,64,64,30720,18944,13312,13248,64,0,0,273,-273,64,0,0,89,-89,64,0,0,1,-1
11,30,110,4,4,4,far,1,176,0,176,176,84480,50272,36608,36960,176,0,0,271,-268,176,0,0,87,-36,0,0,176,-1,4
11,30,110,4,4,16,unchanged,1,16,16,0,0,15360,6272,6272,6336,16,0,0,564,-564,0,0,16,-4,4,0,0,16,-4,4
11,30,110,4,4,16,one_edit,1,64,0,64,64,61440,49664,25600,25536,64,0,0,561,-561,64,0,0,377,-377,64,0,0,1,-1
11,30,110,4,4,16,far,1,176,0,176,176,168960,129280,70400,70752,176,0,0,559,-556,176,0,0,375,-180,0,0,176,-1,4
11,30,110,4,8,1,unchanged,1,16,16,0,0,5760,2432,2432,2560,16,0,0,200,-200,0,0,16,-8,8,0,0,16,-8,8
11,30,110,4,8,1,one_edit,1,64,0,64,64,23040,11264,10240,10432,64,0,0,197,-197,64,0,0,13,-13,0,0,64,-3,3
11,30,110,4,8,1,far,1,176,0,176,176,63360,30520,28160,29216,176,0,0,195,-192,138,0,38,11,4,0,0,176,-5,8
11,30,110,4,8,4,unchanged,1,16,16,0,0,7680,3200,3200,3328,16,0,0,272,-272,0,0,16,-8,8,0,0,16,-8,8
11,30,110,4,8,4,one_edit,1,64,0,64,64,30720,18944,13312,13504,64,0,0,269,-269,64,0,0,85,-85,0,0,64,-3,3
11,30,110,4,8,4,far,1,176,0,176,176,84480,50272,36608,37664,176,0,0,267,-264,176,0,0,83,-32,0,0,176,-5,8
11,30,110,4,8,16,unchanged,1,16,16,0,0,15360,6272,6272,6400,16,0,0,560,-560,0,0,16,-8,8,0,0,16,-8,8
11,30,110,4,8,16,one_edit,1,64,0,64,64,61440,49664,25600,25792,64,0,0,557,-557,64,0,0,373,-373,0,0,64,-3,3
11,30,110,4,8,16,far,1,176,0,176,176,168960,129280,70400,71456,176,0,0,555,-552,176,0,0,371,-176,0,0,176,-5,8
11,51,170,0,0,1,unchanged,0,16,16,0,0,576,704,704,704,0,0,16,-8,8,0,16,0,0,0,0,16,0,0,0
11,51,170,0,0,1,one_edit,0,64,0,0,0,2304,2816,2816,2816,0,0,64,-8,8,0,64,0,0,0,0,64,0,0,0
11,51,170,0,0,1,far,0,176,54,0,0,6336,7744,7744,7744,0,0,176,-8,8,0,176,0,0,0,0,176,0,0,0
11,51,170,0,0,4,unchanged,0,16,16,0,0,768,896,896,896,0,0,16,-8,8,0,16,0,0,0,0,16,0,0,0
11,51,170,0,0,4,one_edit,0,64,0,0,0,3072,3584,3584,3584,0,0,64,-8,8,0,64,0,0,0,0,64,0,0,0
11,51,170,0,0,4,far,0,176,54,0,0,8448,9856,9856,9856,0,0,176,-8,8,0,176,0,0,0,0,176,0,0,0
11,51,170,0,0,16,unchanged,0,16,16,0,0,1536,1664,1664,1664,0,0,16,-8,8,0,16,0,0,0,0,16,0,0,0
11,51,170,0,0,16,one_edit,0,64,0,0,0,6144,6656,6656,6656,0,0,64,-8,8,0,64,0,0,0,0,64,0,0,0
11,51,170,0,0,16,far,0,176,54,0,0,16896,18304,18304,18304,0,0,176,-8,8,0,176,0,0,0,0,176,0,0,0
11,51,170,0,2,1,unchanged,0,16,16,0,0,576,704,704,736,0,0,16,-10,10,0,0,16,-2,2,0,0,16,-2,2
11,51,170,0,2,1,one_edit,0,64,0,0,0,2304,2816,2816,2944,0,0,64,-10,10,0,0,64,-2,2,0,0,64,-2,2
11,51,170,0,2,1,far,0,176,54,0,0,6336,7744,7744,8096,0,0,176,-10,10,0,0,176,-2,2,0,0,176,-2,2
11,51,170,0,2,4,unchanged,0,16,16,0,0,768,896,896,928,0,0,16,-10,10,0,0,16,-2,2,0,0,16,-2,2
11,51,170,0,2,4,one_edit,0,64,0,0,0,3072,3584,3584,3712,0,0,64,-10,10,0,0,64,-2,2,0,0,64,-2,2
11,51,170,0,2,4,far,0,176,54,0,0,8448,9856,9856,10208,0,0,176,-10,10,0,0,176,-2,2,0,0,176,-2,2
11,51,170,0,2,16,unchanged,0,16,16,0,0,1536,1664,1664,1696,0,0,16,-10,10,0,0,16,-2,2,0,0,16,-2,2
11,51,170,0,2,16,one_edit,0,64,0,0,0,6144,6656,6656,6784,0,0,64,-10,10,0,0,64,-2,2,0,0,64,-2,2
11,51,170,0,2,16,far,0,176,54,0,0,16896,18304,18304,18656,0,0,176,-10,10,0,0,176,-2,2,0,0,176,-2,2
11,51,170,0,4,1,unchanged,0,16,16,0,0,576,704,704,768,0,0,16,-12,12,0,0,16,-4,4,0,0,16,-4,4
11,51,170,0,4,1,one_edit,0,64,0,0,0,2304,2816,2816,3072,0,0,64,-12,12,0,0,64,-4,4,0,0,64,-4,4
11,51,170,0,4,1,far,0,176,54,0,0,6336,7744,7744,8448,0,0,176,-12,12,0,0,176,-4,4,0,0,176,-4,4
11,51,170,0,4,4,unchanged,0,16,16,0,0,768,896,896,960,0,0,16,-12,12,0,0,16,-4,4,0,0,16,-4,4
11,51,170,0,4,4,one_edit,0,64,0,0,0,3072,3584,3584,3840,0,0,64,-12,12,0,0,64,-4,4,0,0,64,-4,4
11,51,170,0,4,4,far,0,176,54,0,0,8448,9856,9856,10560,0,0,176,-12,12,0,0,176,-4,4,0,0,176,-4,4
11,51,170,0,4,16,unchanged,0,16,16,0,0,1536,1664,1664,1728,0,0,16,-12,12,0,0,16,-4,4,0,0,16,-4,4
11,51,170,0,4,16,one_edit,0,64,0,0,0,6144,6656,6656,6912,0,0,64,-12,12,0,0,64,-4,4,0,0,64,-4,4
11,51,170,0,4,16,far,0,176,54,0,0,16896,18304,18304,19008,0,0,176,-12,12,0,0,176,-4,4,0,0,176,-4,4
11,51,170,0,8,1,unchanged,0,16,16,0,0,576,704,704,832,0,0,16,-16,16,0,0,16,-8,8,0,0,16,-8,8
11,51,170,0,8,1,one_edit,0,64,0,0,0,2304,2816,2816,3328,0,0,64,-16,16,0,0,64,-8,8,0,0,64,-8,8
11,51,170,0,8,1,far,0,176,54,0,0,6336,7744,7744,9152,0,0,176,-16,16,0,0,176,-8,8,0,0,176,-8,8
11,51,170,0,8,4,unchanged,0,16,16,0,0,768,896,896,1024,0,0,16,-16,16,0,0,16,-8,8,0,0,16,-8,8
11,51,170,0,8,4,one_edit,0,64,0,0,0,3072,3584,3584,4096,0,0,64,-16,16,0,0,64,-8,8,0,0,64,-8,8
11,51,170,0,8,4,far,0,176,54,0,0,8448,9856,9856,11264,0,0,176,-16,16,0,0,176,-8,8,0,0,176,-8,8
11,51,170,0,8,16,unchanged,0,16,16,0,0,1536,1664,1664,1792,0,0,16,-16,16,0,0,16,-8,8,0,0,16,-8,8
11,51,170,0,8,16,one_edit,0,64,0,0,0,6144,6656,6656,7168,0,0,64,-16,16,0,0,64,-8,8,0,0,64,-8,8
11,51,170,0,8,16,far,0,176,54,0,0,16896,18304,18304,19712,0,0,176,-16,16,0,0,176,-8,8,0,0,176,-8,8
11,51,170,1,0,1,unchanged,0,11,11,0,0,576,664,664,664,0,0,11,-8,8,0,11,0,0,0,0,11,0,0,0
11,51,170,1,0,1,one_edit,0,44,0,0,0,2352,2704,2704,2704,0,0,44,-8,8,0,44,0,0,0,0,44,0,0,0
11,51,170,1,0,1,far,0,121,42,6,0,6672,7640,7640,7634,0,0,121,-7,8,6,115,0,1,0,6,115,0,1,0
11,51,170,1,0,1,far,1,55,12,0,0,6000,5166,5166,5166,55,0,0,43,-8,0,55,0,0,0,0,55,0,0,0
11,51,170,1,0,1,one_edit,1,20,0,4,0,2256,1956,1956,1944,20,0,0,43,-8,4,16,0,3,0,4,16,0,3,0
11,51,170,1,0,1,unchanged,1,5,5,0,0,576,490,490,490,5,0,0,46,-10,0,5,0,0,0,0,5,0,0,0
11,51,170,1,0,4,unchanged,0,11,11,6,6,768,856,832,814,0,0,11,-1,8,6,5,0,7,0,6,5,0,3,0
11,51,170,1,0,4,one_edit,0,44,0,24,24,3264,3616,3520,3472,0,0,44,-1,8,24,20,0,7,0,24,20,0,3,0
11,51,170,1,0,4,far,0,121,42,91,91,9792,10760,10264,10088,11,0,110,11,8,91,30,0,19,0,80,41,0,3,0
11,51,170,1,0,4,far,1,55,12,24,12,7104,6144,6096,6024,55,0,0,52,-8,24,31,0,9,0,24,31,0,5,0
11,51,170,1,0,4,one_edit,1,20,0,16,16,2880,2544,2432,2352,20,0,0,52,-17,16,4,0,21,0,16,4,0,5,0
11,51,170,1,0,4,unchanged,1,5,5,4,0,768,640,640,636,5,0,0,64,-17,4,1,0,1,0,4,1,0,1,0
11,51,170,1,0,16,unchanged,0,11,11,6,6,1536,1624,1384,1366,6,0,5,35,8,6,5,0,43,0,6,5,0,3,0
11,51,170,1,0,16,one_edit,0,44,0,24,24,6912,7264,6304,6256,24,0,20,35,8,24,20,0,43,0,24,20,0,3,0
11,51,170,1,0,16,far,0,121,42,91,91,22272,23240,19072,18896,91,0,30,83,8,91,30,0,91,0,80,41,0,3,0
11,51,170,1,0,16,far,1,55,12,24,24,11520,10056,9480,9360,55,0,0,88,-8,24,31,0,45,0,24,31,0,5,0
11,51,170,1,0,16,one_edit,1,20,0,16,16,5376,4896,4064,3984,20,0,0,101,-53,16,4,0,93,0,16,4,0,5,0
11,51,170,1,0,16,unchanged,1,5,5,4,4,1536,1240,1208,1188,5,0,0,136,-53,4,1,0,13,0,4,1,0,5,0
11,51,170,1,2,1,unchanged,0,11,11,0,0,576,664,664,686,0,0,11,-10,10,0,0,11,-2,2,0,0,11,-2,2
11,51,170,1,2,1,one_edit,0,44,0,0,0,2352,2704,2704,2792,0,0,44,-10,10,0,0,44,-2,2,0,0,44,-2,2
11,51,170,1,2,1,far,0,121,42,6,0,6672,7640,7640,7876,0,0,121,-9,10,0,0,121,-1,2,0,0,121,-1,2
11,51,170,1,2,1,far,1,55,12,0,0,6000,5166,5166,5276,55,0,0,41,-6,0,0,55,-2,2,0,0,55,-2,2
11,51,170,1,2,1,one_edit,1,20,0,4,0,2256,1956,1956,1984,20,0,0,41,-6,4,0,16,1,2,4,0,16,1,2
11,51,170,1,2,1,unchanged,1,5,5,0,0,576,490,490,500,5,0,0,44,-8,0,0,5,-2,2,0,0,5,-2,2
11,51,170,1,2,4,unchanged,0,11,11,6,6,768,856,832,836,0,0,11,-3,10,6,0,5,5,2,6,0,5,1,2
11,51,170,1,2,4,one_edit,0,44,0,24,24,3264,3616,3520,3560,0,0,44,-3,10,24,0,20,5,2,12,0,32,1,2
11,51,170,1,2,4,far,0,121,42,91,91,9792,10760,10264,10330,11,0,110,9,10,91,0,30,17,2,48,0,73,1,2
11,51,170,1,2,4,far,1,55,12,24,12,7104,6144,6096,6134,55,0,0,50,-6,12,0,43,7,2,12,0,43,3,2
11,51,170,1,2,4,one_edit,1,20,0,16,16,2880,2544,2432,2392,20,0,0,50,-15,16,0,4,19,2,16,0,4,3,2
11,51,170,1,2,4,unchanged,1,5,5,4,0,768,640,640,646,5,0,0,62,-15,0,0,5,-1,2,0,0,5,-1,2
11,51,170,1,2,16,unchanged,0,11,11,6,6,1536,1624,1384,1388,6,0,5,33,10,6,0,5,41,2,6,0,5,1,2
11,51,170,1,2,16,one_edit,0,44,0,24,24,6912,7264,6304,6344,24,0,20,33,10,24,0,20,41,2,12,0,32,1,2
11,51,170,1,2,16,far,0,121,42,91,91,22272,23240,19072,19138,91,0,30,81,10,91,0,30,89,2,48,0,73,1,2
11,51,170,1,2,16,far,1,55,12,24,24,11520,10056,9480,9470,55,0,0,86,-6,24,0,31,43,2,24,0,31,3,2
11,51,170,1,2,16,one_edit,1,20,0,16,16,5376,4896,4064,4024,20,0,0,99,-51,16,0,4,91,2,16,0,4,3,2
11,51,170,1,2,16,unchanged,1,5,5,4,4,1536,1240,1208,1198,5,0,0,134,-51,4,0,1,11,2,4,0,1,3,2
11,51,170,1,4,1,unchanged,0,11,11,0,0,576,664,664,708,0,0,11,-12,12,0,0,11,-4,4,0,0,11,-4,4
11,51,170,1,4,1,one_edit,0,44,0,0,0,2352,2704,2704,2880,0,0,44,-12,12,0,0,44,-4,4,0,0,44,-4,4
11,51,170,1,4,1,far,0,121,42,6,0,6672,7640,7640,8118,0,0,121,-11,12,0,0,121,-3,4,0,0,121,-3,4
11,51,170,1,4,1,far,1,55,12,0,0,6000,5166,5166,5386,55,0,0,39,-4,0,0,55,-4,4,0,0,55,-4,4
11,51,170,1,4,1,one_edit,1,20,0,4,0,2256,1956,1956,2024,20,0,0,39,-4,0,0,20,-1,4,0,0,20,-1,4
11,51,170,1,4,1,unchanged,1,5,5,0,0,576,490,490,510,5,0,0,42,-6,0,0,5,-4,4,0,0,5,-4,4
11,51,170,1,4,4,unchanged,0,11,11,6,6,768,856,832,858,0,0,11,-5,12,6,0,5,3,4,0,0,11,-1,4
11,51,170,1,4,4,one_edit,0,44,0,24,24,3264,3616,3520,3648,0,0,44,-5,12,24,0,20,3,4,0,0,44,-1,4
11,51,170,1,4,4,far,0,121,42,91,91,9792,10760,10264,10572,11,0,110,7,12,81,10,30,15,4,0,0,121,-1,4
11,51,170,1,4,4,far,1,55,12,24,12,7104,6144,6096,6244,55,0,0,48,-4,12,0,43,5,4,12,0,43,1,4
11,51,170,1,4,4,one_edit,1,20,0,16,16,2880,2544,2432,2432,20,0,0,48,-13,16,0,4,17,4,16,0,4,1,4
11,51,170,1,4,4,unchanged,1,5,5,4,0,768,640,640,656,5,0,0,60,-13,0,0,5,-3,4,0,0,5,-3,4
11,51,170,1,4,16,unchanged,0,11,11,6,6,1536,1624,1384,1410,6,0,5,31,12,6,0,5,39,4,0,0,11,-1,4
11,51,170,1,4,16,one_edit,0,44,0,24,24,6912,7264,6304,6432,24,0,20,31,12,24,0,20,39,4,0,0,44,-1,4
11,51,170,1,4,16,far,0,121,42,91,91,22272,23240,19072,19380,91,0,30,79,12,91,0,30,87,4,0,0,121,-1,4
11,51,170,1,4,16,far,1,55,12,24,24,11520,10056,9480,9580,55,0,0,84,-4,24,0,31,41,4,24,0,31,1,4
11,51,170,1,4,16,one_edit,1,20,0,16,16,5376,4896,4064,4064,20,0,0,97,-49,16,0,4,89,4,16,0,4,1,4
11,51,170,1,4,16,unchanged,1,5,5,4,4,1536,1240,1208,1208,5,0,0,132,-49,4,0,1,9,4,4,0,1,1,4
11,51,170,1,8,1,unchanged,0,11,11,0,0,576,664,664,752,0,0,11,-16,16,0,0,11,-8,8,0,0,11,-8,8
11,51,170,1,8,1,one_edit,0,44,0,0,0,2352,2704,2704,3056,0,0,44,-16,16,0,0,44,-8,8,0,0,44,-8,8
11,51,170,1,8,1,far,0,121,42,6,0,6672,7640,7640,8602,0,0,121,-15,16,0,0,121,-7,8,0,0,121,-7,8
11,51,170,1,8,1,far,1,55,12,0,0,6000,5166,5166,5606,23,32,0,35,0,0,0,55,-8,8,0,0,55,-8,8
11,51,170,1,8,1,one_edit,1,20,0,4,0,2256,1956,1956,2104,8,12,0,35,0,0,0,20,-5,8,0,0,20,-5,8
11,51,170,1,8,1,unchanged,1,5,5,0,0,576,490,490,530,5,0,0,38,-2,0,0,5,-8,8,0,0,5,-8,8
11,51,170,1,8,4,unchanged,0,11,11,6,6,768,856,832,902,0,0,11,-9,16,0,0,11,-1,8,0,0,11,-5,8
11,51,170,1,8,4,one_edit,0,44,0,24,24,3264,3616,3520,3824,0,0,44,-9,16,0,0,44,-1,8,0,0,44,-5,8
11,51,170,1,8,4,far,0,121,42,91,91,9792,10760,10264,11056,10,1,110,3,16,11,0,110,11,8,0,0,121,-5,8
11,51,170,1,8,4,far,1,55,12,24,12,7104,6144,6096,6464,35,20,0,44,0,12,0,43,1,8,0,0,55,-3,8
11,51,170,1,8,4,one_edit,1,20,0,16,16,2880,2544,2432,2512,20,0,0,44,-9,16,0,4,13,8,0,0,20,-3,8
11,51,170,1,8,4,unchanged,1,5,5,4,0,768,640,640,676,5,0,0,56,-9,0,0,5,-7,8,0,0,5,-7,8
11,51,170,1,8,16,unchanged,0,11,11,6,6,1536,1624,1384,1454,6,0,5,27,16,6,0,5,35,8,0,0,11,-5,8
11,51,170,1,8,16,one_edit,0,44,0,24,24,6912,7264,6304,6608,24,0,20,27,16,24,0,20,35,8,0,0,44,-5,8
11,51,170,1,8,16,far,0,121,42,91,91,22272,23240,19072,19864,91,0,30,75,16,91,0,30,83,8,0,0,121,-5,8
11,51,170,1,8,16,far,1,55,12,24,24,11520,10056,9480,9800,35,20,0,80,0,24,0,31,37,8,0,0,55,-3,8
11,51,170,1,8,16,one_edit,1,20,0,16,16,5376,4896,4064,4144,20,0,0,93,-45,16,0,4,85,8,0,0,20,-3,8
11,51,170,1,8,16,unchanged,1,5,5,4,4,1536,1240,1208,1228,5,0,0,128,-45,4,0,1,5,8,0,0,5,-3,8
11,51,170,2,0,1,unchanged,0,11,11,6,0,864,952,952,946,0,0,11,-7,8,6,5,0,1,0,6,5,0,1,0
11,51,170,2,0,1,one_edit,0,44,0,12,0,3528,3880,3880,3844,0,0,44,-5,8,12,32,0,3,0,12,32,0,3,0
11,51,170,2,0,1,far,0,121,42,69,11,10008,10976,10932,10828,0,0,121,-1,8,69,52,0,7,0,68,53,0,3,0
11,51,170,2,0,1,far,1,55,12,12,0,9000,6164,6164,6128,55,0,0,94,-40,12,43,0,3,0,12,43,0,3,0
11,51,170,2,0,1,one_edit,1,20,0,16,4,3384,2368,2352,2296,20,0,0,94,-43,16,4,0,9,0,16,4,0,5,0
11,51,170,2,0,1,unchanged,1,5,5,0,0,864,580,580,580,5,0,0,100,-46,0,5,0,0,0,0,5,0,0,0
11,51,170,2,0,4,unchanged,0,11,11,6,6,1152,1240,1144,1126,6,0,5,11,8,6,5,0,19,0,6,5,0,3,0
11,51,170,2,0,4,one_edit,0,44,0,24,24,4896,5248,4864,4792,24,0,20,13,8,24,20,0,21,0,24,20,0,5,0
11,51,170,2,0,4,far,0,121,42,91,91,14688,15656,13936,13700,91,0,30,35,8,91,30,0,43,0,84,37,0,5,0
11,51,170,2,0,4,far,1,55,12,12,12,10656,7496,7304,7244,55,0,0,112,-40,12,43,0,21,0,12,43,0,5,0
11,51,170,2,0,4,one_edit,1,20,0,16,16,4320,3232,2880,2800,20,0,0,112,-61,16,4,0,45,0,16,4,0,5,0
11,51,170,2,0,4,unchanged,1,5,5,0,0,1152,760,760,760,5,0,0,136,-64,0,5,0,0,0,0,5,0,0,0
11,51,170,2,0,16,unchanged,0,11,11,6,6,2304,2392,1864,1846,6,0,5,83,8,6,5,0,91,0,6,5,0,3,0
11,51,170,2,0,16,one_edit,0,44,0,24,24,10368,10720,8608,8536,24,0,20,85,8,24,20,0,93,0,24,20,0,5,0
11,51,170,2,0,16,far,0,121,42,91,91,33408,34376,25312,25076,91,0,30,179,8,91,30,0,187,0,84,37,0,5,0
11,51,170,2,0,16,far,1,55,12,12,12,17280,12824,11768,11708,55,0,0,184,-40,12,43,0,93,0,12,43,0,5,0
11,51,170,2,0,16,one_edit,1,20,0,16,16,8064,6688,4896,4816,20,0,0,229,-133,16,4,0,189,0,16,4,0,5,0
11,51,170,2,0,16,unchanged,1,5,5,0,0,2304,1480,1480,1480,5,0,0,280,-136,0,5,0,0,0,0,5,0,0,0
11,51,170,2,2,1,unchanged,0,11,11,6,0,864,952,952,968,0,0,11,-9,10,0,0,11,-1,2,0,0,11,-1,2
11,51,170,2,2,1,one_edit,0,44,0,12,0,3528,3880,3880,3932,0,0,44,-7,10,12,0,32,1,2,12,0,32,1,2
11,51,170,2,2,1,far,0,121,42,69,11,10008,10976,10932,11070,0,0,121,-3,10,23,0,98,5,2,18,0,103,1,2
11,51,170,2,2,1,far,1,55,12,12,0,9000,6164,6164,6238,55,0,0,92,-38,12,0,43,1,2,12,0,43,1,2
11,51,170,2,2,1,one_edit,1,20,0,16,4,3384,2368,2352,2336,20,0,0,92,-41,16,0,4,7,2,16,0,4,3,2
11,51,170,2,2,1,unchanged,1,5,5,0,0,864,580,580,590,5,0,0,98,-44,0,0,5,-2,2,0,0,5,-2,2
11,51,170,2,2,4,unchanged,0,11,11,6,6,1152,1240,1144,1148,6,0,5,9,10,6,0,5,17,2,6,0,5,1,2
11,51,170,2,2,4,one_edit,0,44,0,24,24,4896,5248,4864,4880,24,0,20,11,10,24,0,20,19,2,12,0,32,3,2
11,51,170,2,2,4,far,0,121,42,91,91,14688,15656,13936,13942,91,0,30,33,10,91,0,30,41,2,64,0,57,3,2
11,51,170,2,2,4,far,1,55,12,12,12,10656,7496,7304,7354,55,0,0,110,-38,12,0,43,19,2,12,0,43,3,2
11,51,170,2,2,4,one_edit,1,20,0,16,16,4320,3232,2880,2840,20,0,0,110,-59,16,0,4,43,2,16,0,4,3,2
11,51,170,2,2,4,unchanged,1,5,5,0,0,1152,760,760,770,5,0,0,134,-62,0,0,5,-2,2,0,0,5,-2,2
11,51,170,2,2,16,unchanged,0,11,11,6,6,2304,2392,1864,1868,6,0,5,81,10,6,0,5,89,2,6,0,5,1,2
11,51,170,2,2,16,one_edit,0,44,0,24,24,10368,10720,8608,8624,24,0,20,83,10,24,0,20,91,2,12,0,32,3,2
11,51,170,2,2,16,far,0,121,42,91,91,33408,34376,25312,25318,91,0,30,177,10,91,0,30,185,2,64,0,57,3,2
11,51,170,2,2,16,far,1,55,12,12,12,17280,12824,11768,11818,55,0,0,182,-38,12,0,43,91,2,12,0,43,3,2
11,51,170,2,2,16,one_edit,1,20,0,16,16,8064,6688,4896,4856,20,0,0,227,-131,16,0,4,187,2,16,0,4,3,2
11,51,170,2,2,16,unchanged,1,5,5,0,0,2304,1480,1480,1490,5,0,0,278,-134,0,0,5,-2,2,0,0,5,-2,2
11,51,170,2,4,1,unchanged,0,11,11,6,0,864,952,952,990,0,0,11,-11,12,0,0,11,-3,4,0,0,11,-3,4
11,51,170,2,4,1,one_edit,0,44,0,12,0,3528,3880,3880,4020,0,0,44,-9,12,0,0,44,-1,4,0,0,44,-1,4
11,51,170,2,4,1,far,0,121,42,69,11,10008,10976,10932,11312,0,0,121,-5,12,10,1,110,3,4,0,0,121,-1,4
11,51,170,2,4,1,far,1,55,12,12,0,9000,6164,6164,6348,55,0,0,90,-36,0,0,55,-1,4,0,0,55,-1,4
11,51,170,2,4,1,one_edit,1,20,0,16,4,3384,2368,2352,2376,20,0,0,90,-39,4,0,16,5,4,4,0,16,1,4
11,51,170,2,4,1,unchanged,1,5,5,0,0,864,580,580,600,5,0,0,96,-42,0,0,5,-4,4,0,0,5,-4,4
11,51,170,2,4,4,unchanged,0,11,11,6,6,1152,1240,1144,1170,6,0,5,7,12,6,0,5,15,4,0,0,11,-1,4
11,51,170,2,4,4,one_edit,0,44,0,24,24,4896,5248,4864,4968,24,0,20,9,12,24,0,20,17,4,12,0,32,1,4
11,51,170,2,4,4,far,0,121,42,91,91,14688,15656,13936,14184,91,0,30,31,12,91,0,30,39,4,12,0,109,1,4
11,51,170,2,4,4,far,1,55,12,12,12,10656,7496,7304,7464,55,0,0,108,-36,12,0,43,17,4,12,0,43,1,4
11,51,170,2,4,4,one_edit,1,20,0,16,16,4320,3232,2880,2880,20,0,0,108,-57,16,0,4,41,4,16,0,4,1,4
11,51,170,2,4,4,unchanged,1,5,5,0,0,1152,760,760,780,5,0,0,132,-60,0,0,5,-4,4,0,0,5,-4,4
11,51,170,2,4,16,unchanged,0,11,11,6,6,2304,2392,1864,1890,6,0,5,79,12,6,0,5,87,4,0,0,11,-1,4
11,51,170,2,4,16,one_edit,0,44,0,24,24,10368,10720,8608,8712,24,0,20,81,12,24,0,20,89,4,12,0,32,1,4
11,51,170,2,4,16,far,0,121,42,91,91,33408,34376,25312,25560,91,0,30,175,12,91,0,30,183,4,12,0,109,1,4
11,51,170,2,4,16,far,1,55,12,12,12,17280,12824,11768,11928,55,0,0,180,-36,12,0,43,89,4,12,0,43,1,4
11,51,170,2,4,16,one_edit,1,20,0,16,16,8064,6688,4896,4896,20,0,0,225,-129,16,0,4,185,4,16,0,4,1,4
11,51,170,2,4,16,unchanged,1,5,5,0,0,2304,1480,1480,1500,5,0,0,276,-132,0,0,5,-4,4,0,0,5,-4,4
11,51,170,2,8,1,unchanged,0,11,11,6,0,864,952,952,1034,0,0,11,-15,16,0,0,11,-7,8,0,0,11,-7,8
11,51,170,2,8,1,one_edit,0,44,0,12,0,3528,3880,3880,4196,0,0,44,-13,16,0,0,44,-5,8,0,0,44,-5,8
11,51,170,2,8,1,far,0,121,42,69,11,10008,10976,10932,11796,0,0,121,-9,16,0,0,121,-1,8,0,0,121,-5,8
11,51,170,2,8,1,far,1,55,12,12,0,9000,6164,6164,6568,55,0,0,86,-32,0,0,55,-5,8,0,0,55,-5,8
11,51,170,2,8,1,one_edit,1,20,0,16,4,3384,2368,2352,2456,20,0,0,86,-35,4,0,16,1,8,0,0,20,-3,8
11,51,170,2,8,1,unchanged,1,5,5,0,0,864,580,580,620,5,0,0,92,-38,0,0,5,-8,8,0,0,5,-8,8
11,51,170,2,8,4,unchanged,0,11,11,6,6,1152,1240,1144,1214,6,0,5,3,16,6,0,5,11,8,0,0,11,-5,8
11,51,170,2,8,4,one_edit,0,44,0,24,24,4896,5248,4864,5144,24,0,20,5,16,24,0,20,13,8,0,0,44,-3,8
11,51,170,2,8,4,far,0,121,42,91,91,14688,15656,13936,14668,85,6,30,27,16,91,0,30,35,8,0,0,121,-3,8
11,51,170,2,8,4,far,1,55,12,12,12,10656,7496,7304,7684,55,0,0,104,-32,12,0,43,13,8,0,0,55,-3,8
11,51,170,2,8,4,one_edit,1,20,0,16,16,4320,3232,2880,2960,20,0,0,104,-53,16,0,4,37,8,0,0,20,-3,8
11,51,170,2,8,4,unchanged,1,5,5,0,0,1152,760,760,800,5,0,0,128,-56,0,0,5,-8,8,0,0,5,-8,8
11,51,170,2,8,16,unchanged,0,11,11,6,6,2304,2392,1864,1934,6,0,5,75,16,6,0,5,83,8,0,0,11,-5,8
11,51,170,2,8,16,one_edit,0,44,0,24,24,10368,10720,8608,8888,24,0,20,77,16,24,0,20,85,8,0,0,44,-3,8
11,51,170,2,8,16,far,0,121,42,91,91,33408,34376,25312,26044,91,0,30,171,16,91,0,30,179,8,0,0,121,-3,8
11,51,170,2,8,16,far,1,55,12,12,12,17280,12824,11768,12148,55,0,0,176,-32,12,0,43,85,8,0,0,55,-3,8
11,51,170,2,8,16,one_edit,1,20,0,16,16,8064,6688,4896,4976,20,0,0,221,-125,16,0,4,181,8,0,0,20,-3,8
11,51,170,2,8,16,unchanged,1,5,5,0,0,2304,1480,1480,1520,5,0,0,272,-128,0,0,5,-8,8,0,0,5,-8,8
11,51,170,4,0,1,unchanged,0,5,5,0,0,360,400,400,400,0,0,5,-8,8,0,5,0,0,0,0,5,0,0,0
11,51,170,4,0,1,one_edit,0,20,0,12,12,1560,1720,1672,1660,0,0,20,-3,8,12,8,0,5,0,12,8,0,1,0
11,51,170,4,0,1,far,0,55,12,43,43,4800,5240,4968,4900,21,0,34,9,8,43,12,0,17,0,36,19,0,3,0
11,51,170,4,0,1,far,1,121,42,60,30,26880,18264,18096,17868,121,0,0,196,-24,60,61,0,19,0,60,61,0,5,0
11,51,170,4,0,1,one_edit,1,44,0,28,28,9960,6864,6728,6588,44,0,0,196,-26,28,16,0,21,0,28,16,0,5,0
11,51,170,4,0,1,unchanged,1,11,11,6,0,2520,1672,1672,1654,11,0,0,208,-31,6,5,0,3,0,6,5,0,3,0
11,51,170,4,0,4,unchanged,0,5,5,4,2,480,520,520,500,0,0,5,-3,8,4,1,0,5,0,4,1,0,5,0
11,51,170,4,0,4,one_edit,0,20,0,16,12,2400,2560,2080,2056,12,0,8,33,8,16,4,0,41,0,16,4,0,3,0
11,51,170,4,0,4,far,0,55,12,55,49,8640,9080,6960,6832,43,0,12,81,3,55,0,0,89,-5,48,7,0,5,0
11,51,170,4,0,4,far,1,121,42,80,80,33600,23688,21576,21256,121,0,0,232,-24,80,41,0,91,0,80,41,0,5,0
11,51,170,4,0,4,one_edit,1,44,0,32,32,12960,9504,8288,8128,44,0,0,237,-32,32,12,0,93,0,32,12,0,5,0
11,51,170,4,0,4,unchanged,1,11,11,6,6,3360,2200,2056,2038,11,0,0,280,-67,6,5,0,27,0,6,5,0,3,0
11,51,170,4,0,16,unchanged,0,5,5,4,4,960,1000,904,884,4,0,1,21,8,4,1,0,29,0,4,1,0,5,0
11,51,170,4,0,16,one_edit,0,20,0,16,16,5760,5920,3616,3592,16,0,4,177,8,16,4,0,185,0,16,4,0,3,0
11,51,170,4,0,16,far,0,55,12,55,55,24000,24440,14640,14512,55,0,0,369,-21,55,0,0,377,-29,48,7,0,5,0
11,51,170,4,0,16,far,1,121,42,80,80,60480,45384,35016,34696,121,0,0,403,-24,80,41,0,379,0,80,41,0,5,0
11,51,170,4,0,16,one_edit,1,44,0,32,32,24960,20064,14432,14272,44,0,0,485,-56,32,12,0,381,0,32,12,0,5,0
11,51,170,4,0,16,unchanged,1,11,11,6,6,6720,4312,3592,3574,11,0,0,568,-211,6,5,0,123,0,6,5,0,3,0
11,51,170,4,2,1,unchanged,0,5,5,0,0,360,400,400,410,0,0,5,-10,10,0,0,5,-2,2,0,0,5,-2,2
11,51,170,4,2,1,one_edit,0,20,0,12,12,1560,1720,1672,1700,0,0,20,-5,10,12,0,8,3,2,0,0,20,-1,2
11,51,170,4,2,1,far,0,55,12,43,43,4800,5240,4968,5010,5,0,50,7,10,43,0,12,15,2,16,0,39,1,2
11,51,170,4,2,1,far,1,121,42,60,30,26880,18264,18096,18110,121,0,0,194,-22,60,0,61,17,2,60,0,61,3,2
11,51,170,4,2,1,one_edit,1,44,0,28,28,9960,6864,6728,6676,44,0,0,194,-24,28,0,16,19,2,28,0,16,3,2
11,51,170,4,2,1,unchanged,1,11,11,6,0,2520,1672,1672,1676,11,0,0,206,-29,6,0,5,1,2,6,0,5,1,2
11,51,170,4,2,4,unchanged,0,5,5,4,2,480,520,520,510,0,0,5,-5,10,4,0,1,3,2,4,0,1,3,2
11,51,170,4,2,4,one_edit,0,20,0,16,12,2400,2560,2080,2096,12,0,8,31,10,16,0,4,39,2,4,0,16,1,2
11,51,170,4,2,4,far,0,55,12,55,49,8640,9080,6960,6942,43,0,12,79,5,55,0,0,87,-3,28,0,27,3,2
11,51,170,4,2,4,far,1,121,42,80,80,33600,23688,21576,21498,121,0,0,230,-22,80,0,41,89,2,80,0,41,3,2
11,51,170,4,2,4,one_edit,1,44,0,32,32,12960,9504,8288,8216,44,0,0,235,-30,32,0,12,91,2,32,0,12,3,2
11,51,170,4,2,4,unchanged,1,11,11,6,6,3360,2200,2056,2060,11,0,0,278,-65,6,0,5,25,2,6,0,5,1,2
11,51,170,4,2,16,unchanged,0,5,5,4,4,960,1000,904,894,4,0,1,19,10,4,0,1,27,2,4,0,1,3,2
11,51,170,4,2,16,one_edit,0,20,0,16,16,5760,5920,3616,3632,16,0,4,175,10,16,0,4,183,2,4,0,16,1,2
11,51,170,4,2,16,far,0,55,12,55,55,24000,24440,14640,14622,55,0,0,367,-19,55,0,0,375,-27,28,0,27,3,2
11,51,170,4,2,16,far,1,121,42,80,80,60480,45384,35016,34938,121,0,0,401,-22,80,0,41,377,2,80,0,41,3,2
11,51,170,4,2,16,one_edit,1,44,0,32,32,24960,20064,14432,14360,44,0,0,483,-54,32,0,12,379,2,32,0,12,3,2
11,51,170,4,2,16,unchanged,1,11,11,6,6,6720,4312,3592,3596,11,0,0,566,-209,6,0,5,121,2,6,0,5,1,2
11,51,170,4,4,1,unchanged,0,5,5,0,0,360,400,400,420,0,0,5,-12,12,0,0,5,-4,4,0,0,5,-4,4
11,51,170,4,4,1,one_edit,0,20,0,12,12,1560,1720,1672,1740,0,0,20,-7,12,12,0,8,1,4,0,0,20,-3,4
11,51,170,4,4,1,far,0,55,12,43,43,4800,5240,4968,5120,5,0,50,5,12,37,6,12,13,4,0,0,55,-1,4
11,51,170,4,4,1,far,1,121,42,60,30,26880,18264,18096,18352,121,0,0,192,-20,30,0,91,15,4,24,0,97,1,4
11,51,170,4,4,1,one_edit,1,44,0,28,28,9960,6864,6728,6764,44,0,0,192,-22,28,0,16,17,4,28,0,16,1,4
11,51,170,4,4,1,unchanged,1,11,11,6,0,2520,1672,1672,1698,11,0,0,204,-27,0,0,11,-1,4,0,0,11,-1,4
11,51,170,4,4,4,unchanged,0,5,5,4,2,480,520,520,520,0,0,5,-7,12,4,0,1,1,4,4,0,1,1,4
11,51,170,4,4,4,one_edit,0,20,0,16,12,2400,2560,2080,2136,12,0,8,29,12,12,0,8,37,4,0,0,20,-1,4
11,51,170,4,4,4,far,0,55,12,55,49,8640,9080,6960,7052,43,0,12,77,7,55,0,0,85,-1,12,0,43,1,4
11,51,170,4,4,4,far,1,121,42,80,80,33600,23688,21576,21740,121,0,0,228,-20,76,0,45,87,4,40,0,81,1,4
11,51,170,4,4,4,one_edit,1,44,0,32,32,12960,9504,8288,8304,44,0,0,233,-28,32,0,12,89,4,32,0,12,1,4
11,51,170,4,4,4,unchanged,1,11,11,6,6,3360,2200,2056,2082,11,0,0,276,-63,6,0,5,23,4,0,0,11,-1,4
11,51,170,4,4,16,unchanged,0,5,5,4,4,960,1000,904,904,4,0,1,17,12,4,0,1,25,4,4,0,1,1,4
11,51,170,4,4,16,one_edit,0,20,0,16,16,5760,5920,3616,3672,16,0,4,173,12,16,0,4,181,4,0,0,20,-1,4
11,51,170,4,4,16,far,0,55,12,55,55,24000,24440,14640,14732,55,0,0,365,-17,55,0,0,373,-25,12,0,43,1,4
11,51,170,4,4,16,far,1,121,42,80,80,60480,45384,35016,35180,121,0,0,399,-20,80,0,41,375,4,40,0,81,1,4
11,51,170,4,4,16,one_edit,1,44,0,32,32,24960,20064,14432,14448,44,0,0,481,-52,32,0,12,377,4,32,0,12,1,4
11,51,170,4,4,16,unchanged,1,11,11,6,6,6720,4312,3592,3618,11,0,0,564,-207,6,0,5,119,4,0,0,11,-1,4
11,51,170,4,8,1,unchanged,0,5,5,0,0,360,400,400,440,0,0,5,-16,16,0,0,5,-8,8,0,0,5,-8,8
11,51,170,4,8,1,one_edit,0,20,0,12,12,1560,1720,1672,1820,0,0,20,-11,16,0,0,20,-3,8,0,0,20,-7,8
11,51,170,4,8,1,far,0,55,12,43,43,4800,5240,4968,5340,4,1,50,1,16,21,0,34,9,8,0,0,55,-5,8
11,51,170,4,8,1,far,1,121,42,60,30,26880,18264,18096,18836,121,0,0,188,-16,18,0,103,11,8,0,0,121,-3,8
11,51,170,4,8,1,one_edit,1,44,0,28,28,9960,6864,6728,6940,44,0,0,188,-18,16,0,28,13,8,0,0,44,-3,8
11,51,170,4,8,1,unchanged,1,11,11,6,0,2520,1672,1672,1742,11,0,0,200,-23,0,0,11,-5,8,0,0,11,-5,8
11,51,170,4,8,4,unchanged,0,5,5,4,2,480,520,520,540,0,0,5,-11,16,0,0,5,-3,8,0,0,5,-3,8
11,51,170,4,8,4,one_edit,0,20,0,16,12,2400,2560,2080,2216,12,0,8,25,16,12,0,8,33,8,0,0,20,-5,8
11,51,170,4,8,4,far,0,55,12,55,49,8640,9080,6960,7272,43,0,12,73,11,43,0,12,81,3,0,0,55,-3,8
11,51,170,4,8,4,far,1,121,42,80,80,33600,23688,21576,22224,121,0,0,224,-16,60,0,61,83,8,0,0,121,-3,8
11,51,170,4,8,4,one_edit,1,44,0,32,32,12960,9504,8288,8480,44,0,0,229,-24,28,0,16,85,8,0,0,44,-3,8
11,51,170,4,8,4,unchanged,1,11,11,6,6,3360,2200,2056,2126,11,0,0,272,-59,6,0,5,19,8,0,0,11,-5,8
11,51,170,4,8,16,unchanged,0,5,5,4,4,960,1000,904,924,4,0,1,13,16,4,0,1,21,8,0,0,5,-3,8
11,51,170,4,8,16,one_edit,0,20,0,16,16,5760,5920,3616,3752,16,0,4,169,16,16,0,4,177,8,0,0,20,-5,8
11,51,170,4,8,16,far,0,55,12,55,55,24000,24440,14640,14952,55,0,0,361,-13,55,0,0,369,-21,0,0,55,-3,8
11,51,170,4,8,16,far,1,121,42,80,80,60480,45384,35016,35664,121,0,0,395,-16,80,0,41,371,8,0,0,121,-3,8
11,51,170,4,8,16,one_edit,1,44,0,32,32,24960,20064,14432,14624,44,0,0,477,-48,32,0,12,373,8,0,0,44,-3,8
11,51,170,4,8,16,unchanged,1,11,11,6,6,6720,4312,3592,3662,11,0,0,560,-203,6,0,5,115,8,0,0,11,-5,8
11,54,110,0,0,1,unchanged,0,16,16,0,0,1152,1280,1280,1280,0,0,16,-8,8,0,16,0,0,0,0,16,0,0,0
11,54,110,0,0,1,one_edit,0,64,0,0,0,4608,5120,5120,5120,0,0,64,-8,8,0,64,0,0,0,0,64,0,0,0
11,54,110,0,0,1,far,0,176,0,0,0,12672,14080,14080,14080,0,0,176,-8,8,0,176,0,0,0,0,176,0,0,0
11,54,110,0,0,4,unchanged,0,16,16,0,0,1536,1664,1664,1664,0,0,16,-8,8,0,16,0,0,0,0,16,0,0,0
11,54,110,0,0,4,one_edit,0,64,0,0,0,6144,6656,6656,6656,0,0,64,-8,8,0,64,0,0,0,0,64,0,0,0
11,54,110,0,0,4,far,0,176,0,0,0,16896,18304,18304,18304,0,0,176,-8,8,0,176,0,0,0,0,176,0,0,0
11,54,110,0,0,16,unchanged,0,16,16,0,0,3072,3200,3200,3200,0,0,16,-8,8,0,16,0,0,0,0,16,0,0,0
11,54,110,0,0,16,one_edit,0,64,0,0,0,12288,12800,12800,12800,0,0,64,-8,8,0,64,0,0,0,0,64,0,0,0
11,54,110,0,0,16,far,0,176,0,0,0,33792,35200,35200,35200,0,0,176,-8,8,0,176,0,0,0,0,176,0,0,0
11,54,110,0,2,1,unchanged,0,16,16,0,0,1152,1280,1280,1312,0,0,16,-10,10,0,0,16,-2,2,0,0,16,-2,2
11,54,110,0,2,1,one_edit,0,64,0,0,0,4608,5120,5120,5248,0,0,64,-10,10,0,0,64,-2,2,0,0,64,-2,2
11,54,110,0,2,1,far,0,176,0,0,0,12672,14080,14080,14432,0,0,176,-10,10,0,0,176,-2,2,0,0,176,-2,2
11,54,110,0,2,4,unchanged,0,16,16,0,0,1536,1664,1664,1696,0,0,16,-10,10,0,0,16,-2,2,0,0,16,-2,2
11,54,110,0,2,4,one_edit,0,64,0,0,0,6144,6656,6656,6784,0,0,64,-10,10,0,0,64,-2,2,0,0,64,-2,2
11,54,110,0,2,4,far,0,176,0,0,0,16896,18304,18304,18656,0,0,176,-10,10,0,0,176,-2,2,0,0,176,-2,2
11,54,110,0,2,16,unchanged,0,16,16,0,0,3072,3200,3200,3232,0,0,16,-10,10,0,0,16,-2,2,0,0,16,-2,2
11,54,110,0,2,16,one_edit,0,64,0,0,0,12288,12800,12800,12928,0,0,64,-10,10,0,0,64,-2,2,0,0,64,-2,2
11,54,110,0,2,16,far,0,176,0,0,0,33792,35200,35200,35552,0,0,176,-10,10,0,0,176,-2,2,0,0,176,-2,2
11,54,110,0,4,1,unchanged,0,16,16,0,0,1152,1280,1280,1344,0,0,16,-12,12,0,0,16,-4,4,0,0,16,-4,4
11,54,110,0,4,1,one_edit,0,64,0,0,0,4608,5120,5120,5376,0,0,64,-12,12,0,0,64,-4,4,0,0,64,-4,4
11,54,110,0,4,1,far,0,176,0,0,0,12672,14080,14080,14784,0,0,176,-12,12,0,0,176,-4,4,0,0,176,-4,4
11,54,110,0,4,4,unchanged,0,16,16,0,0,1536,1664,1664,1728,0,0,16,-12,12,0,0,16,-4,4,0,0,16,-4,4
11,54,110,0,4,4,one_edit,0,64,0,0,0,6144,6656,6656,6912,0,0,64,-12,12,0,0,64,-4,4,0,0,64,-4,4
11,54,110,0,4,4,far,0,176,0,0,0,16896,18304,18304,19008,0,0,176,-12,12,0,0,176,-4,4,0,0,176,-4,4
11,54,110,0,4,16,unchanged,0,16,16,0,0,3072,3200,3200,3264,0,0,16,-12,12,0,0,16,-4,4,0,0,16,-4,4
11,54,110,0,4,16,one_edit,0,64,0,0,0,12288,12800,12800,13056,0,0,64,-12,12,0,0,64,-4,4,0,0,64,-4,4
11,54,110,0,4,16,far,0,176,0,0,0,33792,35200,35200,35904,0,0,176,-12,12,0,0,176,-4,4,0,0,176,-4,4
11,54,110,0,8,1,unchanged,0,16,16,0,0,1152,1280,1280,1408,0,0,16,-16,16,0,0,16,-8,8,0,0,16,-8,8
11,54,110,0,8,1,one_edit,0,64,0,0,0,4608,5120,5120,5632,0,0,64,-16,16,0,0,64,-8,8,0,0,64,-8,8
11,54,110,0,8,1,far,0,176,0,0,0,12672,14080,14080,15488,0,0,176,-16,16,0,0,176,-8,8,0,0,176,-8,8
11,54,110,0,8,4,unchanged,0,16,16,0,0,1536,1664,1664,1792,0,0,16,-16,16,0,0,16,-8,8,0,0,16,-8,8
11,54,110,0,8,4,one_edit,0,64,0,0,0,6144,6656,6656,7168,0,0,64,-16,16,0,0,64,-8,8,0,0,64,-8,8
11,54,110,0,8,4,far,0,176,0,0,0,16896,18304,18304,19712,0,0,176,-16,16,0,0,176,-8,8,0,0,176,-8,8
11,54,110,0,8,16,unchanged,0,16,16,0,0,3072,3200,3200,3328,0,0,16,-16,16,0,0,16,-8,8,0,0,16,-8,8
11,54,110,0,8,16,one_edit,0,64,0,0,0,12288,12800,12800,13312,0,0,64,-16,16,0,0,64,-8,8,0,0,64,-8,8
11,54,110,0,8,16,far,0,176,0,0,0,33792,35200,35200,36608,0,0,176,-16,16,0,0,176,-8,8,0,0,176,-8,8
11,54,110,1,0,1,unchanged,1,16,16,0,0,2304,1568,1568,1568,16,0,0,46,-46,0,16,0,0,0,0,16,0,0,0
11,54,110,1,0,1,one_edit,1,64,0,64,0,9216,6656,6656,6464,64,0,0,43,-43,64,0,0,3,-3,64,0,0,3,-3
11,54,110,1,0,1,far,1,176,0,88,0,25344,18190,18190,18126,176,0,0,43,-40,64,112,0,1,0,64,112,0,1,0
11,54,110,1,0,4,unchanged,1,16,16,0,0,3072,2048,2048,2048,16,0,0,64,-64,0,16,0,0,0,0,16,0,0,0
11,54,110,1,0,4,one_edit,1,64,0,64,64,12288,9728,8704,8384,64,0,0,61,-61,64,0,0,21,-21,64,0,0,5,-5
11,54,110,1,0,4,far,1,176,0,176,176,33792,26296,23936,23584,176,0,0,59,-56,176,0,0,19,-4,160,16,0,3,0
11,54,110,1,0,16,unchanged,1,16,16,0,0,6144,3968,3968,3968,16,0,0,136,-136,0,16,0,0,0,0,16,0,0,0
11,54,110,1,0,16,one_edit,1,64,0,64,64,24576,22016,16384,16064,64,0,0,133,-133,64,0,0,93,-93,64,0,0,5,-5
11,54,110,1,0,16,far,1,176,0,176,176,67584,58720,45056,44704,176,0,0,131,-128,176,0,0,91,-40,160,16,0,3,0
11,54,110,1,2,1,unchanged,1,16,16,0,0,2304,1568,1568,1600,16,0,0,44,-44,0,0,16,-2,2,0,0,16,-2,2
11,54,110,1,2,1,one_edit,1,64,0,64,0,9216,6656,6656,6592,64,0,0,41,-41,64,0,0,1,-1,64,0,0,1,-1
11,54,110,1,2,1,far,1,176,0,88,0,25344,18190,18190,18478,176,0,0,41,-38,0,0,176,-1,2,0,0,176,-1,2
11,54,110,1,2,4,unchanged,1,16,16,0,0,3072,2048,2048,2080,16,0,0,62,-62,0,0,16,-2,2,0,0,16,-2,2
11,54,110,1,2,4,one_edit,1,64,0,64,64,12288,9728,8704,8512,64,0,0,59,-59,64,0,0,19,-19,64,0,0,3,-3
11,54,110,1,2,4,far,1,176,0,176,176,33792,26296,23936,23936,176,0,0,57,-54,176,0,0,17,-2,96,0,80,1,2
11,54,110,1,2,16,unchanged,1,16,16,0,0,6144,3968,3968,4000,16,0,0,134,-134,0,0,16,-2,2,0,0,16,-2,2
11,54,110,1,2,16,one_edit,1,64,0,64,64,24576,22016,16384,16192,64,0,0,131,-131,64,0,0,91,-91,64,0,0,3,-3
11,54,110,1,2,16,far,1,176,0,176,176,67584,58720,45056,45056,176,0,0,129,-126,176,0,0,89,-38,96,0,80,1,2
11,54,110,1,4,1,unchanged,1,16,16,0,0,2304,1568,1568,1632,16,0,0,42,-42,0,0,16,-4,4,0,0,16,-4,4
11,54,110,1,4,1,one_edit,1,64,0,64,0,9216,6656,6656,6720,64,0,0,39,-39,0,0,64,-1,1,0,0,64,-1,1
11,54,110,1,4,1,far,1,176,0,88,0,25344,18190,18190,18830,176,0,0,39,-36,0,0,176,-3,4,0,0,176,-3,4
11,54,110,1,4,4,unchanged,1,16,16,0,0,3072,2048,2048,2112,16,0,0,60,-60,0,0,16,-4,4,0,0,16,-4,4
11,54,110,1,4,4,one_edit,1,64,0,64,64,12288,9728,8704,8640,64,0,0,57,-57,64,0,0,17,-17,64,0,0,1,-1
11,54,110,1,4,4,far,1,176,0,176,176,33792,26296,23936,24288,176,0,0,55,-52,170,6,0,15,0,0,0,176,-1,4
11,54,110,1,4,16,unchanged,1,16,16,0,0,6144,3968,3968,4032,16,0,0,132,-132,0,0,16,-4,4,0,0,16,-4,4
11,54,110,1,4,16,one_edit,1,64,0,64,64,24576,22016,16384,16320,64,0,0,129,-129,64,0,0,89,-89,64,0,0,1,-1
11,54,110,1,4,16,far,1,176,0,176,176,67584,58720,45056,45408,176,0,0,127,-124,176,0,0,87,-36,0,0,176,-1,4
11,54,110,1,8,1,unchanged,1,16,16,0,0,2304,1568,1568,1696,16,0,0,38,-38,0,0,16,-8,8,0,0,16,-8,8
11,54,110,1,8,1,one_edit,1,64,0,64,0,9216,6656,6656,6976,64,0,0,35,-35,0,0,64,-5,5,0,0,64,-5,5
11,54,110,1,8,1,far,1,176,0,88,0,25344,18190,18190,19534,176,0,0,35,-32,0,0,176,-7,8,0,0,176,-7,8
11,54,110,1,8,4,unchanged,1,16,16,0,0,3072,2048,2048,2176,16,0,0,56,-56,0,0,16,-8,8,0,0,16,-8,8
11,54,110,1,8,4,one_edit,1,64,0,64,64,12288,9728,8704,8896,64,0,0,53,-53,64,0,0,13,-13,0,0,64,-3,3
11,54,110,1,8,4,far,1,176,0,176,176,33792,26296,23936,24992,176,0,0,51,-48,138,0,38,11,4,0,0,176,-5,8
11,54,110,1,8,16,unchanged,1,16,16,0,0,6144,3968,3968,4096,16,0,0,128,-128,0,0,16,-8,8,0,0,16,-8,8
11,54,110,1,8,16,one_edit,1,64,0,64,64,24576,22016,16384,16576,64,0,0,125,-125,64,0,0,85,-85,0,0,64,-3,3
11,54,110,1,8,16,far,1,176,0,176,176,67584,58720,45056,46112,176,0,0,123,-120,176,0,0,83,-32,0,0,176,-5,8
11,54,110,2,0,1,unchanged,1,16,16,0,0,3456,1856,1856,1856,16,0,0,100,-100,0,16,0,0,0,0,16,0,0,0
11,54,110,2,0,1,one_edit,1,64,0,64,64,13824,8192,7936,7616,64,0,0,97,-97,64,0,0,9,-9,64,0,0,5,-5
11,54,110,2,0,1,far,1,176,0,170,138,38016,22300,21748,21460,176,0,0,95,-92,170,6,0,7,0,160,16,0,3,0
11,54,110,2,0,4,unchanged,1,16,16,0,0,4608,2432,2432,2432,16,0,0,136,-136,0,16,0,0,0,0,16,0,0,0
11,54,110,2,0,4,one_edit,1,64,0,64,64,18432,12800,10240,9920,64,0,0,133,-133,64,0,0,45,-45,64,0,0,5,-5
11,54,110,2,0,4,far,1,176,0,176,176,50688,34288,28160,27808,176,0,0,131,-128,176,0,0,43,-16,160,16,0,3,0
11,54,110,2,0,16,unchanged,1,16,16,0,0,9216,4736,4736,4736,16,0,0,280,-280,0,16,0,0,0,0,16,0,0,0
11,54,110,2,0,16,one_edit,1,64,0,64,64,36864,31232,19456,19136,64,0,0,277,-277,64,0,0,189,-189,64,0,0,5,-5
11,54,110,2,0,16,far,1,176,0,176,176,101376,82240,53504,53152,176,0,0,275,-272,176,0,0,187,-88,160,16,0,3,0
11,54,110,2,2,1,unchanged,1,16,16,0,0,3456,1856,1856,1888,16,0,0,98,-98,0,0,16,-2,2,0,0,16,-2,2
11,54,110,2,2,1,one_edit,1,64,0,64,64,13824,8192,7936,7744,64,0,0,95,-95,64,0,0,7,-7,64,0,0,3,-3
11,54,110,2,2,1,far,1,176,0,170,138,38016,22300,21748,21812,176,0,0,93,-90,138,0,38,5,2,64,0,112,1,2
11,54,110,2,2,4,unchanged,1,16,16,0,0,4608,2432,2432,2464,16,0,0,134,-134,0,0,16,-2,2,0,0,16,-2,2
11,54,110,2,2,4,one_edit,1,64,0,64,64,18432,12800,10240,10048,64,0,0,131,-131,64,0,0,43,-43,64,0,0,3,-3
11,54,110,2,2,4,far,1,176,0,176,176,50688,34288,28160,28160,176,0,0,129,-126,176,0,0,41,-14,96,0,80,1,2
11,54,110,2,2,16,unchanged,1,16,16,0,0,9216,4736,4736,4768,16,0,0,278,-278,0,0,16,-2,2,0,0,16,-2,2
11,54,110,2,2,16,one_edit,1,64,0,64,64,36864,31232,19456,19264,64,0,0,275,-275,64,0,0,187,-187,64,0,0,3,-3
11,54,110,2,2,16,far,1,176,0,176,176,101376,82240,53504,53504,176,0,0,273,-270,176,0,0,185,-86,96,0,80,1,2
11,54,110,2,4,1,unchanged,1,16,16,0,0,3456,1856,1856,1920,16,0,0,96,-96,0,0,16,-4,4,0,0,16,-4,4
11,54,110,2,4,1,one_edit,1,64,0,64,64,13824,8192,7936,7872,64,0,0,93,-93,64,0,0,5,-5,64,0,0,1,-1
11,54,110,2,4,1,far,1,176,0,170,138,38016,22300,21748,22164,176,0,0,91,-88,128,10,38,3,4,0,0,176,-1,4
11,54,110,2,4,4,unchanged,1,16,16,0,0,4608,2432,2432,2496,16,0,0,132,-132,0,0,16,-4,4,0,0,16,-4,4
11,54,110,2,4,4,one_edit,1,64,0,64,64,18432,12800,10240,10176,64,0,0,129,-129,64,0,0,41,-41,64,0,0,1,-1
11,54,110,2,4,4,far,1,176,0,176,176,50688,34288,28160,28512,176,0,0,127,-124,176,0,0,39,-12,0,0,176,-1,4
11,54,110,2,4,16,unchanged,1,16,16,0,0,9216,4736,4736,4800,16,0,0,276,-276,0,0,16,-4,4,0,0,16,-4,4
11,54,110,2,4,16,one_edit,1,64,0,64,64,36864,31232,19456,19392,64,0,0,273,-273,64,0,0,185,-185,64,0,0,1,-1
11,54,110,2,4,16,far,1,176,0,176,176,101376,82240,53504,53856,176,0,0,271,-268,176,0,0,183,-84,0,0,176,-1,4
11,54,110,2,8,1,unchanged,1,16,16,0,0,3456,1856,1856,1984,16,0,0,92,-92,0,0,16,-8,8,0,0,16,-8,8
11,54,110,2,8,1,one_edit,1,64,0,64,64,13824,8192,7936,8128,64,0,0,89,-89,64,0,0,1,-1,0,0,64,-3,3
11,54,110,2,8,1,far,1,176,0,170,138,38016,22300,21748,22868,176,0,0,87,-84,0,0,176,-1,8,0,0,176,-5,8
11,54,110,2,8,4,unchanged,1,16,16,0,0,4608,2432,2432,2560,16,0,0,128,-128,0,0,16,-8,8,0,0,16,-8,8
11,54,110,2,8,4,one_edit,1,64,0,64,64,18432,12800,10240,10432,64,0,0,125,-125,64,0,0,37,-37,0,0,64,-3,3
11,54,110,2,8,4,far,1,176,0,176,176,50688,34288,28160,29216,176,0,0,123,-120,176,0,0,35,-8,0,0,176,-5,8
11,54,110,2,8,16,unchanged,1,16,16,0,0,9216,4736,4736,4864,16,0,0,272,-272,0,0,16,-8,8,0,0,16,-8,8
11,54,110,2,8,16,one_edit,1,64,0,64,64,36864,31232,19456,19648,64,0,0,269,-269,64,0,0,181,-181,0,0,64,-3,3
11,54,110,2,8,16,far,1,176,0,176,176,101376,82240,53504,54560,176,0,0,267,-264,176,0,0,179,-80,0,0,176,-5,8
11,54,110,4,0,1,unchanged,1,16,16,0,0,5760,2432,2432,2432,16,0,0,208,-208,0,16,0,0,0,0,16,0,0,0
11,54,110,4,0,1,one_edit,1,64,0,64,64,23040,11264,10240,9920,64,0,0,205,-205,64,0,0,21,-21,64,0,0,5,-5
11,54,110,4,0,1,far,1,176,0,176,176,63360,30520,28160,27808,176,0,0,203,-200,176,0,0,19,-4,160,16,0,3,0
11,54,110,4,0,4,unchanged,1,16,16,0,0,7680,3200,3200,3200,16,0,0,280,-280,0,16,0,0,0,0,16,0,0,0
11,54,110,4,0,4,one_edit,1,64,0,64,64,30720,18944,13312,12992,64,0,0,277,-277,64,0,0,93,-93,64,0,0,5,-5
11,54,110,4,0,4,far,1,176,0,176,176,84480,50272,36608,36256,176,0,0,275,-272,176,0,0,91,-40,160,16,0,3,0
11,54,110,4,0,16,unchanged,1,16,16,0,0,15360,6272,6272,6272,16,0,0,568,-568,0,16,0,0,0,0,16,0,0,0
11,54,110,4,0,16,one_edit,1,64,0,64,64,61440,49664,25600,25280,64,0,0,565,-565,64,0,0,381,-381,64,0,0,5,-5
11,54,110,4,0,16,far,1,176,0,176,176,168960,129280,70400,70048,176,0,0,563,-560,176,0,0,379,-184,160,16,0,3,0
11,54,110,4,2,1,unchanged,1,16,16,0,0,5760,2432,2432,2464,16,0,0,206,-206,0,0,16,-2,2,0,0,16,-2,2
11,54,110,4,2,1,one_edit,1,64,0,64,64,23040,11264,10240,10048,64,0,0,203,-203,64,0,0,19,-19,64,0,0,3,-3
11,54,110,4,2,1,far,1,176,0,176,176,63360,30520,28160,28160,176,0,0,201,-198,176,0,0,17,-2,96,0,80,1,2
11,54,110,4,2,4,unchanged,1,16,16,0,0,7680,3200,3200,3232,16,0,0,278,-278,0,0,16,-2,2,0,0,16,-2,2
11,54,110,4,2,4,one_edit,1,64,0,64,64,30720,18944,13312,13120,64,0,0,275,-275,64,0,0,91,-91,64,0,0,3,-3
11,54,110,4,2,4,far,1,176,0,176,176,84480,50272,36608,36608,176,0,0,273,-270,176,0,0,89,-38,96,0,80,1,2
11,54,110,4,2,16,unchanged,1,16,16,0,0,15360,6272,6272,6304,16,0,0,566,-566,0,0,16,-2,2,0,0,16,-2,2
11,54,110,4,2,16,one_edit,1,64,0,64,64,61440,49664,25600,25408,64,0,0,563,-563,64,0,0,379,-379,64,0,0,3,-3
11,54,110,4,2,16,far,1,176,0,176,176,168960,129280,70400,70400,176,0,0,561,-558,176,0,0,377,-182,96,0,80,1,2
11,54,110,4,4,1,unchanged,1,16,16,0,0,5760,2432,2432,2496,16,0,0,204,-204,0,0,16,-4,4,0,0,16,-4,4
11,54,110,4,4,1,one_edit,1,64,0,64,64,23040,11264,10240,10176,64,0,0,201,-201,64,0,0,17,-17,64,0,0,1,-1
11,54,110,4,4,1,far,1,176,0,176,176,63360,30520,28160,28512,176,0,0,199,-196,170,6,0,15,0,0,0,176,-1,4
11,54,110,4,4,4,unchanged,1,16,16,0,0,7680,3200,3200,3264,16,0,0,276,-276,0,0,16,-4,4,0,0,16,-4,4
11,54,110,4,4,4,one_edit,1,64,0,64,64,30720,18944,13312,13248,64,0,0,273,-273,64,0,0,89,-89,64,0,0,1,-1
11,54,110,4,4,4,far,1,176,0,176,176,84480,50272,36608,36960,176,0,0,271,-268,176,0,0,87,-36,0,0,176,-1,4
11,54,110,4,4,16,unchanged,1,16,16,0,0,15360,6272,6272,6336,16,0,0,564,-564,0,0,16,-4,4,0,0,16,-4,4
11,54,110,4,4,16,one_edit,1,64,0,64,64,61440,49664,25600,25536,64,0,0,561,-561,64,0,0,377,-377,64,0,0,1,-1
11,54,110,4,4,16,far,1,176,0,176,176,168960,129280,70400,70752,176,0,0,559,-556,176,0,0,375,-180,0,0,176,-1,4
11,54,110,4,8,1,unchanged,1,16,16,0,0,5760,2432,2432,2560,16,0,0,200,-200,0,0,16,-8,8,0,0,16,-8,8
11,54,110,4,8,1,one_edit,1,64,0,64,64,23040,11264,10240,10432,64,0,0,197,-197,64,0,0,13,-13,0,0,64,-3,3
11,54,110,4,8,1,far,1,176,0,176,176,63360,30520,28160,29216,176,0,0,195,-192,138,0,38,11,4,0,0,176,-5,8
11,54,110,4,8,4,unchanged,1,16,16,0,0,7680,3200,3200,3328,16,0,0,272,-272,0,0,16,-8,8,0,0,16,-8,8
11,54,110,4,8,4,one_edit,1,64,0,64,64,30720,18944,13312,13504,64,0,0,269,-269,64,0,0,85,-85,0,0,64,-3,3
11,54,110,4,8,4,far,1,176,0,176,176,84480,50272,36608,37664,176,0,0,267,-264,176,0,0,83,-32,0,0,176,-5,8
11,54,110,4,8,16,unchanged,1,16,16,0,0,15360,6272,6272,6400,16,0,0,560,-560,0,0,16,-8,8,0,0,16,-8,8
11,54,110,4,8,16,one_edit,1,64,0,64,64,61440,49664,25600,25792,64,0,0,557,-557,64,0,0,373,-373,0,0,64,-3,3
11,54,110,4,8,16,far,1,176,0,176,176,168960,129280,70400,71456,176,0,0,555,-552,176,0,0,371,-176,0,0,176,-5,8
11,90,150,0,0,1,unchanged,0,16,16,0,0,999,1127,1127,1127,0,0,16,-8,8,0,16,0,0,0,0,16,0,0,0
11,90,150,0,0,1,one_edit,0,64,0,0,0,3996,4508,4508,4508,0,0,64,-8,8,0,64,0,0,0,0,64,0,0,0
11,90,150,0,0,1,far,0,176,54,0,0,10989,12397,12397,12397,0,0,176,-8,8,0,176,0,0,0,0,176,0,0,0
11,90,150,0,0,4,unchanged,0,16,16,0,0,1332,1460,1460,1460,0,0,16,-8,8,0,16,0,0,0,0,16,0,0,0
11,90,150,0,0,4,one_edit,0,64,0,0,0,5328,5840,5840,5840,0,0,64,-8,8,0,64,0,0,0,0,64,0,0,0
11,90,150,0,0,4,far,0,176,54,0,0,14652,16060,16060,16060,0,0,176,-8,8,0,176,0,0,0,0,176,0,0,0
11,90,150,0,0,16,unchanged,0,16,16,0,0,2664,2792,2792,2792,0,0,16,-8,8,0,16,0,0,0,0,16,0,0,0
11,90,150,0,0,16,one_edit,0,64,0,0,0,10656,11168,11168,11168,0,0,64,-8,8,0,64,0,0,0,0,64,0,0,0
11,90,150,0,0,16,far,0,176,54,0,0,29304,30712,30712,30712,0,0,176,-8,8,0,176,0,0,0,0,176,0,0,0
11,90,150,0,2,1,unchanged,0,16,16,0,0,999,1127,1127,1159,0,0,16,-10,10,0,0,16,-2,2,0,0,16,-2,2
11,90,150,0,2,1,one_edit,0,64,0,0,0,3996,4508,4508,4636,0,0,64,-10,10,0,0,64,-2,2,0,0,64,-2,2
11,90,150,0,2,1,far,0,176,54,0,0,10989,12397,12397,12749,0,0,176,-10,10,0,0,176,-2,2,0,0,176,-2,2
11,90,150,0,2,4,unchanged,0,16,16,0,0,1332,1460,1460,1492,0,0,16,-10,10,0,0,16,-2,2,0,0,16,-2,2
11,90,150,0,2,4,one_edit,0,64,0,0,0,5328,5840,5840,5968,0,0,64,-10,10,0,0,64,-2,2,0,0,64,-2,2
11,90,150,0,2,4,far,0,176,54,0,0,14652,16060,16060,16412,0,0,176,-10,10,0,0,176,-2,2,0,0,176,-2,2
11,90,150,0,2,16,unchanged,0,16,16,0,0,2664,2792,2792,2824,0,0,16,-10,10,0,0,16,-2,2,0,0,16,-2,2
11,90,150,0,2,16,one_edit,0,64,0,0,0,10656,11168,11168,11296,0,0,64,-10,10,0,0,64,-2,2,0,0,64,-2,2
11,90,150,0,2,16,far,0,176,54,0,0,29304,30712,30712,31064,0,0,176,-10,10,0,0,176,-2,2,0,0,176,-2,2
11,90,150,0,4,1,unchanged,0,16,16,0,0,999,1127,1127,1191,0,0,16,-12,12,0,0,16,-4,4,0,0,16,-4,4
11,90,150,0,4,1,one_edit,0,64,0,0,0,3996,4508,4508,4764,0,0,64,-12,12,0,0,64,-4,4,0,0,64,-4,4
11,90,150,0,4,1,far,0,176,54,0,0,10989,12397,12397,13101,0,0,176,-12,12,0,0,176,-4,4,0,0,176,-4,4
11,90,150,0,4,4,unchanged,0,16,16,0,0,1332,1460,1460,1524,0,0,16,-12,12,0,0,16,-4,4,0,0,16,-4,4
11,90,150,0,4,4,one_edit,0,64,0,0,0,5328,5840,5840,6096,0,0,64,-12,12,0,0,64,-4,4,0,0,64,-4,4
11,90,150,0,4,4,far,0,176,54,0,0,14652,16060,16060,16764,0,0,176,-12,12,0,0,176,-4,4,0,0,176,-4,4
11,90,150,0,4,16,unchanged,0,16,16,0,0,2664,2792,2792,2856,0,0,16,-12,12,0,0,16,-4,4,0,0,16,-4,4
11,90,150,0,4,16,one_edit,0,64,0,0,0,10656,11168,11168,11424,0,0,64,-12,12,0,0,64,-4,4,0,0,64,-4,4
11,90,150,0,4,16,far,0,176,54,0,0,29304,30712,30712,31416,0,0,176,-12,12,0,0,176,-4,4,0,0,176,-4,4
11,90,150,0,8,1,unchanged,0,16,16,0,0,999,1127,1127,1255,0,0,16,-16,16,0,0,16,-8,8,0,0,16,-8,8
11,90,150,0,8,1,one_edit,0,64,0,0,0,3996,4508,4508,5020,0,0,64,-16,16,0,0,64,-8,8,0,0,64,-8,8
11,90,150,0,8,1,far,0,176,54,0,0,10989,12397,12397,13805,0,0,176,-16,16,0,0,176,-8,8,0,0,176,-8,8
11,90,150,0,8,4,unchanged,0,16,16,0,0,1332,1460,1460,1588,0,0,16,-16,16,0,0,16,-8,8,0,0,16,-8,8
11,90,150,0,8,4,one_edit,0,64,0,0,0,5328,5840,5840,6352,0,0,64,-16,16,0,0,64,-8,8,0,0,64,-8,8
11,90,150,0,8,4,far,0,176,54,0,0,14652,16060,16060,17468,0,0,176,-16,16,0,0,176,-8,8,0,0,176,-8,8
11,90,150,0,8,16,unchanged,0,16,16,0,0,2664,2792,2792,2920,0,0,16,-16,16,0,0,16,-8,8,0,0,16,-8,8
11,90,150,0,8,16,one_edit,0,64,0,0,0,10656,11168,11168,11680,0,0,64,-16,16,0,0,64,-8,8,0,0,64,-8,8
11,90,150,0,8,16,far,0,176,54,0,0,29304,30712,30712,32120,0,0,176,-16,16,0,0,176,-8,8,0,0,176,-8,8
11,90,150,1,0,1,unchanged,0,5,5,0,0,414,454,454,454,0,0,5,-8,8,0,5,0,0,0,0,5,0,0,0
11,90,150,1,0,1,one_edit,0,20,0,16,0,1792,1904,1904,1892,0,0,20,-5,5,4,16,0,3,0,4,16,0,3,0
11,90,150,1,0,1,far,0,55,12,28,0,4792,5166,5166,5150,0,0,55,-5,8,16,39,0,1,0,16,39,0,1,0
11,90,150,1,0,1,one_edit,1,44,0,24,0,6200,4368,4368,4368,44,0,0,43,-40,0,44,0,0,0,0,44,0,0,0
11,90,150,1,0,1,unchanged,1,11,11,0,0,1584,1078,1078,1078,11,0,0,46,-46,0,11,0,0,0,0,11,0,0,0
11,90,150,1,0,1,far,1,121,42,30,0,17186,11956,11956,11950,121,0,0,46,-40,6,115,0,1,0,6,115,0,1,0
11,90,150,1,0,4,unchanged,0,5,5,4,4,552,592,576,564,0,0,5,-1,8,4,1,0,7,0,4,1,0,3,0
11,90,150,1,0,4,one_edit,0,20,0,20,20,2752,2720,2592,2492,20,0,0,13,-13,20,0,0,21,-9,20,0,0,5,-5
11,90,150,1,0,4,far,0,55,12,47,47,7024,7200,6808,6646,39,0,16,13,8,47,8,0,19,0,46,9,0,5,0
11,90,150,1,0,4,one_edit,1,44,0,40,40,7904,5856,5696,5512,44,0,0,61,-40,40,4,0,9,0,40,4,0,5,0
11,90,150,1,0,4,unchanged,1,11,11,0,0,2112,1408,1408,1408,11,0,0,64,-64,0,11,0,0,0,0,11,0,0,0
11,90,150,1,0,4,far,1,121,42,56,56,22280,15880,15488,15264,121,0,0,64,-40,56,65,0,19,0,56,65,0,5,0
11,90,150,1,0,16,unchanged,0,5,5,4,4,1104,1144,984,972,4,0,1,35,8,4,1,0,43,0,4,1,0,3,0
11,90,150,1,0,16,one_edit,0,20,0,20,20,6592,5984,4992,4892,20,0,0,85,-85,20,0,0,93,-45,20,0,0,5,-5
11,90,150,1,0,16,far,0,55,12,47,47,15952,15336,12640,12478,51,0,4,85,8,47,8,0,91,0,46,9,0,5,0
11,90,150,1,0,16,one_edit,1,44,0,40,40,14720,11808,10208,10024,44,0,0,133,-40,40,4,0,45,0,40,4,0,5,0
11,90,150,1,0,16,unchanged,1,11,11,0,0,4224,2728,2728,2728,11,0,0,136,-136,0,11,0,0,0,0,11,0,0,0
11,90,150,1,0,16,far,1,121,42,56,56,42656,31576,28664,28440,121,0,0,136,-40,56,65,0,91,0,56,65,0,5,0
11,90,150,1,2,1,unchanged,0,5,5,0,0,414,454,454,464,0,0,5,-10,10,0,0,5,-2,2,0,0,5,-2,2
11,90,150,1,2,1,one_edit,0,20,0,16,0,1792,1904,1904,1932,0,0,20,-7,7,4,0,16,1,2,4,0,16,1,2
11,90,150,1,2,1,far,0,55,12,28,0,4792,5166,5166,5260,0,0,55,-7,10,0,0,55,-1,2,0,0,55,-1,2
11,90,150,1,2,1,one_edit,1,44,0,24,0,6200,4368,4368,4456,44,0,0,41,-38,0,0,44,-2,2,0,0,44,-2,2
11,90,150,1,2,1,unchanged,1,11,11,0,0,1584,1078,1078,1100,11,0,0,44,-44,0,0,11,-2,2,0,0,11,-2,2
11,90,150,1,2,1,far,1,121,42,30,0,17186,11956,11956,12192,121,0,0,44,-38,0,0,121,-1,2,0,0,121,-1,2
11,90,150,1,2,4,unchanged,0,5,5,4,4,552,592,576,574,0,0,5,-3,10,4,0,1,5,2,4,0,1,1,2
11,90,150,1,2,4,one_edit,0,20,0,20,20,2752,2720,2592,2532,20,0,0,11,-11,20,0,0,19,-7,20,0,0,3,-3
11,90,150,1,2,4,far,0,55,12,47,47,7024,7200,6808,6756,39,0,16,11,10,47,0,8,17,2,46,0,9,3,2
11,90,150,1,2,4,one_edit,1,44,0,40,40,7904,5856,5696,5600,44,0,0,59,-38,40,0,4,7,2,36,0,8,3,2
11,90,150,1,2,4,unchanged,1,11,11,0,0,2112,1408,1408,1430,11,0,0,62,-62,0,0,11,-2,2,0,0,11,-2,2
11,90,150,1,2,4,far,1,121,42,56,56,22280,15880,15488,15506,121,0,0,62,-38,56,0,65,17,2,48,0,73,3,2
11,90,150,1,2,16,unchanged,0,5,5,4,4,1104,1144,984,982,4,0,1,33,10,4,0,1,41,2,4,0,1,1,2
11,90,150,1,2,16,one_edit,0,20,0,20,20,6592,5984,4992,4932,20,0,0,83,-83,20,0,0,91,-43,20,0,0,3,-3
11,90,150,1,2,16,far,0,55,12,47,47,15952,15336,12640,12588,51,0,4,83,10,47,0,8,89,2,46,0,9,3,2
11,90,150,1,2,16,one_edit,1,44,0,40,40,14720,11808,10208,10112,44,0,0,131,-38,40,0,4,43,2,36,0,8,3,2
11,90,150,1,2,16,unchanged,1,11,11,0,0,4224,2728,2728,2750,11,0,0,134,-134,0,0,11,-2,2,0,0,11,-2,2
11,90,150,1,2,16,far,1,121,42,56,56,42656,31576,28664,28682,121,0,0,134,-38,56,0,65,89,2,48,0,73,3,2
11,90,150,1,4,1,unchanged,0,5,5,0,0,414,454,454,474,0,0,5,-12,12,0,0,5,-4,4,0,0,5,-4,4
11,90,150,1,4,1,one_edit,0,20,0,16,0,1792,1904,1904,1972,0,0,20,-9,9,0,0,20,-1,4,0,0,20,-1,4
11,90,150,1,4,1,far,0,55,12,28,0,4792,5166,5166,5370,0,0,55,-9,12,0,0,55,-3,4,0,0,55,-3,4
11,90,150,1,4,1,one_edit,1,44,0,24,0,6200,4368,4368,4544,44,0,0,39,-36,0,0,44,-4,4,0,0,44,-4,4
11,90,150,1,4,1,unchanged,1,11,11,0,0,1584,1078,1078,1122,11,0,0,42,-42,0,0,11,-4,4,0,0,11,-4,4
11,90,150,1,4,1,far,1,121,42,30,0,17186,11956,11956,12434,121,0,0,42,-36,0,0,121,-3,4,0,0,121,-3,4
11,90,150,1,4,4,unchanged,0,5,5,4,4,552,592,576,584,0,0,5,-5,12,4,0,1,3,4,0,0,5,-1,4
11,90,150,1,4,4,one_edit,0,20,0,20,20,2752,2720,2592,2572,20,0,0,9,-9,20,0,0,17,-5,20,0,0,1,-1
11,90,150,1,4,4,far,0,55,12,47,47,7024,7200,6808,6866,35,4,16,9,12,47,0,8,15,4,12,0,43,1,4
11,90,150,1,4,4,one_edit,1,44,0,40,40,7904,5856,5696,5688,44,0,0,57,-36,40,0,4,5,4,36,0,8,1,4
11,90,150,1,4,4,unchanged,1,11,11,0,0,2112,1408,1408,1452,11,0,0,60,-60,0,0,11,-4,4,0,0,11,-4,4
11,90,150,1,4,4,far,1,121,42,56,56,22280,15880,15488,15748,121,0,0,60,-36,56,0,65,15,4,36,0,85,1,4
11,90,150,1,4,16,unchanged,0,5,5,4,4,1104,1144,984,992,4,0,1,31,12,4,0,1,39,4,0,0,5,-1,4
11,90,150,1,4,16,one_edit,0,20,0,20,20,6592,5984,4992,4972,20,0,0,81,-81,20,0,0,89,-41,20,0,0,1,-1
11,90,150,1,4,16,far,0,55,12,47,47,15952,15336,12640,12698,51,0,4,81,12,47,0,8,87,4,12,0,43,1,4
11,90,150,1,4,16,one_edit,1,44,0,40,40,14720,11808,10208,10200,44,0,0,129,-36,40,0,4,41,4,36,0,8,1,4
11,90,150,1,4,16,unchanged,1,11,11,0,0,4224,2728,2728,2772,11,0,0,132,-132,0,0,11,-4,4,0,0,11,-4,4
11,90,150,1,4,16,far,1,121,42,56,56,42656,31576,28664,28924,121,0,0,132,-36,56,0,65,87,4,36,0,85,1,4
11,90,150,1,8,1,unchanged,0,5,5,0,0,414,454,454,494,0,0,5,-16,16,0,0,5,-8,8,0,0,5,-8,8
11,90,150,1,8,1,one_edit,0,20,0,16,0,1792,1904,1904,2052,0,0,20,-13,13,0,0,20,-5,8,0,0,20,-5,8
11,90,150,1,8,1,far,0,55,12,28,0,4792,5166,5166,5590,0,0,55,-13,16,0,0,55,-7,8,0,0,55,-7,8
11,90,150,1,8,1,one_edit,1,44,0,24,0,6200,4368,4368,4720,44,0,0,35,-32,0,0,44,-8,8,0,0,44,-8,8
11,90,150,1,8,1,unchanged,1,11,11,0,0,1584,1078,1078,1166,11,0,0,38,-38,0,0,11,-8,8,0,0,11,-8,8
11,90,150,1,8,1,far,1,121,42,30,0,17186,11956,11956,12918,121,0,0,38,-32,0,0,121,-7,8,0,0,121,-7,8
11,90,150,1,8,4,unchanged,0,5,5,4,4,552,592,576,604,0,0,5,-9,16,0,0,5,-1,8,0,0,5,-5,8
11,90,150,1,8,4,one_edit,0,20,0,20,20,2752,2720,2592,2652,20,0,0,5,-5,20,0,0,13,-1,0,0,20,-3,3
11,90,150,1,8,4,far,0,55,12,47,47,7024,7200,6808,7086,34,1,20,5,16,29,0,26,11,8,0,0,55,-3,8
11,90,150,1,8,4,one_edit,1,44,0,40,40,7904,5856,5696,5864,44,0,0,53,-32,36,0,8,1,8,0,0,44,-3,8
11,90,150,1,8,4,unchanged,1,11,11,0,0,2112,1408,1408,1496,11,0,0,56,-56,0,0,11,-8,8,0,0,11,-8,8
11,90,150,1,8,4,far,1,121,42,56,56,22280,15880,15488,16232,121,0,0,56,-32,50,0,71,11,8,0,0,121,-3,8
11,90,150,1,8,16,unchanged,0,5,5,4,4,1104,1144,984,1012,4,0,1,27,16,4,0,1,35,8,0,0,5,-5,8
11,90,150,1,8,16,one_edit,0,20,0,20,20,6592,5984,4992,5052,20,0,0,77,-77,20,0,0,85,-37,0,0,20,-3,3
11,90,150,1,8,16,far,0,55,12,47,47,15952,15336,12640,12918,51,0,4,77,16,47,0,8,83,8,0,0,55,-3,8
11,90,150,1,8,16,one_edit,1,44,0,40,40,14720,11808,10208,10376,44,0,0,125,-32,40,0,4,37,8,0,0,44,-3,8
11,90,150,1,8,16,unchanged,1,11,11,0,0,4224,2728,2728,2816,11,0,0,128,-128,0,0,11,-8,8,0,0,11,-8,8
11,90,150,1,8,16,far,1,121,42,56,56,42656,31576,28664,29408,121,0,0,128,-32,56,0,65,83,8,0,0,121,-3,8
11,90,150,2,0,1,unchanged,0,1,1,0,0,81,89,89,89,0,0,1,-8,8,0,1,0,0,0,0,1,0,0,0
11,90,150,2,0,1,one_edit,0,4,0,4,0,384,392,392,380,4,0,0,1,-1,4,0,0,3,-3,4,0,0,3,-3
11,90,150,2,0,1,far,0,11,0,7,1,1020,1048,1044,1038,0,0,11,-1,4,7,4,0,4,0,6,5,0,1,0
11,90,150,2,0,1,one_edit,1,60,0,56,4,11604,7260,7244,7080,60,0,0,97,-25,52,8,0,9,0,52,8,0,5,0
11,90,150,2,0,1,unchanged,1,15,15,0,0,2916,1740,1740,1740,15,0,0,100,-19,0,15,0,0,0,0,15,0,0,0
11,90,150,2,0,1,far,1,165,54,84,30,31947,19707,19587,19363,165,0,0,100,-16,84,81,0,7,0,84,81,0,3,0
11,90,150,2,0,4,unchanged,0,1,1,0,0,108,116,116,116,0,0,1,-8,8,0,1,0,0,0,0,1,0,0,0
11,90,150,2,0,4,one_edit,0,4,0,4,4,672,608,544,524,4,0,0,37,-37,4,0,0,21,-21,4,0,0,5,-5
11,90,150,2,0,4,far,0,11,0,7,7,1704,1552,1416,1398,11,0,0,35,-16,7,4,0,40,0,6,5,0,3,0
11,90,150,2,0,4,one_edit,1,60,0,56,56,15312,10320,9328,9064,60,0,0,133,-61,56,4,0,45,0,56,4,0,5,0
11,90,150,2,0,4,unchanged,1,15,15,4,4,3888,2280,2264,2252,15,0,0,136,-35,4,11,0,7,0,4,11,0,3,0
11,90,150,2,0,4,far,1,165,54,96,96,42252,27348,25236,24868,165,0,0,136,-16,96,69,0,43,0,96,69,0,5,0
11,90,150,2,0,16,unchanged,0,1,1,0,0,216,224,224,224,0,0,1,-8,8,0,1,0,0,0,0,1,0,0,0
11,90,150,2,0,16,one_edit,0,4,0,4,4,1824,1472,1120,1100,4,0,0,181,-181,4,0,0,93,-93,4,0,0,5,-5
11,90,150,2,0,16,far,0,11,0,7,7,4440,3568,2856,2838,11,0,0,179,-88,7,4,0,184,0,6,5,0,3,0
11,90,150,2,0,16,one_edit,1,60,0,56,56,30144,22560,17248,16984,60,0,0,277,-88,56,4,0,189,0,56,4,0,5,0
11,90,150,2,0,16,unchanged,1,15,15,4,4,7776,4440,4280,4268,15,0,0,280,-107,4,11,0,43,0,4,11,0,3,0
11,90,150,2,0,16,far,1,165,54,96,96,83472,57912,47160,46792,165,0,0,280,-16,96,69,0,187,0,96,69,0,5,0
11,90,150,2,2,1,unchanged,0,1,1,0,0,81,89,89,91,0,0,1,-10,10,0,0,1,-2,2,0,0,1,-2,2
11,90,150,2,2,1,one_edit,0,4,0,4,0,384,392,392,388,0,0,4,-1,1,4,0,0,1,-1,4,0,0,1,-1
11,90,150,2,2,1,far,0,11,0,7,1,1020,1048,1044,1060,0,0,11,-3,6,1,0,10,2,2,0,0,11,-1,2
11,90,150,2,2,1,one_edit,1,60,0,56,4,11604,7260,7244,7200,60,0,0,95,-23,52,0,8,7,2,52,0,8,3,2
11,90,150,2,2,1,unchanged,1,15,15,0,0,2916,1740,1740,1770,15,0,0,98,-17,0,0,15,-2,2,0,0,15,-2,2
11,90,150,2,2,1,far,1,165,54,84,30,31947,19707,19587,19693,165,0,0,98,-14,78,0,87,5,2,70,0,95,1,2
11,90,150,2,2,4,unchanged,0,1,1,0,0,108,116,116,118,0,0,1,-10,10,0,0,1,-2,2,0,0,1,-2,2
11,90,150,2,2,4,one_edit,0,4,0,4,4,672,608,544,532,4,0,0,35,-35,4,0,0,19,-19,4,0,0,3,-3
11,90,150,2,2,4,far,0,11,0,7,7,1704,1552,1416,1420,11,0,0,33,-14,7,0,4,38,2,6,0,5,1,2
11,90,150,2,2,4,one_edit,1,60,0,56,56,15312,10320,9328,9184,60,0,0,131,-59,56,0,4,43,2,52,0,8,3,2
11,90,150,2,2,4,unchanged,1,15,15,4,4,3888,2280,2264,2282,15,0,0,134,-33,4,0,11,5,2,4,0,11,1,2
11,90,150,2,2,4,far,1,165,54,96,96,42252,27348,25236,25198,165,0,0,134,-14,96,0,69,41,2,88,0,77,3,2
11,90,150,2,2,16,unchanged,0,1,1,0,0,216,224,224,226,0,0,1,-10,10,0,0,1,-2,2,0,0,1,-2,2
11,90,150,2,2,16,one_edit,0,4,0,4,4,1824,1472,1120,1108,4,0,0,179,-179,4,0,0,91,-91,4,0,0,3,-3
11,90,150,2,2,16,far,0,11,0,7,7,4440,3568,2856,2860,11,0,0,177,-86,7,0,4,182,2,6,0,5,1,2
11,90,150,2,2,16,one_edit,1,60,0,56,56,30144,22560,17248,17104,60,0,0,275,-86,56,0,4,187,2,52,0,8,3,2
11,90,150,2,2,16,unchanged,1,15,15,4,4,7776,4440,4280,4298,15,0,0,278,-105,4,0,11,41,2,4,0,11,1,2
11,90,150,2,2,16,far,1,165,54,96,96,83472,57912,47160,47122,165,0,0,278,-14,96,0,69,185,2,88,0,77,3,2
11,90,150,2,4,1,unchanged,0,1,1,0,0,81,89,89,93,0,0,1,-12,12,0,0,1,-4,4,0,0,1,-4,4
11,90,150,2,4,1,one_edit,0,4,0,4,0,384,392,392,396,0,0,4,-3,3,0,0,4,-1,1,0,0,4,-1,1
11,90,150,2,4,1,far,0,11,0,7,1,1020,1048,1044,1082,0,0,11,-5,8,0,1,10,0,4,0,0,11,-3,4
11,90,150,2,4,1,one_edit,1,60,0,56,4,11604,7260,7244,7320,60,0,0,93,-21,4,0,56,5,4,4,0,56,1,4
11,90,150,2,4,1,unchanged,1,15,15,0,0,2916,1740,1740,1800,15,0,0,96,-15,0,0,15,-4,4,0,0,15,-4,4
11,90,150,2,4,1,far,1,165,54,84,30,31947,19707,19587,20023,165,0,0,96,-12,30,0,135,3,4,0,0,165,-1,4
11,90,150,2,4,4,unchanged,0,1,1,0,0,108,116,116,120,0,0,1,-12,12,0,0,1,-4,4,0,0,1,-4,4
11,90,150,2,4,4,one_edit,0,4,0,4,4,672,608,544,540,4,0,0,33,-33,4,0,0,17,-17,4,0,0,1,-1
11,90,150,2,4,4,far,0,11,0,7,7,1704,1552,1416,1442,11,0,0,31,-12,7,0,4,36,4,0,0,11,-1,4
11,90,150,2,4,4,one_edit,1,60,0,56,56,15312,10320,9328,9304,60,0,0,129,-57,56,0,4,41,4,52,0,8,1,4
11,90,150,2,4,4,unchanged,1,15,15,4,4,3888,2280,2264,2312,15,0,0,132,-31,4,0,11,3,4,0,0,15,-1,4
11,90,150,2,4,4,far,1,165,54,96,96,42252,27348,25236,25528,165,0,0,132,-12,96,0,69,39,4,48,0,117,1,4
11,90,150,2,4,16,unchanged,0,1,1,0,0,216,224,224,228,0,0,1,-12,12,0,0,1,-4,4,0,0,1,-4,4
11,90,150,2,4,16,one_edit,0,4,0,4,4,1824,1472,1120,1116,4,0,0,177,-177,4,0,0,89,-89,4,0,0,1,-1
11,90,150,2,4,16,far,0,11,0,7,7,4440,3568,2856,2882,11,0,0,175,-84,7,0,4,180,4,0,0,11,-1,4
11,90,150,2,4,16,one_edit,1,60,0,56,56,30144,22560,17248,17224,60,0,0,273,-84,56,0,4,185,4,52,0,8,1,4
11,90,150,2,4,16,unchanged,1,15,15,4,4,7776,4440,4280,4328,15,0,0,276,-103,4,0,11,39,4,0,0,15,-1,4
11,90,150,2,4,16,far,1,165,54,96,96,83472,57912,47160,47452,165,0,0,276,-12,96,0,69,183,4,48,0,117,1,4
11,90,150,2,8,1,unchanged,0,1,1,0,0,81,89,89,97,0,0,1,-16,16,0,0,1,-8,8,0,0,1,-8,8
11,90,150,2,8,1,one_edit,0,4,0,4,0,384,392,392,412,0,0,4,-7,7,0,0,4,-5,5,0,0,4,-5,5
11,90,150,2,8,1,far,0,11,0,7,1,1020,1048,1044,1126,0,0,11,-9,12,0,0,11,-4,8,0,0,11,-7,8
11,90,150,2,8,1,one_edit,1,60,0,56,4,11604,7260,7244,7560,60,0,0,89,-17,4,0,56,1,8,0,0,60,-3,8
11,90,150,2,8,1,unchanged,1,15,15,0,0,2916,1740,1740,1860,15,0,0,92,-11,0,0,15,-8,8,0,0,15,-8,8
11,90,150,2,8,1,far,1,165,54,84,30,31947,19707,19587,20683,165,0,0,92,-8,0,0,165,-1,8,0,0,165,-5,8
11,90,150,2,8,4,unchanged,0,1,1,0,0,108,116,116,124,0,0,1,-16,16,0,0,1,-8,8,0,0,1,-8,8
11,90,150,2,8,4,one_edit,0,4,0,4,4,672,608,544,556,4,0,0,29,-29,4,0,0,13,-13,0,0,4,-3,3
11,90,150,2,8,4,far,0,11,0,7,7,1704,1552,1416,1486,11,0,0,27,-8,7,0,4,32,8,0,0,11,-5,8
11,90,150,2,8,4,one_edit,1,60,0,56,56,15312,10320,9328,9544,60,0,0,125,-53,56,0,4,37,8,0,0,60,-3,8
11,90,150,2,8,4,unchanged,1,15,15,4,4,3888,2280,2264,2372,15,0,0,128,-27,0,0,15,-1,8,0,0,15,-5,8
11,90,150,2,8,4,far,1,165,54,96,96,42252,27348,25236,26188,165,0,0,128,-8,84,0,81,35,8,0,0,165,-3,8
11,90,150,2,8,16,unchanged,0,1,1,0,0,216,224,224,232,0,0,1,-16,16,0,0,1,-8,8,0,0,1,-8,8
11,90,150,2,8,16,one_edit,0,4,0,4,4,1824,1472,1120,1132,4,0,0,173,-173,4,0,0,85,-85,0,0,4,-3,3
11,90,150,2,8,16,far,0,11,0,7,7,4440,3568,2856,2926,11,0,0,171,-80,7,0,4,176,8,0,0,11,-5,8
11,90,150,2,8,16,one_edit,1,60,0,56,56,30144,22560,17248,17464,60,0,0,269,-80,56,0,4,181,8,0,0,60,-3,8
11,90,150,2,8,16,unchanged,1,15,15,4,4,7776,4440,4280,4388,15,0,0,272,-99,4,0,11,35,8,0,0,15,-5,8
11,90,150,2,8,16,far,1,165,54,96,96,83472,57912,47160,48112,165,0,0,272,-8,96,0,69,179,8,0,0,165,-3,8
11,90,150,4,0,1,unchanged,0,1,1,0,0,135,143,143,143,0,0,1,-8,8,0,1,0,0,0,0,1,0,0,0
11,90,150,4,0,1,one_edit,0,4,0,4,4,640,624,608,588,4,0,0,13,-13,4,0,0,9,-9,4,0,0,5,-5
11,90,150,4,0,1,far,0,11,0,7,7,1700,1668,1628,1610,11,0,0,11,-4,7,4,0,16,0,6,5,0,3,0
11,90,150,4,0,1,one_edit,1,60,0,56,56,19340,9788,9516,9248,60,0,0,205,-85,56,4,0,21,0,56,4,0,5,0
11,90,150,4,0,1,unchanged,1,15,15,0,0,4860,2280,2280,2280,15,0,0,208,-73,0,15,0,0,0,0,15,0,0,0
11,90,150,4,0,1,far,1,165,54,84,84,53245,26353,25657,25325,165,0,0,208,-64,84,81,0,19,0,84,81,0,5,0
11,90,150,4,0,4,unchanged,0,1,1,0,0,180,188,188,188,0,0,1,-8,8,0,1,0,0,0,0,1,0,0,0
11,90,150,4,0,4,one_edit,0,4,0,4,4,1120,960,800,780,4,0,0,85,-85,4,0,0,45,-45,4,0,0,5,-5
11,90,150,4,0,4,far,0,11,0,7,7,2840,2448,2120,2102,11,0,0,83,-40,7,4,0,88,0,6,5,0,3,0
11,90,150,4,0,4,one_edit,1,60,0,56,56,25520,14672,12240,11976,60,0,0,277,-157,56,4,0,93,0,56,4,0,5,0
11,90,150,4,0,4,unchanged,1,15,15,4,4,6480,3000,2984,2972,15,0,0,280,-107,4,11,0,7,0,4,11,0,3,0
11,90,150,4,0,4,far,1,165,54,96,96,70420,38092,33244,32876,165,0,0,280,-64,96,69,0,91,0,96,69,0,5,0
11,90,150,4,0,16,unchanged,0,1,1,0,0,360,368,368,368,0,0,1,-8,8,0,1,0,0,0,0,1,0,0,0
11,90,150,4,0,16,one_edit,0,4,0,4,4,3040,2304,1568,1548,4,0,0,373,-373,4,0,0,189,-189,4,0,0,5,-5
11,90,150,4,0,16,far,0,11,0,7,7,7400,5568,4088,4070,11,0,0,371,-184,7,4,0,376,0,6,5,0,3,0
11,90,150,4,0,16,one_edit,1,60,0,56,56,50240,34208,23136,22872,60,0,0,565,-184,56,4,0,381,0,56,4,0,5,0
11,90,150,4,0,16,unchanged,1,15,15,4,4,12960,5880,5720,5708,15,0,0,568,-251,4,11,0,43,0,4,11,0,3,0
11,90,150,4,0,16,far,1,165,54,96,96,139120,85048,63352,62984,165,0,0,568,-64,96,69,0,379,0,96,69,0,5,0
11,90,150,4,2,1,unchanged,0,1,1,0,0,135,143,143,145,0,0,1,-10,10,0,0,1,-2,2,0,0,1,-2,2
11,90,150,4,2,1,one_edit,0,4,0,4,4,640,624,608,596,4,0,0,11,-11,4,0,0,7,-7,4,0,0,3,-3
11,90,150,4,2,1,far,0,11,0,7,7,1700,1668,1628,1632,11,0,0,9,-2,7,0,4,14,2,6,0,5,1,2
11,90,150,4,2,1,one_edit,1,60,0,56,56,19340,9788,9516,9368,60,0,0,203,-83,56,0,4,19,2,52,4,4,3,2
11,90,150,4,2,1,unchanged,1,15,15,0,0,4860,2280,2280,2310,15,0,0,206,-71,0,0,15,-2,2,0,0,15,-2,2
11,90,150,4,2,1,far,1,165,54,84,84,53245,26353,25657,25655,165,0,0,206,-62,84,0,81,17,2,76,0,89,3,2
11,90,150,4,2,4,unchanged,0,1,1,0,0,180,188,188,190,0,0,1,-10,10,0,0,1,-2,2,0,0,1,-2,2
11,90,150,4,2,4,one_edit,0,4,0,4,4,1120,960,800,788,4,0,0,83,-83,4,0,0,43,-43,4,0,0,3,-3
11,90,150,4,2,4,far,0,11,0,7,7,2840,2448,2120,2124,11,0,0,81,-38,7,0,4,86,2,6,0,5,1,2
11,90,150,4,2,4,one_edit,1,60,0,56,56,25520,14672,12240,12096,60,0,0,275,-155,56,0,4,91,2,52,0,8,3,2
11,90,150,4,2,4,unchanged,1,15,15,4,4,6480,3000,2984,3002,15,0,0,278,-105,4,0,11,5,2,4,0,11,1,2
11,90,150,4,2,4,far,1,165,54,96,96,70420,38092,33244,33206,165,0,0,278,-62,96,0,69,89,2,88,0,77,3,2
11,90,150,4,2,16,unchanged,0,1,1,0,0,360,368,368,370,0,0,1,-10,10,0,0,1,-2,2,0,0,1,-2,2
11,90,150,4,2,16,one_edit,0,4,0,4,4,3040,2304,1568,1556,4,0,0,371,-371,4,0,0,187,-187,4,0,0,3,-3
11,90,150,4,2,16,far,0,11,0,7,7,7400,5568,4088,4092,11,0,0,369,-182,7,0,4,374,2,6,0,5,1,2
11,90,150,4,2,16,one_edit,1,60,0,56,56,50240,34208,23136,22992,60,0,0,563,-182,56,0,4,379,2,52,0,8,3,2
11,90,150,4,2,16,unchanged,1,15,15,4,4,12960,5880,5720,5738,15,0,0,566,-249,4,0,11,41,2,4,0,11,1,2
11,90,150,4,2,16,far,1,165,54,96,96,139120,85048,63352,63314,165,0,0,566,-62,96,0,69,377,2,88,0,77,3,2
11,90,150,4,4,1,unchanged,0,1,1,0,0,135,143,143,147,0,0,1,-12,12,0,0,1,-4,4,0,0,1,-4,4
11,90,150,4,4,1,one_edit,0,4,0,4,4,640,624,608,604,4,0,0,9,-9,4,0,0,5,-5,4,0,0,1,-1
11,90,150,4,4,1,far,0,11,0,7,7,1700,1668,1628,1654,7,4,0,7,0,7,0,4,12,4,0,0,11,-1,4
11,90,150,4,4,1,one_edit,1,60,0,56,56,19340,9788,9516,9488,60,0,0,201,-81,56,0,4,17,4,52,0,8,1,4
11,90,150,4,4,1,unchanged,1,15,15,0,0,4860,2280,2280,2340,15,0,0,204,-69,0,0,15,-4,4,0,0,15,-4,4
11,90,150,4,4,1,far,1,165,54,84,84,53245,26353,25657,25985,165,0,0,204,-60,84,0,81,15,4,48,0,117,1,4
11,90,150,4,4,4,unchanged,0,1,1,0,0,180,188,188,192,0,0,1,-12,12,0,0,1,-4,4,0,0,1,-4,4
11,90,150,4,4,4,one_edit,0,4,0,4,4,1120,960,800,796,4,0,0,81,-81,4,0,0,41,-41,4,0,0,1,-1
11,90,150,4,4,4,far,0,11,0,7,7,2840,2448,2120,2146,11,0,0,79,-36,7,0,4,84,4,0,0,11,-1,4
11,90,150,4,4,4,one_edit,1,60,0,56,56,25520,14672,12240,12216,60,0,0,273,-153,56,0,4,89,4,52,0,8,1,4
11,90,150,4,4,4,unchanged,1,15,15,4,4,6480,3000,2984,3032,15,0,0,276,-103,4,0,11,3,4,0,0,15,-1,4
11,90,150,4,4,4,far,1,165,54,96,96,70420,38092,33244,33536,165,0,0,276,-60,96,0,69,87,4,48,0,117,1,4
11,90,150,4,4,16,unchanged,0,1,1,0,0,360,368,368,372,0,0,1,-12,12,0,0,1,-4,4,0,0,1,-4,4
11,90,150,4,4,16,one_edit,0,4,0,4,4,3040,2304,1568,1564,4,0,0,369,-369,4,0,0,185,-185,4,0,0,1,-1
11,90,150,4,4,16,far,0,11,0,7,7,7400,5568,4088,4114,11,0,0,367,-180,7,0,4,372,4,0,0,11,-1,4
11,90,150,4,4,16,one_edit,1,60,0,56,56,50240,34208,23136,23112,60,0,0,561,-180,56,0,4,377,4,52,0,8,1,4
11,90,150,4,4,16,unchanged,1,15,15,4,4,12960,5880,5720,5768,15,0,0,564,-247,4,0,11,39,4,0,0,15,-1,4
11,90,150,4,4,16,far,1,165,54,96,96,139120,85048,63352,63644,165,0,0,564,-60,96,0,69,375,4,48,0,117,1,4
11,90,150,4,8,1,unchanged,0,1,1,0,0,135,143,143,151,0,0,1,-16,16,0,0,1,-8,8,0,0,1,-8,8
11,90,150,4,8,1,one_edit,0,4,0,4,4,640,624,608,620,4,0,0,5,-5,4,0,0,1,-1,0,0,4,-3,3
11,90,150,4,8,1,far,0,11,0,7,7,1700,1668,1628,1698,6,1,4,3,4,1,0,10,8,8,0,0,11,-5,8
11,90,150,4,8,1,one_edit,1,60,0,56,56,19340,9788,9516,9728,60,0,0,197,-77,52,0,8,13,8,0,0,60,-3,8
11,90,150,4,8,1,unchanged,1,15,15,0,0,4860,2280,2280,2400,15,0,0,200,-65,0,0,15,-8,8,0,0,15,-8,8
11,90,150,4,8,1,far,1,165,54,84,84,53245,26353,25657,26645,165,0,0,200,-56,78,0,87,11,8,0,0,165,-3,8
11,90,150,4,8,4,unchanged,0,1,1,0,0,180,188,188,196,0,0,1,-16,16,0,0,1,-8,8,0,0,1,-8,8
11,90,150,4,8,4,one_edit,0,4,0,4,4,1120,960,800,812,4,0,0,77,-77,4,0,0,37,-37,0,0,4,-3,3
11,90,150,4,8,4,far,0,11,0,7,7,2840,2448,2120,2190,11,0,0,75,-32,7,0,4,80,8,0,0,11,-5,8
11,90,150,4,8,4,one_edit,1,60,0,56,56,25520,14672,12240,12456,60,0,0,269,-149,56,0,4,85,8,0,0,60,-3,8
11,90,150,4,8,4,unchanged,1,15,15,4,4,6480,3000,2984,3092,15,0,0,272,-99,0,0,15,-1,8,0,0,15,-5,8
11,90,150,4,8,4,far,1,165,54,96,96,70420,38092,33244,34196,165,0,0,272,-56,84,0,81,83,8,0,0,165,-3,8
11,90,150,4,8,16,unchanged,0,1,1,0,0,360,368,368,376,0,0,1,-16,16,0,0,1,-8,8,0,0,1,-8,8
11,90,150,4,8,16,one_edit,0,4,0,4,4,3040,2304,1568,1580,4,0,0,365,-365,4,0,0,181,-181,0,0,4,-3,3
11,90,150,4,8,16,far,0,11,0,7,7,7400,5568,4088,4158,11,0,0,363,-176,7,0,4,368,8,0,0,11,-5,8
11,90,150,4,8,16,one_edit,1,60,0,56,56,50240,34208,23136,23352,60,0,0,557,-176,56,0,4,373,8,0,0,60,-3,8
11,90,150,4,8,16,unchanged,1,15,15,4,4,12960,5880,5720,5828,15,0,0,560,-243,4,0,11,35,8,0,0,15,-5,8
11,90,150,4,8,16,far,1,165,54,96,96,139120,85048,63352,64304,165,0,0,560,-56,96,0,69,371,8,0,0,165,-3,8
11,110,184,0,0,1,unchanged,0,16,16,0,0,1152,1280,1280,1280,0,0,16,-8,8,0,16,0,0,0,0,16,0,0,0
11,110,184,0,0,1,one_edit,0,64,0,0,0,4608,5120,5120,5120,0,0,64,-8,8,0,64,0,0,0,0,64,0,0,0
11,110,184,0,0,1,far,0,176,0,0,0,12672,14080,14080,14080,0,0,176,-8,8,0,176,0,0,0,0,176,0,0,0
11,110,184,0,0,4,unchanged,0,16,16,0,0,1536,1664,1664,1664,0,0,16,-8,8,0,16,0,0,0,0,16,0,0,0
11,110,184,0,0,4,one_edit,0,64,0,0,0,6144,6656,6656,6656,0,0,64,-8,8,0,64,0,0,0,0,64,0,0,0
11,110,184,0,0,4,far,0,176,0,0,0,16896,18304,18304,18304,0,0,176,-8,8,0,176,0,0,0,0,176,0,0,0
11,110,184,0,0,16,unchanged,0,16,16,0,0,3072,3200,3200,3200,0,0,16,-8,8,0,16,0,0,0,0,16,0,0,0
11,110,184,0,0,16,one_edit,0,64,0,0,0,12288,12800,12800,12800,0,0,64,-8,8,0,64,0,0,0,0,64,0,0,0
11,110,184,0,0,16,far,0,176,0,0,0,33792,35200,35200,35200,0,0,176,-8,8,0,176,0,0,0,0,176,0,0,0
11,110,184,0,2,1,unchanged,0,16,16,0,0,1152,1280,1280,1312,0,0,16,-10,10,0,0,16,-2,2,0,0,16,-2,2
11,110,184,0,2,1,one_edit,0,64,0,0,0,4608,5120,5120,5248,0,0,64,-10,10,0,0,64,-2,2,0,0,64,-2,2
11,110,184,0,2,1,far,0,176,0,0,0,12672,14080,14080,14432,0,0,176,-10,10,0,0,176,-2,2,0,0,176,-2,2
11,110,184,0,2,4,unchanged,0,16,16,0,0,1536,1664,1664,1696,0,0,16,-10,10,0,0,16,-2,2,0,0,16,-2,2
11,110,184,0,2,4,one_edit,0,64,0,0,0,6144,6656,6656,6784,0,0,64,-10,10,0,0,64,-2,2,0,0,64,-2,2
11,110,184,0,2,4,far,0,176,0,0,0,16896,18304,18304,18656,0,0,176,-10,10,0,0,176,-2,2,0,0,176,-2,2
11,110,184,0,2,16,unchanged,0,16,16,0,0,3072,3200,3200,3232,0,0,16,-10,10,0,0,16,-2,2,0,0,16,-2,2
11,110,184,0,2,16,one_edit,0,64,0,0,0,12288,12800,12800,12928,0,0,64,-10,10,0,0,64,-2,2,0,0,64,-2,2
11,110,184,0,2,16,far,0,176,0,0,0,33792,35200,35200,35552,0,0,176,-10,10,0,0,176,-2,2,0,0,176,-2,2
11,110,184,0,4,1,unchanged,0,16,16,0,0,1152,1280,1280,1344,0,0,16,-12,12,0,0,16,-4,4,0,0,16,-4,4
11,110,184,0,4,1,one_edit,0,64,0,0,0,4608,5120,5120,5376,0,0,64,-12,12,0,0,64,-4,4,0,0,64,-4,4
11,110,184,0,4,1,far,0,176,0,0,0,12672,14080,14080,14784,0,0,176,-12,12,0,0,176,-4,4,0,0,176,-4,4
11,110,184,0,4,4,unchanged,0,16,16,0,0,1536,1664,1664,1728,0,0,16,-12,12,0,0,16,-4,4,0,0,16,-4,4
11,110,184,0,4,4,one_edit,0,64,0,0,0,6144,6656,6656,6912,0,0,64,-12,12,0,0,64,-4,4,0,0,64,-4,4
11,110,184,0,4,4,far,0,176,0,0,0,16896,18304,18304,19008,0,0,176,-12,12,0,0,176,-4,4,0,0,176,-4,4
11,110,184,0,4,16,unchanged,0,16,16,0,0,3072,3200,3200,3264,0,0,16,-12,12,0,0,16,-4,4,0,0,16,-4,4
11,110,184,0,4,16,one_edit,0,64,0,0,0,12288,12800,12800,13056,0,0,64,-12,12,0,0,64,-4,4,0,0,64,-4,4
11,110,184,0,4,16,far,0,176,0,0,0,33792,35200,35200,35904,0,0,176,-12,12,0,0,176,-4,4,0,0,176,-4,4
11,110,184,0,8,1,unchanged,0,16,16,0,0,1152,1280,1280,1408,0,0,16,-16,16,0,0,16,-8,8,0,0,16,-8,8
11,110,184,0,8,1,one_edit,0,64,0,0,0,4608,5120,5120,5632,0,0,64,-16,16,0,0,64,-8,8,0,0,64,-8,8
11,110,184,0,8,1,far,0,176,0,0,0,12672,14080,14080,15488,0,0,176,-16,16,0,0,176,-8,8,0,0,176,-8,8
11,110,184,0,8,4,unchanged,0,16,16,0,0,1536,1664,1664,1792,0,0,16,-16,16,0,0,16,-8,8,0,0,16,-8,8
11,110,184,0,8,4,one_edit,0,64,0,0,0,6144,6656,6656,7168,0,0,64,-16,16,0,0,64,-8,8,0,0,64,-8,8
11,110,184,0,8,4,far,0,176,0,0,0,16896,18304,18304,19712,0,0,176,-16,16,0,0,176,-8,8,0,0,176,-8,8
11,110,184,0,8,16,unchanged,0,16,16,0,0,3072,3200,3200,3328,0,0,16,-16,16,0,0,16,-8,8,0,0,16,-8,8
11,110,184,0,8,16,one_edit,0,64,0,0,0,12288,12800,12800,13312,0,0,64,-16,16,0,0,64,-8,8,0,0,64,-8,8
11,110,184,0,8,16,far,0,176,0,0,0,33792,35200,35200,36608,0,0,176,-16,16,0,0,176,-8,8,0,0,176,-8,8
11,110,184,1,0,1,unchanged,1,16,16,0,0,2304,1568,1568,1568,16,0,0,46,-46,0,16,0,0,0,0,16,0,0,0
11,110,184,1,0,1,one_edit,1,64,0,64,0,9216,6656,6656,6464,64,0,0,43,-43,64,0,0,3,-3,64,0,0,3,-3
11,110,184,1,0,1,far,1,176,0,88,0,25344,18190,18190,18126,176,0,0,43,-40,64,112,0,1,0,64,112,0,1,0
11,110,184,1,0,4,unchanged,1,16,16,0,0,3072,2048,2048,2048,16,0,0,64,-64,0,16,0,0,0,0,16,0,0,0
11,110,184,1,0,4,one_edit,1,64,0,64,64,12288,9728,8704,8384,64,0,0,61,-61,64,0,0,21,-21,64,0,0,5,-5
11,110,184,1,0,4,far,1,176,0,176,176,33792,26296,23936,23584,176,0,0,59,-56,176,0,0,19,-4,160,16,0,3,0
11,110,184,1,0,16,unchanged,1,16,16,0,0,6144,3968,3968,3968,16,0,0,136,-136,0,16,0,0,0,0,16,0,0,0
11,110,184,1,0,16,one_edit,1,64,0,64,64,24576,22016,16384,16064,64,0,0,133,-133,64,0,0,93,-93,64,0,0,5,-5
11,110,184,1,0,16,far,1,176,0,176,176,67584,58720,45056,44704,176,0,0,131,-128,176,0,0,91,-40,160,16,0,3,0
11,110,184,1,2,1,unchanged,1,16,16,0,0,2304,1568,1568,1600,16,0,0,44,-44,0,0,16,-2,2,0,0,16,-2,2
11,110,184,1,2,1,one_edit,1,64,0,64,0,9216,6656,6656,6592,64,0,0,41,-41,64,0,0,1,-1,64,0,0,1,-1
11,110,184,1,2,1,far,1,176,0,88,0,25344,18190,18190,18478,176,0,0,41,-38,0,0,176,-1,2,0,0,176,-1,2
11,110,184,1,2,4,unchanged,1,16,16,0,0,3072,2048,2048,2080,16,0,0,62,-62,0,0,16,-2,2,0,0,16,-2,2
11,110,184,1,2,4,one_edit,1,64,0,64,64,12288,9728,8704,8512,64,0,0,59,-59,64,0,0,19,-19,64,0,0,3,-3
11,110,184,1,2,4,far,1,176,0,176,176,33792,26296,23936,23936,176,0,0,57,-54,176,0,0,17,-2,96,0,80,1,2
11,110,184,1,2,16,unchanged,1,16,16,0,0,6144,3968,3968,4000,16,0,0,134,-134,0,0,16,-2,2,0,0,16,-2,2
11,110,184,1,2,16,one_edit,1,64,0,64,64,24576,22016,16384,16192,64,0,0,131,-131,64,0,0,91,-91,64,0,0,3,-3
11,110,184,1,2,16,far,1,176,0,176,176,67584,58720,45056,45056,176,0,0,129,-126,176,0,0,89,-38,96,0,80,1,2
11,110,184,1,4,1,unchanged,1,16,16,0,0,2304,1568,1568,1632,16,0,0,42,-42,0,0,16,-4,4,0,0,16,-4,4
11,110,184,1,4,1,one_edit,1,64,0,64,0,9216,6656,6656,6720,64,0,0,39,-39,0,0,64,-1,1,0,0,64,-1,1
11,110,184,1,4,1,far,1,176,0,88,0,25344,18190,18190,18830,176,0,0,39,-36,0,0,176,-3,4,0,0,176,-3,4
11,110,184,1,4,4,unchanged,1,16,16,0,0,3072,2048,2048,2112,16,0,0,60,-60,0,0,16,-4,4,0,0,16,-4,4
11,110,184,1,4,4,one_edit,1,64,0,64,64,12288,9728,8704,8640,64,0,0,57,-57,64,0,0,17,-17,64,0,0,1,-1
11,110,184,1,4,4,far,1,176,0,176,176,33792,26296,23936,24288,176,0,0,55,-52,170,6,0,15,0,0,0,176,-1,4
11,110,184,1,4,16,unchanged,1,16,16,0,0,6144,3968,3968,4032,16,0,0,132,-132,0,0,16,-4,4,0,0,16,-4,4
11,110,184,1,4,16,one_edit,1,64,0,64,64,24576,22016,16384,16320,64,0,0,129,-129,64,0,0,89,-89,64,0,0,1,-1
11,110,184,1,4,16,far,1,176,0,176,176,67584,58720,45056,45408,176,0,0,127,-124,176,0,0,87,-36,0,0,176,-1,4
11,110,184,1,8,1,unchanged,1,16,16,0,0,2304,1568,1568,1696,16,0,0,38,-38,0,0,16,-8,8,0,0,16,-8,8
11,110,184,1,8,1,one_edit,1,64,0,64,0,9216,6656,6656,6976,64,0,0,35,-35,0,0,64,-5,5,0,0,64,-5,5
11,110,184,1,8,1,far,1,176,0,88,0,25344,18190,18190,19534,176,0,0,35,-32,0,0,176,-7,8,0,0,176,-7,8
11,110,184,1,8,4,unchanged,1,16,16,0,0,3072,2048,2048,2176,16,0,0,56,-56,0,0,16,-8,8,0,0,16,-8,8
11,110,184,1,8,4,one_edit,1,64,0,64,64,12288,9728,8704,8896,64,0,0,53,-53,64,0,0,13,-13,0,0,64,-3,3
11,110,184,1,8,4,far,1,176,0,176,176,33792,26296,23936,24992,176,0,0,51,-48,138,0,38,11,4,0,0,176,-5,8
11,110,184,1,8,16,unchanged,1,16,16,0,0,6144,3968,3968,4096,16,0,0,128,-128,0,0,16,-8,8,0,0,16,-8,8
11,110,184,1,8,16,one_edit,1,64,0,64,64,24576,22016,16384,16576,64,0,0,125,-125,64,0,0,85,-85,0,0,64,-3,3
11,110,184,1,8,16,far,1,176,0,176,176,67584,58720,45056,46112,176,0,0,123,-120,176,0,0,83,-32,0,0,176,-5,8
11,110,184,2,0,1,unchanged,1,16,16,0,0,3456,1856,1856,1856,16,0,0,100,-100,0,16,0,0,0,0,16,0,0,0
11,110,184,2,0,1,one_edit,1,64,0,64,64,13824,8192,7936,7616,64,0,0,97,-97,64,0,0,9,-9,64,0,0,5,-5
11,110,184,2,0,1,far,1,176,0,170,138,38016,22300,21748,21460,176,0,0,95,-92,170,6,0,7,0,160,16,0,3,0
11,110,184,2,0,4,unchanged,1,16,16,0,0,4608,2432,2432,2432,16,0,0,136,-136,0,16,0,0,0,0,16,0,0,0
11,110,184,2,0,4,one_edit,1,64,0,64,64,18432,12800,10240,9920,64,0,0,133,-133,64,0,0,45,-45,64,0,0,5,-5
11,110,184,2,0,4,far,1,176,0,176,176,50688,34288,28160,27808,176,0,0,131,-128,176,0,0,43,-16,160,16,0,3,0
11,110,184,2,0,16,unchanged,1,16,16,0,0,9216,4736,4736,4736,16,0,0,280,-280,0,16,0,0,0,0,16,0,0,0
11,110,184,2,0,16,one_edit,1,64,0,64,64,36864,31232,19456,19136,64,0,0,277,-277,64,0,0,189,-189,64,0,0,5,-5
11,110,184,2,0,16,far,1,176,0,176,176,101376,82240,53504,53152,176,0,0,275,-272,176,0,0,187,-88,160,16,0,3,0
11,110,184,2,2,1,unchanged,1,16,16,0,0,3456,1856,1856,1888,16,0,0,98,-98,0,0,16,-2,2,0,0,16,-2,2
11,110,184,2,2,1,one_edit,1,64,0,64,64,13824,8192,7936,7744,64,0,0,95,-95,64,0,0,7,-7,64,0,0,3,-3
11,110,184,2,2,1,far,1,176,0,170,138,38016,22300,21748,21812,176,0,0,93,-90,138,0,38,5,2,64,0,112,1,2
11,110,184,2,2,4,unchanged,1,16,16,0,0,4608,2432,2432,2464,16,0,0,134,-134,0,0,16,-2,2,0,0,16,-2,2
11,110,184,2,2,4,one_edit,1,64,0,64,64,18432,12800,10240,10048,64,0,0,131,-131,64,0,0,43,-43,64,0,0,3,-3
11,110,184,2,2,4,far,1,176,0,176,176,50688,34288,28160,28160,176,0,0,129,-126,176,0,0,41,-14,96,0,80,1,2
11,110,184,2,2,16,unchanged,1,16,16,0,0,9216,4736,4736,4768,16,0,0,278,-278,0,0,16,-2,2,0,0,16,-2,2
11,110,184,2,2,16,one_edit,1,64,0,64,64,36864,31232,19456,19264,64,0,0,275,-275,64,0,0,187,-187,64,0,0,3,-3
11,110,184,2,2,16,far,1,176,0,176,176,101376,82240,53504,53504,176,0,0,273,-270,176,0,0,185,-86,96,0,80,1,2
11,110,184,2,4,1,unchanged,1,16,16,0,0,3456,1856,1856,1920,16,0,0,96,-96,0,0,16,-4,4,0,0,16,-4,4
11,110,184,2,4,1,one_edit,1,64,0,64,64,13824,8192,7936,7872,64,0,0,93,-93,64,0,0,5,-5,64,0,0,1,-1
11,110,184,2,4,1,far,1,176,0,170,138,38016,22300,21748,22164,176,0,0,91,-88,128,10,38,3,4,0,0,176,-1,4
11,110,184,2,4,4,unchanged,1,16,16,0,0,4608,2432,2432,2496,16,0,0,132,-132,0,0,16,-4,4,0,0,16,-4,4
11,110,184,2,4,4,one_edit,1,64,0,64,64,18432,12800,10240,10176,64,0,0,129,-129,64,0,0,41,-41,64,0,0,1,-1
11,110,184,2,4,4,far,1,176,0,176,176,50688,34288,28160,28512,176,0,0,127,-124,176,0,0,39,-12,0,0,176,-1,4
11,110,184,2,4,16,unchanged,1,16,16,0,0,9216,4736,4736,4800,16,0,0,276,-276,0,0,16,-4,4,0,0,16,-4,4
11,110,184,2,4,16,one_edit,1,64,0,64,64,36864,31232,19456,19392,64,0,0,273,-273,64,0,0,185,-185,64,0,0,1,-1
11,110,184,2,4,16,far,1,176,0,176,176,101376,82240,53504,53856,176,0,0,271,-268,176,0,0,183,-84,0,0,176,-1,4
11,110,184,2,8,1,unchanged,1,16,16,0,0,3456,1856,1856,1984,16,0,0,92,-92,0,0,16,-8,8,0,0,16,-8,8
11,110,184,2,8,1,one_edit,1,64,0,64,64,13824,8192,7936,8128,64,0,0,89,-89,64,0,0,1,-1,0,0,64,-3,3
11,110,184,2,8,1,far,1,176,0,170,138,38016,22300,21748,22868,176,0,0,87,-84,0,0,176,-1,8,0,0,176,-5,8
11,110,184,2,8,4,unchanged,1,16,16,0,0,4608,2432,2432,2560,16,0,0,128,-128,0,0,16,-8,8,0,0,16,-8,8
11,110,184,2,8,4,one_edit,1,64,0,64,64,18432,12800,10240,10432,64,0,0,125,-125,64,0,0,37,-37,0,0,64,-3,3
11,110,184,2,8,4,far,1,176,0,176,176,50688,34288,28160,29216,176,0,0,123,-120,176,0,0,35,-8,0,0,176,-5,8
11,110,184,2,8,16,unchanged,1,16,16,0,0,9216,4736,4736,4864,16,0,0,272,-272,0,0,16,-8,8,0,0,16,-8,8
11,110,184,2,8,16,one_edit,1,64,0,64,64,36864,31232,19456,19648,64,0,0,269,-269,64,0,0,181,-181,0,0,64,-3,3
11,110,184,2,8,16,far,1,176,0,176,176,101376,82240,53504,54560,176,0,0,267,-264,176,0,0,179,-80,0,0,176,-5,8
11,110,184,4,0,1,unchanged,1,16,16,0,0,5760,2432,2432,2432,16,0,0,208,-208,0,16,0,0,0,0,16,0,0,0
11,110,184,4,0,1,one_edit,1,64,0,64,64,23040,11264,10240,9920,64,0,0,205,-205,64,0,0,21,-21,64,0,0,5,-5
11,110,184,4,0,1,far,1,176,0,176,176,63360,30520,28160,27808,176,0,0,203,-200,176,0,0,19,-4,160,16,0,3,0
11,110,184,4,0,4,unchanged,1,16,16,0,0,7680,3200,3200,3200,16,0,0,280,-280,0,16,0,0,0,0,16,0,0,0
11,110,184,4,0,4,one_edit,1,64,0,64,64,30720,18944,13312,12992,64,0,0,277,-277,64,0,0,93,-93,64,0,0,5,-5
11,110,184,4,0,4,far,1,176,0,176,176,84480,50272,36608,36256,176,0,0,275,-272,176,0,0,91,-40,160,16,0,3,0
11,110,184,4,0,16,unchanged,1,16,16,0,0,15360,6272,6272,6272,16,0,0,568,-568,0,16,0,0,0,0,16,0,0,0
11,110,184,4,0,16,one_edit,1,64,0,64,64,61440,49664,25600,25280,64,0,0,565,-565,64,0,0,381,-381,64,0,0,5,-5
11,110,184,4,0,16,far,1,176,0,176,176,168960,129280,70400,70048,176,0,0,563,-560,176,0,0,379,-184,160,16,0,3,0
11,110,184,4,2,1,unchanged,1,16,16,0,0,5760,2432,2432,2464,16,0,0,206,-206,0,0,16,-2,2,0,0,16,-2,2
11,110,184,4,2,1,one_edit,1,64,0,64,64,23040,11264,10240,10048,64,0,0,203,-203,64,0,0,19,-19,64,0,0,3,-3
11,110,184,4,2,1,far,1,176,0,176,176,63360,30520,28160,28160,176,0,0,201,-198,176,0,0,17,-2,96,0,80,1,2
11,110,184,4,2,4,unchanged,1,16,16,0,0,7680,3200,3200,3232,16,0,0,278,-278,0,0,16,-2,2,0,0,16,-2,2
11,110,184,4,2,4,one_edit,1,64,0,64,64,30720,18944,13312,13120,64,0,0,275,-275,64,0,0,91,-91,64,0,0,3,-3
11,110,184,4,2,4,far,1,176,0,176,176,84480,50272,36608,36608,176,0,0,273,-270,176,0,0,89,-38,96,0,80,1,2
11,110,184,4,2,16,unchanged,1,16,16,0,0,15360,6272,6272,6304,16,0,0,566,-566,0,0,16,-2,2,0,0,16,-2,2
11,110,184,4,2,16,one_edit,1,64,0,64,64,61440,49664,25600,25408,64,0,0,563,-563,64,0,0,379,-379,64,0,0,3,-3
11,110,184,4,2,16,far,1,176,0,176,176,168960,129280,70400,70400,176,0,0,561,-558,176,0,0,377,-182,96,0,80,1,2
11,110,184,4,4,1,unchanged,1,16,16,0,0,5760,2432,2432,2496,16,0,0,204,-204,0,0,16,-4,4,0,0,16,-4,4
11,110,184,4,4,1,one_edit,1,64,0,64,64,23040,11264,10240,10176,64,0,0,201,-201,64,0,0,17,-17,64,0,0,1,-1
11,110,184,4,4,1,far,1,176,0,176,176,63360,30520,28160,28512,176,0,0,199,-196,170,6,0,15,0,0,0,176,-1,4
11,110,184,4,4,4,unchanged,1,16,16,0,0,7680,3200,3200,3264,16,0,0,276,-276,0,0,16,-4,4,0,0,16,-4,4
11,110,184,4,4,4,one_edit,1,64,0,64,64,30720,18944,13312,13248,64,0,0,273,-273,64,0,0,89,-89,64,0,0,1,-1
11,110,184,4,4,4,far,1,176,0,176,176,84480,50272,36608,36960,176,0,0,271,-268,176,0,0,87,-36,0,0,176,-1,4
11,110,184,4,4,16,unchanged,1,16,16,0,0,15360,6272,6272,6336,16,0,0,564,-564,0,0,16,-4,4,0,0,16,-4,4
11,110,184,4,4,16,one_edit,1,64,0,64,64,61440,49664,25600,25536,64,0,0,561,-561,64,0,0,377,-377,64,0,0,1,-1
11,110,184,4,4,16,far,1,176,0,176,176,168960,129280,70400,70752,176,0,0,559,-556,176,0,0,375,-180,0,0,176,-1,4
11,110,184,4,8,1,unchanged,1,16,16,0,0,5760,2432,2432,2560,16,0,0,200,-200,0,0,16,-8,8,0,0,16,-8,8
11,110,184,4,8,1,one_edit,1,64,0,64,64,23040,11264,10240,10432,64,0,0,197,-197,64,0,0,13,-13,0,0,64,-3,3
11,110,184,4,8,1,far,1,176,0,176,176,63360,30520,28160,29216,176,0,0,195,-192,138,0,38,11,4,0,0,176,-5,8
11,110,184,4,8,4,unchanged,1,16,16,0,0,7680,3200,3200,3328,16,0,0,272,-272,0,0,16,-8,8,0,0,16,-8,8
11,110,184,4,8,4,one_edit,1,64,0,64,64,30720,18944,13312,13504,64,0,0,269,-269,64,0,0,85,-85,0,0,64,-3,3
11,110,184,4,8,4,far,1,176,0,176,176,84480,50272,36608,37664,176,0,0,267,-264,176,0,0,83,-32,0,0,176,-5,8
11,110,184,4,8,16,unchanged,1,16,16,0,0,15360,6272,6272,6400,16,0,0,560,-560,0,0,16,-8,8,0,0,16,-8,8
11,110,184,4,8,16,one_edit,1,64,0,64,64,61440,49664,25600,25792,64,0,0,557,-557,64,0,0,373,-373,0,0,64,-3,3
11,110,184,4,8,16,far,1,176,0,176,176,168960,129280,70400,71456,176,0,0,555,-552,176,0,0,371,-176,0,0,176,-5,8
11,184,250,0,0,1,unchanged,0,16,16,0,0,1152,1280,1280,1280,0,0,16,-8,8,0,16,0,0,0,0,16,0,0,0
11,184,250,0,0,1,one_edit,0,64,0,0,0,4608,5120,5120,5120,0,0,64,-8,8,0,64,0,0,0,0,64,0,0,0
11,184,250,0,0,1,far,0,176,0,0,0,12672,14080,14080,14080,0,0,176,-8,8,0,176,0,0,0,0,176,0,0,0
11,184,250,0,0,4,unchanged,0,16,16,0,0,1536,1664,1664,1664,0,0,16,-8,8,0,16,0,0,0,0,16,0,0,0
11,184,250,0,0,4,one_edit,0,64,0,0,0,6144,6656,6656,6656,0,0,64,-8,8,0,64,0,0,0,0,64,0,0,0
11,184,250,0,0,4,far,0,176,0,0,0,16896,18304,18304,18304,0,0,176,-8,8,0,176,0,0,0,0,176,0,0,0
11,184,250,0,0,16,unchanged,0,16,16,0,0,3072,3200,3200,3200,0,0,16,-8,8,0,16,0,0,0,0,16,0,0,0
11,184,250,0,0,16,one_edit,0,64,0,0,0,12288,12800,12800,12800,0,0,64,-8,8,0,64,0,0,0,0,64,0,0,0
11,184,250,0,0,16,far,0,176,0,0,0,33792,35200,35200,35200,0,0,176,-8,8,0,176,0,0,0,0,176,0,0,0
11,184,250,0,2,1,unchanged,0,16,16,0,0,1152,1280,1280,1312,0,0,16,-10,10,0,0,16,-2,2,0,0,16,-2,2
11,184,250,0,2,1,one_edit,0,64,0,0,0,4608,5120,5120,5248,0,0,64,-10,10,0,0,64,-2,2,0,0,64,-2,2
11,184,250,0,2,1,far,0,176,0,0,0,12672,14080,14080,14432,0,0,176,-10,10,0,0,176,-2,2,0,0,176,-2,2
11,184,250,0,2,4,unchanged,0,16,16,0,0,1536,1664,1664,1696,0,0,16,-10,10,0,0,16,-2,2,0,0,16,-2,2
11,184,250,0,2,4,one_edit,0,64,0,0,0,6144,6656,6656,6784,0,0,64,-10,10,0,0,64,-2,2,0,0,64,-2,2
11,184,250,0,2,4,far,0,176,0,0,0,16896,18304,18304,18656,0,0,176,-10,10,0,0,176,-2,2,0,0,176,-2,2
11,184,250,0,2,16,unchanged,0,16,16,0,0,3072,3200,3200,3232,0,0,16,-10,10,0,0,16,-2,2,0,0,16,-2,2
11,184,250,0,2,16,one_edit,0,64,0,0,0,12288,12800,12800,12928,0,0,64,-10,10,0,0,64,-2,2,0,0,64,-2,2
11,184,250,0,2,16,far,0,176,0,0,0,33792,35200,35200,35552,0,0,176,-10,10,0,0,176,-2,2,0,0,176,-2,2
11,184,250,0,4,1,unchanged,0,16,16,0,0,1152,1280,1280,1344,0,0,16,-12,12,0,0,16,-4,4,0,0,16,-4,4
11,184,250,0,4,1,one_edit,0,64,0,0,0,4608,5120,5120,5376,0,0,64,-12,12,0,0,64,-4,4,0,0,64,-4,4
11,184,250,0,4,1,far,0,176,0,0,0,12672,14080,14080,14784,0,0,176,-12,12,0,0,176,-4,4,0,0,176,-4,4
11,184,250,0,4,4,unchanged,0,16,16,0,0,1536,1664,1664,1728,0,0,16,-12,12,0,0,16,-4,4,0,0,16,-4,4
11,184,250,0,4,4,one_edit,0,64,0,0,0,6144,6656,6656,6912,0,0,64,-12,12,0,0,64,-4,4,0,0,64,-4,4
11,184,250,0,4,4,far,0,176,0,0,0,16896,18304,18304,19008,0,0,176,-12,12,0,0,176,-4,4,0,0,176,-4,4
11,184,250,0,4,16,unchanged,0,16,16,0,0,3072,3200,3200,3264,0,0,16,-12,12,0,0,16,-4,4,0,0,16,-4,4
11,184,250,0,4,16,one_edit,0,64,0,0,0,12288,12800,12800,13056,0,0,64,-12,12,0,0,64,-4,4,0,0,64,-4,4
11,184,250,0,4,16,far,0,176,0,0,0,33792,35200,35200,35904,0,0,176,-12,12,0,0,176,-4,4,0,0,176,-4,4
11,184,250,0,8,1,unchanged,0,16,16,0,0,1152,1280,1280,1408,0,0,16,-16,16,0,0,16,-8,8,0,0,16,-8,8
11,184,250,0,8,1,one_edit,0,64,0,0,0,4608,5120,5120,5632,0,0,64,-16,16,0,0,64,-8,8,0,0,64,-8,8
11,184,250,0,8,1,far,0,176,0,0,0,12672,14080,14080,15488,0,0,176,-16,16,0,0,176,-8,8,0,0,176,-8,8
11,184,250,0,8,4,unchanged,0,16,16,0,0,1536,1664,1664,1792,0,0,16,-16,16,0,0,16,-8,8,0,0,16,-8,8
11,184,250,0,8,4,one_edit,0,64,0,0,0,6144,6656,6656,7168,0,0,64,-16,16,0,0,64,-8,8,0,0,64,-8,8
11,184,250,0,8,4,far,0,176,0,0,0,16896,18304,18304,19712,0,0,176,-16,16,0,0,176,-8,8,0,0,176,-8,8
11,184,250,0,8,16,unchanged,0,16,16,0,0,3072,3200,3200,3328,0,0,16,-16,16,0,0,16,-8,8,0,0,16,-8,8
11,184,250,0,8,16,one_edit,0,64,0,0,0,12288,12800,12800,13312,0,0,64,-16,16,0,0,64,-8,8,0,0,64,-8,8
11,184,250,0,8,16,far,0,176,0,0,0,33792,35200,35200,36608,0,0,176,-16,16,0,0,176,-8,8,0,0,176,-8,8
11,184,250,1,0,1,unchanged,1,16,16,0,0,2304,1568,1568,1568,16,0,0,46,-46,0,16,0,0,0,0,16,0,0,0
11,184,250,1,0,1,one_edit,1,64,0,63,0,9216,6650,6650,6464,64,0,0,43,-43,62,2,0,3,0,62,2,0,3,0
11,184,250,1,0,1,far,1,176,0,88,0,25344,18190,18190,18126,176,0,0,43,-40,64,112,0,1,0,64,112,0,1,0
11,184,250,1,0,4,unchanged,1,16,16,0,0,3072,2048,2048,2048,16,0,0,64,-64,0,16,0,0,0,0,16,0,0,0
11,184,250,1,0,4,one_edit,1,64,0,64,64,12288,9704,8704,8384,64,0,0,61,-61,64,0,0,21,-9,64,0,0,5,-5
11,184,250,1,0,4,far,1,176,0,176,176,33792,26296,23936,23584,176,0,0,59,-56,176,0,0,19,-4,160,16,0,3,0
11,184,250,1,0,16,unchanged,1,16,16,0,0,6144,3968,3968,3968,16,0,0,136,-136,0,16,0,0,0,0,16,0,0,0
11,184,250,1,0,16,one_edit,1,64,0,64,64,24576,21920,16384,16064,64,0,0,133,-133,64,0,0,93,-45,64,0,0,5,-5
11,184,250,1,0,16,far,1,176,0,176,176,67584,58720,45056,44704,176,0,0,131,-128,176,0,0,91,-40,160,16,0,3,0
11,184,250,1,2,1,unchanged,1,16,16,0,0,2304,1568,1568,1600,16,0,0,44,-44,0,0,16,-2,2,0,0,16,-2,2
11,184,250,1,2,1,one_edit,1,64,0,63,0,9216,6650,6650,6592,64,0,0,41,-41,62,0,2,1,2,62,0,2,1,2
11,184,250,1,2,1,far,1,176,0,88,0,25344,18190,18190,18478,176,0,0,41,-38,0,0,176,-1,2,0,0,176,-1,2
11,184,250,1,2,4,unchanged,1,16,16,0,0,3072,2048,2048,2080,16,0,0,62,-62,0,0,16,-2,2,0,0,16,-2,2
11,184,250,1,2,4,one_edit,1,64,0,64,64,12288,9704,8704,8512,64,0,0,59,-59,64,0,0,19,-7,64,0,0,3,-3
11,184,250,1,2,4,far,1,176,0,176,176,33792,26296,23936,23936,176,0,0,57,-54,176,0,0,17,-2,96,0,80,1,2
11,184,250,1,2,16,unchanged,1,16,16,0,0,6144,3968,3968,4000,16,0,0,134,-134,0,0,16,-2,2,0,0,16,-2,2
11,184,250,1,2,16,one_edit,1,64,0,64,64,24576,21920,16384,16192,64,0,0,131,-131,64,0,0,91,-43,64,0,0,3,-3
11,184,250,1,2,16,far,1,176,0,176,176,67584,58720,45056,45056,176,0,0,129,-126,176,0,0,89,-38,96,0,80,1,2
11,184,250,1,4,1,unchanged,1,16,16,0,0,2304,1568,1568,1632,16,0,0,42,-42,0,0,16,-4,4,0,0,16,-4,4
11,184,250,1,4,1,one_edit,1,64,0,63,0,9216,6650,6650,6720,64,0,0,39,-39,0,0,64,-1,4,0,0,64,-1,4
11,184,250,1,4,1,far,1,176,0,88,0,25344,18190,18190,18830,176,0,0,39,-36,0,0,176,-3,4,0,0,176,-3,4
11,184,250,1,4,4,unchanged,1,16,16,0,0,3072,2048,2048,2112,16,0,0,60,-60,0,0,16,-4,4,0,0,16,-4,4
11,184,250,1,4,4,one_edit,1,64,0,64,64,12288,9704,8704,8640,64,0,0,57,-57,64,0,0,17,-5,64,0,0,1,-1
11,184,250,1,4,4,far,1,176,0,176,176,33792,26296,23936,24288,176,0,0,55,-52,170,6,0,15,0,0,0,176,-1,4
11,184,250,1,4,16,unchanged,1,16,16,0,0,6144,3968,3968,4032,16,0,0,132,-132,0,0,16,-4,4,0,0,16,-4,4
11,184,250,1,4,16,one_edit,1,64,0,64,64,24576,21920,16384,16320,64,0,0,129,-129,64,0,0,89,-41,64,0,0,1,-1
11,184,250,1,4,16,far,1,176,0,176,176,67584,58720,45056,45408,176,0,0,127,-124,176,0,0,87,-36,0,0,176,-1,4
11,184,250,1,8,1,unchanged,1,16,16,0,0,2304,1568,1568,1696,16,0,0,38,-38,0,0,16,-8,8,0,0,16,-8,8
11,184,250,1,8,1,one_edit,1,64,0,63,0,9216,6650,6650,6976,64,0,0,35,-35,0,0,64,-5,8,0,0,64,-5,8
11,184,250,1,8,1,far,1,176,0,88,0,25344,18190,18190,19534,176,0,0,35,-32,0,0,176,-7,8,0,0,176,-7,8
11,184,250,1,8,4,unchanged,1,16,16,0,0,3072,2048,2048,2176,16,0,0,56,-56,0,0,16,-8,8,0,0,16,-8,8
11,184,250,1,8,4,one_edit,1,64,0,64,64,12288,9704,8704,8896,64,0,0,53,-53,64,0,0,13,-1,0,0,64,-3,3
11,184,250,1,8,4,far,1,176,0,176,176,33792,26296,23936,24992,176,0,0,51,-48,138,0,38,11,4,0,0,176,-5,8
11,184,250,1,8,16,unchanged,1,16,16,0,0,6144,3968,3968,4096,16,0,0,128,-128,0,0,16,-8,8,0,0,16,-8,8
11,184,250,1,8,16,one_edit,1,64,0,64,64,24576,21920,16384,16576,64,0,0,125,-125,64,0,0,85,-37,0,0,64,-3,3
11,184,250,1,8,16,far,1,176,0,176,176,67584,58720,45056,46112,176,0,0,123,-120,176,0,0,83,-32,0,0,176,-5,8
11,184,250,2,0,1,unchanged,1,16,16,0,0,3456,1856,1856,1856,16,0,0,100,-100,0,16,0,0,0,0,16,0,0,0
11,184,250,2,0,1,one_edit,1,64,0,64,62,13824,8180,7932,7616,64,0,0,97,-97,64,0,0,9,-3,64,0,0,5,-3
11,184,250,2,0,1,far,1,176,0,170,138,38016,22300,21748,21460,176,0,0,95,-92,170,6,0,7,0,160,16,0,3,0
11,184,250,2,0,4,unchanged,1,16,16,0,0,4608,2432,2432,2432,16,0,0,136,-136,0,16,0,0,0,0,16,0,0,0
11,184,250,2,0,4,one_edit,1,64,0,64,64,18432,12752,10240,9920,64,0,0,133,-133,64,0,0,45,-21,64,0,0,5,-5
11,184,250,2,0,4,far,1,176,0,176,176,50688,34288,28160,27808,176,0,0,131,-128,176,0,0,43,-16,160,16,0,3,0
11,184,250,2,0,16,unchanged,1,16,16,0,0,9216,4736,4736,4736,16,0,0,280,-280,0,16,0,0,0,0,16,0,0,0
11,184,250,2,0,16,one_edit,1,64,0,64,64,36864,31040,19456,19136,64,0,0,277,-277,64,0,0,189,-93,64,0,0,5,-5
11,184,250,2,0,16,far,1,176,0,176,176,101376,82240,53504,53152,176,0,0,275,-272,176,0,0,187,-88,160,16,0,3,0
11,184,250,2,2,1,unchanged,1,16,16,0,0,3456,1856,1856,1888,16,0,0,98,-98,0,0,16,-2,2,0,0,16,-2,2
11,184,250,2,2,1,one_edit,1,64,0,64,62,13824,8180,7932,7744,64,0,0,95,-95,64,0,0,7,-1,64,0,0,3,-1
11,184,250,2,2,1,far,1,176,0,170,138,38016,22300,21748,21812,176,0,0,93,-90,138,0,38,5,2,64,0,112,1,2
11,184,250,2,2,4,unchanged,1,16,16,0,0,4608,2432,2432,2464,16,0,0,134,-134,0,0,16,-2,2,0,0,16,-2,2
11,184,250,2,2,4,one_edit,1,64,0,64,64,18432,12752,10240,10048,64,0,0,131,-131,64,0,0,43,-19,64,0,0,3,-3
11,184,250,2,2,4,far,1,176,0,176,176,50688,34288,28160,28160,176,0,0,129,-126,176,0,0,41,-14,96,0,80,1,2
11,184,250,2,2,16,unchanged,1,16,16,0,0,9216,4736,4736,4768,16,0,0,278,-278,0,0,16,-2,2,0,0,16,-2,2
11,184,250,2,2,16,one_edit,1,64,0,64,64,36864,31040,19456,19264,64,0,0,275,-275,64,0,0,187,-91,64,0,0,3,-3
11,184,250,2,2,16,far,1,176,0,176,176,101376,82240,53504,53504,176,0,0,273,-270,176,0,0,185,-86,96,0,80,1,2
11,184,250,2,4,1,unchanged,1,16,16,0,0,3456,1856,1856,1920,16,0,0,96,-96,0,0,16,-4,4,0,0,16,-4,4
11,184,250,2,4,1,one_edit,1,64,0,64,62,13824,8180,7932,7872,64,0,0,93,-93,62,0,2,5,1,62,0,2,1,1
11,184,250,2,4,1,far,1,176,0,170,138,38016,22300,21748,22164,176,0,0,91,-88,128,10,38,3,4,0,0,176,-1,4
11,184,250,2,4,4,unchanged,1,16,16,0,0,4608,2432,2432,2496,16,0,0,132,-132,0,0,16,-4,4,0,0,16,-4,4
11,184,250,2,4,4,one_edit,1,64,0,64,64,18432,12752,10240,10176,64,0,0,129,-129,64,0,0,41,-17,64,0,0,1,-1
11,184,250,2,4,4,far,1,176,0,176,176,50688,34288,28160,28512,176,0,0,127,-124,176,0,0,39,-12,0,0,176,-1,4
11,184,250,2,4,16,unchanged,1,16,16,0,0,9216,4736,4736,4800,16,0,0,276,-276,0,0,16,-4,4,0,0,16,-4,4
11,184,250,2,4,16,one_edit,1,64,0,64,64,36864,31040,19456,19392,64,0,0,273,-273,64,0,0,185,-89,64,0,0,1,-1
11,184,250,2,4,16,far,1,176,0,176,176,101376,82240,53504,53856,176,0,0,271,-268,176,0,0,183,-84,0,0,176,-1,4
11,184,250,2,8,1,unchanged,1,16,16,0,0,3456,1856,1856,1984,16,0,0,92,-92,0,0,16,-8,8,0,0,16,-8,8
11,184,250,2,8,1,one_edit,1,64,0,64,62,13824,8180,7932,8128,64,0,0,89,-89,62,0,2,1,5,0,0,64,-3,5
11,184,250,2,8,1,far,1,176,0,170,138,38016,22300,21748,22868,176,0,0,87,-84,0,0,176,-1,8,0,0,176,-5,8
11,184,250,2,8,4,unchanged,1,16,16,0,0,4608,2432,2432,2560,16,0,0,128,-128,0,0,16,-8,8,0,0,16,-8,8
11,184,250,2,8,4,one_edit,1,64,0,64,64,18432,12752,10240,10432,64,0,0,125,-125,64,0,0,37,-13,0,0,64,-3,3
11,184,250,2,8,4,far,1,176,0,176,176,50688,34288,28160,29216,176,0,0,123,-120,176,0,0,35,-8,0,0,176,-5,8
11,184,250,2,8,16,unchanged,1,16,16,0,0,9216,4736,4736,4864,16,0,0,272,-272,0,0,16,-8,8,0,0,16,-8,8
11,184,250,2,8,16,one_edit,1,64,0,64,64,36864,31040,19456,19648,64,0,0,269,-269,64,0,0,181,-85,0,0,64,-3,3
11,184,250,2,8,16,far,1,176,0,176,176,101376,82240,53504,54560,176,0,0,267,-264,176,0,0,179,-80,0,0,176,-5,8
11,184,250,4,0,1,unchanged,1,16,16,0,0,5760,2432,2432,2432,16,0,0,208,-208,0,16,0,0,0,0,16,0,0,0
11,184,250,4,0,1,one_edit,1,64,0,64,64,23040,11240,10240,9920,64,0,0,205,-205,64,0,0,21,-9,64,0,0,5,-5
11,184,250,4,0,1,far,1,176,0,176,176,63360,30520,28160,27808,176,0,0,203,-200,176,0,0,19,-4,160,16,0,3,0
11,184,250,4,0,4,unchanged,1,16,16,0,0,7680,3200,3200,3200,16,0,0,280,-280,0,16,0,0,0,0,16,0,0,0
11,184,250,4,0,4,one_edit,1,64,0,64,64,30720,18848,13312,12992,64,0,0,277,-277,64,0,0,93,-45,64,0,0,5,-5
11,184,250,4,0,4,far,1,176,0,176,176,84480,50272,36608,36256,176,0,0,275,-272,176,0,0,91,-40,160,16,0,3,0
11,184,250,4,0,16,unchanged,1,16,16,0,0,15360,6272,6272,6272,16,0,0,568,-568,0,16,0,0,0,0,16,0,0,0
11,184,250,4,0,16,one_edit,1,64,0,64,64,61440,49280,25600,25280,64,0,0,565,-565,64,0,0,381,-189,64,0,0,5,-5
11,184,250,4,0,16,far,1,176,0,176,176,168960,129280,70400,70048,176,0,0,563,-560,176,0,0,379,-184,160,16,0,3,0
11,184,250,4,2,1,unchanged,1,16,16,0,0,5760,2432,2432,2464,16,0,0,206,-206,0,0,16,-2,2,0,0,16,-2,2
11,184,250,4,2,1,one_edit,1,64,0,64,64,23040,11240,10240,10048,64,0,0,203,-203,64,0,0,19,-7,64,0,0,3,-3
11,184,250,4,2,1,far,1,176,0,176,176,63360,30520,28160,28160,176,0,0,201,-198,176,0,0,17,-2,96,0,80,1,2
11,184,250,4,2,4,unchanged,1,16,16,0,0,7680,3200,3200,3232,16,0,0,278,-278,0,0,16,-2,2,0,0,16,-2,2
11,184,250,4,2,4,one_edit,1,64,0,64,64,30720,18848,13312,13120,64,0,0,275,-275,64,0,0,91,-43,64,0,0,3,-3
11,184,250,4,2,4,far,1,176,0,176,176,84480,50272,36608,36608,176,0,0,273,-270,176,0,0,89,-38,96,0,80,1,2
11,184,250,4,2,16,unchanged,1,16,16,0,0,15360,6272,6272,6304,16,0,0,566,-566,0,0,16,-2,2,0,0,16,-2,2
11,184,250,4,2,16,one_edit,1,64,0,64,64,61440,49280,25600,25408,64,0,0,563,-563,64,0,0,379,-187,64,0,0,3,-3
11,184,250,4,2,16,far,1,176,0,176,176,168960,129280,70400,70400,176,0,0,561,-558,176,0,0,377,-182,96,0,80,1,2
11,184,250,4,4,1,unchanged,1,16,16,0,0,5760,2432,2432,2496,16,0,0,204,-204,0,0,16,-4,4,0,0,16,-4,4
11,184,250,4,4,1,one_edit,1,64,0,64,64,23040,11240,10240,10176,64,0,0,201,-201,64,0,0,17,-5,64,0,0,1,-1
11,184,250,4,4,1,far,1,176,0,176,176,63360,30520,28160,28512,176,0,0,199,-196,170,6,0,15,0,0,0,176,-1,4
11,184,250,4,4,4,unchanged,1,16,16,0,0,7680,3200,3200,3264,16,0,0,276,-276,0,0,16,-4,4,0,0,16,-4,4
11,184,250,4,4,4,one_edit,1,64,0,64,64,30720,18848,13312,13248,64,0,0,273,-273,64,0,0,89,-41,64,0,0,1,-1
11,184,250,4,4,4,far,1,176,0,176,176,84480,50272,36608,36960,176,0,0,271,-268,176,0,0,87,-36,0,0,176,-1,4
11,184,250,4,4,16,unchanged,1,16,16,0,0,15360,6272,6272,6336,16,0,0,564,-564,0,0,16,-4,4,0,0,16,-4,4
11,184,250,4,4,16,one_edit,1,64,0,64,64,61440,49280,25600,25536,64,0,0,561,-561,64,0,0,377,-185,64,0,0,1,-1
11,184,250,4,4,16,far,1,176,0,176,176,168960,129280,70400,70752,176,0,0,559,-556,176,0,0,375,-180,0,0,176,-1,4
11,184,250,4,8,1,unchanged,1,16,16,0,0,5760,2432,2432,2560,16,0,0,200,-200,0,0,16,-8,8,0,0,16,-8,8
11,184,250,4,8,1,one_edit,1,64,0,64,64,23040,11240,10240,10432,64,0,0,197,-197,64,0,0,13,-1,0,0,64,-3,3
11,184,250,4,8,1,far,1,176,0,176,176,63360,30520,28160,29216,176,0,0,195,-192,138,0,38,11,4,0,0,176,-5,8
11,184,250,4,8,4,unchanged,1,16,16,0,0,7680,3200,3200,3328,16,0,0,272,-272,0,0,16,-8,8,0,0,16,-8,8
11,184,250,4,8,4,one_edit,1,64,0,64,64,30720,18848,13312,13504,64,0,0,269,-269,64,0,0,85,-37,0,0,64,-3,3
11,184,250,4,8,4,far,1,176,0,176,176,84480,50272,36608,37664,176,0,0,267,-264,176,0,0,83,-32,0,0,176,-5,8
11,184,250,4,8,16,unchanged,1,16,16,0,0,15360,6272,6272,6400,16,0,0,560,-560,0,0,16,-8,8,0,0,16,-8,8
11,184,250,4,8,16,one_edit,1,64,0,64,64,61440,49280,25600,25792,64,0,0,557,-557,64,0,0,373,-181,0,0,64,-3,3
11,184,250,4,8,16,far,1,176,0,176,176,168960,129280,70400,71456,176,0,0,555,-552,176,0,0,371,-176,0,0,176,-5,8
